cell_id,cell_lat,cell_lon,detections,dark,expected,solas,solas_dark,mean_length_m,fishing_share,cell_area_km2,scenes,corridor,dark_rate,expected_rate,sdr,excess_dark,density_per_1k_km2,solas_dark_rate,dark_rate_lo,dark_rate_hi,p_value,q_value,is_dark_spot,matched,matched_share,area_type,days_observed,days_dark_majority,persistence
26.0_55.5,26.0,55.5,38,31,5.540925594452554,36,30,197.4937136,0.0,2772.3023971976045,4,Strait of Hormuz,0.8157894736842105,0.14581383143296195,5.5947331310560235,25.459074405547447,13.707018411271616,0.8333333333333334,0.6658083165848865,0.907783515467425,5.2013428631375e-20,1.999627367383972e-18,True,7,0.18421052631578946,Behavioural dark spot (selective switch-off),3,2,0.6666666666666666
25.5_54.5,25.5,54.5,136,128,26.177297394616584,117,111,188.8549460522059,0.058823529411764705,2784.1273041239665,5,Strait of Hormuz,0.9411764705882353,0.19248012790159252,4.889733194012742,101.82270260538341,48.84834102181717,0.9487179487179487,0.8882184758686555,0.969895275690251,1.0883347177709955e-80,2.2593828740925866e-78,True,8,0.058823529411764705,Behavioural dark spot (selective switch-off),3,2,0.6666666666666666
25.5_55.0,25.5,55.0,196,183,37.48968789175581,150,141,145.32906835255102,0.08163265306122448,2784.1273041239665,3,Strait of Hormuz,0.9336734693877551,0.19127391781508066,4.881342318142977,145.5103121082442,70.39907970791297,0.94,0.8898412082829473,0.9608325253140614,1.5140885925511352e-113,1.5716239590680785e-110,True,13,0.0663265306122449,Behavioural dark spot (selective switch-off),2,2,1.0
26.5_56.0,26.5,56.0,115,97,21.140924781211687,97,81,176.9463186321739,0.034782608695652174,2760.2663687102918,3,Strait of Hormuz,0.8434782608695652,0.18383412853227554,4.588257183820342,75.85907521878832,41.66264578796164,0.8350515463917526,0.7661108636409549,0.8986395267947175,5.705593453746006e-53,5.922406004988354e-51,True,18,0.1565217391304348,Behavioural dark spot (selective switch-off),3,3,1.0
44.0_37.5,44.0,37.5,144,113,24.636755600633602,120,93,162.0232283465278,0.027777777777777776,2214.144217918689,6,Black Sea,0.7847222222222222,0.17108858055995557,4.586642893721521,88.3632443993664,65.03641399446013,0.775,0.7106575528507035,0.8439901241224894,2.1553051918543563e-58,3.1960096987783165e-56,True,31,0.2152777777777778,Behavioural dark spot (selective switch-off),5,4,0.8
35.5_139.5,35.5,139.5,73,73,16.057992296795003,33,33,99.26188982191782,0.0547945205479452,2508.637392479843,1,Open ocean / other,1.0,0.2199724972163699,4.546022855831733,56.94200770320499,29.09946260820018,1.0,0.950006246616416,0.9999999999999999,9.837666912867016e-49,8.509581879629969e-47,True,0,0.0,AIS dead zone (reception / feed gap),1,1,1.0
-7.0_110.0,-7.0,110.0,28,28,6.282451638572464,16,16,119.16988174642857,0.0,3069.650727808555,1,Open ocean / other,1.0,0.22437327280615943,4.456858820541964,21.717548361427536,9.121558927321152,1.0,0.8793527963418923,1.0,6.717248860514397e-19,2.3241681057379813e-17,True,0,0.0,AIS dead zone (reception / feed gap),1,1,1.0
25.0_56.5,25.0,56.5,226,174,39.69965876593718,188,146,169.11638349115043,0.03982300884955752,2795.740188976926,3,Strait of Hormuz,0.7699115044247787,0.17566220692892556,4.3829092090155255,134.3003412340628,80.8372683881983,0.776595744680851,0.7107996097886456,0.8200007327080999,9.540455888584415e-85,2.4757483030876556e-82,True,52,0.23008849557522124,Behavioural dark spot (selective switch-off),3,2,0.6666666666666666
35.0_139.5,35.0,139.5,81,81,19.08120820468263,35,35,103.11464521975309,0.19753086419753085,2524.3016497044573,1,Open ocean / other,1.0,0.2355704716627485,4.245014211423057,61.918791795317375,32.08808266218239,1.0,0.954720325877871,0.9999999999999999,1.3860821499951526e-51,1.3079575197226987e-49,True,0,0.0,AIS dead zone (reception / feed gap),1,1,1.0
19.0_105.5,19.0,105.5,30,30,7.233056444763938,16,16,109.74439394,0.03333333333333333,2918.2515346938403,1,South China Sea,1.0,0.24110188149213127,4.147624206875534,22.76694355523606,10.28012823546664,1.0,0.8864829086095221,1.0,2.9242734761796135e-19,1.0840699529551567e-17,True,0,0.0,AIS dead zone (reception / feed gap),1,1,1.0
27.5_52.0,27.5,52.0,39,37,8.936279862140122,27,26,136.6172266128205,0.2564102564102564,2735.564629421435,4,Persian Gulf,0.9487179487179487,0.22913538108051595,4.140425386267948,28.063720137859878,14.256654578929982,0.9629629629629629,0.8311406095436208,0.9858223423536004,9.418393443871951e-22,3.760112459515033e-20,True,2,0.05128205128205128,Behavioural dark spot (selective switch-off),4,4,1.0
25.0_54.5,25.0,54.5,107,98,23.78709851436376,75,73,145.25535023364486,0.21495327102803738,2795.740188976926,2,Strait of Hormuz,0.9158878504672897,0.22230933190994168,4.119880360390446,74.21290148563624,38.272512024500955,0.9733333333333334,0.8478290663839783,0.9551185633867938,3.846428185000656e-53,4.43621384003409e-51,True,9,0.08411214953271028,Behavioural dark spot (selective switch-off),2,2,1.0
25.0_56.0,25.0,56.0,231,208,50.87926643718601,167,152,128.72809542987014,0.14285714285714285,2795.740188976926,3,Strait of Hormuz,0.9004329004329005,0.22025656466314292,4.088109254813853,157.120733562814,82.62570352953011,0.9101796407185628,0.8550304530556618,0.9327345766494672,2.072379121577417e-108,1.0755647640986794e-105,True,23,0.09956709956709957,Behavioural dark spot (selective switch-off),3,3,1.0
44.5_37.5,44.5,37.5,74,56,13.78430996749983,62,49,163.24025112837836,0.05405405405405406,2195.2374379563416,5,Black Sea,0.7567567567567568,0.18627445902026799,4.062590012270101,42.21569003250017,33.709337641804424,0.7903225806451613,0.6479345618473262,0.8402362876727247,2.5759047940017598e-26,1.3368945880869132e-24,True,18,0.24324324324324326,Behavioural dark spot (selective switch-off),5,4,0.8
44.5_36.5,44.5,36.5,127,99,28.66877209003487,85,66,123.0889386007874,0.13385826771653545,2195.2374379563416,3,Black Sea,0.7795275590551181,0.2257383629136604,3.453234749262663,70.33122790996512,57.85251189877245,0.7764705882352941,0.6998123036792052,0.8428285689484605,9.066195057114714e-40,6.721936049489338e-38,True,28,0.2204724409448819,Behavioural dark spot (selective switch-off),3,2,0.6666666666666666
44.0_37.0,44.0,37.0,92,55,16.32884859146726,80,48,167.06155152717392,0.043478260869565216,2214.144217918689,7,Black Sea,0.5978260869565217,0.17748748468986153,3.368271785479142,38.67115140853274,41.55104227423842,0.6,0.4956578768521757,0.6921520094602397,3.0418044557272777e-19,1.088756215532729e-17,True,37,0.40217391304347827,Behavioural dark spot (selective switch-off),5,4,0.8
25.5_55.5,25.5,55.5,34,30,9.056389351190159,22,20,138.42955944411764,0.17647058823529413,2784.1273041239665,4,Strait of Hormuz,0.8823529411764706,0.2663643926820635,3.312578427964507,20.94361064880984,12.212085255454292,0.9090909090909091,0.7337882520370121,0.9532862902656388,8.18576819661217e-14,1.8471363887137895e-12,True,4,0.11764705882352941,Behavioural dark spot (selective switch-off),3,2,0.6666666666666666
45.5_36.5,45.5,36.5,121,98,30.140962842869147,56,44,91.06120817603306,0.3140495867768595,2156.923803096975,5,Black Sea,0.8099173553719008,0.24909886646999296,3.2513891646691433,67.85903715713086,56.098411926404,0.7857142857142857,0.7308946400120011,0.8698666446879706,3.4579882335104047e-38,2.243369866489875e-36,True,23,0.19008264462809918,Behavioural dark spot (selective switch-off),4,4,1.0
27.0_56.0,27.0,56.0,230,165,50.80106140118666,149,115,132.19533482739132,0.06521739130434782,2748.0201352522117,4,Strait of Hormuz,0.717391304347826,0.22087418000515938,3.2479636340067843,114.19893859881334,83.69662108712706,0.7718120805369127,0.6559975739576385,0.7716423327142283,1.0678447873088773e-57,1.3855286115332682e-55,True,65,0.2826086956521739,Behavioural dark spot (selective switch-off),3,3,1.0
25.5_56.5,25.5,56.5,130,74,23.118139691111416,113,64,165.25556823461537,0.06153846153846154,2784.1273041239665,4,Strait of Hormuz,0.5692307692307692,0.17783184377778014,3.2009496001294564,50.881860308888584,46.693267153207586,0.5663716814159292,0.483326884526903,0.6511604497548151,1.7938527174058368e-23,7.758413002780244e-22,True,56,0.4307692307692308,Behavioural dark spot (selective switch-off),3,2,0.6666666666666666
45.0_36.5,45.0,36.5,197,172,54.086559493094875,113,96,104.40629510000001,0.27918781725888325,2176.1634821639595,4,Black Sea,0.8730964467005076,0.27455106341672525,3.1800876523114563,117.91344050690512,90.52628702513874,0.8495575221238938,0.8193742243848917,0.912545855917197,2.9046772000408667e-69,5.0250915560706995e-67,True,25,0.12690355329949238,Behavioural dark spot (selective switch-off),4,4,1.0
25.0_51.5,25.0,51.5,66,42,13.312684861665169,48,28,144.45856131666667,0.09090909090909091,2795.740188976926,5,Persian Gulf,0.6363636363636364,0.2017073463888662,3.1548857677043056,28.68731513833483,23.607343865580035,0.5833333333333334,0.5157941737921341,0.7419318805937907,2.046415404636404e-14,5.05756950002997e-13,True,24,0.36363636363636365,Behavioural dark spot (selective switch-off),5,2,0.4
26.5_54.5,26.5,54.5,95,89,28.34382320433786,24,22,74.27293913263158,0.021052631578947368,2760.2663687102918,2,Strait of Hormuz,0.9368421052631579,0.2983560337298722,3.1400139408990904,60.65617679566214,34.41696825962048,0.9166666666666666,0.8689918917654831,0.9707355104619193,1.9037018766493303e-39,1.3173616986413366e-37,True,6,0.06315789473684211,Behavioural dark spot (selective switch-off),2,2,1.0
25.0_55.0,25.0,55.0,222,211,67.46450420667816,104,99,103.17276400675676,0.3108108108108108,2795.740188976926,2,Strait of Hormuz,0.9504504504504504,0.3038941630931449,3.127570601476585,143.53549579332184,79.40652027513283,0.9519230769230769,0.9134660002725036,0.9721104391434409,1.7106781836101747e-93,5.918946515291205e-91,True,11,0.04954954954954955,"Elevated dark, unclassified",2,2,1.0
35.5_14.5,35.5,14.5,77,47,15.093059602950799,60,36,144.84743334285716,0.05194805194805195,2508.637392479843,3,Open ocean / other,0.6103896103896104,0.1960137610772831,3.1140140724556056,31.9069403970492,30.69395371001937,0.6,0.4987086179545712,0.7115791546773411,1.9569914321504743e-15,4.954529528224859e-14,True,30,0.38961038961038963,Behavioural dark spot (selective switch-off),3,2,0.6666666666666666
5.5_96.5,5.5,96.5,28,22,7.105617188140001,23,17,192.21161339285715,0.17857142857142858,3075.5239629307252,2,Open ocean / other,0.7857142857142857,0.2537720424335715,3.096142026440749,14.894382811859998,9.10413976203205,0.7391304347826086,0.6046105292072612,0.8978767829881058,5.631046131224476e-09,8.118091505848618e-08,True,6,0.21428571428571427,Behavioural dark spot (selective switch-off),2,1,0.5
25.0_53.5,25.0,53.5,56,39,12.607243262835338,35,23,150.0662102267857,0.07142857142857142,2795.740188976926,4,Persian Gulf,0.6964285714285714,0.22512934397920245,3.0934597823591923,26.39275673716466,20.030473582916393,0.6571428571428571,0.5666388751588567,0.8009983537922407,8.119303334344314e-14,1.8471363887137895e-12,True,17,0.30357142857142855,Behavioural dark spot (selective switch-off),4,3,0.75
25.5_52.0,25.5,52.0,44,29,9.541019196436348,27,18,164.4806701318182,0.022727272727272728,2784.1273041239665,6,Persian Gulf,0.6590909090909091,0.21684134537355337,3.039507562340064,19.45898080356365,15.80387503647026,0.6666666666666666,0.5113886797193951,0.7812436737136005,3.811570903143348e-10,6.0867855345581465e-09,True,15,0.3409090909090909,Behavioural dark spot (selective switch-off),4,2,0.5
18.0_106.0,18.0,106.0,45,35,11.646668191513823,21,14,107.26843819333332,0.1111111111111111,2935.5928018133336,3,South China Sea,0.7777777777777778,0.2588148487003072,3.005151295157721,23.353331808486175,15.329101492619557,0.6666666666666666,0.637304262026367,0.8745544813399436,5.02821260057588e-13,1.0233891528230907e-11,True,10,0.2222222222222222,Behavioural dark spot (selective switch-off),3,2,0.6666666666666666
25.0_54.0,25.0,54.0,99,88,29.345786314814685,57,50,152.0370623949495,0.25252525252525254,2795.740188976926,5,Persian Gulf,0.8888888888888888,0.2964220839880271,2.9987269400777583,58.65421368518531,35.411015798370045,0.8771929824561403,0.8119092356335661,0.9368150160311298,9.379972846435941e-35,5.727301067412062e-33,True,11,0.1111111111111111,Behavioural dark spot (selective switch-off),5,5,1.0
36.0_22.0,36.0,22.0,29,18,6.1789283904307535,19,10,147.58046661034484,0.1724137931034483,2492.782092805216,3,Open ocean / other,0.6206896551724138,0.2130664962217501,2.9131264942115895,11.821071609569247,11.633588063594148,0.5263157894736842,0.4400222620928496,0.7731220426913266,2.39757995081051e-06,1.929215495303341e-05,True,11,0.3793103448275862,Behavioural dark spot (selective switch-off),3,2,0.6666666666666666
36.0_22.5,36.0,22.5,30,19,6.582366799206215,23,14,142.07711943,0.13333333333333333,2492.782092805216,4,Open ocean / other,0.6333333333333333,0.21941222664020718,2.8864997317213104,12.417633200793784,12.0347462726836,0.6086956521739131,0.45513246433604937,0.7812629779598231,1.2856459549403966e-06,1.0890813056897281e-05,True,11,0.36666666666666664,Behavioural dark spot (selective switch-off),4,2,0.5
20.0_86.5,20.0,86.5,52,52,18.14306605159913,25,25,118.0248914576923,0.36538461538461536,2900.021339887193,2,Bay of Bengal,1.0,0.34890511637690635,2.8661087300300445,33.856933948400865,17.930902536745723,1.0,0.9312054095871178,1.0,1.662576270037303e-24,7.503278992603132e-23,True,0,0.0,AIS dead zone (reception / feed gap),2,2,1.0
20.5_87.0,20.5,87.0,25,25,8.759996345129569,15,15,121.071059492,0.24,2890.5746194115304,2,Bay of Bengal,1.0,0.35039985380518274,2.853882469243225,16.24000365487043,8.648799388230136,1.0,0.8668035060468213,1.0,4.11242421255059e-12,7.62267202254913e-11,True,0,0.0,AIS dead zone (reception / feed gap),2,2,1.0
46.5_38.0,46.5,38.0,81,46,16.225248005438623,58,34,114.57807807530864,0.0,2117.9531483526007,5,Black Sea,0.5679012345679012,0.2003117037708472,2.83508763530647,29.774751994561377,38.24447205690264,0.5862068965517241,0.4593724052942849,0.6702809722940679,3.7819183880813724e-13,7.85126257365693e-12,True,35,0.43209876543209874,Behavioural dark spot (selective switch-off),5,2,0.4
29.0_50.0,29.0,50.0,27,20,7.069801252050536,17,17,183.41442030740743,0.07407407407407407,2696.9520422927276,3,Persian Gulf,0.7407407407407407,0.26184449081668654,2.8289338394341947,12.930198747949465,10.011301490198843,1.0,0.553210695973843,0.8682979157713322,2.7519948404439327e-07,2.746702542673848e-06,True,7,0.25925925925925924,Behavioural dark spot (selective switch-off),2,2,1.0
-33.0_-72.0,-33.0,-72.0,26,19,6.833097277051321,18,12,152.92156487307693,0.3076923076923077,2599.7160620505924,4,Open ocean / other,0.7307692307692307,0.2628114337327431,2.7805838596518635,12.166902722948679,10.001092188310686,0.6666666666666666,0.5391659658023868,0.8629572447493261,8.332004871926059e-07,7.329339878863771e-06,True,7,0.2692307692307692,Behavioural dark spot (selective switch-off),3,2,0.6666666666666666
25.5_53.0,25.5,53.0,45,27,9.870248808720694,35,20,189.02091606444446,0.06666666666666667,2784.1273041239665,4,Persian Gulf,0.6,0.2193388624160154,2.7354933521173854,17.129751191279304,16.163054014571856,0.5714285714285714,0.4545159420914473,0.7297532055204246,3.923702398441199e-08,4.791533046567017e-07,True,18,0.4,Behavioural dark spot (selective switch-off),3,1,0.3333333333333333
24.5_56.5,24.5,56.5,193,105,39.318286772504905,127,69,138.89942833626944,0.07253886010362694,2807.140167390364,3,Gulf of Oman,0.5440414507772021,0.20372169312178706,2.670513102657006,65.6817132274951,68.75324653966993,0.5433070866141733,0.4735979211654248,0.6127659368808418,2.394262922340758e-25,1.1296567788135031e-23,True,88,0.45595854922279794,Behavioural dark spot (selective switch-off),2,1,0.5
22.0_91.0,22.0,91.0,71,71,26.727388832368813,1,1,53.41825866197183,0.19718309859154928,2860.9166486724735,2,Bay of Bengal,1.0,0.37644209623054664,2.6564510452294474,44.27261116763118,24.81722074389882,1.0,0.9486702582520953,1.0000000000000002,7.491538273548042e-31,4.092745646285719e-29,True,0,0.0,AIS dead zone (reception / feed gap),2,2,1.0
6.0_95.5,6.0,95.5,32,17,6.673492336186359,28,13,184.926887284375,0.125,3072.7043445357876,3,Open ocean / other,0.53125,0.20854663550582372,2.547391851762407,10.32650766381364,10.414278893088373,0.4642857142857143,0.3644923793257382,0.6913087009831766,5.747885318017967e-05,0.00034890672281302044,True,15,0.46875,Behavioural dark spot (selective switch-off),3,1,0.3333333333333333
-6.0_109.5,-6.0,109.5,32,23,9.030096155508012,10,6,91.0248823125,0.09375,3075.5239629307252,4,Open ocean / other,0.71875,0.2821905048596254,2.547038215752651,13.969903844491988,10.404731156608056,0.6,0.546251630618882,0.8443559315435214,3.8190740479167e-07,3.6368796896674626e-06,True,9,0.28125,Behavioural dark spot (selective switch-off),4,4,1.0
11.5_-70.5,11.5,-70.5,42,17,6.743683472344347,36,17,174.90974685,0.0,3026.3046078266293,1,Open ocean / other,0.40476190476190477,0.16056389219867492,2.52087751000125,10.256316527655652,13.87831214722391,0.4722222222222222,0.27042647671209086,0.5550595447182258,0.00013526024021182136,0.0007843582644685507,True,25,0.5952380952380952,Behavioural dark spot (selective switch-off),1,0,0.0
25.5_51.5,25.5,51.5,255,151,61.228198643991824,116,73,114.65230759294117,0.07058823529411765,2784.1273041239665,8,Persian Gulf,0.592156862745098,0.240110582917615,2.46618393720811,89.77180135600818,91.5906394159072,0.6293103448275862,0.5309042197441817,0.6506740118847373,5.271163871396059e-33,3.0397044991717273e-31,True,104,0.40784313725490196,Behavioural dark spot (selective switch-off),4,2,0.5
24.5_54.5,24.5,54.5,37,35,14.261388338727462,9,8,75.50023611891892,0.4864864864864865,2807.140167390364,2,Persian Gulf,0.9459459459459459,0.3854429280737152,2.4541790160047654,20.738611661272536,13.18067420708698,0.8888888888888888,0.822950349364601,0.9850493372294601,8.400867504072518e-13,1.6769423979283217e-11,True,2,0.05405405405405406,Behavioural dark spot (selective switch-off),2,2,1.0
38.5_125.0,38.5,125.0,38,38,15.505933574418634,6,6,57.36973645526316,0.5789473684210527,2410.682722189525,2,Open ocean / other,1.0,0.4080508835373325,2.4506747573517025,22.494066425581366,15.763169350417938,1.0,0.90818706741616,0.9999999999999999,1.6111807228423622e-15,4.18101397577593e-14,True,0,0.0,AIS dead zone (reception / feed gap),2,2,1.0
25.5_53.5,25.5,53.5,61,36,14.698225528346558,50,26,200.66123023114756,0.14754098360655737,2784.1273041239665,5,Persian Gulf,0.5901639344262295,0.2409545168581403,2.449275249625982,21.30177447165344,21.909917664197405,0.52,0.46499566253828867,0.7046485165072622,6.361104829920491e-09,9.044968237612972e-08,True,25,0.4098360655737705,Behavioural dark spot (selective switch-off),4,2,0.5
36.0_23.0,36.0,23.0,32,15,6.134651556923883,23,13,134.90180885,0.0625,2492.782092805216,5,Open ocean / other,0.46875,0.19170786115387134,2.445126648321245,8.865348443076117,12.837062690862508,0.5652173913043478,0.30869129901682335,0.6355076206742619,0.00034832449707727686,0.0017723569998343792,True,17,0.53125,Behavioural dark spot (selective switch-off),5,2,0.4
36.0_15.0,36.0,15.0,33,19,7.820435253317897,24,14,157.07706603333332,0.15151515151515152,2492.782092805216,5,Open ocean / other,0.5757575757575758,0.2369828864641787,2.429532293862936,11.179564746682104,13.23822089995196,0.5833333333333334,0.4080697369146003,0.7276464100497011,3.099078962990417e-05,0.00020105274772400328,True,14,0.42424242424242425,Behavioural dark spot (selective switch-off),4,2,0.5
54.0_18.5,54.0,18.5,48,27,11.13451266604926,32,17,129.96640233125,0.10416666666666667,1805.9605043192446,5,Open ocean / other,0.5625,0.23196901387602623,2.4248928363364217,15.86548733395074,26.57865434221861,0.53125,0.4227477150100165,0.6929894535958907,8.258804336448895e-07,7.327041795926455e-06,True,21,0.4375,Behavioural dark spot (selective switch-off),5,3,0.6
24.5_54.0,24.5,54.0,197,165,68.59504527308248,51,41,80.48042197715736,0.30456852791878175,2807.140167390364,7,Persian Gulf,0.8375634517766497,0.34819819935574864,2.4054215482054357,96.40495472691752,70.17818429178745,0.803921568627451,0.7796868132970542,0.8825265926905499,2.2177773238109883e-45,1.7708098939352352e-43,True,32,0.16243654822335024,Behavioural dark spot (selective switch-off),5,4,0.8
5.5_97.0,5.5,97.0,35,19,7.986752253673996,28,13,197.56330683428573,0.17142857142857143,3075.5239629307252,3,Open ocean / other,0.5428571428571428,0.22819292153354273,2.378939448291987,11.013247746326005,11.380174702540062,0.4642857142857143,0.38189451340137515,0.6953422636623914,5.365115526873628e-05,0.00033347245011346264,True,16,0.45714285714285713,Behavioural dark spot (selective switch-off),3,1,0.3333333333333333
-4.0_106.0,-4.0,106.0,38,33,13.91338814080745,9,5,66.68966997894736,0.23684210526315788,3084.458426322437,2,Open ocean / other,0.868421052631579,0.3661417931791434,2.37181624389621,19.08661185919255,12.319828880075697,0.5555555555555556,0.7267282994850112,0.9424621712426856,2.2325417695274442e-10,3.6209036824523234e-09,True,5,0.13157894736842105,Behavioural dark spot (selective switch-off),2,2,1.0
-1.5_104.5,-1.5,104.5,26,23,10.087559420020906,3,2,59.85351678461538,0.07692307692307693,3090.341066185425,2,Open ocean / other,0.8846153846153846,0.3879830546161887,2.2800361358319843,12.912440579979094,8.41331084277154,0.6666666666666666,0.7102370691310166,0.959968281788505,2.2528367682013503e-07,2.2925927111696092e-06,True,3,0.11538461538461539,Behavioural dark spot (selective switch-off),2,2,1.0
-3.5_106.0,-3.5,106.0,37,29,12.83778407636892,6,5,70.87230117567567,0.16216216216216217,3086.105189124408,2,Open ocean / other,0.7837837837837838,0.34696713719916,2.258956828334696,16.16221592363108,11.989221926196777,0.8333333333333334,0.628045387261231,0.8861362314804442,6.905148135834717e-08,8.053419960670154e-07,True,8,0.21621621621621623,Behavioural dark spot (selective switch-off),2,2,1.0
24.5_57.0,24.5,57.0,45,32,14.203782744504382,22,12,106.92634241777778,0.3333333333333333,2807.140167390364,3,Gulf of Oman,0.7111111111111111,0.3156396165445418,2.2529209701113735,17.79621725549562,16.030549711322006,0.5454545454545454,0.5663118252773978,0.8227008196809984,6.042081999779057e-08,7.126910358830297e-07,True,13,0.28888888888888886,Behavioural dark spot (selective switch-off),2,1,0.5
-6.0_119.5,-6.0,119.5,53,36,16.018869876925585,13,3,79.25776695849056,0.03773584905660377,3075.5239629307252,5,Open ocean / other,0.6792452830188679,0.30224282786652046,2.247349549412114,19.981130123074415,17.232835978132094,0.23076923076923078,0.5451826763724886,0.7890795541065968,1.735325140813325e-08,2.2237870323015205e-07,True,17,0.32075471698113206,"Elevated dark, unclassified",5,4,0.8
-2.5_116.5,-2.5,116.5,33,27,12.132459593951413,8,6,75.14173958787879,0.2727272727272727,3088.693550643103,3,Open ocean / other,0.8181818181818182,0.3676502907258004,2.2254349821581716,14.867540406048587,10.68412889104165,0.75,0.656114329507048,0.9138934877430174,1.4894892774260426e-07,1.5939070824414765e-06,True,6,0.18181818181818182,Behavioural dark spot (selective switch-off),3,3,1.0
25.0_121.0,25.0,121.0,30,22,10.246728176962161,14,9,108.58044605666667,0.36666666666666664,2795.740188976926,2,Taiwan Strait,0.7333333333333333,0.34155760589873874,2.1470267991945815,11.753271823037839,10.730610847990924,0.6428571428571429,0.5555169795568831,0.8581750444608938,1.3647199002803504e-05,9.702597647198656e-05,True,8,0.26666666666666666,Behavioural dark spot (selective switch-off),2,2,1.0
24.0_120.0,24.0,120.0,50,30,14.007121856873228,27,13,118.26580502200001,0.32,2818.326371211741,4,Taiwan Strait,0.6,0.28014243713746456,2.1417676169697306,15.992878143126772,17.741025493261972,0.48148148148148145,0.4618118910275937,0.7239181021375425,2.299201595566046e-06,1.8645087939043405e-05,True,20,0.4,Behavioural dark spot (selective switch-off),3,2,0.6666666666666666
24.0_58.0,24.0,58.0,25,13,6.13419459698195,19,8,181.47904390399998,0.16,2818.326371211741,7,Gulf of Oman,0.52,0.245367783879278,2.1192676225817904,6.86580540301805,8.870512746630986,0.42105263157894735,0.334982179531473,0.6996899607103998,0.0028213324070336864,0.01215163086514924,True,12,0.48,Behavioural dark spot (selective switch-off),5,3,0.6
26.5_53.0,26.5,53.0,32,24,11.463970117200017,3,2,57.693773321875,0.53125,2760.2663687102918,3,Persian Gulf,0.75,0.3582490661625005,2.0935155757246346,12.536029882799983,11.593084045345847,0.6666666666666666,0.5789310822975338,0.8674775601737845,7.308156324264319e-06,5.4574577443067364e-05,True,8,0.25,Behavioural dark spot (selective switch-off),3,2,0.6666666666666666
17.0_107.5,17.0,107.5,55,55,26.379452046759653,1,1,42.496568839999995,0.6727272727272727,2952.039858927605,3,South China Sea,1.0,0.4796264008501755,2.084956120487574,28.620547953240347,18.631184749646295,1.0,0.9347128562105721,0.9999999999999999,2.8162385312678434e-18,9.135173735800066e-17,True,0,0.0,AIS dead zone (reception / feed gap),3,3,1.0
16.0_96.0,16.0,96.0,36,29,14.1489730886778,12,9,77.186283625,0.25,2967.587696103858,3,Open ocean / other,0.8055555555555556,0.39302703024104996,2.0496187121315677,14.8510269113222,12.131065257907746,0.75,0.6497163793648479,0.9024702798054665,5.140027842745169e-07,4.721547699796005e-06,True,7,0.19444444444444445,Behavioural dark spot (selective switch-off),3,3,1.0
34.5_10.5,34.5,10.5,74,61,29.82707740150785,29,20,83.01599061081082,0.3783783783783784,2539.7736715851565,6,Open ocean / other,0.8243243243243243,0.40306861353388984,2.0451215913268213,31.17292259849215,29.13645449116502,0.6896551724137931,0.7222779521065887,0.8943589104450547,1.259393280720668e-13,2.7813834582724544e-12,True,13,0.17567567567567569,Behavioural dark spot (selective switch-off),6,4,0.6666666666666666
5.5_80.5,5.5,80.5,49,17,8.35097293068908,42,14,179.6761066367347,0.10204081632653061,3075.5239629307252,4,Dondra Head / Sri Lanka corridor,0.3469387755102041,0.1704280189936547,2.0356909477608913,8.64902706931092,15.932244583556088,0.3333333333333333,0.2292420960931444,0.4868906478056021,0.002186953108366916,0.009659818410573867,True,32,0.6530612244897959,"Elevated dark, unclassified",2,1,0.5
-5.0_122.0,-5.0,122.0,40,34,16.745145877929797,4,2,52.8709066625,0.3,3080.4603636605075,4,Open ocean / other,0.85,0.4186286469482449,2.0304391641527713,17.254854122070203,12.985072124891113,0.5,0.7092737396097997,0.9293890829149256,2.3374338430035094e-08,2.9588491817532224e-07,True,6,0.15,Behavioural dark spot (selective switch-off),3,3,1.0
-6.0_120.0,-6.0,120.0,27,17,8.3863029549449,7,2,77.8509696962963,0.037037037037037035,3075.5239629307252,4,Open ocean / other,0.6296296296296297,0.3106038131461074,2.027114938648397,8.6136970450551,8.778991913388047,0.2857142857142857,0.442289046234463,0.7846771293206314,0.0006270149643303564,0.003027169920813535,True,10,0.37037037037037035,"Elevated dark, unclassified",4,3,0.75
25.0_52.5,25.0,52.5,42,23,11.412478363516797,20,8,140.26848772619047,0.07142857142857142,2795.740188976926,3,Persian Gulf,0.5476190476190477,0.2717256753218285,2.0153378843219523,11.587521636483203,15.022855187187293,0.4,0.39948862747122693,0.6877683618136149,0.00014609754933311918,0.000833237671471306,True,19,0.4523809523809524,Behavioural dark spot (selective switch-off),3,1,0.3333333333333333
9.5_102.0,9.5,102.0,30,27,13.431231772229246,4,1,57.47767893333333,0.5,3046.429330018552,4,Open ocean / other,0.9,0.4477077257409749,2.0102400478134763,13.568768227770754,9.847594265322186,0.25,0.7437855868473339,0.9654007400402839,2.818682067707126e-07,2.7864685583619016e-06,True,3,0.1,"Elevated dark, unclassified",3,3,1.0
20.5_87.5,20.5,87.5,49,41,20.490045320009827,24,16,102.73356499591836,0.46938775510204084,2890.5746194115304,4,Bay of Bengal,0.8367346938775511,0.4181641902042822,2.0009716601241925,20.509954679990173,16.951646800931066,0.6666666666666666,0.7096339333048477,0.9148740301179102,2.042755363876404e-09,3.118205981917217e-08,True,8,0.16326530612244897,Behavioural dark spot (selective switch-off),4,2,0.5
17.0_108.0,17.0,108.0,34,32,16.15090970774961,5,4,59.5422689882353,0.4411764705882353,2952.039858927605,3,South China Sea,0.9411764705882353,0.4750267561102826,1.9813125439395902,15.849090292250391,11.51745966341771,0.8,0.8090606311053629,0.9837176869361576,7.379085645578568e-09,1.0078277500145465e-07,True,2,0.058823529411764705,Behavioural dark spot (selective switch-off),3,3,1.0
-4.5_116.0,-4.5,116.0,40,21,10.939838683988592,11,3,87.6123139,0.1,3082.576770069333,4,Open ocean / other,0.525,0.2734959670997148,1.9195895484944703,10.060161316011408,12.976156956863177,0.2727272727272727,0.37497106853929735,0.6706477044981831,0.000661208567335781,0.003148323361901563,True,19,0.475,"Elevated dark, unclassified",3,2,0.6666666666666666
-1.0_117.0,-1.0,117.0,40,23,12.001267247447574,9,7,77.9217544625,0.1,3090.8118386878423,2,Open ocean / other,0.575,0.30003168118618934,1.9164642804610184,10.998732752552426,12.941583663980463,0.7777777777777778,0.42194800436059987,0.7149083147518411,0.00027507879786859975,0.001439111173447019,True,17,0.425,Behavioural dark spot (selective switch-off),2,2,1.0
29.0_49.0,29.0,49.0,58,25,13.154144047013396,39,19,164.96492595344827,0.13793103448275862,2696.9520422927276,5,Persian Gulf,0.43103448275862066,0.22679558701747235,1.9005417540395693,11.845855952986604,21.505758756723445,0.48717948717948717,0.3118160080083492,0.5588212329427257,0.00043644038919476416,0.002178005403770025,True,33,0.5689655172413793,Behavioural dark spot (selective switch-off),4,1,0.25
53.5_1.5,53.5,1.5,78,74,39.005305601271466,3,1,37.0260214948718,0.9230769230769231,1827.7834521350646,5,Open ocean / other,0.9487179487179487,0.5000680205291214,1.8971778033598536,34.994694398728534,42.67463955256127,0.3333333333333333,0.8754314334594728,0.9798793131534966,5.029292799530676e-18,1.581941189670558e-16,True,4,0.05128205128205128,"Elevated dark, unclassified",5,4,0.8
23.5_58.0,23.5,58.0,41,29,15.424541259325496,20,9,142.21999868536585,0.43902439024390244,2829.297948568382,5,Gulf of Oman,0.7073170731707317,0.37620832339818283,1.8801207447558248,13.575458740674504,14.491227415884532,0.45,0.5552024292386027,0.8239098236694112,1.7413266367810507e-05,0.00011970179132309475,True,12,0.2926829268292683,Behavioural dark spot (selective switch-off),5,5,1.0
36.5_5.0,36.5,5.0,32,15,8.001894001306207,26,10,136.06202863125,0.15625,2476.736958123057,3,Open ocean / other,0.46875,0.25005918754081896,1.874556198513932,6.998105998693793,12.920225498734645,0.38461538461538464,0.30869129901682335,0.6355076206742619,0.005977490995487559,0.02433190452280818,True,17,0.53125,Behavioural dark spot (selective switch-off),3,1,0.3333333333333333
22.5_91.5,22.5,91.5,40,40,21.39825141823287,1,1,33.672249965,0.675,2850.5938981832446,4,Open ocean / other,1.0,0.5349562854558217,1.8693116188884986,18.60174858176713,14.032163622286923,1.0,0.9123754607496077,1.0,1.3574748267433889e-11,2.4294118451028234e-10,True,0,0.0,"Blackout, cause unresolved",3,3,1.0
35.0_35.5,35.0,35.5,40,14,7.505962362611065,27,9,145.7999652275,0.05,2524.3016497044573,7,Eastern Mediterranean,0.35,0.18764905906527662,1.865183879649762,6.494037637388935,15.845966746756735,0.3333333333333333,0.2213433317104915,0.5049440300646263,0.011294000430877417,0.04440595623958621,True,26,0.65,"Elevated dark, unclassified",6,2,0.3333333333333333
35.5_134.0,35.5,134.0,31,30,16.138498360135888,2,1,34.9482513032258,0.9354838709677419,2508.637392479843,3,Open ocean / other,0.967741935483871,0.520596721294706,1.8589090094096832,13.861501639864112,12.357306039098708,0.5,0.8380554282383037,0.9942829259130554,4.809040585819785e-08,5.737682905840157e-07,True,1,0.03225806451612903,"Elevated dark, unclassified",3,3,1.0
32.5_34.5,32.5,34.5,32,14,7.538094015527218,18,5,106.752781259375,0.0625,2599.7160620505924,4,Eastern Mediterranean,0.4375,0.23556543798522556,1.8572334029215254,6.461905984472782,12.309036539459306,0.2777777777777778,0.2816508596944317,0.6067469796877387,0.009331162977459274,0.03725287373308741,True,18,0.5625,"Elevated dark, unclassified",3,2,0.6666666666666666
17.5_106.5,17.5,106.5,63,57,30.862108315849365,14,11,61.312381244444445,0.5079365079365079,2943.9284261442276,5,South China Sea,0.9047619047619048,0.48987473517221214,1.8469250194008104,26.137891684150635,21.39997679308849,0.7857142857142857,0.807380773471272,0.9556171200561122,2.868116823181662e-12,5.412918659022845e-11,True,6,0.09523809523809523,Behavioural dark spot (selective switch-off),4,3,0.75
-4.0_116.0,-4.0,116.0,32,22,11.92845418356916,7,3,61.190729465625,0.15625,3084.458426322437,3,Open ocean / other,0.6875,0.37276419323653626,1.8443295050169939,10.07154581643084,10.374592741116379,0.42857142857142855,0.514330003019676,0.8204764788338126,0.0003013054225050048,0.0015559951669661442,True,10,0.3125,Behavioural dark spot (selective switch-off),3,3,1.0
28.0_-15.5,28.0,-15.5,56,21,11.388887850371146,43,16,150.89741919285714,0.08928571428571429,2722.900799752918,5,Open ocean / other,0.375,0.2033729973280562,1.8439026071641966,9.611112149628854,20.566301939858246,0.37209302325581395,0.26010029646692184,0.505948739655107,0.0023000959936073876,0.010073838149217166,True,35,0.625,Behavioural dark spot (selective switch-off),4,2,0.5
17.0_107.0,17.0,107.0,52,48,26.072743760584668,6,5,51.563799261538456,0.5192307692307693,2952.039858927605,4,South China Sea,0.9230769230769231,0.5013989184727821,1.8410030198879086,21.927256239415332,17.6149383087565,0.8333333333333334,0.8182618931787533,0.9696811457026542,7.390446352100033e-11,1.2176640180126721e-09,True,4,0.07692307692307693,Behavioural dark spot (selective switch-off),4,4,1.0
26.0_50.5,26.0,50.5,49,36,19.58566024412365,16,8,75.84259799387756,0.40816326530612246,2772.3023971976045,2,Persian Gulf,0.7346938775510204,0.3997073519208908,1.8380794699428733,16.41433975587635,17.674839530323926,0.5,0.5973744384734165,0.8378886875485057,2.05455788632806e-06,1.679237075597265e-05,True,13,0.2653061224489796,Behavioural dark spot (selective switch-off),2,2,1.0
26.0_52.0,26.0,52.0,25,15,8.167099212349724,5,4,75.366135508,0.28,2772.3023971976045,5,Persian Gulf,0.6,0.32668396849398895,1.8366374167853912,6.832900787650276,9.017775270573432,0.8,0.40739127785127344,0.7659694233580909,0.004519179999810646,0.018688879839854382,True,10,0.4,Behavioural dark spot (selective switch-off),5,4,0.8
27.5_51.5,27.5,51.5,47,30,16.41792831567773,15,10,77.91264300212765,0.1702127659574468,2735.564629421435,4,Persian Gulf,0.6382978723404256,0.34931762373782405,1.8272707386200817,13.582071684322269,17.181096543838695,0.6666666666666666,0.4953563457177046,0.7603397771423157,5.097241964942923e-05,0.00031873115419341893,True,17,0.3617021276595745,Behavioural dark spot (selective switch-off),4,3,0.75
29.5_49.0,29.5,49.0,34,20,11.034706351946413,21,11,117.98722270294118,0.29411764705882354,2683.6690905993105,4,Persian Gulf,0.5882352941176471,0.32455018682195336,1.8124632737936155,8.965293648053587,12.66922219251972,0.5238095238095238,0.42221304146519273,0.7363426221431113,0.001386791981923249,0.006285982870027652,True,14,0.4117647058823529,Behavioural dark spot (selective switch-off),4,3,0.75
24.0_54.0,24.0,54.0,48,32,17.80566433303679,3,2,56.152785916666666,0.10416666666666667,2818.326371211741,5,Persian Gulf,0.6666666666666666,0.3709513402715998,1.7971809083599823,14.194335666963209,17.031384473531492,0.6666666666666666,0.5253984633247204,0.783233986291032,3.0963792164015856e-05,0.00020105274772400328,True,16,0.3333333333333333,Behavioural dark spot (selective switch-off),5,4,0.8
24.0_52.5,24.0,52.5,39,25,13.929142403106948,13,7,88.50818900769231,0.20512820512820512,2818.326371211741,5,Persian Gulf,0.6410256410256411,0.35715749751556275,1.794798220630127,11.070857596893052,13.837999884744338,0.5384615384615384,0.484178631846895,0.772581153035089,0.00028879695216974324,0.0014988561817609674,True,14,0.358974358974359,Behavioural dark spot (selective switch-off),3,2,0.6666666666666666
-6.5_105.5,-6.5,105.5,26,10,5.571711126981268,15,4,121.58051327692307,0.07692307692307693,3072.7043445357876,3,Sunda Strait,0.38461538461538464,0.21429658180697184,1.7947807723868776,4.428288873018732,8.461601600634303,0.26666666666666666,0.22428359511834428,0.5746547996057992,0.036258065660403876,0.12767022037578313,False,16,0.6153846153846154,Normal,3,1,0.3333333333333333
17.5_108.0,17.5,108.0,70,68,37.999367456025496,2,2,36.45319150428572,0.6857142857142857,2943.9284261442276,3,South China Sea,0.9714285714285714,0.54284810651465,1.7895034720957534,30.000632543974504,23.77775199232055,1.0,0.9016755648760818,0.9921295531061937,4.743577599718959e-16,1.2957456706600738e-14,True,2,0.02857142857142857,"Blackout, cause unresolved",3,3,1.0
-4.0_122.0,-4.0,122.0,29,22,12.29624049360772,6,3,64.36284380000001,0.4482758620689655,3084.458426322437,2,Open ocean / other,0.7586206896551724,0.4240082928830248,1.7891647460406166,9.70375950639228,9.401974671636717,0.5,0.578920477816713,0.8778173181493787,0.0002648553702928218,0.001395532357177406,True,7,0.2413793103448276,Behavioural dark spot (selective switch-off),2,2,1.0
41.0_37.0,41.0,37.0,31,28,15.699080602761345,5,3,50.51413230322581,0.7419354838709677,2323.994479997919,5,Black Sea,0.9032258064516129,0.5064219549277853,1.7835439353738345,12.300919397238655,13.33910225123588,0.6,0.7509971000182295,0.966535963905356,3.2054793481543816e-06,2.5017199724693596e-05,True,3,0.0967741935483871,Behavioural dark spot (selective switch-off),4,4,1.0
5.0_100.0,5.0,100.0,37,27,15.373637015668743,15,8,81.07119902162162,0.4594594594594595,3078.1093682685055,2,Strait of Malacca,0.7297297297297297,0.41550370312618223,1.7562532517504945,11.626362984331257,12.020365611899358,0.5333333333333333,0.5702152452607867,0.8460270175300932,0.00010782439778773353,0.0006359188914981102,True,10,0.2702702702702703,Behavioural dark spot (selective switch-off),2,1,0.5
38.5_124.0,38.5,124.0,69,69,39.38998059374234,0,0,28.417161205797104,1.0,2410.682722189525,2,Open ocean / other,1.0,0.5708692839672802,1.751714495918326,29.610019406257663,28.622596978390465,,0.9472609058559944,1.0,1.588658868364626e-17,4.850082074595535e-16,True,0,0.0,"Blackout, cause unresolved",2,2,1.0
10.0_104.0,10.0,104.0,66,64,37.1065501017888,2,1,30.375506948484848,0.3484848484848485,3041.745231729066,3,Open ocean / other,0.9696969696969697,0.5622204560877091,1.7247628740596594,26.893449898211202,21.698069684318238,0.5,0.8960728112941316,0.9916502649240535,4.2180865649169566e-14,9.950849669054093e-13,True,2,0.030303030303030304,"Elevated dark, unclassified",3,3,1.0
17.5_107.5,17.5,107.5,42,36,20.936709879282056,2,1,41.94177545,0.35714285714285715,2943.9284261442276,3,South China Sea,0.8571428571428571,0.49849309236385847,1.7194678728210224,15.063290120717944,14.266651195392328,0.5,0.7215861764782122,0.9328412431581007,1.2905298709040132e-06,1.0890813056897281e-05,True,6,0.14285714285714285,Behavioural dark spot (selective switch-off),3,3,1.0
-6.0_119.0,-6.0,119.0,34,19,11.067074988399984,11,1,80.02366275882353,0.11764705882352941,3075.5239629307252,3,Open ocean / other,0.5588235294117647,0.325502205541176,1.7168041257436997,7.932925011600016,11.055026853896061,0.09090909090909091,0.3945361778918369,0.7111675978470325,0.0042099963452053996,0.017550105246277932,True,15,0.4411764705882353,"Elevated dark, unclassified",3,2,0.6666666666666666
-6.0_108.0,-6.0,108.0,52,30,17.68890479743743,17,6,81.98410414038462,0.15384615384615385,3075.5239629307252,4,Open ocean / other,0.5769230769230769,0.34017124610456595,1.6959783742148955,12.31109520256257,16.90768812948809,0.35294117647058826,0.4419408497943149,0.7013215209113954,0.00039728345645856047,0.002011610867336516,True,22,0.4230769230769231,Behavioural dark spot (selective switch-off),3,3,1.0
18.0_107.5,18.0,107.5,41,33,19.499129204147614,4,2,55.98520589512195,0.43902439024390244,2935.5928018133336,4,South China Sea,0.8048780487804879,0.47558851717433204,1.6923832677092394,13.500870795852386,13.966514693275595,0.5,0.6598611764744329,0.8976568425079408,1.535213425053368e-05,0.0001069497674634494,True,8,0.1951219512195122,Behavioural dark spot (selective switch-off),3,2,0.6666666666666666
25.0_120.0,25.0,120.0,45,19,11.250797031055752,29,14,154.72625244888889,0.28888888888888886,2795.740188976926,3,Taiwan Strait,0.4222222222222222,0.25001771180123894,1.6887692443081144,7.749202968944248,16.095916271986386,0.4827586206896552,0.2896848798168781,0.566994672040555,0.008505154728266996,0.03408629578355653,True,26,0.5777777777777777,Behavioural dark spot (selective switch-off),3,1,0.3333333333333333
21.5_89.5,21.5,89.5,39,38,22.59862979726342,3,2,33.498305102564096,0.48717948717948717,2871.0215292823814,4,Bay of Bengal,0.9743589743589743,0.5794520460836774,1.681517877008703,15.40137020273658,13.584015167503166,0.6666666666666666,0.8681871352137286,0.9954594139347627,1.6773501949400566e-08,2.1763618779347235e-07,True,1,0.02564102564102564,"Blackout, cause unresolved",4,4,1.0
-9.0_140.0,-9.0,140.0,28,25,14.94673521574808,7,5,49.368182467857146,0.42857142857142855,3055.101195388212,5,Open ocean / other,0.8928571428571429,0.5338119719910028,1.6726060667522675,10.05326478425192,9.164999196186049,0.7142857142857143,0.7280377463234293,0.9628823079452005,5.808714610658583e-05,0.00035054917243393076,True,3,0.10714285714285714,Behavioural dark spot (selective switch-off),3,3,1.0
54.5_18.5,54.5,18.5,105,75,44.84238224376808,26,14,68.7275136952381,0.5904761904761905,1784.0000256189903,8,Open ocean / other,0.7142857142857143,0.4270703070835055,1.6725248804198631,30.15761775623192,58.85650139694835,0.5384615384615384,0.6215148508295265,0.7919300084889693,2.4791300050979823e-09,3.676195636131008e-08,True,30,0.2857142857142857,Behavioural dark spot (selective switch-off),5,3,0.6
21.0_89.5,21.0,89.5,85,69,41.43857163014987,16,1,57.39231130588235,0.6941176470588235,2880.9077704872743,5,Bay of Bengal,0.8117647058823529,0.4875126074135279,1.665115308892476,27.561428369850127,29.50458909888086,0.0625,0.7158877949459186,0.8806795788969659,6.697574379784388e-10,1.037624209883014e-08,True,16,0.18823529411764706,"Elevated dark, unclassified",4,4,1.0
10.0_-71.5,10.0,-71.5,44,39,23.492200573220565,0,0,33.02627008636364,0.13636363636363635,3041.745231729066,3,Open ocean / other,0.8863636363636364,0.5339136493913764,1.6601254479521694,15.507799426779435,14.465379789545493,,0.7602056485186641,0.950472924104325,6.519403478830575e-07,5.936088430724681e-06,True,5,0.11363636363636363,"Elevated dark, unclassified",1,1,1.0
44.5_30.0,44.5,30.0,26,7,4.246850327642262,24,7,157.77650066538462,0.0,2195.2374379563416,3,Black Sea,0.2692307692307692,0.16334039721701007,1.6482803630817413,2.753149672357738,11.843821333606957,0.2916666666666667,0.13704275525067386,0.46083403419761304,0.11898467072185223,0.37769445935560436,False,19,0.7307692307692307,Normal,3,1,0.3333333333333333
-3.5_122.0,-3.5,122.0,27,14,8.500830930797251,3,1,70.78495798518519,0.07407407407407407,3086.105189124408,2,Open ocean / other,0.5185185185185185,0.31484559002952783,1.646897828455813,5.499169069202749,8.748891675873322,0.3333333333333333,0.3398532458621043,0.6925704935029092,0.021987252931442797,0.08150988765299151,False,13,0.48148148148148145,Normal,2,1,0.5
-1.0_117.5,-1.0,117.5,55,31,18.850627614047934,8,1,69.42863075818182,0.2727272727272727,3090.8118386878423,2,Open ocean / other,0.5636363636363636,0.34273868389178064,1.6445075800499112,12.149372385952066,17.794677537973136,0.125,0.43269584078681317,0.686267613639987,0.0006459678880420975,0.0031042345730911912,True,24,0.43636363636363634,"Elevated dark, unclassified",2,1,0.5
39.5_124.5,39.5,124.5,28,28,17.08342205423747,0,0,24.988820992857143,1.0,2376.549041372937,2,Open ocean / other,1.0,0.6101222162227667,1.6390158781480622,10.91657794576253,11.781789271987563,,0.8793527963418923,1.0,9.810056207879997e-07,8.485698619816199e-06,True,0,0.0,"Blackout, cause unresolved",2,2,1.0
19.5_111.0,19.5,111.0,41,37,22.75012252585524,1,0,33.63627082195122,0.926829268292683,2909.247212509951,1,South China Sea,0.9024390243902439,0.5548810372159815,1.6263648671759876,14.24987747414476,14.09299279335814,0.0,0.7745202448096945,0.9614035402470386,1.5611290998288077e-06,1.296361604497842e-05,True,4,0.0975609756097561,"Elevated dark, unclassified",1,1,1.0
20.5_111.5,20.5,111.5,30,21,12.938547911343818,7,2,63.83094863,0.6333333333333333,2890.5746194115304,2,South China Sea,0.7,0.43128493037812726,1.623056941466232,8.061452088656182,10.378559265876163,0.2857142857142857,0.5212387898833981,0.8333543735604105,0.0026921841427348997,0.011643696417328441,True,9,0.3,"Elevated dark, unclassified",1,1,1.0
34.0_11.5,34.0,11.5,33,33,20.466105786347597,2,2,34.60384763030303,0.8181818181818182,2555.052279867656,6,Open ocean / other,1.0,0.6201850238287151,1.6124220379049068,12.533894213652403,12.915586996016104,1.0,0.8957265699643882,1.0,1.422990713626741e-07,1.538608709108914e-06,True,0,0.0,"Blackout, cause unresolved",4,4,1.0
-5.0_106.0,-5.0,106.0,37,26,16.133156466929993,2,1,50.44020268108108,0.05405405405405406,3080.4603636605075,2,Open ocean / other,0.7027027027027027,0.43603125586297276,1.6115879154395623,9.866843533070007,12.011191715524282,0.5,0.5421656082795643,0.825106976535918,0.0009505087137558898,0.004460799605023416,True,11,0.2972972972972973,Behavioural dark spot (selective switch-off),2,2,1.0
2.0_104.5,2.0,104.5,72,21,13.045460876856176,66,18,230.79361699027777,0.06944444444444445,3088.693550643103,1,Open ocean / other,0.2916666666666667,0.18118695662300244,1.6097553162921132,7.9545391231438245,23.310826671363603,0.2727272727272727,0.19937911717246715,0.4050596077489481,0.01481770015795695,0.05804065193946911,False,51,0.7083333333333334,Normal,1,0,0.0
17.5_107.0,17.5,107.0,61,61,37.91004995061706,0,0,25.30197719672131,0.9344262295081968,2943.9284261442276,4,South China Sea,1.0,0.6214762286986403,1.6090720027924181,23.089950049382942,20.720612450450762,,0.9407540837980555,1.0,2.5055081537826707e-13,5.418161382555026e-12,True,0,0.0,"Blackout, cause unresolved",4,4,1.0
26.5_56.5,26.5,56.5,75,69,42.94718255551525,13,9,56.83299228133333,0.7733333333333333,2760.2663687102918,3,Strait of Hormuz,0.92,0.5726291007402033,1.6066246001308198,26.052817444484752,27.171290731279328,0.6923076923076923,0.8362501593344202,0.9628203821056319,2.7152700627159047e-11,4.5458876211275953e-10,True,6,0.08,Behavioural dark spot (selective switch-off),3,3,1.0
27.0_-13.5,27.0,-13.5,36,28,17.474121252046366,11,5,70.30968772777777,0.6388888888888888,2748.0201352522117,4,Open ocean / other,0.7777777777777778,0.48539225700128796,1.6023695610284818,10.525878747953634,13.100340691898147,0.45454545454545453,0.6191498017214091,0.882838070251604,0.00032138289321558417,0.0016514625898899822,True,8,0.2222222222222222,Behavioural dark spot (selective switch-off),4,3,0.75
10.0_119.5,10.0,119.5,42,41,25.71378294527854,1,0,30.215557135714285,0.6904761904761905,3041.745231729066,2,South China Sea,0.9761904761904762,0.6122329272685366,1.594475619835947,15.286217054721462,13.807862526384334,0.0,0.8767851883475174,0.9957847045008997,3.100493911711353e-08,3.831324619471886e-07,True,1,0.023809523809523808,"Blackout, cause unresolved",2,1,0.5
10.0_106.5,10.0,106.5,61,35,21.95427010954284,11,4,65.78580186885246,0.4918032786885246,3041.745231729066,3,South China Sea,0.5737704918032787,0.35990606736955477,1.594222892647503,13.04572989045716,20.05427652641534,0.36363636363636365,0.44895006843512514,0.6898497144203256,0.0005367244583107182,0.002627924470408139,True,26,0.4262295081967213,Behavioural dark spot (selective switch-off),3,3,1.0
21.0_90.0,21.0,90.0,37,34,21.379687618078325,2,0,37.46920442702702,0.8648648648648649,2880.9077704872743,5,Bay of Bengal,0.918918918918919,0.577829395083198,1.590294517271157,12.620312381921675,12.843174078336375,0.0,0.7869900750149847,0.9720399336036787,5.246023084338926e-06,4.003949971723386e-05,True,3,0.08108108108108109,"Elevated dark, unclassified",4,4,1.0
39.0_124.5,39.0,124.5,39,39,24.54001835439944,0,0,24.942307566666667,0.9743589743589743,2393.7070268101265,2,Open ocean / other,1.0,0.6292312398563958,1.5892408651360372,14.45998164560056,16.292720689370128,,0.9103301463997611,1.0,1.4242976948266548e-08,1.895411547730856e-07,True,0,0.0,"Blackout, cause unresolved",2,2,1.0
-44.0_-65.5,-44.0,-65.5,26,26,16.364596269931315,0,0,25.255325757692308,1.0,2232.882382226405,1,Open ocean / other,1.0,0.6294075488435121,1.5887956886399328,9.635403730068685,11.644142211411703,,0.8712669561953784,1.0000000000000002,5.91875865058569e-06,4.4519358545709756e-05,True,0,0.0,"Blackout, cause unresolved",1,1,1.0
54.5_1.5,54.5,1.5,48,30,18.88900509775342,8,0,61.025024162499996,0.75,1784.0000256189903,6,Open ocean / other,0.625,0.39352093953652956,1.5882255229825777,11.110994902246581,26.90582921003353,0.0,0.48362506125249566,0.7478492759593187,0.0009945306713115415,0.004629250389333543,True,18,0.375,"Elevated dark, unclassified",5,2,0.4
20.0_92.0,20.0,92.0,73,71,44.78900624410198,2,0,29.353371801369864,0.9315068493150684,2900.021339887193,4,Bay of Bengal,0.9726027397260274,0.613548030741123,1.5852104334051753,26.210993755898023,25.172228561200725,0.0,0.9054967102680322,0.9924543995474844,3.5498173241380486e-13,7.51981710705162e-12,True,2,0.0273972602739726,"Blackout, cause unresolved",4,4,1.0
-4.5_107.5,-4.5,107.5,39,29,18.4286683444669,7,2,53.94700967179487,0.358974358974359,3082.576770069333,5,Open ocean / other,0.7435897435897436,0.4725299575504333,1.5736351351022648,10.5713316555331,12.651753032941597,0.2857142857142857,0.589180432321585,0.854313741565478,0.0005359042183352245,0.002627924470408139,True,10,0.2564102564102564,"Elevated dark, unclassified",5,5,1.0
9.5_-72.0,9.5,-72.0,32,32,20.34793420413345,1,1,25.045096675,0.90625,3046.429330018552,2,Open ocean / other,1.0,0.6358729438791703,1.5726412164975239,11.652065795866552,10.504100549676998,1.0,0.8928172849426366,1.0,5.103299804430489e-07,4.721547699796005e-06,True,0,0.0,"Blackout, cause unresolved",1,1,1.0
6.0_121.0,6.0,121.0,65,63,40.12615807178006,0,0,27.217353646153846,0.046153846153846156,3072.7043445357876,1,Open ocean / other,0.9692307692307692,0.6173255087966163,1.5700481438392844,22.87384192821994,21.15400400158576,,0.8945709497407398,0.9915211805990546,2.0323340973387965e-11,3.515937988396118e-10,True,2,0.03076923076923077,"Elevated dark, unclassified",1,1,1.0
18.0_108.0,18.0,108.0,60,45,28.726368101111177,5,3,47.072276751666664,0.7166666666666667,2935.5928018133336,4,South China Sea,0.75,0.47877280168518627,1.5665050256826354,16.273631898888823,20.43880199015941,0.6,0.6276768905451521,0.8422361442158816,1.720158435556681e-05,0.00011903496374052234,True,15,0.25,Behavioural dark spot (selective switch-off),3,2,0.6666666666666666
24.5_53.5,24.5,53.5,118,77,49.597879291180966,4,3,50.59395699491525,0.1694915254237288,2807.140167390364,6,Persian Gulf,0.652542372881356,0.4203210109422116,1.5524857332698785,27.402120708819034,42.03566368746659,0.75,0.5630461198830585,0.73241946822478,3.1160492412959904e-07,3.022858983612372e-06,True,41,0.3474576271186441,Behavioural dark spot (selective switch-off),5,4,0.8
-6.0_107.0,-6.0,107.0,39,21,13.527297099166832,5,3,67.08552834615385,0.10256410256410256,3075.5239629307252,3,Open ocean / other,0.5384615384615384,0.3468537717735085,1.5524165578719658,7.472702900833168,12.68076609711607,0.6,0.3856918682173881,0.6843335276595165,0.010878133146145223,0.043262460558232727,True,18,0.46153846153846156,Behavioural dark spot (selective switch-off),3,2,0.6666666666666666
20.5_92.0,20.5,92.0,39,37,23.84233210734977,0,0,27.185288115384612,0.8974358974358975,2890.5746194115304,5,Bay of Bengal,0.9487179487179487,0.6113418489064043,1.5518616146024649,13.157667892650231,13.49212704563901,,0.8311406095436208,0.9858223423536004,1.5043423556380894e-06,1.2592801331873684e-05,True,2,0.05128205128205128,"Elevated dark, unclassified",4,4,1.0
9.5_104.5,9.5,104.5,113,113,73.0948964561486,0,0,23.58338579380531,0.22123893805309736,3046.429330018552,6,Open ocean / other,1.0,0.646857490762377,1.545935564294717,39.905103543851396,37.0926050660469,,0.9671212992632762,1.0,4.181895029953995e-22,1.736322816436899e-20,True,0,0.0,"Blackout, cause unresolved",5,5,1.0
18.0_107.0,18.0,107.0,67,65,42.06907750947519,3,1,31.345376331343285,0.9253731343283582,2935.5928018133336,4,South China Sea,0.9701492537313433,0.6278966792458984,1.5450778540451735,22.930922490524807,22.82332888901134,0.3333333333333333,0.8975324995811698,0.991775477652546,2.3487556281158977e-11,3.996734986859511e-10,True,2,0.029850746268656716,"Blackout, cause unresolved",3,3,1.0
39.0_125.0,39.0,125.0,36,36,23.354376320683745,0,0,24.796629052777778,1.0,2393.7070268101265,2,Open ocean / other,1.0,0.6487326755745485,1.541466982704937,12.645623679316255,15.039434482495501,,0.9035781695514236,1.0,1.715409590954411e-07,1.8169338320517129e-06,True,0,0.0,"Blackout, cause unresolved",2,2,1.0
10.0_104.5,10.0,104.5,37,37,24.035999284606213,0,0,22.936959883783782,0.08108108108108109,3041.745231729066,5,Open ocean / other,1.0,0.6496216022866544,1.539357676037898,12.964000715393787,12.164069368481437,,0.9059390425448564,1.0000000000000002,1.1706766574391892e-07,1.2948251021049125e-06,True,0,0.0,"Blackout, cause unresolved",5,5,1.0
-3.0_120.5,-3.0,120.5,32,28,18.205689489809014,5,3,44.6254361875,0.6875,3087.5169330678864,3,Open ocean / other,0.875,0.5689277965565317,1.5379807513290578,9.794310510190986,10.364315627640448,0.6,0.7193135021517204,0.950299461555257,0.0002078536824537337,0.0011178866444921014,True,4,0.125,Behavioural dark spot (selective switch-off),3,3,1.0
-6.0_107.5,-6.0,107.5,55,29,18.87013604720749,12,3,73.33114644545455,0.09090909090909091,3075.5239629307252,6,Open ocean / other,0.5272727272727272,0.34309338267649986,1.5368198685717256,10.129863952792508,17.8831316754201,0.25,0.39791319071629383,0.6530711468951917,0.003790401074064297,0.015993643556417643,True,26,0.4727272727272727,"Elevated dark, unclassified",5,3,0.6
-6.5_109.0,-6.5,109.0,31,25,16.28668378280175,4,3,54.9715795,0.12903225806451613,3072.7043445357876,4,Open ocean / other,0.8064516129032258,0.5253768962194113,1.534996340163444,8.713316217198251,10.088832677679363,0.75,0.6371939644454013,0.9081311641365236,0.0011390256558863553,0.005254705025822386,True,6,0.1935483870967742,Behavioural dark spot (selective switch-off),4,4,1.0
9.0_106.0,9.0,106.0,41,33,21.50267089945195,2,1,41.06196695121951,0.5121951219512195,3050.8814309198565,4,South China Sea,0.8048780487804879,0.524455387791511,1.5346930692615068,11.49732910054805,13.43873923924939,0.5,0.6598611764744329,0.8976568425079408,0.00018692440710371634,0.0010211975503876714,True,8,0.1951219512195122,Behavioural dark spot (selective switch-off),4,4,1.0
-4.5_115.0,-4.5,115.0,30,15,9.797217499150907,7,2,85.01641031333334,0.16666666666666666,3082.576770069333,1,Open ocean / other,0.5,0.32657391663836355,1.531046953004769,5.202782500849093,9.732117717647382,0.2857142857142857,0.33153851227173764,0.6684614877282624,0.03645522577357256,0.12783960930056865,False,15,0.5,Normal,1,1,1.0
13.5_74.0,13.5,74.0,59,59,38.7620878287368,1,1,25.890681064406778,0.9830508474576272,3002.4927996365627,2,India West Coast corridor,1.0,0.6569845394701153,1.5221058334288058,20.237912171263197,19.650338547736624,1.0,0.938868520215908,1.0000000000000002,1.7208928392247217e-11,3.027604690025866e-10,True,0,0.0,"Blackout, cause unresolved",2,2,1.0
-4.5_106.0,-4.5,106.0,69,59,38.79083078488385,4,3,42.12686510434783,0.30434782608695654,3082.576770069333,3,Open ocean / other,0.855072463768116,0.5621859534041138,1.5209779941859696,20.209169215116148,22.38387075058898,0.75,0.7533626140708477,0.9193299132761629,1.943213829907596e-07,1.997085104400084e-06,True,10,0.14492753623188406,Behavioural dark spot (selective switch-off),2,2,1.0
10.0_-72.0,10.0,-72.0,33,29,19.167064258262453,3,2,36.85881829393939,0.15151515151515152,3041.745231729066,3,Open ocean / other,0.8787878787878788,0.5808201290382562,1.5130120924751849,9.832935741737547,10.849034842159119,0.6666666666666666,0.7267415674973484,0.9518391673241576,0.00021986739603139507,0.0011764039024772582,True,4,0.12121212121212122,Behavioural dark spot (selective switch-off),1,1,1.0
-6.0_109.0,-6.0,109.0,32,15,9.98170620692754,8,2,81.820284671875,0.0625,3075.5239629307252,4,Open ocean / other,0.46875,0.31192831896648565,1.502749098104054,5.018293793072459,10.404731156608056,0.25,0.30869129901682335,0.6355076206742619,0.04557182451226132,0.1566342842507525,False,17,0.53125,Normal,4,2,0.5
24.0_53.0,24.0,53.0,29,17,11.352097101079154,2,1,51.488869796551725,0.13793103448275862,2818.326371211741,6,Persian Gulf,0.5862068965517241,0.39145162417514323,1.497520665004173,5.6479028989208455,10.289794786091942,0.5,0.40737528478515245,0.7448706472035449,0.026413429084010554,0.09625468555938867,False,12,0.41379310344827586,Normal,3,2,0.6666666666666666
-3.0_116.5,-3.0,116.5,37,20,13.374458822356164,8,0,75.05413684324324,0.05405405405405406,3087.5169330678864,5,Open ocean / other,0.5405405405405406,0.3614718600636801,1.4953876089975968,6.625541177643836,11.983739944459268,0.0,0.38383779524767364,0.6896167217154228,0.01966976790407577,0.07478834829461777,False,17,0.4594594594594595,Normal,3,3,1.0
54.5_2.0,54.5,2.0,59,35,23.417269140717302,7,0,56.19527214237288,0.8135593220338984,1784.0000256189903,5,Open ocean / other,0.5932203389830508,0.3969028667918187,1.4946234673941106,11.582730859282698,33.07174840399955,0.0,0.46593171365564306,0.7091115697744415,0.001796401068880717,0.008107236128252975,False,24,0.4067796610169492,"Elevated dark, unclassified",5,2,0.4
19.0_110.5,19.0,110.5,60,54,36.203479163767554,6,1,37.07696066333333,0.8666666666666667,2918.2515346938403,2,South China Sea,0.9,0.6033913193961259,1.491569353203026,17.796520836232446,20.56025647093328,0.16666666666666666,0.7985030550748896,0.9533578005427642,3.296112847399075e-07,3.1679306811113336e-06,False,6,0.1,"Non-carriage area (small craft, AIS not required)",2,2,1.0
8.5_104.5,8.5,104.5,41,39,26.159459657431594,1,1,29.589351431707318,0.7073170731707317,3055.101195388212,5,Open ocean / other,0.9512195121951219,0.6380356014007705,1.4908564821567543,12.840540342568406,13.420177394415285,1.0,0.8386073303764864,0.9865193377174265,2.8726960751424153e-06,2.2762278824410897e-05,False,2,0.04878048780487805,"Non-carriage area (small craft, AIS not required)",5,5,1.0
14.0_74.0,14.0,74.0,39,39,26.16394966400678,0,0,24.113749084615385,0.9487179487179487,2995.9670419085055,2,India West Coast corridor,1.0,0.670870504205302,1.4906006356391794,12.836050335993221,13.017499676884306,,0.9103301463997611,1.0,1.7334416146707853e-07,1.8174872687154296e-06,False,0,0.0,"Non-carriage area (small craft, AIS not required)",1,1,1.0
10.5_120.0,10.5,120.0,60,56,37.572330848208374,2,0,31.686713528333332,0.48333333333333334,3036.8294927635493,3,Open ocean / other,0.9333333333333333,0.6262055141368063,1.490458503259729,18.427669151791626,19.757447740472028,0.0,0.8407442010623228,0.973771725856802,4.438270346507222e-08,5.356889092644763e-07,False,4,0.06666666666666667,"Non-carriage area (small craft, AIS not required)",2,1,0.5
10.5_98.0,10.5,98.0,37,36,24.17003569361812,0,0,24.55298325135135,0.16216216216216217,3036.8294927635493,3,Open ocean / other,0.972972972972973,0.6532442079356249,1.4894475314947704,11.829964306381878,12.18375943995775,,0.8617562156243666,0.9952131489450924,2.968340296384242e-06,2.3341948694294268e-05,False,1,0.02702702702702703,"Non-carriage area (small craft, AIS not required)",2,2,1.0
41.5_35.5,41.5,35.5,36,32,21.515638296563477,0,0,30.065317538888888,0.9166666666666666,2306.1205381222103,5,Black Sea,0.8888888888888888,0.5976566193489855,1.4872902936424204,10.484361703436523,15.610632404025804,,0.7468487098496367,0.9559343109125816,0.00013069174031979188,0.0007621237441120447,False,4,0.1111111111111111,"Non-carriage area (small craft, AIS not required)",5,5,1.0
26.5_-14.5,26.5,-14.5,33,30,20.209910411160386,1,1,29.889516081818183,0.9393939393939394,2760.2663687102918,5,Open ocean / other,0.9090909090909091,0.6124215276109208,1.4844202368870125,9.790089588839614,11.955367921762905,1.0,0.7642705646564897,0.968596628950737,0.00015176952126303488,0.0008447287943490393,False,3,0.09090909090909091,"Non-carriage area (small craft, AIS not required)",4,4,1.0
21.0_87.5,21.0,87.5,103,59,39.883044031860656,54,19,108.31172894660195,0.3786407766990291,2880.9077704872743,5,Bay of Bengal,0.5728155339805825,0.38721401972680247,1.47932539835394,19.116955968139344,35.75261973158504,0.35185185185185186,0.476361241327509,0.6640335112782175,0.00010453513141622349,0.0006200426652002285,False,44,0.42718446601941745,"Elevated dark, unclassified",4,2,0.5
20.5_91.5,20.5,91.5,63,55,37.26601359574798,8,0,44.77078188095238,0.8412698412698413,2890.5746194115304,3,Bay of Bengal,0.873015873015873,0.591524025329333,1.4758755952977878,17.733986404252022,21.79497445833994,0.0,0.7689273848938224,0.9342275365921983,1.078282716385663e-06,9.250061649655522e-06,False,8,0.12698412698412698,"Non-carriage area (small craft, AIS not required)",3,3,1.0
18.0_106.5,18.0,106.5,56,50,33.90472607894506,5,2,37.568239551785716,0.7678571428571429,2935.5928018133336,4,South China Sea,0.8928571428571429,0.6054415371240189,1.4747206594024116,16.09527392105494,19.076215190815446,0.4,0.7853131324833861,0.9499613254188092,1.8824099245717493e-06,1.5507472235757743e-05,False,6,0.10714285714285714,"Non-carriage area (small craft, AIS not required)",4,3,0.75
10.5_75.5,10.5,75.5,32,32,21.701918037558507,0,0,23.157562075,1.0,3036.8294927635493,3,India West Coast corridor,1.0,0.6781849386737033,1.4745240464284806,10.298081962441493,10.537305461585081,,0.8928172849426366,1.0,4.009964239093298e-06,3.083216948280625e-05,False,0,0.0,"Non-carriage area (small craft, AIS not required)",2,2,1.0
-7.0_109.0,-7.0,109.0,26,22,14.973105449837991,3,2,43.90026615384616,0.34615384615384615,3069.650727808555,6,Open ocean / other,0.8461538461538461,0.575888671147615,1.4693010794389376,7.026894550162009,8.47001900394107,0.6666666666666666,0.6646841558168644,0.9385006600107053,0.003307464838693819,0.014070280748213869,False,4,0.15384615384615385,"Elevated dark, unclassified",4,4,1.0
32.5_121.5,32.5,121.5,56,53,36.07467345158908,2,1,29.900224242857142,0.9285714285714286,2599.7160620505924,1,Open ocean / other,0.9464285714285714,0.644190597349805,1.4691747680301002,16.925326548410922,21.540813944053784,0.5,0.8539246046357077,0.9816145520713321,1.0435654706916818e-07,1.1903527017340283e-06,False,3,0.05357142857142857,"Non-carriage area (small craft, AIS not required)",1,1,1.0
13.0_74.0,13.0,74.0,41,41,28.072154066883364,2,2,32.3792433,0.9512195121951219,3008.789905913281,2,India West Coast corridor,1.0,0.6846866845581309,1.4605220497976525,12.927845933116636,13.626740743652872,1.0,0.9143295511310926,1.0,1.799563443858501e-07,1.8679468547251238e-06,False,0,0.0,"Non-carriage area (small craft, AIS not required)",2,2,1.0
29.5_-114.0,29.5,-114.0,31,31,21.235101788148963,0,0,23.03746864516129,1.0,2683.6690905993105,3,Open ocean / other,1.0,0.6850032834886762,1.4598470169472275,9.764898211851037,11.551349646120922,,0.889740999265246,0.9999999999999999,8.062546835254016e-06,5.977802582138335e-05,False,0,0.0,"Non-carriage area (small craft, AIS not required)",2,2,1.0
53.5_2.0,53.5,2.0,41,26,17.83309039650418,8,0,60.53286584146342,0.6341463414634146,1827.7834521350646,6,Open ocean / other,0.6341463414634146,0.43495342430497996,1.4579637865289339,8.16690960349582,22.431541303269384,0.0,0.4812042325216125,0.7641036958306319,0.008063342332957002,0.03244088892096654,False,15,0.36585365853658536,"Elevated dark, unclassified",5,2,0.4
13.0_97.5,13.0,97.5,26,26,17.84073906953168,0,0,21.789676446153845,0.8461538461538461,3008.789905913281,2,Open ocean / other,1.0,0.6861822719050645,1.4573387289993307,8.15926093046832,8.641347788657919,,0.8712669561953784,1.0000000000000002,5.590193373491621e-05,0.0003426645445027421,False,0,0.0,"Non-carriage area (small craft, AIS not required)",2,2,1.0
32.5_121.0,32.5,121.0,120,115,78.99375533601088,1,0,25.517756488333337,0.95,2599.7160620505924,1,Open ocean / other,0.9583333333333334,0.6582812944667573,1.4558112791426558,36.00624466398912,46.1588870229724,0.0,0.9061578707045692,0.9820735474941622,1.2667195258971505e-15,3.3714227381570314e-14,False,5,0.041666666666666664,"Non-carriage area (small craft, AIS not required)",1,1,1.0
16.5_107.5,16.5,107.5,32,24,16.498914760212738,3,2,44.20502928125,0.40625,2959.926482446465,6,South China Sea,0.75,0.5155910862566481,1.45464112935938,7.501085239787262,10.811079325710507,0.6666666666666666,0.5789310822975338,0.8674775601737845,0.005824014009601363,0.02380049819671738,False,8,0.25,"Elevated dark, unclassified",3,3,1.0
9.5_-71.5,9.5,-71.5,38,38,26.19376504812905,0,0,20.943068631578946,0.5789473684210527,3046.429330018552,2,Open ocean / other,1.0,0.6893096065297118,1.4507269165077221,11.806234951870952,12.473619402741436,,0.90818706741616,0.9999999999999999,7.240100259906182e-07,6.534977451984884e-06,False,0,0.0,"Non-carriage area (small craft, AIS not required)",1,1,1.0
26.5_54.0,26.5,54.0,26,19,13.10298154972157,0,0,36.51846065769231,0.5769230769230769,2760.2663687102918,5,Persian Gulf,0.7307692307692307,0.503960828835445,1.4500516487717818,5.897018450278431,9.419380786843499,,0.5391659658023868,0.8629572447493261,0.016020723769357932,0.06188892394965173,False,7,0.2692307692307692,Normal,5,4,0.8
11.0_102.5,11.0,102.5,41,41,28.29190004340734,0,0,23.149429112195122,0.9024390243902439,3031.6824874746285,2,Open ocean / other,1.0,0.6900463425221303,1.4491780310652531,12.708099956592658,13.523843664167064,,0.9143295511310926,1.0,2.477471063813623e-07,2.4967135575131462e-06,False,0,0.0,"Non-carriage area (small craft, AIS not required)",2,2,1.0
26.5_51.5,26.5,51.5,38,17,11.748274492632358,10,3,93.50219878421053,0.18421052631578946,2760.2663687102918,4,Persian Gulf,0.4473684210526316,0.3091651182271673,1.4470210081200547,5.251725507367642,13.766787303848192,0.3,0.3014616531155089,0.6029397082091058,0.0507378018746961,0.17324288929583734,False,21,0.5526315789473685,Normal,4,2,0.5
33.5_11.0,33.5,11.0,28,27,18.69360126284974,0,0,25.956462082142856,0.8571428571428571,2570.136311026832,7,Open ocean / other,0.9642857142857143,0.6676286165303479,1.4443444909493055,8.30639873715026,10.894363804701594,,0.8228742388150135,0.9936676435024582,0.00018252150062348431,0.001007751689612642,False,1,0.03571428571428571,"Non-carriage area (small craft, AIS not required)",5,5,1.0
9.0_100.5,9.0,100.5,31,31,21.463859059986405,1,1,25.87855338064516,0.9032258064516129,3050.8814309198565,5,Open ocean / other,1.0,0.6923825503221421,1.4442882760906293,9.536140940013595,10.160997961383684,1.0,0.889740999265246,0.9999999999999999,1.1239048281394232e-05,8.158134346914134e-05,False,0,0.0,"Non-carriage area (small craft, AIS not required)",3,3,1.0
31.5_34.0,31.5,34.0,69,28,19.39738308418467,40,8,112.3163097347826,0.2463768115942029,2628.5039143779154,3,Eastern Mediterranean,0.4057971014492754,0.2811214939736909,1.4434936856420248,8.602616915815329,26.250674241940455,0.2,0.29788729078613463,0.5236432631830259,0.017307467202645924,0.06604834910421496,False,41,0.5942028985507246,Normal,3,1,0.3333333333333333
0.0_9.0,0.0,9.0,56,25,17.325415464356322,27,10,104.31658836071428,0.23214285714285715,3091.0472339021803,3,Gulf of Guinea,0.44642857142857145,0.3093824190063629,1.442966839752423,7.674584535643678,18.1168373571907,0.37037037037037035,0.3238651625129941,0.5758701386821612,0.021293582497709983,0.07979328026217676,False,31,0.5535714285714286,Normal,3,1,0.3333333333333333
39.5_124.0,39.5,124.0,119,108,74.94766866253346,3,0,27.88404285882353,0.9495798319327731,2376.549041372937,2,Open ocean / other,0.907563025210084,0.6298123417019619,1.4410054632425076,33.05233133746654,50.072604405947146,0.0,0.8420348151936627,0.9475999665089527,4.6822871278724556e-12,8.526691296020366e-11,False,11,0.09243697478991597,"Non-carriage area (small craft, AIS not required)",2,2,1.0
21.5_91.5,21.5,91.5,231,145,100.70804407861394,87,5,89.05897973463203,0.5151515151515151,2871.0215292823814,3,Bay of Bengal,0.6277056277056277,0.43596555878187854,1.4398055421154958,44.29195592138606,80.4591667613649,0.05747126436781609,0.5637526484881427,0.687480523147547,3.588337851866459e-09,5.246048859489274e-08,False,86,0.3722943722943723,"Elevated dark, unclassified",3,2,0.6666666666666666
21.0_91.0,21.0,91.0,168,167,116.76726944469549,1,0,21.93224173511905,0.9880952380952381,2880.9077704872743,3,Bay of Bengal,0.9940476190476191,0.6950432705041398,1.430195300397054,50.232730555304514,58.3149525719057,0.0,0.9670573913601588,0.9989485117506134,2.1447538308545134e-25,1.0601211792509452e-23,False,1,0.005952380952380952,"Non-carriage area (small craft, AIS not required)",2,2,1.0
20.5_109.0,20.5,109.0,98,85,59.510102159043356,5,1,32.364045051020405,0.8979591836734694,2890.5746194115304,1,South China Sea,0.8673469387755102,0.6072459403984016,1.4283289209088195,25.489897840956644,33.90329360186213,0.2,0.7861693677036048,0.9208108839813649,1.419616940144764e-08,1.895411547730856e-07,False,13,0.1326530612244898,"Non-carriage area (small craft, AIS not required)",1,1,1.0
42.0_130.0,42.0,130.0,25,25,17.535661887453625,1,1,28.748677824,0.96,2288.070976239017,1,Open ocean / other,1.0,0.701426475498145,1.425666174476536,7.4643381125463755,10.926234482941338,1.0,0.8668035060468213,1.0,0.00014110872244611848,0.0008092312370114418,False,0,0.0,"Non-carriage area (small craft, AIS not required)",1,1,1.0
-3.5_120.0,-3.5,120.0,30,30,21.050110457758304,0,0,21.126257193333334,0.9333333333333333,3086.105189124408,4,Open ocean / other,1.0,0.7016703485919434,1.4251706688286327,8.949889542241696,9.72099075097036,,0.8864829086095221,1.0,2.420994098993182e-05,0.00016424783495130215,False,0,0.0,"Non-carriage area (small craft, AIS not required)",3,3,1.0
21.0_90.5,21.0,90.5,109,109,76.52903881635831,0,0,20.83155847614679,1.0,2880.9077704872743,2,Bay of Bengal,1.0,0.7021012735445716,1.424295949431171,32.47096118364169,37.835296609153104,,0.9659558177126165,0.9999999999999999,1.8095639164859445e-17,5.366649558035458e-16,False,0,0.0,"Non-carriage area (small craft, AIS not required)",2,2,1.0
11.5_119.5,11.5,119.5,49,49,34.42881790084171,0,0,21.715122734693875,0.8775510204081632,3026.3046078266293,1,South China Sea,1.0,0.7026289367518715,1.4232263257229654,14.571182099158293,16.191364171761226,,0.9272997032640949,0.9999999999999999,3.0872766552057515e-08,3.831324619471886e-07,False,0,0.0,"Non-carriage area (small craft, AIS not required)",1,1,1.0
27.5_-13.5,27.5,-13.5,25,25,17.588729534635068,0,0,21.618549048,1.0,2735.564629421435,5,Open ocean / other,1.0,0.7035491813854027,1.421364741027539,7.411270465364932,9.138881140339732,,0.8668035060468213,1.0,0.00015218139166018338,0.0008447287943490393,False,0,0.0,"Non-carriage area (small craft, AIS not required)",4,4,1.0
11.5_102.0,11.5,102.0,25,25,17.588729534635068,0,0,20.563133724,0.76,3026.3046078266293,4,Open ocean / other,1.0,0.7035491813854027,1.421364741027539,7.411270465364932,8.26090008763328,,0.8668035060468213,1.0,0.00015218139166018338,0.0008447287943490393,False,0,0.0,"Non-carriage area (small craft, AIS not required)",3,3,1.0
13.5_74.5,13.5,74.5,33,33,23.296033963043573,0,0,21.88643966969697,1.0,3002.4927996365627,2,India West Coast corridor,1.0,0.7059404231225326,1.4165501326256063,9.703966036956427,10.990867323310313,,0.8957265699643882,1.0,1.0217524317415032e-05,7.468866367237185e-05,False,0,0.0,"Non-carriage area (small craft, AIS not required)",2,2,1.0
9.0_98.0,9.0,98.0,40,40,28.24281978018706,1,1,20.4895502975,0.975,3050.8814309198565,2,Open ocean / other,1.0,0.7060704945046765,1.4162891776146536,11.757180219812941,13.110965111462818,1.0,0.9123754607496077,1.0,8.993371580527075e-07,7.84463840385471e-06,False,0,0.0,"Non-carriage area (small craft, AIS not required)",2,2,1.0
-1.5_117.0,-1.5,117.0,195,81,57.27787308561667,81,16,96.89870328,0.18461538461538463,3090.341066185425,4,Open ocean / other,0.4153846153846154,0.2937326824903419,1.4141586556282293,23.72212691438333,63.099831320786556,0.19753086419753085,0.34850425569138765,0.48553449676282723,0.00019586596718921943,0.0010589003851167176,False,114,0.5846153846153846,"Elevated dark, unclassified",2,0,0.0
3.0_103.5,3.0,103.5,36,35,24.763500915778152,0,0,22.296278736111113,0.9444444444444444,3086.105189124408,3,Open ocean / other,0.9722222222222222,0.687875025438282,1.4133704325182723,10.236499084221848,11.66518890116443,,0.8582996626496918,0.9950797197044302,2.4505838028795077e-05,0.00016517571346681356,False,1,0.027777777777777776,"Non-carriage area (small craft, AIS not required)",3,3,1.0
10.5_103.0,10.5,103.0,29,19,13.483545997690237,6,0,66.36757738275861,0.3793103448275862,3036.8294927635493,1,Open ocean / other,0.6551724137931034,0.46494986198931854,1.409124869915877,5.516454002309763,9.54943307456148,0.0,0.47344776507155983,0.8005949125080951,0.030734223109277738,0.11038797089076226,False,10,0.3448275862068966,Normal,1,1,1.0
34.5_11.0,34.5,11.0,29,29,20.58329420834876,0,0,19.30819021034483,1.0,2539.7736715851565,6,Open ocean / other,1.0,0.7097687658051297,1.4089095606590198,8.416705791651239,11.418340273564668,,0.8830264055344442,1.0,4.8127093030420466e-05,0.0003027631670640997,False,0,0.0,"Non-carriage area (small craft, AIS not required)",6,6,1.0
16.0_-17.0,16.0,-17.0,33,28,19.88149301448636,1,0,35.648132881818185,0.9696969696969697,2967.587696103858,1,Open ocean / other,0.8484848484848485,0.6024694852874655,1.4083449356443305,8.11850698551364,11.1201431530821,0.0,0.6907978686153953,0.9334964074203904,0.002146986858226724,0.009564688235361973,False,5,0.15151515151515152,"Elevated dark, unclassified",1,1,1.0
11.0_97.5,11.0,97.5,44,44,31.249261896737355,0,0,20.56109095681818,0.7727272727272727,3031.6824874746285,3,Open ocean / other,1.0,0.7102104976531217,1.4080332567661034,12.750738103262645,14.513393200569533,,0.9197016822179859,0.9999999999999999,2.8908918378010766e-07,2.8308921958844502e-06,False,0,0.0,"Non-carriage area (small craft, AIS not required)",2,2,1.0
53.5_1.0,53.5,1.0,27,15,10.664921747738966,6,1,65.16463757037037,0.5185185185185185,1827.7834521350646,5,Open ocean / other,0.5555555555555556,0.3949971017681098,1.4064800806607043,4.3350782522610345,14.77199061434813,0.16666666666666666,0.37312719479576884,0.7241440232992717,0.06698815004526398,0.22358102812535052,False,12,0.4444444444444444,Normal,4,1,0.25
13.0_120.0,13.0,120.0,29,12,8.535209399194356,14,1,109.66558587241379,0.3103448275862069,3008.789905913281,2,Open ocean / other,0.41379310344827586,0.29431756548946053,1.4059409018286873,3.464790600805644,9.638426379656911,0.07142857142857142,0.2551293527964552,0.5926247152148476,0.11531093053724781,0.3682853719928099,False,17,0.5862068965517241,Normal,2,0,0.0
12.5_97.5,12.5,97.5,34,33,23.481025293434236,0,0,20.72494737647059,0.4411764705882353,3014.8578811896923,3,Open ocean / other,0.9705882352941176,0.6906183909833599,1.4053900793347154,9.518974706565764,11.277480179789858,,0.8508409778365519,0.9947892280744034,5.5519870641228276e-05,0.0003426645445027421,False,1,0.029411764705882353,"Non-carriage area (small craft, AIS not required)",2,2,1.0
13.5_98.0,13.5,98.0,31,31,22.08057654520561,0,0,21.094388503225804,0.8387096774193549,3002.4927996365627,3,Open ocean / other,1.0,0.712276662748568,1.4039488478271225,8.91942345479439,10.324754152200597,,0.889740999265246,0.9999999999999999,2.7046443912190133e-05,0.00017996287680034203,False,0,0.0,"Non-carriage area (small craft, AIS not required)",2,2,1.0
14.0_97.5,14.0,97.5,130,129,91.96867843433633,0,0,20.826684287692306,0.9307692307692308,2995.9670419085055,3,Open ocean / other,0.9923076923076923,0.7074513725718179,1.40265144825478,37.031321565663674,43.391665589614355,,0.9577135163674926,0.9986408607469472,1.5812714326175303e-18,5.294708861474182e-17,False,1,0.007692307692307693,"Non-carriage area (small craft, AIS not required)",2,2,1.0
9.5_104.0,9.5,104.0,33,33,23.577858882062458,0,0,17.831018915151514,0.7272727272727273,3046.429330018552,2,Open ocean / other,1.0,0.7144805721837109,1.3996181826800953,9.422141117937542,10.832353691854404,,0.8957265699643882,1.0,1.5194415463686043e-05,0.00010656623818450076,False,0,0.0,"Non-carriage area (small craft, AIS not required)",2,2,1.0
-6.0_108.5,-6.0,108.5,40,27,19.293910603235588,5,0,55.9648178625,0.3,3075.5239629307252,4,Open ocean / other,0.675,0.4823477650808897,1.3994052608221426,7.706089396764412,13.005913945760073,0.0,0.52017458088898,0.7991568303733828,0.010932719190888469,0.043313597405123014,False,13,0.325,"Elevated dark, unclassified",3,3,1.0
10.0_75.5,10.0,75.5,62,56,40.05847439709046,5,1,35.09054792258065,0.9032258064516129,3041.745231729066,2,India West Coast corridor,0.9032258064516129,0.6461044257595235,1.397956383582781,15.941525602909543,20.383035157995923,0.2,0.8045095713255586,0.9548887422026668,3.5283900370060352e-06,2.7331857152330335e-05,False,6,0.0967741935483871,"Non-carriage area (small craft, AIS not required)",2,2,1.0
-38.0_-74.0,-38.0,-74.0,48,44,31.480718141931582,1,0,26.561663935416664,0.9791666666666666,2444.082085696121,2,Open ocean / other,0.9166666666666666,0.6558482946235746,1.3976809487517068,12.519281858068418,19.639274916713237,0.0,0.8044643483893369,0.9671167756500444,2.8301200413383608e-05,0.00018592813942463408,False,4,0.08333333333333333,"Non-carriage area (small craft, AIS not required)",1,1,1.0
15.0_42.5,15.0,42.5,68,15,10.73971315251596,65,15,169.42419938382352,0.0,2982.2315773201562,4,Southern Red Sea,0.22058823529411764,0.15793695812523473,1.3966853478284933,4.260286847484039,22.801716847591372,0.23076923076923078,0.1384889157967965,0.3325696352377016,0.10853826672345158,0.3488009933713398,False,53,0.7794117647058824,Normal,2,0,0.0
9.0_76.0,9.0,76.0,54,53,38.02423523297685,0,0,22.04171435185185,0.9629629629629629,3050.8814309198565,2,India West Coast corridor,0.9814814814814815,0.7041525043143861,1.3938478887284835,14.97576476702315,17.699802900474808,,0.902283346415128,0.996723596684648,1.4077660464543075e-07,1.5381696381258644e-06,False,1,0.018518518518518517,"Non-carriage area (small craft, AIS not required)",1,1,1.0
11.5_97.5,11.5,97.5,89,88,63.24716496190313,0,0,20.520389686516854,0.9213483146067416,3026.3046078266293,2,Open ocean / other,0.9887640449438202,0.7106423029427318,1.391366712689916,24.75283503809687,29.408804311974475,,0.9390660617800944,0.9980138679065976,2.3331350741968253e-12,4.484804087067231e-11,False,1,0.011235955056179775,"Non-carriage area (small craft, AIS not required)",2,2,1.0
14.0_97.0,14.0,97.0,40,39,28.03989050851073,0,0,22.06085512,0.575,2995.9670419085055,5,Open ocean / other,0.975,0.7009972627127683,1.3908756165849732,10.96010949148927,13.35128171988134,,0.8711834051199223,0.9955732825922052,1.2173297427457304e-05,8.77491856229214e-05,False,1,0.025,"Non-carriage area (small craft, AIS not required)",4,4,1.0
35.5_11.0,35.5,11.0,35,33,23.733034828330847,0,0,23.733845597142857,0.9428571428571428,2508.637392479843,8,Open ocean / other,0.9428571428571428,0.6780867093808813,1.3904669267415768,9.266965171669153,13.951797140917895,,0.8139261926062996,0.984187170385956,0.0001888035022700299,0.0010260630123366022,False,2,0.05714285714285714,"Non-carriage area (small craft, AIS not required)",5,5,1.0
11.5_100.5,11.5,100.5,31,25,18.01181112476092,4,1,49.97887489032259,0.6451612903225806,3026.3046078266293,2,Open ocean / other,0.8064516129032258,0.5810261653148684,1.3879781342828086,6.988188875239079,10.243516108665267,0.25,0.6371939644454013,0.9081311641365236,0.007205579126519333,0.029102689234735673,False,6,0.1935483870967742,"Elevated dark, unclassified",2,2,1.0
13.5_97.5,13.5,97.5,43,42,30.285814013796003,0,0,22.461773962790698,0.9069767441860465,3002.4927996365627,3,Open ocean / other,0.9767441860465116,0.7043212561347908,1.3867878862647665,11.714185986203997,14.321433178858895,,0.8794073213878312,0.9958830188225801,5.420977600110574e-06,4.107280838623924e-05,False,1,0.023255813953488372,"Non-carriage area (small craft, AIS not required)",2,2,1.0
9.0_97.5,9.0,97.5,25,24,17.306904615616183,0,0,22.234630204,0.96,3050.8814309198565,2,Open ocean / other,0.96,0.6922761846246474,1.3867297782611325,6.693095384383817,8.194353194664261,,0.8045552759497747,0.9929039496133008,0.0012309139873739774,0.005632375570340864,False,1,0.04,"Non-carriage area (small craft, AIS not required)",2,2,1.0
41.0_28.5,41.0,28.5,27,13,9.382366902765497,12,2,95.49080318888889,0.4444444444444444,2323.994479997919,4,Turkish Straits (Bosphorus-Dardanelles),0.48148148148148145,0.3474950704727962,1.3855778754685226,3.6176330972345028,11.617927767205446,0.16666666666666666,0.3074295064970908,0.6601467541378958,0.10541499893481338,0.340874669452761,False,14,0.5185185185185185,Normal,3,1,0.3333333333333333
11.0_75.0,11.0,75.0,27,26,18.792309509636432,1,0,24.180686066666667,0.9629629629629629,3031.6824874746285,1,India West Coast corridor,0.9629629629629629,0.6960114633198679,1.3835446881431772,7.207690490363568,8.905945827622213,0.0,0.8171614606584348,0.9934320234669025,0.000720438343495382,0.0034066266736784557,False,1,0.037037037037037035,"Non-carriage area (small craft, AIS not required)",1,1,1.0
11.5_74.5,11.5,74.5,27,24,17.364493551535904,3,1,43.32233805925926,0.8518518518518519,3026.3046078266293,1,India West Coast corridor,0.8888888888888888,0.6431293907976261,1.3821307214501042,6.6355064484640955,8.921772094643941,0.3333333333333333,0.7194181745602705,0.9614803521050127,0.004160212275468758,0.017412501378776493,False,3,0.1111111111111111,"Non-carriage area (small craft, AIS not required)",1,1,1.0
9.5_98.0,9.5,98.0,31,31,22.429419668730443,0,0,19.909771954838707,0.9032258064516129,3046.429330018552,3,Open ocean / other,1.0,0.72352966673324,1.3821133340876435,8.570580331269557,10.17584740749959,,0.889740999265246,0.9999999999999999,4.3969004839045125e-05,0.0002799989387909745,False,0,0.0,"Non-carriage area (small craft, AIS not required)",3,3,1.0
42.0_130.5,42.0,130.5,45,45,32.56155290320354,0,0,19.45974262888889,1.0,2288.070976239017,1,Open ocean / other,1.0,0.7235900645156342,1.3819979696230247,12.438447096796459,19.667222069294407,,0.9213457380593594,1.0000000000000002,4.755177966780882e-07,4.446733990557258e-06,False,0,0.0,"Non-carriage area (small craft, AIS not required)",1,1,1.0
9.5_101.0,9.5,101.0,26,18,13.051987017028042,3,1,53.546471773076924,0.2692307692307692,3046.429330018552,2,Open ocean / other,0.6923076923076923,0.5019995006549247,1.3791003604674614,4.948012982971958,8.53458169661256,0.3333333333333333,0.5001138848576876,0.8349887906020732,0.03946547536825302,0.1370072355593533,False,8,0.3076923076923077,Normal,2,2,1.0
11.5_98.0,11.5,98.0,36,36,26.10560730636661,0,0,20.832405055555554,0.4166666666666667,3026.3046078266293,2,Open ocean / other,1.0,0.7251557585101837,1.3790140783746623,9.894392693633389,11.895696126191922,,0.9035781695514236,1.0,9.452067251608616e-06,6.958330359694854e-05,False,0,0.0,"Non-carriage area (small craft, AIS not required)",2,2,1.0
21.0_89.0,21.0,89.0,62,62,45.00662784746786,0,0,19.334819716129033,0.9838709677419355,2880.9077704872743,4,Bay of Bengal,1.0,0.7259133523785138,1.37757488097363,16.99337215253214,21.52099440153663,,0.9416539087749995,1.0000000000000002,2.3705911595405152e-09,3.566193657395732e-08,False,0,0.0,"Non-carriage area (small craft, AIS not required)",3,3,1.0
18.5_57.0,18.5,57.0,25,25,18.15237937267283,0,0,17.04134406,0.96,2927.0336207249425,3,Open ocean / other,1.0,0.7260951749069132,1.37722992048281,6.847620627327171,8.541070325597495,,0.8668035060468213,1.0,0.00033484110707053305,0.0017121431977301148,False,0,0.0,"Non-carriage area (small craft, AIS not required)",2,2,1.0
25.5_120.0,25.5,120.0,44,15,10.896992679916035,28,11,121.73297165454545,0.25,2784.1273041239665,3,Taiwan Strait,0.3409090909090909,0.24765892454354627,1.3765265739460495,4.1030073200839645,15.80387503647026,0.39285714285714285,0.21875632628639946,0.4886113202806049,0.106522884682445,0.3433874357154594,False,29,0.6590909090909091,Normal,3,1,0.3333333333333333
12.5_98.0,12.5,98.0,66,65,47.222735968630865,0,0,20.615100365151516,0.19696969696969696,3014.8578811896923,3,Open ocean / other,0.9848484848484849,0.7154959995247101,1.3764556133125836,17.777264031369135,21.891579172533252,,0.9190388760177447,0.9973204284655434,6.907835365759042e-09,9.689639337375521e-08,False,1,0.015151515151515152,"Non-carriage area (small craft, AIS not required)",2,2,1.0
-8.5_140.0,-8.5,140.0,26,26,18.889143098264654,1,1,20.585383134615384,0.19230769230769232,3059.08830207225,2,Open ocean / other,1.0,0.7265055037794098,1.3764520637460056,7.110856901735346,8.499264301193072,1.0,0.8712669561953784,1.0000000000000002,0.000246724130366769,0.0013066308536770726,False,0,0.0,"Non-carriage area (small craft, AIS not required)",2,2,1.0
-14.5_-77.0,-14.5,-77.0,27,27,19.637784266693078,1,1,23.406396251851852,0.9629629629629629,2995.9670419085055,2,Open ocean / other,1.0,0.7273253432108547,1.3749005301883117,7.362215733306922,9.012115160919903,1.0,0.8754409628553641,1.0,0.00018478871915488928,0.0010148713782157411,False,0,0.0,"Non-carriage area (small craft, AIS not required)",2,2,1.0
-3.5_-80.5,-3.5,-80.5,27,17,12.375149896813658,8,0,80.23892253333334,0.5555555555555556,3086.105189124408,4,Open ocean / other,0.6296296296296297,0.4583388850671725,1.3737207340314435,4.624850103186342,8.748891675873322,0.0,0.442289046234463,0.7846771293206314,0.05565141226510066,0.18939726534811308,False,10,0.37037037037037035,Normal,4,1,0.25
-4.5_109.0,-4.5,109.0,63,61,44.41523573979574,2,1,22.478095469841268,0.9365079365079365,3082.576770069333,4,Open ocean / other,0.9682539682539683,0.7050037419015197,1.3734025944917911,16.58476426020426,20.437447207059503,0.5,0.8914331816504081,0.9912506559597031,1.0079585257336758e-07,1.1625121663461728e-06,False,2,0.031746031746031744,"Non-carriage area (small craft, AIS not required)",3,3,1.0
-5.0_107.5,-5.0,107.5,28,22,16.027286811643723,4,0,46.14519933928572,0.6428571428571429,3080.4603636605075,6,Open ocean / other,0.7857142857142857,0.5724031004158473,1.372659031971471,5.972713188356277,9.08955048742378,0.0,0.6046105292072612,0.8978767829881058,0.01582381362249957,0.061748565940430655,False,6,0.21428571428571427,Normal,5,5,1.0
26.5_52.0,26.5,52.0,41,19,13.873574939257573,10,0,94.2969069414634,0.24390243902439024,2760.2663687102918,4,Persian Gulf,0.4634146341463415,0.3383798765672579,1.369510027746083,5.126425060742427,14.853638933099365,0.0,0.32055999118185885,0.6125378465402564,0.06565478591358684,0.2205490866611752,False,22,0.5365853658536586,Normal,4,1,0.25
36.0_11.0,36.0,11.0,45,42,30.699059993410074,2,0,26.41517316,0.9111111111111111,2492.782092805216,5,Open ocean / other,0.9333333333333333,0.6822013331868906,1.3681200665106947,11.300940006589926,18.0521194090254,0.0,0.8214312561135918,0.977068383537853,5.612039746191345e-05,0.0003426645445027421,False,3,0.06666666666666667,"Non-carriage area (small craft, AIS not required)",5,5,1.0
-14.0_-77.5,-14.0,-77.5,28,27,19.748943472408264,2,1,32.747764139285714,0.9285714285714286,3002.4927996365627,4,Open ocean / other,0.9642857142857143,0.7053194097288665,1.3671617440053117,7.251056527591736,9.325584395536024,0.5,0.8228742388150135,0.9936676435024582,0.000722021067638979,0.0034066266736784557,False,1,0.03571428571428571,"Non-carriage area (small craft, AIS not required)",3,2,0.6666666666666666
15.0_73.0,15.0,73.0,34,32,23.457270407761037,2,1,25.291166699999998,0.9411764705882353,2982.2315773201562,1,India West Coast corridor,0.9411764705882353,0.6899197178753246,1.3641825942976098,8.542729592238963,11.400858423795686,0.5,0.8090606311053629,0.9837176869361576,0.00042831783952797524,0.0021477967025605713,False,2,0.058823529411764705,"Non-carriage area (small craft, AIS not required)",1,1,1.0
0.0_117.5,0.0,117.5,54,19,13.934021128608753,26,7,101.15039688333334,0.05555555555555555,3091.0472339021803,4,Open ocean / other,0.35185185185185186,0.2580374283075695,1.3635690533718217,5.065978871391247,17.469807451576745,0.2692307692307692,0.23822831722420018,0.4851541618220226,0.0808187872405918,0.26631714652614064,False,35,0.6481481481481481,Normal,2,0,0.0
38.5_23.0,38.5,23.0,28,25,18.344758139324906,0,0,27.971518449999998,0.8928571428571429,2410.682722189525,3,Open ocean / other,0.8928571428571429,0.6551699335473181,1.3627871139063166,6.655241860675094,11.614966889781638,,0.7280377463234293,0.9628823079452005,0.004311949147264021,0.017903212859440215,False,3,0.10714285714285714,"Non-carriage area (small craft, AIS not required)",3,3,1.0
12.0_97.5,12.0,97.5,58,58,42.57571301179193,0,0,19.19174144137931,0.7413793103448276,3020.6962633659346,2,Open ocean / other,1.0,0.7340640174446885,1.3622790059660561,15.424286988208067,19.20087123733888,,0.9378800031047062,0.9999999999999999,1.6314294622600643e-08,2.143574407374616e-07,False,0,0.0,"Non-carriage area (small craft, AIS not required)",2,2,1.0
14.5_97.5,14.5,97.5,74,72,52.86302219253342,0,0,19.36226056216216,0.9594594594594594,2989.2131296908296,3,Open ocean / other,0.972972972972973,0.7143651647639652,1.36201066480398,19.13697780746658,24.755678765419354,,0.9067052877834563,0.9925568034376904,7.163562491221031e-09,9.914370487849907e-08,False,2,0.02702702702702703,"Non-carriage area (small craft, AIS not required)",3,3,1.0
13.0_98.0,13.0,98.0,104,102,74.89264381636028,0,0,21.40841197596154,0.9038461538461539,3008.789905913281,2,Open ocean / other,0.9807692307692307,0.7201215751573103,1.361949516031348,27.107356183639723,34.565391154631676,,0.9325755460364407,0.9947103992759434,1.2585120236547981e-12,2.464783925572982e-11,False,2,0.019230769230769232,"Non-carriage area (small craft, AIS not required)",2,2,1.0
27.0_-14.0,27.0,-14.0,54,48,35.27554037308115,4,0,37.40175942407407,0.8888888888888888,2748.0201352522117,4,Open ocean / other,0.8888888888888888,0.653250747649651,1.3607162212780421,12.72445962691885,19.65051103784722,0.0,0.7780505106792327,0.9480704818244324,7.650008279438513e-05,0.00045900049676631086,False,6,0.1111111111111111,"Non-carriage area (small craft, AIS not required)",4,4,1.0
-2.0_117.0,-2.0,117.0,28,13,9.565020563698434,9,2,79.66471961071429,0.17857142857142858,3089.634952246073,2,Open ocean / other,0.4642857142857143,0.34160787727494407,1.359118876266523,3.4349794363015658,9.062559309683115,0.2222222222222222,0.29531303739659587,0.6418760485789833,0.12220415003813578,0.38555595057624603,False,15,0.5357142857142857,Normal,2,1,0.5
9.0_104.5,9.0,104.5,46,46,33.87384390966973,0,0,16.436628982608696,0.9565217391304348,3050.8814309198565,7,Open ocean / other,1.0,0.7363879110797767,1.3579799246482536,12.12615609033027,15.07760987818224,,0.9229238226702192,1.0,7.707364766978934e-07,6.89676261045184e-06,False,0,0.0,"Non-carriage area (small craft, AIS not required)",5,5,1.0
32.0_122.0,32.0,122.0,83,67,49.36846876250616,6,4,34.00429604939759,0.9156626506024096,2614.209529302789,1,Open ocean / other,0.8072289156626506,0.5948008284639297,1.3571415455948768,17.63153123749384,31.74955911898008,0.6666666666666666,0.7095641358590259,0.8777120082930856,3.1263639553028994e-05,0.00020156309227356583,False,16,0.1927710843373494,"Elevated dark, unclassified",1,1,1.0
25.0_53.0,25.0,53.0,95,49,36.11543307678789,16,10,65.43238335684211,0.09473684210526316,2795.740188976926,3,Persian Gulf,0.5157894736842106,0.3801624534398725,1.3567606927436593,12.884566923212112,33.98026768530459,0.625,0.41665045171484527,0.6137011411367477,0.0048984376554411495,0.020176897961698068,False,46,0.4842105263157895,"Elevated dark, unclassified",3,1,0.3333333333333333
55.0_18.5,55.0,18.5,27,16,11.805973524809563,6,0,64.33322958518518,0.6666666666666666,1761.903688409759,5,Open ocean / other,0.5925925925925926,0.43725827869665046,1.3552461358969623,4.194026475190437,15.32433366114886,0.0,0.4072638305536409,0.7548548662714265,0.07646767804834079,0.2535892965309193,False,11,0.4074074074074074,Normal,5,1,0.2
39.5_123.5,39.5,123.5,228,196,144.628455899261,1,0,26.28416618245614,0.9956140350877193,2376.549041372937,3,Open ocean / other,0.8596491228070176,0.6343353328914957,1.355196657402753,51.37154410073899,95.93742692904159,0.0,0.8085819110042481,0.8987976101860818,2.8626453677624104e-14,6.910292771482283e-13,False,32,0.14035087719298245,"Non-carriage area (small craft, AIS not required)",2,2,1.0
-13.5_-77.5,-13.5,-77.5,27,27,19.93148662854856,0,0,17.662521899999998,1.0,3008.789905913281,3,Open ocean / other,1.0,0.7382032084647614,1.3546405495577518,7.068513371451441,8.973707318990916,,0.8754409628553641,1.0,0.0002758989629248139,0.001439111173447019,False,0,0.0,"Non-carriage area (small craft, AIS not required)",3,3,1.0
-3.0_-80.5,-3.0,-80.5,42,24,17.720829136926067,17,1,90.99385782619048,0.5476190476190477,3087.5169330678864,3,Open ocean / other,0.5714285714285714,0.42192450326014447,1.3543384349883272,6.279170863073933,13.603164261278087,0.058823529411764705,0.4220597791187447,0.7088257048085179,0.03628392582934106,0.12767022037578313,False,18,0.42857142857142855,Normal,3,2,0.6666666666666666
22.0_91.5,22.0,91.5,234,75,55.43341679127639,152,4,131.40052309700854,0.18376068376068377,2860.9166486724735,4,Bay of Bengal,0.32051282051282054,0.2368949435524632,1.352974511428688,19.566583208723607,81.79196695876513,0.02631578947368421,0.26403140438211636,0.3827923640419104,0.002219677297518897,0.009762817944172096,False,159,0.6794871794871795,"Elevated dark, unclassified",3,0,0.0
9.0_100.0,9.0,100.0,35,35,25.92061597597595,0,0,16.466338377142858,0.9428571428571428,3050.8814309198565,4,Open ocean / other,1.0,0.7405890278850271,1.3502765533210752,9.079384024024051,11.472094472529967,,0.9010957324106112,1.0,2.7239841308302895e-05,0.00018009525654788793,False,0,0.0,"Non-carriage area (small craft, AIS not required)",3,3,1.0
0.0_128.0,0.0,128.0,34,14,10.370998844538974,11,3,79.77219057058824,0.0,3091.0472339021803,2,Open ocean / other,0.4117647058823529,0.30502937778055805,1.349918191088406,3.629001155461026,10.99950839543721,0.2727272727272727,0.26365737785688864,0.5777869585348072,0.12318838450035964,0.3874834639738585,False,20,0.5882352941176471,Normal,2,1,0.5
14.5_73.5,14.5,73.5,56,55,40.76396383558557,1,0,24.59093313392857,0.9821428571428571,2989.2131296908296,1,India West Coast corridor,0.9821428571428571,0.7279279256354566,1.3492309094825279,14.236036164414429,18.734027173830864,0.0,0.9055414182080672,0.9968408710355361,4.149556442920514e-07,3.915672352501357e-06,False,1,0.017857142857142856,"Non-carriage area (small craft, AIS not required)",1,1,1.0
41.5_28.0,41.5,28.0,65,46,34.19408267138847,0,0,34.49306336,0.9846153846153847,2306.1205381222103,3,Black Sea,0.7076923076923077,0.5260628103290534,1.345261998751907,11.805917328611528,28.18586406282437,,0.5880373289917318,0.8041673844373576,0.0021817726999717795,0.009659818410573867,False,19,0.2923076923076923,"Elevated dark, unclassified",2,2,1.0
14.5_96.0,14.5,96.0,40,38,28.25469722302366,0,0,20.638784645,0.85,2989.2131296908296,3,Open ocean / other,0.95,0.7063674305755915,1.3449091207756871,9.745302776976342,13.381447981307758,,0.834958291820748,0.9861796228538989,0.00013939529107748625,0.0008038461785468374,False,2,0.05,"Non-carriage area (small craft, AIS not required)",3,3,1.0
35.0_-6.5,35.0,-6.5,30,27,20.086284212858956,3,0,45.860880849999994,0.9,2524.3016497044573,2,Open ocean / other,0.9,0.6695428070952986,1.3442008344537404,6.913715787141044,11.884475060067551,0.0,0.7437855868473339,0.9654007400402839,0.0036191892153001875,0.015333544512169775,False,3,0.1,"Elevated dark, unclassified",2,2,1.0
53.5_0.0,53.5,0.0,105,40,29.816349684413158,54,14,106.09735555714286,0.23809523809523808,1827.7834521350646,7,Open ocean / other,0.38095238095238093,0.2839652350896491,1.3415458439203396,10.183650315586842,57.446630166909394,0.25925925925925924,0.293823651390926,0.4764847600987984,0.02007796395966569,0.07606177587639776,False,65,0.6190476190476191,Normal,6,2,0.3333333333333333
20.5_111.0,20.5,111.0,42,25,18.636409315302707,7,0,55.2738513595238,0.5476190476190477,2890.5746194115304,2,South China Sea,0.5952380952380952,0.4437240313167311,1.3414601266281498,6.363590684697293,14.529982972226628,0.0,0.44494045528177417,0.7295735232879093,0.034686301140358575,0.12372639375839245,False,17,0.40476190476190477,Normal,1,1,1.0
35.5_11.5,35.5,11.5,36,32,23.878909068864576,2,0,34.58183998333333,0.8333333333333334,2508.637392479843,6,Open ocean / other,0.8888888888888888,0.6633030296906827,1.3400947215685166,8.121090931135424,14.350419916372692,0.0,0.7468487098496367,0.9559343109125816,0.0019181059656616815,0.00861902161193431,False,4,0.1111111111111111,"Non-carriage area (small craft, AIS not required)",5,5,1.0
34.0_11.0,34.0,11.0,52,47,35.13177885835011,1,0,27.89243018269231,0.8653846153846154,2555.052279867656,8,Open ocean / other,0.9038461538461539,0.6756111318913482,1.3378201026911296,11.86822114164989,20.351834054328407,0.0,0.79390118138839,0.9582262648165898,0.00011637186353433811,0.0006824519454725591,False,5,0.09615384615384616,"Non-carriage area (small craft, AIS not required)",6,5,0.8333333333333334
35.5_-1.5,35.5,-1.5,31,30,22.429419668730443,0,0,21.397046612903225,1.0,2508.637392479843,5,Open ocean / other,0.967741935483871,0.72352966673324,1.337529032988042,7.570580331269557,12.357306039098708,,0.8380554282383037,0.9942829259130554,0.0005648044389415068,0.002741465982191248,False,1,0.03225806451612903,"Non-carriage area (small craft, AIS not required)",5,5,1.0
7.0_98.5,7.0,98.5,36,35,26.172625510872564,0,0,20.469956255555555,0.9722222222222222,3066.3633452937634,3,Open ocean / other,0.9722222222222222,0.7270173753020157,1.3372750848194572,8.827374489127436,11.740291656972937,,0.8582996626496918,0.9950797197044302,0.00015048765603560655,0.0008447287943490393,False,1,0.027777777777777776,"Non-carriage area (small craft, AIS not required)",2,2,1.0
21.5_68.0,21.5,68.0,39,35,26.174695323164933,5,1,43.977881369230765,0.8717948717948718,2871.0215292823814,2,India West Coast corridor,0.8974358974358975,0.671146033927306,1.3371693373265194,8.825304676835067,13.584015167503166,0.2,0.7642084129775517,0.9593873444171301,0.0010593743832456367,0.004909065222361478,False,4,0.10256410256410256,"Non-carriage area (small craft, AIS not required)",2,2,1.0
31.0_33.0,31.0,33.0,27,27,20.213311547567443,0,0,17.11558324814815,1.0,2642.5981287033196,2,Suez Canal & Gulf of Suez,1.0,0.7486411684284238,1.3357534185559663,6.786688452432557,10.217217558255241,,0.8754409628553641,1.0,0.00040307888912182973,0.0020310479947012587,False,0,0.0,"Non-carriage area (small craft, AIS not required)",2,2,1.0
21.0_91.5,21.0,91.5,223,204,152.83645739778976,17,0,30.92287250089686,0.9192825112107623,2880.9077704872743,4,Bay of Bengal,0.9147982062780269,0.6853652798107164,1.3347600662389478,51.16354260221024,77.40615728294625,0.0,0.8707692827503402,0.9447777774008843,1.8745822898939497e-16,5.405045602527555e-15,False,19,0.08520179372197309,"Non-carriage area (small craft, AIS not required)",3,3,1.0
32.0_-117.5,32.0,-117.5,31,19,14.235939724925528,9,0,73.47372778387096,0.6129032258064516,2614.209529302789,4,Open ocean / other,0.6129032258064516,0.4592238620943719,1.3346502139745042,4.764060275074472,11.85826906853473,0.0,0.4382380114113197,0.7626712464872843,0.062310133499105136,0.20999324211711407,False,12,0.3870967741935484,Normal,2,2,1.0
13.5_121.5,13.5,121.5,48,39,29.238194688946567,1,0,33.36811861875,0.75,3002.4927996365627,4,Open ocean / other,0.8125,0.6091290560197201,1.3338716844492406,9.761805311053433,15.986716106633184,0.0,0.6805986065115378,0.8980872365179983,0.00213969712056477,0.009564688235361973,False,9,0.1875,"Elevated dark, unclassified",3,3,1.0
45.0_29.5,45.0,29.5,28,9,6.754402363832572,14,4,102.73217819285715,0.14285714285714285,2176.1634821639595,3,Black Sea,0.32142857142857145,0.2412286558511633,1.3324642973879979,2.245597636167428,12.866680389359823,0.2857142857142857,0.1793304754342074,0.5066149544436882,0.21576020696949627,0.6417166041098485,False,19,0.6785714285714286,Normal,3,0,0.0
-37.5_-73.5,-37.5,-73.5,50,47,35.31149547828204,0,0,23.429805028,1.0,2460.503210332443,3,Open ocean / other,0.94,0.7062299095656408,1.3310113141174338,11.68850452171796,20.32104643880729,,0.8378265662912299,0.9793854036353695,4.606105516043804e-05,0.0002915327759544798,False,3,0.06,"Non-carriage area (small craft, AIS not required)",1,1,1.0
20.5_70.0,20.5,70.0,95,92,69.150209682056,2,0,19.708024597894738,0.968421052631579,2890.5746194115304,1,India West Coast corridor,0.968421052631579,0.7278969440216421,1.3304370358818067,22.849790317944,32.865437675274514,0.0,0.9112275317602905,0.9892030561702976,6.21977930486691e-10,9.782016543108867e-09,False,3,0.031578947368421054,"Non-carriage area (small craft, AIS not required)",1,1,1.0
3.5_103.5,3.5,103.5,105,94,70.7359318419448,5,1,28.226866326666666,0.8952380952380953,3084.458426322437,6,Open ocean / other,0.8952380952380953,0.6736755413518553,1.3288861481324281,23.264068158055196,34.041632431788116,0.2,0.8220863332710213,0.9404897405830932,1.0855726531802988e-07,1.224809145653424e-06,False,11,0.10476190476190476,"Non-carriage area (small craft, AIS not required)",4,3,0.75
5.5_100.0,5.5,100.0,30,22,16.559471551055783,7,3,57.96279321666667,0.7,3075.5239629307252,2,Strait of Malacca,0.7333333333333333,0.5519823850351927,1.328544810875764,5.440528448944217,9.754435459320053,0.42857142857142855,0.5555169795568831,0.8581750444608938,0.032751191319413335,0.1172266778950036,False,8,0.26666666666666666,Normal,2,2,1.0
10.0_76.0,10.0,76.0,37,36,27.136073393813916,0,0,20.16024403243243,1.0,3041.745231729066,2,India West Coast corridor,0.972972972972973,0.7334073890219978,1.3266473552583606,8.863926606186084,12.164069368481437,,0.8617562156243666,0.9952131489450924,0.0001505312759398945,0.0008447287943490393,False,1,0.02702702702702703,"Non-carriage area (small craft, AIS not required)",2,2,1.0
36.5_11.0,36.5,11.0,50,44,33.16717764946969,2,0,29.212411554,0.88,2476.736958123057,5,Open ocean / other,0.88,0.6633435529893938,1.3266127273480417,10.832822350530307,20.187852341772885,0.0,0.7619492111337642,0.9438247628937535,0.0004410687989806221,0.0021905713557028024,False,6,0.12,"Non-carriage area (small craft, AIS not required)",5,5,1.0
14.5_96.5,14.5,96.5,40,37,27.892101998503755,0,0,23.787398055,0.825,2989.2131296908296,3,Open ocean / other,0.925,0.6973025499625939,1.3265403949112486,9.107898001496245,13.381447981307758,,0.8013546984090248,0.9741644432281419,0.0005311386631466928,0.0026253425349822244,False,3,0.075,"Non-carriage area (small craft, AIS not required)",3,3,1.0
21.0_88.5,21.0,88.5,44,43,32.44357977731883,0,0,17.317906118181817,1.0,2880.9077704872743,5,Bay of Bengal,0.9772727272727273,0.7373540858481552,1.3253777879980162,10.556420222681169,15.272963768832446,,0.8819202086846235,0.9959768516143629,2.5104822438011194e-05,0.00016812132703648787,False,1,0.022727272727272728,"Non-carriage area (small craft, AIS not required)",4,3,0.75
10.0_98.0,10.0,98.0,32,31,23.392867551671795,0,0,20.44171169375,0.75,3041.745231729066,2,Open ocean / other,0.96875,0.7310271109897436,1.3251902500420285,7.607132448328205,10.520276210578539,,0.8425539219962727,0.9944622826374491,0.0005651962622243999,0.002741465982191248,False,1,0.03125,"Non-carriage area (small craft, AIS not required)",2,2,1.0
7.5_100.5,7.5,100.5,44,37,27.922702086509567,2,1,30.936483054545455,0.5681818181818182,3062.8424473383307,6,Open ocean / other,0.8409090909090909,0.6346068656024901,1.325086658353025,9.077297913490433,14.3657405682871,0.5,0.7063350943621745,0.920734234422816,0.0023443390765878697,0.010224470426463062,False,7,0.1590909090909091,"Elevated dark, unclassified",3,3,1.0
36.5_13.5,36.5,13.5,36,18,13.608748114577262,18,7,105.22670019166668,0.3888888888888889,2476.736958123057,5,Open ocean / other,0.5,0.3780207809604795,1.3226786070585705,4.391251885422738,14.535253686076475,0.3888888888888889,0.34474067624730526,0.6552593237526947,0.09184909343021833,0.30075507564847515,False,18,0.5,Normal,4,1,0.25
13.0_74.5,13.0,74.5,50,48,36.30475874534566,0,0,20.310698681999998,1.0,3008.789905913281,2,India West Coast corridor,0.96,0.7260951749069132,1.3221407236634974,11.695241254654341,16.617976516649843,,0.8653966212204534,0.9889613473391734,2.177140217402734e-05,0.00014867575958316036,False,2,0.04,"Non-carriage area (small craft, AIS not required)",2,2,1.0
27.0_120.5,27.0,120.5,31,15,11.348984616465739,12,3,77.81863792903226,0.45161290322580644,2748.0201352522117,1,Open ocean / other,0.4838709677419355,0.3660962779505077,1.3217041441960513,3.6510153835342614,11.280848929134516,0.25,0.3196998603127883,0.6515988171302683,0.12095299962613629,0.3827719927192971,False,16,0.5161290322580645,Normal,1,0,0.0
18.0_72.0,18.0,72.0,26,24,18.189582193056513,0,0,22.06371113076923,0.8846153846153846,2935.5928018133336,2,India West Coast corridor,0.9230769230769231,0.6995993151175581,1.319436573378881,5.810417806943487,8.856814195735744,,0.7585805251948495,0.9786453608166245,0.006667078983490168,0.02703292181587029,False,2,0.07692307692307693,"Non-carriage area (small craft, AIS not required)",1,1,1.0
22.0_68.0,22.0,68.0,61,57,43.24109278695865,4,1,30.873062860655736,0.9344262295081968,2860.9166486724735,4,India West Coast corridor,0.9344262295081968,0.7088703735566992,1.3181905526955364,13.758907213041347,21.321837540532787,0.25,0.8431697859953278,0.9742067130423271,1.3549479926633511e-05,9.69955873368661e-05,False,4,0.06557377049180328,"Non-carriage area (small craft, AIS not required)",2,2,1.0
34.0_-8.0,34.0,-8.0,42,22,16.70127485840208,15,1,83.96461956428571,0.5714285714285714,2555.052279867656,5,Open ocean / other,0.5238095238095238,0.39764940139052574,1.317264711018886,5.29872514159792,16.438019813111406,0.06666666666666667,0.3772221394020704,0.6664063552403504,0.06637484382670936,0.22224867061975587,False,20,0.47619047619047616,Normal,4,2,0.5
8.5_100.0,8.5,100.0,65,60,45.614867942150724,0,0,20.22585121692308,0.9076923076923077,3055.101195388212,2,Open ocean / other,0.9230769230769231,0.7017671991100112,1.3153605985682708,14.385132057849276,21.275890991146184,,0.8322385378144039,0.9666969895411486,1.4116106429796849e-05,9.967699642264712e-05,False,5,0.07692307692307693,"Non-carriage area (small craft, AIS not required)",2,2,1.0
1.5_104.5,1.5,104.5,177,49,37.28145585028912,129,25,171.74611211751412,0.21468926553672316,3089.634952246073,1,Open ocean / other,0.2768361581920904,0.21062969406943005,1.314326355622188,11.71854414971088,57.28832135049684,0.1937984496124031,0.2161913507478019,0.3469622599258483,0.02179843338470193,0.08109954786136417,False,128,0.7231638418079096,Normal,1,0,0.0
-1.5_117.5,-1.5,117.5,30,13,9.893350008835661,7,1,71.13449471,0.16666666666666666,3090.341066185425,2,Open ocean / other,0.43333333333333335,0.32977833362785536,1.3140139576978291,3.106649991164339,9.707666357044085,0.14285714285714285,0.2737723743061511,0.6080299045459127,0.15563874383167142,0.4737625105491934,False,17,0.5666666666666667,Normal,2,1,0.5
21.0_69.5,21.0,69.5,46,40,30.49609111041897,4,0,33.53770584782609,0.8695652173913043,2880.9077704872743,2,India West Coast corridor,0.8695652173913043,0.6629585024004124,1.311643510480398,9.50390888958103,15.967189394688466,0.0,0.7433386576963865,0.9388224286250797,0.0013604274361588569,0.006193524906723217,False,6,0.13043478260869565,"Non-carriage area (small craft, AIS not required)",2,1,0.5
15.5_73.0,15.5,73.0,49,47,35.83794249593612,0,0,17.602867948979593,1.0,2975.022916468681,2,India West Coast corridor,0.9591836734693877,0.7313865815497167,1.3114592168713262,11.162057504063881,16.470461363088404,,0.8628671652316889,0.9887346030720717,3.9146617588694765e-05,0.00025082832751274796,False,2,0.04081632653061224,"Non-carriage area (small craft, AIS not required)",1,1,1.0
20.5_69.5,20.5,69.5,52,47,35.845753332182014,5,0,31.75738948076923,0.9038461538461539,2890.5746194115304,3,India West Coast corridor,0.9038461538461539,0.6893414102342695,1.3111734482032436,11.154246667817986,17.989502727518683,0.0,0.79390118138839,0.9582262648165898,0.0002452073396003373,0.0013052575307956418,False,5,0.09615384615384616,"Non-carriage area (small craft, AIS not required)",3,1,0.3333333333333333
13.0_100.0,13.0,100.0,27,24,18.307555318941223,0,0,22.56034173703704,0.8148148148148148,3008.789905913281,1,Open ocean / other,0.8888888888888888,0.6780576044052304,1.310934178916248,5.692444681058777,8.973707318990916,,0.7194181745602705,0.9614803521050127,0.01129165582907525,0.04440595623958621,False,3,0.1111111111111111,"Non-carriage area (small craft, AIS not required)",1,1,1.0
8.0_100.5,8.0,100.5,25,21,16.01993898669708,1,0,28.239901,0.84,3059.08830207225,3,Open ocean / other,0.84,0.6407975594678832,1.3108664157484213,4.980061013302919,8.172369520377954,0.0,0.6534598601976183,0.9359665239142201,0.025964104358786405,0.09523229796614943,False,4,0.16,Normal,3,3,1.0
9.5_100.0,9.5,100.0,44,39,29.773317553466434,1,1,26.942966288636363,0.8409090909090909,3046.429330018552,3,Open ocean / other,0.8863636363636364,0.6766663080333281,1.3098976937979598,9.226682446533566,14.443138255805872,1.0,0.7602056485186641,0.950472924104325,0.001231743019718089,0.005632375570340864,False,5,0.11363636363636363,"Non-carriage area (small craft, AIS not required)",3,3,1.0
-13.0_-77.5,-13.0,-77.5,36,31,23.667711376354813,5,1,46.927827630555555,0.8611111111111112,3014.8578811896923,3,Open ocean / other,0.8611111111111112,0.6574364271209671,1.3098013368107275,7.332288623645187,11.940861366836321,0.2,0.7134014871960681,0.9391827463688489,0.005549648291893655,0.022768912754883852,False,5,0.1388888888888889,"Elevated dark, unclassified",3,3,1.0
9.5_76.0,9.5,76.0,108,92,70.33969990553406,14,0,45.214218844444446,0.8611111111111112,3046.429330018552,1,India West Coast corridor,0.8518518518518519,0.6512935176438339,1.3079384774679965,21.66030009446594,35.451339355159874,0.0,0.7728269993471539,0.906705482305469,2.6032889256802603e-06,2.0786260806585466e-05,False,16,0.14814814814814814,"Elevated dark, unclassified",1,1,1.0
22.5_68.0,22.5,68.0,42,36,27.601310822197892,5,0,42.97117455714286,0.8571428571428571,2850.5938981832446,3,India West Coast corridor,0.8571428571428571,0.6571740671951879,1.3042858809099604,8.398689177802108,14.73377180340127,0.0,0.7215861764782122,0.9328412431581007,0.0032739727929454233,0.01398511835011255,False,6,0.14285714285714285,"Non-carriage area (small craft, AIS not required)",3,2,0.6666666666666666
24.5_66.0,24.5,66.0,41,36,27.61070047946935,5,0,41.034902951219514,0.8780487804878049,2807.140167390364,4,Open ocean / other,0.8780487804878049,0.6734317190114476,1.3038423283309575,8.389299520530649,14.605611959204493,0.0,0.7445549235115514,0.9467674200265919,0.0024741050563464612,0.010745276353504715,False,5,0.12195121951219512,"Non-carriage area (small craft, AIS not required)",4,2,0.5
14.5_95.5,14.5,95.5,39,37,28.633355730670765,0,0,19.077175394871794,0.9487179487179487,2989.2131296908296,3,Open ocean / other,0.9487179487179487,0.7341886084787376,1.2921992220551104,8.366644269329235,13.046911781775064,,0.8311406095436208,0.9858223423536004,0.0006556635108766811,0.00313630748520735,False,2,0.05128205128205128,"Non-carriage area (small craft, AIS not required)",3,3,1.0
15.0_95.5,15.0,95.5,236,220,170.7491150068749,1,0,18.670858255508474,0.9915254237288136,2982.2315773201562,4,Open ocean / other,0.9322033898305084,0.7235131991816732,1.2884400600913342,49.25088499312511,79.1353702357583,0.0,0.892719712230716,0.957841658273817,4.517075413069746e-16,1.2672227780449723e-14,False,16,0.06779661016949153,"Non-carriage area (small craft, AIS not required)",4,4,1.0
15.0_73.5,15.0,73.5,28,23,17.87790227860059,3,0,41.94483332857143,0.8214285714285714,2982.2315773201562,1,India West Coast corridor,0.8214285714285714,0.638496509950021,1.2865044031217485,5.12209772139941,9.388942231361153,0.0,0.644082084514089,0.9212161417056989,0.029966139381505354,0.10800296068750888,False,5,0.17857142857142858,Normal,1,1,1.0
19.5_57.5,19.5,57.5,35,28,21.884492475861894,3,0,40.334603717142855,0.7714285714285715,2909.247212509951,1,Open ocean / other,0.8,0.6252712135960541,1.2794447954817034,6.115507524138106,12.030603604086217,0.0,0.6410806339053748,0.899576805540992,0.021520191177275542,0.08035236849644609,False,7,0.2,Normal,1,1,1.0
28.5_49.0,28.5,49.0,32,11,8.61349185942462,19,3,140.482549159375,0.21875,2710.0296106464198,4,Persian Gulf,0.34375,0.2691716206070194,1.277066279219169,2.38650814057538,11.807989061922862,0.15789473684210525,0.20410233354328552,0.5168922649121406,0.22213522236992395,0.655046479602219,False,21,0.65625,Normal,4,0,0.0
20.5_109.5,20.5,109.5,53,47,36.84598063552257,0,0,22.429285135849057,0.9245283018867925,2890.5746194115304,1,South China Sea,0.8867924528301887,0.6952071818023127,1.275580109128324,10.154019364477428,18.335454703047883,,0.7742322969866086,0.9470704108893132,0.0009540438461610773,0.004460799605023416,False,6,0.11320754716981132,"Non-carriage area (small craft, AIS not required)",1,1,1.0
9.5_75.5,9.5,75.5,33,28,21.95566193629981,2,0,39.8015195,0.9090909090909091,3046.429330018552,2,India West Coast corridor,0.8484848484848485,0.6653230889787821,1.2752974645554616,6.0443380637001916,10.832353691854404,0.0,0.6907978686153953,0.9334964074203904,0.01606144556628677,0.06188892394965173,False,5,0.15151515151515152,Normal,2,2,1.0
5.5_98.5,5.5,98.5,25,22,17.253836968434744,1,0,24.512036524,0.92,3075.5239629307252,1,Strait of Malacca,0.88,0.6901534787373897,1.2750786993205157,4.746163031565256,8.128696216100046,0.0,0.7004380781662651,0.9583325864293191,0.026428309618907294,0.09625468555938867,False,3,0.12,"Non-carriage area (small craft, AIS not required)",1,1,1.0
35.5_-6.5,35.5,-6.5,60,34,26.749125420727673,24,5,102.86868730333335,0.48333333333333334,2508.637392479843,4,Strait of Gibraltar,0.5666666666666667,0.44581875701212786,1.271069594434429,7.2508745792723275,23.917366527287818,0.20833333333333334,0.44103214654694856,0.6842779960559936,0.04016799538766534,0.13898126404132208,False,26,0.43333333333333335,Normal,3,2,0.6666666666666666
6.5_-58.5,6.5,-58.5,27,11,8.654640327938523,8,0,80.2211818,0.1111111111111111,3069.650727808555,3,Open ocean / other,0.4074074074074074,0.3205422343680934,1.2709944703872085,2.345359672061477,8.795788965631113,0.0,0.24514513372857344,0.5927361694463591,0.22040104512736164,0.651784287299719,False,16,0.5925925925925926,Normal,3,2,0.6666666666666666
-10.5_-78.5,-10.5,-78.5,26,22,17.33269300446252,3,0,39.052338976923075,0.8846153846153846,3041.745231729066,4,Open ocean / other,0.8461538461538461,0.6666420386331738,1.2692776589498136,4.66730699553748,8.547724421095065,0.0,0.6646841558168644,0.9385006600107053,0.03574397763934099,0.12662883545950837,False,4,0.15384615384615385,Normal,4,4,1.0
11.5_100.0,11.5,100.0,26,23,18.12256398855056,0,0,23.12175076153846,0.8076923076923077,3026.3046078266293,2,Open ocean / other,0.8846153846153846,0.6970216918673292,1.269136089933571,4.87743601144944,8.59133609113861,,0.7102370691310166,0.959968281788505,0.024135321639634447,0.08883852433312253,False,3,0.11538461538461539,"Non-carriage area (small craft, AIS not required)",2,2,1.0
35.0_-3.0,35.0,-3.0,46,34,26.824635949312732,9,0,50.56823775217391,0.7391304347826086,2524.3016497044573,5,Open ocean / other,0.7391304347826086,0.583144259767668,1.2674915724577096,7.175364050687268,18.222861758770243,0.0,0.5974057019172069,0.8439926480555066,0.020938142356268334,0.07874562233987872,False,12,0.2608695652173913,Normal,4,3,0.75
29.0_32.5,29.0,32.5,57,34,26.86093084556621,20,0,86.9135405982456,0.5964912280701754,2696.9520422927276,3,Suez Canal & Gulf of Suez,0.5964912280701754,0.47124440079940716,1.2657789186636546,7.139069154433791,21.134969812642005,0.0,0.46697058444753836,0.7138267647346,0.03906120769147875,0.136516948093451,False,23,0.40350877192982454,Normal,3,2,0.6666666666666666
19.0_71.5,19.0,71.5,28,23,18.19696962931793,0,0,26.045670675,0.8214285714285714,2918.2515346938403,1,India West Coast corridor,0.8214285714285714,0.6498917724756403,1.2639467157731417,4.80303037068207,9.594786353102196,,0.644082084514089,0.9212161417056989,0.03921488399238344,0.13659412612112082,False,5,0.17857142857142858,Normal,1,1,1.0
34.0_-7.0,34.0,-7.0,28,24,18.98917828286369,0,0,22.70286140357143,1.0,2555.052279867656,3,Open ocean / other,0.8571428571428571,0.6781849386737032,1.263877754081555,5.010821717136309,10.958679875407602,,0.6850982695512267,0.9430108706929821,0.0281987402947421,0.10234367981098706,False,4,0.14285714285714285,"Non-carriage area (small craft, AIS not required)",2,2,1.0
-5.5_119.0,-5.5,119.0,52,20,15.852691387168338,24,4,89.19287400576923,0.1346153846153846,3078.1093682685055,5,Open ocean / other,0.38461538461538464,0.30485944975323725,1.2616154261470467,4.147308612831662,16.89348680591261,0.16666666666666666,0.26470271334885215,0.5204037305925822,0.13658391422571103,0.4244733621745151,False,32,0.6153846153846154,Normal,3,0,0.0
14.5_97.0,14.5,97.0,80,71,56.29458773153439,0,0,21.02426159375,0.9625,2989.2131296908296,4,Open ocean / other,0.8875,0.70368234664418,1.2612224880053275,14.705412268465608,26.762895962615517,,0.7998158913432244,0.9396738130517298,8.30882468099767e-05,0.0004956643689008954,False,9,0.1125,"Non-carriage area (small craft, AIS not required)",4,4,1.0
-4.5_106.5,-4.5,106.5,61,49,38.877882130178456,2,1,32.08310925409836,0.6065573770491803,3082.576770069333,3,Open ocean / other,0.8032786885245902,0.6373423300029255,1.2603567199449988,10.122117869821544,19.788639359216344,0.5,0.6868982151122219,0.8837231144046315,0.0038784246168728216,0.016298804665238822,False,12,0.19672131147540983,"Elevated dark, unclassified",2,2,1.0
30.0_-10.0,30.0,-10.0,44,31,24.613842149923233,7,0,48.78328153409091,0.7727272727272727,2670.181767114463,3,Open ocean / other,0.7045454545454546,0.5594055034073462,1.2594539207320254,6.386157850076767,16.4782789478593,0.0,0.5577952061434273,0.818446391127567,0.03520931822795774,0.12516189150897306,False,13,0.29545454545454547,Normal,2,2,1.0
15.5_95.5,15.5,95.5,117,109,86.74554194906894,0,0,16.77734552051282,0.9914529914529915,2975.022916468681,5,Open ocean / other,0.9316239316239316,0.7414148884535806,1.2565487234375383,22.254458050931063,39.327428152680476,,0.8708561789839089,0.9649487093988998,1.1725776454514622e-07,1.2948251021049125e-06,False,8,0.06837606837606838,"Non-carriage area (small craft, AIS not required)",3,3,1.0
47.0_-3.0,47.0,-3.0,27,17,13.614935776122335,3,2,43.445274437037035,0.7407407407407407,2098.2251404414346,6,Open ocean / other,0.6296296296296297,0.5042568805971235,1.2486287324112346,3.3850642238776647,12.868018536046906,0.6666666666666666,0.442289046234463,0.7846771293206314,0.1332249638629016,0.41527781528436,False,10,0.37037037037037035,Normal,5,4,0.8
-5.0_107.0,-5.0,107.0,56,40,32.07687400829673,9,2,46.63473688928571,0.5535714285714286,3080.4603636605075,5,Open ocean / other,0.7142857142857143,0.5728013215767273,1.2470043056456794,7.923125991703273,18.17910097484756,0.2222222222222222,0.5852450091364125,0.8158137860829666,0.02087496457179279,0.07874562233987872,False,16,0.2857142857142857,Normal,3,3,1.0
23.5_67.0,23.5,67.0,28,26,20.961952715995864,0,0,18.34575526785714,1.0,2829.297948568382,2,Arabian Sea (open),0.9285714285714286,0.7486411684284237,1.2403424600876831,5.038047284004136,9.896447991335778,,0.7735426157408214,0.9801883525522292,0.015997331399039288,0.06188892394965173,False,2,0.07142857142857142,"Non-carriage area (small craft, AIS not required)",2,2,1.0
-3.5_106.5,-3.5,106.5,29,20,16.129434722045445,2,0,41.40186232758621,0.5862068965517241,3086.105189124408,3,Open ocean / other,0.6896551724137931,0.5561874042084637,1.2399690593412012,3.8705652779545545,9.396957725938014,0.0,0.5076952952728147,0.8272457551023193,0.10272520388346239,0.3332148800969811,False,9,0.3103448275862069,Normal,2,2,1.0
2.0_118.0,2.0,118.0,31,14,11.314775446751147,11,0,92.32245031612904,0.25806451612903225,3088.693550643103,2,Open ocean / other,0.45161290322580644,0.3649927563468112,1.2373201806687089,2.685224553248853,10.03660592794822,0.0,0.29161482836586106,0.6222812039633085,0.20599671132775224,0.6162091825884923,False,17,0.5483870967741935,Normal,2,1,0.5
-5.0_106.5,-5.0,106.5,51,34,27.499187683140754,2,0,41.564770405882356,0.45098039215686275,3080.4603636605075,3,Open ocean / other,0.6666666666666666,0.539199758492956,1.2364001581342992,6.500812316859246,16.555966959236173,0.0,0.5296812196648056,0.7803024423727717,0.04475436029173606,0.15433563449442533,False,17,0.3333333333333333,Normal,2,2,1.0
31.5_30.0,31.5,30.0,31,23,18.711372029969063,5,0,45.86446015483871,0.7741935483870968,2628.5039143779154,4,Eastern Mediterranean,0.7419354838709677,0.6035926461280343,1.229199011337173,4.288627970030937,11.793781181161654,0.0,0.5675352757228489,0.8629845626313024,0.07960957328765778,0.2631679524604738,False,8,0.25806451612903225,Normal,3,3,1.0
15.0_96.5,15.0,96.5,34,29,23.61506170244614,0,0,20.51252144411765,0.6470588235294118,2982.2315773201562,4,Open ocean / other,0.8529411764705882,0.6945606383072395,1.2280298211965317,5.384938297553859,11.400858423795686,,0.6987161182594804,0.9355065361737359,0.02882451212651204,0.10425032608822125,False,5,0.14705882352941177,"Non-carriage area (small craft, AIS not required)",3,3,1.0
12.0_101.0,12.0,101.0,80,64,52.18525072056885,9,4,40.58415983625,0.85,3020.6962633659346,4,Open ocean / other,0.8,0.6523156340071107,1.2264001631935124,11.814749279431147,26.48396032736397,0.4444444444444444,0.6995355220341885,0.8729726362070666,0.0029137805115226475,0.012497951119671521,False,16,0.2,"Elevated dark, unclassified",2,2,1.0
12.0_74.0,12.0,74.0,26,22,17.969836216532535,2,0,36.078392015384615,0.9230769230769231,3020.6962633659346,1,India West Coast corridor,0.8461538461538461,0.6911475467897129,1.2242738183534279,4.030163783467465,8.60728710639329,0.0,0.6646841558168644,0.9385006600107053,0.06106895319505659,0.2071554686812704,False,4,0.15384615384615385,Normal,1,1,1.0
-2.0_127.0,-2.0,127.0,26,9,7.359784640143978,10,4,92.11288497307692,0.07692307692307693,3089.634952246073,5,Open ocean / other,0.34615384615384615,0.2830686400055376,1.222861868934243,1.6402153598560218,8.41523364470575,0.4,0.19412014972852126,0.5377977099036699,0.3017918515162784,0.8629750464845647,False,17,0.6538461538461539,Normal,3,1,0.3333333333333333
21.5_68.5,21.5,68.5,26,17,13.996254670212636,9,0,85.91022446923077,0.6538461538461539,2871.0215292823814,2,India West Coast corridor,0.6538461538461539,0.5383174873158706,1.214610651246583,3.003745329787364,9.056010111668776,0.0,0.46220229009632996,0.8058798502714787,0.1624298370525164,0.49155151854376683,False,9,0.34615384615384615,Normal,2,2,1.0
23.0_68.0,23.0,68.0,25,13,10.721530765935626,7,0,77.362744992,0.48,2840.054063932144,3,India West Coast corridor,0.52,0.42886123063742504,1.2125134259096202,2.2784692340643744,8.802649328930984,0.0,0.334982179531473,0.6996899607103998,0.23507834358293123,0.6892975159296119,False,12,0.48,Normal,3,2,0.6666666666666666
7.0_100.5,7.0,100.5,44,26,21.444610623081296,5,0,51.11967115227273,0.38636363636363635,3066.3633452937634,3,Open ocean / other,0.5909090909090909,0.48737751416093855,1.2124258377541088,4.555389376918704,14.34924535852248,0.0,0.44409492646606574,0.7231235612099317,0.11055161839300967,0.3541746292961236,False,18,0.4090909090909091,Normal,3,3,1.0
31.5_31.0,31.5,31.0,29,19,15.729258315183861,5,0,67.48933425862069,0.6206896551724138,2628.5039143779154,3,Eastern Mediterranean,0.6551724137931034,0.5423882177649607,1.207939981611136,3.270741684816139,11.03289207269961,0.0,0.47344776507155983,0.8005949125080951,0.1507615678332132,0.4653427939308479,False,10,0.3448275862068966,Normal,3,3,1.0
54.5_17.5,54.5,17.5,37,21,17.39031219814415,8,7,58.95136343243244,0.6216216216216216,1784.0000256189903,5,Open ocean / other,0.5675675675675675,0.47000843778767976,1.2075688901226893,3.6096878018558485,20.739910016067515,0.875,0.40913906334200717,0.713285131596487,0.15286856895176776,0.4680754412151473,False,16,0.43243243243243246,Normal,5,3,0.6
37.0_26.5,37.0,26.5,25,15,12.518152563112546,3,0,53.11255988,0.64,2460.503210332443,4,Open ocean / other,0.6,0.5007261025245018,1.1982598809508647,2.4818474368874544,10.160523219403645,0.0,0.40739127785127344,0.7659694233580909,0.2143063023403719,0.6392239707738679,False,10,0.4,Normal,4,4,1.0
15.5_96.0,15.5,96.0,42,33,27.542716641050117,4,4,33.494192628571426,0.7142857142857143,2975.022916468681,4,Open ocean / other,0.7857142857142857,0.6557789676440504,1.1981388920371152,5.4572833589498835,14.117538311218633,1.0,0.6405986210195627,0.8829433146894876,0.04990342420566997,0.17095628490259218,False,9,0.21428571428571427,Normal,3,3,1.0
41.5_16.5,41.5,16.5,47,30,25.12176938104807,13,4,60.778877510638296,0.6595744680851063,2306.1205381222103,3,Open ocean / other,0.6382978723404256,0.534505731511661,1.1941834010558223,4.878230618951932,20.380547860811465,0.3076923076923077,0.4953563457177046,0.7603397771423157,0.09957933931179226,0.3240230539361767,False,17,0.3617021276595745,Normal,3,3,1.0
-3.5_116.5,-3.5,116.5,46,28,23.45481282025219,9,0,56.713203139130435,0.5434782608695652,3086.105189124408,2,Open ocean / other,0.6086956521739131,0.5098872352228737,1.1937848412852496,4.54518717974781,14.905519151487884,0.0,0.4645658371764493,0.7360697764475116,0.11616506848405966,0.36987527940630044,False,18,0.391304347826087,Normal,2,1,0.5
35.0_-2.0,35.0,-2.0,29,16,13.411441657555745,13,0,90.8708169586207,0.5517241379310345,2524.3016497044573,5,Open ocean / other,0.5517241379310345,0.4624635054329567,1.1930111921253381,2.588558342444255,11.488325891398633,0.0,0.37547667068067625,0.715870888512542,0.21805173129698294,0.6466791345321952,False,13,0.4482758620689655,Normal,5,3,0.6
27.5_-83.0,27.5,-83.0,30,22,18.462691653894836,3,0,36.835786139999996,0.7666666666666667,2735.564629421435,1,Open ocean / other,0.7333333333333333,0.6154230551298279,1.1915922343511025,3.5373083461051635,10.96665736840768,0.0,0.5555169795568831,0.8581750444608938,0.1259892139224004,0.39509608474758795,False,8,0.26666666666666666,Normal,1,1,1.0
34.5_138.0,34.5,138.0,29,15,12.59181751362167,6,3,60.98428337931035,0.6551724137931034,2539.7736715851565,2,Open ocean / other,0.5172413793103449,0.43420060391798865,1.1912497924762004,2.4081824863783297,11.418340273564668,0.5,0.3443073797056916,0.6861418066920478,0.23639444119454706,0.6912040280561685,False,14,0.4827586206896552,Normal,2,1,0.5
43.5_-10.0,43.5,-10.0,43,11,9.236488675684996,30,7,146.21945148604652,0.20930232558139536,2232.882382226405,5,Open ocean / other,0.2558139534883721,0.21480206222523246,1.1909287594275342,1.7635113243150045,19.257619811180895,0.23333333333333334,0.14929365877065542,0.40238689868254857,0.30987242839918483,0.8812262484338461,False,32,0.7441860465116279,Normal,5,1,0.2
4.5_104.0,4.5,104.0,25,13,10.979137787982056,7,0,75.914957496,0.48,3080.4603636605075,3,Open ocean / other,0.52,0.43916551151928224,1.18406383552541,2.020862212017944,8.115670078056947,0.0,0.334982179531473,0.6996899607103998,0.2686974604042097,0.7790725248591331,False,12,0.48,Normal,3,2,0.6666666666666666
-2.0_118.5,-2.0,118.5,36,13,11.008774366590755,22,2,140.73557815277778,0.3333333333333333,3089.634952246073,7,Open ocean / other,0.3611111111111111,0.3057992879608543,1.1808762326396827,1.991225633409245,11.651861969592577,0.09090909090909091,0.2247538679218132,0.5242521960916802,0.2893304546399928,0.8319252407654086,False,23,0.6388888888888888,Normal,5,1,0.2
5.0_103.5,5.0,103.5,38,24,20.3299879336961,8,1,61.21106099210526,0.631578947368421,3078.1093682685055,4,Open ocean / other,0.631578947368421,0.5349996824656869,1.1805220976162514,3.670012066303901,12.345240358166908,0.125,0.47283672824260115,0.7661598684458619,0.15119369682010986,0.4653427939308479,False,14,0.3684210526315789,Normal,4,2,0.5
14.5_95.0,14.5,95.0,67,55,46.765181813641206,1,0,22.519541408955224,0.9402985074626866,2989.2131296908296,5,Open ocean / other,0.8208955223880597,0.6979877882633015,1.1760886597035902,8.234818186358794,22.413925368690496,0.0,0.7125228638737021,0.8944651205874056,0.016464401561365145,0.06306291077747979,False,12,0.1791044776119403,Normal,5,5,1.0
24.5_53.0,24.5,53.0,75,33,28.06534615124709,12,5,67.246478744,0.21333333333333335,2807.140167390364,3,Persian Gulf,0.44,0.3742046153499612,1.1758272932804585,4.934653848752909,26.717582852203343,0.4166666666666667,0.3333127597678485,0.5525343057407155,0.14518741584560457,0.4498642914857837,False,42,0.56,Normal,3,1,0.3333333333333333
13.5_120.5,13.5,120.5,41,13,11.065862957690808,20,4,99.74214057317073,0.04878048780487805,3002.4927996365627,4,Open ocean / other,0.3170731707317073,0.2698990965290441,1.1747841130605148,1.9341370423091924,13.655320007749179,0.2,0.19564433205311735,0.46984485655745856,0.3001077914019954,0.8605300758985394,False,28,0.6829268292682927,Normal,2,0,0.0
28.5_33.0,28.5,33.0,53,28,23.879110843397747,12,0,66.80914380943396,0.5283018867924528,2710.0296106464198,4,Suez Canal & Gulf of Suez,0.5283018867924528,0.4505492611961839,1.1725729732412387,4.120889156602253,19.55698188380974,0.0,0.3965985230075645,0.6561797239101858,0.15874058688750833,0.4817916058164726,False,25,0.4716981132075472,Normal,3,1,0.3333333333333333
7.5_98.0,7.5,98.0,27,21,18.01385295708574,1,0,26.32278099259259,0.8148148148148148,3062.8424473383307,2,Open ocean / other,0.7777777777777778,0.6671797391513237,1.1657694803009737,2.9861470429142614,8.815340803267084,0.0,0.5924270453692919,0.8939290451059105,0.15467182759271472,0.4722039912977584,False,6,0.2222222222222222,Normal,2,2,1.0
50.0_1.0,50.0,1.0,48,31,26.59724522660241,3,0,38.74513806041667,0.8333333333333334,1976.554973700054,5,Dover Strait / English Channel,0.6458333333333334,0.5541092755542169,1.165534239951812,4.402754773397589,24.28467745075938,0.0,0.5043879645406409,0.7656654288731427,0.12811279408152534,0.40054542245970876,False,17,0.3541666666666667,Normal,4,3,0.75
32.0_122.5,32.0,122.5,101,58,49.77195334329004,17,2,51.53755112772277,0.7623762376237624,2614.209529302789,1,Open ocean / other,0.5742574257425742,0.49279161726029747,1.1653149234461222,8.228046656709957,38.635005674903475,0.11764705882352941,0.47684837141099295,0.6662246072539644,0.06188115025840234,0.2092268207433929,False,43,0.42574257425742573,Normal,1,1,1.0
28.0_33.0,28.0,33.0,39,20,17.164929123155584,13,0,78.75957378717948,0.5641025641025641,2722.900799752918,3,Suez Canal & Gulf of Suez,0.5128205128205128,0.4401263877732201,1.1651664773273016,2.8350708768444157,14.322960279544134,0.0,0.3619910864569657,0.661350712168669,0.22501807844280247,0.6616678907184956,False,19,0.48717948717948717,Normal,3,1,0.3333333333333333
18.5_106.5,18.5,106.5,44,33,28.377945059367093,1,0,26.944579202272724,0.9772727272727273,2927.0336207249425,3,South China Sea,0.75,0.6449532968037975,1.1628748991853883,4.622054940632907,15.032283773051592,0.0,0.6055915019158504,0.8542593391931426,0.09477238767345385,0.30935137863221723,False,11,0.25,Normal,3,3,1.0
7.0_104.5,7.0,104.5,26,21,18.08992206821993,1,0,33.33572655384615,0.9615384615384616,3066.3633452937634,2,Open ocean / other,0.8076923076923077,0.6957662333930743,1.1608673559126297,2.9100779317800693,8.479099530036011,0.0,0.6212336384535001,0.9149306422821174,0.1515278076576364,0.4653427939308479,False,5,0.19230769230769232,Normal,1,1,1.0
-8.5_115.5,-8.5,115.5,29,12,10.349359433830239,13,1,126.22095989310344,0.41379310344827586,3059.08830207225,3,Lombok Strait,0.41379310344827586,0.35687446323552546,1.159492051341275,1.650640566169761,9.479948643638426,0.07692307692307693,0.2551293527964552,0.5926247152148476,0.32277374217709653,0.9129131999450305,False,17,0.5862068965517241,Normal,3,1,0.3333333333333333
3.5_119.5,3.5,119.5,27,13,11.241654914392607,14,0,115.49110909629628,0.48148148148148145,3084.458426322437,3,South China Sea,0.48148148148148145,0.4163575894219484,1.1564133660922287,1.7583450856073934,8.753562625316944,0.0,0.3074295064970908,0.6601467541378958,0.30908195282822837,0.8812262484338461,False,14,0.5185185185185185,Normal,3,1,0.3333333333333333
12.0_101.5,12.0,101.5,72,61,52.7888150080955,1,0,21.149241365277778,0.9722222222222222,3020.6962633659346,4,Open ocean / other,0.8472222222222222,0.7331779862235486,1.1555478180490557,8.211184991904503,23.835564294627574,0.0,0.7467749821453958,0.9124938096522456,0.016098275015805363,0.06188892394965173,False,11,0.1527777777777778,Normal,3,3,1.0
5.5_81.0,5.5,81.0,46,9,7.821445335230291,44,8,200.95692964130436,0.043478260869565216,3075.5239629307252,4,Dondra Head / Sri Lanka corridor,0.1956521739130435,0.17003142033109328,1.1506824652294279,1.1785546647697087,14.956801037624082,0.18181818181818182,0.10650490444121799,0.331715377411692,0.37970237134007273,1.0,False,37,0.8043478260869565,Normal,2,0,0.0
26.5_53.5,26.5,53.5,36,20,17.40854881929708,0,0,42.588094597222224,0.3888888888888889,2760.2663687102918,4,Persian Gulf,0.5555555555555556,0.48357080053603,1.1488608388673005,2.5914511807029186,13.042219551014076,,0.3958078731600341,0.7045897012345685,0.24271540056034765,0.7076926566900024,False,16,0.4444444444444444,Normal,4,2,0.5
-3.0_118.5,-3.0,118.5,33,10,8.75868859867191,21,3,160.6890288181818,0.36363636363636365,3087.5169330678864,5,Open ocean / other,0.30303030303030304,0.2654148060203609,1.1417234312356204,1.2413114013280904,10.688200491004212,0.14285714285714285,0.17375347814547223,0.4733845397473445,0.3744705287192561,1.0,False,23,0.696969696969697,Normal,5,1,0.2
40.5_121.0,40.5,121.0,27,12,10.516141748367323,11,0,86.09789725925927,0.4444444444444444,2341.6914406962387,1,Open ocean / other,0.4444444444444444,0.389486731421012,1.1411029146562286,1.483858251632677,11.530127125532934,0.0,0.2758559767007283,0.6268728052042312,0.3446669114477665,0.9713450371977278,False,15,0.5555555555555556,Normal,1,0,0.0
15.0_96.0,15.0,96.0,81,67,58.734178414076105,0,0,20.212100948148148,0.5679012345679012,2982.2315773201562,3,Open ocean / other,0.8271604938271605,0.725113313754026,1.1407327353359713,8.265821585923895,27.160868597866195,,0.7305366228248568,0.894156923737207,0.022892485474681853,0.08456370079259702,False,14,0.1728395061728395,Normal,3,3,1.0
55.0_17.5,55.0,17.5,25,12,10.536985448490904,5,3,56.262455116,0.72,1761.903688409759,7,Open ocean / other,0.48,0.42147941793963617,1.1388456460019718,1.4630145515090955,14.18919783439709,0.6,0.30031003928960015,0.6650178204685269,0.34530473865699574,0.9713450371977278,False,13,0.52,Normal,5,2,0.4
9.0_104.0,9.0,104.0,46,38,33.37721227613792,0,0,19.180784560869565,0.9347826086956522,3050.8814309198565,3,Open ocean / other,0.8260869565217391,0.7255915712203895,1.138501312980144,4.622787723862082,15.07760987818224,,0.6927636765607748,0.9091431643111074,0.08233771667701688,0.2704637655403276,False,8,0.17391304347826086,Normal,3,3,1.0
1.5_101.5,1.5,101.5,27,10,8.844082053589593,10,1,87.43255985185185,0.14814814814814814,3089.634952246073,3,Strait of Malacca,0.37037037037037035,0.32755859457739234,1.130699595436391,1.1559179464104066,8.738896477194432,0.1,0.21532287067936856,0.5577109537655369,0.3857844635800596,1.0,False,17,0.6296296296296297,Normal,2,1,0.5
3.5_98.5,3.5,98.5,41,20,17.691785784930754,15,1,84.17644553658536,0.43902439024390244,3084.458426322437,2,Strait of Malacca,0.4878048780487805,0.43150697036416474,1.1304681304153763,2.3082142150692455,13.292446949555359,0.06666666666666667,0.3425418723993569,0.6351574068413481,0.2828892996333593,0.8156641472761859,False,21,0.5121951219512195,Normal,1,0,0.0
31.0_30.0,31.0,30.0,42,28,24.807046315880424,5,0,38.516283792857145,0.7380952380952381,2642.5981287033196,3,Eastern Mediterranean,0.6666666666666666,0.5906439599019149,1.1287115621691561,3.1929536841195763,15.89344953506371,0.0,0.5155222701166692,0.7898771923802769,0.19995529611665908,0.5998658883499772,False,14,0.3333333333333333,Normal,3,3,1.0
3.5_104.0,3.5,104.0,25,10,8.8710709015035,11,1,93.334565872,0.52,3084.458426322437,3,Open ocean / other,0.4,0.35484283606014005,1.127259618487004,1.1289290984964993,8.10515057899717,0.09090909090909091,0.23403057664190918,0.5926087221487266,0.38929693151627476,1.0,False,15,0.6,Normal,3,0,0.0
15.5_94.0,15.5,94.0,70,54,47.95082384735691,1,0,23.45521447,0.8285714285714286,2975.022916468681,2,Bay of Bengal,0.7714285714285715,0.6850117692479558,1.126153748096166,6.049176152643092,23.529230518697723,0.0,0.6604944698154658,0.8541205981137232,0.07381427737731579,0.24557442281299294,False,16,0.22857142857142856,Normal,2,2,1.0
39.0_121.0,39.0,121.0,31,12,10.6888635181,12,1,91.44206391612903,0.3870967741935484,2393.7070268101265,1,Open ocean / other,0.3870967741935484,0.3448020489709677,1.1226637873783107,1.3111364819000002,12.95062413770446,0.08333333333333333,0.23732875351271562,0.5617619885886803,0.3731004158126922,1.0,False,19,0.6129032258064516,Normal,1,0,0.0
20.5_110.0,20.5,110.0,37,30,26.921266679300988,0,0,19.624415367567565,0.972972972972973,2890.5746194115304,2,South China Sea,0.8108108108108109,0.72760180214327,1.114360641249699,3.078733320699012,12.8002230945806,,0.6579498842904441,0.9052014124266288,0.17105503583220838,0.5146525425908183,False,7,0.1891891891891892,Normal,2,2,1.0
48.5_-3.0,48.5,-3.0,31,22,19.800347649222886,1,0,31.073968674193548,0.8709677419354839,2038.0884590832861,7,Open ocean / other,0.7096774193548387,0.6387208919104157,1.1110916025185773,2.1996523507771144,15.21033096568513,0.0,0.5340734004245933,0.8390437928156713,0.26639435899482333,0.7745583883378896,False,9,0.2903225806451613,Normal,5,4,0.8
35.5_-0.5,35.5,-0.5,33,15,13.518712472166428,16,0,101.47013701818182,0.42424242424242425,2508.637392479843,2,Open ocean / other,0.45454545454545453,0.40965795370201297,1.109573121766099,1.4812875278335724,13.154551590008301,0.0,0.298426891258915,0.6201434205625044,0.360903086945807,1.0,False,18,0.5454545454545454,Normal,2,1,0.5
27.5_33.5,27.5,33.5,25,10,9.08966978613807,11,0,98.43142345599999,0.32,2735.564629421435,3,Suez Canal & Gulf of Suez,0.4,0.36358679144552286,1.1001499763225944,0.9103302138619291,9.138881140339732,0.0,0.23403057664190918,0.5926087221487266,0.42517448185714646,1.0,False,15,0.6,Normal,3,1,0.3333333333333333
-4.0_118.0,-4.0,118.0,27,7,6.364566939258571,19,3,193.5594962037037,0.25925925925925924,3084.458426322437,6,Open ocean / other,0.25925925925925924,0.23572470145402116,1.0998391668758931,0.6354330607414287,8.753562625316944,0.15789473684210525,0.13170208422866778,0.4467893040261568,0.4594621627600882,1.0,False,20,0.7407407407407407,Normal,5,1,0.2
4.0_103.5,4.0,103.5,120,64,58.22451992119985,20,0,59.6673400625,0.5083333333333333,3082.576770069333,7,Open ocean / other,0.5333333333333333,0.4852043326766654,1.0991932623337486,5.77548007880015,38.92847087058953,0.0,0.4444262910579696,0.6201723575383017,0.16762312453465283,0.5057930327528187,False,56,0.4666666666666667,Normal,5,3,0.6
55.0_16.5,55.0,16.5,27,15,13.709855095277312,5,3,56.149466770370374,0.6666666666666666,1761.903688409759,9,Open ocean / other,0.5555555555555556,0.5077724109361967,1.0941034675973424,1.2901449047226876,15.32433366114886,0.6,0.37312719479576884,0.7241440232992717,0.3811965055414611,1.0,False,12,0.4444444444444444,Normal,5,2,0.4
12.5_74.5,12.5,74.5,35,22,20.352415881556954,8,0,58.401898519999996,0.7428571428571429,3014.8578811896923,2,India West Coast corridor,0.6285714285714286,0.5814975966159129,1.0809527541119117,1.6475841184430458,11.609170773313089,0.0,0.46336640488021064,0.7683439263110894,0.3503566414529571,0.9828924157518093,False,13,0.37142857142857144,Normal,1,1,1.0
-6.0_105.0,-6.0,105.0,42,19,17.649629946672633,14,2,75.09099170238095,0.42857142857142855,3075.5239629307252,4,Sunda Strait,0.4523809523809524,0.4202292844445865,1.0765098224386254,1.3503700533273673,13.656209643048076,0.14285714285714285,0.3122316381863852,0.6005113725287732,0.392377235897196,1.0,False,23,0.5476190476190477,Normal,2,1,0.5
39.0_123.5,39.0,123.5,55,38,35.32395916867274,0,0,24.84147158909091,0.9818181818181818,2393.7070268101265,3,Open ocean / other,0.6909090909090909,0.642253803066777,1.0757571035157498,2.6760408313272634,22.976913792701463,,0.5597116084861727,0.7971787547942276,0.2732401998487225,0.7900371237965849,False,17,0.3090909090909091,Normal,3,2,0.6666666666666666
-1.0_131.0,-1.0,131.0,25,17,15.805132272184153,1,0,34.337157716,0.72,3090.8118386878423,6,Open ocean / other,0.68,0.6322052908873661,1.0755999827928504,1.194867727815847,8.08848978998779,0.0,0.48409913734576715,0.8279501248310887,0.39356065249129313,1.0,False,8,0.32,Normal,5,3,0.6
51.5_1.0,51.5,1.0,27,11,10.239874705183485,14,2,93.62248076296295,0.37037037037037035,1913.6668562689845,6,Open ocean / other,0.4074074074074074,0.3792546187104995,1.0742318941101627,0.7601252948165147,14.109038838996796,0.14285714285714285,0.24514513372857344,0.5927361694463591,0.4526826682273336,1.0,False,16,0.5925925925925926,Normal,5,3,0.6
37.5_24.5,37.5,24.5,25,10,9.33838977352707,10,0,91.236707984,0.44,2444.082085696121,4,Open ocean / other,0.4,0.3735355909410828,1.0708484270327308,0.6616102264729307,10.228789019121477,0.0,0.23403057664190918,0.5926087221487266,0.46643398187295493,1.0,False,15,0.6,Normal,4,1,0.25
-3.5_116.0,-3.5,116.0,125,48,44.939333357343784,47,4,86.6290655072,0.264,3086.105189124408,4,Open ocean / other,0.384,0.3595146668587503,1.0681066320748183,3.0606666426562157,40.50412812904317,0.0851063829787234,0.3034059480322462,0.4715114699445564,0.3142626945568886,0.8912696091531431,False,77,0.616,Normal,3,1,0.3333333333333333
22.0_68.5,22.0,68.5,36,12,11.23524403395309,23,1,156.49437154166668,0.3055555555555556,2860.9166486724735,4,India West Coast corridor,0.3333333333333333,0.3120901120542525,1.0680675883617485,0.7647559660469092,12.58337953211771,0.043478260869565216,0.20214424774586046,0.49666302907033155,0.45319084007501964,1.0,False,24,0.6666666666666666,Normal,2,0,0.0
4.5_103.5,4.5,103.5,58,27,25.330828960544537,19,0,79.15853822586207,0.46551724137931033,3080.4603636605075,6,Open ocean / other,0.46551724137931033,0.43673843035421617,1.0658948446596586,1.6691710394554633,18.828354581092114,0.0,0.34331815357826717,0.5920004668972703,0.37668488351126156,1.0,False,31,0.5344827586206896,Normal,5,2,0.4
55.5_16.5,55.5,16.5,36,9,8.512467403549662,23,1,146.77887107222222,0.16666666666666666,1739.673175413148,7,Open ocean / other,0.25,0.2364574278763795,1.057272771023715,0.48753259645033786,20.693542045016876,0.043478260869565216,0.13750323839225387,0.41070767683203424,0.48796380815484064,1.0,False,27,0.75,Normal,5,0,0.0
-7.0_111.5,-7.0,111.5,30,7,6.62587873292361,13,4,98.67850715666667,0.0,3069.650727808555,3,Open ocean / other,0.23333333333333334,0.220862624430787,1.0564636453754281,0.37412126707639004,9.773098850701237,0.3076923076923077,0.11792239210501232,0.40928672330324267,0.505355580186316,1.0,False,23,0.7666666666666667,Normal,3,1,0.3333333333333333
58.5_10.0,58.5,10.0,26,12,11.396834162856539,11,1,89.32664271153847,0.5384615384615384,1603.5679094702848,5,Open ocean / other,0.46153846153846156,0.4383397754944823,1.052923981214822,0.603165837143461,16.213844045175932,0.09090909090909091,0.28755582695234905,0.6454236379556988,0.48050544259895783,1.0,False,14,0.5384615384615384,Normal,3,1,0.3333333333333333
36.5_13.0,36.5,13.0,36,8,7.628677318578561,27,5,147.86574554166666,0.08333333333333333,2476.736958123057,5,Open ocean / other,0.2222222222222222,0.2119077032938489,1.0486745822263495,0.3713226814214394,14.535253686076475,0.18518518518518517,0.11716192974839595,0.38085019827859085,0.504977027222601,1.0,False,28,0.7777777777777778,Normal,4,1,0.25
28.5_48.0,28.5,48.0,26,8,7.629362023814328,10,1,113.0595554,0.19230769230769232,2710.0296106464198,3,Persian Gulf,0.3076923076923077,0.29343700091593566,1.0485804678069754,0.3706379761856722,9.593991112812327,0.1,0.16501120939792674,0.49988611514231246,0.5100924070217138,1.0,False,18,0.6923076923076923,Normal,2,0,0.0
1.5_118.0,1.5,118.0,84,27,25.767390901525914,29,3,91.12283846190476,0.16666666666666666,3089.634952246073,2,Open ocean / other,0.32142857142857145,0.3067546535895942,1.0478360072692146,1.2326090984740858,27.187677929049347,0.10344827586206896,0.23125977350162447,0.42721639268842665,0.42543479336742984,1.0,False,57,0.6785714285714286,Normal,2,0,0.0
-4.0_106.5,-4.0,106.5,70,44,42.028452551776184,8,0,40.457882985714285,0.5857142857142857,3084.458426322437,2,Open ocean / other,0.6285714285714286,0.6004064650253741,1.046909827236561,1.9715474482238164,22.694421621192078,0.0,0.5114698481852806,0.7322951839917036,0.36260249910709813,1.0,False,26,0.37142857142857144,Normal,2,1,0.5
12.0_100.5,12.0,100.5,28,15,14.379724877019216,8,2,79.13720119642858,0.6071428571428571,3020.6962633659346,3,Open ocean / other,0.5357142857142857,0.5135616027506863,1.0431353957245781,0.6202751229807841,9.26938611457739,0.25,0.3581239514210167,0.7046869626034041,0.48261086600260167,1.0,False,13,0.4642857142857143,Normal,2,1,0.5
4.0_99.0,4.0,99.0,48,24,23.026565846780873,20,1,115.30164683333334,0.5833333333333334,3082.576770069333,4,Strait of Malacca,0.5,0.47972012180793483,1.0422743955697247,0.9734341532191273,15.571388348235812,0.05,0.36389098932037767,0.6361090106796223,0.44493233215667294,1.0,False,24,0.5,Normal,3,2,0.6666666666666666
-37.0_-73.5,-37.0,-73.5,34,19,18.40298166302075,9,0,65.09504873823529,0.7352941176470589,2476.736958123057,3,Open ocean / other,0.5588235294117647,0.5412641665594338,1.032441391721805,0.5970183369792501,13.727739592405559,0.0,0.3945361778918369,0.7111675978470325,0.488625966495507,1.0,False,15,0.4411764705882353,Normal,2,1,0.5
21.0_88.0,21.0,88.0,43,19,18.447356864738666,20,0,82.81055480465116,0.4418604651162791,2880.9077704872743,4,Bay of Bengal,0.4418604651162791,0.42900829917996897,1.0299578492091563,0.5526431352613344,14.925850955904437,0.0,0.3043308562392133,0.5889264193448829,0.4906045658588479,1.0,False,24,0.5581395348837209,Normal,4,2,0.5
40.5_24.0,40.5,24.0,43,29,28.167324185144764,2,0,32.35380727209303,0.7906976744186046,2341.6914406962387,6,Open ocean / other,0.6744186046511628,0.65505405081732,1.0295617648798314,0.8326758148552358,18.362795051774672,0.0,0.5251593250655096,0.7950688481822019,0.4641832980571037,1.0,False,14,0.32558139534883723,Normal,6,6,1.0
20.0_108.5,20.0,108.5,120,79,77.2692466078757,6,1,30.084798806666665,0.9083333333333333,2900.021339887193,2,South China Sea,0.6583333333333333,0.6439103883989642,1.022398994012553,1.7307533921242992,41.37900585402859,0.16666666666666666,0.5697466444292892,0.7370969364029997,0.4106867877596309,1.0,False,41,0.3416666666666667,Normal,2,1,0.5
20.5_108.5,20.5,108.5,168,115,112.48863657174891,3,0,26.551237964285715,0.9166666666666666,2890.5746194115304,2,South China Sea,0.6845238095238095,0.6695752176889816,1.022325485531592,2.5113634282510873,58.119931888906514,0.0,0.6107947976421473,0.7500025878570566,0.3739337009540218,1.0,False,53,0.31547619047619047,Normal,2,2,1.0
18.5_72.0,18.5,72.0,25,15,14.738036880445058,2,0,49.114648388000006,0.68,2927.0336207249425,1,India West Coast corridor,0.6,0.5895214752178023,1.017774627766234,0.26196311955494167,8.541070325597495,0.0,0.40739127785127344,0.7659694233580909,0.5432655874839958,1.0,False,10,0.4,Normal,1,1,1.0
55.5_15.5,55.5,15.5,50,12,11.803599961996362,31,6,123.471176734,0.24,1739.673175413148,5,Open ocean / other,0.24,0.23607199923992725,1.0166389947673575,0.19640003800363814,28.741030618078995,0.1935483870967742,0.14297252401872207,0.3741294937519236,0.5284892280333503,1.0,False,38,0.76,Normal,5,0,0.0
12.5_100.5,12.5,100.5,36,22,21.655695592709677,5,0,45.43576771388889,0.75,3014.8578811896923,2,Open ocean / other,0.6111111111111112,0.601547099797491,1.0158990232300011,0.3443044072903234,11.940861366836321,0.0,0.4486417029674347,0.7521534458217705,0.5257166751808283,1.0,False,14,0.3888888888888889,Normal,2,2,1.0
29.0_34.5,29.0,34.5,29,8,7.883968756182337,19,2,135.85806831034483,0.2413793103448276,2696.9520422927276,5,Open ocean / other,0.27586206896551724,0.2718609915924944,1.0147173647443333,0.11603124381766339,10.752879378361722,0.10526315789473684,0.1469858133850274,0.4571747634443597,0.5509484528780015,1.0,False,21,0.7241379310344828,Normal,4,0,0.0
-2.0_116.5,-2.0,116.5,91,27,26.803277420457434,40,4,102.77783775164835,0.14285714285714285,3089.634952246073,4,Open ocean / other,0.2967032967032967,0.29454151011491686,1.007339497198668,0.19672257954256622,29.453317756470124,0.1,0.212633552714673,0.39724228236191794,0.5214904913292446,1.0,False,64,0.7032967032967034,Normal,3,0,0.0
21.0_109.0,21.0,109.0,167,107,106.27918664759885,5,0,28.340253993413178,0.9041916167664671,2880.9077704872743,2,South China Sea,0.6407185628742516,0.636402315255083,1.0067822625966383,0.7208133524011515,57.967839758977696,0.0,0.5655381665448295,0.709570472100559,0.48876113490985257,1.0,False,60,0.3592814371257485,Normal,1,1,1.0
18.0_-16.5,18.0,-16.5,35,18,17.886338973715358,6,0,56.19483185714286,0.8285714285714286,2935.5928018133336,2,Open ocean / other,0.5142857142857142,0.5110382563918674,1.0063546277665694,0.11366102628464247,11.922634494259656,0.0,0.35568539626711626,0.6700601960874726,0.5523332815368591,1.0,False,17,0.4857142857142857,Normal,2,1,0.5
20.5_110.5,20.5,110.5,99,61,61.18610414005015,2,0,31.458172730303033,0.9292929292929293,2890.5746194115304,3,South China Sea,0.6161616161616161,0.6180414559601025,0.9969583920619596,-0.18610414005014775,34.249245577391335,0.0,0.5177298522759499,0.7059150540654526,0.559542912495665,1.0,False,38,0.3838383838383838,Normal,2,1,0.5
23.5_58.5,23.5,58.5,35,10,10.03665393897916,19,7,117.12478117714285,0.2,2829.297948568382,4,Gulf of Oman,0.2857142857142857,0.2867615411136903,0.9963479921493748,-0.03665393897916047,12.370559989169724,0.3684210526315789,0.16326363398295565,0.45055248069821086,0.5690791529138038,1.0,False,25,0.7142857142857143,Normal,4,1,0.25
40.5_24.5,40.5,24.5,26,14,14.058737830116922,2,0,46.8705489,0.5769230769230769,2341.6914406962387,5,Open ocean / other,0.5384615384615384,0.5407206857737278,0.995821969879039,-0.058737830116921685,11.103085380142826,0.0,0.3545763620443012,0.712444173047651,0.5887563506618836,1.0,False,12,0.46153846153846156,Normal,5,3,0.6
24.5_66.5,24.5,66.5,132,54,54.2400473081079,66,3,102.55273396590908,0.4393939393939394,2807.140167390364,4,Open ocean / other,0.4090909090909091,0.4109094493038477,0.9955743528993565,-0.2400473081078971,47.022945819877876,0.045454545454545456,0.32894005673952187,0.4943835790244856,0.549996621618889,1.0,False,78,0.5909090909090909,Normal,4,2,0.5
-4.0_122.5,-4.0,122.5,26,7,7.036769516780255,10,1,93.82019757307692,0.07692307692307693,3084.458426322437,1,Open ocean / other,0.2692307692307692,0.2706449814146252,0.994774659495018,-0.03676951678025464,8.429356602157057,0.1,0.13704275525067386,0.46083403419761304,0.5805437040800685,1.0,False,19,0.7307692307692307,Normal,1,0,0.0
29.5_32.0,29.5,32.0,49,14,14.099388965458493,35,0,157.80027846734694,0.2857142857142857,2683.6690905993105,4,Suez Canal & Gulf of Suez,0.2857142857142857,0.2877426319481325,0.9929508317202979,-0.09938896545849296,18.258584924513713,0.0,0.1784943493972417,0.4240914920610033,0.5662934019618541,1.0,False,35,0.7142857142857143,Normal,3,0,0.0
16.5_42.0,16.5,42.0,33,19,19.378584667757693,3,1,45.62061868787879,0.36363636363636365,2959.926482446465,5,Southern Red Sea,0.5757575757575758,0.5872298384168998,0.9804637606797164,-0.3785846677576927,11.14892555463896,0.3333333333333333,0.4080697369146003,0.7276464100497011,0.625255878888741,1.0,False,14,0.42424242424242425,Normal,3,1,0.3333333333333333
52.5_3.5,52.5,3.5,74,25,25.551889219132452,23,2,82.36066510135136,0.4594594594594595,1871.0101181054247,9,Open ocean / other,0.33783783783783783,0.34529580025854667,0.9784012362295617,-0.5518892191324518,39.55082833808084,0.08695652173913043,0.24046456345536177,0.4512170052688164,0.5967735609759732,1.0,False,49,0.6621621621621622,Normal,5,0,0.0
34.5_33.0,34.5,33.0,30,8,8.21981320043255,16,1,115.76829698333333,0.2,2539.7736715851565,4,Eastern Mediterranean,0.26666666666666666,0.2739937733477517,0.973258127031283,-0.21981320043255081,11.812076145066898,0.0625,0.14182495553910618,0.4444830204431169,0.6044321330480289,1.0,False,22,0.7333333333333333,Normal,4,0,0.0
34.5_-7.0,34.5,-7.0,26,17,17.480018503170246,1,0,25.49287255769231,0.9615384615384616,2539.7736715851565,3,Open ocean / other,0.6538461538461539,0.6723084039680864,0.972539016301202,-0.4800185031702462,10.237132659057979,0.0,0.46220229009632996,0.8058798502714787,0.6658953416320145,1.0,False,9,0.34615384615384615,Normal,2,2,1.0
39.5_123.0,39.5,123.0,94,61,63.11184014228686,0,0,23.523034519148936,0.9893617021276596,2376.549041372937,3,Open ocean / other,0.648936170212766,0.6714025547051794,0.9665381307607943,-2.1118401422868587,39.55314969881539,,0.5483301998756748,0.7378466410590606,0.7196007886254341,1.0,False,33,0.35106382978723405,Normal,3,3,1.0
37.5_23.5,37.5,23.5,100,30,31.052546289233764,51,3,114.38366641500001,0.31,2444.082085696121,4,Open ocean / other,0.3,0.3105254628923376,0.9661043484347468,-1.0525462892337636,40.91515607648591,0.058823529411764705,0.21894753866228117,0.39585038432811953,0.6266694613847478,1.0,False,70,0.7,Normal,4,0,0.0
39.0_25.0,39.0,25.0,28,10,10.365291876997695,15,0,112.66588671785715,0.39285714285714285,2393.7070268101265,3,Open ocean / other,0.35714285714285715,0.37018899560706053,0.964758167803423,-0.36529187699769494,11.697337930829834,0.0,0.20705611972458876,0.5417002241777278,0.6264002366649342,1.0,False,18,0.6428571428571429,Normal,3,0,0.0
24.5_120.0,24.5,120.0,25,7,7.288792807540256,13,2,109.04959778800001,0.44,2807.140167390364,4,Taiwan Strait,0.28,0.29155171230161026,0.9603785132647069,-0.28879280754025594,8.905860950734448,0.15384615384615385,0.1428367383738157,0.47576971896558296,0.6248137079759686,1.0,False,18,0.72,Normal,3,1,0.3333333333333333
21.0_112.0,21.0,112.0,94,47,49.04398429850833,7,0,40.76344574468085,0.8191489361702128,2880.9077704872743,2,South China Sea,0.5,0.5217445138139184,0.9583234452146561,-2.0439842985083274,32.62860441523295,0.0,0.4009249494369979,0.599075050563002,0.7005654214353908,1.0,False,47,0.5,Normal,2,1,0.5
10.0_103.5,10.0,103.5,30,20,20.99704281057686,1,0,27.797229553333334,0.6,3041.745231729066,2,Open ocean / other,0.6666666666666666,0.6999014270192288,0.952515084168204,-0.9970428105768612,9.862758947417381,0.0,0.48779725813830266,0.807697044731538,0.7299715744791826,1.0,False,10,0.3333333333333333,Normal,1,1,1.0
38.5_123.5,38.5,123.5,58,35,36.77954867857072,1,0,27.29272736034483,0.9655172413793104,2410.682722189525,4,Open ocean / other,0.603448275862069,0.6341301496305296,0.9516158098044428,-1.7795486785707197,24.059574271690536,0.0,0.4749298280744989,0.7191143104988886,0.7351370354884754,1.0,False,23,0.39655172413793105,Normal,3,3,1.0
51.5_2.0,51.5,2.0,110,36,37.87822926878116,58,3,116.35136045545455,0.39090909090909093,1913.6668562689845,5,Open ocean / other,0.32727272727272727,0.34434753880710145,0.950414016044589,-1.878229268781162,57.48126934406102,0.05172413793103448,0.2467099922053786,0.419492872125411,0.6804022785346342,1.0,False,74,0.6727272727272727,Normal,5,1,0.2
-4.0_107.0,-4.0,107.0,59,25,26.320897876682224,13,1,65.31749057966101,0.4067796610169492,3084.458426322437,6,Open ocean / other,0.423728813559322,0.4461169131641055,0.9498156224430165,-1.3208978766822241,19.128155366433322,0.07692307692307693,0.3061253228310244,0.5506574452716337,0.6817803430117809,1.0,False,34,0.576271186440678,Normal,4,1,0.25
20.5_88.0,20.5,88.0,32,7,7.3881982661348795,26,4,129.2069168625,0.09375,2890.5746194115304,5,Bay of Bengal,0.21875,0.23088119581671498,0.94745697771617,-0.3881982661348795,11.070463216934574,0.15384615384615385,0.11023696931531854,0.3875533079044484,0.632346261059838,1.0,False,25,0.78125,Normal,5,2,0.4
35.5_35.5,35.5,35.5,35,9,9.514035919732757,27,3,123.2326322742857,0.2,2508.637392479843,8,Eastern Mediterranean,0.2571428571428571,0.2718295977066502,0.9459707821087145,-0.5140359197327573,13.951797140917895,0.1111111111111111,0.1416286872655014,0.4206962427064873,0.6402321996599951,1.0,False,26,0.7428571428571429,Normal,6,0,0.0
4.0_104.0,4.0,104.0,27,12,12.715724599505057,12,0,102.79472336666667,0.5555555555555556,3082.576770069333,6,Open ocean / other,0.4444444444444444,0.47095276294463173,0.9437134239654014,-0.715724599505057,8.758905945882644,0.0,0.2758559767007283,0.6268728052042312,0.6788673369805571,1.0,False,15,0.5555555555555556,Normal,3,1,0.3333333333333333
38.5_24.0,38.5,24.0,28,12,12.727966648436263,5,0,56.02813268571429,0.5,2410.682722189525,6,Open ocean / other,0.42857142857142855,0.45457023744415226,0.9428057388470844,-0.7279666484362632,11.614966889781638,0.0,0.2650829618073122,0.609295210143846,0.6773457024318186,1.0,False,16,0.5714285714285714,Normal,6,2,0.3333333333333333
54.5_19.5,54.5,19.5,45,20,21.220026067545273,11,3,60.07399079555556,0.7111111111111111,1784.0000256189903,7,Open ocean / other,0.4444444444444444,0.4715561348343394,0.9425059109889018,-1.2200260675452732,25.224214884406436,0.2727272727272727,0.30938708549039107,0.5882411658363468,0.6952532566205831,1.0,False,25,0.5555555555555556,Normal,5,2,0.4
-10.5_139.5,-10.5,139.5,32,22,23.380990108835196,1,0,21.275686959375,0.96875,3041.745231729066,4,Open ocean / other,0.6875,0.7306559409010999,0.9409353452353009,-1.3809901088351957,10.520276210578539,0.0,0.514330003019676,0.8204764788338126,0.7771895814255848,1.0,False,10,0.3125,Normal,3,2,0.6666666666666666
21.0_109.5,21.0,109.5,137,83,88.22791141289171,7,2,29.40713800291971,0.9051094890510949,2880.9077704872743,1,South China Sea,0.6058394160583942,0.6439993533787717,0.9407453794477127,-5.227911412891714,47.55445537113739,0.2857142857142857,0.5221948964164916,0.6837101770845194,0.8465643496769995,1.0,False,54,0.39416058394160586,Normal,1,1,1.0
35.5_-6.0,35.5,-6.0,57,12,12.771063208866424,39,8,141.70924305614034,0.17543859649122806,2508.637392479843,5,Strait of Gibraltar,0.21052631578947367,0.2240537405064285,0.9396241960237808,-0.7710632088664244,22.72149820092343,0.20512820512820512,0.12474426566891902,0.33286368678466527,0.6473622079760649,1.0,False,45,0.7894736842105263,Normal,4,0,0.0
21.0_110.5,21.0,110.5,49,20,21.32431798591278,13,2,72.84689463673469,0.5510204081632653,2880.9077704872743,2,South China Sea,0.40816326530612246,0.4351901629778119,0.9378963497548832,-1.3243179859127814,17.008527833472495,0.15384615384615385,0.2821503460597105,0.5475293002795374,0.6986141735313859,1.0,False,29,0.5918367346938775,Normal,2,0,0.0
35.5_-1.0,35.5,-1.0,26,8,8.531538212620575,17,0,113.6214218076923,0.34615384615384615,2508.637392479843,3,Open ocean / other,0.3076923076923077,0.32813608510079134,0.937697259348346,-0.5315382126205748,10.364192161824723,0.0,0.16501120939792674,0.49988611514231246,0.6589071080462482,1.0,False,18,0.6923076923076923,Normal,3,1,0.3333333333333333
31.5_122.0,31.5,122.0,62,31,33.06213562758546,12,0,49.94119459032258,0.8064516129032258,2628.5039143779154,2,Open ocean / other,0.5,0.53326025205783,0.9376284807849825,-2.0621356275854623,23.587562362323307,0.0,0.37922532216457727,0.6207746778354227,0.7432336155872229,1.0,False,31,0.5,Normal,1,1,1.0
53.5_7.0,53.5,7.0,42,15,16.01286382976148,10,1,74.2201630357143,0.47619047619047616,1827.7834521350646,8,Open ocean / other,0.35714285714285715,0.38125866261336855,0.9367468654870486,-1.0128638297614785,22.97865206676376,0.1,0.22988992501626865,0.5083391071292063,0.6808219862875067,1.0,False,27,0.6428571428571429,Normal,6,2,0.3333333333333333
-5.5_106.0,-5.5,106.0,44,16,17.18666803195535,8,1,69.00538740454546,0.13636363636363635,3078.1093682685055,2,Open ocean / other,0.36363636363636365,0.3906060916353489,0.9309541541298776,-1.1866680319553495,14.29448883577221,0.125,0.23783334127491423,0.5113389272110895,0.6956948368750502,1.0,False,28,0.6363636363636364,Normal,2,0,0.0
30.5_121.5,30.5,121.5,45,20,21.48556275978192,7,1,53.83920416,0.6444444444444445,2656.4910989500095,1,Open ocean / other,0.4444444444444444,0.477456950217376,0.9308576286136337,-1.4855627597819208,16.93963891608237,0.14285714285714285,0.30938708549039107,0.5882411658363468,0.7225238040096248,1.0,False,25,0.5555555555555556,Normal,1,0,0.0
51.5_2.5,51.5,2.5,136,38,40.846928957642874,65,9,119.97252571544118,0.27941176470588236,1913.6668562689845,5,Open ocean / other,0.27941176470588236,0.30034506586502113,0.930302496900194,-2.8469289576428736,71.0677511890209,0.13846153846153847,0.2108540606742771,0.3600890635462695,0.7317810876606359,1.0,False,98,0.7205882352941176,Normal,5,0,0.0
31.5_32.0,31.5,32.0,183,31,33.395690509006144,159,16,169.59672725136613,0.08196721311475409,2628.5039143779154,4,Eastern Mediterranean,0.16939890710382513,0.18249011207107182,0.9282634833269857,-2.395690509006144,69.62135342427686,0.10062893081761007,0.12198229101490178,0.23041032390597238,0.7053426886293013,1.0,False,152,0.8306010928961749,Normal,3,0,0.0
6.5_79.5,6.5,79.5,43,11,11.850963978450311,29,2,138.56590086511628,0.23255813953488372,3069.650727808555,2,Dondra Head / Sri Lanka corridor,0.2558139534883721,0.2756038134523328,0.9281945350608021,-0.8509639784503111,14.008108352671771,0.06896551724137931,0.14929365877065542,0.40238689868254857,0.6699245979056666,1.0,False,32,0.7441860465116279,Normal,2,0,0.0
31.5_31.5,31.5,31.5,80,22,23.739823152407897,48,3,121.00946228625,0.225,2628.5039143779154,3,Eastern Mediterranean,0.275,0.2967477894050987,0.9267128848754111,-1.7398231524078973,30.435564338481687,0.0625,0.18917622847735993,0.38144265284169887,0.7040201400258774,1.0,False,58,0.725,Normal,3,0,0.0
-6.0_106.5,-6.0,106.5,110,32,34.699279846646725,48,1,105.52872349545454,0.14545454545454545,3075.5239629307252,2,Open ocean / other,0.2909090909090909,0.3154479986058793,0.9222093409841305,-2.699279846646725,35.7662633508402,0.020833333333333332,0.214234586744393,0.3816951963928785,0.7417980661034971,1.0,False,78,0.7090909090909091,Normal,2,0,0.0
8.0_104.5,8.0,104.5,37,13,14.11426129634918,12,0,88.55286591891893,0.35135135135135137,3059.08830207225,5,Open ocean / other,0.35135135135135137,0.38146652152295085,0.9210542250172599,-1.1142612963491807,12.095106890159371,0.0,0.2182540663110087,0.5124127048243043,0.7039595474348032,1.0,False,24,0.6486486486486487,Normal,5,1,0.2
42.0_14.5,42.0,14.5,27,15,16.445062409147756,2,2,33.05931312962963,0.8148148148148148,2288.070976239017,4,Open ocean / other,0.5555555555555556,0.6090763855239909,0.9121278853679556,-1.4450624091477557,11.800333241576645,1.0,0.37312719479576884,0.7241440232992717,0.7800099541966486,1.0,False,12,0.4444444444444444,Normal,4,1,0.25
11.5_-17.5,11.5,-17.5,48,25,27.489238265640786,4,0,47.849020708333335,0.9166666666666666,3026.3046078266293,6,Open ocean / other,0.5208333333333334,0.5726924638675164,0.90944680818049,-2.489238265640786,15.860928168255896,0.0,0.3832899563598438,0.6552890998421255,0.8088214289978812,1.0,False,23,0.4791666666666667,Normal,3,2,0.6666666666666666
-4.5_107.0,-4.5,107.0,94,51,56.09226766042357,13,1,46.72878499787234,0.6914893617021277,3082.576770069333,4,Open ocean / other,0.5425531914893617,0.5967262517066337,0.9092162276046388,-5.092267660423573,30.493968848628466,0.07692307692307693,0.44215267421960525,0.6396121374760334,0.8797464658855825,1.0,False,43,0.4574468085106383,Normal,4,3,0.75
42.0_15.5,42.0,15.5,26,15,16.516531008914118,4,3,43.80555441923077,0.8461538461538461,2288.070976239017,3,Open ocean / other,0.5769230769230769,0.635251192650543,0.9081810212994706,-1.516531008914118,11.363283862258992,0.75,0.3894829692111983,0.744558100972706,0.795882366443866,1.0,False,11,0.4230769230769231,Normal,3,1,0.3333333333333333
39.0_122.5,39.0,122.5,57,35,38.662052644137766,2,0,26.221808492982454,0.9473684210526315,2393.7070268101265,3,Open ocean / other,0.6140350877192983,0.6782816253357503,0.9052804392502157,-3.6620526441377663,23.812437930617875,0.0,0.484294964443229,0.7293746300447528,0.8799812759034834,1.0,False,22,0.38596491228070173,Normal,3,2,0.6666666666666666
40.0_-74.0,40.0,-74.0,39,16,17.714413913881643,14,1,99.67424376410257,0.6410256410256411,2359.210072525169,2,Open ocean / other,0.41025641025641024,0.4542157413815806,0.903219269786952,-1.7144139138816428,16.530956888572682,0.07142857142857142,0.27079089435400483,0.5658165152665509,0.7608037371248648,1.0,False,23,0.5897435897435898,Normal,2,0,0.0
34.0_130.0,34.0,130.0,43,23,25.536642062448543,3,0,39.640753911627904,0.8372093023255814,2555.052279867656,1,Open ocean / other,0.5348837209302325,0.5938753968011289,0.900666577216953,-2.536642062448543,16.829401237233107,0.0,0.38915389728872773,0.6748917373608144,0.8273951933781104,1.0,False,20,0.46511627906976744,Normal,1,1,1.0
13.0_100.5,13.0,100.5,125,47,52.203083477243894,37,3,75.4669576024,0.456,3008.789905913281,1,Open ocean / other,0.376,0.41762466781795116,0.9003299588708779,-5.203083477243894,41.54494129162462,0.08108108108108109,0.29597552334190086,0.4634189579436467,0.8496090437635613,1.0,False,78,0.624,Normal,1,0,0.0
49.0_-123.5,49.0,-123.5,36,12,13.329913603737547,16,1,105.84987133888889,0.5277777777777778,2017.7304345920513,2,Open ocean / other,0.3333333333333333,0.37027537788159853,0.9002308909665659,-1.3299136037375465,17.841828315028884,0.0625,0.20214424774586046,0.49666302907033155,0.7328502778802967,1.0,False,24,0.6666666666666666,Normal,2,0,0.0
34.0_-7.5,34.0,-7.5,37,20,22.256349794801682,4,0,37.32073855675676,0.8918918918918919,2555.052279867656,5,Open ocean / other,0.5405405405405406,0.6015229674270725,0.8986199527054213,-2.2563497948016824,14.481112692502904,0.0,0.38383779524767364,0.6896167217154228,0.8230469487034662,1.0,False,17,0.4594594594594595,Normal,4,2,0.5
37.5_9.5,37.5,9.5,35,11,12.278838641320952,19,3,119.97816065142857,0.4,2444.082085696121,5,Open ocean / other,0.3142857142857143,0.3508239611805986,0.8958501957166061,-1.2788386413209523,14.320304626770069,0.15789473684210525,0.18550658059782457,0.47980071879251973,0.7317678803634262,1.0,False,24,0.6857142857142857,Normal,5,1,0.2
37.0_23.5,37.0,23.5,45,8,8.955237272758009,31,3,148.20383198,0.1111111111111111,2460.503210332443,5,Open ocean / other,0.17777777777777778,0.19900527272795573,0.8933319973928712,-0.9552372727580085,18.288941794926565,0.0967741935483871,0.0929427892585383,0.3133010684365414,0.6968112995400373,1.0,False,37,0.8222222222222222,Normal,4,0,0.0
47.0_-2.5,47.0,-2.5,39,9,10.158521470332088,22,4,116.30646329487179,0.15384615384615385,2098.2251404414346,6,Open ocean / other,0.23076923076923078,0.2604749094956946,0.8859556999790231,-1.1585214703320883,18.58713788540108,0.18181818181818182,0.1264566242878376,0.38336560457382957,0.7207872892831486,1.0,False,30,0.7692307692307693,Normal,5,1,0.2
54.0_5.5,54.0,5.5,35,12,13.555711349803346,8,0,76.69371828571428,0.4,1805.9605043192446,5,Open ocean / other,0.34285714285714286,0.38730603856580986,0.8852357276089451,-1.555711349803346,19.38026879120107,0.0,0.20831495282688925,0.5084835312726328,0.75985594640523,1.0,False,23,0.6571428571428571,Normal,5,2,0.4
37.0_27.0,37.0,27.0,59,31,35.023151451825356,4,0,34.39925148305085,0.9152542372881356,2460.503210332443,4,Open ocean / other,0.5254237288135594,0.5936127364716162,0.8851287995211043,-4.023151451825356,23.978834797792604,0.0,0.4003957675731271,0.6473433097259869,0.8841904823536451,1.0,False,28,0.4745762711864407,Normal,4,3,0.75
39.0_26.5,39.0,26.5,55,24,27.20420239709823,10,0,49.68581272363636,0.7090909090909091,2393.7070268101265,5,Open ocean / other,0.43636363636363634,0.49462186176542233,0.8822166387998933,-3.2042023970982285,22.976913792701463,0.0,0.31373238636001305,0.5673041592131869,0.8410942040024791,1.0,False,31,0.5636363636363636,Normal,5,2,0.4
38.0_26.0,38.0,26.0,55,23,26.11066039137403,6,0,50.81622150909091,0.6545454545454545,2427.474834746324,8,Open ocean / other,0.41818181818181815,0.47473927984316416,0.8808662689971,-3.1106603913740294,22.657289465061584,0.0,0.29737567047718927,0.5496713166883535,0.8351560082398772,1.0,False,32,0.5818181818181818,Normal,5,1,0.2
69.0_16.0,69.0,16.0,28,10,11.373982815011209,6,3,67.8478683357143,0.42857142857142855,1095.140757949867,10,Open ocean / other,0.35714285714285715,0.406213671964686,0.8791994996512702,-1.3739828150112086,25.56748965531769,0.5,0.20705611972458876,0.5417002241777278,0.7623830558877339,1.0,False,18,0.6428571428571429,Normal,9,4,0.4444444444444444
52.0_2.5,52.0,2.5,110,30,34.272281167230624,67,7,118.47145963636363,0.3090909090909091,1892.4105443820379,6,Open ocean / other,0.2727272727272727,0.3115661924293693,0.8753429587489625,-4.272281167230624,58.12692194437134,0.1044776119402985,0.19822564984733446,0.36256759269317795,0.8369984425589616,1.0,False,80,0.7272727272727273,Normal,5,0,0.0
20.0_109.0,20.0,109.0,116,62,70.83971525875398,7,2,33.87163267068966,0.896551724137931,2900.021339887193,1,South China Sea,0.5344827586206896,0.6106872005064998,0.8752152627030553,-8.839715258753984,39.999705658894314,0.2857142857142857,0.4440632412936442,0.6226915416865563,0.9613365089693094,1.0,False,54,0.46551724137931033,Normal,1,1,1.0
-2.5_105.0,-2.5,105.0,33,8,9.175927542237044,14,3,89.97286727878787,0.15151515151515152,3088.693550643103,3,Open ocean / other,0.24242424242424243,0.2780584103708195,0.8718464660031132,-1.1759275422370443,10.68412889104165,0.21428571428571427,0.12831561346647294,0.4102494868549029,0.7366312179867994,1.0,False,25,0.7575757575757576,Normal,2,0,0.0
14.0_120.5,14.0,120.5,31,9,10.343349553397553,10,0,83.4413376548387,0.1935483870967742,2995.9670419085055,2,Open ocean / other,0.2903225806451613,0.33365643720637267,0.8701243203217188,-1.3433495533975535,10.34724333290804,0.0,0.1609562071843287,0.4659265995754067,0.7549211897519472,1.0,False,22,0.7096774193548387,Normal,2,0,0.0
33.5_134.5,33.5,134.5,29,10,11.49449206668308,10,0,83.47086180689655,0.5172413793103449,2570.136311026832,2,Open ocean / other,0.3448275862068966,0.3963617954028648,0.8699818958495015,-1.4944920666830797,11.28344822629808,0.0,0.19940508749190483,0.5265522349284402,0.7734841985870988,1.0,False,19,0.6551724137931034,Normal,2,0,0.0
29.0_48.0,29.0,48.0,47,18,20.715419666091147,11,1,68.98074861702128,0.5106382978723404,2696.9520422927276,3,Persian Gulf,0.3829787234042553,0.44075360991683293,0.8689179504996469,-2.7154196660911474,17.427080371827618,0.09090909090909091,0.2579048266351308,0.5257369155602367,0.8273735416009884,1.0,False,29,0.6170212765957447,Normal,2,0,0.0
-5.0_11.5,-5.0,11.5,41,14,16.117592963682466,16,0,87.1491838097561,0.3902439024390244,3080.4603636605075,1,Open ocean / other,0.34146341463414637,0.3931120235044504,0.8686160539942902,-2.1175929636824655,13.309698928013391,0.0,0.2155861736664346,0.4945044564627312,0.7975554050394691,1.0,False,27,0.6585365853658537,Normal,1,0,0.0
37.0_26.0,37.0,26.0,29,8,9.24591360166632,15,0,99.17904064827586,0.3103448275862069,2460.503210332443,5,Open ocean / other,0.27586206896551724,0.31882460695401105,0.8652471074960317,-1.2459136016663201,11.78620693450823,0.0,0.1469858133850274,0.4571747634443597,0.7522887497442289,1.0,False,21,0.7241379310344828,Normal,5,1,0.2
15.0_95.0,15.0,95.0,174,108,124.97590804969293,0,0,20.354789193678158,0.8045977011494253,2982.2315773201562,5,Open ocean / other,0.6206896551724138,0.7182523451131778,0.8641665556617283,-16.975908049692933,58.345569580601456,,0.546721103324247,0.6894441133629623,0.9979347725663822,1.0,False,66,0.3793103448275862,Normal,5,4,0.8
38.5_25.0,38.5,25.0,42,12,13.938983500036052,22,0,110.95856837142858,0.35714285714285715,2410.682722189525,4,Open ocean / other,0.2857142857142857,0.3318805595246679,0.8608949138916021,-1.938983500036052,17.422450334672455,0.0,0.1716685874457567,0.43567496077245566,0.7857863094659907,1.0,False,30,0.7142857142857143,Normal,3,0,0.0
51.0_2.0,51.0,2.0,107,35,40.6863822614251,49,3,100.0827430588785,0.4485981308411215,1934.7774350156978,8,Dover Strait / English Channel,0.32710280373831774,0.3802465631908888,0.8602386856396328,-5.686382261425102,55.303518670162624,0.061224489795918366,0.24554822911767424,0.42064208210121823,0.8919246745073991,1.0,False,72,0.6728971962616822,Normal,5,1,0.2
42.0_41.5,42.0,41.5,37,11,12.808437189963227,15,0,88.90794232432432,0.4864864864864865,2288.070976239017,3,Black Sea,0.2972972972972973,0.34617397810711426,0.8588089114118989,-1.808437189963227,16.17082703475318,0.0,0.17489302346408198,0.45783439172043583,0.7853606356071636,1.0,False,26,0.7027027027027027,Normal,3,0,0.0
35.5_-5.5,35.5,-5.5,64,22,25.80117170713215,31,0,111.6678413984375,0.4375,2508.637392479843,4,Strait of Gibraltar,0.34375,0.4031433079239398,0.8526744540798742,-3.8011717071321485,25.51185762910701,0.0,0.2392297503546903,0.46596588182379606,0.863922703595202,1.0,False,42,0.65625,Normal,4,0,0.0
4.5_100.0,4.5,100.0,41,21,24.67413114330654,9,4,48.711273051219514,0.7560975609756098,3080.4603636605075,3,Strait of Malacca,0.5121951219512195,0.6018080766660131,0.8510937985225374,-3.674131143306539,13.309698928013391,0.4444444444444444,0.36484259315865186,0.657458127600643,0.9075290242162648,1.0,False,20,0.4878048780487805,Normal,2,1,0.5
3.5_9.0,3.5,9.0,39,12,14.100683015758383,22,0,95.34810500256411,0.38461538461538464,3084.458426322437,4,Gulf of Guinea,0.3076923076923077,0.36155597476303547,0.8510226055425301,-2.100683015758383,12.644034903235585,0.0,0.1856575344598306,0.464215486155646,0.8057723947675667,1.0,False,27,0.6923076923076923,Normal,4,1,0.25
46.5_-124.5,46.5,-124.5,33,19,22.33254646878745,3,0,35.373721318181815,0.9090909090909091,2117.9531483526007,2,Open ocean / other,0.5757575757575758,0.6767438323874985,0.8507762438356458,-3.3325464687874486,15.58108120836774,0.0,0.4080697369146003,0.7276464100497011,0.9206271132641862,1.0,False,14,0.42424242424242425,Normal,2,2,1.0
21.0_111.5,21.0,111.5,59,22,25.86985850253364,10,0,58.56314125932204,0.5932203389830508,2880.9077704872743,1,South China Sea,0.3728813559322034,0.4384721780090447,0.850410526901234,-3.8698585025336385,20.4796559627526,0.0,0.26083818032585154,0.5004664331785788,0.8746769763616826,1.0,False,37,0.6271186440677966,Normal,1,0,0.0
10.0_-62.0,10.0,-62.0,29,11,12.975624193277111,11,0,107.66088973103449,0.5172413793103449,3041.745231729066,4,Open ocean / other,0.3793103448275862,0.4474353170095556,0.8477434176692081,-1.9756241932771115,9.534000315836803,0.0,0.22687795730867344,0.5599777379071503,0.8220092133176156,1.0,False,18,0.6206896551724138,Normal,1,0,0.0
22.5_70.0,22.5,70.0,82,17,20.079908961289398,46,2,111.99556816951218,0.12195121951219512,2850.5938981832446,2,India West Coast corridor,0.2073170731707317,0.24487693855230974,0.8466173842109079,-3.079908961289398,28.76593542568819,0.043478260869565216,0.13366280607539827,0.3071677469431848,0.8202145740092406,1.0,False,65,0.7926829268292683,Normal,2,0,0.0
49.5_-2.0,49.5,-2.0,27,9,10.666994862226877,8,1,77.9556292037037,0.4444444444444444,1997.2187521163028,7,Dover Strait / English Channel,0.3333333333333333,0.39507388378618064,0.8437240400171272,-1.6669948622268773,13.518799566342008,0.125,0.1864305444359335,0.5217558012789452,0.8018827074015814,1.0,False,18,0.6666666666666666,Normal,5,1,0.2
8.5_-79.5,8.5,-79.5,27,7,8.371394939580593,17,0,175.97242451481483,0.3333333333333333,3055.101195388212,3,Panama Canal approaches,0.25925925925925924,0.31005166442891086,0.8361808337226412,-1.3713949395805933,8.837677796322263,0.0,0.13170208422866778,0.4467893040261568,0.778434266780853,1.0,False,20,0.7407407407407407,Normal,1,0,0.0
-7.0_112.0,-7.0,112.0,30,7,8.440663415041238,14,1,89.81456252666666,0.1,3069.650727808555,2,Open ocean / other,0.23333333333333334,0.28135544716804123,0.8293186987560741,-1.4406634150412376,9.773098850701237,0.07142857142857142,0.11792239210501232,0.40928672330324267,0.7809935884307154,1.0,False,23,0.7666666666666667,Normal,2,0,0.0
8.5_106.5,8.5,106.5,27,13,15.742635356416478,5,1,53.69861335555556,0.6666666666666666,3055.101195388212,3,South China Sea,0.48148148148148145,0.5830605687561659,0.82578295855029,-2.7426353564164785,8.837677796322263,0.2,0.3074295064970908,0.6601467541378958,0.8964638660862495,1.0,False,14,0.5185185185185185,Normal,3,2,0.6666666666666666
37.0_10.5,37.0,10.5,31,13,15.74753170491721,9,0,81.22708286451612,0.6129032258064516,2460.503210332443,5,Open ocean / other,0.41935483870967744,0.5079848937070067,0.8255261995085055,-2.7475317049172094,12.599048792060522,0.0,0.26415303073549257,0.5923403564797902,0.8784695156091177,1.0,False,18,0.5806451612903226,Normal,4,2,0.5
44.0_-9.5,44.0,-9.5,34,7,8.519095991378919,15,2,116.43639970294117,0.3235294117647059,2214.144217918689,6,Open ocean / other,0.20588235294117646,0.25056164680526233,0.8216834282749953,-1.5190959913789186,15.355819970914197,0.13333333333333333,0.1034939602235132,0.3679871610821398,0.784139605009037,1.0,False,27,0.7941176470588235,Normal,5,1,0.2
50.5_-0.5,50.5,-0.5,25,8,9.860386395920738,8,2,85.09683544800001,0.44,1955.7406729699696,4,Dover Strait / English Channel,0.32,0.3944154558368295,0.8113272318932264,-1.860386395920738,12.782880852007455,0.25,0.17204987516891143,0.5159008626542329,0.8326405956927283,1.0,False,17,0.68,Normal,4,1,0.25
55.5_16.0,55.5,16.0,36,6,7.396003615963448,24,2,127.80428603055556,0.16666666666666666,1739.673175413148,6,Open ocean / other,0.16666666666666666,0.20544454488787356,0.8112489273328193,-1.3960036159634477,20.693542045016876,0.08333333333333333,0.07870340628564097,0.3189111473467432,0.7779756273511516,1.0,False,30,0.8333333333333334,Normal,5,0,0.0
34.5_134.5,34.5,134.5,130,40,49.43677127731142,19,0,66.62448494153846,0.5307692307692308,2539.7736715851565,3,Open ocean / other,0.3076923076923077,0.38028285597931866,0.809114328596084,-9.436771277311422,51.1856632952899,0.0,0.23482436019527025,0.3915997112444018,0.9652206637979749,1.0,False,90,0.6923076923076923,Normal,3,0,0.0
20.5_108.0,20.5,108.0,74,36,44.81005382726671,8,0,43.061224706756754,0.8243243243243243,2890.5746194115304,2,South China Sea,0.4864864864864865,0.6055412679360366,0.803391134917454,-8.810053827266707,25.6004461891612,0.0,0.37611598006562663,0.5981908173280549,0.9858184296290887,1.0,False,38,0.5135135135135135,Normal,2,1,0.5
-6.5_108.0,-6.5,108.0,35,11,13.694158542760887,13,1,90.09726186285714,0.14285714285714285,3072.7043445357876,3,Open ocean / other,0.3142857142857143,0.39126167265031103,0.8032622059728457,-2.6941585427608867,11.390617539315409,0.07692307692307693,0.18550658059782457,0.47980071879251973,0.8664910343593506,1.0,False,24,0.6857142857142857,Normal,3,1,0.3333333333333333
49.5_-5.5,49.5,-5.5,26,8,9.966482078968847,9,0,88.19721618846152,0.5384615384615384,1997.2187521163028,5,Open ocean / other,0.3076923076923077,0.3833262338064941,0.8026904515166395,-1.9664820789688466,13.018103286107118,0.0,0.16501120939792674,0.49988611514231246,0.840065045631466,1.0,False,18,0.6923076923076923,Normal,4,1,0.25
38.0_123.0,38.0,123.0,63,31,38.6485084287388,6,0,40.66152950952381,0.8888888888888888,2427.474834746324,3,Open ocean / other,0.49206349206349204,0.6134683877577587,0.8021008121738686,-7.6485084287388005,25.952895205434178,0.0,0.3726660281435346,0.6123732288461243,0.9814659474074249,1.0,False,32,0.5079365079365079,Normal,3,2,0.6666666666666666
-34.0_-72.0,-34.0,-72.0,31,7,8.815073858121506,23,0,132.94474686774194,0.25806451612903225,2570.136311026832,4,Open ocean / other,0.22580645161290322,0.284357221229726,0.7940943107981742,-1.8150738581215062,12.061617069491051,0.0,0.11394991594498799,0.3981276005869738,0.8205198183850326,1.0,False,24,0.7741935483870968,Normal,4,0,0.0
22.0_120.0,22.0,120.0,29,8,10.172811402945433,10,1,89.91103071724137,0.3103448275862069,2860.9166486724735,2,Taiwan Strait,0.27586206896551724,0.35078660010156665,0.7864099395063672,-2.172811402945433,10.13661128976149,0.1,0.1469858133850274,0.4571747634443597,0.8513554991695447,1.0,False,21,0.7241379310344828,Normal,2,0,0.0
37.5_24.0,37.5,24.0,54,12,15.305871950135993,28,1,110.60830799444444,0.24074074074074073,2444.082085696121,6,Open ocean / other,0.2222222222222222,0.28344207315066655,0.7840128310947603,-3.3058719501359928,22.09418428130239,0.03571428571428571,0.13195287989578958,0.34938926831587813,0.8765831059113443,1.0,False,42,0.7777777777777778,Normal,6,0,0.0
36.0_35.5,36.0,35.5,45,19,24.235183642276127,7,2,48.56407569555555,0.7333333333333333,2492.782092805216,6,Eastern Mediterranean,0.4222222222222222,0.538559636495025,0.7839841562766698,-5.235183642276127,18.0521194090254,0.2857142857142857,0.2896848798168781,0.566994672040555,0.9567049722455964,1.0,False,26,0.5777777777777777,Normal,6,2,0.3333333333333333
52.0_3.0,52.0,3.0,98,22,28.16000626457957,52,2,134.97363301428572,0.2857142857142857,1892.4105443820379,6,Open ocean / other,0.22448979591836735,0.2873470026997915,0.7812498262002237,-6.160006264579572,51.78580318680356,0.038461538461538464,0.15318132030764547,0.31658349092862736,0.9344077326338396,1.0,False,76,0.7755102040816326,Normal,5,1,0.2
4.0_8.5,4.0,8.5,34,16,20.48935804940677,1,0,32.83730402647058,0.5294117647058824,3082.576770069333,6,Gulf of Guinea,0.47058823529411764,0.6026281779237286,0.7808931817882526,-4.489358049406771,11.0297334133337,0.0,0.31451251633111366,0.6326355957994516,0.9584754952564246,1.0,False,18,0.5294117647058824,Normal,4,3,0.75
3.5_100.0,3.5,100.0,26,4,5.132343434589343,21,2,174.13284148076926,0.15384615384615385,3084.458426322437,1,Strait of Malacca,0.15384615384615385,0.19739782440728243,0.7793710711255344,-1.1323434345893428,8.429356602157057,0.09523809523809523,0.06149933998929477,0.33531584418313565,0.7838248914780603,1.0,False,22,0.8461538461538461,Normal,1,0,0.0
37.0_9.5,37.0,9.5,26,8,10.280000282758394,11,0,96.41536061538461,0.38461538461538464,2460.503210332443,4,Open ocean / other,0.3076923076923077,0.3953846262599382,0.7782100953263194,-2.280000282758394,10.566944148179793,0.0,0.16501120939792674,0.49988611514231246,0.8685655616536117,1.0,False,18,0.6923076923076923,Normal,4,1,0.25
21.5_112.0,21.5,112.0,81,35,44.99298956946916,8,0,46.181047079012345,0.7283950617283951,2871.0215292823814,2,South China Sea,0.43209876543209874,0.5554690070304834,0.7778989645922508,-9.99298956946916,28.21295457866042,0.0,0.329719027705932,0.540627594705715,0.9903208914447219,1.0,False,46,0.5679012345679012,Normal,2,1,0.5
32.0_121.5,32.0,121.5,87,45,57.99745870210958,4,0,27.845940142528736,0.9540229885057471,2614.209529302789,1,Open ocean / other,0.5172413793103449,0.6666374563460872,0.7758960652247197,-12.997458702109583,33.27965835362973,0.0,0.4137493791703159,0.6192751382314033,0.9986203462498643,1.0,False,42,0.4827586206896552,Normal,1,1,1.0
50.0_-1.0,50.0,-1.0,65,13,16.783411463052808,41,3,142.91083417384615,0.2,1976.554973700054,5,Dover Strait / English Channel,0.2,0.2582063302008124,0.7745743485237401,-3.7834114630528077,32.88550071456999,0.07317073170731707,0.12077845770945213,0.31270362289297426,0.890166999793387,1.0,False,52,0.8,Normal,4,0,0.0
37.5_-122.5,37.5,-122.5,33,10,12.975795769753985,15,0,98.50452455454545,0.3333333333333333,2444.082085696121,4,Open ocean / other,0.30303030303030304,0.3932059324167874,0.7706656437449151,-2.9757957697539847,13.50200150524035,0.0,0.17375347814547223,0.4733845397473445,0.893942646691527,1.0,False,23,0.696969696969697,Normal,2,0,0.0
20.0_110.5,20.0,110.5,43,14,18.185339058746596,15,3,78.04696264651162,0.46511627906976744,2900.021339887193,2,South China Sea,0.32558139534883723,0.42291486183131616,0.769850919731212,-4.185339058746596,14.82747709769358,0.2,0.2049311518177982,0.47484067493449045,0.9276681852502531,1.0,False,29,0.6744186046511628,Normal,2,0,0.0
4.5_99.0,4.5,99.0,41,16,20.829152390819534,15,1,92.22394189268293,0.6097560975609756,3080.4603636605075,2,Strait of Malacca,0.3902439024390244,0.5080281070931594,0.7681541572019038,-4.829152390819534,13.309698928013391,0.06666666666666667,0.2565593521532712,0.5427341610130745,0.9524689718238932,1.0,False,25,0.6097560975609756,Normal,2,1,0.5
-2.0_121.0,-2.0,121.0,27,5,6.521702805766072,17,2,101.81455102222223,0.037037037037037035,3089.634952246073,2,Open ocean / other,0.18518518518518517,0.24154454836170636,0.7666709368570613,-1.521702805766072,8.738896477194432,0.11764705882352941,0.0818058657428532,0.36699056505191746,0.8165412282334867,1.0,False,22,0.8148148148148148,Normal,2,0,0.0
34.5_134.0,34.5,134.0,39,12,15.689050246650822,5,0,61.47958974615385,0.38461538461538464,2539.7736715851565,3,Open ocean / other,0.3076923076923077,0.4022833396577134,0.764864654733429,-3.6890502466508224,15.355698988586969,0.0,0.1856575344598306,0.464215486155646,0.916291232626945,1.0,False,27,0.6923076923076923,Normal,3,0,0.0
53.5_6.0,53.5,6.0,42,11,14.39241728150127,11,2,76.94988438809524,0.42857142857142855,1827.7834521350646,6,Open ocean / other,0.2619047619047619,0.3426766019405064,0.7642913476486274,-3.3924172815012703,22.97865206676376,0.18181818181818182,0.15302485372603591,0.41069019984975563,0.8994742182383818,1.0,False,31,0.7380952380952381,Normal,5,1,0.2
37.0_11.0,37.0,11.0,48,11,14.404983079047728,32,0,128.2530649875,0.25,2460.503210332443,7,Open ocean / other,0.22916666666666666,0.3001038141468277,0.763624638754326,-3.404983079047728,19.508204581255,0.0,0.13307691028989044,0.36539535908451154,0.89313597542152,1.0,False,37,0.7708333333333334,Normal,5,0,0.0
8.5_-80.0,8.5,-80.0,71,11,14.437284480277109,49,3,147.6078467915493,0.11267605633802817,3055.101195388212,2,Panama Canal approaches,0.15492957746478872,0.2033420349334804,0.7619161356158902,-3.4372844802771088,23.23981939032891,0.061224489795918366,0.08877213299311604,0.2565117732836071,0.8798242929958039,1.0,False,60,0.8450704225352113,Normal,1,0,0.0
0.5_104.0,0.5,104.0,29,9,11.833786687921787,6,3,69.08943113448275,0.27586206896551724,3090.8118386878423,3,Open ocean / other,0.3103448275862069,0.4080616099283375,0.7605342429558828,-2.833786687921787,9.382648156385837,0.5,0.17275424489768068,0.49230470472718546,0.8977956555415115,1.0,False,20,0.6896551724137931,Normal,2,0,0.0
-7.0_134.5,-7.0,134.5,30,16,21.117128662264257,0,0,21.949451836666665,0.4666666666666667,3069.650727808555,4,Open ocean / other,0.5333333333333333,0.703904288742142,0.7576787666493491,-5.117128662264257,9.773098850701237,,0.3614201328152505,0.6976787277587178,0.9850262276585309,1.0,False,14,0.4666666666666667,Normal,4,3,0.75
34.0_134.5,34.0,134.5,69,19,25.13801189423218,16,1,81.00537746666666,0.4057971014492754,2555.052279867656,3,Open ocean / other,0.2753623188405797,0.36431901295988667,0.755827472750917,-6.138011894232179,27.00531826439731,0.0625,0.18394380762574333,0.39047520568533167,0.9540845104068545,1.0,False,50,0.7246376811594203,Normal,3,0,0.0
8.5_104.0,8.5,104.0,33,15,19.865213516611377,5,0,47.15751336060606,0.7575757575757576,3055.101195388212,4,Open ocean / other,0.45454545454545453,0.6019761671700418,0.7550887881198426,-4.865213516611377,10.801606195504986,0.0,0.298426891258915,0.6201434205625044,0.9705839256270048,1.0,False,18,0.5454545454545454,Normal,3,2,0.6666666666666666
54.0_6.0,54.0,6.0,116,40,53.07160393676863,14,0,58.44843085603448,0.6293103448275862,1805.9605043192446,5,Open ocean / other,0.3448275862068966,0.4575138270411089,0.753698720838688,-13.071603936768632,64.23174799369498,0.0,0.2645561947174846,0.4350472818716131,0.9946800661908737,1.0,False,76,0.6551724137931034,Normal,5,1,0.2
26.0_-79.0,26.0,-79.0,51,9,11.995349014550253,40,1,177.5854305490196,0.21568627450980393,2772.3023971976045,3,Open ocean / other,0.17647058823529413,0.23520292185392655,0.7502907992992183,-2.9953490145502535,18.3962615519698,0.025,0.095722957258099,0.30254405172778037,0.8783429093892013,1.0,False,42,0.8235294117647058,Normal,3,0,0.0
36.5_35.5,36.5,35.5,37,9,11.99668597836046,21,0,104.76630338378378,0.2972972972972973,2476.736958123057,5,Eastern Mediterranean,0.24324324324324326,0.32423475617190434,0.7502071835700408,-2.9966859783604605,14.939010732911933,0.0,0.13361203432663304,0.4011760249070895,0.8928019542667137,1.0,False,28,0.7567567567567568,Normal,5,1,0.2
19.0_72.5,19.0,72.5,25,6,8.015760474229456,13,0,130.025521972,0.24,2918.2515346938403,1,India West Coast corridor,0.24,0.3206304189691782,0.7485253606678874,-2.015760474229456,8.566773529555533,0.0,0.11496157730326725,0.43430059955238565,0.8607807499320006,1.0,False,19,0.76,Normal,1,0,0.0
53.5_5.5,53.5,5.5,49,13,17.628150574666126,15,4,89.58658032244898,0.4897959183673469,1827.7834521350646,5,Open ocean / other,0.2653061224489796,0.35975817499318624,0.7374568276426364,-4.628150574666126,26.808427411224383,0.26666666666666666,0.1621113124514944,0.4026255615265835,0.9394885779758374,1.0,False,36,0.7346938775510204,Normal,5,0,0.0
53.0_1.0,53.0,1.0,46,14,18.990487537971493,11,1,63.87886033043478,0.5217391304347826,1849.4672071643909,8,Open ocean / other,0.30434782608695654,0.41283668560807596,0.7372111943944035,-4.990487537971493,24.87202791258319,0.09090909090909091,0.19079670807448904,0.4480591874023817,0.9520891288261746,1.0,False,32,0.6956521739130435,Normal,6,1,0.16666666666666666
9.5_103.5,9.5,103.5,37,20,27.136073393813916,0,0,19.171541010810813,0.8378378378378378,3046.429330018552,1,Open ocean / other,0.5405405405405406,0.7334073890219978,0.737026308476867,-7.136073393813916,12.14536626056403,,0.38383779524767364,0.6896167217154228,0.9965433503208747,1.0,False,17,0.4594594594594595,Normal,1,1,1.0
54.5_7.5,54.5,7.5,33,15,20.361382138843933,3,0,37.838900142424244,0.8181818181818182,1784.0000256189903,5,Open ocean / other,0.45454545454545453,0.6170115799649677,0.7366886932191167,-5.361382138843933,18.497757581898053,0.0,0.298426891258915,0.6201434205625044,0.9808043823015103,1.0,False,18,0.5454545454545454,Normal,5,3,0.6
52.5_4.0,52.5,4.0,57,15,20.375081348130212,27,1,91.50804004561402,0.43859649122807015,1871.0101181054247,6,Open ocean / other,0.2631578947368421,0.35745756751105634,0.7361933797322741,-5.375081348130212,30.464827233386586,0.037037037037037035,0.1664564242184771,0.3897682641526373,0.9506753692620086,1.0,False,42,0.7368421052631579,Normal,4,0,0.0
-6.5_107.5,-6.5,107.5,61,18,24.511879015701364,15,3,65.07775416885246,0.22950819672131148,3072.7043445357876,6,Open ocean / other,0.29508196721311475,0.40183408222461253,0.7343378281391604,-6.511879015701364,19.852219139949714,0.2,0.19554865403985322,0.4188963935838945,0.9684872504713067,1.0,False,43,0.7049180327868853,Normal,5,0,0.0
54.0_7.0,54.0,7.0,63,11,15.008136987927305,43,2,184.0665830793651,0.15873015873015872,1805.9605043192446,6,Open ocean / other,0.1746031746031746,0.23822439663376674,0.7329357407150874,-4.008136987927305,34.884483824161926,0.046511627906976744,0.10039293923176863,0.28621659734425586,0.9128319298962185,1.0,False,52,0.8253968253968254,Normal,5,1,0.2
54.0_-5.5,54.0,-5.5,38,18,24.691992704697014,1,0,28.285104084210527,0.8947368421052632,1805.9605043192446,5,Open ocean / other,0.47368421052631576,0.649789281702553,0.728981261871828,-6.6919927046970145,21.04143468758973,0.0,0.3247877880894159,0.6274128925728913,0.9916099916238883,1.0,False,20,0.5263157894736842,Normal,4,3,0.75
35.0_119.5,35.0,119.5,84,26,35.71091610493778,29,0,82.81620620238095,0.4523809523809524,2524.3016497044573,1,Open ocean / other,0.30952380952380953,0.42512995363021167,0.7280686925980304,-9.71091610493778,33.27653016818914,0.0,0.22081781137605916,0.4148900992266621,0.9889037360558341,1.0,False,58,0.6904761904761905,Normal,1,0,0.0
22.5_116.0,22.5,116.0,52,11,15.19083592495791,22,3,90.84141343653846,0.3269230769230769,2850.5938981832446,3,Open ocean / other,0.21153846153846154,0.2921314600953444,0.7241207827100192,-4.190835924957909,18.241812708973,0.13636363636363635,0.12244245849448492,0.34032365135910086,0.9276351906945701,1.0,False,41,0.7884615384615384,Normal,2,0,0.0
51.5_1.5,51.5,1.5,52,11,15.211758694432842,30,1,138.60675914230768,0.23076923076923078,1913.6668562689845,6,Open ocean / other,0.21153846153846154,0.29253382104678544,0.7231248023955146,-4.211758694432842,27.172963689919754,0.03333333333333333,0.12244245849448492,0.34032365135910086,0.9284840626206625,1.0,False,41,0.7884615384615384,Normal,6,2,0.3333333333333333
10.0_-65.0,10.0,-65.0,37,5,6.92074076485251,30,4,180.96163699459458,0.08108108108108109,3041.745231729066,2,Open ocean / other,0.13513513513513514,0.18704704769871647,0.7224660148221224,-1.9207407648525097,12.164069368481437,0.13333333333333333,0.059132072625076235,0.2797772747070557,0.8473716803109804,1.0,False,32,0.8648648648648649,Normal,1,0,0.0
55.5_12.5,55.5,12.5,52,15,20.76877488095943,20,0,79.76084699807691,0.40384615384615385,1739.673175413148,7,Open ocean / other,0.28846153846153844,0.39939951694152753,0.7222380754751127,-5.76877488095943,29.890671842802156,0.0,0.1832980234182869,0.4227304571410092,0.9643457349116465,1.0,False,37,0.7115384615384616,Normal,4,0,0.0
18.0_109.0,18.0,109.0,45,12,16.704243241271797,14,2,71.49151593777778,0.37777777777777777,2935.5928018133336,2,South China Sea,0.26666666666666666,0.3712054053615955,0.7183803436453291,-4.704243241271797,15.329101492619557,0.14285714285714285,0.15964748860054623,0.4103911669717528,0.9488531071802171,1.0,False,33,0.7333333333333333,Normal,2,0,0.0
1.0_105.0,1.0,105.0,37,16,22.288975681474565,6,0,64.17394207297298,0.7567567567567568,3090.341066185425,2,Open ocean / other,0.43243243243243246,0.6024047481479612,0.7178436653461094,-6.2889756814745645,11.97278850702104,0.0,0.2867148684035131,0.5908609366579929,0.9879251910394504,1.0,False,21,0.5675675675675675,Normal,1,0,0.0
-3.5_107.0,-3.5,107.0,30,7,9.799092157309378,8,1,77.58608044333333,0.26666666666666666,3086.105189124408,4,Open ocean / other,0.23333333333333334,0.32663640524364596,0.714351889708327,-2.799092157309378,9.72099075097036,0.125,0.11792239210501232,0.40928672330324267,0.9038377748619355,1.0,False,23,0.7666666666666667,Normal,4,0,0.0
-2.5_118.5,-2.5,118.5,32,7,9.814872181487683,22,0,168.110118240625,0.3125,3088.693550643103,7,Open ocean / other,0.21875,0.3067147556714901,0.7132033785628963,-2.814872181487683,10.360367409494936,0.0,0.11023696931531854,0.3875533079044484,0.9016162321590697,1.0,False,25,0.78125,Normal,5,0,0.0
12.5_43.0,12.5,43.0,25,4,5.614454237194672,20,0,163.49143425999998,0.12,3014.8578811896923,4,Bab-el-Mandeb,0.16,0.2245781694877869,0.7124468080086528,-1.6144542371946722,8.292264838080778,0.0,0.06403347608577989,0.34654013980238163,0.8454027148549218,1.0,False,21,0.84,Normal,3,1,0.3333333333333333
53.5_8.0,53.5,8.0,65,18,25.290459769202467,21,0,93.28531208923077,0.47692307692307695,1827.7834521350646,8,Open ocean / other,0.27692307692307694,0.3890839964492687,0.7117308330598068,-7.290459769202467,35.56219962713439,0.0,0.18293439815390553,0.3958086874222576,0.9782975115287617,1.0,False,47,0.7230769230769231,Normal,5,1,0.2
36.0_35.0,36.0,35.0,69,24,33.83936411576923,24,1,81.05392218550725,0.6231884057971014,2492.782092805216,4,Eastern Mediterranean,0.34782608695652173,0.4904255668952062,0.7092331852895528,-9.839364115769229,27.679916427172284,0.041666666666666664,0.24617977948252023,0.46552342308304673,0.9939675973950014,1.0,False,45,0.6521739130434783,Normal,4,1,0.25
40.5_27.5,40.5,27.5,57,12,16.953041766939116,24,0,99.45047645438596,0.2807017543859649,2341.6914406962387,3,Turkish Straits (Bosphorus-Dardanelles),0.21052631578947367,0.2974217853848968,0.707837576581787,-4.953041766939116,24.341379487236196,0.0,0.12474426566891902,0.33286368678466527,0.9470778801505425,1.0,False,45,0.7894736842105263,Normal,3,0,0.0
12.5_101.0,12.5,101.0,55,13,18.37903094764201,14,0,85.38214759636364,0.2909090909090909,3014.8578811896923,2,Open ocean / other,0.23636363636363636,0.33416419904803657,0.7073278257724394,-5.379030947642011,18.242982643777708,0.0,0.14366521587457487,0.36348618721439613,0.9570894517289555,1.0,False,42,0.7636363636363637,Normal,2,0,0.0
15.5_94.5,15.5,94.5,25,13,18.434204291691714,0,0,18.30616992,1.0,2975.022916468681,2,Bay of Bengal,0.52,0.7373681716676685,0.7052108023918935,-5.434204291691714,8.403296613820615,,0.334982179531473,0.6996899607103998,0.994654722836204,1.0,False,12,0.48,Normal,2,1,0.5
20.5_107.0,20.5,107.0,48,14,19.85657335421921,18,0,81.89260104166667,0.4791666666666667,2890.5746194115304,1,South China Sea,0.2916666666666667,0.4136786115462336,0.7050561922369762,-5.856573354219211,16.60569482540186,0.0,0.18241416061863377,0.43179527736167544,0.9708849462425192,1.0,False,34,0.7083333333333334,Normal,1,0,0.0
14.5_120.5,14.5,120.5,125,23,32.727203153268874,58,6,101.8925449792,0.096,2989.2131296908296,2,Open ocean / other,0.184,0.261817625226151,0.7027792717967928,-9.727203153268874,41.817024941586745,0.10344827586206896,0.12585324884366855,0.260990751851759,0.9840841367371009,1.0,False,102,0.816,Normal,2,0,0.0
29.5_48.5,29.5,48.5,229,60,85.4114819270197,97,1,98.24950080393013,0.4017467248908297,2683.6690905993105,5,Persian Gulf,0.26200873362445415,0.37297590361143973,0.702481664599466,-25.411481927019693,85.33093770844165,0.010309278350515464,0.20931707839349756,0.3225535151774107,0.9998576293824097,1.0,False,169,0.7379912663755459,Normal,4,0,0.0
27.0_123.0,27.0,123.0,109,35,49.88984027626551,1,0,39.06477849908257,0.8807339449541285,2748.0201352522117,1,Open ocean / other,0.3211009174311927,0.45770495666298633,0.7015456414810538,-14.88984027626551,39.664920428247164,0.0,0.24082843883410393,0.4135543419843177,0.9986470858631945,1.0,False,74,0.6788990825688074,Normal,1,0,0.0
16.5_82.0,16.5,82.0,31,9,12.857737994528021,10,0,74.35094496774192,0.3870967741935484,2959.926482446465,2,Bay of Bengal,0.2903225806451613,0.4147657417589684,0.6999675995754625,-3.857737994528021,10.473233096782053,0.0,0.1609562071843287,0.4659265995754067,0.9465921618235291,1.0,False,22,0.7096774193548387,Normal,2,0,0.0
52.5_4.5,52.5,4.5,26,9,12.87442273421357,0,0,44.343306688461546,0.6153846153846154,1871.0101181054247,4,Open ocean / other,0.34615384615384615,0.4951701051620604,0.6990604694129426,-3.874422734213571,13.896236983650024,,0.19412014972852126,0.5377977099036699,0.9580133743765601,1.0,False,17,0.6538461538461539,Normal,4,1,0.25
58.5_5.0,58.5,5.0,33,7,10.029331969483906,10,1,86.4563942151515,0.48484848484848486,1603.5679094702848,9,Open ocean / other,0.21212121212121213,0.3039191505904214,0.6979527670734993,-3.0293319694839056,20.579109749646378,0.1,0.1067588656643618,0.3775197758712936,0.9133091940627991,1.0,False,26,0.7878787878787878,Normal,4,0,0.0
42.0_-10.5,42.0,-10.5,26,4,5.750266899160404,13,3,107.92035266923077,0.2692307692307692,2288.070976239017,4,Open ocean / other,0.15384615384615385,0.22116411150616938,0.6956198851542074,-1.7502668991604038,11.363283862258992,0.23076923076923078,0.06149933998929477,0.33531584418313565,0.8583208327395229,1.0,False,22,0.8461538461538461,Normal,4,0,0.0
38.0_122.0,38.0,122.0,36,13,18.725908834847676,7,1,59.76499364166667,0.75,2427.474834746324,1,Open ocean / other,0.3611111111111111,0.5201641343013244,0.6942253171609947,-5.725908834847676,14.830225831676673,0.14285714285714285,0.2247538679218132,0.5242521960916802,0.9814955122046738,1.0,False,23,0.6388888888888888,Normal,1,0,0.0
39.5_0.0,39.5,0.0,26,4,5.766555125942639,17,1,127.83882710384616,0.11538461538461539,2376.549041372937,5,Open ocean / other,0.15384615384615385,0.22179058176702457,0.6936550353962209,-1.7665551259426389,10.940232895417022,0.058823529411764705,0.06149933998929477,0.33531584418313565,0.8599711141798704,1.0,False,22,0.8461538461538461,Normal,5,0,0.0
13.0_109.5,13.0,109.5,25,10,14.501812949716653,7,0,63.612343744,0.72,3008.789905913281,1,South China Sea,0.4,0.5800725179886661,0.6895689549074888,-4.501812949716653,8.308988258324922,0.0,0.23403057664190918,0.5926087221487266,0.9780131104776039,1.0,False,15,0.6,Normal,1,0,0.0
42.5_14.5,42.5,14.5,41,20,29.058479153121436,1,0,23.17534415365854,0.975609756097561,2269.8471688923664,3,Open ocean / other,0.4878048780487805,0.7087433939785716,0.6882672659711999,-9.058479153121436,18.062890119605306,0.0,0.3425418723993569,0.6351574068413481,0.9991429133934709,1.0,False,21,0.5121951219512195,Normal,3,1,0.3333333333333333
20.5_106.5,20.5,106.5,38,12,17.449196789713124,4,0,51.64618749473684,0.6578947368421053,2890.5746194115304,1,South China Sea,0.3157894736842105,0.45918938920297697,0.6877107378990874,-5.449196789713124,13.146175070109805,0.0,0.1908442002366664,0.47456056439948513,0.9751123170172676,1.0,False,26,0.6842105263157895,Normal,1,0,0.0
37.0_122.5,37.0,122.5,52,12,17.476887251745488,25,0,90.56111747307692,0.40384615384615385,2460.503210332443,2,Open ocean / other,0.23076923076923078,0.33609398561049014,0.6866211257843705,-5.476887251745488,21.133888296359586,0.0,0.13724127341871611,0.3613404291112973,0.9639571540373856,1.0,False,40,0.7692307692307693,Normal,1,0,0.0
54.0_14.0,54.0,14.0,29,5,7.299893191293762,19,0,132.00359501724137,0.2413793103448276,1805.9605043192446,4,Open ocean / other,0.1724137931034483,0.2517204548721987,0.6849415284545894,-2.299893191293762,16.057936998423745,0.0,0.07597745271479928,0.34548800572815114,0.8886248546728258,1.0,False,24,0.8275862068965517,Normal,4,0,0.0
40.0_26.0,40.0,26.0,62,11,16.07058080400214,36,1,119.8099102,0.22580645161290322,2359.210072525169,7,Turkish Straits (Bosphorus-Dardanelles),0.1774193548387097,0.25920291619358293,0.6844805507751538,-5.070580804002141,26.27998274593606,0.027777777777777776,0.10206333434361749,0.2904180148338023,0.9517380081065747,1.0,False,51,0.8225806451612904,Normal,5,0,0.0
34.0_130.5,34.0,130.5,28,7,10.242701241391847,13,1,86.17766984642857,0.39285714285714285,2555.052279867656,1,Open ocean / other,0.25,0.3658107586211374,0.6834134702389106,-3.2427012413918472,10.958679875407602,0.07692307692307693,0.12676334942200781,0.433560252407046,0.9327910238799778,1.0,False,21,0.75,Normal,1,0,0.0
29.5_32.5,29.5,32.5,146,27,39.93136902733807,102,0,149.0895334821918,0.2602739726027397,2683.6690905993105,4,Suez Canal & Gulf of Suez,0.18493150684931506,0.2735025275845073,0.6761601381989956,-12.931369027338071,54.40313059140821,0.0,0.1303220534783932,0.2556962485151787,0.9951264713844621,1.0,False,119,0.815068493150685,Normal,3,0,0.0
55.5_6.0,55.5,6.0,29,4,5.924837471600165,21,2,133.80992406551724,0.20689655172413793,1739.673175413148,5,Open ocean / other,0.13793103448275862,0.2043047404000057,0.675124004527282,-1.9248374716001653,16.669797758485817,0.09523809523809523,0.05497350852047822,0.30559357712699325,0.8715533069601455,1.0,False,25,0.8620689655172413,Normal,5,0,0.0
24.5_119.5,24.5,119.5,33,7,10.37680693182843,18,2,121.44272444545454,0.3939393939393939,2807.140167390364,3,Taiwan Strait,0.21212121212121213,0.3144486949038918,0.6745813086807211,-3.3768069318284297,11.755736454969469,0.1111111111111111,0.1067588656643618,0.3775197758712936,0.9316449818116759,1.0,False,26,0.7878787878787878,Normal,3,1,0.3333333333333333
49.5_-2.5,49.5,-2.5,36,6,8.91484118555519,24,1,148.30470535833334,0.16666666666666666,1997.2187521163028,6,Open ocean / other,0.16666666666666666,0.24763447737653305,0.6730349845964573,-2.91484118555519,18.025066088456008,0.041666666666666664,0.07870340628564097,0.3189111473467432,0.9115969651514487,1.0,False,30,0.8333333333333334,Normal,5,0,0.0
55.0_14.5,55.0,14.5,29,7,10.437695356460637,11,0,89.92187527931034,0.3448275862068966,1761.903688409759,5,Open ocean / other,0.2413793103448276,0.3599205295331254,0.6706461302941936,-3.4376953564606367,16.459469487900627,0.0,0.12218268185062131,0.4210795221832869,0.9402534950135342,1.0,False,22,0.7586206896551724,Normal,4,0,0.0
17.5_-16.5,17.5,-16.5,27,6,8.968578689222623,14,0,102.69224571481482,0.5925925925925926,2943.9284261442276,1,Open ocean / other,0.2222222222222222,0.33216958108231937,0.6690023255535562,-2.968578689222623,9.171418625609354,0.0,0.10607095489408958,0.4075729546307081,0.9263333133896292,1.0,False,21,0.7777777777777778,Normal,1,0,0.0
37.0_12.0,37.0,12.0,44,6,9.004362633710391,34,2,152.73137661136363,0.11363636363636363,2460.503210332443,9,Open ocean / other,0.13636363636363635,0.2046446053115998,0.6663436651848399,-3.0043626337103913,17.88252086615042,0.058823529411764705,0.0640286740786005,0.2670973752174096,0.9106540078536818,1.0,False,38,0.8636363636363636,Normal,5,0,0.0
48.0_-6.5,48.0,-6.5,26,4,6.005925067374953,13,2,127.59902103076924,0.23076923076923078,2058.291275247486,5,Open ocean / other,0.15384615384615385,0.23099711797595973,0.6660089753248128,-2.005925067374953,12.631837054682068,0.15384615384615385,0.06149933998929477,0.33531584418313565,0.8825154186536015,1.0,False,22,0.8461538461538461,Normal,4,0,0.0
34.5_119.5,34.5,119.5,95,26,39.14073895094238,35,1,82.60206087684212,0.43157894736842106,2539.7736715851565,1,Open ocean / other,0.2736842105263158,0.4120077784309724,0.6642695231836957,-13.140738950942378,37.404907792711846,0.02857142857142857,0.19414427878715157,0.370816223673351,0.9981897643394554,1.0,False,69,0.7263157894736842,Normal,1,0,0.0
40.0_22.5,40.0,22.5,26,12,18.06949634136912,1,0,28.701163303846155,0.9230769230769231,2359.210072525169,4,Open ocean / other,0.46153846153846156,0.694980628514197,0.6641026276159484,-6.0694963413691205,11.020637925715123,0.0,0.28755582695234905,0.6454236379556988,0.9963621922469055,1.0,False,14,0.5384615384615384,Normal,4,3,0.75
58.5_21.0,58.5,21.0,30,3,4.53437335710435,30,3,158.56130546666665,0.0,1603.5679094702848,4,Open ocean / other,0.1,0.151145778570145,0.6616129206254422,-1.53437335710435,18.708281590587617,0.1,0.03459925995971615,0.25621441315266624,0.852459966725945,1.0,False,27,0.9,Normal,3,0,0.0
54.0_-4.0,54.0,-4.0,27,9,13.705708866301487,1,0,37.61090072962963,0.8518518518518519,1805.9605043192446,7,Open ocean / other,0.3333333333333333,0.5076188469000551,0.65666067240991,-4.705708866301487,14.950493067497968,0.0,0.1864305444359335,0.5217558012789452,0.9783180336002533,1.0,False,18,0.6666666666666666,Normal,6,2,0.3333333333333333
42.0_33.5,42.0,33.5,30,9,13.734439782566154,9,0,64.96409668,0.6333333333333333,2288.070976239017,5,Black Sea,0.3,0.4578146594188718,0.6552870115186039,-4.734439782566154,13.111481379529607,0.0,0.16664562643958933,0.4787612101166018,0.9743074450610657,1.0,False,21,0.7,Normal,5,1,0.2
9.5_106.5,9.5,106.5,52,9,13.736076216675572,27,2,97.92556073076922,0.17307692307692307,3046.429330018552,5,South China Sea,0.17307692307692307,0.26415531185914565,0.6552089445364329,-4.736076216675572,17.06916339322512,0.07407407407407407,0.0938236875646778,0.29731123693605277,0.9556362413894807,1.0,False,43,0.8269230769230769,Normal,5,0,0.0
39.5_-73.0,39.5,-73.0,43,17,25.99142202400682,0,0,26.56880321395349,1.0,2376.549041372937,6,Open ocean / other,0.3953488372093023,0.6044516749769028,0.654061943371088,-8.99142202400682,18.093462096266617,,0.263651061984564,0.5442120340668091,0.9982585608125991,1.0,False,26,0.6046511627906976,Normal,3,1,0.3333333333333333
41.0_29.0,41.0,29.0,99,20,30.57848445022416,51,0,108.81826216464646,0.26262626262626265,2323.994479997919,3,Turkish Straits (Bosphorus-Dardanelles),0.20202020202020202,0.30887358030529455,0.6540546518110183,-10.57848445022416,42.5990684797533,0.0,0.13475627715378938,0.29154591962261234,0.9937243630011252,1.0,False,79,0.797979797979798,Normal,3,0,0.0
36.0_-2.5,36.0,-2.5,50,7,10.755137045800938,35,1,145.626489056,0.18,2492.782092805216,5,Open ocean / other,0.14,0.21510274091601875,0.6508517715943906,-3.7551370458009377,20.05791045447267,0.02857142857142857,0.06950745262022862,0.2618645719852809,0.9349681256288958,1.0,False,43,0.86,Normal,4,0,0.0
39.0_123.0,39.0,123.0,88,32,49.18774141092885,2,0,32.78851486590909,0.8295454545454546,2393.7070268101265,3,Open ocean / other,0.36363636363636365,0.5589516069423733,0.6505685986405148,-17.18774141092885,36.763062068322334,0.0,0.27079145605030686,0.4678890547421881,0.9999245075109507,1.0,False,56,0.6363636363636364,Normal,3,0,0.0
52.5_1.5,52.5,1.5,39,10,15.385808111416466,10,1,67.18251186923077,0.48717948717948717,1871.0101181054247,7,Open ocean / other,0.2564102564102564,0.3945079002927299,0.6499496111991591,-5.385808111416466,20.844355475475037,0.1,0.14568625843452188,0.410819567678415,0.9758940550223485,1.0,False,29,0.7435897435897436,Normal,5,0,0.0
45.5_13.5,45.5,13.5,32,5,7.695819843446162,25,0,140.123254003125,0.15625,2156.923803096975,4,Open ocean / other,0.15625,0.24049437010769256,0.6497033586691937,-2.695819843446162,14.83594364995808,0.0,0.06864319106627216,0.31754492553566527,0.9128431626852432,1.0,False,27,0.84375,Normal,4,0,0.0
38.5_26.0,38.5,26.0,73,23,35.56396301352995,19,0,70.2473903890411,0.6301369863013698,2410.682722189525,5,Open ocean / other,0.3150684931506849,0.48717757552780755,0.6467220762559528,-12.56396301352995,30.281877962644984,0.0,0.22003473675403795,0.4285930898398903,0.9990282489584924,1.0,False,50,0.684931506849315,Normal,5,1,0.2
56.5_7.5,56.5,7.5,37,7,10.827247462380125,24,1,121.27235454054055,0.2972972972972973,1694.8164039054723,9,Open ocean / other,0.1891891891891892,0.29262830979405746,0.6465170417801838,-3.827247462380125,21.831273236876022,0.041666666666666664,0.09479858757337126,0.342050115709556,0.9465365008213714,1.0,False,30,0.8108108108108109,Normal,5,0,0.0
2.0_101.5,2.0,101.5,66,9,13.934124875732115,51,1,183.07065661818183,0.13636363636363635,3088.693550643103,2,Strait of Malacca,0.13636363636363635,0.2111231041777593,0.645896321460025,-4.934124875732115,21.3682577820833,0.0196078431372549,0.07343237343346894,0.23929814820406514,0.9556548905224713,1.0,False,57,0.8636363636363636,Normal,2,0,0.0
25.5_119.5,25.5,119.5,102,20,30.994486660220737,44,4,87.50508580882354,0.24509803921568626,2784.1273041239665,4,Taiwan Strait,0.19607843137254902,0.3038675162766739,0.6452760524557616,-10.994486660220737,36.63625576636287,0.09090909090909091,0.13066968570928417,0.2835492981307183,0.9948901084930951,1.0,False,82,0.803921568627451,Normal,3,1,0.3333333333333333
56.0_11.0,56.0,11.0,41,8,12.401925848183508,22,2,114.47260842682927,0.24390243902439024,1717.3101795688112,5,Open ocean / other,0.1951219512195122,0.3024859962971587,0.6450611056646294,-4.401925848183508,23.874545488511828,0.09090909090909091,0.10234315749205929,0.34013882352556724,0.9572928990775029,1.0,False,33,0.8048780487804879,Normal,4,0,0.0
11.0_-17.5,11.0,-17.5,29,10,15.50570486032728,3,0,53.39667143793104,0.8620689655172413,3031.6824874746285,3,Open ocean / other,0.3448275862068966,0.53467947794232,0.6449239225225992,-5.505704860327279,9.565645518557192,0.0,0.19940508749190483,0.5265522349284402,0.9876019922059205,1.0,False,19,0.6551724137931034,Normal,3,1,0.3333333333333333
54.5_5.0,54.5,5.0,29,5,7.768359155206739,16,3,113.08533840344828,0.3793103448275862,1784.0000256189903,7,Open ocean / other,0.1724137931034483,0.2678744536278186,0.6436365646983189,-2.7683591552067393,16.25560514772859,0.1875,0.07597745271479928,0.34548800572815114,0.9206680125900097,1.0,False,24,0.8275862068965517,Normal,5,0,0.0
40.5_-74.0,40.5,-74.0,28,6,9.36616332532452,13,0,109.66209475714287,0.2857142857142857,2341.6914406962387,3,Open ocean / other,0.21428571428571427,0.33450583304730425,0.6406038194718445,-3.3661633253245196,11.957168870923045,0.0,0.10212321701189422,0.3953894707927388,0.9442988019610673,1.0,False,22,0.7857142857142857,Normal,3,0,0.0
5.5_79.5,5.5,79.5,26,4,6.277442482397356,21,0,210.3180799846154,0.19230769230769232,3075.5239629307252,2,Dondra Head / Sri Lanka corridor,0.15384615384615385,0.24144009547682138,0.6372021744868939,-2.2774424823973556,8.453844064744045,0.0,0.06149933998929477,0.33531584418313565,0.9044494465475644,1.0,False,22,0.8461538461538461,Normal,2,0,0.0
50.0_-2.5,50.0,-2.5,46,10,15.711527634848684,21,4,104.18259237391304,0.3695652173913043,1976.554973700054,7,Open ocean / other,0.21739130434782608,0.34155494858366703,0.6364753467905738,-5.711527634848684,23.272815890311072,0.19047619047619047,0.12260774618580751,0.35573965839189464,0.9768814010132558,1.0,False,36,0.782608695652174,Normal,5,1,0.2
52.5_3.0,52.5,3.0,72,14,22.027906302160606,39,4,117.14480780555556,0.3472222222222222,1871.0101181054247,9,Open ocean / other,0.19444444444444445,0.305943143085564,0.6355574518957715,-8.027906302160606,38.48188703164622,0.10256410256410256,0.11951371043417634,0.3003297527838992,0.9881893157022421,1.0,False,58,0.8055555555555556,Normal,5,0,0.0
40.5_27.0,40.5,27.0,48,7,11.08322944769513,38,2,161.57293224583333,0.16666666666666666,2341.6914406962387,3,Turkish Straits (Bosphorus-Dardanelles),0.14583333333333334,0.23090061349364854,0.6315848673019867,-4.08322944769513,20.498003778725217,0.05263157894736842,0.07248157413793963,0.27167447042858606,0.9484008952254326,1.0,False,41,0.8541666666666666,Normal,3,0,0.0
-7.0_108.5,-7.0,108.5,31,5,7.924219182065285,12,2,89.23803576774193,0.0,3069.650727808555,4,Open ocean / other,0.16129032258064516,0.2556199736150092,0.6309769940887542,-2.9242191820652854,10.098868812391276,0.16666666666666666,0.07092519905439934,0.3263470272497887,0.9272228942898453,1.0,False,26,0.8387096774193549,Normal,3,0,0.0
40.0_18.5,40.0,18.5,25,5,7.928347884741404,14,0,105.118983764,0.24,2359.210072525169,4,Open ocean / other,0.2,0.3171339153896562,0.6306484115843112,-2.928347884741404,10.59676723626454,0.0,0.08860454100652487,0.3913133553653824,0.9353193577591503,1.0,False,20,0.8,Normal,3,0,0.0
54.5_10.5,54.5,10.5,35,6,9.539898044791318,17,1,107.49045887714286,0.3142857142857143,1784.0000256189903,6,Open ocean / other,0.17142857142857143,0.27256851556546624,0.6289375391465463,-3.539898044791318,19.618833798982784,0.058823529411764705,0.08102529944856719,0.3268260763958882,0.943682264847726,1.0,False,29,0.8285714285714286,Normal,5,0,0.0
-6.5_106.5,-6.5,106.5,66,10,15.941390678508348,37,0,114.32658796363636,0.030303030303030304,3072.7043445357876,3,Open ocean / other,0.15151515151515152,0.24153622240164163,0.6272978438124389,-5.941390678508348,21.47945021699477,0.0,0.08443546388835518,0.2569312860142816,0.9732613669388837,1.0,False,56,0.8484848484848485,Normal,2,0,0.0
5.5_0.0,5.5,0.0,38,5,8.0513888758981,26,1,156.5940111105263,0.18421052631578946,3075.5239629307252,2,Gulf of Guinea,0.13157894736842105,0.21187865462889738,0.6210108686921758,-3.0513888758981,12.355618248472068,0.038461538461538464,0.05753782875731436,0.2732717005149887,0.928062971996024,1.0,False,33,0.868421052631579,Normal,2,0,0.0
36.5_12.5,36.5,12.5,36,5,8.061098007665107,28,3,167.05196570555555,0.1388888888888889,2476.736958123057,6,Open ocean / other,0.1388888888888889,0.22391938910180853,0.6202628965986542,-3.061098007665107,14.535253686076475,0.10714285714285714,0.060817253631150966,0.2865985128039319,0.9299794668244041,1.0,False,31,0.8611111111111112,Normal,5,0,0.0
3.0_105.0,3.0,105.0,42,5,8.081715586454273,35,1,192.8916044738095,0.11904761904761904,3086.105189124408,3,South China Sea,0.11904761904761904,0.19242179967748269,0.6186805198119664,-3.0817155864542727,13.609387051358503,0.02857142857142857,0.05193726765019084,0.2500068180710754,0.9271993641179168,1.0,False,37,0.8809523809523809,Normal,3,0,0.0
60.0_4.0,60.0,4.0,28,4,6.484917898949542,15,0,115.38572069642858,0.35714285714285715,1533.8432521841546,8,Open ocean / other,0.14285714285714285,0.23160421067676934,0.6168158274830186,-2.4849178989495417,18.254798826495925,0.0,0.056989129307017855,0.31490173044877334,0.9164739561077421,1.0,False,24,0.8571428571428571,Normal,3,0,0.0
33.5_130.0,33.5,130.0,48,13,21.169432450065585,8,1,53.8148942,0.5833333333333334,2570.136311026832,2,Open ocean / other,0.2708333333333333,0.4410298427096997,0.6140929866997792,-8.169432450065585,18.676052236631307,0.125,0.16565803561632889,0.40997234616201117,0.9950498999541705,1.0,False,35,0.7291666666666666,Normal,1,0,0.0
31.0_32.0,31.0,32.0,115,16,26.155141314803945,83,1,155.89094673826085,0.11304347826086956,2642.5981287033196,4,Suez Canal & Gulf of Suez,0.1391304347826087,0.2274360114330778,0.6117344122680736,-10.155141314803945,43.51777848886491,0.012048192771084338,0.08748856525656706,0.21410279669076449,0.9936203384298751,1.0,False,99,0.8608695652173913,Normal,3,0,0.0
34.0_132.5,34.0,132.5,28,5,8.177776196118753,6,0,83.4811212357143,0.35714285714285715,2555.052279867656,2,Open ocean / other,0.17857142857142858,0.29206343557566977,0.6114131617313086,-3.177776196118753,10.958679875407602,0.0,0.0787838582943011,0.355917915485911,0.943230779747337,1.0,False,23,0.8214285714285714,Normal,2,0,0.0
53.0_5.0,53.0,5.0,45,17,27.81191794055683,1,0,31.057555535555558,0.8888888888888888,1849.4672071643909,5,Open ocean / other,0.37777777777777777,0.6180426209012629,0.6112487472577246,-10.811917940556832,24.331331653613987,0.0,0.25107885298349863,0.5237032999353246,0.999675928445844,1.0,False,28,0.6222222222222222,Normal,4,2,0.5
33.5_135.0,33.5,135.0,25,6,9.833675226965822,2,0,60.05920404,0.56,2570.136311026832,2,Open ocean / other,0.24,0.39334700907863285,0.6101482773751619,-3.8336752269658216,9.727110539912138,0.0,0.11496157730326725,0.43430059955238565,0.9659359679976937,1.0,False,19,0.76,Normal,2,0,0.0
34.0_135.0,34.0,135.0,81,18,29.57574309888291,25,0,89.74605399135802,0.3950617283950617,2555.052279867656,2,Open ocean / other,0.2222222222222222,0.3651326308504063,0.6086068552806664,-11.57574309888291,31.701895353857708,0.0,0.1454449167155174,0.32415490224122073,0.9980608143280437,1.0,False,63,0.7777777777777778,Normal,2,0,0.0
19.5_108.5,19.5,108.5,74,27,44.395000840482105,6,0,42.85047774189189,0.8378378378378378,2909.247212509951,3,South China Sea,0.36486486486486486,0.5999324437902988,0.6081765849496219,-17.395000840482105,25.43613333435372,0.0,0.2643839969334518,0.4786839770033634,0.9999863221950753,1.0,False,47,0.6351351351351351,Normal,2,0,0.0
31.0_29.5,31.0,29.5,105,16,26.366361611495584,83,0,144.18647815619047,0.1619047619047619,2642.5981287033196,3,Eastern Mediterranean,0.1523809523809524,0.25110820582376747,0.6068338224195519,-10.366361611495584,39.73362383765927,0.0,0.09602582280126758,0.233274738748728,0.9948617682398779,1.0,False,89,0.8476190476190476,Normal,3,1,0.3333333333333333
9.0_103.5,9.0,103.5,25,11,18.15237937267283,0,0,18.829347272,0.96,3050.8814309198565,1,Open ocean / other,0.44,0.7260951749069132,0.6059811650124364,-7.152379372672829,8.194353194664261,,0.2666537494700256,0.6293298298043557,0.9993696669317607,1.0,False,14,0.56,Normal,1,0,0.0
27.0_50.0,27.0,50.0,82,11,18.206381427510433,62,6,189.93393320487803,0.10975609756097561,2748.0201352522117,5,Persian Gulf,0.13414634146341464,0.22202904179890773,0.6041837607213174,-7.206381427510433,29.83966490932356,0.0967741935483871,0.07658612768827223,0.22445206358495667,0.9842382723934995,1.0,False,71,0.8658536585365854,Normal,3,0,0.0
54.5_12.5,54.5,12.5,42,8,13.335134947018112,17,1,98.36404841904762,0.38095238095238093,1784.0000256189903,6,Open ocean / other,0.19047619047619047,0.3175032130242408,0.59991893833732,-5.335134947018112,23.54260055877934,0.058823529411764705,0.09981889609856436,0.33301067354996444,0.9778637335722004,1.0,False,34,0.8095238095238095,Normal,4,0,0.0
36.5_27.0,36.5,27.0,29,6,10.009493574293996,10,0,78.48019426551724,0.3793103448275862,2476.736958123057,8,Eastern Mediterranean,0.20689655172413793,0.345154950837724,0.5994309257971825,-4.009493574293996,11.708954358228272,0.0,0.09845936515585207,0.3839044660825772,0.9658798025483251,1.0,False,23,0.7931034482758621,Normal,4,0,0.0
46.0_-3.0,46.0,-3.0,25,9,15.05230526346513,0,0,27.372938464,1.0,2137.5198659315865,4,Open ocean / other,0.36,0.6020922105386052,0.5979150596848942,-6.052305263465129,11.695797731968378,,0.20247656431735636,0.5548184539895337,0.995943499866321,1.0,False,16,0.64,Normal,4,1,0.25
4.0_6.5,4.0,6.5,60,16,26.97126795417182,20,0,79.96798671833334,0.5666666666666667,3082.576770069333,6,Gulf of Guinea,0.26666666666666666,0.44952113256953036,0.5932238716839849,-10.971267954171822,19.464235435294764,0.0,0.17132496487078852,0.3900895360189135,0.9988570101676567,1.0,False,44,0.7333333333333333,Normal,4,0,0.0
25.0_119.0,25.0,119.0,38,9,15.176863439023165,11,0,69.6857088368421,0.5263157894736842,2795.740188976926,1,Taiwan Strait,0.23684210526315788,0.39939114313218854,0.5930079054977166,-6.176863439023165,13.592107074121836,0.0,0.12993561496969508,0.39207119165337856,0.9887443930865508,1.0,False,29,0.7631578947368421,Normal,1,0,0.0
31.0_33.5,31.0,33.5,54,9,15.227501997830116,33,0,105.02040761296296,0.16666666666666666,2642.5981287033196,2,Suez Canal & Gulf of Suez,0.16666666666666666,0.28199077773759473,0.5910358771440306,-6.227501997830116,20.434435116510482,0.0,0.0902428998661039,0.28736767798789736,0.9833559129535822,1.0,False,45,0.8333333333333334,Normal,2,0,0.0
34.5_35.5,34.5,35.5,72,10,17.021264208177552,43,4,117.17567472083334,0.09722222222222222,2539.7736715851565,6,Eastern Mediterranean,0.1388888888888889,0.23640644733579932,0.5875004275649328,-7.021264208177552,28.348982748160555,0.09302325581395349,0.07722647811471899,0.23713397841573391,0.9859166465590431,1.0,False,62,0.8611111111111112,Normal,6,0,0.0
38.5_26.5,38.5,26.5,151,32,54.59588085853604,75,1,100.22417575099338,0.3841059602649007,2410.682722189525,5,Open ocean / other,0.2119205298013245,0.3615621248909672,0.5861248045968072,-22.59588085853604,62.63785715560812,0.013333333333333334,0.15430213184933153,0.28383335628822326,0.9999768584374701,1.0,False,119,0.7880794701986755,Normal,5,1,0.2
36.0_-3.5,36.0,-3.5,55,7,11.971085514611325,41,0,148.59281168545454,0.16363636363636364,2492.782092805216,5,Open ocean / other,0.12727272727272726,0.21765610026566046,0.5847422935418964,-4.971085514611325,22.063701499919933,0.0,0.06304130417480197,0.24017274846822606,0.9698766048287184,1.0,False,48,0.8727272727272727,Normal,5,1,0.2
39.0_25.5,39.0,25.5,50,12,20.552760002872862,17,0,85.51412247,0.54,2393.7070268101265,4,Open ocean / other,0.24,0.4110552000574572,0.5838631890958996,-8.552760002872862,20.888103447910417,0.0,0.14297252401872207,0.3741294937519236,0.9963767294443969,1.0,False,38,0.76,Normal,4,0,0.0
4.0_96.0,4.0,96.0,37,7,12.024885772876743,14,4,87.61926577837838,0.1891891891891892,3082.576770069333,2,Open ocean / other,0.1891891891891892,0.3249969127804525,0.5821261118163098,-5.024885772876743,12.00294518509844,0.2857142857142857,0.09479858757337126,0.342050115709556,0.9783289357798516,1.0,False,30,0.8108108108108109,Normal,2,0,0.0
55.0_12.5,55.0,12.5,41,7,12.119174906566121,18,0,106.30307861707317,0.3902439024390244,1761.903688409759,4,Open ocean / other,0.17073170731707318,0.29558963186746634,0.5775970768610186,-5.119174906566121,23.270284448411232,0.0,0.08525143995273898,0.31262909954629764,0.9778650338602136,1.0,False,34,0.8292682926829268,Normal,4,0,0.0
58.0_-0.5,58.0,-0.5,36,10,17.3196503872764,3,0,41.534265680555556,0.8888888888888888,1626.5675768959227,6,Open ocean / other,0.2777777777777778,0.4811013996465667,0.5773788602191611,-7.3196503872764005,22.132495760613267,0.0,0.15848170025813796,0.43992800216345146,0.9960909698243732,1.0,False,26,0.7222222222222222,Normal,4,0,0.0
55.0_13.0,55.0,13.0,31,7,12.152311804710328,7,2,67.52907612903225,0.5806451612903226,1761.903688409759,4,Open ocean / other,0.22580645161290322,0.3920100582164622,0.5760220863726313,-5.152311804710328,17.594605314652394,0.2857142857142857,0.11394991594498799,0.3981276005869738,0.9842708714393635,1.0,False,24,0.7741935483870968,Normal,4,0,0.0
34.5_135.0,34.5,135.0,148,26,45.17171113490636,45,3,86.39496758445945,0.20270270270270271,2539.7736715851565,2,Open ocean / other,0.17567567567567569,0.30521426442504296,0.575581472270342,-19.17171113490636,58.27290898233004,0.06666666666666667,0.12279817359273007,0.24496402069394765,0.9998879954334399,1.0,False,122,0.8243243243243243,Normal,2,0,0.0
28.0_48.5,28.0,48.5,95,20,34.78754116661955,9,2,60.3497627968421,0.14736842105263157,2722.900799752918,4,Persian Gulf,0.21052631578947367,0.3661846438591531,0.5749184716507368,-14.787541166619548,34.889262219402376,0.2222222222222222,0.14062079660997456,0.30293333444415654,0.9996518749766534,1.0,False,75,0.7894736842105263,Normal,3,0,0.0
52.0_1.5,52.0,1.5,31,7,12.1990285430215,9,1,86.19001763548387,0.5161290322580645,1892.4105443820379,7,Open ocean / other,0.22580645161290322,0.3935170497748871,0.573816183420964,-5.1990285430215,16.381223457050105,0.1111111111111111,0.11394991594498799,0.3981276005869738,0.98491428366795,1.0,False,24,0.7741935483870968,Normal,5,0,0.0
53.5_6.5,53.5,6.5,37,7,12.203597147580622,15,1,86.48523316756757,0.32432432432432434,1827.7834521350646,7,Open ocean / other,0.1891891891891892,0.3298269499346114,0.5736013664944486,-5.203597147580622,20.243098249291883,0.06666666666666667,0.09479858757337126,0.342050115709556,0.9812462041185966,1.0,False,30,0.8108108108108109,Normal,5,0,0.0
3.5_-77.5,3.5,-77.5,26,4,6.992492095621373,20,0,153.0457900846154,0.23076923076923078,3084.458426322437,1,Open ocean / other,0.15384615384615385,0.2689420036777451,0.5720421196478376,-2.9924920956213734,8.429356602157057,0.0,0.06149933998929477,0.33531584418313565,0.9465979977330525,1.0,False,22,0.8461538461538461,Normal,1,0,0.0
53.5_-6.0,53.5,-6.0,27,9,15.737571833749397,5,0,46.45439735185185,0.8148148148148148,1827.7834521350646,4,Open ocean / other,0.3333333333333333,0.5828730308796073,0.5718798360430292,-6.7375718337493975,14.77199061434813,0.0,0.1864305444359335,0.5217558012789452,0.9975291625457285,1.0,False,18,0.6666666666666666,Normal,4,1,0.25
18.0_108.5,18.0,108.5,35,12,20.999702172618875,4,0,39.17810896571429,0.8857142857142857,2935.5928018133336,2,South China Sea,0.34285714285714286,0.5999914906462536,0.5714366756899333,-8.999702172618875,11.922634494259656,0.0,0.20831495282688925,0.5084835312726328,0.9994079653429151,1.0,False,23,0.6571428571428571,Normal,2,1,0.5
42.0_15.0,42.0,15.0,48,20,35.37112624652658,0,0,19.815650720833332,1.0,2288.070976239017,3,Open ocean / other,0.4166666666666667,0.7368984634693038,0.5654329426947209,-15.371126246526579,20.978370207247373,,0.28849459734577015,0.5571891778463536,0.9999993159812748,1.0,False,28,0.5833333333333334,Normal,3,1,0.3333333333333333
55.0_13.5,55.0,13.5,29,4,7.076544772070336,14,0,126.2994898,0.3103448275862069,1761.903688409759,4,Open ocean / other,0.13793103448275862,0.2440187852438047,0.5652476072485509,-3.076544772070336,16.459469487900627,0.0,0.05497350852047822,0.30559357712699325,0.9473720596681932,1.0,False,25,0.8620689655172413,Normal,4,0,0.0
36.0_-2.0,36.0,-2.0,26,3,5.31102346742451,21,0,182.9954399576923,0.15384615384615385,2492.782092805216,6,Open ocean / other,0.11538461538461539,0.20427013336248118,0.5648628778239608,-2.3110234674245103,10.430113436325788,0.0,0.04003171821149494,0.28976293086898336,0.9234977599095396,1.0,False,23,0.8846153846153846,Normal,4,0,0.0
36.5_26.5,36.5,26.5,34,5,8.853460079513829,21,0,134.76201765588235,0.17647058823529413,2476.736958123057,7,Eastern Mediterranean,0.14705882352941177,0.2603958846915832,0.5647509510512827,-3.8534600795138285,13.727739592405559,0.0,0.06449346382626417,0.30128388174051957,0.9628686940513668,1.0,False,29,0.8529411764705882,Normal,4,0,0.0
33.5_-8.0,33.5,-8.0,219,29,51.41436117961508,164,0,144.67111677260274,0.1461187214611872,2570.136311026832,5,Open ocean / other,0.1324200913242009,0.23476877250965789,0.5640447403146576,-22.414361179615078,85.20948832963033,0.0,0.09380494202431261,0.18370877175264821,0.9999481172891249,1.0,False,190,0.867579908675799,Normal,4,0,0.0
35.5_122.5,35.5,122.5,32,5,8.887138586941225,19,1,112.522472771875,0.21875,2508.637392479843,1,Open ocean / other,0.15625,0.2777230808419133,0.5626107831093135,-3.8871385869412247,12.755928814553505,0.05263157894736842,0.06864319106627216,0.31754492553566527,0.9652483728429254,1.0,False,27,0.84375,Normal,1,0,0.0
53.0_1.5,53.0,1.5,43,12,21.421159903692683,5,2,49.2831043627907,0.6744186046511628,1849.4672071643909,5,Open ocean / other,0.27906976744186046,0.49816650938820195,0.5601937548643845,-9.421159903692683,23.249939135675586,0.4,0.16746451821827157,0.42691312900129397,0.9989634091943408,1.0,False,31,0.7209302325581395,Normal,5,1,0.2
32.0_-9.5,32.0,-9.5,28,4,7.143412860468871,18,0,139.042674075,0.21428571428571427,2614.209529302789,3,Open ocean / other,0.14285714285714285,0.25512188787388823,0.5599564351286078,-3.143412860468871,10.710694642547498,0.0,0.056989129307017855,0.31490173044877334,0.9511130370255181,1.0,False,24,0.8571428571428571,Normal,3,0,0.0
56.0_-2.5,56.0,-2.5,41,13,23.22132307188482,3,0,43.3872694804878,0.8536585365853658,1717.3101795688112,6,Open ocean / other,0.3170731707317073,0.5663737334606054,0.5598302887288851,-10.221323071884822,23.874545488511828,0.0,0.19564433205311735,0.46984485655745856,0.9996354888871232,1.0,False,28,0.6829268292682927,Normal,5,0,0.0
36.5_12.0,36.5,12.0,27,5,8.94078580157188,17,0,151.98585440000002,0.2962962962962963,2476.736958123057,5,Open ocean / other,0.18518518518518517,0.33114021487303263,0.5592349611060976,-3.940785801571881,10.901440264557356,0.0,0.0818058657428532,0.36699056505191746,0.970964118955444,1.0,False,22,0.8148148148148148,Normal,5,0,0.0
39.0_26.0,39.0,26.0,29,10,17.9542221888412,1,0,31.233894948275864,0.896551724137931,2393.7070268101265,5,Open ocean / other,0.3448275862068966,0.6191111099600414,0.5569720534156661,-7.9542221888412,12.115099999788043,0.0,0.19940508749190483,0.5265522349284402,0.9992617232969234,1.0,False,19,0.6551724137931034,Normal,5,1,0.2
53.0_2.5,53.0,2.5,28,5,9.039539179957634,10,0,91.97366542142858,0.4642857142857143,1849.4672071643909,5,Open ocean / other,0.17857142857142858,0.32284068499848695,0.5531255410769107,-4.039539179957634,15.13949525113759,0.0,0.0787838582943011,0.355917915485911,0.9725076961694687,1.0,False,23,0.8214285714285714,Normal,5,0,0.0
26.5_50.0,26.5,50.0,146,26,47.11822045625175,52,9,94.16780064041096,0.17123287671232876,2760.2663687102918,3,Persian Gulf,0.1780821917808219,0.3227275373715873,0.5518035220396416,-21.11822045625175,52.893445956890424,0.17307692307692307,0.12452375102480434,0.24814712275123652,0.9999719290941109,1.0,False,120,0.821917808219178,Normal,3,0,0.0
1.0_103.0,1.0,103.0,80,10,18.15092673671719,52,1,159.43949214375,0.1375,3090.341066185425,1,Singapore Strait,0.125,0.22688658420896485,0.5509360566020675,-8.150926736717189,25.887110285450895,0.019230769230769232,0.06933483036777514,0.2150299718306562,0.992897940464155,1.0,False,70,0.875,Normal,1,0,0.0
36.0_-4.0,36.0,-4.0,32,3,5.473722117311958,25,1,154.72614886875,0.03125,2492.782092805216,3,Open ocean / other,0.09375,0.17105381616599868,0.5480731275180706,-2.473722117311958,12.837062690862508,0.04,0.032400962626319516,0.24218499335778831,0.9290297228112496,1.0,False,29,0.90625,Normal,3,0,0.0
-4.0_115.5,-4.0,115.5,66,9,16.441078186985486,26,3,99.24134457575758,0.06060606060606061,3084.458426322437,1,Open ocean / other,0.13636363636363635,0.24910724525735584,0.5474093546446526,-7.441078186985486,21.397597528552527,0.11538461538461539,0.07343237343346894,0.23929814820406514,0.991682281548545,1.0,False,57,0.8636363636363636,Normal,1,0,0.0
21.0_108.5,21.0,108.5,189,60,109.75790598405963,26,1,44.05264411957672,0.7777777777777778,2880.9077704872743,3,South China Sea,0.31746031746031744,0.5807296612913209,0.5466576595285438,-49.75790598405963,65.60432164339392,0.038461538461538464,0.25529628520439396,0.3868971004551318,0.9999999999999165,1.0,False,129,0.6825396825396826,Normal,2,0,0.0
63.0_7.5,63.0,7.5,26,5,9.192964788429203,7,1,73.41368740384615,0.4230769230769231,1391.2887852189772,10,Open ocean / other,0.19230769230769232,0.3535755687857386,0.543894175064533,-4.192964788429203,18.687709033684058,0.14285714285714285,0.08506935771788268,0.3787663615465,0.9777818832928061,1.0,False,21,0.8076923076923077,Normal,5,0,0.0
-3.0_107.0,-3.0,107.0,33,6,11.05409006498875,11,0,87.86469072424242,0.30303030303030304,3087.5169330678864,3,Open ocean / other,0.18181818181818182,0.3349724262117803,0.5427855178241762,-5.054090064988751,10.688200491004212,0.0,0.08610651225698263,0.3438856704929522,0.9840754739030974,1.0,False,27,0.8181818181818182,Normal,3,0,0.0
36.5_34.5,36.5,34.5,37,8,14.75377351974563,15,0,80.89559895135135,0.4594594594594595,2476.736958123057,4,Eastern Mediterranean,0.21621621621621623,0.3987506356688008,0.5422341605890347,-6.75377351974563,14.939010732911933,0.0,0.11386376851955585,0.37195461273876906,0.9943181173484279,1.0,False,29,0.7837837837837838,Normal,4,1,0.25
-4.0_114.0,-4.0,114.0,89,10,18.461015199486518,60,3,150.1477262977528,0.056179775280898875,3084.458426322437,1,Open ocean / other,0.11235955056179775,0.2074271370728822,0.5416820197557795,-8.461015199486518,28.854336061229926,0.05,0.06218676366882152,0.19461191278656054,0.9937481700250557,1.0,False,79,0.8876404494382022,Normal,1,0,0.0
56.0_16.5,56.0,16.5,27,3,5.579632527725421,15,2,104.85995775555556,0.1111111111111111,1717.3101795688112,6,Open ocean / other,0.1111111111111111,0.206653056582423,0.5376698169803975,-2.579632527725421,15.722261663166325,0.13333333333333333,0.03851964789498724,0.2805818254397295,0.938539217896428,1.0,False,24,0.8888888888888888,Normal,5,1,0.2
41.0_30.5,41.0,30.5,29,4,7.446942623095688,19,0,102.64817311034483,0.2413793103448276,2323.994479997919,4,Black Sea,0.13793103448275862,0.2567911249343341,0.5371331837034087,-3.446942623095688,12.478515009220663,0.0,0.05497350852047822,0.30559357712699325,0.9615522739283239,1.0,False,25,0.8620689655172413,Normal,4,1,0.25
34.0_127.5,34.0,127.5,25,5,9.317501035377006,8,0,78.365707032,0.44,2555.052279867656,2,Open ocean / other,0.2,0.37270004141508023,0.5366245714398988,-4.317501035377006,9.784535603042503,0.0,0.08860454100652487,0.3913133553653824,0.9811455614135668,1.0,False,20,0.8,Normal,2,1,0.5
51.0_3.5,51.0,3.5,29,5,9.318943964399319,12,0,92.14363141724138,0.3103448275862069,1934.7774350156978,4,Open ocean / other,0.1724137931034483,0.3213428953241144,0.5365414814276427,-4.318943964399319,14.988804125558095,0.0,0.07597745271479928,0.34548800572815114,0.9778633565302373,1.0,False,24,0.8275862068965517,Normal,4,1,0.25
-3.0_122.0,-3.0,122.0,47,7,13.123481947715161,23,0,100.65067911914893,0.10638297872340426,3087.5169330678864,2,Open ocean / other,0.14893617021276595,0.27922302016415235,0.5333950264029373,-6.123481947715161,15.222588578096907,0.0,0.07406626087497505,0.2768589657111277,0.9886354764287018,1.0,False,40,0.851063829787234,Normal,2,0,0.0
49.5_-6.0,49.5,-6.0,43,12,22.79096895260072,6,1,49.33523880697675,0.7674418604651163,1997.2187521163028,5,Open ocean / other,0.27906976744186046,0.5300225337814122,0.5265243450138901,-10.790968952600721,21.529940050100233,0.16666666666666666,0.16746451821827157,0.42691312900129397,0.9997612743700155,1.0,False,31,0.7209302325581395,Normal,4,0,0.0
38.0_119.0,38.0,119.0,60,8,15.208442760400809,32,1,113.326722215,0.16666666666666666,2427.474834746324,1,Open ocean / other,0.13333333333333333,0.25347404600668016,0.5260236124128441,-7.208442760400809,24.717043052794455,0.03125,0.06914026978309641,0.24165394590072103,0.9925093415411205,1.0,False,52,0.8666666666666667,Normal,1,0,0.0
29.0_48.5,29.0,48.5,29,6,11.410657157329478,13,1,97.34926506896551,0.3793103448275862,2696.9520422927276,5,Persian Gulf,0.20689655172413793,0.39347093645963716,0.5258242288127974,-5.410657157329478,10.752879378361722,0.07692307692307693,0.09845936515585207,0.3839044660825772,0.9903983066976989,1.0,False,23,0.7931034482758621,Normal,4,1,0.25
0.5_118.0,0.5,118.0,55,7,13.322634963516364,29,1,116.25151822727273,0.09090909090909091,3090.8118386878423,2,Open ocean / other,0.12727272727272726,0.24222972660938843,0.5254215865832315,-6.322634963516364,17.794677537973136,0.034482758620689655,0.06304130417480197,0.24017274846822606,0.9888349564154533,1.0,False,48,0.8727272727272727,Normal,2,0,0.0
22.0_-98.0,22.0,-98.0,42,5,9.54893074076862,32,0,147.94789129285715,0.11904761904761904,2860.9166486724735,4,Open ocean / other,0.11904761904761904,0.2273554938278243,0.5236188360496513,-4.54893074076862,14.680609454137329,0.0,0.05193726765019084,0.2500068180710754,0.975936623029503,1.0,False,37,0.8809523809523809,Normal,4,0,0.0
51.0_-3.5,51.0,-3.5,33,6,11.552794813008473,13,0,93.53679007878787,0.30303030303030304,1934.7774350156978,8,Open ocean / other,0.18181818181818182,0.35008469130328707,0.5193548485119797,-5.552794813008473,17.056225384255765,0.0,0.08610651225698263,0.3438856704929522,0.9898360554355541,1.0,False,27,0.8181818181818182,Normal,5,0,0.0
-0.5_117.5,-0.5,117.5,151,20,38.56822052964697,76,4,112.05145467748343,0.10596026490066225,3091.0472339021803,2,Open ocean / other,0.13245033112582782,0.25541867900428455,0.5185616480445661,-18.568220529646972,48.85075787385349,0.05263157894736842,0.08740289737091173,0.19573548404596852,0.9999283981705063,1.0,False,131,0.8675496688741722,Normal,2,0,0.0
-7.0_112.5,-7.0,112.5,43,6,11.678397845109338,19,1,102.58053947209301,0.06976744186046512,3069.650727808555,2,Open ocean / other,0.13953488372093023,0.27159064756068224,0.5137691042536859,-5.6783978451093375,14.008108352671771,0.05263157894736842,0.06555634267713947,0.27263876594425684,0.987792262684854,1.0,False,37,0.8604651162790697,Normal,1,0,0.0
53.0_4.5,53.0,4.5,62,11,21.59944058966977,24,2,100.62025628709677,0.3870967741935484,1849.4672071643909,4,Open ocean / other,0.1774193548387097,0.34837807402693177,0.5092724487161442,-10.599440589669769,33.523168056090384,0.08333333333333333,0.10206333434361749,0.2904180148338023,0.9990957422380776,1.0,False,51,0.8225806451612904,Normal,4,0,0.0
58.0_0.0,58.0,0.0,27,7,13.760849627970842,2,0,41.90439255555556,0.8148148148148148,1626.5675768959227,4,Open ocean / other,0.25925925925925924,0.5096610973322534,0.5086895205781136,-6.760849627970842,16.599371820459947,0.0,0.13170208422866778,0.4467893040261568,0.9978205759688267,1.0,False,20,0.7407407407407407,Normal,3,1,0.3333333333333333
-5.5_106.5,-5.5,106.5,43,7,13.777767424352653,7,1,79.39376658837209,0.11627906976744186,3078.1093682685055,2,Open ocean / other,0.16279069767441862,0.320413195915178,0.5080648979186041,-6.777767424352653,13.96961408950466,0.14285714285714285,0.08116524502857546,0.2997269533591824,0.9940660274404749,1.0,False,36,0.8372093023255814,Normal,2,0,0.0
19.5_109.0,19.5,109.0,33,7,13.844593743053288,12,0,74.37237598181818,0.45454545454545453,2909.247212509951,2,South China Sea,0.21212121212121213,0.4195331437288875,0.5056125249982395,-6.844593743053288,11.343140540995575,0.0,0.1067588656643618,0.3775197758712936,0.9965044241688323,1.0,False,26,0.7878787878787878,Normal,1,0,0.0
56.0_18.5,56.0,18.5,26,3,5.94411940875711,20,1,132.15555606923078,0.23076923076923078,1717.3101795688112,8,Open ocean / other,0.11538461538461539,0.22861997725988883,0.5047004936644245,-2.9441194087571096,15.139955675641646,0.05,0.04003171821149494,0.28976293086898336,0.9563335017360761,1.0,False,23,0.8846153846153846,Normal,5,1,0.2
36.0_-6.5,36.0,-6.5,25,5,9.95257986186636,13,0,99.82339536399999,0.4,2492.782092805216,3,Strait of Gibraltar,0.2,0.39810319447465436,0.5023823038243246,-4.95257986186636,10.028955227236334,0.0,0.08860454100652487,0.3913133553653824,0.9900469742806336,1.0,False,20,0.8,Normal,2,0,0.0
54.5_13.0,54.5,13.0,25,4,7.975394644788549,8,0,84.924713168,0.44,1784.0000256189903,4,Open ocean / other,0.16,0.319015785791542,0.5015425791642505,-3.9753946447885493,14.013452713559131,0.0,0.06403347608577989,0.34654013980238163,0.9787799966850577,1.0,False,21,0.84,Normal,4,0,0.0
3.5_5.5,3.5,5.5,27,5,9.969961353898652,3,0,63.48637928518519,0.07407407407407407,3084.458426322437,3,Gulf of Guinea,0.18518518518518517,0.3692578279221723,0.5015064574994366,-4.969961353898652,8.753562625316944,0.0,0.0818058657428532,0.36699056505191746,0.9890122852634049,1.0,False,22,0.8148148148148148,Normal,3,0,0.0
40.5_14.0,40.5,14.0,34,5,9.975233221623025,19,0,112.4892049617647,0.20588235294117646,2341.6914406962387,5,Open ocean / other,0.14705882352941177,0.2933892124006772,0.5012414135001519,-4.975233221623025,14.519419343263696,0.0,0.06449346382626417,0.30128388174051957,0.9857082083996553,1.0,False,29,0.8529411764705882,Normal,5,1,0.2
50.0_-1.5,50.0,-1.5,65,8,15.9629877067798,44,1,134.96288566,0.2153846153846154,1976.554973700054,6,Dover Strait / English Channel,0.12307692307692308,0.24558442625815075,0.5011593159720495,-7.962987706779799,32.88550071456999,0.022727272727272728,0.06370391444937325,0.22451716117931636,0.9954830468335862,1.0,False,57,0.8769230769230769,Normal,5,0,0.0
40.5_28.0,40.5,28.0,58,8,15.972655102715867,35,1,117.29212170517242,0.2413793103448276,2341.6914406962387,4,Turkish Straits (Bosphorus-Dardanelles),0.13793103448275862,0.2753906052192391,0.5008559909767125,-7.972655102715867,24.768421232626306,0.02857142857142857,0.07158401626482185,0.24926149872832187,0.9960504645195221,1.0,False,50,0.8620689655172413,Normal,4,0,0.0
56.5_7.0,56.5,7.0,34,4,8.049977288744499,23,0,134.0738431617647,0.3235294117647059,1694.8164039054723,9,Open ocean / other,0.11764705882352941,0.23676403790424996,0.4968958118171105,-4.049977288744499,20.061170001453643,0.0,0.04671370973436122,0.26621174796298774,0.9749916511475989,1.0,False,30,0.8823529411764706,Normal,5,0,0.0
-8.5_139.0,-8.5,139.0,59,21,42.54589762766966,0,0,20.868604094915252,0.576271186440678,3059.08830207225,3,Open ocean / other,0.3559322033898305,0.7211169089435535,0.4935846032389896,-21.54589762766966,19.28679206809197,,0.2460311586943476,0.48344740327733987,0.9999999988264946,1.0,False,38,0.6440677966101694,Normal,3,2,0.6666666666666666
39.5_25.5,39.5,25.5,139,17,34.48968983035502,94,1,138.12571517625898,0.2158273381294964,2376.549041372937,7,Open ocean / other,0.1223021582733813,0.24812726496658286,0.4929009244101112,-17.48968983035502,58.488168171652546,0.010638297872340425,0.0777780748804609,0.18714194841807397,0.9999270555141909,1.0,False,122,0.8776978417266187,Normal,4,0,0.0
45.0_13.0,45.0,13.0,26,7,14.202050089412102,6,0,62.641627015384614,0.7307692307692307,2176.1634821639595,6,Open ocean / other,0.2692307692307692,0.5462326957466194,0.4928865872131118,-7.2020500894121025,11.947631790119834,0.0,0.13704275525067386,0.46083403419761304,0.9989199001034658,1.0,False,19,0.7307692307692307,Normal,5,1,0.2
40.5_25.5,40.5,25.5,40,13,26.697784117922275,0,0,26.42688031,0.925,2341.6914406962387,4,Turkish Straits (Bosphorus-Dardanelles),0.325,0.6674446029480569,0.48693179713267193,-13.697784117922275,17.08166981560435,,0.20084316962661725,0.4798254191110201,0.9999977636015526,1.0,False,27,0.675,Normal,4,0,0.0
38.5_119.0,38.5,119.0,48,4,8.27650291604194,40,2,189.29405015,0.0625,2410.682722189525,2,Open ocean / other,0.08333333333333333,0.1724271440842071,0.4832959089819199,-4.27650291604194,19.911371811054234,0.05,0.03288322434995555,0.19553565161066291,0.9754545650774513,1.0,False,44,0.9166666666666666,Normal,1,0,0.0
50.5_0.5,50.5,0.5,81,16,33.10911448666725,36,1,100.76461465555555,0.4691358024691358,1955.7406729699696,6,Dover Strait / English Channel,0.19753086419753085,0.4087544998353982,0.48325061687901855,-17.109114486667252,41.416533960504154,0.027777777777777776,0.12540720482500983,0.29704593137232727,0.9999847845889316,1.0,False,65,0.8024691358024691,Normal,5,0,0.0
51.0_2.5,51.0,2.5,198,23,47.935507163448655,133,3,135.23631569545455,0.17676767676767677,1934.7774350156978,8,Open ocean / other,0.11616161616161616,0.24209852102751847,0.4798113415505438,-24.935507163448655,102.33735230553458,0.022556390977443608,0.07866280547218345,0.16827142414153345,0.9999973971109063,1.0,False,175,0.8838383838383839,Normal,5,0,0.0
3.5_105.5,3.5,105.5,30,3,6.2561154358074225,26,0,194.84149542666668,0.13333333333333333,3084.458426322437,3,South China Sea,0.1,0.20853718119358075,0.47953079363421564,-3.2561154358074225,9.726180694796605,0.0,0.03459925995971615,0.25621441315266624,0.9649140553566476,1.0,False,27,0.9,Normal,3,0,0.0
9.5_-14.5,9.5,-14.5,45,5,10.43571172799832,36,1,152.52716464666668,0.022222222222222223,3046.429330018552,1,Open ocean / other,0.1111111111111111,0.23190470506662936,0.4791240051778483,-5.435711727998321,14.771391397983278,0.027777777777777776,0.04840400437825558,0.23499375490890945,0.9879053839433997,1.0,False,40,0.8888888888888888,Normal,1,0,0.0
46.0_-2.5,46.0,-2.5,36,10,20.928233572852513,2,0,33.19654095277778,0.8611111111111112,2137.5198659315865,5,Open ocean / other,0.2777777777777778,0.5813398214681254,0.47782341329426414,-10.928233572852513,16.841948734034464,0.0,0.15848170025813796,0.43992800216345146,0.9999433365841537,1.0,False,26,0.7222222222222222,Normal,5,2,0.4
27.5_49.0,27.5,49.0,65,12,25.12709465859715,7,1,60.86524046923077,0.2923076923076923,2735.564629421435,4,Persian Gulf,0.18461538461538463,0.3865706870553408,0.47757212535092036,-13.127094658597152,23.761090964883305,0.14285714285714285,0.10888765378062985,0.29554222582704914,0.9998718342053271,1.0,False,53,0.8153846153846154,Normal,3,0,0.0
50.5_0.0,50.5,0.0,45,8,16.870517353204953,22,0,101.94039249777778,0.4666666666666667,1955.7406729699696,6,Dover Strait / English Channel,0.17777777777777778,0.37490038562677674,0.4742000397800611,-8.870517353204953,23.00918553361342,0.0,0.0929427892585383,0.3133010684365414,0.998841218520808,1.0,False,37,0.8222222222222222,Normal,5,0,0.0
55.5_15.0,55.5,15.0,42,6,12.668834575964597,20,2,105.70406998095238,0.2857142857142857,1739.673175413148,7,Open ocean / other,0.14285714285714285,0.3016389184753476,0.47360315299903294,-6.668834575964597,24.142465719186355,0.1,0.06715875684189933,0.2784138235217878,0.9949708495702324,1.0,False,36,0.8571428571428571,Normal,5,0,0.0
56.0_7.5,56.0,7.5,33,7,14.782097634623561,6,1,53.898150048484844,0.7272727272727273,1717.3101795688112,5,Open ocean / other,0.21212121212121213,0.44794235256435033,0.473545783083191,-7.782097634623561,19.216097588314398,0.16666666666666666,0.1067588656643618,0.3775197758712936,0.9987137185205973,1.0,False,26,0.7878787878787878,Normal,5,0,0.0
18.5_72.5,18.5,72.5,64,9,19.021308642791187,33,0,103.214759909375,0.1875,2927.0336207249425,1,India West Coast corridor,0.140625,0.2972079475436123,0.4731535652469882,-10.021308642791187,21.86514003352959,0.0,0.07578487006414436,0.24616508394637426,0.9989634981704212,1.0,False,55,0.859375,Normal,1,0,0.0
49.0_-4.5,49.0,-4.5,37,4,8.461918883802072,24,3,135.00864199459457,0.10810810810810811,2017.7304345920513,4,Open ocean / other,0.10810810810810811,0.228700510373029,0.4727060203397669,-4.461918883802072,18.33743465711302,0.125,0.04285120520506268,0.24708846415167163,0.9816535765647251,1.0,False,33,0.8918918918918919,Normal,4,0,0.0
55.0_8.0,55.0,8.0,32,6,12.746689293605478,8,0,68.032081696875,0.375,1761.903688409759,7,Open ocean / other,0.1875,0.3983340404251712,0.4707104615007733,-6.746689293605478,18.162173228028276,0.0,0.08889423936162782,0.3530949575492244,0.9970255165062017,1.0,False,26,0.8125,Normal,5,0,0.0
1.5_102.5,1.5,102.5,38,3,6.38435857889,35,2,175.2764274368421,0.02631578947368421,3089.634952246073,2,Strait of Malacca,0.07894736842105263,0.16800943628657894,0.46989841860066506,-3.3843585788899997,12.299187634569943,0.05714285714285714,0.02721410139426493,0.2079967892026529,0.9655901134043521,1.0,False,35,0.9210526315789473,Normal,1,0,0.0
54.0_11.0,54.0,11.0,29,6,12.816627012812727,4,0,58.747097455172415,0.6896551724137931,1805.9605043192446,7,Open ocean / other,0.20689655172413793,0.44195265561423197,0.4681418905303108,-6.816627012812727,16.057936998423745,0.0,0.09845936515585207,0.3839044660825772,0.997819194247582,1.0,False,23,0.7931034482758621,Normal,4,0,0.0
50.5_-1.5,50.5,-1.5,71,10,21.467301791827747,38,1,124.89284132676057,0.23943661971830985,1955.7406729699696,5,Dover Strait / English Channel,0.14084507042253522,0.30235636326517956,0.46582472715815815,-11.467301791827747,36.30338161970118,0.02631578947368421,0.07834118071720814,0.24021961969325883,0.9995380435129625,1.0,False,61,0.8591549295774648,Normal,5,0,0.0
27.5_49.5,27.5,49.5,30,4,8.610795163862193,13,0,100.19938987333333,0.23333333333333334,2735.564629421435,3,Persian Gulf,0.13333333333333333,0.2870265054620731,0.46453317305551645,-4.610795163862193,10.96665736840768,0.0,0.05309569424218104,0.2968168394441695,0.9863740166251597,1.0,False,26,0.8666666666666667,Normal,3,0,0.0
15.0_94.5,15.0,94.5,40,13,28.173926917522635,0,0,23.5797762975,0.8,2982.2315773201562,2,Bay of Bengal,0.325,0.7043481729380658,0.46141952586363505,-15.173926917522635,13.412774616230218,,0.20084316962661725,0.4798254191110201,0.9999998474946468,1.0,False,27,0.675,Normal,2,0,0.0
-1.5_116.5,-1.5,116.5,124,14,30.369317527733937,70,8,115.79684047096774,0.024193548387096774,3090.341066185425,5,Open ocean / other,0.11290322580645161,0.2449138510301124,0.46099159084542773,-16.369317527733937,40.125020942448884,0.11428571428571428,0.06845536936986271,0.18061535565235226,0.9999316792149076,1.0,False,110,0.8870967741935484,Normal,3,0,0.0
26.5_50.5,26.5,50.5,32,5,10.854669132316577,11,1,111.330943503125,0.28125,2760.2663687102918,3,Persian Gulf,0.15625,0.339208410384893,0.460631267434396,-5.854669132316577,11.593084045345847,0.09090909090909091,0.06864319106627216,0.31754492553566527,0.9942097680850958,1.0,False,27,0.84375,Normal,3,0,0.0
4.5_5.0,4.5,5.0,29,8,17.369807873309405,1,0,37.70140165862069,0.6551724137931034,3080.4603636605075,3,Gulf of Guinea,0.27586206896551724,0.598958892183083,0.46056928541465725,-9.369807873309405,9.414177290546057,0.0,0.1469858133850274,0.4571747634443597,0.9999000608179813,1.0,False,21,0.7241379310344828,Normal,3,0,0.0
35.5_129.5,35.5,129.5,26,4,8.746658915211727,12,1,115.24293232692307,0.34615384615384615,2508.637392479843,1,Open ocean / other,0.15384615384615385,0.33640995827737413,0.4573174784537912,-4.746658915211727,10.364192161824723,0.08333333333333333,0.06149933998929477,0.33531584418313565,0.9897826482262323,1.0,False,22,0.8461538461538461,Normal,1,0,0.0
36.5_122.0,36.5,122.0,77,17,37.50969198908013,17,1,58.03172574935065,0.6233766233766234,2476.736958123057,1,Open ocean / other,0.22077922077922077,0.48713885700104065,0.45321619822815556,-20.50969198908013,31.08929260633024,0.058823529411764705,0.14266286171984086,0.3254327722112046,0.9999996183927362,1.0,False,60,0.7792207792207793,Normal,1,0,0.0
27.0_49.5,27.0,49.5,154,20,44.264815080070164,73,6,108.61545907857142,0.14935064935064934,2748.0201352522117,3,Persian Gulf,0.12987012987012986,0.2874338641562998,0.4518261279036681,-24.264815080070164,56.04034629311985,0.0821917808219178,0.08566686255605832,0.19209007857986526,0.999999007575388,1.0,False,134,0.8701298701298701,Normal,3,0,0.0
50.0_-0.5,50.0,-0.5,79,12,26.767600584994188,38,4,117.46725573417721,0.379746835443038,1976.554973700054,9,Dover Strait / English Channel,0.1518987341772152,0.3388303871518252,0.4483031626946478,-14.767600584994188,39.968531637708146,0.10526315789473684,0.08908180320986644,0.2470005515490952,0.999947410528695,1.0,False,67,0.8481012658227848,Normal,6,0,0.0
49.5_-1.5,49.5,-1.5,29,7,15.673993292858476,2,0,43.88913219655173,0.7586206896551724,1997.2187521163028,6,Dover Strait / English Channel,0.2413793103448276,0.5404825273399475,0.4465996551873862,-8.673993292858476,14.520192126811786,0.0,0.12218268185062131,0.4210795221832869,0.9997461313153151,1.0,False,22,0.7586206896551724,Normal,5,0,0.0
3.0_117.5,3.0,117.5,51,7,15.683155179748729,25,0,107.23900076078432,0.19607843137254902,3086.105189124408,4,South China Sea,0.13725490196078433,0.3075128466617398,0.44633875771623605,-8.683155179748729,16.525684276649613,0.0,0.06811015331542726,0.25721952342631627,0.9986168709305577,1.0,False,44,0.8627450980392157,Normal,3,0,0.0
56.0_6.0,56.0,6.0,25,3,6.732155346001453,13,1,110.534633836,0.32,1717.3101795688112,5,Open ocean / other,0.12,0.26928621384005813,0.445622515496741,-3.732155346001453,14.55764968811697,0.07692307692307693,0.04166741357068093,0.2995619218337349,0.9800068875684336,1.0,False,22,0.88,Normal,5,0,0.0
43.5_29.0,43.5,29.0,39,11,24.7173180822441,2,0,31.3723951025641,0.8974358974358975,2232.882382226405,5,Black Sea,0.28205128205128205,0.6337773867242077,0.44503210111221353,-13.717318082244098,17.466213317117553,0.0,0.16543325013943294,0.43775617322477384,0.999998175068499,1.0,False,28,0.717948717948718,Normal,4,0,0.0
23.5_117.5,23.5,117.5,36,4,8.992717891511917,18,0,102.49202536944443,0.1111111111111111,2829.297948568382,2,Taiwan Strait,0.1111111111111111,0.24979771920866436,0.4448043459447934,-4.9927178915119175,12.724004560288858,0.0,0.04406568908741834,0.2531512901503632,0.9888818635226381,1.0,False,32,0.8888888888888888,Normal,2,0,0.0
1.5_102.0,1.5,102.0,29,3,6.752876909985168,19,1,138.18449189310346,0.20689655172413793,3089.634952246073,4,Strait of Malacca,0.10344827586206896,0.23285782448224718,0.444255098973304,-3.7528769099851678,9.386222142171798,0.05263157894736842,0.035814240381301043,0.26385447247069155,0.9783512368054754,1.0,False,26,0.896551724137931,Normal,2,0,0.0
54.5_-1.0,54.5,-1.0,30,4,9.020138468561983,16,3,93.16209507666667,0.26666666666666666,1784.0000256189903,6,Open ocean / other,0.13333333333333333,0.30067128228539947,0.443452172485074,-5.020138468561983,16.81614325627096,0.1875,0.05309569424218104,0.2968168394441695,0.9908682550253223,1.0,False,26,0.8666666666666667,Normal,4,0,0.0
48.5_-6.5,48.5,-6.5,25,4,9.024385945476809,13,3,118.37549358800001,0.4,2038.0884590832861,5,Open ocean / other,0.16,0.3609754378190723,0.4432434543654325,-5.0243859454768085,12.266395940068655,0.23076923076923078,0.06403347608577989,0.34654013980238163,0.9927813823164573,1.0,False,21,0.84,Normal,4,0,0.0
15.0_108.5,15.0,108.5,30,4,9.059379819074943,16,1,103.54302631333333,0.1,2982.2315773201562,1,South China Sea,0.13333333333333333,0.3019793273024981,0.4415313277381102,-5.059379819074943,10.059580962172666,0.0625,0.05309569424218104,0.2968168394441695,0.9912188373369264,1.0,False,26,0.8666666666666667,Normal,1,0,0.0
-8.0_109.0,-8.0,109.0,32,3,6.799621687969511,25,1,156.664618340625,0.0625,3062.8424473383307,4,Open ocean / other,0.09375,0.2124881777490472,0.44120101641946696,-3.799621687969511,10.447811322390617,0.04,0.032400962626319516,0.24218499335778831,0.9780935870348336,1.0,False,29,0.90625,Normal,4,0,0.0
54.0_5.0,54.0,5.0,30,3,6.830931184070471,19,0,136.1938832,0.23333333333333334,1805.9605043192446,6,Open ocean / other,0.1,0.22769770613568238,0.4391787765328263,-3.8309311840704714,16.611658963886633,0.0,0.03459925995971615,0.25621441315266624,0.9795003111728275,1.0,False,27,0.9,Normal,5,0,0.0
52.0_4.0,52.0,4.0,83,11,25.263088127255035,44,0,99.37702282289158,0.3493975903614458,1892.4105443820379,4,Open ocean / other,0.13253012048192772,0.30437455575006067,0.43541786912949376,-14.263088127255035,43.85940473984383,0.0,0.07564228787871974,0.22192938284130387,0.9999266327317196,1.0,False,72,0.8674698795180723,Normal,4,0,0.0
4.0_100.0,4.0,100.0,65,17,39.043063045346756,10,0,49.45349404923077,0.8,3082.576770069333,2,Strait of Malacca,0.26153846153846155,0.6006625083899501,0.4354166572498491,-22.043063045346756,21.086255054902665,0.0,0.17018055060319132,0.3795103339782245,0.9999999931319342,1.0,False,48,0.7384615384615385,Normal,2,0,0.0
5.5_80.0,5.5,80.0,33,3,6.912020904361425,25,2,176.02434393939393,0.15151515151515152,3075.5239629307252,2,Dondra Head / Sri Lanka corridor,0.09090909090909091,0.20945517892004317,0.434026465126433,-3.912020904361425,10.729879005252059,0.08,0.03140337104926305,0.23572943534351032,0.9799600238270835,1.0,False,30,0.9090909090909091,Normal,2,0,0.0
52.0_3.5,52.0,3.5,111,11,25.440181990616704,76,2,142.68285884234234,0.16216216216216217,1892.4105443820379,5,Open ocean / other,0.0990990990990991,0.22919082874429464,0.4323868439328466,-14.440181990616704,58.655348507502,0.02631578947368421,0.05623963795015534,0.16877986717690663,0.9998852676844564,1.0,False,100,0.9009009009009009,Normal,5,0,0.0
21.0_108.0,21.0,108.0,133,28,64.84916253642093,30,1,59.91766358947368,0.5789473684210527,2880.9077704872743,4,South China Sea,0.21052631578947367,0.4875876882437664,0.4317711887840416,-36.849162536420934,46.166004119425345,0.03333333333333333,0.14986350566500917,0.2874421090018757,0.9999999999898943,1.0,False,105,0.7894736842105263,Normal,2,0,0.0
54.5_6.0,54.5,6.0,27,3,6.953423474177292,9,3,89.65016915185186,0.14814814814814814,1784.0000256189903,6,Open ocean / other,0.1111111111111111,0.2575342027473071,0.4314421538025125,-3.953423474177292,15.134528930643862,0.3333333333333333,0.03851964789498724,0.2805818254397295,0.9830482860658109,1.0,False,24,0.8888888888888888,Normal,5,0,0.0
56.0_11.5,56.0,11.5,31,8,18.71470118879145,3,1,41.57860555806452,0.8387096774193549,1717.3101795688112,4,Open ocean / other,0.25806451612903225,0.6037000383481114,0.4274714257682797,-10.714701188791452,18.051485613265044,0.3333333333333333,0.1370154373686976,0.432464724277151,0.9999789660237114,1.0,False,23,0.7419354838709677,Normal,4,0,0.0
50.0_-2.0,50.0,-2.0,50,5,11.725594062751327,34,2,133.287441578,0.16,1976.554973700054,6,Dover Strait / English Channel,0.1,0.23451188125502653,0.4264176273919878,-6.725594062751327,25.296539011207688,0.058823529411764705,0.04347512399157111,0.2136049033478839,0.9957140879711354,1.0,False,45,0.9,Normal,5,0,0.0
50.5_1.0,50.5,1.0,114,17,40.07068424553811,53,2,108.01237921491229,0.37719298245614036,1955.7406729699696,6,Dover Strait / English Channel,0.14912280701754385,0.3514972302240185,0.42425030468235536,-23.07068424553811,58.289936685154,0.03773584905660377,0.09523704718101651,0.22588554450137743,0.9999996359242591,1.0,False,97,0.8508771929824561,Normal,5,0,0.0
56.0_12.0,56.0,12.0,47,7,16.595352304178423,19,2,93.19351945957447,0.2978723404255319,1717.3101795688112,4,Open ocean / other,0.14893617021276595,0.3530926022165622,0.42180484461529155,-9.595352304178423,27.3683814136599,0.10526315789473684,0.07406626087497505,0.2768589657111277,0.9995147514155251,1.0,False,40,0.851063829787234,Normal,4,0,0.0
68.5_16.5,68.5,16.5,33,6,14.23400845709897,7,1,57.69013713030303,0.5757575757575758,1120.3237603724945,7,Open ocean / other,0.18181818181818182,0.4313335896090597,0.4215256733957891,-8.23400845709897,29.455770882720444,0.14285714285714285,0.08610651225698263,0.3438856704929522,0.9993831170413673,1.0,False,27,0.8181818181818182,Normal,7,2,0.2857142857142857
34.0_128.0,34.0,128.0,26,4,9.504565480255579,10,0,86.62164168076923,0.34615384615384615,2555.052279867656,2,Open ocean / other,0.15384615384615385,0.3655602107790607,0.42085038062070773,-5.504565480255579,10.175917027164203,0.0,0.06149933998929477,0.33531584418313565,0.9954770989955667,1.0,False,22,0.8461538461538461,Normal,2,0,0.0
29.5_49.5,29.5,49.5,51,4,9.523697657363243,45,1,175.51550481568626,0.0784313725490196,2683.6690905993105,2,Persian Gulf,0.0784313725490196,0.18673916975222046,0.4200049333682282,-5.523697657363243,19.003833288779582,0.022222222222222223,0.030921696126931505,0.1850019822486082,0.9912314625888039,1.0,False,47,0.9215686274509803,Normal,2,0,0.0
49.0_-5.5,49.0,-5.5,32,3,7.156518742340592,23,1,164.06057333125,0.125,2017.7304345920513,4,Open ocean / other,0.09375,0.2236412106981435,0.4191982314321206,-4.156518742340592,15.859402946692343,0.043478260869565216,0.032400962626319516,0.24218499335778831,0.9844129170427008,1.0,False,29,0.90625,Normal,4,0,0.0
0.0_127.5,0.0,127.5,43,4,9.551978346267886,25,2,119.57190350930233,0.023255813953488372,3091.0472339021803,2,Open ocean / other,0.09302325581395349,0.22213903130855547,0.41876141831528185,-5.5519783462678856,13.911142970700002,0.08,0.036771045103346514,0.2160298839853268,0.9923782164680348,1.0,False,39,0.9069767441860465,Normal,2,0,0.0
44.0_8.5,44.0,8.5,43,4,9.575792025830953,34,1,156.04566133023255,0.16279069767441862,2214.144217918689,5,Open ocean / other,0.09302325581395349,0.22269283781002217,0.4177200161835067,-5.575792025830953,19.420595845567956,0.029411764705882353,0.036771045103346514,0.2160298839853268,0.9925431920215309,1.0,False,39,0.9069767441860465,Normal,4,0,0.0
22.5_114.5,22.5,114.5,38,6,14.365344808647288,8,0,76.74133273157895,0.2894736842105263,2850.5938981832446,1,Open ocean / other,0.15789473684210525,0.37803538970124445,0.41767184010705205,-8.365344808647288,13.330555441172576,0.0,0.07443762223722684,0.3041712263727689,0.9992154796352907,1.0,False,32,0.8421052631578947,Normal,1,0,0.0
51.5_3.0,51.5,3.0,242,25,59.94482334940458,143,5,131.21977039586778,0.17355371900826447,1913.6668562689845,5,Open ocean / other,0.10330578512396695,0.24770588160910983,0.4170501905440734,-34.94482334940458,126.45879255693424,0.03496503496503497,0.07095663427265267,0.14805267904128608,0.9999999961557667,1.0,False,217,0.8966942148760331,Normal,5,0,0.0
9.0_-14.0,9.0,-14.0,33,3,7.202139006778744,26,0,151.32925131818183,0.12121212121212122,3050.8814309198565,1,Open ocean / other,0.09090909090909091,0.21824663656905283,0.4165429183158451,-4.202139006778744,10.816546216956825,0.0,0.03140337104926305,0.23572943534351032,0.9847956972827314,1.0,False,30,0.9090909090909091,Normal,1,0,0.0
34.5_127.5,34.5,127.5,93,12,28.834309468315944,51,0,121.06726109784947,0.2903225806451613,2539.7736715851565,2,Open ocean / other,0.12903225806451613,0.31004633836898865,0.4161708818858999,-16.834309468315944,36.617436049707386,0.0,0.07537662016293771,0.21211966242636277,0.9999868507674611,1.0,False,81,0.8709677419354839,Normal,2,0,0.0
52.0_2.0,52.0,2.0,47,6,14.497123777373425,26,1,149.80384076382978,0.2978723404255319,1892.4105443820379,6,Open ocean / other,0.1276595744680851,0.308449442071775,0.4138751998078804,-8.497123777373425,24.836048467140483,0.038461538461538464,0.059845227802024795,0.25174213372869025,0.9989388948353568,1.0,False,41,0.8723404255319149,Normal,5,0,0.0
57.0_7.5,57.0,7.5,32,5,12.131162385954587,14,0,91.85190743125,0.5625,1672.1935614112285,5,Open ocean / other,0.15625,0.37909882456108085,0.4121616577970286,-7.131162385954587,19.13654061255562,0.0,0.06864319106627216,0.31754492553566527,0.9984925541289842,1.0,False,27,0.84375,Normal,5,0,0.0
50.0_0.5,50.0,0.5,69,10,24.483480645444402,29,1,100.93958420724638,0.43478260869565216,1976.554973700054,7,Dover Strait / English Channel,0.14492753623188406,0.3548330528325276,0.40843865889879843,-14.483480645444402,34.90922383546661,0.034482758620689655,0.08067008672383712,0.24663738592915235,0.9999741123019711,1.0,False,59,0.855072463768116,Normal,5,0,0.0
52.5_2.5,52.5,2.5,58,8,19.588689638971978,24,1,88.97100791206897,0.4482758620689655,1871.0101181054247,7,Open ocean / other,0.13793103448275862,0.33773602825813753,0.40839893568398195,-11.588689638971978,30.999297886603898,0.041666666666666664,0.07158401626482185,0.24926149872832187,0.9998499724385939,1.0,False,50,0.8620689655172413,Normal,5,0,0.0
51.0_1.0,51.0,1.0,58,8,19.752038809492127,25,0,86.82588235517242,0.3793103448275862,1934.7774350156978,6,Dover Strait / English Channel,0.13793103448275862,0.3405523932671056,0.4050214804233518,-11.752038809492127,29.97760825111619,0.0,0.07158401626482185,0.24926149872832187,0.9998725558805653,1.0,False,50,0.8620689655172413,Normal,5,0,0.0
33.0_132.0,33.0,132.0,27,3,7.409327914663514,11,0,92.38644942592592,0.3333333333333333,2585.0246163551255,3,Open ocean / other,0.1111111111111111,0.274419552394945,0.40489502348287437,-4.409327914663514,10.44477481149479,0.0,0.03851964789498724,0.2805818254397295,0.9893631822355793,1.0,False,24,0.8888888888888888,Normal,2,0,0.0
4.0_7.5,4.0,7.5,96,19,46.95010273480296,13,4,55.658499813541674,0.4583333333333333,3082.576770069333,6,Gulf of Guinea,0.19791666666666666,0.4890635701541975,0.4046849504743632,-27.95010273480296,31.142776696471625,0.3076923076923077,0.1305263160188847,0.2885535064198583,0.9999999991823051,1.0,False,77,0.8020833333333334,Normal,3,0,0.0
56.0_7.0,56.0,7.0,31,4,9.914199135670948,12,2,99.43782121612904,0.5161290322580645,1717.3101795688112,6,Open ocean / other,0.12903225806451613,0.31981287534422415,0.40346173657215917,-5.914199135670948,18.051485613265044,0.16666666666666666,0.05134201164644764,0.28852756954385356,0.9962060965310581,1.0,False,27,0.8709677419354839,Normal,5,0,0.0
4.0_99.5,4.0,99.5,28,5,12.403745545720684,12,0,112.36470329642857,0.5357142857142857,3082.576770069333,3,Strait of Malacca,0.17857142857142858,0.44299091234716725,0.4031040447879076,-7.4037455457206836,9.083309869804225,0.0,0.0787838582943011,0.355917915485911,0.9992263672145767,1.0,False,23,0.8214285714285714,Normal,3,0,0.0
53.5_-4.0,53.5,-4.0,38,7,17.39118988052063,7,0,63.25163113947369,0.6842105263157895,1827.7834521350646,5,Open ocean / other,0.18421052631578946,0.45766289159264817,0.40250264922013745,-10.391189880520631,20.79020901278626,0.0,0.09221648453257492,0.33419168341511346,0.9998998144944136,1.0,False,31,0.8157894736842105,Normal,5,0,0.0
37.0_11.5,37.0,11.5,26,2,5.016858094269777,20,1,170.56152561153846,0.038461538461538464,2460.503210332443,7,Open ocean / other,0.07692307692307693,0.19295608054883756,0.3986558843042396,-3.016858094269777,10.566944148179793,0.05,0.02135463918337556,0.24141947480515052,0.9726067662865328,1.0,False,24,0.9230769230769231,Normal,5,0,0.0
47.5_-7.0,47.5,-7.0,25,2,5.017575206870994,17,0,150.420213916,0.2,2078.3373445621496,4,Open ocean / other,0.08,0.20070300827483975,0.39859890834545525,-3.017575206870994,12.02884607035093,0.0,0.02221993369109193,0.24966512122957818,0.9731041171367021,1.0,False,23,0.92,Normal,4,0,0.0
36.0_122.0,36.0,122.0,25,5,12.604480744448612,6,0,61.397540504,0.64,2492.782092805216,1,Open ocean / other,0.2,0.5041792297779445,0.39668433007064957,-7.604480744448612,10.028955227236334,0.0,0.08860454100652487,0.3913133553653824,0.9996066627054724,1.0,False,20,0.8,Normal,1,0,0.0
43.0_14.5,43.0,14.5,31,4,10.112990907278704,17,0,107.8292811935484,0.3548387096774194,2251.4505038957236,6,Open ocean / other,0.12903225806451613,0.32622551313802267,0.3955308609168281,-6.112990907278704,13.768901402167254,0.0,0.05134201164644764,0.28852756954385356,0.9969318716138793,1.0,False,27,0.8709677419354839,Normal,5,0,0.0
38.0_121.5,38.0,121.5,31,4,10.133910987297478,20,0,110.67798397096774,0.2903225806451613,2427.474834746324,2,Open ocean / other,0.12903225806451613,0.3269003544289509,0.3947143412857946,-6.133910987297478,12.770472243943802,0.0,0.05134201164644764,0.28852756954385356,0.9970002653982628,1.0,False,27,0.8709677419354839,Normal,1,0,0.0
55.0_19.0,55.0,19.0,30,7,17.735229634037672,0,0,27.75160173,0.9666666666666667,1761.903688409759,4,Open ocean / other,0.23333333333333334,0.5911743211345891,0.3946946357303157,-10.735229634037672,17.02703740127651,,0.11792239210501232,0.40928672330324267,0.999985659844689,1.0,False,23,0.7666666666666667,Normal,3,0,0.0
-6.0_106.0,-6.0,106.0,93,9,22.80799161818161,40,3,105.0677149967742,0.08602150537634409,3075.5239629307252,3,Sunda Strait,0.0967741935483871,0.24524722170087754,0.3945985315438981,-13.80799161818161,30.238749923892165,0.075,0.05175108300166125,0.17378835459540445,0.9999247575898648,1.0,False,84,0.9032258064516129,Normal,2,0,0.0
34.5_128.0,34.5,128.0,64,14,35.69230964125033,5,0,40.9003405609375,0.78125,2539.7736715851565,2,Open ocean / other,0.21875,0.5576923381445364,0.3922413578923991,-21.692309641250333,25.199095776142716,0.0,0.13502197461349755,0.3343301633077779,0.9999999929661199,1.0,False,50,0.78125,Normal,2,0,0.0
39.0_-10.0,39.0,-10.0,25,3,7.686880066256179,11,0,118.34307063199999,0.36,2393.7070268101265,2,Open ocean / other,0.12,0.30747520265024714,0.39027537494299963,-4.686880066256179,10.444051723955209,0.0,0.04166741357068093,0.2995619218337349,0.9926953886685547,1.0,False,22,0.88,Normal,2,0,0.0
54.0_11.5,54.0,11.5,47,5,12.863537256211007,20,1,102.26623099574468,0.3829787234042553,1805.9605043192446,6,Open ocean / other,0.10638297872340426,0.2736922820470427,0.3886955741964217,-7.863537256211007,26.02493237675572,0.05,0.046304099555199416,0.22594539692012788,0.9986232798649519,1.0,False,42,0.8936170212765957,Normal,4,0,0.0
-2.5_104.5,-2.5,104.5,79,7,18.017760353375085,47,2,117.92188228227849,0.0379746835443038,3088.693550643103,2,Open ocean / other,0.08860759493670886,0.2280729158655074,0.38850555578006457,-11.017760353375085,25.57715704219062,0.0425531914893617,0.04358474184575353,0.1717853137784739,0.9996722849069936,1.0,False,72,0.9113924050632911,Normal,2,0,0.0
44.0_12.5,44.0,12.5,25,5,12.947765992138404,3,0,46.912862036,0.72,2214.144217918689,5,Open ocean / other,0.2,0.5179106396855362,0.3861670038704661,-7.947765992138404,11.29104409626044,0.0,0.08860454100652487,0.3913133553653824,0.9997596400593285,1.0,False,20,0.8,Normal,4,0,0.0
34.0_132.0,34.0,132.0,39,5,12.955717590938852,9,0,73.21215536410257,0.358974358974359,2555.052279867656,2,Open ocean / other,0.1282051282051282,0.33219788694715,0.38592999306321474,-7.955717590938852,15.263875540746305,0.0,0.05602734948028318,0.26706049037630475,0.9990772459284785,1.0,False,34,0.8717948717948718,Normal,2,0,0.0
0.5_117.5,0.5,117.5,77,6,15.55079141964161,49,3,134.1511382103896,0.1038961038961039,3090.8118386878423,2,Open ocean / other,0.07792207792207792,0.20195833012521572,0.3858324530301158,-9.55079141964161,24.912548553162395,0.061224489795918366,0.036200461908799254,0.15975805449859498,0.999215597498776,1.0,False,71,0.922077922077922,Normal,2,0,0.0
26.0_119.5,26.0,119.5,63,7,18.329020794687686,23,0,83.23233104603175,0.31746031746031744,2772.3023971976045,3,Open ocean / other,0.1111111111111111,0.29093683801091563,0.38190801780468353,-11.329020794687686,22.724793681845046,0.0,0.05487478965589834,0.21204880283739927,0.9998330804745529,1.0,False,56,0.8888888888888888,Normal,2,0,0.0
20.0_110.0,20.0,110.0,51,7,18.330529746636564,19,0,82.48087889607842,0.3137254901960784,2900.021339887193,3,South China Sea,0.13725490196078433,0.3594221518948346,0.3818765794962591,-11.330529746636564,17.58607748796215,0.0,0.06811015331542726,0.25721952342631627,0.999901512278386,1.0,False,44,0.8627450980392157,Normal,2,0,0.0
25.0_119.5,25.0,119.5,100,12,31.461986402568424,46,6,100.112257527,0.3,2795.740188976926,3,Taiwan Strait,0.12,0.31461986402568426,0.381412662457332,-19.461986402568424,35.768702826636414,0.13043478260869565,0.06999337365267776,0.19812268002908368,0.9999985745744266,1.0,False,88,0.88,Normal,3,1,0.3333333333333333
4.0_8.0,4.0,8.0,133,25,65.73261737922434,8,1,43.292079607518794,0.3082706766917293,3082.576770069333,6,Gulf of Guinea,0.18796992481203006,0.4942302058588296,0.3803286860733098,-40.73261737922434,43.14572188157007,0.125,0.13068596058578308,0.2627733383408591,0.9999999999999484,1.0,False,108,0.8120300751879699,Normal,3,0,0.0
38.5_122.0,38.5,122.0,26,3,7.9070494427646345,14,1,135.0690443346154,0.2692307692307692,2410.682722189525,1,Open ocean / other,0.11538461538461539,0.30411728626017825,0.37940827633816776,-4.9070494427646345,10.785326397654378,0.07142857142857142,0.04003171821149494,0.28976293086898336,0.9940060883568131,1.0,False,23,0.8846153846153846,Normal,1,0,0.0
27.5_48.5,27.5,48.5,32,5,13.182159278333637,2,1,52.81766980625,0.375,2735.564629421435,2,Persian Gulf,0.15625,0.41194247744792617,0.3793005299380704,-8.182159278333637,11.697767859634858,0.5,0.06864319106627216,0.31754492553566527,0.999555351208633,1.0,False,27,0.84375,Normal,2,0,0.0
4.0_5.5,4.0,5.5,53,12,31.673670424675553,2,0,36.50495750377359,0.6981132075471698,3082.576770069333,4,Gulf of Guinea,0.22641509433962265,0.597616423107086,0.37886357466961995,-19.673670424675553,17.193407967843708,0.0,0.13454499977265527,0.35526528002242436,0.999999992097696,1.0,False,41,0.7735849056603774,Normal,3,0,0.0
36.0_-3.0,36.0,-3.0,46,4,10.579738855967317,31,2,150.5642072978261,0.15217391304347827,2492.782092805216,4,Open ocean / other,0.08695652173913043,0.22999432295581124,0.37808116575050144,-6.579738855967317,18.453277618114853,0.06451612903225806,0.03433531187670748,0.20324935635224178,0.9969263704509705,1.0,False,42,0.9130434782608695,Normal,4,0,0.0
54.0_8.0,54.0,8.0,87,15,39.84916718028646,25,0,70.53478647126437,0.5287356321839081,1805.9605043192446,5,Open ocean / other,0.1724137931034483,0.4580364043711087,0.37641941002522533,-24.849167180286457,48.17381099527123,0.0,0.10736198165891472,0.26517218770842366,0.99999999529307,1.0,False,72,0.8275862068965517,Normal,5,0,0.0
59.0_10.5,59.0,10.5,31,4,10.667322041228495,15,0,87.50083391935485,0.2903225806451613,1580.446124139772,5,Open ocean / other,0.12903225806451613,0.344107162620274,0.37497696090361426,-6.667322041228495,19.6147148115366,0.0,0.05134201164644764,0.28852756954385356,0.9983333908980466,1.0,False,27,0.8709677419354839,Normal,3,0,0.0
57.5_9.5,57.5,9.5,49,8,21.633969823907275,16,1,89.7936155,0.5918367346938775,1649.4433749031086,7,Open ocean / other,0.16326530612244897,0.4415095882430056,0.3697888119987741,-13.633969823907275,29.70699130722105,0.0625,0.08512596988208977,0.29036606669515236,0.9999916992948112,1.0,False,41,0.8367346938775511,Normal,4,0,0.0
22.5_120.0,22.5,120.0,77,9,24.390516733586363,15,1,84.31679223116883,0.2987012987012987,2850.5938981832446,3,Taiwan Strait,0.11688311688311688,0.3167599575790437,0.36899587238374376,-15.390516733586363,27.01191497290233,0.06666666666666667,0.06272491064586315,0.2074528196316177,0.999989241900877,1.0,False,68,0.8831168831168831,Normal,2,0,0.0
-9.0_115.5,-9.0,115.5,31,3,8.130387383232843,15,1,132.28422153225807,0.0967741935483871,3055.101195388212,3,Lombok Strait,0.0967741935483871,0.26227056074944655,0.3689861083602053,-5.1303873832328435,10.14696339577741,0.06666666666666667,0.03346403609464399,0.2490028999817704,0.9943142300241113,1.0,False,28,0.9032258064516129,Normal,3,0,0.0
53.5_4.0,53.5,4.0,32,3,8.231105555535649,21,1,124.29242083125,0.3125,1827.7834521350646,6,Open ocean / other,0.09375,0.25722204861048903,0.3644710883317996,-5.231105555535649,17.50754443182001,0.047619047619047616,0.032400962626319516,0.24218499335778831,0.9947255739520374,1.0,False,29,0.90625,Normal,6,0,0.0
33.5_131.0,33.5,131.0,68,7,19.29375600412661,24,1,85.42318352205882,0.25,2570.136311026832,1,Open ocean / other,0.10294117647058823,0.28373170594303837,0.36281167847788776,-12.29375600412661,26.457740668561016,0.041666666666666664,0.05076512677817478,0.19758123521821724,0.9999234374600942,1.0,False,61,0.8970588235294118,Normal,1,0,0.0
37.5_10.0,37.5,10.0,41,3,8.285915211362232,31,0,149.48816544390243,0.1951219512195122,2444.082085696121,4,Open ocean / other,0.07317073170731707,0.20209549296005444,0.3620601856854857,-5.285915211362232,16.775213991359223,0.0,0.025197373252564145,0.19427740017211292,0.9938892351939471,1.0,False,38,0.926829268292683,Normal,4,0,0.0
38.5_123.0,38.5,123.0,100,24,66.41144238676382,2,0,25.003967259,0.97,2410.682722189525,4,Open ocean / other,0.24,0.6641144238676382,0.3613835076827564,-42.411442386763824,41.48202460636299,0.0,0.16691211265459965,0.3323251872329213,1.0,1.0,False,76,0.76,Normal,3,0,0.0
22.5_69.5,22.5,69.5,104,9,25.113532554738427,70,1,151.31493905865383,0.1346153846153846,2850.5938981832446,2,India West Coast corridor,0.08653846153846154,0.24147627456479256,0.3583725220808045,-16.113532554738427,36.483625417946,0.014285714285714285,0.04619542485248201,0.15633866217886766,0.9999881185525543,1.0,False,95,0.9134615384615384,Normal,2,0,0.0
34.5_136.5,34.5,136.5,169,15,41.86791241342774,85,4,104.10682297573966,0.13609467455621302,2539.7736715851565,3,Open ocean / other,0.08875739644970414,0.247739126706673,0.35826959443025036,-26.86791241342774,66.54136228387686,0.047058823529411764,0.05452510474955278,0.14127035189977236,0.9999999686288261,1.0,False,154,0.9112426035502958,Normal,3,0,0.0
51.0_3.0,51.0,3.0,51,6,16.752168083450993,23,0,98.36085988235294,0.35294117647058826,1934.7774350156978,5,Open ocean / other,0.11764705882352941,0.32847388398923516,0.3581625954390486,-10.752168083450993,26.35962104839527,0.0,0.05504998764172768,0.23381102297794787,0.9998745371835611,1.0,False,45,0.8823529411764706,Normal,5,0,0.0
12.0_-17.5,12.0,-17.5,25,5,13.992023791895553,0,0,30.91773296,1.0,3020.6962633659346,3,Open ocean / other,0.2,0.5596809516758221,0.3573464478309489,-8.992023791895553,8.27623760230124,,0.08860454100652487,0.3913133553653824,0.999952472428398,1.0,False,20,0.8,Normal,3,1,0.3333333333333333
43.0_-10.0,43.0,-10.0,32,3,8.398436623599629,15,0,111.348036496875,0.28125,2251.4505038957236,5,Open ocean / other,0.09375,0.2624511444874884,0.357209339601372,-5.398436623599629,14.213059511914585,0.0,0.032400962626319516,0.24218499335778831,0.9955794213409408,1.0,False,29,0.90625,Normal,5,1,0.2
54.0_7.5,54.0,7.5,100,16,44.96173273110776,33,0,95.95672637,0.57,1805.9605043192446,5,Open ocean / other,0.16,0.44961732731107756,0.35585817156308236,-28.96173273110776,55.37219654628877,0.0,0.10095202349473717,0.24420444558894414,0.999999999820188,1.0,False,84,0.84,Normal,5,0,0.0
34.0_133.0,34.0,133.0,33,4,11.254218655908105,7,0,68.8251730878788,0.48484848484848486,2555.052279867656,1,Open ocean / other,0.12121212121212122,0.34103692896691223,0.35542227517501873,-7.2542186559081046,12.915586996016104,0.0,0.04816083267584231,0.2732584325026516,0.9990356888904645,1.0,False,29,0.8787878787878788,Normal,1,0,0.0
41.0_36.0,41.0,36.0,69,6,16.921257122957304,44,0,109.08849646956523,0.11594202898550725,2323.994479997919,6,Black Sea,0.08695652173913043,0.24523561047764209,0.35458358421016584,-10.921257122957304,29.690259849525024,0.0,0.04046307012090733,0.1770170511284886,0.9998057654905175,1.0,False,63,0.9130434782608695,Normal,4,0,0.0
20.0_109.5,20.0,109.5,54,10,28.49328075182002,8,0,47.44962350925926,0.6666666666666666,2900.021339887193,1,South China Sea,0.18518518518518517,0.5276533472559263,0.3509599363829399,-18.49328075182002,18.62055263431287,0.0,0.10382574505942957,0.3083620229137938,0.9999999553449174,1.0,False,44,0.8148148148148148,Normal,1,0,0.0
-8.0_113.5,-8.0,113.5,38,3,8.553982602674337,20,0,117.92150259210527,0.05263157894736842,3062.8424473383307,2,Open ocean / other,0.07894736842105263,0.22510480533353516,0.3507138299605698,-5.553982602674337,12.406775945338858,0.0,0.02721410139426493,0.2079967892026529,0.9955872201281175,1.0,False,35,0.9210526315789473,Normal,2,0,0.0
50.0_-3.5,50.0,-3.5,36,6,17.323920876908257,9,0,72.812915,0.6388888888888888,1976.554973700054,6,Open ocean / other,0.16666666666666666,0.4812200243585627,0.3463419189357785,-11.323920876908257,18.213508088069535,0.0,0.07870340628564097,0.3189111473467432,0.9999830544718727,1.0,False,30,0.8333333333333334,Normal,5,0,0.0
18.5_-93.5,18.5,-93.5,27,3,8.746339440716179,10,0,101.90478976666667,0.18518518518518517,2927.0336207249425,3,Open ocean / other,0.1111111111111111,0.32393849780430295,0.3430006370475773,-5.746339440716179,9.224355951645295,0.0,0.03851964789498724,0.2805818254397295,0.9975724613405936,1.0,False,24,0.8888888888888888,Normal,3,0,0.0
31.5_122.5,31.5,122.5,99,16,46.80221142450941,19,0,56.51793079090909,0.7373737373737373,2628.5039143779154,2,Open ocean / other,0.16161616161616163,0.4727496103485799,0.34186418788794903,-30.80221142450941,37.66401086887108,0.0,0.10199861339903872,0.2465140507368752,0.9999999999843227,1.0,False,83,0.8383838383838383,Normal,1,0,0.0
53.5_-3.5,53.5,-3.5,27,4,11.77478610514285,4,0,62.89619000370371,0.4444444444444444,1827.7834521350646,5,Open ocean / other,0.14814814814814814,0.4361031890793648,0.33970893095484156,-7.77478610514285,14.77199061434813,0.0,0.059158318596448906,0.32479063346829484,0.9996963545995486,1.0,False,23,0.8518518518518519,Normal,5,0,0.0
36.0_-5.0,36.0,-5.0,86,5,14.735280891562695,78,2,188.7256327,0.05813953488372093,2492.782092805216,3,Open ocean / other,0.05813953488372093,0.17134047548328715,0.3393216618532844,-9.735280891562695,34.49960598169299,0.02564102564102564,0.02508656569078512,0.12898014727959828,0.9995258283677143,1.0,False,81,0.9418604651162791,Normal,3,0,0.0
37.5_11.5,37.5,11.5,30,5,14.852852423984249,8,0,68.54292921999999,0.6666666666666666,2444.082085696121,5,Open ocean / other,0.16666666666666666,0.49509508079947495,0.3366356749041717,-9.852852423984249,12.274546822945773,0.0,0.07336434240351683,0.33564705185680177,0.9999630366550419,1.0,False,25,0.8333333333333334,Normal,5,1,0.2
28.5_121.5,28.5,121.5,45,5,14.96815575016728,11,1,70.36856982666666,0.4444444444444444,2710.0296106464198,2,Open ocean / other,0.1111111111111111,0.33262568333705067,0.3340424888312724,-9.96815575016728,16.604984618329027,0.09090909090909091,0.04840400437825558,0.23499375490890945,0.9998598351835324,1.0,False,40,0.8888888888888888,Normal,1,0,0.0
-4.0_114.5,-4.0,114.5,25,2,6.000480998528095,6,0,86.38404217600001,0.04,3084.458426322437,1,Open ocean / other,0.08,0.2400192399411238,0.3333066133349302,-4.000480998528095,8.10515057899717,0.0,0.02221993369109193,0.24966512122957818,0.9906838021209885,1.0,False,23,0.92,Normal,1,0,0.0
57.5_10.0,57.5,10.0,27,3,9.068363074715238,15,0,115.04067024444446,0.37037037037037035,1649.4433749031086,5,Open ocean / other,0.1111111111111111,0.33586529906352736,0.33082045516734065,-6.068363074715238,16.369158475407517,0.0,0.03851964789498724,0.2805818254397295,0.9983415081217224,1.0,False,24,0.8888888888888888,Normal,4,0,0.0
11.5_43.0,11.5,43.0,76,5,15.16279383887247,60,2,140.9616421855263,0.0,3026.3046078266293,5,Open ocean / other,0.06578947368421052,0.19951044524832198,0.3297545329134283,-10.16279383887247,25.11313626640517,0.03333333333333333,0.02842611306337576,0.1449371461899458,0.9997182037971037,1.0,False,71,0.9342105263157895,Normal,3,0,0.0
41.5_29.0,41.5,29.0,33,3,9.144056041980175,16,1,117.0843652060606,0.24242424242424243,2306.1205381222103,4,Black Sea,0.09090909090909091,0.27709260733273255,0.328081978744122,-6.144056041980175,14.309746370356986,0.0625,0.03140337104926305,0.23572943534351032,0.9979590410361219,1.0,False,30,0.9090909090909091,Normal,3,0,0.0
34.0_133.5,34.0,133.5,54,6,18.416608887493766,10,1,66.93616767407407,0.14814814814814814,2555.052279867656,2,Open ocean / other,0.1111111111111111,0.34104831273136604,0.3257928773236012,-12.416608887493766,21.134596902571808,0.1,0.05192951817556753,0.2219494893207673,0.9999762081469509,1.0,False,48,0.8888888888888888,Normal,2,0,0.0
2.0_102.0,2.0,102.0,45,3,9.280036824949043,36,2,179.5394529311111,0.1111111111111111,3088.693550643103,2,Strait of Malacca,0.06666666666666667,0.20622304055442317,0.3232745792489323,-6.280036824949043,14.569266669602253,0.05555555555555555,0.022931616462147086,0.17856874388640825,0.9975629508808207,1.0,False,42,0.9333333333333333,Normal,2,0,0.0
22.0_113.5,22.0,113.5,149,18,55.71414959726182,46,0,76.48064175704698,0.4697986577181208,2860.9166486724735,1,Open ocean / other,0.12080536912751678,0.3739204670957169,0.3230777123965048,-37.71414959726182,52.081209730153866,0.0,0.07779663227338414,0.18287585479819846,0.9999999999990535,1.0,False,131,0.8791946308724832,Normal,1,0,0.0
55.5_10.5,55.5,10.5,48,4,12.408767748320578,29,0,135.03761714791668,0.1875,1739.673175413148,7,Open ocean / other,0.08333333333333333,0.2585159947566787,0.3223527171375551,-8.408767748320578,27.591389393355836,0.0,0.03288322434995555,0.19553565161066291,0.999483317758026,1.0,False,44,0.9166666666666666,Normal,4,0,0.0
51.0_1.5,51.0,1.5,134,10,31.06418706759748,90,2,131.0049685335821,0.1791044776119403,1934.7774350156978,6,Dover Strait / English Channel,0.07462686567164178,0.23182229154923492,0.32191410572693946,-21.06418706759748,69.25861216637189,0.022222222222222223,0.04103788178484625,0.13192586791045618,0.9999996477275755,1.0,False,124,0.9253731343283582,Normal,5,0,0.0
4.0_6.0,4.0,6.0,54,9,27.992751410624443,8,1,63.798000225925925,0.6481481481481481,3082.576770069333,3,Gulf of Guinea,0.16666666666666666,0.5183842853819342,0.3215118038230467,-18.992751410624443,17.517811891765287,0.125,0.0902428998661039,0.28736767798789736,0.9999999837302586,1.0,False,45,0.8333333333333334,Normal,3,0,0.0
55.0_14.0,55.0,14.0,42,3,9.336872492426508,22,2,117.38429038571428,0.16666666666666666,1761.903688409759,5,Open ocean / other,0.07142857142857142,0.22230648791491686,0.3213067333235421,-6.336872492426508,23.837852361787114,0.09090909090909091,0.024589963551172864,0.19009713288525165,0.9978377080340775,1.0,False,39,0.9285714285714286,Normal,4,0,0.0
30.5_121.0,30.5,121.0,36,4,12.46170679224108,14,0,84.01415163611111,0.3333333333333333,2656.4910989500095,1,Open ocean / other,0.1111111111111111,0.34615852200669667,0.32098331847211203,-8.46170679224108,13.551711132865895,0.0,0.04406568908741834,0.2531512901503632,0.9997142071540909,1.0,False,32,0.8888888888888888,Normal,1,0,0.0
49.0_-1.0,49.0,-1.0,35,7,21.87054191853738,2,0,32.26325332571428,0.8285714285714286,2017.7304345920513,5,Dover Strait / English Channel,0.2,0.6248726262439251,0.3200652286565807,-14.87054191853738,17.34622197294475,0.0,0.10042319445900802,0.35891936609462516,0.9999999509797398,1.0,False,28,0.8,Normal,5,1,0.2
33.5_-118.5,33.5,-118.5,33,2,6.251981212847017,29,1,216.14744239696972,0.09090909090909091,2570.136311026832,3,Open ocean / other,0.06060606060606061,0.1894539761468793,0.3198985940473169,-4.251981212847017,12.839785912684022,0.034482758620689655,0.016780530429070947,0.19606581717798194,0.9914916394414846,1.0,False,31,0.9393939393939394,Normal,2,0,0.0
43.0_4.5,43.0,4.5,45,4,12.57565504736602,31,0,143.83979028888888,0.2222222222222222,2251.4505038957236,7,Open ocean / other,0.08888888888888889,0.2794590010525782,0.3180748823766284,-8.57565504736602,19.987114938629887,0.0,0.035110548134203154,0.20733851168365702,0.9996086463287337,1.0,False,41,0.9111111111111111,Normal,4,0,0.0
53.0_2.0,53.0,2.0,31,3,9.497454638846355,6,0,76.76050353225807,0.2903225806451613,1849.4672071643909,5,Open ocean / other,0.0967741935483871,0.30636950447891464,0.31587410670322574,-6.497454638846355,16.761584028045192,0.0,0.03346403609464399,0.2490028999817704,0.9987472859814929,1.0,False,28,0.9032258064516129,Normal,5,1,0.2
36.5_3.0,36.5,3.0,31,2,6.345854735850975,27,0,139.03406364193546,0.06451612903225806,2476.736958123057,2,Open ocean / other,0.06451612903225806,0.2047049914790637,0.31516636974070306,-4.345854735850975,12.516468451899188,0.0,0.017874407775063147,0.20718988318746434,0.9925934520046712,1.0,False,29,0.9354838709677419,Normal,2,0,0.0
44.0_28.5,44.0,28.5,29,2,6.348967220464391,17,0,121.64981744827585,0.13793103448275862,2214.144217918689,4,Black Sea,0.06896551724137931,0.2189299041539445,0.3150118642215499,-4.348967220464391,13.097611151662111,0.0,0.019120864097994433,0.21964947595851925,0.99294637931284,1.0,False,27,0.9310344827586207,Normal,4,0,0.0
44.5_12.5,44.5,12.5,29,5,15.975591200006726,7,0,52.12647540344828,0.7241379310344828,2195.2374379563416,6,Open ocean / other,0.1724137931034483,0.5508824551726457,0.31297746276819444,-10.975591200006726,13.2104161028693,0.0,0.07597745271479928,0.34548800572815114,0.9999949317573155,1.0,False,24,0.8275862068965517,Normal,5,0,0.0
29.0_-95.0,29.0,-95.0,63,7,22.589791518591767,35,0,120.55449783650793,0.38095238095238093,2696.9520422927276,2,Open ocean / other,0.1111111111111111,0.3585681193427265,0.3098744844209335,-15.589791518591767,23.359703477130637,0.0,0.05487478965589834,0.21204880283739927,0.9999982119515379,1.0,False,56,0.8888888888888888,Normal,2,0,0.0
33.5_12.5,33.5,12.5,55,4,12.95631303564098,20,2,101.95557214181818,0.0,2570.136311026832,6,Open ocean / other,0.07272727272727272,0.2355693279207451,0.30872980523059046,-8.95631303564098,21.399643187806703,0.1,0.028643596503688543,0.17260178091636796,0.9996447390434685,1.0,False,51,0.9272727272727272,Normal,6,1,0.16666666666666666
16.5_54.0,16.5,54.0,56,4,12.99671408131473,36,1,139.99192305535715,0.125,2959.926482446465,2,Open ocean / other,0.07142857142857142,0.23208418002347733,0.3077701005787892,-8.99671408131473,18.919388819993387,0.027777777777777776,0.028125581246379636,0.16975682831486205,0.9996507415542658,1.0,False,52,0.9285714285714286,Normal,2,0,0.0
35.5_123.0,35.5,123.0,55,10,32.63040507044639,5,0,40.04455346,0.8727272727272727,2508.637392479843,1,Open ocean / other,0.18181818181818182,0.5932800921899344,0.30646263748215236,-22.630405070446393,21.924252650013837,0.0,0.10187561448030712,0.3033071133856924,0.9999999999291779,1.0,False,45,0.8181818181818182,Normal,1,0,0.0
40.0_121.0,40.0,121.0,27,3,9.810105673632885,11,0,86.2440431074074,0.37037037037037035,2359.210072525169,1,Open ocean / other,0.1111111111111111,0.36333724717158833,0.30580710338964556,-6.810105673632885,11.444508615165704,0.0,0.03851964789498724,0.2805818254397295,0.999336389387668,1.0,False,24,0.8888888888888888,Normal,1,0,0.0
49.5_-1.0,49.5,-1.0,64,11,36.03396596906497,16,2,62.7960340890625,0.734375,1997.2187521163028,6,Dover Strait / English Channel,0.171875,0.5630307182666402,0.30526753589775435,-25.033965969064973,32.0445619350329,0.125,0.0987764126731623,0.2821344149016591,0.9999999999783842,1.0,False,53,0.828125,Normal,6,1,0.16666666666666666
37.5_122.0,37.5,122.0,51,5,16.527852937427898,28,0,100.28572645294118,0.3137254901960784,2444.082085696121,1,Open ocean / other,0.09803921568627451,0.32407554779270387,0.3025196327030068,-11.527852937427898,20.866729599007815,0.0,0.04260744495307697,0.2097848995445307,0.9999665807811515,1.0,False,46,0.9019607843137255,Normal,1,0,0.0
38.0_15.5,38.0,15.5,29,2,6.629337638819354,20,0,122.61070328965516,0.13793103448275862,2427.474834746324,4,Open ocean / other,0.06896551724137931,0.2285978496144605,0.30168926504642296,-4.629337638819354,11.946570808850653,0.0,0.019120864097994433,0.21964947595851925,0.99483418558509,1.0,False,27,0.9310344827586207,Normal,3,0,0.0
-2.5_-44.5,-2.5,-44.5,115,5,16.672415069616,114,5,239.91300458434785,0.0,3088.693550643103,4,Open ocean / other,0.043478260869565216,0.14497752234448696,0.2998965644222748,-11.672415069616001,37.23257037787242,0.043859649122807015,0.01871182515342898,0.0977591749004242,0.9998927663105815,1.0,False,110,0.9565217391304348,Normal,3,0,0.0
2.5_101.0,2.5,101.0,102,6,20.010638623798148,83,2,173.39113687843135,0.08823529411764706,3087.5169330678864,1,Strait of Malacca,0.058823529411764705,0.1961827316058642,0.2998405054831359,-14.010638623798148,33.03625606310393,0.024096385542168676,0.027235268139653053,0.12243745033776982,0.9999809246093979,1.0,False,96,0.9411764705882353,Normal,1,0,0.0
58.5_10.5,58.5,10.5,50,9,30.13665787055511,6,2,45.695188894000005,0.8,1603.5679094702848,5,Open ocean / other,0.18,0.6027331574111021,0.2986396181904899,-21.13665787055511,31.18046931764603,0.3333333333333333,0.0977008273245379,0.3079631945470261,0.9999999998458372,1.0,False,41,0.82,Normal,3,1,0.3333333333333333
60.5_4.5,60.5,4.5,42,4,13.475059253601033,12,0,80.13851536904761,0.42857142857142855,1510.3657145480145,9,Open ocean / other,0.09523809523809523,0.32083474413335794,0.2968447058168633,-9.475059253601033,27.80783461611398,0.0,0.0376616388283121,0.2206539522505333,0.9998751952404655,1.0,False,38,0.9047619047619048,Normal,4,0,0.0
36.0_122.5,36.0,122.5,45,4,13.564722020471196,24,0,105.69628740444445,0.26666666666666666,2492.782092805216,1,Open ocean / other,0.08888888888888889,0.3014382671215821,0.2948825633111686,-9.564722020471196,18.0521194090254,0.0,0.035110548134203154,0.20733851168365702,0.9998688073218271,1.0,False,41,0.9111111111111111,Normal,1,0,0.0
33.0_135.5,33.0,135.5,35,3,10.197805734355365,16,0,97.21923036857143,0.2857142857142857,2585.0246163551255,2,Open ocean / other,0.08571428571428572,0.291365878124439,0.29418093246209887,-7.197805734355365,13.539522903789543,0.0,0.029581831005296905,0.22379599071162518,0.9993252324183596,1.0,False,32,0.9142857142857143,Normal,2,0,0.0
68.0_11.0,68.0,11.0,26,3,10.365701121363214,1,0,51.84549216538461,0.9615384615384616,1145.421445803285,6,Open ocean / other,0.11538461538461539,0.39868081236012365,0.28941602356420865,-7.365701121363214,22.699068622524507,0.0,0.04003171821149494,0.28976293086898336,0.9997090393600541,1.0,False,23,0.8846153846153846,Normal,6,1,0.16666666666666666
57.0_19.5,57.0,19.5,34,3,10.417525855427956,20,1,111.12901207352941,0.35294117647058826,1672.1935614112285,6,Open ocean / other,0.08823529411764706,0.3063978192772928,0.28797624710831676,-7.4175258554279555,20.33257440084035,0.05,0.030465390304310128,0.22960817952360413,0.9995029748237358,1.0,False,31,0.9117647058823529,Normal,4,0,0.0
36.0_121.5,36.0,121.5,25,4,13.911872100218526,5,0,52.706193108,0.76,2492.782092805216,1,Open ocean / other,0.16,0.556474884008741,0.2875242074671725,-9.911872100218526,10.028955227236334,0.0,0.06403347608577989,0.34654013980238163,0.9999924835526791,1.0,False,21,0.84,Normal,1,0,0.0
37.0_126.0,37.0,126.0,53,4,13.94465079655694,25,0,115.14247506603773,0.1509433962264151,2460.503210332443,2,Open ocean / other,0.07547169811320754,0.26310661880296116,0.2868483448138863,-9.94465079655694,21.54030922513573,0.0,0.029739073598901808,0.17858722263484245,0.999881567645684,1.0,False,49,0.9245283018867925,Normal,1,0,0.0
-6.0_105.5,-6.0,105.5,151,10,34.87443917663074,97,6,111.07917673576158,0.07947019867549669,3075.5239629307252,4,Sunda Strait,0.06622516556291391,0.23095655083861416,0.2867429623556777,-24.874439176630737,49.09732514524427,0.061855670103092786,0.03636630775459303,0.11760781806172506,0.999999986783595,1.0,False,141,0.9337748344370861,Normal,3,0,0.0
10.5_-62.0,10.5,-62.0,30,2,6.989092571267509,18,0,114.45495212666667,0.1,3036.8294927635493,2,Open ocean / other,0.06666666666666667,0.23296975237558365,0.28616018168397067,-4.989092571267509,9.878723870236014,0.0,0.01847663532769335,0.21323817721072091,0.9964583396938639,1.0,False,28,0.9333333333333333,Normal,1,0,0.0
57.0_11.5,57.0,11.5,43,4,13.979671081766867,23,0,109.66778906511628,0.3023255813953488,1672.1935614112285,7,Open ocean / other,0.09302325581395349,0.3251086298085318,0.28612976489962216,-9.979671081766867,25.71472644812162,0.0,0.036771045103346514,0.2160298839853268,0.9999268696160019,1.0,False,39,0.9069767441860465,Normal,4,0,0.0
57.0_8.0,57.0,8.0,37,3,10.489943031048668,23,0,127.60587718378378,0.3783783783783784,1672.1935614112285,7,Open ocean / other,0.08108108108108109,0.2835119738121262,0.2859882070970688,-7.489943031048668,22.126625083267438,0.0,0.027960066396321384,0.2130099249850153,0.9994732270144786,1.0,False,34,0.918918918918919,Normal,5,0,0.0
37.0_-7.0,37.0,-7.0,33,4,13.987485844853914,12,0,85.24810751515152,0.42424242424242425,2460.503210332443,3,Open ocean / other,0.12121212121212122,0.4238632074198156,0.2859699051257039,-9.987485844853914,13.411890649612813,0.0,0.04816083267584231,0.2732584325026516,0.9999689234521095,1.0,False,29,0.8787878787878788,Normal,3,0,0.0
14.0_109.0,14.0,109.0,29,4,14.105665756219745,5,0,55.458273362068965,0.4827586206896552,2995.9670419085055,1,South China Sea,0.13793103448275862,0.48640226745585324,0.2835739956645607,-10.105665756219745,9.67967924691397,0.0,0.05497350852047822,0.30559357712699325,0.999985819716032,1.0,False,25,0.8620689655172413,Normal,1,0,0.0
54.5_13.5,54.5,13.5,59,7,24.77440771375352,15,1,69.2019933118644,0.5932203389830508,1784.0000256189903,5,Open ocean / other,0.11864406779661017,0.41990521548734777,0.28254964077764605,-17.77440771375352,33.07174840399955,0.06666666666666667,0.058675082779140006,0.22523875773415053,0.9999999152592611,1.0,False,52,0.8813559322033898,Normal,4,0,0.0
21.5_112.5,21.5,112.5,39,4,14.297625525197866,8,0,64.69499023333333,0.46153846153846156,2871.0215292823814,2,South China Sea,0.10256410256410256,0.36660578269738114,0.27976673420005826,-10.297625525197866,13.584015167503166,0.0,0.04061265558286986,0.2357915870224483,0.999962352195655,1.0,False,35,0.8974358974358975,Normal,2,1,0.5
28.0_49.0,28.0,49.0,155,14,50.2824121404358,28,0,78.41622363870968,0.14193548387096774,2722.900799752918,4,Persian Gulf,0.09032258064516129,0.32440265897055354,0.2784273745837576,-36.2824121404358,56.92458572639335,0.0,0.05456531372591347,0.14589602637642746,0.9999999999989898,1.0,False,141,0.9096774193548387,Normal,3,0,0.0
69.0_15.0,69.0,15.0,25,3,10.79742727619176,0,0,44.02252114,0.92,1095.140757949867,5,Open ocean / other,0.12,0.4318970910476704,0.27784396442428244,-7.79742727619176,22.828115763676507,,0.04166741357068093,0.2995619218337349,0.9998596777894236,1.0,False,22,0.88,Normal,5,1,0.2
29.5_121.5,29.5,121.5,39,3,10.800899841251674,21,2,96.81021284358975,0.23076923076923078,2683.6690905993105,1,Open ocean / other,0.07692307692307693,0.27694614977568394,0.27775463564083397,-7.800899841251674,14.532343103184385,0.09523809523809523,0.026506914073495688,0.2032137312805527,0.9995988208544985,1.0,False,36,0.9230769230769231,Normal,1,0,0.0
13.5_121.0,13.5,121.0,27,2,7.218276085823784,9,0,88.73085217037038,0.037037037037037035,3002.4927996365627,4,Open ocean / other,0.07407407407407407,0.2673435587342142,0.2770744671193538,-5.218276085823784,8.992527809981166,0.0,0.020554221697383523,0.2336997729073062,0.9975575384064609,1.0,False,25,0.9259259259259259,Normal,2,0,0.0
5.5_5.0,5.5,5.0,68,9,32.579307746245874,4,0,45.297658897058824,0.4264705882352941,3075.5239629307252,4,Gulf of Guinea,0.1323529411764706,0.479107466856557,0.276248963609028,-23.579307746245874,22.110053707792122,0.0,0.07122163958543325,0.2328027696704853,0.9999999997588183,1.0,False,59,0.8676470588235294,Normal,3,0,0.0
37.5_121.0,37.5,121.0,65,6,21.75413867588913,30,0,95.84375118923077,0.38461538461538464,2444.082085696121,1,Open ocean / other,0.09230769230769231,0.3346790565521405,0.2758095868281841,-15.75413867588913,26.594851449715843,0.0,0.04299450413746196,0.18712216950173294,0.9999990090435563,1.0,False,59,0.9076923076923077,Normal,1,0,0.0
1.0_103.5,1.0,103.5,161,10,36.31043428422527,111,1,146.3353843689441,0.13043478260869565,3090.341066185425,1,Singapore Strait,0.062111801242236024,0.2255306477281073,0.27540293023552204,-26.310434284225273,52.09780944946993,0.009009009009009009,0.03408404331441131,0.11054935019790596,0.9999999959702693,1.0,False,151,0.937888198757764,Normal,1,0,0.0
55.5_6.5,55.5,6.5,32,3,10.927848518270606,15,1,105.26368620625,0.40625,1739.673175413148,6,Open ocean / other,0.09375,0.34149526619595644,0.2745279635771129,-7.927848518270606,18.394259595570556,0.06666666666666667,0.032400962626319516,0.24218499335778831,0.9997640460260018,1.0,False,29,0.90625,Normal,5,0,0.0
50.0_0.0,50.0,0.0,69,6,21.859810899247144,30,1,104.4111225347826,0.36231884057971014,1976.554973700054,6,Dover Strait / English Channel,0.08695652173913043,0.31680885361227745,0.27447629934468654,-15.859810899247144,34.90922383546661,0.03333333333333333,0.04046307012090733,0.1770170511284886,0.9999989013239835,1.0,False,63,0.9130434782608695,Normal,5,0,0.0
54.5_11.0,54.5,11.0,58,5,18.303334113241537,25,1,90.03367732413793,0.27586206896551724,1784.0000256189903,4,Open ocean / other,0.08620689655172414,0.3155747260903713,0.27317427355395063,-13.303334113241537,32.51121029545718,0.04,0.03738483193379338,0.18643861377265664,0.9999936522433083,1.0,False,53,0.9137931034482759,Normal,4,0,0.0
34.0_134.0,34.0,134.0,35,3,10.991658615987237,6,0,72.11031175428572,0.37142857142857144,2555.052279867656,3,Open ocean / other,0.08571428571428572,0.3140473890282068,0.2729342408466485,-7.991658615987237,13.698349844259505,0.0,0.029581831005296905,0.22379599071162518,0.9997358908163049,1.0,False,32,0.9142857142857143,Normal,3,0,0.0
36.0_-5.5,36.0,-5.5,136,8,29.534775826986255,100,3,151.31886131176472,0.16911764705882354,2492.782092805216,5,Strait of Gibraltar,0.058823529411764705,0.21716746931607542,0.2708671312375532,-21.534775826986255,54.557516436165656,0.03,0.03010472430974894,0.11178152413134437,0.9999999214211334,1.0,False,128,0.9411764705882353,Normal,4,1,0.25
50.0_-3.0,50.0,-3.0,42,3,11.158719616025717,26,1,131.28591601904762,0.2857142857142857,1976.554973700054,6,Open ocean / other,0.07142857142857142,0.2656838003815647,0.2688480491696841,-8.158719616025717,21.249092769414457,0.038461538461538464,0.024589963551172864,0.19009713288525165,0.9996998295044496,1.0,False,39,0.9285714285714286,Normal,5,0,0.0
57.5_8.0,57.5,8.0,31,3,11.221929242084084,11,1,83.56100782903226,0.5483870967741935,1649.4433749031086,6,Open ocean / other,0.0967741935483871,0.3619977174865833,0.2673337119921863,-8.221929242084084,18.794218990282705,0.09090909090909091,0.03346403609464399,0.2490028999817704,0.9998501889309808,1.0,False,28,0.9032258064516129,Normal,4,0,0.0
60.0_5.0,60.0,5.0,37,3,11.227306187889392,15,0,90.21511921081081,0.21621621621621623,1533.8432521841546,10,Open ocean / other,0.08108108108108109,0.30344070778079435,0.26720568138027834,-8.227306187889392,24.122412735012475,0.0,0.027960066396321384,0.2130099249850153,0.9997780168492892,1.0,False,34,0.918918918918919,Normal,4,0,0.0
40.0_26.5,40.0,26.5,73,4,15.115064150827175,55,2,139.73171188767122,0.1095890410958904,2359.210072525169,5,Turkish Straits (Bosphorus-Dardanelles),0.0547945205479452,0.2070556732990024,0.2646366538762655,-11.115064150827175,30.94256032989246,0.03636363636363636,0.02151214924893479,0.1325918777364481,0.9999423406964283,1.0,False,69,0.9452054794520548,Normal,5,0,0.0
24.0_118.0,24.0,118.0,82,5,18.923156229391846,46,1,118.98496748414634,0.18292682926829268,2818.326371211741,2,Taiwan Strait,0.06097560975609756,0.23077019791941275,0.2642265349072104,-13.923156229391846,29.095281808949633,0.021739130434782608,0.02632356690332186,0.13492226262455276,0.9999923429957487,1.0,False,77,0.9390243902439024,Normal,2,0,0.0
38.0_121.0,38.0,121.0,47,6,22.73187757555063,17,0,72.9298504574468,0.574468085106383,2427.474834746324,2,Open ocean / other,0.1276595744680851,0.4836569696925666,0.2639465209179785,-16.73187757555063,19.36168372468899,0.0,0.059845227802024795,0.25174213372869025,0.9999999594774222,1.0,False,41,0.8723404255319149,Normal,1,0,0.0
30.0_122.5,30.0,122.5,61,5,19.05204562211406,31,1,130.48875170983607,0.36065573770491804,2670.181767114463,2,Open ocean / other,0.08196721311475409,0.31232861675596824,0.2624390104439183,-14.052045622114061,22.844886723168575,0.03225806451612903,0.035519042911066306,0.177948854241379,0.9999968742939359,1.0,False,56,0.9180327868852459,Normal,1,0,0.0
36.5_122.5,36.5,122.5,100,10,38.163118876445616,49,0,93.61583961000001,0.4,2476.736958123057,1,Open ocean / other,0.1,0.3816311887644562,0.2620330909634335,-28.163118876445616,40.37570468354577,0.0,0.05522854161313613,0.1743673043676654,0.9999999999610255,1.0,False,90,0.9,Normal,1,0,0.0
35.0_130.0,35.0,130.0,51,7,26.76786802639579,8,0,56.6816797117647,0.803921568627451,2524.3016497044573,2,Open ocean / other,0.13725490196078433,0.5248601573803096,0.2615075654548693,-19.76786802639579,20.20360760211484,0.0,0.06811015331542726,0.25721952342631627,0.9999999987811694,1.0,False,44,0.8627450980392157,Normal,2,1,0.5
30.0_121.5,30.0,121.5,127,9,34.770762693229265,58,0,95.12502257401574,0.1889763779527559,2670.181767114463,2,Open ocean / other,0.07086614173228346,0.27378553301755326,0.25883815317495246,-25.770762693229265,47.56230514495753,0.0,0.037727631027679204,0.12920398705097466,0.9999999985028569,1.0,False,118,0.9291338582677166,Normal,1,0,0.0
34.5_129.0,34.5,129.0,43,4,15.544299367071279,21,0,118.32657460232558,0.4186046511627907,2539.7736715851565,1,Open ocean / other,0.09302325581395349,0.3614953341179367,0.25732906357127405,-11.544299367071279,16.93064247459589,0.0,0.036771045103346514,0.2160298839853268,0.9999893011136693,1.0,False,39,0.9069767441860465,Normal,1,0,0.0
45.5_-2.5,45.5,-2.5,28,5,19.552828120901456,0,0,21.295067175000003,1.0,2156.923803096975,6,Open ocean / other,0.17857142857142858,0.6983152900321948,0.25571748337802513,-14.552828120901456,12.981450693713322,,0.0787838582943011,0.355917915485911,0.999999998312749,1.0,False,23,0.8214285714285714,Normal,5,0,0.0
38.5_118.5,38.5,118.5,80,4,15.6444651827482,59,0,158.929472635,0.0625,2410.682722189525,2,Open ocean / other,0.05,0.19555581478435252,0.2556814792499884,-11.6444651827482,33.185619685090394,0.0,0.01961323712729557,0.121624525510822,0.9999618147224728,1.0,False,76,0.95,Normal,1,0,0.0
49.5_-3.5,49.5,-3.5,101,8,31.29008336804416,53,4,123.26402227029703,0.2871287128712871,1997.2187521163028,9,Open ocean / other,0.07920792079207921,0.3098028056241996,0.2556720576900161,-23.29008336804416,50.57032430372381,0.07547169811320754,0.04068048623667317,0.14857263466190143,0.9999999959064041,1.0,False,93,0.9207920792079208,Normal,5,0,0.0
37.5_-9.0,37.5,-9.0,29,2,7.837161788540003,21,0,175.74398835862067,0.27586206896551724,2444.082085696121,3,Open ocean / other,0.06896551724137931,0.27024695822551736,0.25519442547741295,-5.837161788540003,11.865395262180915,0.0,0.019120864097994433,0.21964947595851925,0.998735991371683,1.0,False,27,0.9310344827586207,Normal,3,0,0.0
7.0_79.5,7.0,79.5,25,2,7.861453940891483,16,0,132.618785828,0.28,3066.3633452937634,4,Dondra Head / Sri Lanka corridor,0.08,0.3144581576356593,0.25440586627328143,-5.861453940891483,8.152980317342317,0.0,0.02221993369109193,0.24966512122957818,0.9990077326419733,1.0,False,23,0.92,Normal,2,0,0.0
38.5_118.0,38.5,118.0,167,9,35.56068282635482,113,3,143.93610027724552,0.10179640718562874,2410.682722189525,1,Open ocean / other,0.05389221556886228,0.21293822051709474,0.2530885035011166,-26.56068282635482,69.27498109262619,0.02654867256637168,0.028608433467822457,0.0992386482733928,0.9999999980956592,1.0,False,158,0.9461077844311377,Normal,1,0,0.0
5.0_5.0,5.0,5.0,98,11,43.49454960949067,32,5,88.73768529795919,0.6020408163265306,3078.1093682685055,4,Gulf of Guinea,0.11224489795918367,0.44382193479072113,0.25290525131911606,-32.49454960949067,31.837725134219923,0.15625,0.0638420422031541,0.18990102546271131,0.9999999999998173,1.0,False,87,0.8877551020408163,Normal,3,0,0.0
49.5_-4.0,49.5,-4.0,50,4,15.943645347671609,25,3,111.811081556,0.32,1997.2187521163028,9,Open ocean / other,0.08,0.3188729069534322,0.2508836538178614,-11.943645347671609,25.03481401174446,0.12,0.031549003255790686,0.18838502545063704,0.9999894347381036,1.0,False,46,0.92,Normal,5,0,0.0
30.5_122.5,30.5,122.5,59,5,19.93745029737734,29,2,91.09974160677967,0.4406779661016949,2656.4910989500095,1,Open ocean / other,0.0847457627118644,0.3379228863962261,0.2507843242451981,-14.937450297377339,22.209748801085773,0.06896551724137931,0.036741491306199775,0.1835202461416055,0.9999990314979238,1.0,False,54,0.9152542372881356,Normal,1,0,0.0
33.5_132.0,33.5,132.0,51,4,15.981706667856677,10,0,71.78046972156862,0.4117647058823529,2570.136311026832,3,Open ocean / other,0.0784313725490196,0.31336679740895446,0.2502861604915468,-11.981706667856677,19.84330550142076,0.0,0.030921696126931505,0.1850019822486082,0.9999893124979329,1.0,False,47,0.9215686274509803,Normal,2,0,0.0
1.0_104.0,1.0,104.0,216,12,48.049246423783316,149,2,148.68160595601853,0.1574074074074074,3090.341066185425,2,Singapore Strait,0.05555555555555555,0.22245021492492276,0.2497437710919076,-36.049246423783316,69.89519777071742,0.013422818791946308,0.032062019091788845,0.0945818917967782,0.9999999999970357,1.0,False,204,0.9444444444444444,Normal,2,0,0.0
25.5_-78.0,25.5,-78.0,27,2,8.010550112563129,16,1,150.24702354074074,0.2222222222222222,2784.1273041239665,5,Open ocean / other,0.07407407407407407,0.29668704120604183,0.24967074319444732,-6.010550112563129,9.697832408743114,0.0625,0.020554221697383523,0.2336997729073062,0.9990751424660672,1.0,False,25,0.9259259259259259,Normal,4,0,0.0
27.0_122.5,27.0,122.5,179,18,72.32728751410555,4,1,47.54292968435754,0.7988826815642458,2748.0201352522117,1,Open ocean / other,0.1005586592178771,0.40406305873801984,0.2488687274009767,-54.32728751410555,65.137805106938,0.25,0.06455783093677447,0.15334444075631945,1.0,1.0,False,161,0.8994413407821229,Normal,1,0,0.0
36.5_-7.0,36.5,-7.0,54,6,24.126955332632047,22,3,87.00834294074075,0.48148148148148145,2476.736958123057,3,Open ocean / other,0.1111111111111111,0.4467954691228157,0.24868450731887068,-18.126955332632047,21.802880529114713,0.13636363636363635,0.05192951817556753,0.2219494893207673,0.9999999838698841,1.0,False,48,0.8888888888888888,Normal,3,0,0.0
4.0_7.0,4.0,7.0,121,14,56.73699575669145,22,0,60.19031469338843,0.5867768595041323,3082.576770069333,6,Gulf of Guinea,0.11570247933884298,0.4689007913776153,0.2467525785122112,-42.73699575669145,39.25287479451111,0.0,0.07018454775284505,0.1848714592191899,1.0,1.0,False,107,0.8842975206611571,Normal,4,0,0.0
21.5_113.0,21.5,113.0,68,6,24.468372542562637,24,0,85.74679863088235,0.4117647058823529,2871.0215292823814,1,South China Sea,0.08823529411764706,0.3598290079788623,0.24521451067344277,-18.468372542562637,23.68494952282603,0.0,0.041067556020174006,0.17943978234645483,0.9999999545074181,1.0,False,62,0.9117647058823529,Normal,1,0,0.0
50.5_1.5,50.5,1.5,27,2,8.245262898341284,15,0,112.69468094074074,0.25925925925925924,1955.7406729699696,6,Dover Strait / English Channel,0.07407407407407407,0.3053801073459735,0.24256352097667425,-6.245262898341284,13.805511320168051,0.0,0.020554221697383523,0.2336997729073062,0.9993133120042044,1.0,False,25,0.9259259259259259,Normal,5,0,0.0
41.5_32.0,41.5,32.0,37,2,8.25146415934491,18,1,103.9558569972973,0.1891891891891892,2306.1205381222103,3,Black Sea,0.05405405405405406,0.2230125448471597,0.24238122609245893,-6.251464159344909,16.04426108191541,0.05555555555555555,0.01495066277053994,0.1770496506353991,0.9989754868776127,1.0,False,35,0.9459459459459459,Normal,3,0,0.0
23.5_118.0,23.5,118.0,25,1,4.164633790923384,23,1,169.471565636,0.04,2829.297948568382,2,Taiwan Strait,0.04,0.16658535163693536,0.24011715079953758,-3.164633790923384,8.836114277978373,0.043478260869565216,0.007096050386699165,0.19544472405022525,0.9894918022460776,1.0,False,24,0.96,Normal,2,0,0.0
28.0_49.5,28.0,49.5,78,6,25.01159666252918,14,1,76.46405346923078,0.07692307692307693,2722.900799752918,3,Persian Gulf,0.07692307692307693,0.32066149567345104,0.23988872365708774,-19.01159666252918,28.645920559088268,0.07142857142857142,0.03572997725324493,0.15783417594024104,0.9999999541036985,1.0,False,72,0.9230769230769231,Normal,3,0,0.0
-24.5_-46.5,-24.5,-46.5,85,3,12.580270676446492,81,0,207.87797057529414,0.011764705882352941,2818.326371211741,1,Open ocean / other,0.03529411764705882,0.14800318442878227,0.2384686368964042,-9.580270676446492,30.159743338545354,0.0,0.012074823021218324,0.09870211030731246,0.9998490346780428,1.0,False,82,0.9647058823529412,Normal,1,0,0.0
42.5_-10.0,42.5,-10.0,32,2,8.41537758910331,14,1,114.129618009375,0.28125,2269.8471688923664,8,Open ocean / other,0.0625,0.2629805496594784,0.2376601618672119,-6.41537758910331,14.097865459204142,0.07142857142857142,0.017310203195157234,0.2014746724800358,0.9992865192182371,1.0,False,30,0.9375,Normal,5,1,0.2
29.5_123.0,29.5,123.0,56,4,16.854801464835234,36,1,154.4116466607143,0.32142857142857145,2683.6690905993105,1,Open ocean / other,0.07142857142857142,0.30097859758634343,0.2373210985810388,-12.854801464835234,20.866954199444248,0.027777777777777776,0.028125581246379636,0.16975682831486205,0.9999950632247386,1.0,False,52,0.9285714285714286,Normal,1,0,0.0
33.5_136.0,33.5,136.0,30,2,8.488371642717077,11,0,91.38106022333334,0.16666666666666666,2570.136311026832,2,Open ocean / other,0.06666666666666667,0.28294572142390256,0.23561645085556268,-6.488371642717077,11.672532647894565,0.0,0.01847663532769335,0.21323817721072091,0.999404265431005,1.0,False,28,0.9333333333333333,Normal,2,0,0.0
67.0_11.0,67.0,11.0,25,3,12.783953810319003,0,0,35.1953253,1.0,1195.3532271883141,8,Open ocean / other,0.12,0.5113581524127602,0.2346691832990235,-9.783953810319003,20.914320078262136,,0.04166741357068093,0.2995619218337349,0.9999940316414349,1.0,False,22,0.88,Normal,5,0,0.0
23.0_116.5,23.0,116.5,31,2,8.647534972946625,11,0,88.34548698064516,0.25806451612903225,2840.054063932144,1,Open ocean / other,0.06451612903225806,0.27895274106279433,0.23127978160908266,-6.647534972946625,10.91528516787442,0.0,0.017874407775063147,0.20718988318746434,0.9994864463980586,1.0,False,29,0.9354838709677419,Normal,1,0,0.0
56.0_6.5,56.0,6.5,25,2,8.78408998144599,13,1,100.31840504399999,0.48,1717.3101795688112,5,Open ocean / other,0.08,0.35136359925783955,0.22768437074579817,-6.784089981445989,14.55764968811697,0.07692307692307693,0.02221993369109193,0.24966512122957818,0.9997098190833931,1.0,False,23,0.92,Normal,4,0,0.0
38.5_117.5,38.5,117.5,40,3,13.223552341318447,11,0,78.77797114500001,0.35,2410.682722189525,1,Open ocean / other,0.075,0.3305888085329612,0.2268679340139313,-10.223552341318447,16.592809842545197,0.0,0.025835556771858226,0.19864530159097524,0.9999775108184445,1.0,False,37,0.925,Normal,1,0,0.0
56.5_11.5,56.5,11.5,44,4,17.684191563188215,22,2,96.62001181363635,0.4772727272727273,1694.8164039054723,4,Open ocean / other,0.09090909090909091,0.40191344461791395,0.22619071873924304,-13.684191563188215,25.961514119528243,0.09090909090909091,0.035921611478836546,0.21159519397917487,0.9999993261115572,1.0,False,40,0.9090909090909091,Normal,4,0,0.0
26.5_120.5,26.5,120.5,77,8,35.64917396098295,10,0,46.62941344155844,0.8181818181818182,2760.2663687102918,1,Open ocean / other,0.1038961038961039,0.4629762852075708,0.22440912680770056,-27.64917396098295,27.895858484113443,0.0,0.053592282957973164,0.19184570936281223,0.9999999999984469,1.0,False,69,0.8961038961038961,Normal,1,0,0.0
39.5_26.0,39.5,26.0,53,3,13.36949360819451,27,0,100.63718567169812,0.22641509433962265,2376.549041372937,8,Turkish Straits (Bosphorus-Dardanelles),0.05660377358490566,0.2522545963810285,0.22439144577332548,-10.36949360819451,22.30124397911932,0.0,0.019436308927314183,0.15370448936126319,0.9999642120814434,1.0,False,50,0.9433962264150944,Normal,5,0,0.0
34.5_128.5,34.5,128.5,74,7,31.26306282220341,19,0,76.03746078513514,0.5675675675675675,2539.7736715851565,2,Open ocean / other,0.0945945945945946,0.4224738219216677,0.22390640481419866,-24.26306282220341,29.13645449116502,0.0,0.04657934593059061,0.1826245758798552,0.9999999999270445,1.0,False,67,0.9054054054054054,Normal,2,0,0.0
66.0_12.5,66.0,12.5,37,3,13.419133788048136,9,0,66.56190818918918,0.40540540540540543,1244.9208924007573,9,Open ocean / other,0.08108108108108109,0.3626792915688685,0.22356137492808778,-10.419133788048136,29.720763966494015,0.0,0.027960066396321384,0.2130099249850153,0.999986280584138,1.0,False,34,0.918918918918919,Normal,5,0,0.0
28.0_122.5,28.0,122.5,26,2,9.002037220245503,7,0,87.66650625000001,0.6153846153846154,2722.900799752918,1,Open ocean / other,0.07692307692307693,0.3462322007786732,0.2221719318713788,-7.002037220245503,9.548640186362755,0.0,0.02135463918337556,0.24141947480515052,0.9997653737299278,1.0,False,24,0.9230769230769231,Normal,1,0,0.0
51.5_3.5,51.5,3.5,69,4,18.34568123849802,42,0,112.42850047536233,0.2028985507246377,1913.6668562689845,7,Open ocean / other,0.057971014492753624,0.26587943823910176,0.21803496681312032,-14.34568123849802,36.056432588547366,0.0,0.022772020303367495,0.13979442524423166,0.9999984560809158,1.0,False,65,0.9420289855072463,Normal,7,0,0.0
53.0_3.5,53.0,3.5,30,2,9.313470737905531,14,0,113.66944094,0.43333333333333335,1849.4672071643909,5,Open ocean / other,0.06666666666666667,0.31044902459685103,0.21474271582344306,-7.313470737905531,16.22088776907599,0.0,0.01847663532769335,0.21323817721072091,0.9997917638390573,1.0,False,28,0.9333333333333333,Normal,5,0,0.0
41.0_2.0,41.0,2.0,66,3,14.051335311136501,53,0,151.28756263939394,0.10606060606060606,2323.994479997919,4,Open ocean / other,0.045454545454545456,0.21289901986570456,0.21350284037577022,-11.051335311136501,28.3993789865022,0.0,0.015577991894810295,0.1253351601521073,0.9999758458783556,1.0,False,63,0.9545454545454546,Normal,3,0,0.0
26.5_121.0,26.5,121.0,30,2,9.382702351213176,15,0,110.20342695333333,0.4666666666666667,2760.2663687102918,3,Open ocean / other,0.06666666666666667,0.3127567450404392,0.2131582059342852,-7.382702351213176,10.868516292511732,0.0,0.01847663532769335,0.21323817721072091,0.9998097909303125,1.0,False,28,0.9333333333333333,Normal,2,0,0.0
37.5_123.0,37.5,123.0,37,2,9.400075420521212,29,0,180.0597729783784,0.21621621621621623,2444.082085696121,2,Open ocean / other,0.05405405405405406,0.2540560924465192,0.21276425034141958,-7.400075420521212,15.138607748299787,0.0,0.01495066277053994,0.1770496506353991,0.999734711850933,1.0,False,35,0.9459459459459459,Normal,2,0,0.0
38.0_24.5,38.0,24.5,28,1,4.730104919941456,24,1,149.22760980357143,0.0,2427.474834746324,7,Open ocean / other,0.03571428571428571,0.1689323185693377,0.21141180099074353,-3.730104919941456,11.53462009130408,0.041666666666666664,0.00633235649754188,0.17712576118498663,0.9943789295798373,1.0,False,27,0.9642857142857143,Normal,4,0,0.0
48.5_-6.0,48.5,-6.0,32,2,9.478491083298572,20,1,112.833739246875,0.28125,2038.0884590832861,4,Open ocean / other,0.0625,0.29620284635308036,0.21100404931794145,-7.478491083298572,15.700986803287877,0.05,0.017310203195157234,0.2014746724800358,0.9998100155413666,1.0,False,30,0.9375,Normal,3,0,0.0
41.0_19.0,41.0,19.0,26,2,9.586945888945262,10,0,80.85375625769231,0.34615384615384615,2323.994479997919,3,Open ocean / other,0.07692307692307693,0.3687286880363562,0.20861701142031128,-7.586945888945262,11.187634146197835,0.0,0.02135463918337556,0.24141947480515052,0.9998965390497291,1.0,False,24,0.9230769230769231,Normal,3,0,0.0
24.0_118.5,24.0,118.5,36,2,9.598285500163586,21,1,107.79974616666667,0.2777777777777778,2818.326371211741,1,Taiwan Strait,0.05555555555555555,0.2666190416712107,0.20837054700716223,-7.598285500163586,12.77353835514862,0.047619047619047616,0.015369663767066846,0.18144974107611211,0.999800148498751,1.0,False,34,0.9444444444444444,Normal,1,0,0.0
57.5_10.5,57.5,10.5,133,8,38.43077904450531,86,2,137.60066937894737,0.24060150375939848,1649.4433749031086,4,Open ocean / other,0.06015037593984962,0.28895322589853617,0.20816648006889182,-30.430779044505307,80.63326211959999,0.023255813953488372,0.030790812823276732,0.11420603024198997,0.999999999994733,1.0,False,125,0.9398496240601504,Normal,3,0,0.0
21.0_111.0,21.0,111.0,89,10,49.06290648411378,10,0,42.932372356179776,0.7528089887640449,2880.9077704872743,1,South China Sea,0.11235955056179775,0.5512686121810537,0.20381996739711963,-39.06290648411378,30.8930403505929,0.0,0.06218676366882152,0.19461191278656054,1.0,1.0,False,79,0.8876404494382022,Normal,1,0,0.0
37.5_-1.5,37.5,-1.5,27,1,4.983119700066123,22,0,156.34249101481484,0.07407407407407407,2444.082085696121,4,Open ocean / other,0.037037037037037035,0.18455998889133787,0.20067749927555034,-3.9831197000661227,11.047092140651195,0.0,0.006567976533097597,0.1828385393415652,0.9959487927403263,1.0,False,26,0.9629629629629629,Normal,4,0,0.0
54.5_10.0,54.5,10.0,44,3,15.145495089326715,10,0,69.80074709545455,0.4090909090909091,1784.0000256189903,5,Open ocean / other,0.06818181818181818,0.34421579748469805,0.1980787014426587,-12.145495089326715,24.66367677586407,0.0,0.023458970172840127,0.1822532133661719,0.9999975344507703,1.0,False,41,0.9318181818181818,Normal,4,0,0.0
44.0_14.5,44.0,14.5,39,5,25.26540725976869,1,0,27.88721337435897,0.9487179487179487,2214.144217918689,5,Open ocean / other,0.1282051282051282,0.6478309553786844,0.19789904625688493,-20.26540725976869,17.614028790166287,0.0,0.05602734948028318,0.26706049037630475,0.999999999997892,1.0,False,34,0.8717948717948718,Normal,5,2,0.4
9.0_-80.0,9.0,-80.0,59,2,10.16684139631308,52,0,187.7506520254237,0.05084745762711865,3050.8814309198565,2,Panama Canal approaches,0.03389830508474576,0.1723193457002217,0.19671793057825052,-8.16684139631308,19.338673539407658,0.0,0.009345713033501513,0.11543786981607584,0.9998106701856964,1.0,False,57,0.9661016949152542,Normal,1,0,0.0
59.0_5.5,59.0,5.5,44,3,15.372642257975496,11,1,75.23097663636364,0.45454545454545453,1580.446124139772,7,Open ocean / other,0.06818181818181818,0.34937823313580674,0.19515187757937755,-12.372642257975496,27.840240377664852,0.09090909090909091,0.023458970172840127,0.1822532133661719,0.9999981810446971,1.0,False,41,0.9318181818181818,Normal,4,0,0.0
40.5_29.0,40.5,29.0,123,6,30.79160071781848,65,2,104.1702549292683,0.21138211382113822,2341.6914406962387,3,Turkish Straits (Bosphorus-Dardanelles),0.04878048780487805,0.2503382172180364,0.1948583334457153,-24.79160071781848,52.526134682983376,0.03076923076923077,0.022545466884545527,0.10234731277134024,0.9999999995850376,1.0,False,117,0.9512195121951219,Normal,3,0,0.0
-21.5_149.5,-21.5,149.5,38,1,5.218034731744862,38,1,218.48082521052632,0.0,2880.9077704872743,1,Open ocean / other,0.02631578947368421,0.13731670346697006,0.19164303256095985,-4.218034731744862,13.190286891264384,0.02631578947368421,0.004660467553530057,0.13495178436800254,0.9963494963242896,1.0,False,37,0.9736842105263158,Normal,1,0,0.0
33.0_131.5,33.0,131.5,70,4,20.93692085096325,22,0,85.8908998,0.24285714285714285,2585.0246163551255,3,Open ocean / other,0.05714285714285714,0.299098869299475,0.19105006072638284,-16.93692085096325,27.079045807579085,0.0,0.02244341584741017,0.1379214733207552,0.9999999258133095,1.0,False,66,0.9428571428571428,Normal,2,0,0.0
27.5_-97.0,27.5,-97.0,29,1,5.301737735641981,24,0,190.75644552413792,0.06896551724137931,2735.564629421435,3,Open ocean / other,0.034482758620689655,0.18281854260834418,0.18861740241832448,-4.301737735641981,10.60110212279409,0.0,0.006113056614032261,0.1717589106470025,0.9971342612099198,1.0,False,28,0.9655172413793104,Normal,2,0,0.0
37.5_122.5,37.5,122.5,36,2,10.620410029372186,17,0,112.08867734166667,0.25,2444.082085696121,1,Open ocean / other,0.05555555555555555,0.29501138970478297,0.18831664638829654,-8.620410029372186,14.729456187534929,0.0,0.015369663767066846,0.18144974107611211,0.9999449918524335,1.0,False,34,0.9444444444444444,Normal,1,0,0.0
5.5_4.5,5.5,4.5,51,5,26.845029309893647,5,0,45.05511352156863,0.5098039215686274,3075.5239629307252,6,Gulf of Guinea,0.09803921568627451,0.5263731237234048,0.18625422018657534,-21.845029309893647,16.58254028084409,0.0,0.04260744495307697,0.2097848995445307,0.9999999999884767,1.0,False,46,0.9019607843137255,Normal,4,0,0.0
60.5_4.0,60.5,4.0,29,1,5.386801143736322,23,1,167.0166907965517,0.20689655172413793,1510.3657145480145,7,Open ocean / other,0.034482758620689655,0.18575176357711454,0.18563892991720746,-4.386801143736322,19.20064771112632,0.043478260869565216,0.006113056614032261,0.1717589106470025,0.9974180491461219,1.0,False,28,0.9655172413793104,Normal,3,0,0.0
6.0_1.0,6.0,1.0,50,2,11.187006737433189,34,0,140.68447367000002,0.16,3072.7043445357876,1,Gulf of Guinea,0.04,0.22374013474866378,0.17877883217033724,-9.187006737433189,16.272310770450584,0.0,0.011038652660826577,0.13460337877954667,0.9999512247756775,1.0,False,48,0.96,Normal,1,0,0.0
36.5_-2.0,36.5,-2.0,25,1,5.605135533106699,18,0,154.603244628,0.08,2476.736958123057,5,Open ocean / other,0.04,0.22420542132426796,0.17840781799003896,-4.605135533106699,10.093926170886443,0.0,0.007096050386699165,0.19544472405022525,0.9982474576977374,1.0,False,24,0.96,Normal,4,0,0.0
36.0_-7.5,36.0,-7.5,29,1,5.6421205613076495,23,0,179.69049090689654,0.10344827586206896,2492.782092805216,5,Open ocean / other,0.034482758620689655,0.1945558814244017,0.17723832540158171,-4.6421205613076495,11.633588063594148,0.0,0.006113056614032261,0.1717589106470025,0.9981162336986774,1.0,False,28,0.9655172413793104,Normal,3,0,0.0
70.5_21.5,70.5,21.5,28,3,17.08342205423747,0,0,28.17376419642857,0.9642857142857143,1019.0990581714586,7,Open ocean / other,0.10714285714285714,0.6101222162227667,0.17560884408729238,-14.08342205423747,27.475248628175194,,0.03711769205479949,0.2719622536765708,0.9999999965880763,1.0,False,25,0.8928571428571429,Normal,7,0,0.0
26.0_120.0,26.0,120.0,37,2,11.454453356538172,16,0,90.84758885945945,0.35135135135135137,2772.3023971976045,2,Open ocean / other,0.05405405405405406,0.3095798204469776,0.1746045784767551,-9.454453356538172,13.346307400448678,0.0,0.01495066277053994,0.1770496506353991,0.9999803899749673,1.0,False,35,0.9459459459459459,Normal,1,0,0.0
38.0_118.0,38.0,118.0,63,2,11.543461616228862,51,0,150.49730022857142,0.047619047619047616,2427.474834746324,2,Open ocean / other,0.031746031746031744,0.1832295494639502,0.1732582535890461,-9.543461616228862,25.952895205434178,0.0,0.00874934404029698,0.10856681834959193,0.9999561239325054,1.0,False,61,0.9682539682539683,Normal,1,0,0.0
53.5_7.5,53.5,7.5,81,4,23.223370190524697,38,0,111.13119920987653,0.24691358024691357,1827.7834521350646,6,Open ocean / other,0.04938271604938271,0.28670827395709503,0.17224028929410207,-19.223370190524697,44.315971843044395,0.0,0.01936899210168111,0.12020404753924974,0.9999999920601019,1.0,False,77,0.9506172839506173,Normal,5,0,0.0
43.5_13.5,43.5,13.5,35,3,17.52722851054258,7,0,56.20502573428572,0.7142857142857143,2232.882382226405,5,Open ocean / other,0.08571428571428572,0.5007779574440737,0.1711622575238012,-14.527228510542582,15.674806823054215,0.0,0.029581831005296905,0.22379599071162518,0.9999999825041724,1.0,False,32,0.9142857142857143,Normal,4,0,0.0
44.0_13.0,44.0,13.0,25,2,11.715941124888655,5,0,65.538446232,0.56,2214.144217918689,6,Open ocean / other,0.08,0.4686376449955462,0.17070758368282662,-9.715941124888655,11.29104409626044,0.0,0.02221993369109193,0.24966512122957818,0.9999968564579591,1.0,False,23,0.92,Normal,5,0,0.0
36.0_-8.0,36.0,-8.0,28,1,5.8738512083527,20,0,154.83988471785713,0.07142857142857142,2492.782092805216,5,Open ocean / other,0.03571428571428571,0.20978040029831072,0.17024605570157886,-4.8738512083527,11.232429854504694,0.0,0.00633235649754188,0.17712576118498663,0.9986293129103876,1.0,False,27,0.9642857142857143,Normal,4,0,0.0
37.5_25.5,37.5,25.5,29,1,6.111941527793512,20,0,134.52586867586209,0.10344827586206896,2444.082085696121,4,Open ocean / other,0.034482758620689655,0.21075660440667282,0.16361413070668113,-5.111941527793512,11.865395262180915,0.0,0.006113056614032261,0.1717589106470025,0.9989549965231281,1.0,False,28,0.9655172413793104,Normal,4,0,0.0
30.0_122.0,30.0,122.0,65,3,18.422639603650296,34,0,107.90302054307692,0.3230769230769231,2670.181767114463,2,Open ocean / other,0.046153846153846156,0.283425224671543,0.16284311393713496,-15.422639603650296,24.342912082064874,0.0,0.01581955358590327,0.12714051706904955,0.9999998623818149,1.0,False,62,0.9538461538461539,Normal,1,0,0.0
49.5_-0.5,49.5,-0.5,98,5,30.792373318012068,59,1,137.60114457346938,0.2857142857142857,1997.2187521163028,6,Dover Strait / English Channel,0.05102040816326531,0.31420789100012314,0.16237787027202735,-25.792373318012068,49.068235463019136,0.01694915254237288,0.02198698716599006,0.11392603855238045,0.9999999999845287,1.0,False,93,0.9489795918367347,Normal,6,0,0.0
-26.0_-48.5,-26.0,-48.5,36,1,6.353060654430643,34,0,182.31933011666666,0.05555555555555555,2784.1273041239665,1,Open ocean / other,0.027777777777777776,0.17647390706751787,0.15740444714668309,-5.353060654430643,12.930443211657487,0.0,0.004920280295569679,0.141700337350308,0.9990787338651655,1.0,False,35,0.9722222222222222,Normal,1,0,0.0
54.5_-1.5,54.5,-1.5,30,1,6.385707029548822,15,0,110.20502928333333,0.13333333333333333,1784.0000256189903,5,Open ocean / other,0.03333333333333333,0.21285690098496074,0.15659973051890141,-5.385707029548822,16.81614325627096,0.0,0.0059084379948573795,0.16670751396958874,0.9992386036884725,1.0,False,29,0.9666666666666667,Normal,4,0,0.0
38.5_120.5,38.5,120.5,85,8,51.297297348563,9,0,42.62795292117647,0.8352941176470589,2410.682722189525,1,Open ocean / other,0.09411764705882353,0.603497615865447,0.15595363524983263,-43.297297348563,35.25972091540854,0.0,0.04846448154841264,0.17487233363726618,1.0,1.0,False,77,0.9058823529411765,Normal,1,0,0.0
62.5_5.5,62.5,5.5,40,3,19.25018427310358,1,0,42.8283941475,0.975,1415.3233716566258,9,Open ocean / other,0.075,0.4812546068275895,0.1558426640201886,-16.25018427310358,28.262092466670914,0.0,0.025835556771858226,0.19864530159097524,0.9999999971875482,1.0,False,37,0.925,Normal,5,0,0.0
36.5_1.0,36.5,1.0,32,1,6.487286850570358,23,0,137.999001446875,0.125,2476.736958123057,4,Open ocean / other,0.03125,0.2027277140803237,0.15414764647135662,-5.487286850570358,12.920225498734645,0.0,0.005537717362550945,0.15744607800372734,0.9992897465215735,1.0,False,31,0.96875,Normal,4,0,0.0
70.5_23.5,70.5,23.5,30,2,12.985793127720406,2,0,53.731578273333334,0.6333333333333333,1019.0990581714586,9,Open ocean / other,0.06666666666666667,0.4328597709240135,0.15401446645031303,-10.985793127720406,29.437766387330566,0.0,0.01847663532769335,0.21323817721072091,0.9999990248835636,1.0,False,28,0.9333333333333333,Normal,9,0,0.0
70.0_21.5,70.0,21.5,33,3,19.60668047196644,1,0,31.02344796060606,0.9090909090909091,1044.5264796127829,8,Open ocean / other,0.09090909090909091,0.5941418324838315,0.1530090728152269,-16.60668047196644,31.593263209788088,0.0,0.03140337104926305,0.23572943534351032,0.9999999998592197,1.0,False,30,0.9090909090909091,Normal,7,0,0.0
56.5_12.0,56.5,12.0,45,3,19.985863530837804,10,1,61.0934305488889,0.5555555555555556,1694.8164039054723,5,Open ocean / other,0.06666666666666667,0.44413030068528453,0.15010609851163337,-16.985863530837804,26.5515485313357,0.1,0.022931616462147086,0.17856874388640825,0.9999999977655288,1.0,False,42,0.9333333333333333,Normal,4,0,0.0
49.5_-3.0,49.5,-3.0,61,3,20.280204823074317,27,0,99.85412395245902,0.4098360655737705,1997.2187521163028,8,Open ocean / other,0.04918032786885246,0.3324623741487593,0.1479275000510189,-17.280204823074317,30.54247309432824,0.0,0.016865676835230686,0.1349134279370143,0.9999999904712372,1.0,False,58,0.9508196721311475,Normal,5,0,0.0
31.0_122.0,31.0,122.0,144,6,40.591293375000134,82,0,115.64866339722224,0.3125,2642.5981287033196,1,Open ocean / other,0.041666666666666664,0.2818839817708343,0.1478149499837163,-34.591293375000134,54.491826977361285,0.0,0.01923362439471795,0.0879188955996544,0.9999999999999903,1.0,False,138,0.9583333333333334,Normal,1,0,0.0
41.0_1.0,41.0,1.0,34,1,6.79278743263289,27,0,147.7129865147059,0.058823529411764705,2323.994479997919,4,Open ocean / other,0.029411764705882353,0.19978786566567325,0.14721497027802607,-5.79278743263289,14.629983114258708,0.0,0.00521077192559663,0.1491590221634482,0.9994883481939593,1.0,False,33,0.9705882352941176,Normal,4,0,0.0
57.0_-2.0,57.0,-2.0,25,1,6.810124970745501,8,0,84.582779032,0.2,1672.1935614112285,5,Open ocean / other,0.04,0.27240499882982006,0.14684018344681427,-5.810124970745501,14.95042235355908,0.0,0.007096050386699165,0.19544472405022525,0.9996474321833401,1.0,False,24,0.96,Normal,3,0,0.0
70.0_21.0,70.0,21.0,27,2,13.760849627970842,2,1,42.612134581481484,0.7407407407407407,1044.5264796127829,9,Open ocean / other,0.07407407407407407,0.5096610973322534,0.14533986302231816,-11.760849627970842,25.849033535281162,0.5,0.020554221697383523,0.2336997729073062,0.9999998721336681,1.0,False,25,0.9259259259259259,Normal,8,0,0.0
-20.0_35.0,-20.0,35.0,84,2,13.822742352120992,77,0,154.12947250833335,0.047619047619047616,2909.247212509951,4,Mozambique Channel,0.023809523809523808,0.16455645657286894,0.14468908911502035,-11.822742352120992,28.873448649806924,0.0,0.006553765293517748,0.0827160112132854,0.9999951560449267,1.0,False,82,0.9761904761904762,Normal,2,0,0.0
41.5_-10.5,41.5,-10.5,26,1,7.158515536638928,12,0,115.92741913846154,0.46153846153846156,2306.1205381222103,4,Open ocean / other,0.038461538461538464,0.2753275206399588,0.13969376679868473,-6.158515536638928,11.274345625129746,0.0,0.0068218089769898765,0.18893176991958405,0.9997689606345913,1.0,False,25,0.9615384615384616,Normal,4,0,0.0
28.5_123.0,28.5,123.0,32,2,14.363254167859669,4,0,51.37417745625,0.875,2710.0296106464198,2,Open ocean / other,0.0625,0.44885169274561465,0.13924421141800547,-12.363254167859669,11.807989061922862,0.0,0.017310203195157234,0.2014746724800358,0.9999998577904791,1.0,False,30,0.9375,Normal,1,0,0.0
43.5_-6.0,43.5,-6.0,30,2,14.409751448933132,9,0,71.01886156,0.6333333333333333,2232.882382226405,6,Open ocean / other,0.06666666666666667,0.48032504829777106,0.1387948992102897,-12.409751448933132,13.43554870547504,0.0,0.01847663532769335,0.21323817721072091,0.9999999148342709,1.0,False,28,0.9333333333333333,Normal,4,0,0.0
43.0_-3.5,43.0,-3.5,49,3,21.862734400495214,6,0,49.552106761224486,0.7346938775510204,2251.4505038957236,4,Open ocean / other,0.061224489795918366,0.4461782530713309,0.13721979808399662,-18.862734400495214,21.763747377619207,0.0,0.021039764955529186,0.16520743422087725,0.9999999997860783,1.0,False,46,0.9387755102040817,Normal,4,0,0.0
27.0_122.0,27.0,122.0,49,3,22.37262378185413,3,0,46.508621293877546,0.9387755102040817,2748.0201352522117,1,Open ocean / other,0.061224489795918366,0.4565841588133496,0.13409245286792085,-19.37262378185413,17.831019275083587,0.0,0.021039764955529186,0.16520743422087725,0.9999999999083389,1.0,False,46,0.9387755102040817,Normal,1,0,0.0
24.5_119.0,24.5,119.0,46,2,15.126336319939414,24,0,102.97662010434782,0.41304347826086957,2807.140167390364,1,Taiwan Strait,0.043478260869565216,0.3288333982595525,0.13221972311719768,-13.126336319939414,16.386784149351385,0.0,0.012005193588830829,0.1453252291905342,0.9999997453441726,1.0,False,44,0.9565217391304348,Normal,1,0,0.0
49.0_-0.5,49.0,-0.5,95,4,30.327392728185607,55,0,106.7691110063158,0.2631578947368421,2017.7304345920513,6,Dover Strait / English Channel,0.042105263157894736,0.3192357129282696,0.13189396252591434,-26.327392728185607,47.082602497992895,0.0,0.016493505976432808,0.10331030132737451,0.9999999999979136,1.0,False,91,0.9578947368421052,Normal,6,0,0.0
39.0_-0.5,39.0,-0.5,72,2,15.356574270083335,60,0,164.7289644097222,0.1111111111111111,2393.7070268101265,8,Open ocean / other,0.027777777777777776,0.21328575375115744,0.1302373800839337,-13.356574270083335,30.078868964991003,0.0,0.007650861466140468,0.09574358168906721,0.9999993528573083,1.0,False,70,0.9722222222222222,Normal,6,0,0.0
70.0_17.0,70.0,17.0,27,1,7.831045798396605,5,0,75.48315464814814,0.8518518518518519,1044.5264796127829,8,Open ocean / other,0.037037037037037035,0.29003873327394836,0.12769686523921855,-6.831045798396605,25.849033535281162,0.0,0.006567976533097597,0.1828385393415652,0.9999037644125925,1.0,False,26,0.9629629629629629,Normal,8,0,0.0
6.0_3.0,6.0,3.0,63,2,15.710715307055727,43,0,138.62104912698413,0.19047619047619047,3072.7043445357876,2,Gulf of Guinea,0.031746031746031744,0.249376433445329,0.12730165119227857,-13.710715307055727,20.503111570767736,0.0,0.00874934404029698,0.10856681834959193,0.9999996890852904,1.0,False,61,0.9682539682539683,Normal,2,0,0.0
53.0_4.0,53.0,4.0,56,2,16.059867051652695,23,1,100.9945118232143,0.375,1849.4672071643909,6,Open ocean / other,0.03571428571428571,0.2867833402080838,0.12453403216648566,-14.059867051652695,30.27899050227518,0.043478260869565216,0.009849218502577639,0.12119005852210082,0.9999998581614548,1.0,False,54,0.9642857142857143,Normal,6,0,0.0
49.0_-5.0,49.0,-5.0,37,1,8.089289532735327,25,1,149.47966148108108,0.13513513513513514,2017.7304345920513,4,Open ocean / other,0.02702702702702703,0.2186294468306845,0.12362025069732648,-7.089289532735327,18.33743465711302,0.04,0.004786851054907726,0.13824378437563367,0.9998914298365048,1.0,False,36,0.972972972972973,Normal,4,0,0.0
27.5_121.0,27.5,121.0,89,4,32.37821885142573,29,0,76.61204757640449,0.43820224719101125,2735.564629421435,2,Open ocean / other,0.0449438202247191,0.36380021181377226,0.12353984072919026,-28.37821885142573,32.53441685960945,0.0,0.01761420103381913,0.10993207132684676,0.9999999999999253,1.0,False,85,0.9550561797752809,Normal,2,0,0.0
23.0_117.0,23.0,117.0,35,1,8.162579483187615,24,1,116.61684372571429,0.22857142857142856,2840.054063932144,1,Open ocean / other,0.02857142857142857,0.2332165566625033,0.12251029249512242,-7.162579483187615,12.323709060503377,0.041666666666666664,0.005061361365853362,0.1453340909327131,0.9999080513324217,1.0,False,34,0.9714285714285714,Normal,1,0,0.0
31.5_121.0,31.5,121.0,66,2,16.430671184897975,37,0,115.04912733787879,0.24242424242424243,2628.5039143779154,2,Open ocean / other,0.030303030303030304,0.24894956340754507,0.12172357279222241,-14.430671184897975,25.10934057924739,0.0,0.008349735075946503,0.10392718870586834,0.9999998575841365,1.0,False,64,0.9696969696969697,Normal,1,0,0.0
6.0_3.5,6.0,3.5,25,1,8.33716549440452,13,0,124.92500907600001,0.24,3072.7043445357876,2,Gulf of Guinea,0.04,0.33348661977618077,0.11994484224538292,-7.33716549440452,8.136155385225292,0.0,0.007096050386699165,0.19544472405022525,0.9999606248875621,1.0,False,24,0.96,Normal,2,0,0.0
22.0_114.5,22.0,114.5,37,1,8.518439950461932,23,1,135.35556965675676,0.21621621621621623,2860.9166486724735,3,Open ocean / other,0.02702702702702703,0.2302281067692414,0.11739238708207043,-7.518439950461932,12.932917852454315,0.043478260869565216,0.004786851054907726,0.13824378437563367,0.9999375696405634,1.0,False,36,0.972972972972973,Normal,2,0,0.0
57.0_10.5,57.0,10.5,44,3,25.735120938864462,2,0,37.46084739772727,0.7727272727272727,1672.1935614112285,7,Open ocean / other,0.06818181818181818,0.5848891122469196,0.11657221301297573,-22.735120938864462,26.312743342263982,0.0,0.023458970172840127,0.1822532133661719,0.9999999999999692,1.0,False,41,0.9318181818181818,Normal,3,0,0.0
40.5_28.5,40.5,28.5,240,6,51.80639295255648,165,1,128.90154418625,0.125,2341.6914406962387,4,Turkish Straits (Bosphorus-Dardanelles),0.025,0.215859970635652,0.11581582229619249,-45.80639295255648,102.49001889362609,0.006060606060606061,0.011506807509485621,0.053459957800453296,1.0,1.0,False,234,0.975,Normal,4,0,0.0
29.5_122.0,29.5,122.0,93,3,25.94697553843697,45,0,118.94513287096774,0.3118279569892473,2683.6690905993105,1,Open ocean / other,0.03225806451612903,0.2789997369724405,0.11562041192646526,-22.94697553843697,34.65404893836276,0.0,0.011030412935116203,0.09059533467748004,0.9999999999584136,1.0,False,90,0.967741935483871,Normal,1,0,0.0
62.0_5.0,62.0,5.0,27,1,8.999535678816974,5,0,72.31843149999999,0.5555555555555556,1439.2501757400094,7,Open ocean / other,0.037037037037037035,0.3333161362524805,0.11111684376715023,-7.999535678816974,18.759768423246918,0.0,0.006567976533097597,0.1828385393415652,0.9999823867913537,1.0,False,26,0.9629629629629629,Normal,4,0,0.0
10.0_-15.0,10.0,-15.0,91,3,27.219006205204984,39,0,136.68889062637362,0.03296703296703297,3041.745231729066,2,Open ocean / other,0.03296703296703297,0.29910995829895587,0.11021710261509554,-24.219006205204984,29.917035473832726,0.0,0.01127420246334579,0.09249460784774133,0.9999999999929311,1.0,False,88,0.967032967032967,Normal,2,0,0.0
28.0_121.5,28.0,121.5,58,2,18.41134406576289,24,2,85.47522776034484,0.39655172413793105,2722.900799752918,3,Open ocean / other,0.034482758620689655,0.3174369666510843,0.10862867984305025,-16.41134406576289,21.30081272342461,0.08333333333333333,0.009507728866485675,0.11729364755327057,0.9999999932852114,1.0,False,56,0.9655172413793104,Normal,2,0,0.0
43.0_14.0,43.0,14.0,27,2,18.51048459061755,1,0,26.308629844444447,0.9629629629629629,2251.4505038957236,5,Open ocean / other,0.07407407407407407,0.6855735033562056,0.1080468742030527,-16.51048459061755,11.992268963177931,0.0,0.020554221697383523,0.2336997729073062,0.9999999999983773,1.0,False,25,0.9259259259259259,Normal,4,1,0.25
59.0_5.0,59.0,5.0,35,1,9.481956602364988,11,0,87.82110775142857,0.2857142857142857,1580.446124139772,8,Open ocean / other,0.02857142857142857,0.2709130457818568,0.10546346518297502,-8.481956602364988,22.145645754960675,0.0,0.005061361365853362,0.1453340909327131,0.9999842501487366,1.0,False,34,0.9714285714285714,Normal,4,0,0.0
69.5_17.5,69.5,17.5,57,3,29.48231308086094,3,0,40.299216496491226,0.7894736842105263,1069.8743563185176,11,Open ocean / other,0.05263157894736842,0.5172335628221217,0.10175592368793861,-26.48231308086094,53.27728406926154,0.0,0.01805996809628102,0.14369777660471303,0.9999999999999982,1.0,False,54,0.9473684210526315,Normal,8,0,0.0
57.5_9.0,57.5,9.0,51,2,19.862046521007382,20,1,89.64647803529412,0.47058823529411764,1649.4433749031086,5,Open ocean / other,0.0392156862745098,0.3894518925687722,0.1006945582311808,-17.862046521007382,30.919521564658645,0.05,0.010820856268751206,0.13216548986265267,0.999999999604481,1.0,False,49,0.9607843137254902,Normal,3,0,0.0
3.0_5.5,3.0,5.5,28,1,9.99762440090346,7,0,79.92339735357143,0.03571428571428571,3086.105189124408,5,Gulf of Guinea,0.03571428571428571,0.35705801431798073,0.10002376163577745,-8.99762440090346,9.072924700905668,0.0,0.00633235649754188,0.17712576118498663,0.9999957458770155,1.0,False,27,0.9642857142857143,Normal,3,0,0.0
10.0_107.0,10.0,107.0,80,2,20.643186522593446,35,0,103.60480104625,0.1625,3041.745231729066,1,South China Sea,0.025,0.25803983153241805,0.09688426725258964,-18.643186522593446,26.30069052644635,0.0,0.006882748898125228,0.08664600055322111,0.9999999987692242,1.0,False,78,0.975,Normal,1,0,0.0
54.0_6.5,54.0,6.5,28,1,10.322373888111875,9,0,101.82420981428572,0.42857142857142855,1805.9605043192446,5,Open ocean / other,0.03571428571428571,0.3686562102897098,0.09687694040531561,-9.322373888111875,15.504215032960856,0.0,0.00633235649754188,0.17712576118498663,0.9999974446784393,1.0,False,27,0.9642857142857143,Normal,5,0,0.0
38.0_141.0,38.0,141.0,39,1,10.678973456303257,11,0,78.5295617,0.5128205128205128,2427.474834746324,1,Open ocean / other,0.02564102564102564,0.273819832212904,0.0936419595096709,-9.678973456303257,16.066077984316397,0.0,0.00454058606523737,0.13181286478627147,0.9999961917015439,1.0,False,38,0.9743589743589743,Normal,1,0,0.0
35.0_129.5,35.0,129.5,116,4,42.94356672023914,57,0,107.88227517672414,0.49137931034482757,2524.3016497044573,1,Open ocean / other,0.034482758620689655,0.3702031613813719,0.09314550014111463,-38.94356672023914,45.95330356559453,0.0,0.013489609312281076,0.08532082045501174,1.0,1.0,False,112,0.9655172413793104,Normal,1,0,0.0
57.5_11.5,57.5,11.5,36,1,10.86298477539828,25,0,149.75473794166666,0.2777777777777778,1649.4433749031086,6,Open ocean / other,0.027777777777777776,0.30174957709439665,0.0920557306003714,-9.86298477539828,21.82554463387669,0.0,0.004920280295569679,0.141700337350308,0.9999975767207322,1.0,False,35,0.9722222222222222,Normal,3,0,0.0
36.5_-9.5,36.5,-9.5,31,1,10.878149641226328,11,0,92.37132195806451,0.41935483870967744,2476.736958123057,4,Open ocean / other,0.03225806451612903,0.35090805294278477,0.09192739877471173,-9.878149641226328,12.516468451899188,0.0,0.00571707408694444,0.16194457176169622,0.999998481227048,1.0,False,30,0.967741935483871,Normal,3,0,0.0
22.0_114.0,22.0,114.0,132,3,33.0303698805322,73,1,123.60973322651515,0.23484848484848486,2860.9166486724735,3,Open ocean / other,0.022727272727272728,0.25023007485251664,0.0908255042511096,-30.0303698805322,46.139058284431606,0.0136986301369863,0.00775884364242789,0.06469024411861142,0.9999999999999688,1.0,False,129,0.9772727272727273,Normal,2,0,0.0
43.5_14.0,43.5,14.0,38,2,22.154775400491854,7,0,52.81314437631579,0.7631578947368421,2232.882382226405,3,Open ocean / other,0.05263157894736842,0.5830204052761014,0.09027399122067373,-20.154775400491854,17.01836169360172,0.0,0.014553902448536798,0.17285766881068843,0.9999999999998015,1.0,False,36,0.9473684210526315,Normal,3,0,0.0
43.5_-9.0,43.5,-9.0,25,1,12.064585792084047,4,0,50.799876708,0.76,2232.882382226405,2,Open ocean / other,0.04,0.4825834316833619,0.08288722192651912,-11.064585792084047,11.196290587895868,0.0,0.007096050386699165,0.19544472405022525,0.9999999298531326,1.0,False,24,0.96,Normal,2,0,0.0
30.5_122.0,30.5,122.0,91,2,24.134800732251158,48,0,100.08165522527472,0.16483516483516483,2656.4910989500095,1,Open ocean / other,0.02197802197802198,0.26521759046429844,0.08286788949234682,-22.134800732251158,34.25571425252212,0.0,0.006047879307120856,0.07663313830540361,0.999999999977615,1.0,False,89,0.978021978021978,Normal,1,0,0.0
57.5_11.0,57.5,11.0,54,1,12.684054249135745,37,0,136.58718375,0.16666666666666666,1649.4433749031086,4,Open ocean / other,0.018518518518518517,0.2348898935025138,0.07883914562003211,-11.684054249135745,32.73831695081503,0.0,0.0032764033153519848,0.09771665358487208,0.9999994738704566,1.0,False,53,0.9814814814814815,Normal,3,0,0.0
27.0_121.0,27.0,121.0,39,1,13.035010782814496,19,0,106.37123407948718,0.46153846153846156,2748.0201352522117,2,Open ocean / other,0.02564102564102564,0.3342310457131922,0.07671646895132693,-12.035010782814496,14.192035749556327,0.0,0.00454058606523737,0.13181286478627147,0.9999998712882953,1.0,False,38,0.9743589743589743,Normal,2,0,0.0
29.5_122.5,29.5,122.5,98,2,26.32121602432215,69,0,140.7268563244898,0.2653061224489796,2683.6690905993105,1,Open ocean / other,0.02040816326530612,0.2685838369828791,0.07598433135277252,-24.32121602432215,36.517169849027425,0.0,0.005614496475772293,0.07138350826885075,0.9999999999981962,1.0,False,96,0.9795918367346939,Normal,1,0,0.0
27.0_121.5,27.0,121.5,69,2,27.17474786464243,17,0,70.57608823623188,0.7536231884057971,2748.0201352522117,2,Open ocean / other,0.028985507246376812,0.393836925574528,0.07359773897303523,-25.17474786464243,25.108986326138115,0.0,0.007985035233144928,0.09966773461265746,0.9999999999999543,1.0,False,67,0.9710144927536232,Normal,2,0,0.0
5.0_4.5,5.0,4.5,54,2,28.11317601295506,7,0,52.23733494629629,0.7777777777777778,3078.1093682685055,4,Gulf of Guinea,0.037037037037037035,0.5206143706102788,0.07114101939526021,-26.11317601295506,17.54323629844771,0.0,0.010216153585413057,0.12535409343403314,0.9999999999999997,1.0,False,52,0.9629629629629629,Normal,3,0,0.0
44.5_13.0,44.5,13.0,26,1,14.732933746463203,5,0,51.209771588461535,0.6923076923076923,2195.2374379563416,6,Open ocean / other,0.038461538461538464,0.5666512979408924,0.06787514402825985,-13.732933746463203,11.843821333606957,0.0,0.0068218089769898765,0.18893176991958405,0.9999999996387773,1.0,False,25,0.9615384615384616,Normal,4,0,0.0
69.5_17.0,69.5,17.0,27,1,14.888149304046369,2,0,39.32659214074074,0.8888888888888888,1069.8743563185176,8,Open ocean / other,0.037037037037037035,0.5514129371869025,0.06716751555737122,-13.888149304046369,25.236608243334413,0.0,0.006567976533097597,0.1828385393415652,0.9999999996020192,1.0,False,26,0.9629629629629629,Normal,7,1,0.14285714285714285
13.5_-91.0,13.5,-91.0,112,1,15.985773830983184,110,0,184.47914554107143,0.008928571428571428,3002.4927996365627,4,Open ocean / other,0.008928571428571428,0.1427301234909213,0.06255562042682149,-14.985773830983184,37.3023375821441,0.0,0.0015778140883850773,0.04884966619503642,0.9999999677026344,1.0,False,111,0.9910714285714286,Normal,3,0,0.0
36.5_36.0,36.5,36.0,191,3,48.16895575485751,132,1,124.78067671832461,0.16230366492146597,2476.736958123057,5,Eastern Mediterranean,0.015706806282722512,0.2521934856275262,0.06228077717249394,-45.16895575485751,77.1175959455724,0.007575757575757576,0.0053557651415026,0.045155008738408046,1.0,1.0,False,188,0.9842931937172775,Normal,5,0,0.0
33.0_-9.0,33.0,-9.0,98,1,16.197818470262792,85,0,170.66070148469387,0.05102040816326531,2585.0246163551255,3,Open ocean / other,0.01020408163265306,0.16528386194145706,0.06173670867073102,-15.197818470262792,37.91066413061072,0.0,0.0018035013277367812,0.055556163092303754,0.9999999795448162,1.0,False,97,0.9897959183673469,Normal,2,0,0.0
40.0_121.5,40.0,121.5,78,1,16.979174868315372,58,0,130.38751215000002,0.08974358974358974,2359.210072525169,1,Open ocean / other,0.01282051282051282,0.2176817290809663,0.058895677072393404,-15.979174868315372,33.061913777145364,0.0,0.0022666733888537863,0.06911023028849367,0.9999999951704028,1.0,False,77,0.9871794871794872,Normal,1,0,0.0
28.5_122.5,28.5,122.5,41,1,18.332513981885715,5,0,51.84619925609756,0.8780487804878049,2710.0296106464198,2,Open ocean / other,0.024390243902439025,0.4471344873630662,0.054547892394250785,-17.332513981885715,15.128985985588669,0.0,0.00431842027071648,0.12595347011678087,0.9999999999719844,1.0,False,40,0.975609756097561,Normal,1,0,0.0
28.0_122.0,28.0,122.0,45,1,18.40572465000284,14,0,71.61261217777778,0.6888888888888889,2722.900799752918,1,Open ocean / other,0.022222222222222223,0.4090161033333964,0.054330922526315516,-17.40572465000284,16.526492630243233,0.0,0.003933497522757505,0.11566946388718813,0.9999999999474098,1.0,False,44,0.9777777777777777,Normal,1,0,0.0
27.5_123.0,27.5,123.0,36,1,18.6704293225351,6,0,61.13890145,0.8055555555555556,2735.564629421435,1,Open ocean / other,0.027777777777777776,0.5186230367370861,0.05356063230924239,-17.6704293225351,13.159988842089215,0.0,0.004920280295569679,0.141700337350308,0.9999999999962892,1.0,False,35,0.9722222222222222,Normal,1,0,0.0
27.5_121.5,27.5,121.5,58,1,20.700214164547145,25,0,98.06097164655174,0.5172413793103449,2735.564629421435,2,Open ocean / other,0.017241379310344827,0.3569002442163301,0.04830867893689142,-19.700214164547145,21.20220424558818,0.0,0.003049959884541764,0.09141072677298324,0.9999999999924117,1.0,False,57,0.9827586206896551,Normal,2,0,0.0
57.0_11.0,57.0,11.0,39,1,22.057941811863632,7,0,52.65227844615385,0.7948717948717948,1672.1935614112285,5,Open ocean / other,0.02564102564102564,0.5655882515862469,0.045335145433295164,-21.057941811863632,23.322658871552168,0.0,0.00454058606523737,0.13181286478627147,0.9999999999999925,1.0,False,38,0.9743589743589743,Normal,3,0,0.0
35.0_129.0,35.0,129.0,95,1,24.336616977229912,45,0,105.90166142210528,0.2736842105263158,2524.3016497044573,1,Open ocean / other,0.010526315789473684,0.25617491554978855,0.041090345504292185,-23.336616977229912,37.634171023547246,0.0,0.0018605283639709959,0.05724009323665061,0.9999999999993838,1.0,False,94,0.9894736842105263,Normal,1,0,0.0
31.0_121.5,31.0,121.5,110,1,25.09405878835514,67,0,122.39146299000001,0.13636363636363635,2642.5981287033196,1,Open ocean / other,0.00909090909090909,0.22812780716686493,0.039850070027892356,-24.09405878835514,41.62570116326209,0.0,0.0016065339495988408,0.049706869937908016,0.9999999999995735,1.0,False,109,0.990909090909091,Normal,1,0,0.0
29.0_122.0,29.0,122.0,69,1,26.20313161199244,14,0,59.91604355072464,0.6231884057971014,2696.9520422927276,1,Open ocean / other,0.014492753623188406,0.3797555306085861,0.038163377370601305,-25.20313161199244,25.58443714161927,0.0,0.002562858644330375,0.07763307335057362,0.9999999999999951,1.0,False,68,0.9855072463768116,Normal,1,0,0.0
21.5_113.5,21.5,113.5,80,1,29.01603121169789,31,1,93.44002883499999,0.4875,2871.0215292823814,1,South China Sea,0.0125,0.36270039014622363,0.03446370706951981,-28.01603121169789,27.86464649744239,0.03225806451612903,0.002209918618306224,0.06746432423965451,0.9999999999999998,1.0,False,79,0.9875,Normal,1,0,0.0
28.0_123.0,28.0,123.0,65,1,29.277769379399224,2,0,42.844509624615384,0.9692307692307692,2722.900799752918,1,Open ocean / other,0.015384615384615385,0.4504272212215265,0.03415560752055216,-28.277769379399224,23.87160046590689,0.0,0.002720874527486622,0.08213479413797146,1.0,1.0,False,64,0.9846153846153847,Normal,1,0,0.0
29.0_122.5,29.0,122.5,83,1,33.231161464187544,23,0,81.22217071445783,0.6746987951807228,2696.9520422927276,1,Open ocean / other,0.012048192771084338,0.40037543932756076,0.030092237404271197,-32.231161464187544,30.77548235875941,0.0,0.0021299225877048286,0.0651373778765888,1.0,1.0,False,82,0.9879518072289156,Normal,1,0,0.0
28.5_122.0,28.5,122.0,61,0,22.98339613518862,19,0,70.62172098688525,0.6557377049180327,2710.0296106464198,2,Open ocean / other,0.0,0.37677698582276425,0.0,-22.98339613518862,22.508979149290457,0.0,0.0,0.05924591620194442,1.0,1.0,False,61,1.0,Normal,1,0,0.0
33.5_131.5,33.5,131.5,52,0,14.104274953863959,17,0,95.98786504230769,0.3269230769230769,2570.136311026832,3,Open ocean / other,0.0,0.2712360568050761,0.0,-14.104274953863959,20.232389923017244,0.0,0.0,0.06879459041288215,1.0,1.0,False,52,1.0,Normal,2,0,0.0
21.5_114.0,21.5,114.0,31,0,6.750848833523737,25,0,158.59077602580643,0.1935483870967742,2871.0215292823814,2,South China Sea,0.0,0.21776931721044313,0.0,-6.750848833523737,10.797550517758925,0.0,-1.3877787807814457e-17,0.11025900073475385,1.0,1.0,False,31,1.0,Normal,2,0,0.0
54.0_12.0,54.0,12.0,28,0,8.574250568617279,15,0,103.01011722857142,0.35714285714285715,1805.9605043192446,5,Open ocean / other,0.0,0.3062232345934742,0.0,-8.574250568617279,15.504215032960856,0.0,0.0,0.12064720365810762,1.0,1.0,False,28,1.0,Normal,4,0,0.0
54.5_12.0,54.5,12.0,29,0,6.904193035143974,18,0,135.40076964827585,0.13793103448275862,1784.0000256189903,4,Open ocean / other,0.0,0.23807562190151635,0.0,-6.904193035143974,16.25560514772859,0.0,0.0,0.11697359446555587,1.0,1.0,False,29,1.0,Normal,4,0,0.0
22.0_115.0,22.0,115.0,33,0,9.776291333907853,18,0,113.9108791909091,0.24242424242424243,2860.9166486724735,1,Open ocean / other,0.0,0.2962512525426622,0.0,-9.776291333907853,11.534764571107901,0.0,0.0,0.10427343003561192,1.0,1.0,False,33,1.0,Normal,1,0,0.0
36.5_23.5,36.5,23.5,34,0,6.118591516286609,24,0,139.2357759735294,0.029411764705882353,2476.736958123057,5,Open ocean / other,0.0,0.17995857400842968,0.0,-6.118591516286609,13.727739592405559,0.0,0.0,0.10151790621961015,1.0,1.0,False,34,1.0,Normal,4,0,0.0
22.5_115.5,22.5,115.5,36,0,11.427517875802426,15,0,87.40040216666665,0.4722222222222222,2850.5938981832446,2,Open ocean / other,0.0,0.31743105210562295,0.0,-11.427517875802426,12.628947260058231,0.0,0.0,0.09642183044857634,1.0,1.0,False,36,1.0,Normal,1,0,0.0
38.5_121.5,38.5,121.5,41,0,15.296491706123014,19,0,97.84478924146342,0.3902439024390244,2410.682722189525,1,Open ocean / other,0.0,0.373085163563976,0.0,-15.296491706123014,17.007630088608828,0.0,0.0,0.08567044886890744,1.0,1.0,False,41,1.0,Normal,1,0,0.0
39.0_119.0,39.0,119.0,34,0,7.1460639530648224,25,0,129.41943869411764,0.058823529411764705,2393.7070268101265,1,Open ocean / other,0.0,0.21017835156073006,0.0,-7.1460639530648224,14.203910344579084,0.0,0.0,0.10151790621961015,1.0,1.0,False,34,1.0,Normal,1,0,0.0
27.5_122.0,27.5,122.0,52,0,21.70117517908666,5,0,54.792443299999995,0.9038461538461539,2735.564629421435,1,Open ocean / other,0.0,0.41733029190551274,0.0,-21.70117517908666,19.008872771906642,0.0,0.0,0.06879459041288215,1.0,1.0,False,52,1.0,Normal,1,0,0.0
49.5_-4.5,49.5,-4.5,30,0,9.675487419377404,18,0,117.94877651,0.3,1997.2187521163028,6,Open ocean / other,0.0,0.32251624731258016,0.0,-9.675487419377404,15.020888407046675,0.0,-1.3877787807814457e-17,0.113517091390478,1.0,1.0,False,30,1.0,Normal,4,0,0.0
39.0_9.0,39.0,9.0,31,0,5.291068456379021,28,0,163.9451886419355,0.06451612903225806,2393.7070268101265,3,Open ocean / other,0.0,0.1706796276251297,0.0,-5.291068456379021,12.95062413770446,0.0,-1.3877787807814457e-17,0.11025900073475385,1.0,1.0,False,31,1.0,Normal,2,0,0.0
22.0_115.5,22.0,115.5,25,0,8.297386936918896,12,0,115.54370956000001,0.52,2860.9166486724735,1,Open ocean / other,0.0,0.33189547747675585,0.0,-8.297386936918896,8.738458008415076,0.0,0.0,0.13319649395317873,1.0,1.0,False,25,1.0,Normal,1,0,0.0
26.5_120.0,26.5,120.0,30,0,10.165172143176413,9,0,76.32365464333334,0.4666666666666667,2760.2663687102918,1,Open ocean / other,0.0,0.33883907143921377,0.0,-10.165172143176413,10.868516292511732,0.0,-1.3877787807814457e-17,0.113517091390478,1.0,1.0,False,30,1.0,Normal,1,0,0.0
36.0_-4.5,36.0,-4.5,47,0,7.593427694631667,39,0,167.48937853617022,0.0425531914893617,2492.782092805216,3,Open ocean / other,0.0,0.16156229137514186,0.0,-7.593427694631667,18.85443582720431,0.0,6.938893903907228e-18,0.0755601711983887,1.0,1.0,False,47,1.0,Normal,3,0,0.0
36.5_-1.5,36.5,-1.5,32,0,5.277886628985921,28,0,166.7343175375,0.03125,2476.736958123057,6,Open ocean / other,0.0,0.16493395715581002,0.0,-5.277886628985921,12.920225498734645,0.0,0.0,0.1071827150573635,1.0,1.0,False,32,1.0,Normal,5,0,0.0
35.5_-5.0,35.5,-5.0,35,0,5.480047111025221,32,0,188.20581151714288,0.05714285714285714,2508.637392479843,3,Strait of Gibraltar,0.0,0.1565727746007206,0.0,-5.480047111025221,13.951797140917895,0.0,0.0,0.09890426758938868,1.0,1.0,False,35,1.0,Normal,3,0,0.0
31.0_122.5,31.0,122.5,155,0,37.83989779912827,112,0,136.72915509806452,0.2,2642.5981287033196,1,Open ocean / other,0.0,0.24412837289760175,0.0,-37.83989779912827,58.65439709368749,0.0,0.0,0.024185100124904303,1.0,1.0,False,155,1.0,Normal,1,0,0.0
3.5_7.0,3.5,7.0,31,0,13.74992076098859,4,0,62.57555377096774,0.1935483870967742,3084.458426322437,3,Gulf of Guinea,0.0,0.44354583099963196,0.0,-13.74992076098859,10.05038671795649,0.0,-1.3877787807814457e-17,0.11025900073475385,1.0,1.0,False,31,1.0,Normal,3,0,0.0
24.5_118.5,24.5,118.5,31,0,8.38215388323472,18,0,108.5922527419355,0.1935483870967742,2807.140167390364,1,Taiwan Strait,0.0,0.2703920607495071,0.0,-8.38215388323472,11.043267578910713,0.0,-1.3877787807814457e-17,0.11025900073475385,1.0,1.0,False,31,1.0,Normal,1,0,0.0
42.0_-10.0,42.0,-10.0,28,0,7.374573268530196,13,0,108.689563025,0.32142857142857145,2288.070976239017,5,Open ocean / other,0.0,0.2633776167332213,0.0,-7.374573268530196,12.2373826208943,0.0,0.0,0.12064720365810762,1.0,1.0,False,28,1.0,Normal,5,0,0.0
41.5_-10.0,41.5,-10.0,27,0,6.150189204720023,15,0,131.0215219851852,0.18518518518518517,2306.1205381222103,5,Open ocean / other,0.0,0.22778478536000085,0.0,-6.150189204720023,11.707974303019352,0.0,6.938893903907228e-18,0.12455903714463581,1.0,1.0,False,27,1.0,Normal,5,0,0.0
28.0_121.0,28.0,121.0,26,0,8.727520574564105,9,0,75.97948720384615,0.46153846153846156,2722.900799752918,3,Open ocean / other,0.0,0.3356738682524656,0.0,-8.727520574564105,9.548640186362755,0.0,0.0,0.12873304380462175,1.0,1.0,False,26,1.0,Normal,2,0,0.0
53.5_4.5,53.5,4.5,28,0,5.975855581950719,18,0,156.77056231785716,0.14285714285714285,1827.7834521350646,4,Open ocean / other,0.0,0.2134234136410971,0.0,-5.975855581950719,15.319101377842506,0.0,0.0,0.12064720365810762,1.0,1.0,False,28,1.0,Normal,4,0,0.0
57.5_8.5,57.5,8.5,26,0,9.335814036425129,9,0,88.47889598461538,0.5384615384615384,1649.4433749031086,5,Open ocean / other,0.0,0.35906977063173573,0.0,-9.335814036425129,15.762893346688719,0.0,0.0,0.12873304380462175,1.0,1.0,False,26,1.0,Normal,3,0,0.0
57.0_1.5,57.0,1.5,34,0,10.179947015699243,9,0,78.94885309411765,0.35294117647058826,1672.1935614112285,7,Open ocean / other,0.0,0.2994102063440954,0.0,-10.179947015699243,20.33257440084035,0.0,0.0,0.10151790621961015,1.0,1.0,False,34,1.0,Normal,5,0,0.0
70.5_17.0,70.5,17.0,39,0,11.57702150737338,7,0,76.08062288205129,0.8461538461538461,1019.0990581714586,12,Open ocean / other,0.0,0.2968467053172662,0.0,-11.57702150737338,38.26909630352973,0.0,0.0,0.08966985360023902,1.0,1.0,False,39,1.0,Normal,9,0,0.0
71.5_16.0,71.5,16.0,26,0,8.101032885893662,3,0,65.24261620384615,1.0,968.0133325791041,9,Open ocean / other,0.0,0.311578187918987,0.0,-8.101032885893662,26.85913419263296,0.0,0.0,0.12873304380462175,1.0,1.0,False,26,1.0,Normal,9,0,0.0
