cell_id,cell_lat,cell_lon,corridor,detections,dark_rate,sdr,area_type,target,oof_probability,risk_probability
26.0_55.5,26.0,55.5,Strait of Hormuz,38,0.8157894736842105,5.5947331310560235,Behavioural dark spot (selective switch-off),1,0.9539513173123173,0.9580077706512058
25.5_54.5,25.5,54.5,Strait of Hormuz,136,0.9411764705882353,4.889733194012742,Behavioural dark spot (selective switch-off),1,0.83414260482127,0.9660856813415832
25.5_55.0,25.5,55.0,Strait of Hormuz,196,0.9336734693877551,4.881342318142977,Behavioural dark spot (selective switch-off),1,0.9694720020188167,0.9363214188108104
26.5_56.0,26.5,56.0,Strait of Hormuz,115,0.8434782608695652,4.588257183820342,Behavioural dark spot (selective switch-off),1,0.6277407680516025,0.9156573936973196
44.0_37.5,44.0,37.5,Black Sea,144,0.7847222222222222,4.586642893721521,Behavioural dark spot (selective switch-off),1,0.26120402993681696,0.953456298363746
35.5_139.5,35.5,139.5,Open ocean / other,73,1.0,4.546022855831733,AIS dead zone (reception / feed gap),0,0.0037758735513824344,0.0023136212554889755
-7.0_110.0,-7.0,110.0,Open ocean / other,28,1.0,4.456858820541964,AIS dead zone (reception / feed gap),0,0.028916571168509538,0.013704113071027514
25.0_56.5,25.0,56.5,Strait of Hormuz,226,0.7699115044247787,4.3829092090155255,Behavioural dark spot (selective switch-off),1,0.9607966648989283,0.97792454419715
35.0_139.5,35.0,139.5,Open ocean / other,81,1.0,4.245014211423057,AIS dead zone (reception / feed gap),0,0.0017289782382148935,0.001695380379350807
19.0_105.5,19.0,105.5,South China Sea,30,1.0,4.147624206875534,AIS dead zone (reception / feed gap),0,0.022531514628763356,0.014117994543404445
27.5_52.0,27.5,52.0,Persian Gulf,39,0.9487179487179487,4.140425386267948,Behavioural dark spot (selective switch-off),1,0.01820078927577792,0.7802252728890523
25.0_54.5,25.0,54.5,Strait of Hormuz,107,0.9158878504672897,4.119880360390446,Behavioural dark spot (selective switch-off),1,0.05070947014430482,0.806054582797279
25.0_56.0,25.0,56.0,Strait of Hormuz,231,0.9004329004329005,4.088109254813853,Behavioural dark spot (selective switch-off),1,0.9344480113192525,0.8888047628231579
44.5_37.5,44.5,37.5,Black Sea,74,0.7567567567567568,4.062590012270101,Behavioural dark spot (selective switch-off),1,0.1723209293011722,0.8636307919579377
44.5_36.5,44.5,36.5,Black Sea,127,0.7795275590551181,3.453234749262663,Behavioural dark spot (selective switch-off),1,0.2152862690251846,0.9101728379136309
44.0_37.0,44.0,37.0,Black Sea,92,0.5978260869565217,3.368271785479142,Behavioural dark spot (selective switch-off),1,0.08970158409881276,0.9310961503685096
25.5_55.5,25.5,55.5,Strait of Hormuz,34,0.8823529411764706,3.312578427964507,Behavioural dark spot (selective switch-off),1,0.9648992164541228,0.9235407321583802
45.5_36.5,45.5,36.5,Black Sea,121,0.8099173553719008,3.2513891646691433,Behavioural dark spot (selective switch-off),1,0.30940393565093804,0.8255253445900115
27.0_56.0,27.0,56.0,Strait of Hormuz,230,0.717391304347826,3.2479636340067843,Behavioural dark spot (selective switch-off),1,0.8004092193172998,0.9005976004860289
25.5_56.5,25.5,56.5,Strait of Hormuz,130,0.5692307692307692,3.2009496001294564,Behavioural dark spot (selective switch-off),1,0.9198833982755242,0.9648827502747619
45.0_36.5,45.0,36.5,Black Sea,197,0.8730964467005076,3.1800876523114563,Behavioural dark spot (selective switch-off),1,0.3410426543813145,0.8282859517207981
25.0_51.5,25.0,51.5,Persian Gulf,66,0.6363636363636364,3.1548857677043056,Behavioural dark spot (selective switch-off),1,0.26248261890381586,0.8899745051816024
26.5_54.5,26.5,54.5,Strait of Hormuz,95,0.9368421052631579,3.1400139408990904,Behavioural dark spot (selective switch-off),1,0.22603784569176522,0.8433285756612878
25.0_55.0,25.0,55.0,Strait of Hormuz,222,0.9504504504504504,3.127570601476585,"Elevated dark, unclassified",0,0.9514994899657423,0.26316522989769986
35.5_14.5,35.5,14.5,Open ocean / other,77,0.6103896103896104,3.1140140724556056,Behavioural dark spot (selective switch-off),1,0.08584459752534919,0.6847494630548123
5.5_96.5,5.5,96.5,Open ocean / other,28,0.7857142857142857,3.096142026440749,Behavioural dark spot (selective switch-off),1,0.005820339299882254,0.7906760551563534
25.0_53.5,25.0,53.5,Persian Gulf,56,0.6964285714285714,3.0934597823591923,Behavioural dark spot (selective switch-off),1,0.07191230524236218,0.8620222815983581
25.5_52.0,25.5,52.0,Persian Gulf,44,0.6590909090909091,3.039507562340064,Behavioural dark spot (selective switch-off),1,0.5224766854138161,0.9241360615630906
18.0_106.0,18.0,106.0,South China Sea,45,0.7777777777777778,3.005151295157721,Behavioural dark spot (selective switch-off),1,0.0427008786035577,0.5133575732591127
25.0_54.0,25.0,54.0,Persian Gulf,99,0.8888888888888888,2.9987269400777583,Behavioural dark spot (selective switch-off),1,0.11842865208771794,0.8878805764971959
36.0_22.0,36.0,22.0,Open ocean / other,29,0.6206896551724138,2.9131264942115895,Behavioural dark spot (selective switch-off),1,0.007048242086899086,0.6504006309767612
36.0_22.5,36.0,22.5,Open ocean / other,30,0.6333333333333333,2.8864997317213104,Behavioural dark spot (selective switch-off),1,0.029337334285153532,0.6889301279971746
20.0_86.5,20.0,86.5,Bay of Bengal,52,1.0,2.8661087300300445,AIS dead zone (reception / feed gap),0,0.012462161349955566,0.036066220985157736
20.5_87.0,20.5,87.0,Bay of Bengal,25,1.0,2.853882469243225,AIS dead zone (reception / feed gap),0,0.005819170694204406,0.01204818173972587
46.5_38.0,46.5,38.0,Black Sea,81,0.5679012345679012,2.83508763530647,Behavioural dark spot (selective switch-off),1,0.158488252676429,0.8858993721542526
29.0_50.0,29.0,50.0,Persian Gulf,27,0.7407407407407407,2.8289338394341947,Behavioural dark spot (selective switch-off),1,0.06053681825633522,0.8787614998670793
-33.0_-72.0,-33.0,-72.0,Open ocean / other,26,0.7307692307692307,2.7805838596518635,Behavioural dark spot (selective switch-off),1,0.007787800505772063,0.7617461521296385
25.5_53.0,25.5,53.0,Persian Gulf,45,0.6,2.7354933521173854,Behavioural dark spot (selective switch-off),1,0.09556405392252669,0.9046228689530067
24.5_56.5,24.5,56.5,Gulf of Oman,193,0.5440414507772021,2.670513102657006,Behavioural dark spot (selective switch-off),1,0.9153478121892065,0.9456134128675068
22.0_91.0,22.0,91.0,Bay of Bengal,71,1.0,2.6564510452294474,AIS dead zone (reception / feed gap),0,0.014444863879824804,0.004848416961673749
6.0_95.5,6.0,95.5,Open ocean / other,32,0.53125,2.547391851762407,Behavioural dark spot (selective switch-off),1,0.010661130224435383,0.7404960850675699
-6.0_109.5,-6.0,109.5,Open ocean / other,32,0.71875,2.547038215752651,Behavioural dark spot (selective switch-off),1,0.2617104948889254,0.41683871102485387
11.5_-70.5,11.5,-70.5,Open ocean / other,42,0.40476190476190477,2.52087751000125,Behavioural dark spot (selective switch-off),1,0.00676873619052078,0.37213184142200567
25.5_51.5,25.5,51.5,Persian Gulf,255,0.592156862745098,2.46618393720811,Behavioural dark spot (selective switch-off),1,0.2458785663111882,0.9144874084258078
24.5_54.5,24.5,54.5,Persian Gulf,37,0.9459459459459459,2.4541790160047654,Behavioural dark spot (selective switch-off),1,0.0682148160898575,0.8588640565530129
38.5_125.0,38.5,125.0,Open ocean / other,38,1.0,2.4506747573517025,AIS dead zone (reception / feed gap),0,0.004161474621989198,0.00447732928470773
25.5_53.5,25.5,53.5,Persian Gulf,61,0.5901639344262295,2.449275249625982,Behavioural dark spot (selective switch-off),1,0.682763303573727,0.9327708445771525
36.0_23.0,36.0,23.0,Open ocean / other,32,0.46875,2.445126648321245,Behavioural dark spot (selective switch-off),1,0.041860878798173455,0.7226529837797481
36.0_15.0,36.0,15.0,Open ocean / other,33,0.5757575757575758,2.429532293862936,Behavioural dark spot (selective switch-off),1,0.2669603445691998,0.660959523097412
54.0_18.5,54.0,18.5,Open ocean / other,48,0.5625,2.4248928363364217,Behavioural dark spot (selective switch-off),1,0.02120159664151122,0.6042146830407843
24.5_54.0,24.5,54.0,Persian Gulf,197,0.8375634517766497,2.4054215482054357,Behavioural dark spot (selective switch-off),1,0.15867025612175145,0.8934028041065278
5.5_97.0,5.5,97.0,Open ocean / other,35,0.5428571428571428,2.378939448291987,Behavioural dark spot (selective switch-off),1,0.0076822886351610425,0.7264015727281296
-4.0_106.0,-4.0,106.0,Open ocean / other,38,0.868421052631579,2.37181624389621,Behavioural dark spot (selective switch-off),1,0.19063350282684105,0.6069823978307884
-1.5_104.5,-1.5,104.5,Open ocean / other,26,0.8846153846153846,2.2800361358319843,Behavioural dark spot (selective switch-off),1,0.022843494935696096,0.6460760332551847
-3.5_106.0,-3.5,106.0,Open ocean / other,37,0.7837837837837838,2.258956828334696,Behavioural dark spot (selective switch-off),1,0.10495379273986767,0.6349844248900964
24.5_57.0,24.5,57.0,Gulf of Oman,45,0.7111111111111111,2.2529209701113735,Behavioural dark spot (selective switch-off),1,0.5561143842896038,0.8468204876809434
-6.0_119.5,-6.0,119.5,Open ocean / other,53,0.6792452830188679,2.247349549412114,"Elevated dark, unclassified",0,0.12702687910765476,0.11939553992215399
-2.5_116.5,-2.5,116.5,Open ocean / other,33,0.8181818181818182,2.2254349821581716,Behavioural dark spot (selective switch-off),1,0.06830770053884928,0.37042728431505345
25.0_121.0,25.0,121.0,Taiwan Strait,30,0.7333333333333333,2.1470267991945815,Behavioural dark spot (selective switch-off),1,0.013045012175740764,0.2037708599688764
24.0_120.0,24.0,120.0,Taiwan Strait,50,0.6,2.1417676169697306,Behavioural dark spot (selective switch-off),1,0.07417814929316668,0.40651901504193433
24.0_58.0,24.0,58.0,Gulf of Oman,25,0.52,2.1192676225817904,Behavioural dark spot (selective switch-off),1,0.5105782739490686,0.8996200416491464
26.5_53.0,26.5,53.0,Persian Gulf,32,0.75,2.0935155757246346,Behavioural dark spot (selective switch-off),1,0.030418103174399438,0.7325932759292622
17.0_107.5,17.0,107.5,South China Sea,55,1.0,2.084956120487574,AIS dead zone (reception / feed gap),0,0.021898346325619527,0.11359814718829712
16.0_96.0,16.0,96.0,Open ocean / other,36,0.8055555555555556,2.0496187121315677,Behavioural dark spot (selective switch-off),1,0.07651204716290817,0.47529490380236983
34.5_10.5,34.5,10.5,Open ocean / other,74,0.8243243243243243,2.0451215913268213,Behavioural dark spot (selective switch-off),1,0.0032335785139953714,0.5762824966343164
5.5_80.5,5.5,80.5,Dondra Head / Sri Lanka corridor,49,0.3469387755102041,2.0356909477608913,"Elevated dark, unclassified",0,0.07398973538849456,0.15094295970870475
-5.0_122.0,-5.0,122.0,Open ocean / other,40,0.85,2.0304391641527713,Behavioural dark spot (selective switch-off),1,0.25336627500729686,0.6692153738437795
-6.0_120.0,-6.0,120.0,Open ocean / other,27,0.6296296296296297,2.027114938648397,"Elevated dark, unclassified",0,0.10786439973771945,0.057880569904489296
25.0_52.5,25.0,52.5,Persian Gulf,42,0.5476190476190477,2.0153378843219523,Behavioural dark spot (selective switch-off),1,0.0775973089327788,0.8416403387685031
9.5_102.0,9.5,102.0,Open ocean / other,30,0.9,2.0102400478134763,"Elevated dark, unclassified",0,0.18853566395534535,0.11440892999549661
20.5_87.5,20.5,87.5,Bay of Bengal,49,0.8367346938775511,2.0009716601241925,Behavioural dark spot (selective switch-off),1,0.023310861715493056,0.2821065177694065
17.0_108.0,17.0,108.0,South China Sea,34,0.9411764705882353,1.9813125439395902,Behavioural dark spot (selective switch-off),1,0.1477236124248147,0.6769141465383678
-4.5_116.0,-4.5,116.0,Open ocean / other,40,0.525,1.9195895484944703,"Elevated dark, unclassified",0,0.22334104835311339,0.19392011739380705
-1.0_117.0,-1.0,117.0,Open ocean / other,40,0.575,1.9164642804610184,Behavioural dark spot (selective switch-off),1,0.054341580853135445,0.4912841308887366
29.0_49.0,29.0,49.0,Persian Gulf,58,0.43103448275862066,1.9005417540395693,Behavioural dark spot (selective switch-off),1,0.7066079436118721,0.6435839983247481
53.5_1.5,53.5,1.5,Open ocean / other,78,0.9487179487179487,1.8971778033598536,"Elevated dark, unclassified",0,0.0021856774842208037,0.0019818965736478084
23.5_58.0,23.5,58.0,Gulf of Oman,41,0.7073170731707317,1.8801207447558248,Behavioural dark spot (selective switch-off),1,0.7687265346344127,0.8645942462113685
36.5_5.0,36.5,5.0,Open ocean / other,32,0.46875,1.874556198513932,Behavioural dark spot (selective switch-off),1,0.05338911579858378,0.6307779980915289
22.5_91.5,22.5,91.5,Open ocean / other,40,1.0,1.8693116188884986,"Blackout, cause unresolved",0,0.0015673006326585015,0.0032142065100308386
35.0_35.5,35.0,35.5,Eastern Mediterranean,40,0.35,1.865183879649762,"Elevated dark, unclassified",0,0.1470962611039563,0.05754841858002739
35.5_134.0,35.5,134.0,Open ocean / other,31,0.967741935483871,1.8589090094096832,"Elevated dark, unclassified",0,0.007650709116437139,0.003325185376702531
32.5_34.5,32.5,34.5,Eastern Mediterranean,32,0.4375,1.8572334029215254,"Elevated dark, unclassified",0,0.13077253104633293,0.04507794150068854
17.5_106.5,17.5,106.5,South China Sea,63,0.9047619047619048,1.8469250194008104,Behavioural dark spot (selective switch-off),1,0.049767514055845494,0.6476300696776076
-4.0_116.0,-4.0,116.0,Open ocean / other,32,0.6875,1.8443295050169939,Behavioural dark spot (selective switch-off),1,0.656853480109897,0.8698606429689089
28.0_-15.5,28.0,-15.5,Open ocean / other,56,0.375,1.8439026071641966,Behavioural dark spot (selective switch-off),1,0.023853974628015362,0.608941360754389
17.0_107.0,17.0,107.0,South China Sea,52,0.9230769230769231,1.8410030198879086,Behavioural dark spot (selective switch-off),1,0.09097327801334809,0.7738997151814279
26.0_50.5,26.0,50.5,Persian Gulf,49,0.7346938775510204,1.8380794699428733,Behavioural dark spot (selective switch-off),1,0.047934623081264484,0.8647062645209924
26.0_52.0,26.0,52.0,Persian Gulf,25,0.6,1.8366374167853912,Behavioural dark spot (selective switch-off),1,0.0366452787517547,0.7633301222181434
27.5_51.5,27.5,51.5,Persian Gulf,47,0.6382978723404256,1.8272707386200817,Behavioural dark spot (selective switch-off),1,0.18794528930506674,0.8208429933613678
29.5_49.0,29.5,49.0,Persian Gulf,34,0.5882352941176471,1.8124632737936155,Behavioural dark spot (selective switch-off),1,0.20898895468315373,0.6732969062035448
24.0_54.0,24.0,54.0,Persian Gulf,48,0.6666666666666666,1.7971809083599823,Behavioural dark spot (selective switch-off),1,0.9188217460262035,0.8745429043392104
24.0_52.5,24.0,52.5,Persian Gulf,39,0.6410256410256411,1.794798220630127,Behavioural dark spot (selective switch-off),1,0.0982701602984786,0.8706498763011498
-6.5_105.5,-6.5,105.5,Sunda Strait,26,0.38461538461538464,1.7947807723868776,Normal,0,0.03469010454027087,0.03328791190704694
17.5_108.0,17.5,108.0,South China Sea,70,0.9714285714285714,1.7895034720957534,"Blackout, cause unresolved",0,0.019802204123676347,0.038322207889460516
-4.0_122.0,-4.0,122.0,Open ocean / other,29,0.7586206896551724,1.7891647460406166,Behavioural dark spot (selective switch-off),1,0.052627198851491884,0.5156044574868334
41.0_37.0,41.0,37.0,Black Sea,31,0.9032258064516129,1.7835439353738345,Behavioural dark spot (selective switch-off),1,0.003408189412190364,0.5554893419131115
5.0_100.0,5.0,100.0,Strait of Malacca,37,0.7297297297297297,1.7562532517504945,Behavioural dark spot (selective switch-off),1,0.05206636986807112,0.4438415905046574
38.5_124.0,38.5,124.0,Open ocean / other,69,1.0,1.751714495918326,"Blackout, cause unresolved",0,0.0009614424793148551,0.0006845859472521396
10.0_104.0,10.0,104.0,Open ocean / other,66,0.9696969696969697,1.7247628740596594,"Elevated dark, unclassified",0,0.008490533574408609,0.0176899735093584
17.5_107.5,17.5,107.5,South China Sea,42,0.8571428571428571,1.7194678728210224,Behavioural dark spot (selective switch-off),1,0.06121929715424991,0.8031609111284316
-6.0_119.0,-6.0,119.0,Open ocean / other,34,0.5588235294117647,1.7168041257436997,"Elevated dark, unclassified",0,0.38140034293652286,0.2409945128656391
-6.0_108.0,-6.0,108.0,Open ocean / other,52,0.5769230769230769,1.6959783742148955,Behavioural dark spot (selective switch-off),1,0.09563732947041546,0.2226200983126109
18.0_107.5,18.0,107.5,South China Sea,41,0.8048780487804879,1.6923832677092394,Behavioural dark spot (selective switch-off),1,0.0846541956857703,0.7097986334656602
25.0_120.0,25.0,120.0,Taiwan Strait,45,0.4222222222222222,1.6887692443081144,Behavioural dark spot (selective switch-off),1,0.07372129254712614,0.6776413839449661
21.5_89.5,21.5,89.5,Bay of Bengal,39,0.9743589743589743,1.681517877008703,"Blackout, cause unresolved",0,0.02510014095777877,0.015716502828918198
-9.0_140.0,-9.0,140.0,Open ocean / other,28,0.8928571428571429,1.6726060667522675,Behavioural dark spot (selective switch-off),1,0.010602715709559691,0.49047067295208463
54.5_18.5,54.5,18.5,Open ocean / other,105,0.7142857142857143,1.6725248804198631,Behavioural dark spot (selective switch-off),1,0.007636239272052489,0.5389687680685467
21.0_89.5,21.0,89.5,Bay of Bengal,85,0.8117647058823529,1.665115308892476,"Elevated dark, unclassified",0,0.01672294819362353,0.010807561632710775
10.0_-71.5,10.0,-71.5,Open ocean / other,44,0.8863636363636364,1.6601254479521694,"Elevated dark, unclassified",0,0.0812254803436042,0.13017552996069348
44.5_30.0,44.5,30.0,Black Sea,26,0.2692307692307692,1.6482803630817413,Normal,0,0.10441850722148067,0.05926958184677
-3.5_122.0,-3.5,122.0,Open ocean / other,27,0.5185185185185185,1.646897828455813,Normal,0,0.16119718193425578,0.15988446454462676
-1.0_117.5,-1.0,117.5,Open ocean / other,55,0.5636363636363636,1.6445075800499112,"Elevated dark, unclassified",0,0.05543372398136705,0.06327552629061688
39.5_124.5,39.5,124.5,Open ocean / other,28,1.0,1.6390158781480622,"Blackout, cause unresolved",0,0.0009168304188277754,0.0006604662581232471
19.5_111.0,19.5,111.0,South China Sea,41,0.9024390243902439,1.6263648671759876,"Elevated dark, unclassified",0,0.006659874791566583,0.004046266593402162
20.5_111.5,20.5,111.5,South China Sea,30,0.7,1.623056941466232,"Elevated dark, unclassified",0,0.04046720400916613,0.03451517338165939
34.0_11.5,34.0,11.5,Open ocean / other,33,1.0,1.6124220379049068,"Blackout, cause unresolved",0,0.003156164317400532,0.009619889441681996
-5.0_106.0,-5.0,106.0,Open ocean / other,37,0.7027027027027027,1.6115879154395623,Behavioural dark spot (selective switch-off),1,0.09815486800109725,0.8598961848634705
2.0_104.5,2.0,104.5,Open ocean / other,72,0.2916666666666667,1.6097553162921132,Normal,0,0.012797918612362014,0.013276693797750708
17.5_107.0,17.5,107.0,South China Sea,61,1.0,1.6090720027924181,"Blackout, cause unresolved",0,0.017764788074608944,0.039488280046621596
26.5_56.5,26.5,56.5,Strait of Hormuz,75,0.92,1.6066246001308198,Behavioural dark spot (selective switch-off),1,0.030563071685094607,0.6015710431066518
27.0_-13.5,27.0,-13.5,Open ocean / other,36,0.7777777777777778,1.6023695610284818,Behavioural dark spot (selective switch-off),1,0.055930304234654483,0.3435641884046701
10.0_119.5,10.0,119.5,South China Sea,42,0.9761904761904762,1.594475619835947,"Blackout, cause unresolved",0,0.008783773161715953,0.007715089473576175
10.0_106.5,10.0,106.5,South China Sea,61,0.5737704918032787,1.594222892647503,Behavioural dark spot (selective switch-off),1,0.2015211006596632,0.3328885104371056
21.0_90.0,21.0,90.0,Bay of Bengal,37,0.918918918918919,1.590294517271157,"Elevated dark, unclassified",0,0.0023288812718106787,0.011167077013428034
39.0_124.5,39.0,124.5,Open ocean / other,39,1.0,1.5892408651360372,"Blackout, cause unresolved",0,0.0014637678318723533,0.0008655286483772573
-44.0_-65.5,-44.0,-65.5,Open ocean / other,26,1.0,1.5887956886399328,"Blackout, cause unresolved",0,0.0004042887347558525,0.0008072265680465597
54.5_1.5,54.5,1.5,Open ocean / other,48,0.625,1.5882255229825777,"Elevated dark, unclassified",0,0.00461711852996874,0.0031157303407488637
20.0_92.0,20.0,92.0,Bay of Bengal,73,0.9726027397260274,1.5852104334051753,"Blackout, cause unresolved",0,0.0014809427760554311,0.0015751452120362365
-4.5_107.5,-4.5,107.5,Open ocean / other,39,0.7435897435897436,1.5736351351022648,"Elevated dark, unclassified",0,0.4818094820683363,0.30383305378326664
9.5_-72.0,9.5,-72.0,Open ocean / other,32,1.0,1.5726412164975239,"Blackout, cause unresolved",0,0.021109698714596767,0.011976494080376914
6.0_121.0,6.0,121.0,Open ocean / other,65,0.9692307692307692,1.5700481438392844,"Elevated dark, unclassified",0,0.047847728988504694,0.021612020088613196
18.0_108.0,18.0,108.0,South China Sea,60,0.75,1.5665050256826354,Behavioural dark spot (selective switch-off),1,0.02045802135083949,0.5166901363374199
24.5_53.5,24.5,53.5,Persian Gulf,118,0.652542372881356,1.5524857332698785,Behavioural dark spot (selective switch-off),1,0.34307235819484594,0.8615532717045573
-6.0_107.0,-6.0,107.0,Open ocean / other,39,0.5384615384615384,1.5524165578719658,Behavioural dark spot (selective switch-off),1,0.5048695489384416,0.8117477187008213
20.5_92.0,20.5,92.0,Bay of Bengal,39,0.9487179487179487,1.5518616146024649,"Elevated dark, unclassified",0,0.0016222544900892694,0.0026288410652486258
9.5_104.5,9.5,104.5,Open ocean / other,113,1.0,1.545935564294717,"Blackout, cause unresolved",0,0.004478323511444236,0.006490565520523516
18.0_107.0,18.0,107.0,South China Sea,67,0.9701492537313433,1.5450778540451735,"Blackout, cause unresolved",0,0.05823968649363756,0.03688438537928658
39.0_125.0,39.0,125.0,Open ocean / other,36,1.0,1.541466982704937,"Blackout, cause unresolved",0,0.0007601269380691351,0.00083386414350744
10.0_104.5,10.0,104.5,Open ocean / other,37,1.0,1.539357676037898,"Blackout, cause unresolved",0,0.03947116886313511,0.08823986365583822
-3.0_120.5,-3.0,120.5,Open ocean / other,32,0.875,1.5379807513290578,Behavioural dark spot (selective switch-off),1,0.012063746078326316,0.5667916945480518
-6.0_107.5,-6.0,107.5,Open ocean / other,55,0.5272727272727272,1.5368198685717256,"Elevated dark, unclassified",0,0.19830747203811103,0.12372350454158194
-6.5_109.0,-6.5,109.0,Open ocean / other,31,0.8064516129032258,1.534996340163444,Behavioural dark spot (selective switch-off),1,0.3167146895320463,0.7681725992091424
9.0_106.0,9.0,106.0,South China Sea,41,0.8048780487804879,1.5346930692615068,Behavioural dark spot (selective switch-off),1,0.06849029884940053,0.722661742006376
-4.5_115.0,-4.5,115.0,Open ocean / other,30,0.5,1.531046953004769,Normal,0,0.13286012411127185,0.03553609214758822
13.5_74.0,13.5,74.0,India West Coast corridor,59,1.0,1.5221058334288058,"Blackout, cause unresolved",0,0.003024669156307997,0.006433693745921273
-4.5_106.0,-4.5,106.0,Open ocean / other,69,0.855072463768116,1.5209779941859696,Behavioural dark spot (selective switch-off),1,0.05673576294195725,0.5650568749760654
10.0_-72.0,10.0,-72.0,Open ocean / other,33,0.8787878787878788,1.5130120924751849,Behavioural dark spot (selective switch-off),1,0.09152070735952739,0.714770433171542
-6.0_109.0,-6.0,109.0,Open ocean / other,32,0.46875,1.502749098104054,Normal,0,0.4300007648642913,0.21725408443273056
24.0_53.0,24.0,53.0,Persian Gulf,29,0.5862068965517241,1.497520665004173,Normal,0,0.6705036492933572,0.2777179480454099
-3.0_116.5,-3.0,116.5,Open ocean / other,37,0.5405405405405406,1.4953876089975968,Normal,0,0.08868393670218273,0.21045020470791562
54.5_2.0,54.5,2.0,Open ocean / other,59,0.5932203389830508,1.4946234673941106,"Elevated dark, unclassified",0,0.005180044864477277,0.004052059856664744
19.0_110.5,19.0,110.5,South China Sea,60,0.9,1.491569353203026,"Non-carriage area (small craft, AIS not required)",0,0.010883782458971146,0.010261345530753294
8.5_104.5,8.5,104.5,Open ocean / other,41,0.9512195121951219,1.4908564821567543,"Non-carriage area (small craft, AIS not required)",0,0.008924271219558015,0.010180694719024804
14.0_74.0,14.0,74.0,India West Coast corridor,39,1.0,1.4906006356391794,"Non-carriage area (small craft, AIS not required)",0,0.002793890032483534,0.010062678093937513
10.5_120.0,10.5,120.0,Open ocean / other,60,0.9333333333333333,1.490458503259729,"Non-carriage area (small craft, AIS not required)",0,0.08235307389154556,0.03794110354277684
10.5_98.0,10.5,98.0,Open ocean / other,37,0.972972972972973,1.4894475314947704,"Non-carriage area (small craft, AIS not required)",0,0.2504042716344164,0.10652467035043961
41.5_35.5,41.5,35.5,Black Sea,36,0.8888888888888888,1.4872902936424204,"Non-carriage area (small craft, AIS not required)",0,0.0016645771750495196,0.004466064095482521
26.5_-14.5,26.5,-14.5,Open ocean / other,33,0.9090909090909091,1.4844202368870125,"Non-carriage area (small craft, AIS not required)",0,0.0025462826458336925,0.0066873237352510625
21.0_87.5,21.0,87.5,Bay of Bengal,103,0.5728155339805825,1.47932539835394,"Elevated dark, unclassified",0,0.018789344211669928,0.032382348159809074
20.5_91.5,20.5,91.5,Bay of Bengal,63,0.873015873015873,1.4758755952977878,"Non-carriage area (small craft, AIS not required)",0,0.030839927689064787,0.008843038888954732
18.0_106.5,18.0,106.5,South China Sea,56,0.8928571428571429,1.4747206594024116,"Non-carriage area (small craft, AIS not required)",0,0.011089901137854678,0.12429974028834978
10.5_75.5,10.5,75.5,India West Coast corridor,32,1.0,1.4745240464284806,"Non-carriage area (small craft, AIS not required)",0,0.00733436088390137,0.00768367466327241
-7.0_109.0,-7.0,109.0,Open ocean / other,26,0.8461538461538461,1.4693010794389376,"Elevated dark, unclassified",0,0.04383808480842738,0.050715142995399295
32.5_121.5,32.5,121.5,Open ocean / other,56,0.9464285714285714,1.4691747680301002,"Non-carriage area (small craft, AIS not required)",0,0.0014660813242882132,0.0016083034342961825
13.0_74.0,13.0,74.0,India West Coast corridor,41,1.0,1.4605220497976525,"Non-carriage area (small craft, AIS not required)",0,0.011629794242469552,0.013749894695603292
29.5_-114.0,29.5,-114.0,Open ocean / other,31,1.0,1.4598470169472275,"Non-carriage area (small craft, AIS not required)",0,0.004478465844080647,0.0022683923310314463
53.5_2.0,53.5,2.0,Open ocean / other,41,0.6341463414634146,1.4579637865289339,"Elevated dark, unclassified",0,0.006887130572788861,0.0039340036471364765
13.0_97.5,13.0,97.5,Open ocean / other,26,1.0,1.4573387289993307,"Non-carriage area (small craft, AIS not required)",0,0.001530592532824457,0.001792253936695755
32.5_121.0,32.5,121.0,Open ocean / other,120,0.9583333333333334,1.4558112791426558,"Non-carriage area (small craft, AIS not required)",0,0.0009032453896144364,0.0012791245699799241
16.5_107.5,16.5,107.5,South China Sea,32,0.75,1.45464112935938,"Elevated dark, unclassified",0,0.11300473651357557,0.21732095042954758
9.5_-71.5,9.5,-71.5,Open ocean / other,38,1.0,1.4507269165077221,"Non-carriage area (small craft, AIS not required)",0,0.038002607456902496,0.019615334360794063
26.5_54.0,26.5,54.0,Persian Gulf,26,0.7307692307692307,1.4500516487717818,Normal,0,0.025313257251151224,0.02190282035916377
11.0_102.5,11.0,102.5,Open ocean / other,41,1.0,1.4491780310652531,"Non-carriage area (small craft, AIS not required)",0,0.003781212923033427,0.004298660341078983
26.5_51.5,26.5,51.5,Persian Gulf,38,0.4473684210526316,1.4470210081200547,Normal,0,0.1000420302112888,0.2704084176466987
33.5_11.0,33.5,11.0,Open ocean / other,28,0.9642857142857143,1.4443444909493055,"Non-carriage area (small craft, AIS not required)",0,0.0008374605952625239,0.002386103912318512
9.0_100.5,9.0,100.5,Open ocean / other,31,1.0,1.4442882760906293,"Non-carriage area (small craft, AIS not required)",0,0.00467091439201772,0.005762806654961306
31.5_34.0,31.5,34.0,Eastern Mediterranean,69,0.4057971014492754,1.4434936856420248,Normal,0,0.01930646270964252,0.006256910748247744
0.0_9.0,0.0,9.0,Gulf of Guinea,56,0.44642857142857145,1.442966839752423,Normal,0,0.004620243761494049,0.007826155060670007
39.5_124.0,39.5,124.0,Open ocean / other,119,0.907563025210084,1.4410054632425076,"Non-carriage area (small craft, AIS not required)",0,0.001052747510954851,0.0007017313646689032
21.5_91.5,21.5,91.5,Bay of Bengal,231,0.6277056277056277,1.4398055421154958,"Elevated dark, unclassified",0,0.014402860642197052,0.007595448194219032
21.0_91.0,21.0,91.0,Bay of Bengal,168,0.9940476190476191,1.430195300397054,"Non-carriage area (small craft, AIS not required)",0,0.000990185124884257,0.001560189293627271
20.5_109.0,20.5,109.0,South China Sea,98,0.8673469387755102,1.4283289209088195,"Non-carriage area (small craft, AIS not required)",0,0.0038056760422984274,0.004068891826019246
42.0_130.0,42.0,130.0,Open ocean / other,25,1.0,1.425666174476536,"Non-carriage area (small craft, AIS not required)",0,0.0028025277019849484,0.000727180404468732
-3.5_120.0,-3.5,120.0,Open ocean / other,30,1.0,1.4251706688286327,"Non-carriage area (small craft, AIS not required)",0,0.0014543965687125293,0.006010422457591314
21.0_90.5,21.0,90.5,Bay of Bengal,109,1.0,1.424295949431171,"Non-carriage area (small craft, AIS not required)",0,0.0003739694094612205,0.0009647691477328575
11.5_119.5,11.5,119.5,South China Sea,49,1.0,1.4232263257229654,"Non-carriage area (small craft, AIS not required)",0,0.0027733602848076743,0.003988605255874493
27.5_-13.5,27.5,-13.5,Open ocean / other,25,1.0,1.421364741027539,"Non-carriage area (small craft, AIS not required)",0,0.006504422898872547,0.007418978369058325
11.5_102.0,11.5,102.0,Open ocean / other,25,1.0,1.421364741027539,"Non-carriage area (small craft, AIS not required)",0,0.0014381987595822503,0.0020142029564434254
13.5_74.5,13.5,74.5,India West Coast corridor,33,1.0,1.4165501326256063,"Non-carriage area (small craft, AIS not required)",0,0.006244526008451734,0.007848239332387364
9.0_98.0,9.0,98.0,Open ocean / other,40,1.0,1.4162891776146536,"Non-carriage area (small craft, AIS not required)",0,0.0074130954838814165,0.0075083032519487536
-1.5_117.0,-1.5,117.0,Open ocean / other,195,0.4153846153846154,1.4141586556282293,"Elevated dark, unclassified",0,0.008376591653539923,0.01234464224616103
3.0_103.5,3.0,103.5,Open ocean / other,36,0.9722222222222222,1.4133704325182723,"Non-carriage area (small craft, AIS not required)",0,0.047060307409945185,0.014710355592328203
10.5_103.0,10.5,103.0,Open ocean / other,29,0.6551724137931034,1.409124869915877,Normal,0,0.022512878933123374,0.03962374289900612
34.5_11.0,34.5,11.0,Open ocean / other,29,1.0,1.4089095606590198,"Non-carriage area (small craft, AIS not required)",0,0.0008374605952625239,0.002246867274045401
16.0_-17.0,16.0,-17.0,Open ocean / other,33,0.8484848484848485,1.4083449356443305,"Elevated dark, unclassified",0,0.0025010540135691826,0.0031557665359210397
11.0_97.5,11.0,97.5,Open ocean / other,44,1.0,1.4080332567661034,"Non-carriage area (small craft, AIS not required)",0,0.004326114002040664,0.00612412430717198
53.5_1.0,53.5,1.0,Open ocean / other,27,0.5555555555555556,1.4064800806607043,Normal,0,0.012461875539314073,0.005959200175835846
13.0_120.0,13.0,120.0,Open ocean / other,29,0.41379310344827586,1.4059409018286873,Normal,0,0.03402252399028885,0.023135685934616224
12.5_97.5,12.5,97.5,Open ocean / other,34,0.9705882352941176,1.4053900793347154,"Non-carriage area (small craft, AIS not required)",0,0.033317389348464746,0.03440913216315744
13.5_98.0,13.5,98.0,Open ocean / other,31,1.0,1.4039488478271225,"Non-carriage area (small craft, AIS not required)",0,0.005365293076929108,0.006642705090680021
14.0_97.5,14.0,97.5,Open ocean / other,130,0.9923076923076923,1.40265144825478,"Non-carriage area (small craft, AIS not required)",0,0.00381243551937974,0.005030603303953154
9.5_104.0,9.5,104.0,Open ocean / other,33,1.0,1.3996181826800953,"Non-carriage area (small craft, AIS not required)",0,0.0038979942624739663,0.005467822480832875
-6.0_108.5,-6.0,108.5,Open ocean / other,40,0.675,1.3994052608221426,"Elevated dark, unclassified",0,0.2868360293507081,0.4170231846805585
10.0_75.5,10.0,75.5,India West Coast corridor,62,0.9032258064516129,1.397956383582781,"Non-carriage area (small craft, AIS not required)",0,0.009929756809843964,0.0086808544133903
-38.0_-74.0,-38.0,-74.0,Open ocean / other,48,0.9166666666666666,1.3976809487517068,"Non-carriage area (small craft, AIS not required)",0,0.009952952739381567,0.0016976589966722912
15.0_42.5,15.0,42.5,Southern Red Sea,68,0.22058823529411764,1.3966853478284933,Normal,0,0.39096768599675313,0.06208449588791949
9.0_76.0,9.0,76.0,India West Coast corridor,54,0.9814814814814815,1.3938478887284835,"Non-carriage area (small craft, AIS not required)",0,0.005665213650851101,0.006238901064042309
11.5_97.5,11.5,97.5,Open ocean / other,89,0.9887640449438202,1.391366712689916,"Non-carriage area (small craft, AIS not required)",0,0.0023430384948303876,0.00219431883614023
14.0_97.0,14.0,97.0,Open ocean / other,40,0.975,1.3908756165849732,"Non-carriage area (small craft, AIS not required)",0,0.01768103297615097,0.01873870794165085
35.5_11.0,35.5,11.0,Open ocean / other,35,0.9428571428571428,1.3904669267415768,"Non-carriage area (small craft, AIS not required)",0,0.0039004851383440285,0.002984541871873539
11.5_100.5,11.5,100.5,Open ocean / other,31,0.8064516129032258,1.3879781342828086,"Elevated dark, unclassified",0,0.02763912599352073,0.039499255914980276
13.5_97.5,13.5,97.5,Open ocean / other,43,0.9767441860465116,1.3867878862647665,"Non-carriage area (small craft, AIS not required)",0,0.004848925854381212,0.006609208252432827
9.0_97.5,9.0,97.5,Open ocean / other,25,0.96,1.3867297782611325,"Non-carriage area (small craft, AIS not required)",0,0.001634222980416902,0.0016902157658928389
41.0_28.5,41.0,28.5,Turkish Straits (Bosphorus-Dardanelles),27,0.48148148148148145,1.3855778754685226,Normal,0,0.025111808763332428,0.0051293019624848325
11.0_75.0,11.0,75.0,India West Coast corridor,27,0.9629629629629629,1.3835446881431772,"Non-carriage area (small craft, AIS not required)",0,0.001567267200275916,0.0024277538081452143
11.5_74.5,11.5,74.5,India West Coast corridor,27,0.8888888888888888,1.3821307214501042,"Non-carriage area (small craft, AIS not required)",0,0.003941456791619911,0.007078187778516221
9.5_98.0,9.5,98.0,Open ocean / other,31,1.0,1.3821133340876435,"Non-carriage area (small craft, AIS not required)",0,0.005563779455203362,0.006020754501548832
42.0_130.5,42.0,130.5,Open ocean / other,45,1.0,1.3819979696230247,"Non-carriage area (small craft, AIS not required)",0,0.0027859098736958605,0.0005731643793621259
9.5_101.0,9.5,101.0,Open ocean / other,26,0.6923076923076923,1.3791003604674614,Normal,0,0.06598508570925184,0.040606915525642974
11.5_98.0,11.5,98.0,Open ocean / other,36,1.0,1.3790140783746623,"Non-carriage area (small craft, AIS not required)",0,0.025325118882007832,0.02259221434693764
21.0_89.0,21.0,89.0,Bay of Bengal,62,1.0,1.37757488097363,"Non-carriage area (small craft, AIS not required)",0,0.0024748425164848606,0.0024842538096512354
18.5_57.0,18.5,57.0,Open ocean / other,25,1.0,1.37722992048281,"Non-carriage area (small craft, AIS not required)",0,0.0023644090236596745,0.0022256175906616455
25.5_120.0,25.5,120.0,Taiwan Strait,44,0.3409090909090909,1.3765265739460495,Normal,0,0.08349071102427899,0.11458226826484272
12.5_98.0,12.5,98.0,Open ocean / other,66,0.9848484848484849,1.3764556133125836,"Non-carriage area (small craft, AIS not required)",0,0.012144627573666352,0.01511525982521032
-8.5_140.0,-8.5,140.0,Open ocean / other,26,1.0,1.3764520637460056,"Non-carriage area (small craft, AIS not required)",0,0.005081840738033321,0.005879802096369001
-14.5_-77.0,-14.5,-77.0,Open ocean / other,27,1.0,1.3749005301883117,"Non-carriage area (small craft, AIS not required)",0,0.010459642013628673,0.008295220156905392
-3.5_-80.5,-3.5,-80.5,Open ocean / other,27,0.6296296296296297,1.3737207340314435,Normal,0,0.06919132211571359,0.024862891076340644
-4.5_109.0,-4.5,109.0,Open ocean / other,63,0.9682539682539683,1.3734025944917911,"Non-carriage area (small craft, AIS not required)",0,0.01310184443993651,0.0064941960949967134
-5.0_107.5,-5.0,107.5,Open ocean / other,28,0.7857142857142857,1.372659031971471,Normal,0,0.0800085619310846,0.03082837689946536
26.5_52.0,26.5,52.0,Persian Gulf,41,0.4634146341463415,1.369510027746083,Normal,0,0.02619691068347412,0.1390250080262488
36.0_11.0,36.0,11.0,Open ocean / other,45,0.9333333333333333,1.3681200665106947,"Non-carriage area (small craft, AIS not required)",0,0.0037397508107292966,0.0037667532254514477
-14.0_-77.5,-14.0,-77.5,Open ocean / other,28,0.9642857142857143,1.3671617440053117,"Non-carriage area (small craft, AIS not required)",0,0.006867597100034736,0.010403494594548672
15.0_73.0,15.0,73.0,India West Coast corridor,34,0.9411764705882353,1.3641825942976098,"Non-carriage area (small craft, AIS not required)",0,0.010656809439757857,0.011410155484367334
0.0_117.5,0.0,117.5,Open ocean / other,54,0.35185185185185186,1.3635690533718217,Normal,0,0.02174747400579459,0.03655810979713092
38.5_23.0,38.5,23.0,Open ocean / other,28,0.8928571428571429,1.3627871139063166,"Non-carriage area (small craft, AIS not required)",0,0.0013717323994108205,0.002010979602040767
12.0_97.5,12.0,97.5,Open ocean / other,58,1.0,1.3622790059660561,"Non-carriage area (small craft, AIS not required)",0,0.0038586639993578855,0.00393036995949102
14.5_97.5,14.5,97.5,Open ocean / other,74,0.972972972972973,1.36201066480398,"Non-carriage area (small craft, AIS not required)",0,0.0038996634830998846,0.0058999249054199395
13.0_98.0,13.0,98.0,Open ocean / other,104,0.9807692307692307,1.361949516031348,"Non-carriage area (small craft, AIS not required)",0,0.0026155671302728984,0.0024492547997259644
27.0_-14.0,27.0,-14.0,Open ocean / other,54,0.8888888888888888,1.3607162212780421,"Non-carriage area (small craft, AIS not required)",0,0.0073637441055551985,0.031812377300799936
-2.0_117.0,-2.0,117.0,Open ocean / other,28,0.4642857142857143,1.359118876266523,Normal,0,0.0887516824440965,0.07024696223330365
9.0_104.5,9.0,104.5,Open ocean / other,46,1.0,1.3579799246482536,"Non-carriage area (small craft, AIS not required)",0,0.003471616413170252,0.004602257737044274
32.0_122.0,32.0,122.0,Open ocean / other,83,0.8072289156626506,1.3571415455948768,"Elevated dark, unclassified",0,0.0019708081552310976,0.002106133437767396
25.0_53.0,25.0,53.0,Persian Gulf,95,0.5157894736842106,1.3567606927436593,"Elevated dark, unclassified",0,0.18852773880459625,0.2029212306916904
55.0_18.5,55.0,18.5,Open ocean / other,27,0.5925925925925926,1.3552461358969623,Normal,0,0.021782678152934384,0.015544016842303054
39.5_123.5,39.5,123.5,Open ocean / other,228,0.8596491228070176,1.355196657402753,"Non-carriage area (small craft, AIS not required)",0,0.0025220772180594027,0.0026989101227623035
-13.5_-77.5,-13.5,-77.5,Open ocean / other,27,1.0,1.3546405495577518,"Non-carriage area (small craft, AIS not required)",0,0.015445677827434997,0.0057640077181206695
-3.0_-80.5,-3.0,-80.5,Open ocean / other,42,0.5714285714285714,1.3543384349883272,Normal,0,0.03530351150312663,0.03524261205184625
22.0_91.5,22.0,91.5,Bay of Bengal,234,0.32051282051282054,1.352974511428688,"Elevated dark, unclassified",0,0.021386469494874834,0.008807311271754105
9.0_100.0,9.0,100.0,Open ocean / other,35,1.0,1.3502765533210752,"Non-carriage area (small craft, AIS not required)",0,0.005970667222456649,0.0077888352155648525
0.0_128.0,0.0,128.0,Open ocean / other,34,0.4117647058823529,1.349918191088406,Normal,0,0.18045187683589353,0.12402021556571495
14.5_73.5,14.5,73.5,India West Coast corridor,56,0.9821428571428571,1.3492309094825279,"Non-carriage area (small craft, AIS not required)",0,0.0021095426690946185,0.004836521239478402
41.5_28.0,41.5,28.0,Black Sea,65,0.7076923076923077,1.345261998751907,"Elevated dark, unclassified",0,0.007006669791013806,0.005336440178900071
14.5_96.0,14.5,96.0,Open ocean / other,40,0.95,1.3449091207756871,"Non-carriage area (small craft, AIS not required)",0,0.010527946326782462,0.012737270678088582
35.0_-6.5,35.0,-6.5,Open ocean / other,30,0.9,1.3442008344537404,"Elevated dark, unclassified",0,0.007365327638470858,0.004033651027800838
53.5_0.0,53.5,0.0,Open ocean / other,105,0.38095238095238093,1.3415458439203396,Normal,0,0.028185483146720047,0.0048581815243340055
20.5_111.0,20.5,111.0,South China Sea,42,0.5952380952380952,1.3414601266281498,Normal,0,0.028831663872033425,0.03936664342257153
35.5_11.5,35.5,11.5,Open ocean / other,36,0.8888888888888888,1.3400947215685166,"Non-carriage area (small craft, AIS not required)",0,0.00437124512659867,0.0044498039539563605
34.0_11.0,34.0,11.0,Open ocean / other,52,0.9038461538461539,1.3378201026911296,"Non-carriage area (small craft, AIS not required)",0,0.0009953556570432382,0.004306844434877594
35.5_-1.5,35.5,-1.5,Open ocean / other,31,0.967741935483871,1.337529032988042,"Non-carriage area (small craft, AIS not required)",0,0.005553027640158682,0.002775076104446198
7.0_98.5,7.0,98.5,Open ocean / other,36,0.9722222222222222,1.3372750848194572,"Non-carriage area (small craft, AIS not required)",0,0.005146292347641213,0.007037605044959331
21.5_68.0,21.5,68.0,India West Coast corridor,39,0.8974358974358975,1.3371693373265194,"Non-carriage area (small craft, AIS not required)",0,0.01982595116929773,0.015271260256303865
31.0_33.0,31.0,33.0,Suez Canal & Gulf of Suez,27,1.0,1.3357534185559663,"Non-carriage area (small craft, AIS not required)",0,0.03940420294599626,0.0030771197860889965
21.0_91.5,21.0,91.5,Bay of Bengal,223,0.9147982062780269,1.3347600662389478,"Non-carriage area (small craft, AIS not required)",0,0.0017992732425147688,0.0045486308909782535
32.0_-117.5,32.0,-117.5,Open ocean / other,31,0.6129032258064516,1.3346502139745042,Normal,0,0.007933394131333883,0.01299450711074753
13.5_121.5,13.5,121.5,Open ocean / other,48,0.8125,1.3338716844492406,"Elevated dark, unclassified",0,0.003619735805891034,0.007709681810693578
45.0_29.5,45.0,29.5,Black Sea,28,0.32142857142857145,1.3324642973879979,Normal,0,0.0571888615782167,0.05191222269304705
-37.5_-73.5,-37.5,-73.5,Open ocean / other,50,0.94,1.3310113141174338,"Non-carriage area (small craft, AIS not required)",0,0.018000043481564736,0.0026894585982203435
20.5_70.0,20.5,70.0,India West Coast corridor,95,0.968421052631579,1.3304370358818067,"Non-carriage area (small craft, AIS not required)",0,0.0020746226344676394,0.002001710688488865
3.5_103.5,3.5,103.5,Open ocean / other,105,0.8952380952380953,1.3288861481324281,"Non-carriage area (small craft, AIS not required)",0,0.0059193755797230805,0.00522819099453494
5.5_100.0,5.5,100.0,Strait of Malacca,30,0.7333333333333333,1.328544810875764,Normal,0,0.044121318021906206,0.045305072609938206
10.0_76.0,10.0,76.0,India West Coast corridor,37,0.972972972972973,1.3266473552583606,"Non-carriage area (small craft, AIS not required)",0,0.006964393251724718,0.006513315507170517
36.5_11.0,36.5,11.0,Open ocean / other,50,0.88,1.3266127273480417,"Non-carriage area (small craft, AIS not required)",0,0.003198658209476432,0.0030741017127836287
14.5_96.5,14.5,96.5,Open ocean / other,40,0.925,1.3265403949112486,"Non-carriage area (small craft, AIS not required)",0,0.010527946326782462,0.012737270678088582
21.0_88.5,21.0,88.5,Bay of Bengal,44,0.9772727272727273,1.3253777879980162,"Non-carriage area (small craft, AIS not required)",0,0.003040186905307642,0.002875159428055991
10.0_98.0,10.0,98.0,Open ocean / other,32,0.96875,1.3251902500420285,"Non-carriage area (small craft, AIS not required)",0,0.006370169196538391,0.005054001785342797
7.5_100.5,7.5,100.5,Open ocean / other,44,0.8409090909090909,1.325086658353025,"Elevated dark, unclassified",0,0.008988444445114728,0.008340048264488385
36.5_13.5,36.5,13.5,Open ocean / other,36,0.5,1.3226786070585705,Normal,0,0.058493266137824844,0.033830127663947836
13.0_74.5,13.0,74.5,India West Coast corridor,50,0.96,1.3221407236634974,"Non-carriage area (small craft, AIS not required)",0,0.006239296060893422,0.007172374378582879
27.0_120.5,27.0,120.5,Open ocean / other,31,0.4838709677419355,1.3217041441960513,Normal,0,0.09479735059050266,0.04492755610726856
18.0_72.0,18.0,72.0,India West Coast corridor,26,0.9230769230769231,1.319436573378881,"Non-carriage area (small craft, AIS not required)",0,0.006040316108089111,0.00687742107794115
22.0_68.0,22.0,68.0,India West Coast corridor,61,0.9344262295081968,1.3181905526955364,"Non-carriage area (small craft, AIS not required)",0,0.014394151186212666,0.014884714735025206
34.0_-8.0,34.0,-8.0,Open ocean / other,42,0.5238095238095238,1.317264711018886,Normal,0,0.005943963882413863,0.016217190483343205
8.5_100.0,8.5,100.0,Open ocean / other,65,0.9230769230769231,1.3153605985682708,"Non-carriage area (small craft, AIS not required)",0,0.002955718475952386,0.003329226387854698
1.5_104.5,1.5,104.5,Open ocean / other,177,0.2768361581920904,1.314326355622188,Normal,0,0.009150349693335055,0.013967147294771243
-1.5_117.5,-1.5,117.5,Open ocean / other,30,0.43333333333333335,1.3140139576978291,Normal,0,0.11980405673411285,0.1748364367646148
21.0_69.5,21.0,69.5,India West Coast corridor,46,0.8695652173913043,1.311643510480398,"Non-carriage area (small craft, AIS not required)",0,0.010067117864635598,0.008314540033884653
15.5_73.0,15.5,73.0,India West Coast corridor,49,0.9591836734693877,1.3114592168713262,"Non-carriage area (small craft, AIS not required)",0,0.004641370945940805,0.007172374378582879
20.5_69.5,20.5,69.5,India West Coast corridor,52,0.9038461538461539,1.3111734482032436,"Non-carriage area (small craft, AIS not required)",0,0.013383936912888918,0.014102111347279667
13.0_100.0,13.0,100.0,Open ocean / other,27,0.8888888888888888,1.310934178916248,"Non-carriage area (small craft, AIS not required)",0,0.0020518395667358928,0.002018931529934556
8.0_100.5,8.0,100.5,Open ocean / other,25,0.84,1.3108664157484213,Normal,0,0.00202261451594929,0.0024016870612354147
9.5_100.0,9.5,100.0,Open ocean / other,44,0.8863636363636364,1.3098976937979598,"Non-carriage area (small craft, AIS not required)",0,0.004783716367571428,0.005957951921945169
-13.0_-77.5,-13.0,-77.5,Open ocean / other,36,0.8611111111111112,1.3098013368107275,"Elevated dark, unclassified",0,0.01816073235110253,0.028244219461247735
9.5_76.0,9.5,76.0,India West Coast corridor,108,0.8518518518518519,1.3079384774679965,"Elevated dark, unclassified",0,0.014988999624493555,0.008773244704147481
22.5_68.0,22.5,68.0,India West Coast corridor,42,0.8571428571428571,1.3042858809099604,"Non-carriage area (small craft, AIS not required)",0,0.027222799463949843,0.03099782899659086
24.5_66.0,24.5,66.0,Open ocean / other,41,0.8780487804878049,1.3038423283309575,"Non-carriage area (small craft, AIS not required)",0,0.04014224494024848,0.025046571550563668
14.5_95.5,14.5,95.5,Open ocean / other,39,0.9487179487179487,1.2921992220551104,"Non-carriage area (small craft, AIS not required)",0,0.01102932813874497,0.013705242307420453
15.0_95.5,15.0,95.5,Open ocean / other,236,0.9322033898305084,1.2884400600913342,"Non-carriage area (small craft, AIS not required)",0,0.010471046865521366,0.008175517846518368
15.0_73.5,15.0,73.5,India West Coast corridor,28,0.8214285714285714,1.2865044031217485,Normal,0,0.0235480691547029,0.011420371411486892
19.5_57.5,19.5,57.5,Open ocean / other,35,0.8,1.2794447954817034,Normal,0,0.025703668256486546,0.016325150923904613
28.5_49.0,28.5,49.0,Persian Gulf,32,0.34375,1.277066279219169,Normal,0,0.5594874553720615,0.04704411030562378
20.5_109.5,20.5,109.5,South China Sea,53,0.8867924528301887,1.275580109128324,"Non-carriage area (small craft, AIS not required)",0,0.002374662582633879,0.0031950649876025462
9.5_75.5,9.5,75.5,India West Coast corridor,33,0.8484848484848485,1.2752974645554616,Normal,0,0.013954011877317665,0.014981243118597689
5.5_98.5,5.5,98.5,Strait of Malacca,25,0.88,1.2750786993205157,"Non-carriage area (small craft, AIS not required)",0,0.0036930856129005294,0.0023178886498502376
35.5_-6.5,35.5,-6.5,Strait of Gibraltar,60,0.5666666666666667,1.271069594434429,Normal,0,0.09214104738152107,0.02819703370154742
6.5_-58.5,6.5,-58.5,Open ocean / other,27,0.4074074074074074,1.2709944703872085,Normal,0,0.1277956381852669,0.019759724742769737
-10.5_-78.5,-10.5,-78.5,Open ocean / other,26,0.8461538461538461,1.2692776589498136,Normal,0,0.012895720600452682,0.009297858060014009
11.5_100.0,11.5,100.0,Open ocean / other,26,0.8846153846153846,1.269136089933571,"Non-carriage area (small craft, AIS not required)",0,0.001987597186759516,0.0016601203334358555
35.0_-3.0,35.0,-3.0,Open ocean / other,46,0.7391304347826086,1.2674915724577096,Normal,0,0.031304295495403665,0.01423243287839599
29.0_32.5,29.0,32.5,Suez Canal & Gulf of Suez,57,0.5964912280701754,1.2657789186636546,Normal,0,0.20849922371684712,0.01934491738541416
19.0_71.5,19.0,71.5,India West Coast corridor,28,0.8214285714285714,1.2639467157731417,Normal,0,0.0017620199590194735,0.001356331947034488
34.0_-7.0,34.0,-7.0,Open ocean / other,28,0.8571428571428571,1.263877754081555,"Non-carriage area (small craft, AIS not required)",0,0.0012046363239725185,0.0012450459848067318
-5.5_119.0,-5.5,119.0,Open ocean / other,52,0.38461538461538464,1.2616154261470467,Normal,0,0.11626182577694553,0.08798385911972312
14.5_97.0,14.5,97.0,Open ocean / other,80,0.8875,1.2612224880053275,"Non-carriage area (small craft, AIS not required)",0,0.0036994058229738148,0.004890937507310713
-4.5_106.5,-4.5,106.5,Open ocean / other,61,0.8032786885245902,1.2603567199449988,"Elevated dark, unclassified",0,0.015864864902578622,0.011083413539561457
30.0_-10.0,30.0,-10.0,Open ocean / other,44,0.7045454545454546,1.2594539207320254,Normal,0,0.009827992168815225,0.018209184410111236
15.5_95.5,15.5,95.5,Open ocean / other,117,0.9316239316239316,1.2565487234375383,"Non-carriage area (small craft, AIS not required)",0,0.0021734474330165764,0.004269799753835092
47.0_-3.0,47.0,-3.0,Open ocean / other,27,0.6296296296296297,1.2486287324112346,Normal,0,0.0015367657946261184,0.0021253621322464057
-5.0_107.0,-5.0,107.0,Open ocean / other,56,0.7142857142857143,1.2470043056456794,Normal,0,0.04852017087091588,0.04033223005692125
23.5_67.0,23.5,67.0,Arabian Sea (open),28,0.9285714285714286,1.2403424600876831,"Non-carriage area (small craft, AIS not required)",0,0.0024740484608009937,0.0021480237367573858
-3.5_106.5,-3.5,106.5,Open ocean / other,29,0.6896551724137931,1.2399690593412012,Normal,0,0.05572543331525899,0.06170814619869363
2.0_118.0,2.0,118.0,Open ocean / other,31,0.45161290322580644,1.2373201806687089,Normal,0,0.021904966225672316,0.034241593512166095
-5.0_106.5,-5.0,106.5,Open ocean / other,51,0.6666666666666666,1.2364001581342992,Normal,0,0.12063901082246387,0.13340799253856822
31.5_30.0,31.5,30.0,Eastern Mediterranean,31,0.7419354838709677,1.229199011337173,Normal,0,0.01821611434669871,0.016816172192776743
15.0_96.5,15.0,96.5,Open ocean / other,34,0.8529411764705882,1.2280298211965317,"Non-carriage area (small craft, AIS not required)",0,0.012149580236003684,0.015882120741455893
12.0_101.0,12.0,101.0,Open ocean / other,80,0.8,1.2264001631935124,"Elevated dark, unclassified",0,0.00505977728798552,0.010770704383764011
12.0_74.0,12.0,74.0,India West Coast corridor,26,0.8461538461538461,1.2242738183534279,Normal,0,0.0034006913417643993,0.0030839896664686963
-2.0_127.0,-2.0,127.0,Open ocean / other,26,0.34615384615384615,1.222861868934243,Normal,0,0.05441551325162993,0.0290010386310294
21.5_68.5,21.5,68.5,India West Coast corridor,26,0.6538461538461539,1.214610651246583,Normal,0,0.01723935264307995,0.01085793651223515
23.0_68.0,23.0,68.0,India West Coast corridor,25,0.52,1.2125134259096202,Normal,0,0.04081134119375872,0.03853501920583871
7.0_100.5,7.0,100.5,Open ocean / other,44,0.5909090909090909,1.2124258377541088,Normal,0,0.20094953749285743,0.14683980396753124
31.5_31.0,31.5,31.0,Eastern Mediterranean,29,0.6551724137931034,1.207939981611136,Normal,0,0.025416614777227266,0.019956608910930825
54.5_17.5,54.5,17.5,Open ocean / other,37,0.5675675675675675,1.2075688901226893,Normal,0,0.007851093225717438,0.02898832487328614
37.0_26.5,37.0,26.5,Open ocean / other,25,0.6,1.1982598809508647,Normal,0,0.010323575583351353,0.009861346367569673
15.5_96.0,15.5,96.0,Open ocean / other,42,0.7857142857142857,1.1981388920371152,Normal,0,0.02843165491235942,0.028725256312848904
41.5_16.5,41.5,16.5,Open ocean / other,47,0.6382978723404256,1.1941834010558223,Normal,0,0.028476784520191763,0.03155975614260224
-3.5_116.5,-3.5,116.5,Open ocean / other,46,0.6086956521739131,1.1937848412852496,Normal,0,0.08773534236100816,0.04949558926408668
35.0_-2.0,35.0,-2.0,Open ocean / other,29,0.5517241379310345,1.1930111921253381,Normal,0,0.014600243062110975,0.008423453127459212
27.5_-83.0,27.5,-83.0,Open ocean / other,30,0.7333333333333333,1.1915922343511025,Normal,0,0.0029851942800104727,0.0032016467916547225
34.5_138.0,34.5,138.0,Open ocean / other,29,0.5172413793103449,1.1912497924762004,Normal,0,0.003172839287509092,0.0041585518138880576
43.5_-10.0,43.5,-10.0,Open ocean / other,43,0.2558139534883721,1.1909287594275342,Normal,0,0.03143976424210817,0.03125569410001262
4.5_104.0,4.5,104.0,Open ocean / other,25,0.52,1.18406383552541,Normal,0,0.08618221377864461,0.05051115092706369
-2.0_118.5,-2.0,118.5,Open ocean / other,36,0.3611111111111111,1.1808762326396827,Normal,0,0.03677834386672543,0.03898610923593925
5.0_103.5,5.0,103.5,Open ocean / other,38,0.631578947368421,1.1805220976162514,Normal,0,0.07524713373466178,0.12595844529417305
14.5_95.0,14.5,95.0,Open ocean / other,67,0.8208955223880597,1.1760886597035902,Normal,0,0.004335019066228439,0.005185829196097621
24.5_53.0,24.5,53.0,Persian Gulf,75,0.44,1.1758272932804585,Normal,0,0.675432553683508,0.4541565696159433
13.5_120.5,13.5,120.5,Open ocean / other,41,0.3170731707317073,1.1747841130605148,Normal,0,0.0649533532216486,0.050041609819943655
28.5_33.0,28.5,33.0,Suez Canal & Gulf of Suez,53,0.5283018867924528,1.1725729732412387,Normal,0,0.7203246192863706,0.0923317920481495
7.5_98.0,7.5,98.0,Open ocean / other,27,0.7777777777777778,1.1657694803009737,Normal,0,0.0017201350624003599,0.0018824063082987289
50.0_1.0,50.0,1.0,Dover Strait / English Channel,48,0.6458333333333334,1.165534239951812,Normal,0,0.0023801878455897824,0.001816510225027642
32.0_122.5,32.0,122.5,Open ocean / other,101,0.5742574257425742,1.1653149234461222,Normal,0,0.003990927928653876,0.0055760369502110335
28.0_33.0,28.0,33.0,Suez Canal & Gulf of Suez,39,0.5128205128205128,1.1651664773273016,Normal,0,0.6438625209481923,0.09367097893114237
18.5_106.5,18.5,106.5,South China Sea,44,0.75,1.1628748991853883,Normal,0,0.008824340660732337,0.013442386708418321
7.0_104.5,7.0,104.5,Open ocean / other,26,0.8076923076923077,1.1608673559126297,Normal,0,0.0014867884760813785,0.0018240795882507094
-8.5_115.5,-8.5,115.5,Lombok Strait,29,0.41379310344827586,1.159492051341275,Normal,0,0.030536132800592898,0.014983629720783171
3.5_119.5,3.5,119.5,South China Sea,27,0.48148148148148145,1.1564133660922287,Normal,0,0.07910005460971212,0.026293095903644294
12.0_101.5,12.0,101.5,Open ocean / other,72,0.8472222222222222,1.1555478180490557,Normal,0,0.002195074477235522,0.0036820871855865116
5.5_81.0,5.5,81.0,Dondra Head / Sri Lanka corridor,46,0.1956521739130435,1.1506824652294279,Normal,0,0.031211765887188596,0.06985634692687892
26.5_53.5,26.5,53.5,Persian Gulf,36,0.5555555555555556,1.1488608388673005,Normal,0,0.47073617174871196,0.12339458834261645
-3.0_118.5,-3.0,118.5,Open ocean / other,33,0.30303030303030304,1.1417234312356204,Normal,0,0.08043459503823812,0.0849916637563953
40.5_121.0,40.5,121.0,Open ocean / other,27,0.4444444444444444,1.1411029146562286,Normal,0,0.0019977297143402694,0.0016736809600238246
15.0_96.0,15.0,96.0,Open ocean / other,81,0.8271604938271605,1.1407327353359713,Normal,0,0.007380294064364972,0.008565988886367526
55.0_17.5,55.0,17.5,Open ocean / other,25,0.48,1.1388456460019718,Normal,0,0.01779751468363343,0.010366480318724442
9.0_104.0,9.0,104.0,Open ocean / other,46,0.8260869565217391,1.138501312980144,Normal,0,0.004727982788152004,0.006294533102992317
1.5_101.5,1.5,101.5,Strait of Malacca,27,0.37037037037037035,1.130699595436391,Normal,0,0.04651665904740252,0.014785681519499192
3.5_98.5,3.5,98.5,Strait of Malacca,41,0.4878048780487805,1.1304681304153763,Normal,0,0.03296361699501027,0.054386126165215806
31.0_30.0,31.0,30.0,Eastern Mediterranean,42,0.6666666666666666,1.1287115621691561,Normal,0,0.02199657778236742,0.01649348305747354
3.5_104.0,3.5,104.0,Open ocean / other,25,0.4,1.127259618487004,Normal,0,0.007765649129010169,0.017542069237403146
15.5_94.0,15.5,94.0,Bay of Bengal,70,0.7714285714285715,1.126153748096166,Normal,0,0.002565440233809722,0.002894031609788091
39.0_121.0,39.0,121.0,Open ocean / other,31,0.3870967741935484,1.1226637873783107,Normal,0,0.005906221492405535,0.003063969410797457
20.5_110.0,20.5,110.0,South China Sea,37,0.8108108108108109,1.114360641249699,Normal,0,0.014784034415208043,0.007654047768093586
48.5_-3.0,48.5,-3.0,Open ocean / other,31,0.7096774193548387,1.1110916025185773,Normal,0,0.0006313804510662071,0.0007613956449181364
35.5_-0.5,35.5,-0.5,Open ocean / other,33,0.45454545454545453,1.109573121766099,Normal,0,0.01380558454993372,0.02393152602257885
27.5_33.5,27.5,33.5,Suez Canal & Gulf of Suez,25,0.4,1.1001499763225944,Normal,0,0.10365846547474437,0.044408781577939094
-4.0_118.0,-4.0,118.0,Open ocean / other,27,0.25925925925925924,1.0998391668758931,Normal,0,0.07169719015550505,0.029021559873822177
4.0_103.5,4.0,103.5,Open ocean / other,120,0.5333333333333333,1.0991932623337486,Normal,0,0.08782423360304903,0.05857191928609796
55.0_16.5,55.0,16.5,Open ocean / other,27,0.5555555555555556,1.0941034675973424,Normal,0,0.028839542210061367,0.012434639021218837
12.5_74.5,12.5,74.5,India West Coast corridor,35,0.6285714285714286,1.0809527541119117,Normal,0,0.05314004828792938,0.057576481913442376
-6.0_105.0,-6.0,105.0,Sunda Strait,42,0.4523809523809524,1.0765098224386254,Normal,0,0.2438979975843839,0.1552349750227233
39.0_123.5,39.0,123.5,Open ocean / other,55,0.6909090909090909,1.0757571035157498,Normal,0,0.0017516431588346071,0.001032546310512788
-1.0_131.0,-1.0,131.0,Open ocean / other,25,0.68,1.0755999827928504,Normal,0,0.00204001218077411,0.003599927732120932
51.5_1.0,51.5,1.0,Open ocean / other,27,0.4074074074074074,1.0742318941101627,Normal,0,0.003312826277742455,0.0020854077795774066
37.5_24.5,37.5,24.5,Open ocean / other,25,0.4,1.0708484270327308,Normal,0,0.007484781582825271,0.009606329455914981
-3.5_116.0,-3.5,116.0,Open ocean / other,125,0.384,1.0681066320748183,Normal,0,0.016813526990293464,0.02041338773511365
22.0_68.5,22.0,68.5,India West Coast corridor,36,0.3333333333333333,1.0680675883617485,Normal,0,0.31043191745890597,0.12135591794448672
4.5_103.5,4.5,103.5,Open ocean / other,58,0.46551724137931033,1.0658948446596586,Normal,0,0.09487639251266902,0.046144173802765066
55.5_16.5,55.5,16.5,Open ocean / other,36,0.25,1.057272771023715,Normal,0,0.015159757374350609,0.033398645780025396
-7.0_111.5,-7.0,111.5,Open ocean / other,30,0.23333333333333334,1.0564636453754281,Normal,0,0.06459393777620491,0.02372133360616098
58.5_10.0,58.5,10.0,Open ocean / other,26,0.46153846153846156,1.052923981214822,Normal,0,0.0017856403811856208,0.0022639505712776014
36.5_13.0,36.5,13.0,Open ocean / other,36,0.2222222222222222,1.0486745822263495,Normal,0,0.12846826372145756,0.08852506027843583
28.5_48.0,28.5,48.0,Persian Gulf,26,0.3076923076923077,1.0485804678069754,Normal,0,0.3335846320795713,0.011038564760031625
1.5_118.0,1.5,118.0,Open ocean / other,84,0.32142857142857145,1.0478360072692146,Normal,0,0.0045631435066633644,0.010749340121700271
-4.0_106.5,-4.0,106.5,Open ocean / other,70,0.6285714285714286,1.046909827236561,Normal,0,0.016264215971083792,0.013776722620206688
12.0_100.5,12.0,100.5,Open ocean / other,28,0.5357142857142857,1.0431353957245781,Normal,0,0.01522892019947348,0.0423300511905276
4.0_99.0,4.0,99.0,Strait of Malacca,48,0.5,1.0422743955697247,Normal,0,0.02024296537668499,0.031388699332918886
-37.0_-73.5,-37.0,-73.5,Open ocean / other,34,0.5588235294117647,1.032441391721805,Normal,0,0.0704020462008023,0.015494165177452005
21.0_88.0,21.0,88.0,Bay of Bengal,43,0.4418604651162791,1.0299578492091563,Normal,0,0.35611670081195335,0.049711461922543214
40.5_24.0,40.5,24.0,Open ocean / other,43,0.6744186046511628,1.0295617648798314,Normal,0,0.010150183726398658,0.0046437971668175995
20.0_108.5,20.0,108.5,South China Sea,120,0.6583333333333333,1.022398994012553,Normal,0,0.00432096636156769,0.005535388066764405
20.5_108.5,20.5,108.5,South China Sea,168,0.6845238095238095,1.022325485531592,Normal,0,0.0023428388282262158,0.002972019677373184
18.5_72.0,18.5,72.0,India West Coast corridor,25,0.6,1.017774627766234,Normal,0,0.012298225579987523,0.007654556930352546
55.5_15.5,55.5,15.5,Open ocean / other,50,0.24,1.0166389947673575,Normal,0,0.009238444700418963,0.008939194997379843
12.5_100.5,12.5,100.5,Open ocean / other,36,0.6111111111111112,1.0158990232300011,Normal,0,0.01703506312212241,0.024780127520952367
29.0_34.5,29.0,34.5,Open ocean / other,29,0.27586206896551724,1.0147173647443333,Normal,0,0.4339353282966833,0.08959964080855759
-2.0_116.5,-2.0,116.5,Open ocean / other,91,0.2967032967032967,1.007339497198668,Normal,0,0.011317795650819612,0.022370667531071108
21.0_109.0,21.0,109.0,South China Sea,167,0.6407185628742516,1.0067822625966383,Normal,0,0.002200495045820087,0.002972019677373184
18.0_-16.5,18.0,-16.5,Open ocean / other,35,0.5142857142857142,1.0063546277665694,Normal,0,0.009401665087266376,0.036210058660023754
20.5_110.5,20.5,110.5,South China Sea,99,0.6161616161616161,0.9969583920619596,Normal,0,0.009823873577790937,0.005334594634875729
23.5_58.5,23.5,58.5,Gulf of Oman,35,0.2857142857142857,0.9963479921493748,Normal,0,0.6796468737097657,0.19814194436760368
40.5_24.5,40.5,24.5,Open ocean / other,26,0.5384615384615384,0.995821969879039,Normal,0,0.011131633044651078,0.014544993171269836
24.5_66.5,24.5,66.5,Open ocean / other,132,0.4090909090909091,0.9955743528993565,Normal,0,0.12202549873893201,0.04234374204853239
-4.0_122.5,-4.0,122.5,Open ocean / other,26,0.2692307692307692,0.994774659495018,Normal,0,0.014168183790607315,0.029417928511828534
29.5_32.0,29.5,32.0,Suez Canal & Gulf of Suez,49,0.2857142857142857,0.9929508317202979,Normal,0,0.44155518523392207,0.07628692284747697
16.5_42.0,16.5,42.0,Southern Red Sea,33,0.5757575757575758,0.9804637606797164,Normal,0,0.38878348449439554,0.21540990729681558
52.5_3.5,52.5,3.5,Open ocean / other,74,0.33783783783783783,0.9784012362295617,Normal,0,0.011327491231115636,0.007011039989440271
34.5_33.0,34.5,33.0,Eastern Mediterranean,30,0.26666666666666666,0.973258127031283,Normal,0,0.4071395549746907,0.016906143540521758
34.5_-7.0,34.5,-7.0,Open ocean / other,26,0.6538461538461539,0.972539016301202,Normal,0,0.0018164484153100698,0.0013714701602403137
39.5_123.0,39.5,123.0,Open ocean / other,94,0.648936170212766,0.9665381307607943,Normal,0,0.001917846892293659,0.0014074723843527839
37.5_23.5,37.5,23.5,Open ocean / other,100,0.3,0.9661043484347468,Normal,0,0.038478017768859264,0.03921232943079958
39.0_25.0,39.0,25.0,Open ocean / other,28,0.35714285714285715,0.964758167803423,Normal,0,0.026647668334571536,0.01012334216785581
24.5_120.0,24.5,120.0,Taiwan Strait,25,0.28,0.9603785132647069,Normal,0,0.05784622197215522,0.05681148791594761
21.0_112.0,21.0,112.0,South China Sea,94,0.5,0.9583234452146561,Normal,0,0.008275672542972767,0.005451847033166525
10.0_103.5,10.0,103.5,Open ocean / other,30,0.6666666666666666,0.952515084168204,Normal,0,0.0038214113695195723,0.005056216914653836
38.5_123.5,38.5,123.5,Open ocean / other,58,0.603448275862069,0.9516158098044428,Normal,0,0.0017516431588346071,0.001032546310512788
51.5_2.0,51.5,2.0,Open ocean / other,110,0.32727272727272727,0.950414016044589,Normal,0,0.026639743267029913,0.006608783407515399
-4.0_107.0,-4.0,107.0,Open ocean / other,59,0.423728813559322,0.9498156224430165,Normal,0,0.11022180809187528,0.08734638644825224
20.5_88.0,20.5,88.0,Bay of Bengal,32,0.21875,0.94745697771617,Normal,0,0.05814810292111528,0.05278985857891452
35.5_35.5,35.5,35.5,Eastern Mediterranean,35,0.2571428571428571,0.9459707821087145,Normal,0,0.0188953293085131,0.024430558636365885
4.0_104.0,4.0,104.0,Open ocean / other,27,0.4444444444444444,0.9437134239654014,Normal,0,0.006483781824030759,0.006364505228010282
38.5_24.0,38.5,24.0,Open ocean / other,28,0.42857142857142855,0.9428057388470844,Normal,0,0.008146484244787023,0.01384130234458205
54.5_19.5,54.5,19.5,Open ocean / other,45,0.4444444444444444,0.9425059109889018,Normal,0,0.01457248023355736,0.08410254610778574
-10.5_139.5,-10.5,139.5,Open ocean / other,32,0.6875,0.9409353452353009,Normal,0,0.006036964838130207,0.006945337565412066
21.0_109.5,21.0,109.5,South China Sea,137,0.6058394160583942,0.9407453794477127,Normal,0,0.0035921974533383682,0.004068891826019246
35.5_-6.0,35.5,-6.0,Strait of Gibraltar,57,0.21052631578947367,0.9396241960237808,Normal,0,0.16102459596685575,0.03705914176921955
21.0_110.5,21.0,110.5,South China Sea,49,0.40816326530612246,0.9378963497548832,Normal,0,0.0447296821871449,0.04930480440465483
35.5_-1.0,35.5,-1.0,Open ocean / other,26,0.3076923076923077,0.937697259348346,Normal,0,0.10439389799222618,0.028281472605298674
31.5_122.0,31.5,122.0,Open ocean / other,62,0.5,0.9376284807849825,Normal,0,0.008073426143303426,0.007867410090722714
53.5_7.0,53.5,7.0,Open ocean / other,42,0.35714285714285715,0.9367468654870486,Normal,0,0.013820931660951608,0.005085416391399009
-5.5_106.0,-5.5,106.0,Open ocean / other,44,0.36363636363636365,0.9309541541298776,Normal,0,0.3332577083587412,0.1683747524918102
30.5_121.5,30.5,121.5,Open ocean / other,45,0.4444444444444444,0.9308576286136337,Normal,0,0.018966541651338126,0.010423312963468635
51.5_2.5,51.5,2.5,Open ocean / other,136,0.27941176470588236,0.930302496900194,Normal,0,0.014233727112351607,0.007540632562807846
31.5_32.0,31.5,32.0,Eastern Mediterranean,183,0.16939890710382513,0.9282634833269857,Normal,0,0.4685975399376336,0.06721452215964346
6.5_79.5,6.5,79.5,Dondra Head / Sri Lanka corridor,43,0.2558139534883721,0.9281945350608021,Normal,0,0.04015127221303603,0.03896748752289873
31.5_31.5,31.5,31.5,Eastern Mediterranean,80,0.275,0.9267128848754111,Normal,0,0.19058885135004705,0.011367063042306433
-6.0_106.5,-6.0,106.5,Open ocean / other,110,0.2909090909090909,0.9222093409841305,Normal,0,0.03087936703211382,0.01798737391807743
8.0_104.5,8.0,104.5,Open ocean / other,37,0.35135135135135137,0.9210542250172599,Normal,0,0.07463357080382654,0.07443180530531558
42.0_14.5,42.0,14.5,Open ocean / other,27,0.5555555555555556,0.9121278853679556,Normal,0,0.002243054604457084,0.0050635708891378205
11.5_-17.5,11.5,-17.5,Open ocean / other,48,0.5208333333333334,0.90944680818049,Normal,0,0.006567002911118015,0.014449850610366544
-4.5_107.0,-4.5,107.0,Open ocean / other,94,0.5425531914893617,0.9092162276046388,Normal,0,0.034005730984501985,0.029056371007145695
42.0_15.5,42.0,15.5,Open ocean / other,26,0.5769230769230769,0.9081810212994706,Normal,0,0.006219916174611494,0.008336272566912835
39.0_122.5,39.0,122.5,Open ocean / other,57,0.6140350877192983,0.9052804392502157,Normal,0,0.001873886786461409,0.001250125533982881
40.0_-74.0,40.0,-74.0,Open ocean / other,39,0.41025641025641024,0.903219269786952,Normal,0,0.002980084663360242,0.0026217295489535854
34.0_130.0,34.0,130.0,Open ocean / other,43,0.5348837209302325,0.900666577216953,Normal,0,0.005001866935964537,0.0018735927153926259
13.0_100.5,13.0,100.5,Open ocean / other,125,0.376,0.9003299588708779,Normal,0,0.02088434079787712,0.029043329132791566
49.0_-123.5,49.0,-123.5,Open ocean / other,36,0.3333333333333333,0.9002308909665659,Normal,0,0.00294239520065138,0.002909808775612875
34.0_-7.5,34.0,-7.5,Open ocean / other,37,0.5405405405405406,0.8986199527054213,Normal,0,0.0033039906630070682,0.007876094264473556
37.5_9.5,37.5,9.5,Open ocean / other,35,0.3142857142857143,0.8958501957166061,Normal,0,0.011246189530618355,0.012049163082073107
37.0_23.5,37.0,23.5,Open ocean / other,45,0.17777777777777778,0.8933319973928712,Normal,0,0.024812591060930717,0.15183510044560675
47.0_-2.5,47.0,-2.5,Open ocean / other,39,0.23076923076923078,0.8859556999790231,Normal,0,0.0054601032615795905,0.00423990589667217
54.0_5.5,54.0,5.5,Open ocean / other,35,0.34285714285714286,0.8852357276089451,Normal,0,0.015079823838260465,0.006279750121772682
37.0_27.0,37.0,27.0,Open ocean / other,59,0.5254237288135594,0.8851287995211043,Normal,0,0.005612641864656828,0.00757909181977305
39.0_26.5,39.0,26.5,Open ocean / other,55,0.43636363636363634,0.8822166387998933,Normal,0,0.01188873100071564,0.017351275482090773
38.0_26.0,38.0,26.0,Open ocean / other,55,0.41818181818181815,0.8808662689971,Normal,0,0.012132893317342101,0.012004211986537953
69.0_16.0,69.0,16.0,Open ocean / other,28,0.35714285714285715,0.8791994996512702,Normal,0,0.004165533153352152,0.003241312760036792
52.0_2.5,52.0,2.5,Open ocean / other,110,0.2727272727272727,0.8753429587489625,Normal,0,0.024760774311276865,0.004995826519354297
20.0_109.0,20.0,109.0,South China Sea,116,0.5344827586206896,0.8752152627030553,Normal,0,0.004363750518804196,0.003828533612403537
-2.5_105.0,-2.5,105.0,Open ocean / other,33,0.24242424242424243,0.8718464660031132,Normal,0,0.24351716274672797,0.10011647345930362
14.0_120.5,14.0,120.5,Open ocean / other,31,0.2903225806451613,0.8701243203217188,Normal,0,0.015640686614241325,0.0235918546375252
33.5_134.5,33.5,134.5,Open ocean / other,29,0.3448275862068966,0.8699818958495015,Normal,0,0.005448809258436232,0.0034291039502765824
29.0_48.0,29.0,48.0,Persian Gulf,47,0.3829787234042553,0.8689179504996469,Normal,0,0.9190720185855205,0.14175682933160752
-5.0_11.5,-5.0,11.5,Open ocean / other,41,0.34146341463414637,0.8686160539942902,Normal,0,0.014326334434024202,0.01887175875614335
37.0_26.0,37.0,26.0,Open ocean / other,29,0.27586206896551724,0.8652471074960317,Normal,0,0.05084450986857317,0.011772887780503855
15.0_95.0,15.0,95.0,Open ocean / other,174,0.6206896551724138,0.8641665556617283,Normal,0,0.003454710437480306,0.005336874495816658
38.5_25.0,38.5,25.0,Open ocean / other,42,0.2857142857142857,0.8608949138916021,Normal,0,0.04844730097051052,0.02379868524927058
51.0_2.0,51.0,2.0,Dover Strait / English Channel,107,0.32710280373831774,0.8602386856396328,Normal,0,0.007190432545992455,0.0039003762559785206
42.0_41.5,42.0,41.5,Black Sea,37,0.2972972972972973,0.8588089114118989,Normal,0,0.04625902241034455,0.0450964917713572
35.5_-5.5,35.5,-5.5,Strait of Gibraltar,64,0.34375,0.8526744540798742,Normal,0,0.10168781741484842,0.02622451357406944
4.5_100.0,4.5,100.0,Strait of Malacca,41,0.5121951219512195,0.8510937985225374,Normal,0,0.1575613001454353,0.10027303246534681
3.5_9.0,3.5,9.0,Gulf of Guinea,39,0.3076923076923077,0.8510226055425301,Normal,0,0.025106517803920998,0.03960480428249122
46.5_-124.5,46.5,-124.5,Open ocean / other,33,0.5757575757575758,0.8507762438356458,Normal,0,0.0010632394852523096,0.0016032737858189291
21.0_111.5,21.0,111.5,South China Sea,59,0.3728813559322034,0.850410526901234,Normal,0,0.016760057091031438,0.02344119616922065
10.0_-62.0,10.0,-62.0,Open ocean / other,29,0.3793103448275862,0.8477434176692081,Normal,0,0.014564659965260188,0.017996767955949157
22.5_70.0,22.5,70.0,India West Coast corridor,82,0.2073170731707317,0.8466173842109079,Normal,0,0.07280306975904965,0.03620644792114626
49.5_-2.0,49.5,-2.0,Dover Strait / English Channel,27,0.3333333333333333,0.8437240400171272,Normal,0,0.005811548685428173,0.0036260594069933228
8.5_-79.5,8.5,-79.5,Panama Canal approaches,27,0.25925925925925924,0.8361808337226412,Normal,0,0.18681969545182545,0.07254140726625997
-7.0_112.0,-7.0,112.0,Open ocean / other,30,0.23333333333333334,0.8293186987560741,Normal,0,0.04847082861709883,0.03126696125987645
8.5_106.5,8.5,106.5,South China Sea,27,0.48148148148148145,0.82578295855029,Normal,0,0.02945090750762048,0.04552111496343338
37.0_10.5,37.0,10.5,Open ocean / other,31,0.41935483870967744,0.8255261995085055,Normal,0,0.01417587321212406,0.013736974128556583
44.0_-9.5,44.0,-9.5,Open ocean / other,34,0.20588235294117646,0.8216834282749953,Normal,0,0.03018940582430575,0.021537424239144735
50.5_-0.5,50.5,-0.5,Dover Strait / English Channel,25,0.32,0.8113272318932264,Normal,0,0.004514581086333593,0.0034768398644281265
55.5_16.0,55.5,16.0,Open ocean / other,36,0.16666666666666666,0.8112489273328193,Normal,0,0.015227663387341824,0.011916904096832813
34.5_134.5,34.5,134.5,Open ocean / other,130,0.3076923076923077,0.809114328596084,Normal,0,0.023192254277200206,0.0106440685246356
20.5_108.0,20.5,108.0,South China Sea,74,0.4864864864864865,0.803391134917454,Normal,0,0.0134902863856553,0.011307246396977336
-6.5_108.0,-6.5,108.0,Open ocean / other,35,0.3142857142857143,0.8032622059728457,Normal,0,0.15213580612810573,0.15182834371518053
49.5_-5.5,49.5,-5.5,Open ocean / other,26,0.3076923076923077,0.8026904515166395,Normal,0,0.0022643690233874964,0.0027663545548445557
38.0_123.0,38.0,123.0,Open ocean / other,63,0.49206349206349204,0.8021008121738686,Normal,0,0.002618608163764644,0.0022759932807664006
-34.0_-72.0,-34.0,-72.0,Open ocean / other,31,0.22580645161290322,0.7940943107981742,Normal,0,0.009108003713856045,0.08161827480923466
22.0_120.0,22.0,120.0,Taiwan Strait,29,0.27586206896551724,0.7864099395063672,Normal,0,0.03363064426175824,0.02390717883705085
37.5_24.0,37.5,24.0,Open ocean / other,54,0.2222222222222222,0.7840128310947603,Normal,0,0.009493166684489818,0.0151256331837548
36.0_35.5,36.0,35.5,Eastern Mediterranean,45,0.4222222222222222,0.7839841562766698,Normal,0,0.005894836182946365,0.010030854350343033
52.0_3.0,52.0,3.0,Open ocean / other,98,0.22448979591836735,0.7812498262002237,Normal,0,0.006505866600042015,0.004515784351051278
4.0_8.5,4.0,8.5,Gulf of Guinea,34,0.47058823529411764,0.7808931817882526,Normal,0,0.02116748385893005,0.014433386511029019
3.5_100.0,3.5,100.0,Strait of Malacca,26,0.15384615384615385,0.7793710711255344,Normal,0,0.021690354903653123,0.010463111907942052
37.0_9.5,37.0,9.5,Open ocean / other,26,0.3076923076923077,0.7782100953263194,Normal,0,0.004971927311472846,0.00647350733172807
21.5_112.0,21.5,112.0,South China Sea,81,0.43209876543209874,0.7778989645922508,Normal,0,0.010831110503896055,0.010106896677957989
32.0_121.5,32.0,121.5,Open ocean / other,87,0.5172413793103449,0.7758960652247197,Normal,0,0.0010041886009051041,0.001548582472280816
50.0_-1.0,50.0,-1.0,Dover Strait / English Channel,65,0.2,0.7745743485237401,Normal,0,0.006722192849469736,0.004236265504436914
37.5_-122.5,37.5,-122.5,Open ocean / other,33,0.30303030303030304,0.7706656437449151,Normal,0,0.003538318410039749,0.006181192226345554
20.0_110.5,20.0,110.5,South China Sea,43,0.32558139534883723,0.769850919731212,Normal,0,0.0687363492444368,0.07946962985044917
4.5_99.0,4.5,99.0,Strait of Malacca,41,0.3902439024390244,0.7681541572019038,Normal,0,0.02287545041272572,0.036531426473974934
-2.0_121.0,-2.0,121.0,Open ocean / other,27,0.18518518518518517,0.7666709368570613,Normal,0,0.010132681008835813,0.010002097868529316
34.5_134.0,34.5,134.0,Open ocean / other,39,0.3076923076923077,0.764864654733429,Normal,0,0.05250969888217049,0.020160596986025237
53.5_6.0,53.5,6.0,Open ocean / other,42,0.2619047619047619,0.7642913476486274,Normal,0,0.011390164052623646,0.005085416391399009
37.0_11.0,37.0,11.0,Open ocean / other,48,0.22916666666666666,0.763624638754326,Normal,0,0.029637406862896825,0.013696930749150755
8.5_-80.0,8.5,-80.0,Panama Canal approaches,71,0.15492957746478872,0.7619161356158902,Normal,0,0.10066460969283185,0.03267554688291348
0.5_104.0,0.5,104.0,Open ocean / other,29,0.3103448275862069,0.7605342429558828,Normal,0,0.12274978545645883,0.11892943085365194
-7.0_134.5,-7.0,134.5,Open ocean / other,30,0.5333333333333333,0.7576787666493491,Normal,0,0.014734636297421689,0.012143100537221698
34.0_134.5,34.0,134.5,Open ocean / other,69,0.2753623188405797,0.755827472750917,Normal,0,0.026277190221996517,0.010026171201423966
8.5_104.0,8.5,104.0,Open ocean / other,33,0.45454545454545453,0.7550887881198426,Normal,0,0.09157242512382992,0.0476203834921241
54.0_6.0,54.0,6.0,Open ocean / other,116,0.3448275862068966,0.753698720838688,Normal,0,0.04846876421208091,0.018666330398073725
26.0_-79.0,26.0,-79.0,Open ocean / other,51,0.17647058823529413,0.7502907992992183,Normal,0,0.017095880164104293,0.026161145198173565
36.5_35.5,36.5,35.5,Eastern Mediterranean,37,0.24324324324324326,0.7502071835700408,Normal,0,0.017455532154022776,0.013940381984312938
19.0_72.5,19.0,72.5,India West Coast corridor,25,0.24,0.7485253606678874,Normal,0,0.010020361229404424,0.007736933644471642
53.5_5.5,53.5,5.5,Open ocean / other,49,0.2653061224489796,0.7374568276426364,Normal,0,0.006896692815161568,0.004195729520678942
53.0_1.0,53.0,1.0,Open ocean / other,46,0.30434782608695654,0.7372111943944035,Normal,0,0.008162396409521565,0.004765684376287267
9.5_103.5,9.5,103.5,Open ocean / other,37,0.5405405405405406,0.737026308476867,Normal,0,0.0029353262105363117,0.004290354370866704
54.5_7.5,54.5,7.5,Open ocean / other,33,0.45454545454545453,0.7366886932191167,Normal,0,0.002523822321475661,0.0016952089226489966
52.5_4.0,52.5,4.0,Open ocean / other,57,0.2631578947368421,0.7361933797322741,Normal,0,0.005510099837292506,0.002968348344388376
-6.5_107.5,-6.5,107.5,Open ocean / other,61,0.29508196721311475,0.7343378281391604,Normal,0,0.07959989377680583,0.08431709063022853
54.0_7.0,54.0,7.0,Open ocean / other,63,0.1746031746031746,0.7329357407150874,Normal,0,0.017205450650503433,0.009608752360882055
54.0_-5.5,54.0,-5.5,Open ocean / other,38,0.47368421052631576,0.728981261871828,Normal,0,0.0006435980642340815,0.0008752618737312908
35.0_119.5,35.0,119.5,Open ocean / other,84,0.30952380952380953,0.7280686925980304,Normal,0,0.005822609614836144,0.01444954889263899
22.5_116.0,22.5,116.0,Open ocean / other,52,0.21153846153846154,0.7241207827100192,Normal,0,0.044676311561936514,0.05391736809588167
51.5_1.5,51.5,1.5,Open ocean / other,52,0.21153846153846154,0.7231248023955146,Normal,0,0.005203020010663043,0.0029152723789477994
10.0_-65.0,10.0,-65.0,Open ocean / other,37,0.13513513513513514,0.7224660148221224,Normal,0,0.04090143204339197,0.032154998903099224
55.5_12.5,55.5,12.5,Open ocean / other,52,0.28846153846153844,0.7222380754751127,Normal,0,0.007231790387350718,0.00834912464747754
18.0_109.0,18.0,109.0,South China Sea,45,0.26666666666666666,0.7183803436453291,Normal,0,0.07400593952604403,0.2453660405305601
1.0_105.0,1.0,105.0,Open ocean / other,37,0.43243243243243246,0.7178436653461094,Normal,0,0.1571504765330085,0.07101900027636665
-3.5_107.0,-3.5,107.0,Open ocean / other,30,0.23333333333333334,0.714351889708327,Normal,0,0.30304150338440944,0.08573485297111517
-2.5_118.5,-2.5,118.5,Open ocean / other,32,0.21875,0.7132033785628963,Normal,0,0.12845042796996894,0.12063304265317773
12.5_43.0,12.5,43.0,Bab-el-Mandeb,25,0.16,0.7124468080086528,Normal,0,0.0797159302199105,0.08997848248240009
53.5_8.0,53.5,8.0,Open ocean / other,65,0.27692307692307694,0.7117308330598068,Normal,0,0.007340736773587064,0.003589394684429322
36.0_35.0,36.0,35.0,Eastern Mediterranean,69,0.34782608695652173,0.7092331852895528,Normal,0,0.01349318942095243,0.013824884247879763
40.5_27.5,40.5,27.5,Turkish Straits (Bosphorus-Dardanelles),57,0.21052631578947367,0.707837576581787,Normal,0,0.030808029507668415,0.011978018701838905
12.5_101.0,12.5,101.0,Open ocean / other,55,0.23636363636363636,0.7073278257724394,Normal,0,0.010776056849051675,0.025392844416626655
15.5_94.5,15.5,94.5,Bay of Bengal,25,0.52,0.7052108023918935,Normal,0,0.0018861209085110952,0.0019271613381584174
20.5_107.0,20.5,107.0,South China Sea,48,0.2916666666666667,0.7050561922369762,Normal,0,0.07470673976622377,0.07945202765740883
14.5_120.5,14.5,120.5,Open ocean / other,125,0.184,0.7027792717967928,Normal,0,0.030417144885540755,0.02215236118110239
29.5_48.5,29.5,48.5,Persian Gulf,229,0.26200873362445415,0.702481664599466,Normal,0,0.05172046465627792,0.03931557979087002
27.0_123.0,27.0,123.0,Open ocean / other,109,0.3211009174311927,0.7015456414810538,Normal,0,0.004631129633033314,0.0021168084094005234
16.5_82.0,16.5,82.0,Bay of Bengal,31,0.2903225806451613,0.6999675995754625,Normal,0,0.07262249943122057,0.1067063298482122
52.5_4.5,52.5,4.5,Open ocean / other,26,0.34615384615384615,0.6990604694129426,Normal,0,0.003952243140652182,0.001415292089771037
58.5_5.0,58.5,5.0,Open ocean / other,33,0.21212121212121213,0.6979527670734993,Normal,0,0.0020080076305295383,0.0027576257503960843
42.0_-10.5,42.0,-10.5,Open ocean / other,26,0.15384615384615385,0.6956198851542074,Normal,0,0.009950601489083536,0.011584121330386327
38.0_122.0,38.0,122.0,Open ocean / other,36,0.3611111111111111,0.6942253171609947,Normal,0,0.0028028623360481773,0.00292244651047315
39.5_0.0,39.5,0.0,Open ocean / other,26,0.15384615384615385,0.6936550353962209,Normal,0,0.03354270624711665,0.0214255753812004
13.0_109.5,13.0,109.5,South China Sea,25,0.4,0.6895689549074888,Normal,0,0.011486279671280158,0.009997279674645768
42.5_14.5,42.5,14.5,Open ocean / other,41,0.4878048780487805,0.6882672659711999,Normal,0,0.004201733803294431,0.005704914155719659
20.5_106.5,20.5,106.5,South China Sea,38,0.3157894736842105,0.6877107378990874,Normal,0,0.08367356345731161,0.0565651318282255
37.0_122.5,37.0,122.5,Open ocean / other,52,0.23076923076923078,0.6866211257843705,Normal,0,0.003088139737860734,0.0027801695895889604
54.0_14.0,54.0,14.0,Open ocean / other,29,0.1724137931034483,0.6849415284545894,Normal,0,0.003928869500542553,0.009631815157798615
40.0_26.0,40.0,26.0,Turkish Straits (Bosphorus-Dardanelles),62,0.1774193548387097,0.6844805507751538,Normal,0,0.06139809315112718,0.008481840968402989
34.0_130.5,34.0,130.5,Open ocean / other,28,0.25,0.6834134702389106,Normal,0,0.006423150198263035,0.0031429456315122924
29.5_32.5,29.5,32.5,Suez Canal & Gulf of Suez,146,0.18493150684931506,0.6761601381989956,Normal,0,0.17224532976848278,0.03263510392343095
55.5_6.0,55.5,6.0,Open ocean / other,29,0.13793103448275862,0.675124004527282,Normal,0,0.0024784288783905343,0.003920472855239376
24.5_119.5,24.5,119.5,Taiwan Strait,33,0.21212121212121213,0.6745813086807211,Normal,0,0.1423870803043546,0.11150264317019024
49.5_-2.5,49.5,-2.5,Open ocean / other,36,0.16666666666666666,0.6730349845964573,Normal,0,0.013359808073188411,0.00637975479056596
55.0_14.5,55.0,14.5,Open ocean / other,29,0.2413793103448276,0.6706461302941936,Normal,0,0.007527129853124378,0.005175188811737521
17.5_-16.5,17.5,-16.5,Open ocean / other,27,0.2222222222222222,0.6690023255535562,Normal,0,0.014178837728871631,0.021552460954122554
37.0_12.0,37.0,12.0,Open ocean / other,44,0.13636363636363635,0.6663436651848399,Normal,0,0.1219409123528948,0.04544147151284139
48.0_-6.5,48.0,-6.5,Open ocean / other,26,0.15384615384615385,0.6660089753248128,Normal,0,0.0037886018521831794,0.0033103638074034247
34.5_119.5,34.5,119.5,Open ocean / other,95,0.2736842105263158,0.6642695231836957,Normal,0,0.01578567226911867,0.017498627077134867
40.0_22.5,40.0,22.5,Open ocean / other,26,0.46153846153846156,0.6641026276159484,Normal,0,0.0013334583435029796,0.002307207015921033
58.5_21.0,58.5,21.0,Open ocean / other,30,0.1,0.6616129206254422,Normal,0,0.010914030619368483,0.003877855930659316
54.0_-4.0,54.0,-4.0,Open ocean / other,27,0.3333333333333333,0.65666067240991,Normal,0,0.001130579209210633,0.0007950762406249574
42.0_33.5,42.0,33.5,Black Sea,30,0.3,0.6552870115186039,Normal,0,0.060572560517693934,0.014711912552344544
9.5_106.5,9.5,106.5,South China Sea,52,0.17307692307692307,0.6552089445364329,Normal,0,0.2891758752515268,0.11222995509726778
39.5_-73.0,39.5,-73.0,Open ocean / other,43,0.3953488372093023,0.654061943371088,Normal,0,0.0005528558232984863,0.0009970260202278368
41.0_29.0,41.0,29.0,Turkish Straits (Bosphorus-Dardanelles),99,0.20202020202020202,0.6540546518110183,Normal,0,0.06063151795585383,0.021538194813904975
36.0_-2.5,36.0,-2.5,Open ocean / other,50,0.14,0.6508517715943906,Normal,0,0.07842575490066768,0.03468614065032439
39.0_123.0,39.0,123.0,Open ocean / other,88,0.36363636363636365,0.6505685986405148,Normal,0,0.001917846892293659,0.0014074723843527839
52.5_1.5,52.5,1.5,Open ocean / other,39,0.2564102564102564,0.6499496111991591,Normal,0,0.013604921421871816,0.005085416391399009
45.5_13.5,45.5,13.5,Open ocean / other,32,0.15625,0.6497033586691937,Normal,0,0.20427975383825248,0.09763221634449963
38.5_26.0,38.5,26.0,Open ocean / other,73,0.3150684931506849,0.6467220762559528,Normal,0,0.02560851802502711,0.019557126835319415
56.5_7.5,56.5,7.5,Open ocean / other,37,0.1891891891891892,0.6465170417801838,Normal,0,0.0026470471096915753,0.004342423061138838
2.0_101.5,2.0,101.5,Strait of Malacca,66,0.13636363636363635,0.645896321460025,Normal,0,0.0365044455564105,0.027710385596285098
25.5_119.5,25.5,119.5,Taiwan Strait,102,0.19607843137254902,0.6452760524557616,Normal,0,0.05666512298174605,0.044940789704719146
56.0_11.0,56.0,11.0,Open ocean / other,41,0.1951219512195122,0.6450611056646294,Normal,0,0.013661344883964439,0.0042042526320430216
11.0_-17.5,11.0,-17.5,Open ocean / other,29,0.3448275862068966,0.6449239225225992,Normal,0,0.004004297096177477,0.01578139594494968
54.5_5.0,54.5,5.0,Open ocean / other,29,0.1724137931034483,0.6436365646983189,Normal,0,0.003966835676389667,0.0022253713506466956
40.5_-74.0,40.5,-74.0,Open ocean / other,28,0.21428571428571427,0.6406038194718445,Normal,0,0.008169230673672919,0.004630383671785628
5.5_79.5,5.5,79.5,Dondra Head / Sri Lanka corridor,26,0.15384615384615385,0.6372021744868939,Normal,0,0.2358181629336241,0.08532400681948646
50.0_-2.5,50.0,-2.5,Open ocean / other,46,0.21739130434782608,0.6364753467905738,Normal,0,0.006270436793754858,0.002989919803540519
52.5_3.0,52.5,3.0,Open ocean / other,72,0.19444444444444445,0.6355574518957715,Normal,0,0.006742405915467512,0.0031368809009084263
40.5_27.0,40.5,27.0,Turkish Straits (Bosphorus-Dardanelles),48,0.14583333333333334,0.6315848673019867,Normal,0,0.1970636016776318,0.056934623789642286
-7.0_108.5,-7.0,108.5,Open ocean / other,31,0.16129032258064516,0.6309769940887542,Normal,0,0.039197562156297876,0.05978571029245229
40.0_18.5,40.0,18.5,Open ocean / other,25,0.2,0.6306484115843112,Normal,0,0.03183787278601232,0.018226747846806814
54.5_10.5,54.5,10.5,Open ocean / other,35,0.17142857142857143,0.6289375391465463,Normal,0,0.0019187568294829677,0.004930324205870061
-6.5_106.5,-6.5,106.5,Open ocean / other,66,0.15151515151515152,0.6272978438124389,Normal,0,0.05423816009326304,0.04211403478696833
5.5_0.0,5.5,0.0,Gulf of Guinea,38,0.13157894736842105,0.6210108686921758,Normal,0,0.02181165465566672,0.029909499748803678
36.5_12.5,36.5,12.5,Open ocean / other,36,0.1388888888888889,0.6202628965986542,Normal,0,0.20420322987749784,0.060045477255619366
3.0_105.0,3.0,105.0,South China Sea,42,0.11904761904761904,0.6186805198119664,Normal,0,0.40053640765310583,0.1038388816840622
60.0_4.0,60.0,4.0,Open ocean / other,28,0.14285714285714285,0.6168158274830186,Normal,0,0.0021448646266056,0.0019461985748530175
33.5_130.0,33.5,130.0,Open ocean / other,48,0.2708333333333333,0.6140929866997792,Normal,0,0.019529582376699273,0.011423633634919394
31.0_32.0,31.0,32.0,Suez Canal & Gulf of Suez,115,0.1391304347826087,0.6117344122680736,Normal,0,0.19995140435045722,0.03977400720724561
34.0_132.5,34.0,132.5,Open ocean / other,28,0.17857142857142858,0.6114131617313086,Normal,0,0.0036889148387240435,0.0034562969330389944
53.0_5.0,53.0,5.0,Open ocean / other,45,0.37777777777777777,0.6112487472577246,Normal,0,0.0012953372119030315,0.0009379466856037366
33.5_135.0,33.5,135.0,Open ocean / other,25,0.24,0.6101482773751619,Normal,0,0.005804765927377284,0.011052140963628162
34.0_135.0,34.0,135.0,Open ocean / other,81,0.2222222222222222,0.6086068552806664,Normal,0,0.003956592810941644,0.0027039507771778886
19.5_108.5,19.5,108.5,South China Sea,74,0.36486486486486486,0.6081765849496219,Normal,0,0.0173976267366948,0.02630414720321871
31.0_29.5,31.0,29.5,Eastern Mediterranean,105,0.1523809523809524,0.6068338224195519,Normal,0,0.5576904142603399,0.23350314983425163
9.0_103.5,9.0,103.5,Open ocean / other,25,0.44,0.6059811650124364,Normal,0,0.0011395242672910613,0.0011346762920189937
27.0_50.0,27.0,50.0,Persian Gulf,82,0.13414634146341464,0.6041837607213174,Normal,0,0.6662398414671277,0.20801041309433713
54.5_12.5,54.5,12.5,Open ocean / other,42,0.19047619047619047,0.59991893833732,Normal,0,0.0023282899666427054,0.005322892426085615
36.5_27.0,36.5,27.0,Eastern Mediterranean,29,0.20689655172413793,0.5994309257971825,Normal,0,0.08317856509556815,0.018335834162748345
46.0_-3.0,46.0,-3.0,Open ocean / other,25,0.36,0.5979150596848942,Normal,0,0.0020725856883597065,0.0013274084823410028
4.0_6.5,4.0,6.5,Gulf of Guinea,60,0.26666666666666666,0.5932238716839849,Normal,0,0.014870643990833246,0.011309075199108442
25.0_119.0,25.0,119.0,Taiwan Strait,38,0.23684210526315788,0.5930079054977166,Normal,0,0.05150872437007048,0.04090196417972175
31.0_33.5,31.0,33.5,Suez Canal & Gulf of Suez,54,0.16666666666666666,0.5910358771440306,Normal,0,0.057860563536845905,0.00907797858142149
34.5_35.5,34.5,35.5,Eastern Mediterranean,72,0.1388888888888889,0.5875004275649328,Normal,0,0.0257651036055639,0.015908631515339788
38.5_26.5,38.5,26.5,Open ocean / other,151,0.2119205298013245,0.5861248045968072,Normal,0,0.07305442738121251,0.016595674444118715
36.0_-3.5,36.0,-3.5,Open ocean / other,55,0.12727272727272726,0.5847422935418964,Normal,0,0.22067576564235192,0.053999966909007
39.0_25.5,39.0,25.5,Open ocean / other,50,0.24,0.5838631890958996,Normal,0,0.033950992514603026,0.02058026240742338
4.0_96.0,4.0,96.0,Open ocean / other,37,0.1891891891891892,0.5821261118163098,Normal,0,0.03666543960795192,0.05662027840904846
55.0_12.5,55.0,12.5,Open ocean / other,41,0.17073170731707318,0.5775970768610186,Normal,0,0.007452752671045308,0.006803027448114339
58.0_-0.5,58.0,-0.5,Open ocean / other,36,0.2777777777777778,0.5773788602191611,Normal,0,0.002694733941744036,0.002093102109496826
55.0_13.0,55.0,13.0,Open ocean / other,31,0.22580645161290322,0.5760220863726313,Normal,0,0.008047110159167366,0.009914193433821102
34.5_135.0,34.5,135.0,Open ocean / other,148,0.17567567567567569,0.575581472270342,Normal,0,0.0037344239826270316,0.002140343255634016
28.0_48.5,28.0,48.5,Persian Gulf,95,0.21052631578947367,0.5749184716507368,Normal,0,0.5647615363564515,0.07199069279842842
52.0_1.5,52.0,1.5,Open ocean / other,31,0.22580645161290322,0.573816183420964,Normal,0,0.003784862604850256,0.002814524362513914
53.5_6.5,53.5,6.5,Open ocean / other,37,0.1891891891891892,0.5736013664944486,Normal,0,0.005336999599211111,0.0027576257503960843
3.5_-77.5,3.5,-77.5,Open ocean / other,26,0.15384615384615385,0.5720421196478376,Normal,0,0.05322570160527096,0.018056239213052584
53.5_-6.0,53.5,-6.0,Open ocean / other,27,0.3333333333333333,0.5718798360430292,Normal,0,0.0018772467976730606,0.0018042508121662373
18.0_108.5,18.0,108.5,South China Sea,35,0.34285714285714286,0.5714366756899333,Normal,0,0.017480731041922014,0.04828503727501222
42.0_15.0,42.0,15.0,Open ocean / other,48,0.4166666666666667,0.5654329426947209,Normal,0,0.004543844842993237,0.005471379233605148
55.0_13.5,55.0,13.5,Open ocean / other,29,0.13793103448275862,0.5652476072485509,Normal,0,0.00834731733944675,0.005697493211555841
36.0_-2.0,36.0,-2.0,Open ocean / other,26,0.11538461538461539,0.5648628778239608,Normal,0,0.3415746412152777,0.0452784699951456
36.5_26.5,36.5,26.5,Eastern Mediterranean,34,0.14705882352941177,0.5647509510512827,Normal,0,0.28606051699448715,0.039312979650326346
33.5_-8.0,33.5,-8.0,Open ocean / other,219,0.1324200913242009,0.5640447403146576,Normal,0,0.016092492345658273,0.051034197599137236
35.5_122.5,35.5,122.5,Open ocean / other,32,0.15625,0.5626107831093135,Normal,0,0.015524366341895027,0.015495377949752987
53.0_1.5,53.0,1.5,Open ocean / other,43,0.27906976744186046,0.5601937548643845,Normal,0,0.005087965133799292,0.004517429244234208
32.0_-9.5,32.0,-9.5,Open ocean / other,28,0.14285714285714285,0.5599564351286078,Normal,0,0.026567245843640647,0.01661491616189351
56.0_-2.5,56.0,-2.5,Open ocean / other,41,0.3170731707317073,0.5598302887288851,Normal,0,0.0025570307631887813,0.001787233071016003
36.5_12.0,36.5,12.0,Open ocean / other,27,0.18518518518518517,0.5592349611060976,Normal,0,0.03759292661189429,0.02160966990490829
39.0_26.0,39.0,26.0,Open ocean / other,29,0.3448275862068966,0.5569720534156661,Normal,0,0.0007898903275801642,0.0021088937192608823
53.0_2.5,53.0,2.5,Open ocean / other,28,0.17857142857142858,0.5531255410769107,Normal,0,0.003972373467362443,0.002763851234095394
26.5_50.0,26.5,50.0,Persian Gulf,146,0.1780821917808219,0.5518035220396416,Normal,0,0.19188518686778608,0.13124338558516987
1.0_103.0,1.0,103.0,Singapore Strait,80,0.125,0.5509360566020675,Normal,0,0.05231624337726973,0.018769206893078913
36.0_-4.0,36.0,-4.0,Open ocean / other,32,0.09375,0.5480731275180706,Normal,0,0.22009868093629886,0.0603657433879346
-4.0_115.5,-4.0,115.5,Open ocean / other,66,0.13636363636363635,0.5474093546446526,Normal,0,0.024045891502375873,0.01876903957132433
21.0_108.5,21.0,108.5,South China Sea,189,0.31746031746031744,0.5466576595285438,Normal,0,0.036832763473119264,0.03334871326091302
63.0_7.5,63.0,7.5,Open ocean / other,26,0.19230769230769232,0.543894175064533,Normal,0,0.00416134660579907,0.003371608023330314
-3.0_107.0,-3.0,107.0,Open ocean / other,33,0.18181818181818182,0.5427855178241762,Normal,0,0.1420640962354691,0.07390603470818008
36.5_34.5,36.5,34.5,Eastern Mediterranean,37,0.21621621621621623,0.5422341605890347,Normal,0,0.31261678348198746,0.03312787055385217
-4.0_114.0,-4.0,114.0,Open ocean / other,89,0.11235955056179775,0.5416820197557795,Normal,0,0.027016537288226894,0.021093666285290538
56.0_16.5,56.0,16.5,Open ocean / other,27,0.1111111111111111,0.5376698169803975,Normal,0,0.008419547283464104,0.004036407765499395
41.0_30.5,41.0,30.5,Black Sea,29,0.13793103448275862,0.5371331837034087,Normal,0,0.030831316188438797,0.012837463126399952
34.0_127.5,34.0,127.5,Open ocean / other,25,0.2,0.5366245714398988,Normal,0,0.06147028945719857,0.02466721976437716
51.0_3.5,51.0,3.5,Open ocean / other,29,0.1724137931034483,0.5365414814276427,Normal,0,0.0037676135216758526,0.002763851234095394
-3.0_122.0,-3.0,122.0,Open ocean / other,47,0.14893617021276595,0.5333950264029373,Normal,0,0.029444581148089188,0.03471059012373357
49.5_-6.0,49.5,-6.0,Open ocean / other,43,0.27906976744186046,0.5265243450138901,Normal,0,0.004512514670728817,0.004140224494868277
38.0_119.0,38.0,119.0,Open ocean / other,60,0.13333333333333333,0.5260236124128441,Normal,0,0.0011426294166907314,0.002818556047485026
29.0_48.5,29.0,48.5,Persian Gulf,29,0.20689655172413793,0.5258242288127974,Normal,0,0.16888382388502335,0.03256103218315205
0.5_118.0,0.5,118.0,Open ocean / other,55,0.12727272727272726,0.5254215865832315,Normal,0,0.009818497876252202,0.021742155033426355
22.0_-98.0,22.0,-98.0,Open ocean / other,42,0.11904761904761904,0.5236188360496513,Normal,0,0.03677999132850708,0.03352918924365271
51.0_-3.5,51.0,-3.5,Open ocean / other,33,0.18181818181818182,0.5193548485119797,Normal,0,0.005867671270190529,0.003726459725590875
-0.5_117.5,-0.5,117.5,Open ocean / other,151,0.13245033112582782,0.5185616480445661,Normal,0,0.009939812363834542,0.00918361301215102
-7.0_112.5,-7.0,112.5,Open ocean / other,43,0.13953488372093023,0.5137691042536859,Normal,0,0.037287034767183674,0.03127039635278274
53.0_4.5,53.0,4.5,Open ocean / other,62,0.1774193548387097,0.5092724487161442,Normal,0,0.007266784519973055,0.004083706870177791
58.0_0.0,58.0,0.0,Open ocean / other,27,0.25925925925925924,0.5086895205781136,Normal,0,0.002976620383374718,0.0019872660614982727
-5.5_106.5,-5.5,106.5,Open ocean / other,43,0.16279069767441862,0.5080648979186041,Normal,0,0.20761019704148323,0.08628898569045311
19.5_109.0,19.5,109.0,South China Sea,33,0.21212121212121213,0.5056125249982395,Normal,0,0.107334842044716,0.09920612809910605
56.0_18.5,56.0,18.5,Open ocean / other,26,0.11538461538461539,0.5047004936644245,Normal,0,0.0572845945444429,0.01946295275041007
36.0_-6.5,36.0,-6.5,Strait of Gibraltar,25,0.2,0.5023823038243246,Normal,0,0.030581817332893474,0.014005498002680578
54.5_13.0,54.5,13.0,Open ocean / other,25,0.16,0.5015425791642505,Normal,0,0.002547547173766773,0.005214370361232715
3.5_5.5,3.5,5.5,Gulf of Guinea,27,0.18518518518518517,0.5015064574994366,Normal,0,0.1447743494235404,0.07674329724237265
40.5_14.0,40.5,14.0,Open ocean / other,34,0.14705882352941177,0.5012414135001519,Normal,0,0.028959033267846285,0.03433215691480971
50.0_-1.5,50.0,-1.5,Dover Strait / English Channel,65,0.12307692307692308,0.5011593159720495,Normal,0,0.005814832267557733,0.0038869709479040717
40.5_28.0,40.5,28.0,Turkish Straits (Bosphorus-Dardanelles),58,0.13793103448275862,0.5008559909767125,Normal,0,0.07546200158995536,0.012100643191182852
56.5_7.0,56.5,7.0,Open ocean / other,34,0.11764705882352941,0.4968958118171105,Normal,0,0.002801244112387186,0.004386593410732572
-8.5_139.0,-8.5,139.0,Open ocean / other,59,0.3559322033898305,0.4935846032389896,Normal,0,0.0025426288025730197,0.00428720911337222
39.5_25.5,39.5,25.5,Open ocean / other,139,0.1223021582733813,0.4929009244101112,Normal,0,0.09713357639800653,0.031239699876722933
45.0_13.0,45.0,13.0,Open ocean / other,26,0.2692307692307692,0.4928865872131118,Normal,0,0.007711565262091624,0.009273738488298686
40.5_25.5,40.5,25.5,Turkish Straits (Bosphorus-Dardanelles),40,0.325,0.48693179713267193,Normal,0,0.006140078322841115,0.004076629189582265
38.5_119.0,38.5,119.0,Open ocean / other,48,0.08333333333333333,0.4832959089819199,Normal,0,0.0026514100148294665,0.008239685956083908
50.5_0.5,50.5,0.5,Dover Strait / English Channel,81,0.19753086419753085,0.48325061687901855,Normal,0,0.006420702204954314,0.0039003762559785206
51.0_2.5,51.0,2.5,Open ocean / other,198,0.11616161616161616,0.4798113415505438,Normal,0,0.047882305909967,0.01042131438802437
3.5_105.5,3.5,105.5,South China Sea,30,0.1,0.47953079363421564,Normal,0,0.642057538031172,0.1183012541247152
9.5_-14.5,9.5,-14.5,Open ocean / other,45,0.1111111111111111,0.4791240051778483,Normal,0,0.006179232628018871,0.007786955879981249
46.0_-2.5,46.0,-2.5,Open ocean / other,36,0.2777777777777778,0.47782341329426414,Normal,0,0.004148914833352768,0.005078667626398362
27.5_49.0,27.5,49.0,Persian Gulf,65,0.18461538461538463,0.47757212535092036,Normal,0,0.6742022724917766,0.05991172472380124
50.5_0.0,50.5,0.0,Dover Strait / English Channel,45,0.17777777777777778,0.4742000397800611,Normal,0,0.005780689488771687,0.0028466852898635436
55.5_15.0,55.5,15.0,Open ocean / other,42,0.14285714285714285,0.47360315299903294,Normal,0,0.009694969360082475,0.0055900219155951
56.0_7.5,56.0,7.5,Open ocean / other,33,0.21212121212121213,0.473545783083191,Normal,0,0.0041529920143581625,0.0038869880569774523
18.5_72.5,18.5,72.5,India West Coast corridor,64,0.140625,0.4731535652469882,Normal,0,0.017114133406265362,0.01763490200139185
49.0_-4.5,49.0,-4.5,Open ocean / other,37,0.10810810810810811,0.4727060203397669,Normal,0,0.01395501368493714,0.007017968718717293
55.0_8.0,55.0,8.0,Open ocean / other,32,0.1875,0.4707104615007733,Normal,0,0.006605719705475982,0.004837499627755388
1.5_102.5,1.5,102.5,Strait of Malacca,38,0.07894736842105263,0.46989841860066506,Normal,0,0.04227686194928964,0.04292173557972176
54.0_11.0,54.0,11.0,Open ocean / other,29,0.20689655172413793,0.4681418905303108,Normal,0,0.003242184785075106,0.00416923146402224
50.5_-1.5,50.5,-1.5,Dover Strait / English Channel,71,0.14084507042253522,0.46582472715815815,Normal,0,0.0066990503486569165,0.004480292010607656
27.5_49.5,27.5,49.5,Persian Gulf,30,0.13333333333333333,0.46453317305551645,Normal,0,0.2530757892298685,0.05662092575218382
15.0_94.5,15.0,94.5,Bay of Bengal,40,0.325,0.46141952586363505,Normal,0,0.008576579736965557,0.009635094523583068
-1.5_116.5,-1.5,116.5,Open ocean / other,124,0.11290322580645161,0.46099159084542773,Normal,0,0.010864062748511915,0.012604473440035223
26.5_50.5,26.5,50.5,Persian Gulf,32,0.15625,0.460631267434396,Normal,0,0.14246623723667906,0.14922127123776177
4.5_5.0,4.5,5.0,Gulf of Guinea,29,0.27586206896551724,0.46056928541465725,Normal,0,0.03270125517111025,0.006894532510757936
35.5_129.5,35.5,129.5,Open ocean / other,26,0.15384615384615385,0.4573174784537912,Normal,0,0.0024076566395113464,0.003900833197932569
36.5_122.0,36.5,122.0,Open ocean / other,77,0.22077922077922077,0.45321619822815556,Normal,0,0.005732011374261236,0.007823638379836748
27.0_49.5,27.0,49.5,Persian Gulf,154,0.12987012987012986,0.4518261279036681,Normal,0,0.21809310227197082,0.038078713702143226
50.0_-0.5,50.0,-0.5,Dover Strait / English Channel,79,0.1518987341772152,0.4483031626946478,Normal,0,0.007195525064438322,0.004193184990707673
49.5_-1.5,49.5,-1.5,Dover Strait / English Channel,29,0.2413793103448276,0.4465996551873862,Normal,0,0.0010657640836036193,0.0013145156198258398
3.0_117.5,3.0,117.5,South China Sea,51,0.13725490196078433,0.44633875771623605,Normal,0,0.05530169971173322,0.036791381423838095
56.0_6.0,56.0,6.0,Open ocean / other,25,0.12,0.445622515496741,Normal,0,0.0020770724794573845,0.0028975710515533586
43.5_29.0,43.5,29.0,Black Sea,39,0.28205128205128205,0.44503210111221353,Normal,0,0.024109893346033563,0.015177969653245228
23.5_117.5,23.5,117.5,Taiwan Strait,36,0.1111111111111111,0.4448043459447934,Normal,0,0.05556172257403557,0.05165953263065327
1.5_102.0,1.5,102.0,Strait of Malacca,29,0.10344827586206896,0.444255098973304,Normal,0,0.02938199155125673,0.02773012700154855
54.5_-1.0,54.5,-1.0,Open ocean / other,30,0.13333333333333333,0.443452172485074,Normal,0,0.003834202608695465,0.002424915229952415
48.5_-6.5,48.5,-6.5,Open ocean / other,25,0.16,0.4432434543654325,Normal,0,0.005988216728690332,0.0034642178064065833
15.0_108.5,15.0,108.5,South China Sea,30,0.13333333333333333,0.4415313277381102,Normal,0,0.02890323506323173,0.029371575370429604
-8.0_109.0,-8.0,109.0,Open ocean / other,32,0.09375,0.44120101641946696,Normal,0,0.15947269556335542,0.1131616713425305
54.0_5.0,54.0,5.0,Open ocean / other,30,0.1,0.4391787765328263,Normal,0,0.0038360220828983823,0.0025513760040915723
52.0_4.0,52.0,4.0,Open ocean / other,83,0.13253012048192772,0.43541786912949376,Normal,0,0.006078631591395143,0.005383691710732881
4.0_100.0,4.0,100.0,Strait of Malacca,65,0.26153846153846155,0.4354166572498491,Normal,0,0.10718859644674229,0.030936536408769023
5.5_80.0,5.5,80.0,Dondra Head / Sri Lanka corridor,33,0.09090909090909091,0.434026465126433,Normal,0,0.2244627179108913,0.12579150938424158
52.0_3.5,52.0,3.5,Open ocean / other,111,0.0990990990990991,0.4323868439328466,Normal,0,0.04662045141007568,0.014429272741947254
21.0_108.0,21.0,108.0,South China Sea,133,0.21052631578947367,0.4317711887840416,Normal,0,0.0917644945879261,0.05964699471641059
54.5_6.0,54.5,6.0,Open ocean / other,27,0.1111111111111111,0.4314421538025125,Normal,0,0.003768421357215271,0.0024119619266577985
56.0_11.5,56.0,11.5,Open ocean / other,31,0.25806451612903225,0.4274714257682797,Normal,0,0.002432235747186376,0.002589636001450233
50.0_-2.0,50.0,-2.0,Dover Strait / English Channel,50,0.1,0.4264176273919878,Normal,0,0.00847669944387056,0.0058984083473577085
50.5_1.0,50.5,1.0,Dover Strait / English Channel,114,0.14912280701754385,0.42425030468235536,Normal,0,0.02857918449192786,0.004962608058360241
56.0_12.0,56.0,12.0,Open ocean / other,47,0.14893617021276595,0.42180484461529155,Normal,0,0.007564069826572262,0.005072265648384523
68.5_16.5,68.5,16.5,Open ocean / other,33,0.18181818181818182,0.4215256733957891,Normal,0,0.002705998148669941,0.004101945892406691
34.0_128.0,34.0,128.0,Open ocean / other,26,0.15384615384615385,0.42085038062070773,Normal,0,0.00927331354012471,0.012824017569667279
29.5_49.5,29.5,49.5,Persian Gulf,51,0.0784313725490196,0.4200049333682282,Normal,0,0.5688628080451501,0.05968173665445866
49.0_-5.5,49.0,-5.5,Open ocean / other,32,0.09375,0.4191982314321206,Normal,0,0.02276753479038473,0.011256338045672503
0.0_127.5,0.0,127.5,Open ocean / other,43,0.09302325581395349,0.41876141831528185,Normal,0,0.23321256831665418,0.02695604014793
44.0_8.5,44.0,8.5,Open ocean / other,43,0.09302325581395349,0.4177200161835067,Normal,0,0.029377540226655334,0.024694249394578347
22.5_114.5,22.5,114.5,Open ocean / other,38,0.15789473684210525,0.41767184010705205,Normal,0,0.051293639983097605,0.052621747778668765
51.5_3.0,51.5,3.0,Open ocean / other,242,0.10330578512396695,0.4170501905440734,Normal,0,0.03709176470484393,0.009689016862267363
9.0_-14.0,9.0,-14.0,Open ocean / other,33,0.09090909090909091,0.4165429183158451,Normal,0,0.01602198578910725,0.019199623535332375
34.5_127.5,34.5,127.5,Open ocean / other,93,0.12903225806451613,0.4161708818858999,Normal,0,0.0203344626143527,0.011016960736941927
52.0_2.0,52.0,2.0,Open ocean / other,47,0.1276595744680851,0.4138751998078804,Normal,0,0.007716119928271471,0.0034759960911241246
57.0_7.5,57.0,7.5,Open ocean / other,32,0.15625,0.4121616577970286,Normal,0,0.002047703826097776,0.0029884879476680753
50.0_0.5,50.0,0.5,Dover Strait / English Channel,69,0.14492753623188406,0.40843865889879843,Normal,0,0.005948870476202593,0.002968348344388376
52.5_2.5,52.5,2.5,Open ocean / other,58,0.13793103448275862,0.40839893568398195,Normal,0,0.005780689488771687,0.002968348344388376
51.0_1.0,51.0,1.0,Dover Strait / English Channel,58,0.13793103448275862,0.4050214804233518,Normal,0,0.005510099837292506,0.002968348344388376
33.0_132.0,33.0,132.0,Open ocean / other,27,0.1111111111111111,0.40489502348287437,Normal,0,0.01532292388487391,0.0072544294767935575
4.0_7.5,4.0,7.5,Gulf of Guinea,96,0.19791666666666666,0.4046849504743632,Normal,0,0.03127041061338739,0.035281997457334006
56.0_7.0,56.0,7.0,Open ocean / other,31,0.12903225806451613,0.40346173657215917,Normal,0,0.0015617676709786931,0.002318718600647716
4.0_99.5,4.0,99.5,Strait of Malacca,28,0.17857142857142858,0.4031040447879076,Normal,0,0.01861079766528429,0.024055099049094194
53.5_-4.0,53.5,-4.0,Open ocean / other,38,0.18421052631578946,0.40250264922013745,Normal,0,0.006030513675125986,0.004399689308996055
37.0_11.5,37.0,11.5,Open ocean / other,26,0.07692307692307693,0.3986558843042396,Normal,0,0.024803323861500748,0.007512784400154889
47.5_-7.0,47.5,-7.0,Open ocean / other,25,0.08,0.39859890834545525,Normal,0,0.01035046595847577,0.006820631161121586
36.0_122.0,36.0,122.0,Open ocean / other,25,0.2,0.39668433007064957,Normal,0,0.011587645836291925,0.007771677155435566
43.0_14.5,43.0,14.5,Open ocean / other,31,0.12903225806451613,0.3955308609168281,Normal,0,0.03466223860905633,0.03247649288014309
38.0_121.5,38.0,121.5,Open ocean / other,31,0.12903225806451613,0.3947143412857946,Normal,0,0.008228841684238276,0.007123873803044701
55.0_19.0,55.0,19.0,Open ocean / other,30,0.23333333333333334,0.3946946357303157,Normal,0,0.005014189418557057,0.003290963194123889
-6.0_106.0,-6.0,106.0,Sunda Strait,93,0.0967741935483871,0.3945985315438981,Normal,0,0.052847848537440505,0.04450487892168164
34.5_128.0,34.5,128.0,Open ocean / other,64,0.21875,0.3922413578923991,Normal,0,0.004821359308408214,0.003555843681498803
39.0_-10.0,39.0,-10.0,Open ocean / other,25,0.12,0.39027537494299963,Normal,0,0.008297759277116784,0.007968393375567111
54.0_11.5,54.0,11.5,Open ocean / other,47,0.10638297872340426,0.3886955741964217,Normal,0,0.0018707153462790738,0.004734115203174696
-2.5_104.5,-2.5,104.5,Open ocean / other,79,0.08860759493670886,0.38850555578006457,Normal,0,0.007718893932588177,0.009578531566084252
44.0_12.5,44.0,12.5,Open ocean / other,25,0.2,0.3861670038704661,Normal,0,0.008973772439107637,0.007928327478096289
34.0_132.0,34.0,132.0,Open ocean / other,39,0.1282051282051282,0.38592999306321474,Normal,0,0.027645908469360415,0.00817735069239715
0.5_117.5,0.5,117.5,Open ocean / other,77,0.07792207792207792,0.3858324530301158,Normal,0,0.00795468866552289,0.013649934418303436
26.0_119.5,26.0,119.5,Open ocean / other,63,0.1111111111111111,0.38190801780468353,Normal,0,0.06732342535935444,0.052599896456905715
20.0_110.0,20.0,110.0,South China Sea,51,0.13725490196078433,0.3818765794962591,Normal,0,0.11009072630071158,0.1684733036695246
25.0_119.5,25.0,119.5,Taiwan Strait,100,0.12,0.381412662457332,Normal,0,0.06676128221557799,0.047092901868378376
4.0_8.0,4.0,8.0,Gulf of Guinea,133,0.18796992481203006,0.3803286860733098,Normal,0,0.018718361165805664,0.029513808844792207
38.5_122.0,38.5,122.0,Open ocean / other,26,0.11538461538461539,0.37940827633816776,Normal,0,0.0033762108673596174,0.002829868777259374
27.5_48.5,27.5,48.5,Persian Gulf,32,0.15625,0.3793005299380704,Normal,0,0.5192913072743943,0.11077266802816273
4.0_5.5,4.0,5.5,Gulf of Guinea,53,0.22641509433962265,0.37886357466961995,Normal,0,0.009749595189652337,0.007578714798572424
36.0_-3.0,36.0,-3.0,Open ocean / other,46,0.08695652173913043,0.37808116575050144,Normal,0,0.28516664029212885,0.05110898492704525
54.0_8.0,54.0,8.0,Open ocean / other,87,0.1724137931034483,0.37641941002522533,Normal,0,0.010843434416218213,0.01139376768809405
59.0_10.5,59.0,10.5,Open ocean / other,31,0.12903225806451613,0.37497696090361426,Normal,0,0.0035046841945919273,0.0031585330426563293
57.5_9.5,57.5,9.5,Open ocean / other,49,0.16326530612244897,0.3697888119987741,Normal,0,0.0018806482302574253,0.0025668873735344793
22.5_120.0,22.5,120.0,Taiwan Strait,77,0.11688311688311688,0.36899587238374376,Normal,0,0.03675962378312501,0.04461171370771194
-9.0_115.5,-9.0,115.5,Lombok Strait,31,0.0967741935483871,0.3689861083602053,Normal,0,0.031875231828722005,0.028820704056503558
53.5_4.0,53.5,4.0,Open ocean / other,32,0.09375,0.3644710883317996,Normal,0,0.007836533562799435,0.005864767889266799
33.5_131.0,33.5,131.0,Open ocean / other,68,0.10294117647058823,0.36281167847788776,Normal,0,0.006845947122793662,0.0024150583756563067
37.5_10.0,37.5,10.0,Open ocean / other,41,0.07317073170731707,0.3620601856854857,Normal,0,0.028386816256008886,0.018614948768980264
38.5_123.0,38.5,123.0,Open ocean / other,100,0.24,0.3613835076827564,Normal,0,0.001917846892293659,0.0014074723843527839
22.5_69.5,22.5,69.5,India West Coast corridor,104,0.08653846153846154,0.3583725220808045,Normal,0,0.15682699683276205,0.09549434809094993
34.5_136.5,34.5,136.5,Open ocean / other,169,0.08875739644970414,0.35826959443025036,Normal,0,0.007962631798865178,0.005565611671374176
51.0_3.0,51.0,3.0,Open ocean / other,51,0.11764705882352941,0.3581625954390486,Normal,0,0.0059547796672261046,0.004023963091933126
12.0_-17.5,12.0,-17.5,Open ocean / other,25,0.2,0.3573464478309489,Normal,0,0.0010001931065254396,0.0022140947986806106
43.0_-10.0,43.0,-10.0,Open ocean / other,32,0.09375,0.357209339601372,Normal,0,0.041799957017251886,0.02419959087615547
54.0_7.5,54.0,7.5,Open ocean / other,100,0.16,0.35585817156308236,Normal,0,0.0068156747087305194,0.004737920783803608
34.0_133.0,34.0,133.0,Open ocean / other,33,0.12121212121212122,0.35542227517501873,Normal,0,0.026593855770101038,0.009614236133587913
41.0_36.0,41.0,36.0,Black Sea,69,0.08695652173913043,0.35458358421016584,Normal,0,0.03208041077067915,0.018188370125499852
20.0_109.5,20.0,109.5,South China Sea,54,0.18518518518518517,0.3509599363829399,Normal,0,0.031281145214413955,0.023159163590186965
-8.0_113.5,-8.0,113.5,Open ocean / other,38,0.07894736842105263,0.3507138299605698,Normal,0,0.018294703091165012,0.014882721971512435
50.0_-3.5,50.0,-3.5,Open ocean / other,36,0.16666666666666666,0.3463419189357785,Normal,0,0.01631123596524096,0.004124804648158322
18.5_-93.5,18.5,-93.5,Open ocean / other,27,0.1111111111111111,0.3430006370475773,Normal,0,0.02473297119360703,0.01583507536846616
31.5_122.5,31.5,122.5,Open ocean / other,99,0.16161616161616163,0.34186418788794903,Normal,0,0.005788022668272315,0.008533388410240166
53.5_-3.5,53.5,-3.5,Open ocean / other,27,0.14814814814814814,0.33970893095484156,Normal,0,0.011255521289847446,0.005959200175835846
36.0_-5.0,36.0,-5.0,Open ocean / other,86,0.05813953488372093,0.3393216618532844,Normal,0,0.19661816896404005,0.03729330968434482
37.5_11.5,37.5,11.5,Open ocean / other,30,0.16666666666666666,0.3366356749041717,Normal,0,0.01555054338467521,0.011048827284268259
28.5_121.5,28.5,121.5,Open ocean / other,45,0.1111111111111111,0.3340424888312724,Normal,0,0.1559752866394066,0.039528411245068645
-4.0_114.5,-4.0,114.5,Open ocean / other,25,0.08,0.3333066133349302,Normal,0,0.009336790835559503,0.009554496646769255
57.5_10.0,57.5,10.0,Open ocean / other,27,0.1111111111111111,0.33082045516734065,Normal,0,0.0025724353171543454,0.003007365278001312
11.5_43.0,11.5,43.0,Open ocean / other,76,0.06578947368421052,0.3297545329134283,Normal,0,0.26051006063728366,0.13047752254898645
41.5_29.0,41.5,29.0,Black Sea,33,0.09090909090909091,0.328081978744122,Normal,0,0.07259386933602463,0.019285978614685274
34.0_133.5,34.0,133.5,Open ocean / other,54,0.1111111111111111,0.3257928773236012,Normal,0,0.03661419401980977,0.019421707062790162
2.0_102.0,2.0,102.0,Strait of Malacca,45,0.06666666666666667,0.3232745792489323,Normal,0,0.02955227844306944,0.031751218317978516
22.0_113.5,22.0,113.5,Open ocean / other,149,0.12080536912751678,0.3230777123965048,Normal,0,0.03169761560090654,0.025113807844172147
55.5_10.5,55.5,10.5,Open ocean / other,48,0.08333333333333333,0.3223527171375551,Normal,0,0.004330949693262203,0.0032238998769302347
51.0_1.5,51.0,1.5,Dover Strait / English Channel,134,0.07462686567164178,0.32191410572693946,Normal,0,0.022048544878226453,0.00726274112190114
4.0_6.0,4.0,6.0,Gulf of Guinea,54,0.16666666666666666,0.3215118038230467,Normal,0,0.030505867929025692,0.031621586560215256
55.0_14.0,55.0,14.0,Open ocean / other,42,0.07142857142857142,0.3213067333235421,Normal,0,0.013482723213026411,0.010333868664760966
30.5_121.0,30.5,121.0,Open ocean / other,36,0.1111111111111111,0.32098331847211203,Normal,0,0.017138986292473384,0.012077957070907771
49.0_-1.0,49.0,-1.0,Dover Strait / English Channel,35,0.2,0.3200652286565807,Normal,0,0.0007841917886246885,0.002053491473487333
33.5_-118.5,33.5,-118.5,Open ocean / other,33,0.06060606060606061,0.3198985940473169,Normal,0,0.014162271646435904,0.023204881659316424
43.0_4.5,43.0,4.5,Open ocean / other,45,0.08888888888888889,0.3180748823766284,Normal,0,0.025699248214998124,0.029195845205983884
53.0_2.0,53.0,2.0,Open ocean / other,31,0.0967741935483871,0.31587410670322574,Normal,0,0.01430718188953101,0.006634193968072841
36.5_3.0,36.5,3.0,Open ocean / other,31,0.06451612903225806,0.31516636974070306,Normal,0,0.09167889345737892,0.036998732809274834
44.0_28.5,44.0,28.5,Black Sea,29,0.06896551724137931,0.3150118642215499,Normal,0,0.11804871892204581,0.04696828610670191
44.5_12.5,44.5,12.5,Open ocean / other,29,0.1724137931034483,0.31297746276819444,Normal,0,0.02290799557546431,0.01324801447543145
29.0_-95.0,29.0,-95.0,Open ocean / other,63,0.1111111111111111,0.3098744844209335,Normal,0,0.003667977963874244,0.0033388845381452192
33.5_12.5,33.5,12.5,Open ocean / other,55,0.07272727272727272,0.30872980523059046,Normal,0,0.09390906404772344,0.036433142868427255
16.5_54.0,16.5,54.0,Open ocean / other,56,0.07142857142857142,0.3077701005787892,Normal,0,0.34553592400486804,0.08785075819614652
35.5_123.0,35.5,123.0,Open ocean / other,55,0.18181818181818182,0.30646263748215236,Normal,0,0.0030523924843018804,0.002788527892268096
40.0_121.0,40.0,121.0,Open ocean / other,27,0.1111111111111111,0.30580710338964556,Normal,0,0.0019977297143402694,0.0016736809600238246
49.5_-1.0,49.5,-1.0,Dover Strait / English Channel,64,0.171875,0.30526753589775435,Normal,0,0.0030722429685285033,0.003614306243753874
37.5_122.0,37.5,122.0,Open ocean / other,51,0.09803921568627451,0.3025196327030068,Normal,0,0.002506114013647524,0.002157032631147387
38.0_15.5,38.0,15.5,Open ocean / other,29,0.06896551724137931,0.30168926504642296,Normal,0,0.09288293098061981,0.12081358404373527
-2.5_-44.5,-2.5,-44.5,Open ocean / other,115,0.043478260869565216,0.2998965644222748,Normal,0,0.001886381225485807,0.0046393300656378195
2.5_101.0,2.5,101.0,Strait of Malacca,102,0.058823529411764705,0.2998405054831359,Normal,0,0.019688455976325493,0.021572390192024938
58.5_10.5,58.5,10.5,Open ocean / other,50,0.18,0.2986396181904899,Normal,0,0.0019390945128773343,0.0027623304396362795
60.5_4.5,60.5,4.5,Open ocean / other,42,0.09523809523809523,0.2968447058168633,Normal,0,0.00285742024025814,0.004870757759631439
36.0_122.5,36.0,122.5,Open ocean / other,45,0.08888888888888889,0.2948825633111686,Normal,0,0.006894148426541199,0.008908867113344798
33.0_135.5,33.0,135.5,Open ocean / other,35,0.08571428571428572,0.29418093246209887,Normal,0,0.00456730215765819,0.004262142615239237
68.0_11.0,68.0,11.0,Open ocean / other,26,0.11538461538461539,0.28941602356420865,Normal,0,0.0024753838288597394,0.00173907989547807
57.0_19.5,57.0,19.5,Open ocean / other,34,0.08823529411764706,0.28797624710831676,Normal,0,0.009152152073789529,0.005624353736946654
36.0_121.5,36.0,121.5,Open ocean / other,25,0.16,0.2875242074671725,Normal,0,0.010971674895358788,0.005131391594401182
37.0_126.0,37.0,126.0,Open ocean / other,53,0.07547169811320754,0.2868483448138863,Normal,0,0.005015514532111453,0.0033030670024181805
-6.0_105.5,-6.0,105.5,Sunda Strait,151,0.06622516556291391,0.2867429623556777,Normal,0,0.037325163223816515,0.03583276150013444
10.5_-62.0,10.5,-62.0,Open ocean / other,30,0.06666666666666667,0.28616018168397067,Normal,0,0.016988406689901533,0.01804883793174774
57.0_11.5,57.0,11.5,Open ocean / other,43,0.09302325581395349,0.28612976489962216,Normal,0,0.003091148838953111,0.002914229176494001
57.0_8.0,57.0,8.0,Open ocean / other,37,0.08108108108108109,0.2859882070970688,Normal,0,0.0027005636499700847,0.00311377758568066
37.0_-7.0,37.0,-7.0,Open ocean / other,33,0.12121212121212122,0.2859699051257039,Normal,0,0.019452954222373597,0.022280997828097605
14.0_109.0,14.0,109.0,South China Sea,29,0.13793103448275862,0.2835739956645607,Normal,0,0.06713940179469544,0.06522822070371825
54.5_13.5,54.5,13.5,Open ocean / other,59,0.11864406779661017,0.28254964077764605,Normal,0,0.010610079147763038,0.011108957098615955
21.5_112.5,21.5,112.5,South China Sea,39,0.10256410256410256,0.27976673420005826,Normal,0,0.085290126625896,0.0991071359999706
28.0_49.0,28.0,49.0,Persian Gulf,155,0.09032258064516129,0.2784273745837576,Normal,0,0.29679694672053886,0.030373725337152255
69.0_15.0,69.0,15.0,Open ocean / other,25,0.12,0.27784396442428244,Normal,0,0.0008141771796623585,0.0009244229062283607
29.5_121.5,29.5,121.5,Open ocean / other,39,0.07692307692307693,0.27775463564083397,Normal,0,0.029952139966546245,0.010216239681342203
13.5_121.0,13.5,121.0,Open ocean / other,27,0.07407407407407407,0.2770744671193538,Normal,0,0.015796315325547622,0.024874762534158875
5.5_5.0,5.5,5.0,Gulf of Guinea,68,0.1323529411764706,0.276248963609028,Normal,0,0.14020474507858563,0.03671463330150376
37.5_121.0,37.5,121.0,Open ocean / other,65,0.09230769230769231,0.2758095868281841,Normal,0,0.0023079254827306234,0.0020480183792201774
1.0_103.5,1.0,103.5,Singapore Strait,161,0.062111801242236024,0.27540293023552204,Normal,0,0.015179116302369946,0.01700101146362257
55.5_6.5,55.5,6.5,Open ocean / other,32,0.09375,0.2745279635771129,Normal,0,0.001803212742982038,0.0028963921386870994
50.0_0.0,50.0,0.0,Dover Strait / English Channel,69,0.08695652173913043,0.27447629934468654,Normal,0,0.007738558301616597,0.0031176853462948767
54.5_11.0,54.5,11.0,Open ocean / other,58,0.08620689655172414,0.27317427355395063,Normal,0,0.002828230093977413,0.0069713591625786475
34.0_134.0,34.0,134.0,Open ocean / other,35,0.08571428571428572,0.2729342408466485,Normal,0,0.04556818407151129,0.013964441528041726
36.0_-5.5,36.0,-5.5,Strait of Gibraltar,136,0.058823529411764705,0.2708671312375532,Normal,0,0.3210055065697653,0.048090963395705386
50.0_-3.0,50.0,-3.0,Open ocean / other,42,0.07142857142857142,0.2688480491696841,Normal,0,0.006072641163529755,0.0033312777161362064
57.5_8.0,57.5,8.0,Open ocean / other,31,0.0967741935483871,0.2673337119921863,Normal,0,0.0013710125333231764,0.002004941590680669
60.0_5.0,60.0,5.0,Open ocean / other,37,0.08108108108108109,0.26720568138027834,Normal,0,0.001698347059593281,0.002269564514041231
40.0_26.5,40.0,26.5,Turkish Straits (Bosphorus-Dardanelles),73,0.0547945205479452,0.2646366538762655,Normal,0,0.11892191134178437,0.04737433998299196
24.0_118.0,24.0,118.0,Taiwan Strait,82,0.06097560975609756,0.2642265349072104,Normal,0,0.016982853435689785,0.017159521468743496
38.0_121.0,38.0,121.0,Open ocean / other,47,0.1276595744680851,0.2639465209179785,Normal,0,0.0029429985653207005,0.0038262720813872523
30.0_122.5,30.0,122.5,Open ocean / other,61,0.08196721311475409,0.2624390104439183,Normal,0,0.02313534966240276,0.01205738495816999
36.5_122.5,36.5,122.5,Open ocean / other,100,0.1,0.2620330909634335,Normal,0,0.006460041377018954,0.00642091157361321
35.0_130.0,35.0,130.0,Open ocean / other,51,0.13725490196078433,0.2615075654548693,Normal,0,0.0075450161396283955,0.0036017278096934203
30.0_121.5,30.0,121.5,Open ocean / other,127,0.07086614173228346,0.25883815317495246,Normal,0,0.007464090793811787,0.007369138573153434
34.5_129.0,34.5,129.0,Open ocean / other,43,0.09302325581395349,0.25732906357127405,Normal,0,0.013942445007331033,0.013710569238960172
45.5_-2.5,45.5,-2.5,Open ocean / other,28,0.17857142857142858,0.25571748337802513,Normal,0,0.0030513511211090645,0.001624365128769353
38.5_118.5,38.5,118.5,Open ocean / other,80,0.05,0.2556814792499884,Normal,0,0.0035999458331852745,0.006732855748599
49.5_-3.5,49.5,-3.5,Open ocean / other,101,0.07920792079207921,0.2556720576900161,Normal,0,0.00597332719939595,0.004221274974903308
37.5_-9.0,37.5,-9.0,Open ocean / other,29,0.06896551724137931,0.25519442547741295,Normal,0,0.08649462306932376,0.022442576601079352
7.0_79.5,7.0,79.5,Dondra Head / Sri Lanka corridor,25,0.08,0.25440586627328143,Normal,0,0.020269048911058754,0.01877216068145215
38.5_118.0,38.5,118.0,Open ocean / other,167,0.05389221556886228,0.2530885035011166,Normal,0,0.0027802202604718168,0.0048366610977405335
5.0_5.0,5.0,5.0,Gulf of Guinea,98,0.11224489795918367,0.25290525131911606,Normal,0,0.003857046525060221,0.008823316332091652
49.5_-4.0,49.5,-4.0,Open ocean / other,50,0.08,0.2508836538178614,Normal,0,0.004936842173384211,0.0030083310810111903
30.5_122.5,30.5,122.5,Open ocean / other,59,0.0847457627118644,0.2507843242451981,Normal,0,0.01444661191421658,0.008591503038454434
33.5_132.0,33.5,132.0,Open ocean / other,51,0.0784313725490196,0.2502861604915468,Normal,0,0.03532049242950102,0.013954295033720393
1.0_104.0,1.0,104.0,Singapore Strait,216,0.05555555555555555,0.2497437710919076,Normal,0,0.02392497602063784,0.02166521097468741
25.5_-78.0,25.5,-78.0,Open ocean / other,27,0.07407407407407407,0.24967074319444732,Normal,0,0.017082019031119527,0.020772663591321537
27.0_122.5,27.0,122.5,Open ocean / other,179,0.1005586592178771,0.2488687274009767,Normal,0,0.017669759927848302,0.007475841488232198
36.5_-7.0,36.5,-7.0,Open ocean / other,54,0.1111111111111111,0.24868450731887068,Normal,0,0.026072762591554808,0.014653482078762456
4.0_7.0,4.0,7.0,Gulf of Guinea,121,0.11570247933884298,0.2467525785122112,Normal,0,0.015957474892399275,0.012786543326755422
21.5_113.0,21.5,113.0,South China Sea,68,0.08823529411764706,0.24521451067344277,Normal,0,0.02076680566311438,0.01372565518015822
50.5_1.5,50.5,1.5,Dover Strait / English Channel,27,0.07407407407407407,0.24256352097667425,Normal,0,0.006262902062347214,0.0023871038793405065
41.5_32.0,41.5,32.0,Black Sea,37,0.05405405405405406,0.24238122609245893,Normal,0,0.08655344690244797,0.01244831310785155
23.5_118.0,23.5,118.0,Taiwan Strait,25,0.04,0.24011715079953758,Normal,0,0.015380125896354065,0.009749104412558215
28.0_49.5,28.0,49.5,Persian Gulf,78,0.07692307692307693,0.23988872365708774,Normal,0,0.7430771333171785,0.04305709513974203
-24.5_-46.5,-24.5,-46.5,Open ocean / other,85,0.03529411764705882,0.2384686368964042,Normal,0,0.021246803588588756,0.0056344058367515555
42.5_-10.0,42.5,-10.0,Open ocean / other,32,0.0625,0.2376601618672119,Normal,0,0.038592633164799404,0.017865488388540168
29.5_123.0,29.5,123.0,Open ocean / other,56,0.07142857142857142,0.2373210985810388,Normal,0,0.038930569105237255,0.016357131489864337
33.5_136.0,33.5,136.0,Open ocean / other,30,0.06666666666666667,0.23561645085556268,Normal,0,0.002971323188523373,0.005086844927653163
67.0_11.0,67.0,11.0,Open ocean / other,25,0.12,0.2346691832990235,Normal,0,0.00042043078926820094,0.0005231422038595504
23.0_116.5,23.0,116.5,Open ocean / other,31,0.06451612903225806,0.23127978160908266,Normal,0,0.027811007355378708,0.019511742522230435
56.0_6.5,56.0,6.5,Open ocean / other,25,0.08,0.22768437074579817,Normal,0,0.001912154593042613,0.0026949897653012755
38.5_117.5,38.5,117.5,Open ocean / other,40,0.075,0.2268679340139313,Normal,0,0.0019052935695691086,0.004193301314372815
56.5_11.5,56.5,11.5,Open ocean / other,44,0.09090909090909091,0.22619071873924304,Normal,0,0.003723881359338001,0.003831654127285245
26.5_120.5,26.5,120.5,Open ocean / other,77,0.1038961038961039,0.22440912680770056,Normal,0,0.008500484518667474,0.005966169938144444
39.5_26.0,39.5,26.0,Turkish Straits (Bosphorus-Dardanelles),53,0.05660377358490566,0.22439144577332548,Normal,0,0.016922747215134454,0.008072774990252015
34.5_128.5,34.5,128.5,Open ocean / other,74,0.0945945945945946,0.22390640481419866,Normal,0,0.022534076916314823,0.014842650529888554
66.0_12.5,66.0,12.5,Open ocean / other,37,0.08108108108108109,0.22356137492808778,Normal,0,0.007094735881727823,0.00623206612311175
28.0_122.5,28.0,122.5,Open ocean / other,26,0.07692307692307693,0.2221719318713788,Normal,0,0.011155227690376851,0.006346966267683246
51.5_3.5,51.5,3.5,Open ocean / other,69,0.057971014492753624,0.21803496681312032,Normal,0,0.005184734726526147,0.0024328235961145568
53.0_3.5,53.0,3.5,Open ocean / other,30,0.06666666666666667,0.21474271582344306,Normal,0,0.006092264995394046,0.003612900407410524
41.0_2.0,41.0,2.0,Open ocean / other,66,0.045454545454545456,0.21350284037577022,Normal,0,0.03418982789946365,0.03499967475216029
26.5_121.0,26.5,121.0,Open ocean / other,30,0.06666666666666667,0.2131582059342852,Normal,0,0.02461739857881441,0.06390564777394321
37.5_123.0,37.5,123.0,Open ocean / other,37,0.05405405405405406,0.21276425034141958,Normal,0,0.004915866384935667,0.005729900609795827
38.0_24.5,38.0,24.5,Open ocean / other,28,0.03571428571428571,0.21141180099074353,Normal,0,0.05252001938965901,0.05338741767542433
48.5_-6.0,48.5,-6.0,Open ocean / other,32,0.0625,0.21100404931794145,Normal,0,0.006298905139556072,0.005111352261589292
41.0_19.0,41.0,19.0,Open ocean / other,26,0.07692307692307693,0.20861701142031128,Normal,0,0.03491496871482326,0.02872824509217228
24.0_118.5,24.0,118.5,Taiwan Strait,36,0.05555555555555555,0.20837054700716223,Normal,0,0.051251687905367174,0.0495453335017465
57.5_10.5,57.5,10.5,Open ocean / other,133,0.06015037593984962,0.20816648006889182,Normal,0,0.008855965248235202,0.013640269237079698
21.0_111.0,21.0,111.0,South China Sea,89,0.11235955056179775,0.20381996739711963,Normal,0,0.007830579938315013,0.00603642404508263
37.5_-1.5,37.5,-1.5,Open ocean / other,27,0.037037037037037035,0.20067749927555034,Normal,0,0.047228793715320905,0.03562763193244172
54.5_10.0,54.5,10.0,Open ocean / other,44,0.06818181818181818,0.1980787014426587,Normal,0,0.00956917251147217,0.009436968176024687
44.0_14.5,44.0,14.5,Open ocean / other,39,0.1282051282051282,0.19789904625688493,Normal,0,0.004873548253056281,0.0065526465373019335
9.0_-80.0,9.0,-80.0,Panama Canal approaches,59,0.03389830508474576,0.19671793057825052,Normal,0,0.0682511980101552,0.030118638605653256
59.0_5.5,59.0,5.5,Open ocean / other,44,0.06818181818181818,0.19515187757937755,Normal,0,0.007246099453488067,0.0053022506837064436
40.5_29.0,40.5,29.0,Turkish Straits (Bosphorus-Dardanelles),123,0.04878048780487805,0.1948583334457153,Normal,0,0.028248592737581398,0.012375278140263402
-21.5_149.5,-21.5,149.5,Open ocean / other,38,0.02631578947368421,0.19164303256095985,Normal,0,0.11800428954424544,0.024589085310719454
33.0_131.5,33.0,131.5,Open ocean / other,70,0.05714285714285714,0.19105006072638284,Normal,0,0.013935270822104901,0.006411046389120458
27.5_-97.0,27.5,-97.0,Open ocean / other,29,0.034482758620689655,0.18861740241832448,Normal,0,0.03400037856839747,0.04373908250355683
37.5_122.5,37.5,122.5,Open ocean / other,36,0.05555555555555555,0.18831664638829654,Normal,0,0.0030380797590443243,0.0029741904494230216
5.5_4.5,5.5,4.5,Gulf of Guinea,51,0.09803921568627451,0.18625422018657534,Normal,0,0.09012207390081428,0.033134880374477656
60.5_4.0,60.5,4.0,Open ocean / other,29,0.034482758620689655,0.18563892991720746,Normal,0,0.0016028348444888745,0.0028496899782735636
6.0_1.0,6.0,1.0,Gulf of Guinea,50,0.04,0.17877883217033724,Normal,0,0.008118955781739988,0.01003902543262386
36.5_-2.0,36.5,-2.0,Open ocean / other,25,0.04,0.17840781799003896,Normal,0,0.10240838176961437,0.027122476041281072
36.0_-7.5,36.0,-7.5,Open ocean / other,29,0.034482758620689655,0.17723832540158171,Normal,0,0.3971353023666119,0.0415176236725073
70.5_21.5,70.5,21.5,Open ocean / other,28,0.10714285714285714,0.17560884408729238,Normal,0,0.0006448659713228129,0.0005499401464147993
26.0_120.0,26.0,120.0,Open ocean / other,37,0.05405405405405406,0.1746045784767551,Normal,0,0.03143271748614323,0.060352582653239756
38.0_118.0,38.0,118.0,Open ocean / other,63,0.031746031746031744,0.1732582535890461,Normal,0,0.001972349910905311,0.004168701443043052
53.5_7.5,53.5,7.5,Open ocean / other,81,0.04938271604938271,0.17224028929410207,Normal,0,0.007871346400887809,0.005069192242895277
43.5_13.5,43.5,13.5,Open ocean / other,35,0.08571428571428572,0.1711622575238012,Normal,0,0.023861351101106945,0.030159015890811745
44.0_13.0,44.0,13.0,Open ocean / other,25,0.08,0.17070758368282662,Normal,0,0.010638320154734277,0.013120684805148454
36.0_-8.0,36.0,-8.0,Open ocean / other,28,0.03571428571428571,0.17024605570157886,Normal,0,0.14209656091335432,0.038589665973789926
37.5_25.5,37.5,25.5,Open ocean / other,29,0.034482758620689655,0.16361413070668113,Normal,0,0.10376620495003061,0.04508576433060475
30.0_122.0,30.0,122.0,Open ocean / other,65,0.046153846153846156,0.16284311393713496,Normal,0,0.0190318127141544,0.010072659712642767
49.5_-0.5,49.5,-0.5,Dover Strait / English Channel,98,0.05102040816326531,0.16237787027202735,Normal,0,0.005885646303579263,0.004696330443534262
-26.0_-48.5,-26.0,-48.5,Open ocean / other,36,0.027777777777777776,0.15740444714668309,Normal,0,0.014357043223158783,0.019422711794741195
54.5_-1.5,54.5,-1.5,Open ocean / other,30,0.03333333333333333,0.15659973051890141,Normal,0,0.00734322030739112,0.004251955403625618
38.5_120.5,38.5,120.5,Open ocean / other,85,0.09411764705882353,0.15595363524983263,Normal,0,0.0013731290075847018,0.0013243323906740464
62.5_5.5,62.5,5.5,Open ocean / other,40,0.075,0.1558426640201886,Normal,0,0.0013153351377761808,0.0012662763926424942
36.5_1.0,36.5,1.0,Open ocean / other,32,0.03125,0.15414764647135662,Normal,0,0.14226055084329148,0.06558706443848993
70.5_23.5,70.5,23.5,Open ocean / other,30,0.06666666666666667,0.15401446645031303,Normal,0,0.004130063512422551,0.0034390905751415313
70.0_21.5,70.0,21.5,Open ocean / other,33,0.09090909090909091,0.1530090728152269,Normal,0,0.0011548180477598006,0.0008240513674618712
56.5_12.0,56.5,12.0,Open ocean / other,45,0.06666666666666667,0.15010609851163337,Normal,0,0.0038501549381108674,0.005279765191391399
49.5_-3.0,49.5,-3.0,Open ocean / other,61,0.04918032786885246,0.1479275000510189,Normal,0,0.004102797139578526,0.002968348344388376
31.0_122.0,31.0,122.0,Open ocean / other,144,0.041666666666666664,0.1478149499837163,Normal,0,0.010209903493260519,0.007748106465152535
41.0_1.0,41.0,1.0,Open ocean / other,34,0.029411764705882353,0.14721497027802607,Normal,0,0.048192701980136254,0.04788418488460902
57.0_-2.0,57.0,-2.0,Open ocean / other,25,0.04,0.14684018344681427,Normal,0,0.0029093075226536377,0.002126274316677752
70.0_21.0,70.0,21.0,Open ocean / other,27,0.07407407407407407,0.14533986302231816,Normal,0,0.0014287661736619042,0.0013097322151960809
-20.0_35.0,-20.0,35.0,Mozambique Channel,84,0.023809523809523808,0.14468908911502035,Normal,0,0.008768744113324563,0.008217508864054831
41.5_-10.5,41.5,-10.5,Open ocean / other,26,0.038461538461538464,0.13969376679868473,Normal,0,0.011482611670817622,0.011783762708717326
28.5_123.0,28.5,123.0,Open ocean / other,32,0.0625,0.13924421141800547,Normal,0,0.04317734859586297,0.01614172949632916
43.5_-6.0,43.5,-6.0,Open ocean / other,30,0.06666666666666667,0.1387948992102897,Normal,0,0.027958085011214946,0.014426911323889124
43.0_-3.5,43.0,-3.5,Open ocean / other,49,0.061224489795918366,0.13721979808399662,Normal,0,0.014911034129016959,0.012062258828842997
27.0_122.0,27.0,122.0,Open ocean / other,49,0.061224489795918366,0.13409245286792085,Normal,0,0.01902750061878351,0.008569171867875867
24.5_119.0,24.5,119.0,Taiwan Strait,46,0.043478260869565216,0.13221972311719768,Normal,0,0.044022673747086655,0.0358144508751651
49.0_-0.5,49.0,-0.5,Dover Strait / English Channel,95,0.042105263157894736,0.13189396252591434,Normal,0,0.004933073411791776,0.004026478385750888
39.0_-0.5,39.0,-0.5,Open ocean / other,72,0.027777777777777776,0.1302373800839337,Normal,0,0.22140873548410722,0.041047095283283624
70.0_17.0,70.0,17.0,Open ocean / other,27,0.037037037037037035,0.12769686523921855,Normal,0,0.0024257392718950725,0.0019176673420706115
6.0_3.0,6.0,3.0,Gulf of Guinea,63,0.031746031746031744,0.12730165119227857,Normal,0,0.005791707234635931,0.006609403679621852
53.0_4.0,53.0,4.0,Open ocean / other,56,0.03571428571428571,0.12453403216648566,Normal,0,0.0054415650469034635,0.002968348344388376
49.0_-5.0,49.0,-5.0,Open ocean / other,37,0.02702702702702703,0.12362025069732648,Normal,0,0.008288921003574357,0.007575350064604328
27.5_121.0,27.5,121.0,Open ocean / other,89,0.0449438202247191,0.12353984072919026,Normal,0,0.08625190652114209,0.02772092650658167
23.0_117.0,23.0,117.0,Open ocean / other,35,0.02857142857142857,0.12251029249512242,Normal,0,0.026204614950249408,0.028691150233957876
31.5_121.0,31.5,121.0,Open ocean / other,66,0.030303030303030304,0.12172357279222241,Normal,0,0.01879136083986648,0.010890047656155534
6.0_3.5,6.0,3.5,Gulf of Guinea,25,0.04,0.11994484224538292,Normal,0,0.00852601559487058,0.004928540927928655
22.0_114.5,22.0,114.5,Open ocean / other,37,0.02702702702702703,0.11739238708207043,Normal,0,0.10945468579177767,0.08667289010173501
57.0_10.5,57.0,10.5,Open ocean / other,44,0.06818181818181818,0.11657221301297573,Normal,0,0.0007105502512111466,0.001112264676643333
40.5_28.5,40.5,28.5,Turkish Straits (Bosphorus-Dardanelles),240,0.025,0.11581582229619249,Normal,0,0.2201274800841867,0.07056308549099835
29.5_122.0,29.5,122.0,Open ocean / other,93,0.03225806451612903,0.11562041192646526,Normal,0,0.03119209448538864,0.007996407461737519
62.0_5.0,62.0,5.0,Open ocean / other,27,0.037037037037037035,0.11111684376715023,Normal,0,0.002665503014117563,0.0026072097412973973
10.0_-15.0,10.0,-15.0,Open ocean / other,91,0.03296703296703297,0.11021710261509554,Normal,0,0.0013017896635795336,0.003701513396255425
28.0_121.5,28.0,121.5,Open ocean / other,58,0.034482758620689655,0.10862867984305025,Normal,0,0.06638945133687982,0.043201919525671165
43.0_14.0,43.0,14.0,Open ocean / other,27,0.07407407407407407,0.1080468742030527,Normal,0,0.002996966331624567,0.004484610724186146
59.0_5.0,59.0,5.0,Open ocean / other,35,0.02857142857142857,0.10546346518297502,Normal,0,0.0020080076305295383,0.0027576257503960843
69.5_17.5,69.5,17.5,Open ocean / other,57,0.05263157894736842,0.10175592368793861,Normal,0,0.0007127520381215184,0.0014210390430971337
57.5_9.0,57.5,9.0,Open ocean / other,51,0.0392156862745098,0.1006945582311808,Normal,0,0.0027705289762637534,0.004195729520678942
3.0_5.5,3.0,5.5,Gulf of Guinea,28,0.03571428571428571,0.10002376163577745,Normal,0,0.09607459043004947,0.014335694411684351
10.0_107.0,10.0,107.0,South China Sea,80,0.025,0.09688426725258964,Normal,0,0.029672442336569033,0.01891419481117476
54.0_6.5,54.0,6.5,Open ocean / other,28,0.03571428571428571,0.09687694040531561,Normal,0,0.0037861073633065102,0.002763851234095394
38.0_141.0,38.0,141.0,Open ocean / other,39,0.02564102564102564,0.0936419595096709,Normal,0,0.003826616356702356,0.004290255265067254
35.0_129.5,35.0,129.5,Open ocean / other,116,0.034482758620689655,0.09314550014111463,Normal,0,0.0033435200663087987,0.0025198086395658466
57.5_11.5,57.5,11.5,Open ocean / other,36,0.027777777777777776,0.0920557306003714,Normal,0,0.0033564363418630604,0.005096151219807045
36.5_-9.5,36.5,-9.5,Open ocean / other,31,0.03225806451612903,0.09192739877471173,Normal,0,0.036702213912523964,0.019659223239979366
22.0_114.0,22.0,114.0,Open ocean / other,132,0.022727272727272728,0.0908255042511096,Normal,0,0.04175430648952176,0.030388958177062345
43.5_14.0,43.5,14.0,Open ocean / other,38,0.05263157894736842,0.09027399122067373,Normal,0,0.028624563637896908,0.027753361706558913
43.5_-9.0,43.5,-9.0,Open ocean / other,25,0.04,0.08288722192651912,Normal,0,0.006615852057301892,0.005754993566426526
30.5_122.0,30.5,122.0,Open ocean / other,91,0.02197802197802198,0.08286788949234682,Normal,0,0.010558706342046347,0.010048691887346126
57.5_11.0,57.5,11.0,Open ocean / other,54,0.018518518518518517,0.07883914562003211,Normal,0,0.007676005895995673,0.009317649919409011
27.0_121.0,27.0,121.0,Open ocean / other,39,0.02564102564102564,0.07671646895132693,Normal,0,0.04816569747714498,0.0371044691730743
29.5_122.5,29.5,122.5,Open ocean / other,98,0.02040816326530612,0.07598433135277252,Normal,0,0.037613760969943254,0.01324454681890747
27.0_121.5,27.0,121.5,Open ocean / other,69,0.028985507246376812,0.07359773897303523,Normal,0,0.03306897433223496,0.01269522324732029
5.0_4.5,5.0,4.5,Gulf of Guinea,54,0.037037037037037035,0.07114101939526021,Normal,0,0.03428526142626618,0.025158725998677172
44.5_13.0,44.5,13.0,Open ocean / other,26,0.038461538461538464,0.06787514402825985,Normal,0,0.012760939461713973,0.011359319208895947
69.5_17.0,69.5,17.0,Open ocean / other,27,0.037037037037037035,0.06716751555737122,Normal,0,0.0004169987294402085,0.000895435889536136
13.5_-91.0,13.5,-91.0,Open ocean / other,112,0.008928571428571428,0.06255562042682149,Normal,0,0.5699943028843677,0.06056564459821877
36.5_36.0,36.5,36.0,Eastern Mediterranean,191,0.015706806282722512,0.06228077717249394,Normal,0,0.04328509441127101,0.029788181208933832
33.0_-9.0,33.0,-9.0,Open ocean / other,98,0.01020408163265306,0.06173670867073102,Normal,0,0.11886020501922,0.05156742108975478
40.0_121.5,40.0,121.5,Open ocean / other,78,0.01282051282051282,0.058895677072393404,Normal,0,0.004621716028132227,0.0047586348780398295
28.5_122.5,28.5,122.5,Open ocean / other,41,0.024390243902439025,0.054547892394250785,Normal,0,0.030436263518150007,0.011949667195555244
28.0_122.0,28.0,122.0,Open ocean / other,45,0.022222222222222223,0.054330922526315516,Normal,0,0.07284087052601011,0.01540329099619158
27.5_123.0,27.5,123.0,Open ocean / other,36,0.027777777777777776,0.05356063230924239,Normal,0,0.05328622461279141,0.024187604690746795
27.5_121.5,27.5,121.5,Open ocean / other,58,0.017241379310344827,0.04830867893689142,Normal,0,0.027746285874600148,0.025043094071243745
57.0_11.0,57.0,11.0,Open ocean / other,39,0.02564102564102564,0.045335145433295164,Normal,0,0.002658039979658674,0.003646799336389027
35.0_129.0,35.0,129.0,Open ocean / other,95,0.010526315789473684,0.041090345504292185,Normal,0,0.002839024883025308,0.002504379656534579
31.0_121.5,31.0,121.5,Open ocean / other,110,0.00909090909090909,0.039850070027892356,Normal,0,0.012026161578746239,0.010429710975655027
29.0_122.0,29.0,122.0,Open ocean / other,69,0.014492753623188406,0.038163377370601305,Normal,0,0.05204114106130026,0.008911066466771094
21.5_113.5,21.5,113.5,South China Sea,80,0.0125,0.03446370706951981,Normal,0,0.01836212825436382,0.012952278702207571
28.0_123.0,28.0,123.0,Open ocean / other,65,0.015384615384615385,0.03415560752055216,Normal,0,0.009081065958918893,0.0025512651712560914
29.0_122.5,29.0,122.5,Open ocean / other,83,0.012048192771084338,0.030092237404271197,Normal,0,0.0354252604553175,0.006653129095991914
28.5_122.0,28.5,122.0,Open ocean / other,61,0.0,0.0,Normal,0,0.06573096731334008,0.010184520799804968
33.5_131.5,33.5,131.5,Open ocean / other,52,0.0,0.0,Normal,0,0.01281203754759284,0.007575024049127467
21.5_114.0,21.5,114.0,South China Sea,31,0.0,0.0,Normal,0,0.058101425941007825,0.04571298200515568
54.0_12.0,54.0,12.0,Open ocean / other,28,0.0,0.0,Normal,0,0.002625076297408091,0.005147687155101194
54.5_12.0,54.5,12.0,Open ocean / other,29,0.0,0.0,Normal,0,0.004746122716938979,0.006313974538467131
22.0_115.0,22.0,115.0,Open ocean / other,33,0.0,0.0,Normal,0,0.03449025090254451,0.025511875278392118
36.5_23.5,36.5,23.5,Open ocean / other,34,0.0,0.0,Normal,0,0.09724772004195079,0.18326678138601898
22.5_115.5,22.5,115.5,Open ocean / other,36,0.0,0.0,Normal,0,0.05192807139475174,0.04421702665643457
38.5_121.5,38.5,121.5,Open ocean / other,41,0.0,0.0,Normal,0,0.0034354550033661806,0.0026942120579870736
39.0_119.0,39.0,119.0,Open ocean / other,34,0.0,0.0,Normal,0,0.0018965133484017984,0.005059031762169991
27.5_122.0,27.5,122.0,Open ocean / other,52,0.0,0.0,Normal,0,0.021145301478913348,0.01214131242559873
49.5_-4.5,49.5,-4.5,Open ocean / other,30,0.0,0.0,Normal,0,0.004361544377439694,0.002512024816939042
39.0_9.0,39.0,9.0,Open ocean / other,31,0.0,0.0,Normal,0,0.024825039664804066,0.021869344250160308
22.0_115.5,22.0,115.5,Open ocean / other,25,0.0,0.0,Normal,0,0.011846694254845885,0.006983199084065929
26.5_120.0,26.5,120.0,Open ocean / other,30,0.0,0.0,Normal,0,0.037058270471228075,0.03689728764727676
36.0_-4.5,36.0,-4.5,Open ocean / other,47,0.0,0.0,Normal,0,0.21263684200676528,0.052953437087941146
36.5_-1.5,36.5,-1.5,Open ocean / other,32,0.0,0.0,Normal,0,0.17731033493402354,0.03675567147349081
35.5_-5.0,35.5,-5.0,Strait of Gibraltar,35,0.0,0.0,Normal,0,0.15827788074405585,0.04848190610428399
31.0_122.5,31.0,122.5,Open ocean / other,155,0.0,0.0,Normal,0,0.011053397449407136,0.01075007935375414
3.5_7.0,3.5,7.0,Gulf of Guinea,31,0.0,0.0,Normal,0,0.1885265442368653,0.04795195584263478
24.5_118.5,24.5,118.5,Taiwan Strait,31,0.0,0.0,Normal,0,0.029161567003598097,0.021401256522944813
42.0_-10.0,42.0,-10.0,Open ocean / other,28,0.0,0.0,Normal,0,0.022482557259393087,0.014662151705054999
41.5_-10.0,41.5,-10.0,Open ocean / other,27,0.0,0.0,Normal,0,0.013461338429039075,0.009998324722220786
28.0_121.0,28.0,121.0,Open ocean / other,26,0.0,0.0,Normal,0,0.14062669571593633,0.05761425694976259
53.5_4.5,53.5,4.5,Open ocean / other,28,0.0,0.0,Normal,0,0.009024310988379183,0.005266800674253956
57.5_8.5,57.5,8.5,Open ocean / other,26,0.0,0.0,Normal,0,0.001678674963240812,0.0021812378795567225
57.0_1.5,57.0,1.5,Open ocean / other,34,0.0,0.0,Normal,0,0.0043891070029863505,0.00467148639725158
70.5_17.0,70.5,17.0,Open ocean / other,39,0.0,0.0,Normal,0,0.00226094864114714,0.003018279111171311
71.5_16.0,71.5,16.0,Open ocean / other,26,0.0,0.0,Normal,0,0.001471781850384059,0.0019997051892041606
