Date,Country,Exchange rate
1973-01-02,India,8.02
1973-01-03,India,8.02
1973-01-04,India,8.0
1973-01-05,India,8.01
1973-01-08,India,8.0
1973-01-09,India,8.0
1973-01-10,India,8.0
1973-01-11,India,8.0
1973-01-12,India,8.0
1973-01-15,India,8.0
1973-01-16,India,8.01
1973-01-17,India,8.01
1973-01-18,India,8.01
1973-01-19,India,8.0
1973-01-22,India,8.0
1973-01-23,India,8.0
1973-01-24,India,8.0
1973-01-25,India,8.0
1973-01-26,India,8.0
1973-01-29,India,8.01
1973-01-30,India,8.0
1973-01-31,India,8.0
1973-02-01,India,8.0
1973-02-02,India,8.0
1973-02-05,India,7.97
1973-02-06,India,8.0
1973-02-07,India,8.0
1973-02-08,India,8.01
1973-02-09,India,8.01
1973-02-12,India,
1973-02-13,India,
1973-02-14,India,
1973-02-15,India,7.58
1973-02-16,India,7.58
1973-02-19,India,
1973-02-20,India,7.58
1973-02-21,India,7.58
1973-02-22,India,7.58
1973-02-23,India,7.58
1973-02-26,India,7.55
1973-02-27,India,7.52
1973-02-28,India,7.52
1973-03-01,India,7.55
1973-03-02,India,
1973-03-05,India,
1973-03-06,India,7.35
1973-03-07,India,7.19
1973-03-08,India,7.25
1973-03-09,India,7.55
1973-03-12,India,7.52
1973-03-13,India,7.52
1973-03-14,India,7.94
1973-03-15,India,7.52
1973-03-16,India,7.81
1973-03-19,India,7.6
1973-03-20,India,7.58
1973-03-21,India,7.58
1973-03-22,India,7.58
1973-03-23,India,7.58
1973-03-26,India,7.58
1973-03-27,India,7.55
1973-03-28,India,7.55
1973-03-29,India,7.58
1973-03-30,India,7.55
1973-04-02,India,7.58
1973-04-03,India,7.55
1973-04-04,India,7.55
1973-04-05,India,7.55
1973-04-06,India,7.55
1973-04-09,India,7.55
1973-04-10,India,7.55
1973-04-11,India,7.52
1973-04-12,India,7.5
1973-04-13,India,7.52
1973-04-16,India,7.52
1973-04-17,India,7.55
1973-04-18,India,7.55
1973-04-19,India,7.55
1973-04-20,India,7.55
1973-04-23,India,7.55
1973-04-24,India,7.56
1973-04-25,India,7.55
1973-04-26,India,7.56
1973-04-27,India,7.58
1973-04-30,India,7.53
1973-05-01,India,7.54
1973-05-02,India,7.52
1973-05-03,India,7.55
1973-05-04,India,7.55
1973-05-07,India,7.55
1973-05-08,India,7.55
1973-05-09,India,7.52
1973-05-10,India,7.52
1973-05-11,India,7.52
1973-05-14,India,7.46
1973-05-15,India,7.46
1973-05-16,India,7.49
1973-05-17,India,7.52
1973-05-18,India,7.52
1973-05-21,India,7.52
1973-05-22,India,7.52
1973-05-23,India,7.52
1973-05-24,India,7.46
1973-05-25,India,7.41
1973-05-28,India,
1973-05-29,India,7.4
1973-05-30,India,7.35
1973-05-31,India,7.39
1973-06-01,India,7.25
1973-06-04,India,7.22
1973-06-05,India,7.22
1973-06-06,India,7.27
1973-06-07,India,7.25
1973-06-08,India,7.3
1973-06-11,India,7.3
1973-06-12,India,7.33
1973-06-13,India,7.33
1973-06-14,India,7.26
1973-06-15,India,7.3
1973-06-18,India,7.25
1973-06-19,India,7.25
1973-06-20,India,7.25
1973-06-21,India,7.25
1973-06-22,India,7.3
1973-06-25,India,7.27
1973-06-26,India,7.27
1973-06-27,India,7.27
1973-06-28,India,7.27
1973-06-29,India,7.3
1973-07-02,India,7.3
1973-07-03,India,7.27
1973-07-04,India,
1973-07-05,India,7.27
1973-07-06,India,7.3
1973-07-09,India,7.3
1973-07-10,India,7.3
1973-07-11,India,7.3
1973-07-12,India,7.25
1973-07-13,India,7.3
1973-07-16,India,7.3
1973-07-17,India,7.27
1973-07-18,India,7.27
1973-07-19,India,7.27
1973-07-20,India,7.41
1973-07-23,India,7.41
1973-07-24,India,7.46
1973-07-25,India,7.46
1973-07-26,India,7.46
1973-07-27,India,7.49
1973-07-30,India,7.49
1973-07-31,India,7.49
1973-08-01,India,7.49
1973-08-02,India,7.49
1973-08-03,India,7.49
1973-08-06,India,7.52
1973-08-07,India,7.52
1973-08-08,India,7.46
1973-08-09,India,7.49
1973-08-10,India,7.49
1973-08-13,India,7.62
1973-08-14,India,7.58
1973-08-15,India,7.6
1973-08-16,India,7.58
1973-08-17,India,7.66
1973-08-20,India,7.66
1973-08-21,India,7.66
1973-08-22,India,7.6
1973-08-23,India,7.6
1973-08-24,India,7.6
1973-08-27,India,7.58
1973-08-28,India,7.58
1973-08-29,India,7.55
1973-08-30,India,7.58
1973-08-31,India,7.58
1973-09-03,India,
1973-09-04,India,7.58
1973-09-05,India,7.55
1973-09-06,India,7.58
1973-09-07,India,7.58
1973-09-10,India,7.6
1973-09-11,India,7.6
1973-09-12,India,7.75
1973-09-13,India,7.78
1973-09-14,India,7.78
1973-09-17,India,7.75
1973-09-18,India,7.78
1973-09-19,India,7.75
1973-09-20,India,7.75
1973-09-21,India,7.75
1973-09-24,India,7.72
1973-09-25,India,7.75
1973-09-26,India,7.75
1973-09-27,India,7.75
1973-09-28,India,7.75
1973-10-01,India,7.72
1973-10-02,India,7.78
1973-10-03,India,7.78
1973-10-04,India,7.78
1973-10-05,India,7.78
1973-10-08,India,
1973-10-09,India,7.78
1973-10-10,India,7.75
1973-10-11,India,7.75
1973-10-12,India,7.75
1973-10-15,India,7.78
1973-10-16,India,7.72
1973-10-17,India,7.69
1973-10-18,India,7.69
1973-10-19,India,7.69
1973-10-22,India,
1973-10-23,India,7.69
1973-10-24,India,7.69
1973-10-25,India,7.69
1973-10-26,India,7.69
1973-10-29,India,7.69
1973-10-30,India,7.69
1973-10-31,India,7.69
1973-11-01,India,7.68
1973-11-02,India,7.68
1973-11-05,India,7.7
1973-11-06,India,
1973-11-07,India,7.76
1973-11-08,India,7.76
1973-11-09,India,7.78
1973-11-12,India,7.69
1973-11-13,India,7.69
1973-11-14,India,7.69
1973-11-15,India,7.69
1973-11-16,India,7.86
1973-11-19,India,7.86
1973-11-20,India,7.83
1973-11-21,India,7.83
1973-11-22,India,
1973-11-23,India,8.0
1973-11-26,India,8.0
1973-11-27,India,8.0
1973-11-28,India,8.06
1973-11-29,India,8.06
1973-11-30,India,8.06
1973-12-03,India,8.03
1973-12-04,India,8.03
1973-12-05,India,8.03
1973-12-06,India,8.06
1973-12-07,India,8.06
1973-12-10,India,8.06
1973-12-11,India,8.06
1973-12-12,India,8.13
1973-12-13,India,8.13
1973-12-14,India,8.13
1973-12-17,India,8.2
1973-12-18,India,8.2
1973-12-19,India,8.12
1973-12-20,India,8.12
1973-12-21,India,8.12
1973-12-24,India,8.12
1973-12-25,India,
1973-12-26,India,8.12
1973-12-27,India,8.16
1973-12-28,India,8.16
1973-12-31,India,8.16
1974-01-01,India,
1974-01-02,India,8.16
1974-01-03,India,8.21
1974-01-04,India,8.21
1974-01-07,India,8.21
1974-01-08,India,8.4
1974-01-09,India,8.4
1974-01-10,India,8.4
1974-01-11,India,8.4
1974-01-14,India,8.36
1974-01-15,India,8.36
1974-01-16,India,8.36
1974-01-17,India,8.36
1974-01-18,India,8.58
1974-01-21,India,8.58
1974-01-22,India,8.58
1974-01-23,India,8.62
1974-01-24,India,8.62
1974-01-25,India,8.62
1974-01-28,India,8.55
1974-01-29,India,8.55
1974-01-30,India,8.55
1974-01-31,India,8.55
1974-02-01,India,8.23
1974-02-04,India,8.23
1974-02-05,India,8.23
1974-02-06,India,8.23
1974-02-07,India,8.23
1974-02-08,India,8.37
1974-02-11,India,8.37
1974-02-12,India,
1974-02-13,India,8.33
1974-02-14,India,8.33
1974-02-15,India,8.23
1974-02-18,India,
1974-02-19,India,8.23
1974-02-20,India,8.23
1974-02-21,India,8.2
1974-02-22,India,8.2
1974-02-25,India,8.2
1974-02-26,India,8.2
1974-02-27,India,8.2
1974-02-28,India,8.16
1974-03-01,India,8.2
1974-03-04,India,8.2
1974-03-05,India,8.2
1974-03-06,India,8.2
1974-03-07,India,8.08
1974-03-08,India,8.1
1974-03-11,India,8.1
1974-03-12,India,8.1
1974-03-13,India,8.1
1974-03-14,India,8.1
1974-03-15,India,8.03
1974-03-18,India,8.03
1974-03-19,India,8.03
1974-03-20,India,8.03
1974-03-21,India,8.03
1974-03-22,India,7.97
1974-03-25,India,7.97
1974-03-26,India,7.97
1974-03-27,India,7.97
1974-03-28,India,7.97
1974-03-29,India,7.81
1974-04-01,India,7.81
1974-04-02,India,7.81
1974-04-03,India,7.81
1974-04-04,India,7.81
1974-04-05,India,7.84
1974-04-08,India,7.84
1974-04-09,India,7.84
1974-04-10,India,7.81
1974-04-11,India,7.81
1974-04-12,India,7.97
1974-04-15,India,7.97
1974-04-16,India,8.0
1974-04-17,India,7.97
1974-04-18,India,7.97
1974-04-19,India,7.87
1974-04-22,India,7.87
1974-04-23,India,7.87
1974-04-24,India,7.87
1974-04-25,India,7.87
1974-04-26,India,7.81
1974-04-29,India,7.81
1974-04-30,India,7.81
1974-05-01,India,7.81
1974-05-02,India,7.81
1974-05-03,India,7.75
1974-05-06,India,7.75
1974-05-07,India,7.87
1974-05-08,India,7.75
1974-05-09,India,7.75
1974-05-10,India,7.72
1974-05-13,India,7.72
1974-05-14,India,7.72
1974-05-15,India,7.72
1974-05-16,India,7.72
1974-05-17,India,7.81
1974-05-20,India,7.81
1974-05-21,India,7.84
1974-05-22,India,7.81
1974-05-23,India,7.81
1974-05-24,India,7.81
1974-05-27,India,
1974-05-28,India,7.81
1974-05-29,India,7.81
1974-05-30,India,7.81
1974-05-31,India,7.87
1974-06-03,India,7.87
1974-06-04,India,7.87
1974-06-05,India,7.87
1974-06-06,India,7.87
1974-06-07,India,7.81
1974-06-10,India,7.81
1974-06-11,India,7.81
1974-06-12,India,7.81
1974-06-13,India,7.81
1974-06-14,India,7.87
1974-06-17,India,7.87
1974-06-18,India,7.87
1974-06-19,India,7.87
1974-06-20,India,7.87
1974-06-21,India,7.87
1974-06-24,India,7.87
1974-06-25,India,7.87
1974-06-26,India,7.81
1974-06-27,India,7.81
1974-06-28,India,7.87
1974-07-01,India,7.81
1974-07-02,India,7.81
1974-07-03,India,7.81
1974-07-04,India,
1974-07-05,India,7.87
1974-07-08,India,7.81
1974-07-09,India,7.81
1974-07-10,India,7.81
1974-07-11,India,7.81
1974-07-12,India,7.87
1974-07-15,India,7.81
1974-07-16,India,7.81
1974-07-17,India,7.81
1974-07-18,India,7.81
1974-07-19,India,7.87
1974-07-22,India,7.81
1974-07-23,India,7.87
1974-07-24,India,7.84
1974-07-25,India,7.84
1974-07-26,India,7.87
1974-07-29,India,7.87
1974-07-30,India,7.87
1974-07-31,India,7.87
1974-08-01,India,7.81
1974-08-02,India,7.81
1974-08-05,India,7.87
1974-08-06,India,7.87
1974-08-07,India,7.87
1974-08-08,India,7.87
1974-08-09,India,7.94
1974-08-12,India,7.94
1974-08-13,India,7.94
1974-08-14,India,7.94
1974-08-15,India,7.94
1974-08-16,India,8.06
1974-08-19,India,8.06
1974-08-20,India,8.06
1974-08-21,India,8.06
1974-08-22,India,8.06
1974-08-23,India,8.06
1974-08-26,India,8.06
1974-08-27,India,8.1
1974-08-28,India,8.1
1974-08-29,India,8.1
1974-08-30,India,8.13
1974-09-02,India,
1974-09-03,India,8.13
1974-09-04,India,8.13
1974-09-05,India,8.13
1974-09-06,India,8.13
1974-09-09,India,8.13
1974-09-10,India,8.13
1974-09-11,India,8.13
1974-09-12,India,8.13
1974-09-13,India,8.12
1974-09-16,India,8.12
1974-09-17,India,8.12
1974-09-18,India,8.12
1974-09-19,India,8.12
1974-09-20,India,8.12
1974-09-23,India,8.12
1974-09-24,India,8.12
1974-09-25,India,8.12
1974-09-26,India,8.12
1974-09-27,India,8.12
1974-09-30,India,8.06
1974-10-01,India,8.06
1974-10-02,India,8.03
1974-10-03,India,8.03
1974-10-04,India,8.03
1974-10-07,India,8.06
1974-10-08,India,8.06
1974-10-09,India,8.06
1974-10-10,India,8.06
1974-10-11,India,8.03
1974-10-14,India,
1974-10-15,India,8.03
1974-10-16,India,8.03
1974-10-17,India,8.03
1974-10-18,India,8.06
1974-10-21,India,8.06
1974-10-22,India,8.06
1974-10-23,India,8.06
1974-10-24,India,8.06
1974-10-25,India,8.06
1974-10-28,India,8.06
1974-10-29,India,8.06
1974-10-30,India,8.06
1974-10-31,India,8.06
1974-11-01,India,8.06
1974-11-04,India,8.06
1974-11-05,India,
1974-11-06,India,8.06
1974-11-07,India,8.06
1974-11-08,India,8.03
1974-11-11,India,
1974-11-12,India,8.03
1974-11-13,India,8.03
1974-11-14,India,8.03
1974-11-15,India,8.1
1974-11-18,India,8.1
1974-11-19,India,8.1
1974-11-20,India,8.1
1974-11-21,India,8.1
1974-11-22,India,8.06
1974-11-25,India,8.06
1974-11-26,India,8.06
1974-11-27,India,8.06
1974-11-28,India,
1974-11-29,India,8.06
1974-12-02,India,8.06
1974-12-03,India,8.06
1974-12-04,India,8.06
1974-12-05,India,8.06
1974-12-06,India,8.1
1974-12-09,India,8.1
1974-12-10,India,8.0
1974-12-11,India,8.0
1974-12-12,India,8.0
1974-12-13,India,8.13
1974-12-16,India,8.13
1974-12-17,India,8.13
1974-12-18,India,8.13
1974-12-19,India,8.13
1974-12-20,India,8.13
1974-12-23,India,8.13
1974-12-24,India,8.13
1974-12-25,India,
1974-12-26,India,8.13
1974-12-27,India,8.13
1974-12-30,India,8.13
1974-12-31,India,8.13
1975-01-01,India,
1975-01-02,India,8.13
1975-01-03,India,8.13
1975-01-06,India,8.13
1975-01-07,India,8.13
1975-01-08,India,8.13
1975-01-09,India,8.13
1975-01-10,India,8.13
1975-01-13,India,8.13
1975-01-14,India,8.13
1975-01-15,India,8.13
1975-01-16,India,8.13
1975-01-17,India,8.13
1975-01-20,India,8.13
1975-01-21,India,8.13
1975-01-22,India,8.13
1975-01-23,India,8.13
1975-01-24,India,8.13
1975-01-27,India,8.13
1975-01-28,India,8.13
1975-01-29,India,8.13
1975-01-30,India,8.13
1975-01-31,India,8.13
1975-02-03,India,8.13
1975-02-04,India,8.13
1975-02-05,India,8.13
1975-02-06,India,8.13
1975-02-07,India,7.94
1975-02-10,India,7.94
1975-02-11,India,7.94
1975-02-12,India,
1975-02-13,India,7.94
1975-02-14,India,7.94
1975-02-17,India,
1975-02-18,India,7.94
1975-02-19,India,7.94
1975-02-20,India,7.94
1975-02-21,India,7.94
1975-02-24,India,7.94
1975-02-25,India,7.94
1975-02-26,India,7.94
1975-02-27,India,7.94
1975-02-28,India,7.75
1975-03-03,India,7.75
1975-03-04,India,7.75
1975-03-05,India,7.75
1975-03-06,India,7.75
1975-03-07,India,7.75
1975-03-10,India,7.75
1975-03-11,India,7.75
1975-03-12,India,7.75
1975-03-13,India,7.75
1975-03-14,India,7.75
1975-03-17,India,7.75
1975-03-18,India,7.75
1975-03-19,India,7.75
1975-03-20,India,7.75
1975-03-21,India,7.75
1975-03-24,India,7.75
1975-03-25,India,7.75
1975-03-26,India,7.75
1975-03-27,India,7.75
1975-03-28,India,7.75
1975-03-31,India,7.75
1975-04-01,India,7.75
1975-04-02,India,7.75
1975-04-03,India,7.75
1975-04-04,India,7.75
1975-04-07,India,7.84
1975-04-08,India,7.84
1975-04-09,India,7.84
1975-04-10,India,7.84
1975-04-11,India,7.84
1975-04-14,India,7.94
1975-04-15,India,7.94
1975-04-16,India,7.94
1975-04-17,India,7.94
1975-04-18,India,7.94
1975-04-21,India,7.91
1975-04-22,India,7.91
1975-04-23,India,7.91
1975-04-24,India,7.91
1975-04-25,India,7.91
1975-04-28,India,8.0
1975-04-29,India,8.0
1975-04-30,India,8.0
1975-05-01,India,8.0
1975-05-02,India,8.0
1975-05-05,India,8.0
1975-05-06,India,8.03
1975-05-07,India,8.03
1975-05-08,India,8.03
1975-05-09,India,8.03
1975-05-12,India,8.03
1975-05-13,India,8.03
1975-05-14,India,8.03
1975-05-15,India,8.03
1975-05-16,India,8.03
1975-05-19,India,8.16
1975-05-20,India,8.16
1975-05-21,India,8.16
1975-05-22,India,8.16
1975-05-23,India,8.16
1975-05-26,India,
1975-05-27,India,8.1
1975-05-28,India,8.1
1975-05-29,India,8.1
1975-05-30,India,8.1
1975-06-02,India,8.1
1975-06-03,India,8.1
1975-06-04,India,8.1
1975-06-05,India,8.1
1975-06-06,India,8.1
1975-06-09,India,8.1
1975-06-10,India,8.1
1975-06-11,India,8.1
1975-06-12,India,8.1
1975-06-13,India,8.1
1975-06-16,India,8.23
1975-06-17,India,8.23
1975-06-18,India,8.23
1975-06-19,India,8.23
1975-06-20,India,8.26
1975-06-23,India,8.26
1975-06-24,India,8.26
1975-06-25,India,8.26
1975-06-26,India,8.26
1975-06-27,India,8.4
1975-06-30,India,8.4
1975-07-01,India,8.4
1975-07-02,India,8.51
1975-07-03,India,8.47
1975-07-04,India,
1975-07-07,India,8.47
1975-07-08,India,8.47
1975-07-09,India,8.4
1975-07-10,India,8.4
1975-07-11,India,8.47
1975-07-14,India,8.47
1975-07-15,India,8.47
1975-07-16,India,8.47
1975-07-17,India,8.47
1975-07-18,India,8.55
1975-07-21,India,8.55
1975-07-22,India,8.55
1975-07-23,India,8.55
1975-07-24,India,8.55
1975-07-25,India,8.51
1975-07-28,India,8.51
1975-07-29,India,8.51
1975-07-30,India,8.51
1975-07-31,India,8.51
1975-08-01,India,8.62
1975-08-04,India,8.62
1975-08-05,India,8.62
1975-08-06,India,8.62
1975-08-07,India,8.62
1975-08-08,India,8.85
1975-08-11,India,8.85
1975-08-12,India,8.85
1975-08-13,India,8.85
1975-08-14,India,8.85
1975-08-15,India,8.81
1975-08-18,India,8.81
1975-08-19,India,8.81
1975-08-20,India,8.81
1975-08-21,India,8.81
1975-08-22,India,8.85
1975-08-25,India,8.85
1975-08-26,India,8.85
1975-08-27,India,8.85
1975-08-28,India,8.85
1975-08-29,India,8.93
1975-09-01,India,
1975-09-02,India,8.93
1975-09-03,India,8.93
1975-09-04,India,8.93
1975-09-05,India,8.77
1975-09-08,India,8.77
1975-09-09,India,8.77
1975-09-10,India,8.77
1975-09-11,India,8.77
1975-09-12,India,8.81
1975-09-15,India,8.81
1975-09-16,India,8.81
1975-09-17,India,8.81
1975-09-18,India,8.81
1975-09-19,India,8.93
1975-09-22,India,8.93
1975-09-23,India,8.93
1975-09-24,India,8.93
1975-09-25,India,8.93
1975-09-26,India,8.94
1975-09-29,India,8.94
1975-09-30,India,8.94
1975-10-01,India,8.94
1975-10-02,India,8.94
1975-10-03,India,8.97
1975-10-06,India,8.97
1975-10-07,India,8.97
1975-10-08,India,8.97
1975-10-09,India,8.97
1975-10-10,India,8.89
1975-10-13,India,
1975-10-14,India,8.89
1975-10-15,India,8.89
1975-10-16,India,8.89
1975-10-17,India,8.89
1975-10-20,India,8.89
1975-10-21,India,8.89
1975-10-22,India,8.89
1975-10-23,India,8.89
1975-10-24,India,8.85
1975-10-27,India,8.85
1975-10-28,India,8.85
1975-10-29,India,8.85
1975-10-30,India,8.73
1975-10-31,India,8.81
1975-11-03,India,8.81
1975-11-04,India,
1975-11-05,India,8.81
1975-11-06,India,8.81
1975-11-07,India,8.81
1975-11-10,India,8.81
1975-11-11,India,
1975-11-12,India,8.81
1975-11-13,India,8.81
1975-11-14,India,8.93
1975-11-17,India,8.93
1975-11-18,India,8.93
1975-11-19,India,8.93
1975-11-20,India,8.93
1975-11-21,India,8.97
1975-11-24,India,8.97
1975-11-25,India,8.97
1975-11-26,India,8.97
1975-11-27,India,
1975-11-28,India,9.09
1975-12-01,India,9.09
1975-12-02,India,9.09
1975-12-03,India,9.09
1975-12-04,India,9.09
1975-12-05,India,8.93
1975-12-08,India,8.93
1975-12-09,India,8.93
1975-12-10,India,8.93
1975-12-11,India,8.93
1975-12-12,India,8.97
1975-12-15,India,8.97
1975-12-16,India,8.97
1975-12-17,India,8.97
1975-12-18,India,8.97
1975-12-19,India,8.97
1975-12-22,India,8.97
1975-12-23,India,8.97
1975-12-24,India,8.97
1975-12-25,India,
1975-12-26,India,8.97
1975-12-29,India,8.97
1975-12-30,India,8.97
1975-12-31,India,8.97
1976-01-01,India,
1976-01-02,India,8.97
1976-01-05,India,8.97
1976-01-06,India,8.97
1976-01-07,India,8.97
1976-01-08,India,8.97
1976-01-09,India,8.93
1976-01-12,India,8.93
1976-01-13,India,8.93
1976-01-14,India,8.93
1976-01-15,India,8.91
1976-01-16,India,8.93
1976-01-19,India,8.93
1976-01-20,India,8.93
1976-01-21,India,8.93
1976-01-22,India,8.93
1976-01-23,India,8.97
1976-01-26,India,8.97
1976-01-27,India,8.97
1976-01-28,India,8.97
1976-01-29,India,8.97
1976-01-30,India,8.91
1976-02-02,India,8.91
1976-02-03,India,8.91
1976-02-04,India,8.91
1976-02-05,India,8.91
1976-02-06,India,8.93
1976-02-09,India,8.93
1976-02-10,India,8.93
1976-02-11,India,8.93
1976-02-12,India,
1976-02-13,India,8.94
1976-02-16,India,
1976-02-17,India,8.94
1976-02-18,India,8.94
1976-02-19,India,8.94
1976-02-20,India,8.97
1976-02-23,India,8.97
1976-02-24,India,8.97
1976-02-25,India,8.97
1976-02-26,India,8.97
1976-02-27,India,8.93
1976-03-01,India,8.93
1976-03-02,India,8.93
1976-03-03,India,8.93
1976-03-04,India,8.93
1976-03-05,India,8.93
1976-03-08,India,9.09
1976-03-09,India,9.09
1976-03-10,India,9.09
1976-03-11,India,9.09
1976-03-12,India,8.93
1976-03-15,India,8.93
1976-03-16,India,8.93
1976-03-17,India,8.93
1976-03-18,India,8.93
1976-03-19,India,8.93
1976-03-22,India,8.93
1976-03-23,India,8.93
1976-03-24,India,8.93
1976-03-25,India,8.93
1976-03-26,India,8.97
1976-03-29,India,8.97
1976-03-30,India,8.97
1976-03-31,India,8.97
1976-04-01,India,8.97
1976-04-02,India,9.01
1976-04-05,India,9.01
1976-04-06,India,9.01
1976-04-07,India,9.01
1976-04-08,India,9.01
1976-04-09,India,9.01
1976-04-12,India,9.01
1976-04-13,India,9.01
1976-04-14,India,9.01
1976-04-15,India,9.01
1976-04-16,India,9.01
1976-04-19,India,9.01
1976-04-20,India,9.01
1976-04-21,India,9.01
1976-04-22,India,9.09
1976-04-23,India,8.93
1976-04-26,India,8.93
1976-04-27,India,8.93
1976-04-28,India,8.93
1976-04-29,India,8.93
1976-04-30,India,8.97
1976-05-03,India,8.97
1976-05-04,India,8.97
1976-05-05,India,8.97
1976-05-06,India,8.97
1976-05-07,India,9.01
1976-05-10,India,9.01
1976-05-11,India,9.01
1976-05-12,India,9.01
1976-05-13,India,9.01
1976-05-14,India,9.01
1976-05-17,India,9.01
1976-05-18,India,9.01
1976-05-19,India,9.01
1976-05-20,India,9.01
1976-05-21,India,9.05
1976-05-24,India,9.05
1976-05-25,India,9.05
1976-05-26,India,9.05
1976-05-27,India,9.05
1976-05-28,India,9.3
1976-05-31,India,
1976-06-01,India,9.3
1976-06-02,India,9.35
1976-06-03,India,9.35
1976-06-04,India,9.3
1976-06-07,India,9.3
1976-06-08,India,9.3
1976-06-09,India,9.3
1976-06-10,India,9.3
1976-06-11,India,9.01
1976-06-14,India,9.01
1976-06-15,India,9.01
1976-06-16,India,9.01
1976-06-17,India,9.01
1976-06-18,India,8.97
1976-06-21,India,8.97
1976-06-22,India,8.97
1976-06-23,India,8.97
1976-06-24,India,8.97
1976-06-25,India,9.01
1976-06-28,India,9.01
1976-06-29,India,9.01
1976-06-30,India,9.01
1976-07-01,India,9.01
1976-07-02,India,8.89
1976-07-05,India,
1976-07-06,India,8.89
1976-07-07,India,8.89
1976-07-08,India,8.89
1976-07-09,India,8.97
1976-07-12,India,8.97
1976-07-13,India,8.97
1976-07-14,India,8.97
1976-07-15,India,8.97
1976-07-16,India,8.9
1976-07-19,India,8.9
1976-07-20,India,8.9
1976-07-21,India,8.9
1976-07-22,India,8.9
1976-07-23,India,8.9
1976-07-26,India,8.9
1976-07-27,India,8.9
1976-07-28,India,8.9
1976-07-29,India,8.9
1976-07-30,India,8.97
1976-08-02,India,8.97
1976-08-03,India,8.97
1976-08-04,India,8.97
1976-08-05,India,8.97
1976-08-06,India,8.97
1976-08-09,India,8.97
1976-08-10,India,8.97
1976-08-11,India,8.97
1976-08-12,India,8.97
1976-08-13,India,8.97
1976-08-16,India,8.97
1976-08-17,India,8.97
1976-08-18,India,8.97
1976-08-19,India,8.97
1976-08-20,India,8.97
1976-08-23,India,8.97
1976-08-24,India,8.97
1976-08-25,India,8.97
1976-08-26,India,8.97
1976-08-27,India,9.01
1976-08-30,India,9.01
1976-08-31,India,9.01
1976-09-01,India,9.01
1976-09-02,India,9.01
1976-09-03,India,9.01
1976-09-06,India,
1976-09-07,India,9.01
1976-09-08,India,9.01
1976-09-09,India,9.01
1976-09-10,India,9.13
1976-09-13,India,9.13
1976-09-14,India,9.13
1976-09-15,India,9.13
1976-09-16,India,9.13
1976-09-17,India,9.13
1976-09-20,India,9.13
1976-09-21,India,9.13
1976-09-22,India,9.13
1976-09-23,India,9.13
1976-09-24,India,9.03
1976-09-27,India,9.03
1976-09-28,India,9.17
1976-09-29,India,8.85
1976-09-30,India,8.85
1976-10-01,India,8.85
1976-10-04,India,8.85
1976-10-05,India,8.85
1976-10-06,India,8.85
1976-10-07,India,8.85
1976-10-08,India,8.85
1976-10-11,India,
1976-10-12,India,8.85
1976-10-13,India,8.85
1976-10-14,India,8.85
1976-10-15,India,8.93
1976-10-18,India,8.93
1976-10-19,India,8.93
1976-10-20,India,8.93
1976-10-21,India,8.93
1976-10-22,India,8.93
1976-10-25,India,8.93
1976-10-26,India,8.93
1976-10-27,India,8.93
1976-10-28,India,8.93
1976-10-29,India,8.97
1976-11-01,India,8.97
1976-11-02,India,
1976-11-03,India,8.97
1976-11-04,India,8.97
1976-11-05,India,9.05
1976-11-08,India,9.05
1976-11-09,India,9.05
1976-11-10,India,9.05
1976-11-11,India,
1976-11-12,India,9.01
1976-11-15,India,9.01
1976-11-16,India,9.01
1976-11-17,India,9.01
1976-11-18,India,9.01
1976-11-19,India,9.01
1976-11-22,India,8.73
1976-11-23,India,8.73
1976-11-24,India,8.93
1976-11-25,India,
1976-11-26,India,8.93
1976-11-29,India,8.93
1976-11-30,India,8.93
1976-12-01,India,8.93
1976-12-02,India,8.93
1976-12-03,India,8.81
1976-12-06,India,8.81
1976-12-07,India,8.81
1976-12-08,India,8.81
1976-12-09,India,8.81
1976-12-10,India,8.77
1976-12-13,India,8.77
1976-12-14,India,8.77
1976-12-15,India,8.77
1976-12-16,India,8.77
1976-12-17,India,8.81
1976-12-20,India,8.81
1976-12-21,India,8.81
1976-12-22,India,8.81
1976-12-23,India,8.81
1976-12-24,India,9.01
1976-12-27,India,8.97
1976-12-28,India,8.97
1976-12-29,India,8.97
1976-12-30,India,8.97
1976-12-31,India,8.93
1977-01-03,India,8.93
1977-01-04,India,8.93
1977-01-05,India,8.93
1977-01-06,India,8.93
1977-01-07,India,8.93
1977-01-10,India,9.01
1977-01-11,India,9.01
1977-01-12,India,9.01
1977-01-13,India,9.01
1977-01-14,India,8.89
1977-01-17,India,8.89
1977-01-18,India,8.89
1977-01-19,India,8.89
1977-01-20,India,8.89
1977-01-21,India,8.85
1977-01-24,India,8.85
1977-01-25,India,8.85
1977-01-26,India,8.85
1977-01-27,India,8.85
1977-01-28,India,8.81
1977-01-31,India,8.81
1977-02-01,India,8.81
1977-02-02,India,8.81
1977-02-03,India,8.81
1977-02-04,India,8.89
1977-02-07,India,8.89
1977-02-08,India,8.89
1977-02-09,India,8.89
1977-02-10,India,8.89
1977-02-11,India,8.85
1977-02-14,India,8.85
1977-02-15,India,8.85
1977-02-16,India,8.85
1977-02-17,India,8.85
1977-02-18,India,8.85
1977-02-21,India,
1977-02-22,India,8.89
1977-02-23,India,8.89
1977-02-24,India,8.89
1977-02-25,India,8.87
1977-02-28,India,8.87
1977-03-01,India,8.87
1977-03-02,India,8.87
1977-03-03,India,8.87
1977-03-04,India,8.85
1977-03-07,India,8.85
1977-03-08,India,8.85
1977-03-09,India,8.85
1977-03-10,India,8.85
1977-03-11,India,8.85
1977-03-14,India,8.85
1977-03-15,India,8.85
1977-03-16,India,8.85
1977-03-17,India,8.85
1977-03-18,India,8.83
1977-03-21,India,8.83
1977-03-22,India,8.83
1977-03-23,India,8.83
1977-03-24,India,8.83
1977-03-25,India,8.82
1977-03-28,India,8.82
1977-03-29,India,8.82
1977-03-30,India,8.82
1977-03-31,India,8.82
1977-04-01,India,8.82
1977-04-04,India,8.82
1977-04-05,India,8.82
1977-04-06,India,8.82
1977-04-07,India,8.82
1977-04-08,India,8.85
1977-04-11,India,8.85
1977-04-12,India,8.85
1977-04-13,India,8.85
1977-04-14,India,8.85
1977-04-15,India,8.85
1977-04-18,India,8.85
1977-04-19,India,8.85
1977-04-20,India,8.85
1977-04-21,India,8.85
1977-04-22,India,8.85
1977-04-25,India,8.85
1977-04-26,India,8.85
1977-04-27,India,8.85
1977-04-28,India,8.85
1977-04-29,India,8.85
1977-05-02,India,8.85
1977-05-03,India,8.85
1977-05-04,India,8.85
1977-05-05,India,8.85
1977-05-06,India,8.85
1977-05-09,India,8.85
1977-05-10,India,8.85
1977-05-11,India,8.85
1977-05-12,India,8.85
1977-05-13,India,8.81
1977-05-16,India,8.81
1977-05-17,India,8.81
1977-05-18,India,8.81
1977-05-19,India,8.81
1977-05-20,India,8.83
1977-05-23,India,8.83
1977-05-24,India,8.83
1977-05-25,India,8.83
1977-05-26,India,8.83
1977-05-27,India,8.83
1977-05-30,India,
1977-05-31,India,8.83
1977-06-01,India,8.83
1977-06-02,India,8.83
1977-06-03,India,8.85
1977-06-06,India,8.85
1977-06-07,India,8.85
1977-06-08,India,8.85
1977-06-09,India,8.85
1977-06-10,India,8.85
1977-06-13,India,8.85
1977-06-14,India,8.85
1977-06-15,India,8.85
1977-06-16,India,8.85
1977-06-17,India,8.85
1977-06-20,India,8.88
1977-06-21,India,8.88
1977-06-22,India,8.88
1977-06-23,India,8.88
1977-06-24,India,8.88
1977-06-27,India,8.88
1977-06-28,India,8.88
1977-06-29,India,8.88
1977-06-30,India,8.88
1977-07-01,India,8.81
1977-07-04,India,
1977-07-05,India,8.81
1977-07-06,India,8.81
1977-07-07,India,8.81
1977-07-08,India,8.81
1977-07-11,India,8.81
1977-07-12,India,8.81
1977-07-13,India,8.81
1977-07-14,India,
1977-07-15,India,8.85
1977-07-18,India,8.85
1977-07-19,India,8.85
1977-07-20,India,8.85
1977-07-21,India,8.85
1977-07-22,India,8.81
1977-07-25,India,8.81
1977-07-26,India,8.81
1977-07-27,India,8.81
1977-07-28,India,8.81
1977-07-29,India,8.73
1977-08-01,India,8.73
1977-08-02,India,8.73
1977-08-03,India,8.73
1977-08-04,India,8.73
1977-08-05,India,8.72
1977-08-08,India,8.72
1977-08-09,India,8.72
1977-08-10,India,8.72
1977-08-11,India,8.72
1977-08-12,India,8.72
1977-08-15,India,8.72
1977-08-16,India,8.72
1977-08-17,India,8.72
1977-08-18,India,8.72
1977-08-19,India,8.71
1977-08-22,India,8.71
1977-08-23,India,8.71
1977-08-24,India,8.71
1977-08-25,India,8.71
1977-08-26,India,8.73
1977-08-29,India,8.73
1977-08-30,India,8.73
1977-08-31,India,8.73
1977-09-01,India,8.73
1977-09-02,India,8.73
1977-09-05,India,
1977-09-06,India,8.73
1977-09-07,India,8.73
1977-09-08,India,8.73
1977-09-09,India,8.73
1977-09-12,India,8.73
1977-09-13,India,8.73
1977-09-14,India,8.73
1977-09-15,India,8.73
1977-09-16,India,8.73
1977-09-19,India,8.73
1977-09-20,India,8.73
1977-09-21,India,8.73
1977-09-22,India,8.73
1977-09-23,India,8.73
1977-09-26,India,8.73
1977-09-27,India,8.73
1977-09-28,India,8.73
1977-09-29,India,8.73
1977-09-30,India,8.73
1977-10-03,India,8.73
1977-10-04,India,8.73
1977-10-05,India,8.73
1977-10-06,India,8.73
1977-10-07,India,8.62
1977-10-10,India,
1977-10-11,India,8.62
1977-10-12,India,8.62
1977-10-13,India,8.62
1977-10-14,India,8.58
1977-10-17,India,8.58
1977-10-18,India,8.58
1977-10-19,India,8.58
1977-10-20,India,8.58
1977-10-21,India,8.58
1977-10-24,India,8.58
1977-10-25,India,8.58
1977-10-26,India,8.58
1977-10-27,India,8.58
1977-10-28,India,8.55
1977-10-31,India,8.55
1977-11-01,India,8.55
1977-11-02,India,8.55
1977-11-03,India,8.55
1977-11-04,India,8.7
1977-11-07,India,8.7
1977-11-08,India,
1977-11-09,India,8.7
1977-11-10,India,8.7
1977-11-11,India,
1977-11-14,India,8.7
1977-11-15,India,8.7
1977-11-16,India,8.7
1977-11-17,India,8.7
1977-11-18,India,8.61
1977-11-21,India,8.61
1977-11-22,India,8.61
1977-11-23,India,8.61
1977-11-24,India,
1977-11-25,India,8.62
1977-11-28,India,8.62
1977-11-29,India,8.62
1977-11-30,India,8.62
1977-12-01,India,8.62
1977-12-02,India,8.62
1977-12-05,India,8.62
1977-12-06,India,8.62
1977-12-07,India,8.62
1977-12-08,India,8.62
1977-12-09,India,8.62
1977-12-12,India,8.62
1977-12-13,India,8.62
1977-12-14,India,8.62
1977-12-15,India,8.62
1977-12-16,India,8.47
1977-12-19,India,8.47
1977-12-20,India,8.47
1977-12-21,India,8.47
1977-12-22,India,8.47
1977-12-23,India,8.47
1977-12-26,India,
1977-12-27,India,8.47
1977-12-28,India,8.47
1977-12-29,India,8.47
1977-12-30,India,8.23
1978-01-02,India,
1978-01-03,India,8.47
1978-01-04,India,8.47
1978-01-05,India,8.47
1978-01-06,India,8.23
1978-01-09,India,8.23
1978-01-10,India,8.23
1978-01-11,India,8.23
1978-01-12,India,8.23
1978-01-13,India,8.16
1978-01-16,India,8.16
1978-01-17,India,8.16
1978-01-18,India,8.16
1978-01-19,India,8.16
1978-01-20,India,8.16
1978-01-23,India,8.1
1978-01-24,India,8.1
1978-01-25,India,8.1
1978-01-26,India,8.1
1978-01-27,India,8.1
1978-01-30,India,8.1
1978-01-31,India,8.1
1978-02-01,India,8.06
1978-02-02,India,8.06
1978-02-03,India,8.06
1978-02-06,India,8.06
1978-02-07,India,8.1
1978-02-08,India,8.1
1978-02-09,India,8.1
1978-02-10,India,8.13
1978-02-13,India,
1978-02-14,India,8.13
1978-02-15,India,8.13
1978-02-16,India,8.13
1978-02-17,India,8.13
1978-02-20,India,
1978-02-21,India,8.13
1978-02-22,India,8.13
1978-02-23,India,8.13
1978-02-24,India,8.13
1978-02-27,India,8.13
1978-02-28,India,8.13
1978-03-01,India,8.13
1978-03-02,India,8.13
1978-03-03,India,8.13
1978-03-06,India,8.1
1978-03-07,India,8.1
1978-03-08,India,8.1
1978-03-09,India,8.1
1978-03-10,India,8.1
1978-03-13,India,8.23
1978-03-14,India,8.23
1978-03-15,India,8.23
1978-03-16,India,8.23
1978-03-17,India,8.23
1978-03-20,India,8.1
1978-03-21,India,8.1
1978-03-22,India,8.23
1978-03-23,India,8.33
1978-03-24,India,8.33
1978-03-27,India,8.33
1978-03-28,India,8.33
1978-03-29,India,8.33
1978-03-30,India,8.33
1978-03-31,India,8.33
1978-04-03,India,8.33
1978-04-04,India,8.33
1978-04-05,India,8.33
1978-04-06,India,8.33
1978-04-07,India,8.38
1978-04-10,India,8.38
1978-04-11,India,8.38
1978-04-12,India,8.38
1978-04-13,India,8.38
1978-04-14,India,8.4
1978-04-17,India,8.4
1978-04-18,India,8.4
1978-04-19,India,8.4
1978-04-20,India,8.4
1978-04-21,India,8.7
1978-04-24,India,8.7
1978-04-25,India,8.7
1978-04-26,India,8.7
1978-04-27,India,8.7
1978-04-28,India,8.58
1978-05-01,India,8.58
1978-05-02,India,8.58
1978-05-03,India,8.58
1978-05-04,India,8.58
1978-05-05,India,8.55
1978-05-08,India,8.55
1978-05-09,India,8.55
1978-05-10,India,8.55
1978-05-11,India,8.55
1978-05-12,India,8.55
1978-05-15,India,8.64
1978-05-16,India,8.64
1978-05-17,India,8.64
1978-05-18,India,8.64
1978-05-19,India,8.64
1978-05-22,India,8.67
1978-05-23,India,8.67
1978-05-24,India,8.67
1978-05-25,India,8.67
1978-05-26,India,8.44
1978-05-29,India,8.44
1978-05-30,India,
1978-05-31,India,8.44
1978-06-01,India,8.44
1978-06-02,India,8.4
1978-06-05,India,8.4
1978-06-06,India,8.4
1978-06-07,India,8.4
1978-06-08,India,8.4
1978-06-09,India,8.4
1978-06-12,India,8.44
1978-06-13,India,8.44
1978-06-14,India,8.44
1978-06-15,India,8.44
1978-06-16,India,8.44
1978-06-19,India,8.44
1978-06-20,India,8.44
1978-06-21,India,8.44
1978-06-22,India,8.44
1978-06-23,India,8.44
1978-06-26,India,8.33
1978-06-27,India,8.33
1978-06-28,India,8.33
1978-06-29,India,8.33
1978-06-30,India,8.33
1978-07-03,India,8.26
1978-07-04,India,
1978-07-05,India,8.26
1978-07-06,India,8.26
1978-07-07,India,8.23
1978-07-10,India,8.23
1978-07-11,India,8.23
1978-07-12,India,8.23
1978-07-13,India,8.23
1978-07-14,India,8.13
1978-07-17,India,8.13
1978-07-18,India,8.13
1978-07-19,India,8.13
1978-07-20,India,8.13
1978-07-21,India,8.13
1978-07-24,India,8.13
1978-07-25,India,8.13
1978-07-26,India,8.13
1978-07-27,India,8.13
1978-07-28,India,8.13
1978-07-31,India,7.97
1978-08-01,India,7.97
1978-08-02,India,7.97
1978-08-03,India,7.97
1978-08-04,India,7.97
1978-08-07,India,8.03
1978-08-08,India,8.03
1978-08-09,India,8.03
1978-08-10,India,8.03
1978-08-11,India,8.03
1978-08-14,India,7.9
1978-08-15,India,7.9
1978-08-16,India,7.9
1978-08-17,India,7.9
1978-08-18,India,7.9
1978-08-21,India,8.03
1978-08-22,India,8.03
1978-08-23,India,8.03
1978-08-24,India,8.03
1978-08-25,India,8.03
1978-08-28,India,8.16
1978-08-29,India,8.16
1978-08-30,India,8.16
1978-08-31,India,8.16
1978-09-01,India,8.16
1978-09-04,India,
1978-09-05,India,8.03
1978-09-06,India,8.03
1978-09-07,India,8.03
1978-09-08,India,8.03
1978-09-11,India,8.11
1978-09-12,India,8.11
1978-09-13,India,8.11
1978-09-14,India,8.11
1978-09-15,India,8.11
1978-09-18,India,8.01
1978-09-19,India,8.01
1978-09-20,India,8.01
1978-09-21,India,8.01
1978-09-22,India,8.01
1978-09-25,India,7.97
1978-09-26,India,7.97
1978-09-27,India,7.97
1978-09-28,India,7.97
1978-09-29,India,7.97
1978-10-02,India,7.97
1978-10-03,India,7.97
1978-10-04,India,7.97
1978-10-05,India,7.97
1978-10-06,India,7.97
1978-10-09,India,
1978-10-10,India,7.92
1978-10-11,India,7.92
1978-10-12,India,7.91
1978-10-13,India,7.91
1978-10-16,India,7.87
1978-10-17,India,7.87
1978-10-18,India,7.87
1978-10-19,India,7.87
1978-10-20,India,7.97
1978-10-23,India,7.97
1978-10-24,India,7.97
1978-10-25,India,7.97
1978-10-26,India,7.97
1978-10-27,India,7.97
1978-10-30,India,7.66
1978-10-31,India,7.66
1978-11-01,India,7.66
1978-11-02,India,7.66
1978-11-03,India,7.66
1978-11-06,India,7.81
1978-11-07,India,
1978-11-08,India,7.81
1978-11-09,India,7.81
1978-11-10,India,7.81
1978-11-13,India,8.0
1978-11-14,India,8.0
1978-11-15,India,8.0
1978-11-16,India,8.0
1978-11-17,India,8.2
1978-11-20,India,8.2
1978-11-21,India,8.2
1978-11-22,India,8.2
1978-11-23,India,
1978-11-24,India,8.33
1978-11-27,India,8.33
1978-11-28,India,8.33
1978-11-29,India,8.33
1978-11-30,India,8.33
1978-12-01,India,8.18
1978-12-04,India,8.18
1978-12-05,India,8.18
1978-12-06,India,8.18
1978-12-07,India,8.18
1978-12-08,India,8.18
1978-12-11,India,8.29
1978-12-12,India,8.29
1978-12-13,India,8.29
1978-12-14,India,8.29
1978-12-15,India,8.29
1978-12-18,India,8.16
1978-12-19,India,8.16
1978-12-20,India,8.16
1978-12-21,India,8.16
1978-12-22,India,8.23
1978-12-25,India,
1978-12-26,India,8.23
1978-12-27,India,8.23
1978-12-28,India,8.23
1978-12-29,India,8.23
1979-01-01,India,
1979-01-02,India,8.08
1979-01-03,India,8.08
1979-01-04,India,8.08
1979-01-05,India,8.08
1979-01-08,India,8.08
1979-01-09,India,8.08
1979-01-10,India,8.08
1979-01-11,India,8.08
1979-01-12,India,8.33
1979-01-15,India,8.33
1979-01-16,India,8.33
1979-01-17,India,8.33
1979-01-18,India,8.33
1979-01-19,India,8.23
1979-01-22,India,8.23
1979-01-23,India,8.23
1979-01-24,India,8.23
1979-01-25,India,8.23
1979-01-26,India,8.29
1979-01-29,India,8.29
1979-01-30,India,8.29
1979-01-31,India,8.29
1979-02-01,India,8.29
1979-02-02,India,8.29
1979-02-05,India,8.3
1979-02-06,India,8.3
1979-02-07,India,8.3
1979-02-08,India,8.3
1979-02-09,India,8.3
1979-02-12,India,
1979-02-13,India,8.22
1979-02-14,India,8.22
1979-02-15,India,8.22
1979-02-16,India,8.22
1979-02-19,India,
1979-02-20,India,8.22
1979-02-21,India,8.22
1979-02-22,India,8.22
1979-02-23,India,8.22
1979-02-26,India,8.22
1979-02-27,India,8.22
1979-02-28,India,8.22
1979-03-01,India,8.22
1979-03-02,India,8.17
1979-03-05,India,8.22
1979-03-06,India,8.22
1979-03-07,India,8.22
1979-03-08,India,8.22
1979-03-09,India,8.22
1979-03-12,India,8.18
1979-03-13,India,8.18
1979-03-14,India,8.18
1979-03-15,India,8.18
1979-03-16,India,8.29
1979-03-19,India,8.29
1979-03-20,India,8.29
1979-03-21,India,8.29
1979-03-22,India,8.29
1979-03-23,India,8.3
1979-03-26,India,8.3
1979-03-27,India,8.3
1979-03-28,India,8.3
1979-03-29,India,8.3
1979-03-30,India,8.16
1979-04-02,India,8.14
1979-04-03,India,8.14
1979-04-04,India,8.14
1979-04-05,India,8.08
1979-04-06,India,8.1
1979-04-09,India,8.2
1979-04-10,India,8.2
1979-04-11,India,8.2
1979-04-12,India,8.2
1979-04-13,India,8.13
1979-04-16,India,8.1
1979-04-17,India,8.1
1979-04-18,India,8.1
1979-04-19,India,8.2
1979-04-20,India,8.3
1979-04-23,India,8.3
1979-04-24,India,8.3
1979-04-25,India,8.33
1979-04-26,India,8.33
1979-04-27,India,8.37
1979-04-30,India,8.37
1979-05-01,India,8.37
1979-05-02,India,8.37
1979-05-03,India,8.37
1979-05-04,India,8.26
1979-05-07,India,8.26
1979-05-08,India,8.26
1979-05-09,India,8.26
1979-05-10,India,8.3
1979-05-11,India,8.39
1979-05-14,India,8.39
1979-05-15,India,8.39
1979-05-16,India,8.39
1979-05-17,India,8.39
1979-05-18,India,8.22
1979-05-21,India,8.22
1979-05-22,India,8.22
1979-05-23,India,8.22
1979-05-24,India,8.22
1979-05-25,India,8.26
1979-05-28,India,8.22
1979-05-29,India,8.22
1979-05-30,India,
1979-05-31,India,8.16
1979-06-01,India,8.16
1979-06-04,India,8.16
1979-06-05,India,8.16
1979-06-06,India,8.16
1979-06-07,India,8.16
1979-06-08,India,8.17
1979-06-11,India,8.17
1979-06-12,India,8.1
1979-06-13,India,8.06
1979-06-14,India,8.0
1979-06-15,India,8.15
1979-06-18,India,8.16
1979-06-19,India,8.16
1979-06-20,India,8.06
1979-06-21,India,8.06
1979-06-22,India,8.13
1979-06-25,India,8.13
1979-06-26,India,8.1
1979-06-27,India,8.11
1979-06-28,India,8.08
1979-06-29,India,8.06
1979-07-02,India,8.01
1979-07-03,India,7.87
1979-07-04,India,
1979-07-05,India,7.97
1979-07-06,India,7.96
1979-07-09,India,7.96
1979-07-10,India,7.96
1979-07-11,India,7.96
1979-07-12,India,7.96
1979-07-13,India,8.0
1979-07-16,India,8.0
1979-07-17,India,7.91
1979-07-18,India,7.91
1979-07-19,India,7.84
1979-07-20,India,7.84
1979-07-23,India,7.8
1979-07-24,India,7.75
1979-07-25,India,7.75
1979-07-26,India,7.75
1979-07-27,India,7.94
1979-07-30,India,7.94
1979-07-31,India,7.96
1979-08-01,India,8.0
1979-08-02,India,8.0
1979-08-03,India,7.87
1979-08-06,India,7.99
1979-08-07,India,7.99
1979-08-08,India,7.99
1979-08-09,India,8.03
1979-08-10,India,8.0
1979-08-13,India,7.99
1979-08-14,India,7.99
1979-08-15,India,7.99
1979-08-16,India,7.99
1979-08-17,India,8.0
1979-08-20,India,8.0
1979-08-21,India,8.0
1979-08-22,India,8.0
1979-08-23,India,8.0
1979-08-24,India,8.08
1979-08-27,India,8.08
1979-08-28,India,8.08
1979-08-29,India,8.08
1979-08-30,India,8.08
1979-08-31,India,8.03
1979-09-03,India,
1979-09-04,India,8.08
1979-09-05,India,8.03
1979-09-06,India,8.03
1979-09-07,India,8.03
1979-09-10,India,8.03
1979-09-11,India,8.03
1979-09-12,India,8.03
1979-09-13,India,8.14
1979-09-14,India,8.24
1979-09-17,India,8.24
1979-09-18,India,8.24
1979-09-19,India,8.24
1979-09-20,India,8.24
1979-09-21,India,8.13
1979-09-24,India,8.24
1979-09-25,India,8.24
1979-09-26,India,8.24
1979-09-27,India,8.06
1979-09-28,India,8.07
1979-10-01,India,8.09
1979-10-02,India,8.09
1979-10-03,India,8.08
1979-10-04,India,8.08
1979-10-05,India,8.12
1979-10-08,India,
1979-10-09,India,8.25
1979-10-10,India,8.25
1979-10-11,India,8.18
1979-10-12,India,8.18
1979-10-15,India,8.18
1979-10-16,India,8.18
1979-10-17,India,8.18
1979-10-18,India,8.25
1979-10-19,India,8.26
1979-10-22,India,8.26
1979-10-23,India,8.34
1979-10-24,India,8.3
1979-10-25,India,8.3
1979-10-26,India,8.3
1979-10-29,India,8.3
1979-10-30,India,8.4
1979-10-31,India,8.4
1979-11-01,India,8.32
1979-11-02,India,8.37
1979-11-05,India,8.33
1979-11-06,India,
1979-11-07,India,8.28
1979-11-08,India,8.25
1979-11-09,India,8.28
1979-11-12,India,
1979-11-13,India,8.28
1979-11-14,India,8.23
1979-11-15,India,8.1
1979-11-16,India,8.1
1979-11-19,India,8.15
1979-11-20,India,8.15
1979-11-21,India,8.15
1979-11-22,India,
1979-11-23,India,8.12
1979-11-26,India,8.1
1979-11-27,India,8.16
1979-11-28,India,8.16
1979-11-29,India,8.1
1979-11-30,India,8.03
1979-12-03,India,8.0
1979-12-04,India,8.08
1979-12-05,India,8.1
1979-12-06,India,8.13
1979-12-07,India,8.03
1979-12-10,India,8.15
1979-12-11,India,8.15
1979-12-12,India,8.04
1979-12-13,India,8.13
1979-12-14,India,8.14
1979-12-17,India,8.14
1979-12-18,India,8.14
1979-12-19,India,8.14
1979-12-20,India,8.1
1979-12-21,India,8.14
1979-12-24,India,8.14
1979-12-25,India,
1979-12-26,India,8.14
1979-12-27,India,8.1
1979-12-28,India,8.0
1979-12-31,India,8.0
1980-01-01,India,
1980-01-02,India,8.0
1980-01-03,India,7.95
1980-01-04,India,8.05
1980-01-07,India,8.05
1980-01-08,India,8.05
1980-01-09,India,8.0
1980-01-10,India,8.0
1980-01-11,India,8.03
1980-01-14,India,8.03
1980-01-15,India,7.9
1980-01-16,India,7.9
1980-01-17,India,7.96
1980-01-18,India,7.85
1980-01-21,India,7.93
1980-01-22,India,7.98
1980-01-23,India,8.0
1980-01-24,India,8.0
1980-01-25,India,8.0
1980-01-28,India,8.0
1980-01-29,India,8.0
1980-01-30,India,8.0
1980-01-31,India,8.06
1980-02-01,India,8.04
1980-02-04,India,8.04
1980-02-05,India,8.0
1980-02-06,India,7.96
1980-02-07,India,7.92
1980-02-08,India,7.85
1980-02-11,India,7.9
1980-02-12,India,
1980-02-13,India,7.9
1980-02-14,India,7.9
1980-02-15,India,7.92
1980-02-18,India,
1980-02-19,India,7.98
1980-02-20,India,8.0
1980-02-21,India,8.0
1980-02-22,India,8.0
1980-02-25,India,8.05
1980-02-26,India,8.05
1980-02-27,India,8.02
1980-02-28,India,8.06
1980-02-29,India,8.06
1980-03-03,India,8.08
1980-03-04,India,8.08
1980-03-05,India,8.1
1980-03-06,India,8.13
1980-03-07,India,8.13
1980-03-10,India,8.13
1980-03-11,India,8.15
1980-03-12,India,8.13
1980-03-13,India,8.13
1980-03-14,India,8.17
1980-03-17,India,8.2
1980-03-18,India,8.2
1980-03-19,India,8.16
1980-03-20,India,8.16
1980-03-21,India,8.16
1980-03-24,India,8.16
1980-03-25,India,8.15
1980-03-26,India,8.15
1980-03-27,India,8.2
1980-03-28,India,8.2
1980-03-31,India,8.22
1980-04-01,India,8.3
1980-04-02,India,8.25
1980-04-03,India,8.2
1980-04-04,India,8.2
1980-04-07,India,8.2
1980-04-08,India,8.2
1980-04-09,India,8.2
1980-04-10,India,8.08
1980-04-11,India,8.08
1980-04-14,India,8.03
1980-04-15,India,8.05
1980-04-16,India,7.98
1980-04-17,India,8.05
1980-04-18,India,8.05
1980-04-21,India,8.03
1980-04-22,India,8.0
1980-04-23,India,7.97
1980-04-24,India,7.97
1980-04-25,India,8.0
1980-04-28,India,7.9
1980-04-29,India,7.9
1980-04-30,India,7.9
1980-05-01,India,7.9
1980-05-02,India,7.9
1980-05-05,India,7.9
1980-05-06,India,7.9
1980-05-07,India,7.9
1980-05-08,India,7.9
1980-05-09,India,7.9
1980-05-12,India,7.88
1980-05-13,India,7.9
1980-05-14,India,7.9
1980-05-15,India,7.9
1980-05-16,India,7.9
1980-05-19,India,7.9
1980-05-20,India,7.9
1980-05-21,India,7.85
1980-05-22,India,7.82
1980-05-23,India,7.82
1980-05-26,India,
1980-05-27,India,7.71
1980-05-28,India,7.75
1980-05-29,India,7.75
1980-05-30,India,7.75
1980-06-02,India,7.75
1980-06-03,India,7.77
1980-06-04,India,7.92
1980-06-05,India,7.86
1980-06-06,India,7.86
1980-06-09,India,7.82
1980-06-10,India,7.82
1980-06-11,India,7.85
1980-06-12,India,7.82
1980-06-13,India,7.82
1980-06-16,India,7.83
1980-06-17,India,7.85
1980-06-18,India,7.85
1980-06-19,India,7.89
1980-06-20,India,7.87
1980-06-23,India,7.85
1980-06-24,India,7.87
1980-06-25,India,7.87
1980-06-26,India,7.87
1980-06-27,India,7.85
1980-06-30,India,7.8
1980-07-01,India,7.8
1980-07-02,India,7.77
1980-07-03,India,7.8
1980-07-04,India,
1980-07-07,India,7.8
1980-07-08,India,7.75
1980-07-09,India,7.75
1980-07-10,India,7.77
1980-07-11,India,7.77
1980-07-14,India,7.75
1980-07-15,India,7.75
1980-07-16,India,7.75
1980-07-17,India,7.77
1980-07-18,India,7.77
1980-07-21,India,7.77
1980-07-22,India,7.76
1980-07-23,India,7.75
1980-07-24,India,7.75
1980-07-25,India,7.73
1980-07-28,India,7.77
1980-07-29,India,7.77
1980-07-30,India,7.76
1980-07-31,India,7.8
1980-08-01,India,7.8
1980-08-04,India,7.77
1980-08-05,India,7.78
1980-08-06,India,7.75
1980-08-07,India,7.75
1980-08-08,India,7.79
1980-08-11,India,7.79
1980-08-12,India,7.79
1980-08-13,India,7.77
1980-08-14,India,7.77
1980-08-15,India,7.77
1980-08-18,India,7.8
1980-08-19,India,7.83
1980-08-20,India,7.8
1980-08-21,India,7.8
1980-08-22,India,7.8
1980-08-25,India,7.8
1980-08-26,India,7.8
1980-08-27,India,7.77
1980-08-28,India,7.75
1980-08-29,India,7.75
1980-09-01,India,
1980-09-02,India,7.73
1980-09-03,India,7.73
1980-09-04,India,7.73
1980-09-05,India,7.73
1980-09-08,India,7.74
1980-09-09,India,7.74
1980-09-10,India,7.77
1980-09-11,India,7.72
1980-09-12,India,7.73
1980-09-15,India,7.77
1980-09-16,India,7.8
1980-09-17,India,7.8
1980-09-18,India,7.75
1980-09-19,India,7.75
1980-09-22,India,7.75
1980-09-23,India,7.75
1980-09-24,India,7.75
1980-09-25,India,7.75
1980-09-26,India,7.75
1980-09-29,India,7.75
1980-09-30,India,7.75
1980-10-01,India,7.75
1980-10-02,India,7.77
1980-10-03,India,7.77
1980-10-06,India,7.75
1980-10-07,India,7.76
1980-10-08,India,7.76
1980-10-09,India,7.76
1980-10-10,India,7.75
1980-10-13,India,
1980-10-14,India,7.73
1980-10-15,India,7.73
1980-10-16,India,7.73
1980-10-17,India,7.73
1980-10-20,India,7.72
1980-10-21,India,7.72
1980-10-22,India,7.72
1980-10-23,India,7.72
1980-10-24,India,7.68
1980-10-27,India,7.68
1980-10-28,India,7.72
1980-10-29,India,7.72
1980-10-30,India,7.72
1980-10-31,India,7.72
1980-11-03,India,7.72
1980-11-04,India,
1980-11-05,India,7.7
1980-11-06,India,7.7
1980-11-07,India,7.72
1980-11-10,India,7.73
1980-11-11,India,
1980-11-12,India,7.75
1980-11-13,India,7.74
1980-11-14,India,7.71
1980-11-17,India,7.8
1980-11-18,India,7.8
1980-11-19,India,7.8
1980-11-20,India,7.8
1980-11-21,India,7.8
1980-11-24,India,7.85
1980-11-25,India,7.85
1980-11-26,India,7.82
1980-11-27,India,
1980-11-28,India,7.82
1980-12-01,India,7.86
1980-12-02,India,7.86
1980-12-03,India,7.92
1980-12-04,India,7.92
1980-12-05,India,7.92
1980-12-08,India,7.91
1980-12-09,India,7.92
1980-12-10,India,7.92
1980-12-11,India,7.97
1980-12-12,India,7.95
1980-12-15,India,7.92
1980-12-16,India,7.98
1980-12-17,India,7.99
1980-12-18,India,7.98
1980-12-19,India,7.97
1980-12-22,India,7.95
1980-12-23,India,7.91
1980-12-24,India,7.91
1980-12-25,India,
1980-12-26,India,7.91
1980-12-29,India,7.94
1980-12-30,India,7.94
1980-12-31,India,7.94
1981-01-01,India,
1981-01-02,India,7.89
1981-01-05,India,7.81
1981-01-06,India,7.89
1981-01-07,India,7.86
1981-01-08,India,7.95
1981-01-09,India,7.95
1981-01-12,India,7.93
1981-01-13,India,7.99
1981-01-14,India,7.97
1981-01-15,India,7.96
1981-01-16,India,7.97
1981-01-19,India,7.97
1981-01-20,India,7.9
1981-01-21,India,7.93
1981-01-22,India,7.93
1981-01-23,India,7.98
1981-01-26,India,7.98
1981-01-27,India,8.03
1981-01-28,India,8.05
1981-01-29,India,8.07
1981-01-30,India,8.1
1981-02-02,India,8.2
1981-02-03,India,8.15
1981-02-04,India,8.12
1981-02-05,India,8.15
1981-02-06,India,8.16
1981-02-09,India,8.16
1981-02-10,India,8.16
1981-02-11,India,8.18
1981-02-12,India,
1981-02-13,India,8.21
1981-02-16,India,
1981-02-17,India,8.24
1981-02-18,India,8.22
1981-02-19,India,8.22
1981-02-20,India,8.23
1981-02-23,India,8.29
1981-02-24,India,8.31
1981-02-25,India,8.33
1981-02-26,India,8.32
1981-02-27,India,8.33
1981-03-02,India,8.33
1981-03-03,India,8.25
1981-03-04,India,8.19
1981-03-05,India,8.23
1981-03-06,India,8.23
1981-03-09,India,8.26
1981-03-10,India,8.23
1981-03-11,India,8.16
1981-03-12,India,8.18
1981-03-13,India,8.23
1981-03-16,India,8.23
1981-03-17,India,8.2
1981-03-18,India,8.21
1981-03-19,India,8.23
1981-03-20,India,8.23
1981-03-23,India,8.28
1981-03-24,India,8.26
1981-03-25,India,8.27
1981-03-26,India,8.26
1981-03-27,India,8.31
1981-03-30,India,8.31
1981-03-31,India,8.27
1981-04-01,India,8.27
1981-04-02,India,8.27
1981-04-03,India,8.31
1981-04-06,India,8.35
1981-04-07,India,8.33
1981-04-08,India,8.23
1981-04-09,India,8.26
1981-04-10,India,8.26
1981-04-13,India,8.32
1981-04-14,India,8.32
1981-04-15,India,8.33
1981-04-16,India,8.32
1981-04-17,India,8.32
1981-04-20,India,8.32
1981-04-21,India,8.31
1981-04-22,India,8.27
1981-04-23,India,8.23
1981-04-24,India,8.25
1981-04-27,India,8.25
1981-04-28,India,8.26
1981-04-29,India,8.31
1981-04-30,India,8.33
1981-05-01,India,8.35
1981-05-04,India,8.38
1981-05-05,India,8.38
1981-05-06,India,8.33
1981-05-07,India,8.34
1981-05-08,India,8.33
1981-05-11,India,8.34
1981-05-12,India,8.36
1981-05-13,India,8.37
1981-05-14,India,8.43
1981-05-15,India,8.45
1981-05-18,India,8.39
1981-05-19,India,8.4
1981-05-20,India,8.42
1981-05-21,India,8.41
1981-05-22,India,8.43
1981-05-25,India,
1981-05-26,India,8.5
1981-05-27,India,8.5
1981-05-28,India,8.5
1981-05-29,India,8.48
1981-06-01,India,8.5
1981-06-02,India,8.5
1981-06-03,India,8.53
1981-06-04,India,8.57
1981-06-05,India,8.6
1981-06-08,India,8.6
1981-06-09,India,8.62
1981-06-10,India,8.6
1981-06-11,India,8.58
1981-06-12,India,8.61
1981-06-15,India,8.55
1981-06-16,India,8.49
1981-06-17,India,8.49
1981-06-18,India,8.51
1981-06-19,India,8.53
1981-06-22,India,8.52
1981-06-23,India,8.51
1981-06-24,India,8.54
1981-06-25,India,8.56
1981-06-26,India,8.59
1981-06-29,India,8.62
1981-06-30,India,8.62
1981-07-01,India,8.65
1981-07-02,India,8.81
1981-07-03,India,8.84
1981-07-06,India,8.85
1981-07-07,India,8.77
1981-07-08,India,8.85
1981-07-09,India,8.87
1981-07-10,India,8.83
1981-07-13,India,8.84
1981-07-14,India,8.95
1981-07-15,India,8.93
1981-07-16,India,8.93
1981-07-17,India,8.93
1981-07-20,India,8.97
1981-07-21,India,8.98
1981-07-22,India,9.0
1981-07-23,India,8.97
1981-07-24,India,8.98
1981-07-27,India,8.92
1981-07-28,India,8.98
1981-07-29,India,8.98
1981-07-30,India,9.02
1981-07-31,India,9.0
1981-08-03,India,9.07
1981-08-04,India,9.09
1981-08-05,India,9.09
1981-08-06,India,9.1
1981-08-07,India,9.16
1981-08-10,India,9.26
1981-08-11,India,9.24
1981-08-12,India,9.11
1981-08-13,India,9.07
1981-08-14,India,9.07
1981-08-17,India,8.99
1981-08-18,India,8.94
1981-08-19,India,8.97
1981-08-20,India,8.97
1981-08-21,India,8.93
1981-08-24,India,8.93
1981-08-25,India,9.07
1981-08-26,India,9.05
1981-08-27,India,9.06
1981-08-28,India,9.05
1981-08-31,India,9.05
1981-09-01,India,9.05
1981-09-02,India,9.04
1981-09-03,India,9.01
1981-09-04,India,9.01
1981-09-07,India,
1981-09-08,India,9.17
1981-09-09,India,9.18
1981-09-10,India,9.15
1981-09-11,India,9.14
1981-09-14,India,9.17
1981-09-15,India,9.08
1981-09-16,India,9.06
1981-09-17,India,9.04
1981-09-18,India,9.07
1981-09-21,India,9.11
1981-09-22,India,9.11
1981-09-23,India,9.13
1981-09-24,India,9.24
1981-09-25,India,9.22
1981-09-28,India,9.2
1981-09-29,India,9.12
1981-09-30,India,9.12
1981-10-01,India,9.1
1981-10-02,India,9.09
1981-10-05,India,9.05
1981-10-06,India,9.11
1981-10-07,India,9.08
1981-10-08,India,8.96
1981-10-09,India,8.93
1981-10-12,India,
1981-10-13,India,9.18
1981-10-14,India,9.17
1981-10-15,India,9.1
1981-10-16,India,9.18
1981-10-19,India,9.2
1981-10-20,India,9.21
1981-10-21,India,9.21
1981-10-22,India,9.21
1981-10-23,India,9.2
1981-10-26,India,9.24
1981-10-27,India,9.18
1981-10-28,India,9.17
1981-10-29,India,9.13
1981-10-30,India,9.13
1981-11-02,India,9.17
1981-11-03,India,
1981-11-04,India,9.18
1981-11-05,India,9.18
1981-11-06,India,9.17
1981-11-09,India,9.1
1981-11-10,India,9.14
1981-11-11,India,
1981-11-12,India,9.1
1981-11-13,India,9.1
1981-11-16,India,9.09
1981-11-17,India,9.12
1981-11-18,India,9.17
1981-11-19,India,9.08
1981-11-20,India,9.14
1981-11-23,India,9.17
1981-11-24,India,9.13
1981-11-25,India,9.16
1981-11-26,India,
1981-11-27,India,9.11
1981-11-30,India,9.12
1981-12-01,India,9.09
1981-12-02,India,9.15
1981-12-03,India,9.13
1981-12-04,India,9.13
1981-12-07,India,9.13
1981-12-08,India,9.16
1981-12-09,India,9.12
1981-12-10,India,9.17
1981-12-11,India,9.15
1981-12-14,India,9.15
1981-12-15,India,9.11
1981-12-16,India,9.13
1981-12-17,India,9.12
1981-12-18,India,9.12
1981-12-21,India,9.16
1981-12-22,India,9.13
1981-12-23,India,9.12
1981-12-24,India,9.12
1981-12-25,India,
1981-12-28,India,9.13
1981-12-29,India,9.11
1981-12-30,India,9.11
1981-12-31,India,9.13
1982-01-01,India,
1982-01-04,India,9.07
1982-01-05,India,9.1
1982-01-06,India,9.11
1982-01-07,India,9.15
1982-01-08,India,9.14
1982-01-11,India,9.17
1982-01-12,India,9.17
1982-01-13,India,9.18
1982-01-14,India,9.17
1982-01-15,India,9.15
1982-01-18,India,9.14
1982-01-19,India,9.14
1982-01-20,India,9.17
1982-01-21,India,9.15
1982-01-22,India,9.18
1982-01-25,India,9.2
1982-01-26,India,9.2
1982-01-27,India,9.17
1982-01-28,India,9.15
1982-01-29,India,9.14
1982-02-01,India,9.19
1982-02-02,India,9.18
1982-02-03,India,9.15
1982-02-04,India,9.15
1982-02-05,India,9.15
1982-02-08,India,9.16
1982-02-09,India,9.19
1982-02-10,India,9.18
1982-02-11,India,9.17
1982-02-12,India,
1982-02-15,India,
1982-02-16,India,9.26
1982-02-17,India,9.26
1982-02-18,India,9.25
1982-02-19,India,9.23
1982-02-22,India,9.23
1982-02-23,India,9.26
1982-02-24,India,9.27
1982-02-25,India,9.27
1982-02-26,India,9.31
1982-03-01,India,9.29
1982-03-02,India,9.27
1982-03-03,India,9.28
1982-03-04,India,9.25
1982-03-05,India,9.23
1982-03-08,India,9.26
1982-03-09,India,9.27
1982-03-10,India,9.27
1982-03-11,India,9.27
1982-03-12,India,9.29
1982-03-15,India,9.27
1982-03-16,India,9.27
1982-03-17,India,9.29
1982-03-18,India,9.29
1982-03-19,India,9.3
1982-03-22,India,9.31
1982-03-23,India,9.31
1982-03-24,India,9.31
1982-03-25,India,9.31
1982-03-26,India,9.36
1982-03-29,India,9.35
1982-03-30,India,9.35
1982-03-31,India,9.35
1982-04-01,India,9.35
1982-04-02,India,9.34
1982-04-05,India,9.37
1982-04-06,India,9.39
1982-04-07,India,9.39
1982-04-08,India,9.39
1982-04-09,India,9.39
1982-04-12,India,9.42
1982-04-13,India,9.39
1982-04-14,India,9.41
1982-04-15,India,9.44
1982-04-16,India,9.43
1982-04-19,India,9.42
1982-04-20,India,9.4
1982-04-21,India,9.42
1982-04-22,India,9.4
1982-04-23,India,9.41
1982-04-26,India,9.38
1982-04-27,India,9.39
1982-04-28,India,9.37
1982-04-29,India,9.38
1982-04-30,India,9.35
1982-05-03,India,9.32
1982-05-04,India,9.3
1982-05-05,India,9.31
1982-05-06,India,9.26
1982-05-07,India,9.25
1982-05-10,India,9.22
1982-05-11,India,9.22
1982-05-12,India,9.21
1982-05-13,India,9.26
1982-05-14,India,9.3
1982-05-17,India,9.27
1982-05-18,India,9.29
1982-05-19,India,9.37
1982-05-20,India,9.38
1982-05-21,India,9.28
1982-05-24,India,9.32
1982-05-25,India,9.31
1982-05-26,India,9.33
1982-05-27,India,9.34
1982-05-28,India,9.39
1982-05-31,India,
1982-06-01,India,9.38
1982-06-02,India,9.38
1982-06-03,India,9.35
1982-06-04,India,9.34
1982-06-07,India,9.37
1982-06-08,India,9.37
1982-06-09,India,9.37
1982-06-10,India,9.39
1982-06-11,India,9.4
1982-06-14,India,9.46
1982-06-15,India,9.45
1982-06-16,India,9.46
1982-06-17,India,9.52
1982-06-18,India,9.56
1982-06-21,India,9.56
1982-06-22,India,9.54
1982-06-23,India,9.57
1982-06-24,India,9.53
1982-06-25,India,9.57
1982-06-28,India,9.6
1982-06-29,India,9.57
1982-06-30,India,9.53
1982-07-01,India,9.57
1982-07-02,India,9.56
1982-07-05,India,
1982-07-06,India,9.59
1982-07-07,India,9.66
1982-07-08,India,9.65
1982-07-09,India,9.61
1982-07-12,India,9.55
1982-07-13,India,9.57
1982-07-14,India,9.59
1982-07-15,India,9.58
1982-07-16,India,9.61
1982-07-19,India,9.53
1982-07-20,India,9.56
1982-07-21,India,9.54
1982-07-22,India,9.53
1982-07-23,India,9.47
1982-07-26,India,9.48
1982-07-27,India,9.52
1982-07-28,India,9.54
1982-07-29,India,9.56
1982-07-30,India,9.56
1982-08-02,India,9.51
1982-08-03,India,9.51
1982-08-04,India,9.58
1982-08-05,India,9.6
1982-08-06,India,9.62
1982-08-09,India,9.66
1982-08-10,India,9.6
1982-08-11,India,9.61
1982-08-12,India,9.64
1982-08-13,India,9.57
1982-08-16,India,9.6
1982-08-17,India,9.62
1982-08-18,India,9.53
1982-08-19,India,9.54
1982-08-20,India,9.53
1982-08-23,India,9.56
1982-08-24,India,9.52
1982-08-25,India,9.51
1982-08-26,India,9.51
1982-08-27,India,9.55
1982-08-30,India,9.63
1982-08-31,India,9.63
1982-09-01,India,9.65
1982-09-02,India,9.58
1982-09-03,India,9.54
1982-09-06,India,
1982-09-07,India,9.61
1982-09-08,India,9.61
1982-09-09,India,9.62
1982-09-10,India,9.65
1982-09-13,India,9.69
1982-09-14,India,9.66
1982-09-15,India,9.65
1982-09-16,India,9.68
1982-09-17,India,9.66
1982-09-20,India,9.65
1982-09-21,India,9.65
1982-09-22,India,9.63
1982-09-23,India,9.64
1982-09-24,India,9.67
1982-09-27,India,9.7
1982-09-28,India,9.7
1982-09-29,India,9.69
1982-09-30,India,9.71
1982-10-01,India,9.72
1982-10-04,India,9.73
1982-10-05,India,9.73
1982-10-06,India,9.72
1982-10-07,India,9.72
1982-10-08,India,9.66
1982-10-11,India,
1982-10-12,India,9.63
1982-10-13,India,9.65
1982-10-14,India,9.65
1982-10-15,India,9.69
1982-10-18,India,9.68
1982-10-19,India,9.69
1982-10-20,India,9.71
1982-10-21,India,9.7
1982-10-22,India,9.69
1982-10-25,India,9.74
1982-10-26,India,9.74
1982-10-27,India,9.74
1982-10-28,India,9.71
1982-10-29,India,9.71
1982-11-01,India,9.76
1982-11-02,India,
1982-11-03,India,9.71
1982-11-04,India,9.75
1982-11-05,India,9.75
1982-11-08,India,9.78
1982-11-09,India,9.78
1982-11-10,India,9.75
1982-11-11,India,
1982-11-12,India,9.8
1982-11-15,India,9.82
1982-11-16,India,9.84
1982-11-17,India,9.85
1982-11-18,India,9.85
1982-11-19,India,9.81
1982-11-22,India,9.85
1982-11-23,India,9.86
1982-11-24,India,9.85
1982-11-25,India,
1982-11-26,India,9.82
1982-11-29,India,9.77
1982-11-30,India,9.74
1982-12-01,India,9.65
1982-12-02,India,9.65
1982-12-03,India,9.63
1982-12-06,India,9.69
1982-12-07,India,9.68
1982-12-08,India,9.67
1982-12-09,India,9.71
1982-12-10,India,9.73
1982-12-13,India,9.75
1982-12-14,India,9.74
1982-12-15,India,9.73
1982-12-16,India,9.7
1982-12-17,India,9.67
1982-12-20,India,9.73
1982-12-21,India,9.73
1982-12-22,India,9.73
1982-12-23,India,9.72
1982-12-24,India,9.72
1982-12-27,India,9.72
1982-12-28,India,9.72
1982-12-29,India,9.62
1982-12-30,India,9.62
1982-12-31,India,9.62
1983-01-03,India,9.62
1983-01-04,India,9.64
1983-01-05,India,9.64
1983-01-06,India,9.7
1983-01-07,India,9.73
1983-01-10,India,9.72
1983-01-11,India,9.77
1983-01-12,India,9.78
1983-01-13,India,9.79
1983-01-14,India,9.8
1983-01-17,India,9.82
1983-01-18,India,9.81
1983-01-19,India,9.85
1983-01-20,India,9.86
1983-01-21,India,9.85
1983-01-24,India,9.86
1983-01-25,India,9.88
1983-01-26,India,9.85
1983-01-27,India,9.89
1983-01-28,India,9.9
1983-01-31,India,9.91
1983-02-01,India,9.92
1983-02-02,India,9.94
1983-02-03,India,9.94
1983-02-04,India,9.96
1983-02-07,India,9.98
1983-02-08,India,9.93
1983-02-09,India,9.9
1983-02-10,India,9.85
1983-02-11,India,9.86
1983-02-14,India,9.92
1983-02-15,India,9.87
1983-02-16,India,9.87
1983-02-17,India,9.87
1983-02-18,India,9.91
1983-02-21,India,
1983-02-22,India,9.93
1983-02-23,India,9.96
1983-02-24,India,9.94
1983-02-25,India,9.94
1983-02-28,India,9.96
1983-03-01,India,9.98
1983-03-02,India,9.97
1983-03-03,India,9.95
1983-03-04,India,9.95
1983-03-07,India,9.94
1983-03-08,India,9.95
1983-03-09,India,9.95
1983-03-10,India,9.94
1983-03-11,India,9.94
1983-03-14,India,9.95
1983-03-15,India,9.92
1983-03-16,India,9.93
1983-03-17,India,9.94
1983-03-18,India,9.95
1983-03-21,India,9.96
1983-03-22,India,9.96
1983-03-23,India,9.95
1983-03-24,India,9.97
1983-03-25,India,10.0
1983-03-28,India,10.02
1983-03-29,India,10.01
1983-03-30,India,10.05
1983-03-31,India,10.02
1983-04-01,India,10.02
1983-04-04,India,10.03
1983-04-05,India,9.99
1983-04-06,India,9.96
1983-04-07,India,9.96
1983-04-08,India,10.01
1983-04-11,India,9.96
1983-04-12,India,9.96
1983-04-13,India,9.96
1983-04-14,India,9.99
1983-04-15,India,9.99
1983-04-18,India,9.95
1983-04-19,India,9.94
1983-04-20,India,9.98
1983-04-21,India,10.0
1983-04-22,India,10.01
1983-04-25,India,9.99
1983-04-26,India,9.98
1983-04-27,India,9.98
1983-04-28,India,9.97
1983-04-29,India,10.0
1983-05-02,India,10.0
1983-05-03,India,9.98
1983-05-04,India,9.97
1983-05-05,India,9.98
1983-05-06,India,9.99
1983-05-09,India,9.99
1983-05-10,India,9.99
1983-05-11,India,9.97
1983-05-12,India,9.99
1983-05-13,India,9.99
1983-05-16,India,9.9
1983-05-17,India,10.0
1983-05-18,India,10.01
1983-05-19,India,10.03
1983-05-20,India,10.01
1983-05-23,India,10.01
1983-05-24,India,10.0
1983-05-25,India,10.0
1983-05-26,India,9.97
1983-05-27,India,10.02
1983-05-30,India,
1983-05-31,India,9.98
1983-06-01,India,10.0
1983-06-02,India,10.0
1983-06-03,India,10.01
1983-06-06,India,9.99
1983-06-07,India,10.0
1983-06-08,India,10.01
1983-06-09,India,10.0
1983-06-10,India,10.01
1983-06-13,India,10.02
1983-06-14,India,10.04
1983-06-15,India,10.06
1983-06-16,India,10.07
1983-06-17,India,10.07
1983-06-20,India,10.08
1983-06-21,India,10.08
1983-06-22,India,10.09
1983-06-23,India,10.1
1983-06-24,India,10.09
1983-06-27,India,10.08
1983-06-28,India,10.09
1983-06-29,India,10.1
1983-06-30,India,10.09
1983-07-01,India,10.09
1983-07-04,India,
1983-07-05,India,10.05
1983-07-06,India,10.05
1983-07-07,India,10.04
1983-07-08,India,10.05
1983-07-11,India,10.07
1983-07-12,India,10.11
1983-07-13,India,10.12
1983-07-14,India,10.11
1983-07-15,India,10.12
1983-07-18,India,10.09
1983-07-19,India,10.07
1983-07-20,India,10.07
1983-07-21,India,10.08
1983-07-22,India,10.09
1983-07-25,India,10.09
1983-07-26,India,10.09
1983-07-27,India,10.1
1983-07-28,India,10.12
1983-07-29,India,10.14
1983-08-01,India,10.14
1983-08-02,India,10.16
1983-08-03,India,10.16
1983-08-04,India,10.17
1983-08-05,India,10.21
1983-08-08,India,10.2
1983-08-09,India,10.19
1983-08-10,India,10.19
1983-08-11,India,10.2
1983-08-12,India,10.23
1983-08-15,India,10.16
1983-08-16,India,10.18
1983-08-17,India,10.16
1983-08-18,India,10.17
1983-08-19,India,10.19
1983-08-22,India,10.17
1983-08-23,India,10.15
1983-08-24,India,10.19
1983-08-25,India,10.19
1983-08-26,India,10.22
1983-08-29,India,10.25
1983-08-30,India,10.21
1983-08-31,India,10.22
1983-09-01,India,10.2
1983-09-02,India,10.22
1983-09-05,India,
1983-09-06,India,10.21
1983-09-07,India,10.22
1983-09-08,India,10.2
1983-09-09,India,10.19
1983-09-12,India,10.18
1983-09-13,India,10.2
1983-09-14,India,10.2
1983-09-15,India,10.21
1983-09-16,India,10.2
1983-09-19,India,10.2
1983-09-20,India,10.19
1983-09-21,India,10.19
1983-09-22,India,10.18
1983-09-23,India,10.2
1983-09-26,India,10.21
1983-09-27,India,10.2
1983-09-28,India,10.2
1983-09-29,India,10.21
1983-09-30,India,10.2
1983-10-03,India,10.2
1983-10-04,India,10.22
1983-10-05,India,10.2
1983-10-06,India,10.2
1983-10-07,India,10.21
1983-10-10,India,
1983-10-11,India,10.19
1983-10-12,India,10.2
1983-10-13,India,10.21
1983-10-14,India,10.21
1983-10-17,India,10.2
1983-10-18,India,10.21
1983-10-19,India,10.2
1983-10-20,India,10.22
1983-10-21,India,10.24
1983-10-24,India,10.25
1983-10-25,India,10.27
1983-10-26,India,10.29
1983-10-27,India,10.29
1983-10-28,India,10.28
1983-10-31,India,10.29
1983-11-01,India,10.3
1983-11-02,India,10.31
1983-11-03,India,10.31
1983-11-04,India,10.31
1983-11-07,India,10.32
1983-11-08,India,
1983-11-09,India,10.36
1983-11-10,India,10.34
1983-11-11,India,
1983-11-14,India,10.36
1983-11-15,India,10.38
1983-11-16,India,10.38
1983-11-17,India,10.4
1983-11-18,India,10.41
1983-11-21,India,10.45
1983-11-22,India,10.41
1983-11-23,India,10.4
1983-11-24,India,
1983-11-25,India,10.43
1983-11-28,India,10.45
1983-11-29,India,10.45
1983-11-30,India,10.42
1983-12-01,India,10.41
1983-12-02,India,10.41
1983-12-05,India,10.44
1983-12-06,India,10.46
1983-12-07,India,10.47
1983-12-08,India,10.46
1983-12-09,India,10.45
1983-12-12,India,10.44
1983-12-13,India,10.44
1983-12-14,India,10.46
1983-12-15,India,10.48
1983-12-16,India,10.52
1983-12-19,India,10.52
1983-12-20,India,10.55
1983-12-21,India,10.55
1983-12-22,India,10.53
1983-12-23,India,10.6
1983-12-26,India,
1983-12-27,India,10.57
1983-12-28,India,10.52
1983-12-29,India,10.51
1983-12-30,India,10.49
1984-01-02,India,
1984-01-03,India,10.57
1984-01-04,India,10.63
1984-01-05,India,10.69
1984-01-06,India,10.74
1984-01-09,India,10.74
1984-01-10,India,10.72
1984-01-11,India,10.7
1984-01-12,India,10.72
1984-01-13,India,10.75
1984-01-16,India,10.7
1984-01-17,India,10.69
1984-01-18,India,10.72
1984-01-19,India,10.73
1984-01-20,India,10.7
1984-01-23,India,10.74
1984-01-24,India,10.74
1984-01-25,India,10.75
1984-01-26,India,10.74
1984-01-27,India,10.75
1984-01-30,India,10.74
1984-01-31,India,10.76
1984-02-01,India,10.76
1984-02-02,India,10.76
1984-02-03,India,10.75
1984-02-06,India,10.76
1984-02-07,India,10.76
1984-02-08,India,10.76
1984-02-09,India,10.76
1984-02-10,India,10.77
1984-02-13,India,
1984-02-14,India,10.76
1984-02-15,India,10.75
1984-02-16,India,10.74
1984-02-17,India,10.73
1984-02-20,India,
1984-02-21,India,10.74
1984-02-22,India,10.74
1984-02-23,India,10.75
1984-02-24,India,10.71
1984-02-27,India,10.74
1984-02-28,India,10.7
1984-02-29,India,10.69
1984-03-01,India,10.68
1984-03-02,India,10.67
1984-03-05,India,10.67
1984-03-06,India,10.67
1984-03-07,India,10.67
1984-03-08,India,10.67
1984-03-09,India,10.69
1984-03-12,India,10.69
1984-03-13,India,10.7
1984-03-14,India,10.66
1984-03-15,India,10.68
1984-03-16,India,10.72
1984-03-19,India,10.76
1984-03-20,India,10.77
1984-03-21,India,10.78
1984-03-22,India,10.79
1984-03-23,India,10.77
1984-03-26,India,10.75
1984-03-27,India,10.73
1984-03-28,India,10.74
1984-03-29,India,10.7
1984-03-30,India,10.76
1984-04-02,India,10.76
1984-04-03,India,10.78
1984-04-04,India,10.77
1984-04-05,India,10.77
1984-04-06,India,10.77
1984-04-09,India,10.78
1984-04-10,India,10.8
1984-04-11,India,10.8
1984-04-12,India,10.8
1984-04-13,India,10.8
1984-04-16,India,10.82
1984-04-17,India,10.82
1984-04-18,India,10.81
1984-04-19,India,10.82
1984-04-20,India,10.82
1984-04-23,India,10.82
1984-04-24,India,10.87
1984-04-25,India,10.88
1984-04-26,India,10.89
1984-04-27,India,10.91
1984-04-30,India,10.93
1984-05-01,India,10.92
1984-05-02,India,10.94
1984-05-03,India,10.92
1984-05-04,India,10.93
1984-05-07,India,10.98
1984-05-08,India,11.0
1984-05-09,India,11.0
1984-05-10,India,11.1
1984-05-11,India,11.02
1984-05-14,India,11.06
1984-05-15,India,11.04
1984-05-16,India,11.02
1984-05-17,India,11.02
1984-05-18,India,11.03
1984-05-21,India,11.04
1984-05-22,India,11.04
1984-05-23,India,11.04
1984-05-24,India,11.06
1984-05-25,India,11.05
1984-05-28,India,
1984-05-29,India,11.07
1984-05-30,India,11.04
1984-05-31,India,11.05
1984-06-01,India,11.02
1984-06-04,India,10.98
1984-06-05,India,10.99
1984-06-06,India,10.98
1984-06-07,India,10.97
1984-06-08,India,10.99
1984-06-11,India,10.99
1984-06-12,India,11.0
1984-06-13,India,11.02
1984-06-14,India,11.02
1984-06-15,India,11.02
1984-06-18,India,11.04
1984-06-19,India,11.05
1984-06-20,India,11.07
1984-06-21,India,11.14
1984-06-22,India,11.12
1984-06-25,India,11.17
1984-06-26,India,11.18
1984-06-27,India,11.16
1984-06-28,India,11.21
1984-06-29,India,11.22
1984-07-02,India,11.22
1984-07-03,India,11.24
1984-07-04,India,
1984-07-05,India,11.25
1984-07-06,India,11.27
1984-07-09,India,11.29
1984-07-10,India,11.29
1984-07-11,India,11.32
1984-07-12,India,11.32
1984-07-13,India,11.32
1984-07-16,India,11.32
1984-07-17,India,11.35
1984-07-18,India,11.37
1984-07-19,India,11.4
1984-07-20,India,11.4
1984-07-23,India,11.49
1984-07-24,India,11.46
1984-07-25,India,11.47
1984-07-26,India,11.45
1984-07-27,India,11.5
1984-07-30,India,11.52
1984-07-31,India,11.55
1984-08-01,India,11.56
1984-08-02,India,11.56
1984-08-03,India,11.55
1984-08-06,India,11.5
1984-08-07,India,11.55
1984-08-08,India,11.56
1984-08-09,India,11.57
1984-08-10,India,11.52
1984-08-13,India,11.57
1984-08-14,India,11.56
1984-08-15,India,11.52
1984-08-16,India,11.56
1984-08-17,India,11.54
1984-08-20,India,11.55
1984-08-21,India,11.57
1984-08-22,India,11.58
1984-08-23,India,11.55
1984-08-24,India,11.55
1984-08-27,India,11.55
1984-08-28,India,11.58
1984-08-29,India,11.56
1984-08-30,India,11.58
1984-08-31,India,11.6
1984-09-03,India,
1984-09-04,India,11.72
1984-09-05,India,11.77
1984-09-06,India,11.78
1984-09-07,India,11.78
1984-09-10,India,11.79
1984-09-11,India,11.8
1984-09-12,India,11.78
1984-09-13,India,11.79
1984-09-14,India,11.82
1984-09-17,India,11.82
1984-09-18,India,12.0
1984-09-19,India,11.98
1984-09-20,India,11.96
1984-09-21,India,11.96
1984-09-24,India,11.84
1984-09-25,India,11.9
1984-09-26,India,11.96
1984-09-27,India,11.94
1984-09-28,India,11.92
1984-10-01,India,11.95
1984-10-02,India,11.92
1984-10-03,India,11.87
1984-10-04,India,11.9
1984-10-05,India,11.92
1984-10-08,India,
1984-10-09,India,11.98
1984-10-10,India,11.99
1984-10-11,India,11.99
1984-10-12,India,12.02
1984-10-15,India,12.02
1984-10-16,India,12.1
1984-10-17,India,12.11
1984-10-18,India,12.1
1984-10-19,India,12.04
1984-10-22,India,12.1
1984-10-23,India,12.06
1984-10-24,India,12.02
1984-10-25,India,12.02
1984-10-26,India,12.08
1984-10-29,India,12.13
1984-10-30,India,12.15
1984-10-31,India,12.12
1984-11-01,India,12.05
1984-11-02,India,11.97
1984-11-05,India,11.97
1984-11-06,India,
1984-11-07,India,12.01
1984-11-08,India,12.01
1984-11-09,India,12.0
1984-11-12,India,
1984-11-13,India,12.0
1984-11-14,India,12.04
1984-11-15,India,12.04
1984-11-16,India,12.06
1984-11-19,India,12.06
1984-11-20,India,12.09
1984-11-21,India,12.15
1984-11-22,India,
1984-11-23,India,12.15
1984-11-26,India,12.15
1984-11-27,India,12.15
1984-11-28,India,12.15
1984-11-29,India,12.15
1984-11-30,India,12.29
1984-12-03,India,12.29
1984-12-04,India,12.29
1984-12-05,India,12.29
1984-12-06,India,12.26
1984-12-07,India,12.26
1984-12-10,India,12.26
1984-12-11,India,12.26
1984-12-12,India,12.26
1984-12-13,India,12.26
1984-12-14,India,12.26
1984-12-17,India,12.26
1984-12-18,India,12.26
1984-12-19,India,12.26
1984-12-20,India,12.26
1984-12-21,India,12.32
1984-12-24,India,12.32
1984-12-25,India,
1984-12-26,India,12.32
1984-12-27,India,12.38
1984-12-28,India,12.4
1984-12-31,India,12.38
1985-01-01,India,
1985-01-02,India,12.38
1985-01-03,India,12.38
1985-01-04,India,12.5
1985-01-07,India,12.53
1985-01-08,India,12.56
1985-01-09,India,12.58
1985-01-10,India,12.62
1985-01-11,India,12.65
1985-01-14,India,12.63
1985-01-15,India,12.7
1985-01-16,India,12.67
1985-01-17,India,12.67
1985-01-18,India,12.67
1985-01-21,India,
1985-01-22,India,12.64
1985-01-23,India,12.64
1985-01-24,India,12.7
1985-01-25,India,12.65
1985-01-28,India,12.65
1985-01-29,India,12.65
1985-01-30,India,12.71
1985-01-31,India,12.67
1985-02-01,India,12.68
1985-02-04,India,12.75
1985-02-05,India,12.77
1985-02-06,India,12.81
1985-02-07,India,12.81
1985-02-08,India,12.84
1985-02-11,India,12.85
1985-02-12,India,
1985-02-13,India,12.95
1985-02-14,India,12.97
1985-02-15,India,12.89
1985-02-18,India,
1985-02-19,India,12.96
1985-02-20,India,12.98
1985-02-21,India,13.01
1985-02-22,India,13.07
1985-02-25,India,13.1
1985-02-26,India,13.22
1985-02-27,India,13.0
1985-02-28,India,12.93
1985-03-01,India,12.98
1985-03-04,India,13.08
1985-03-05,India,13.15
1985-03-06,India,13.16
1985-03-07,India,13.06
1985-03-08,India,13.16
1985-03-11,India,13.04
1985-03-12,India,12.92
1985-03-13,India,13.02
1985-03-14,India,13.06
1985-03-15,India,13.1
1985-03-18,India,13.0
1985-03-19,India,12.77
1985-03-20,India,12.6
1985-03-21,India,12.65
1985-03-22,India,12.66
1985-03-25,India,12.77
1985-03-26,India,12.81
1985-03-27,India,12.4
1985-03-28,India,12.5
1985-03-29,India,12.2
1985-04-01,India,12.38
1985-04-02,India,12.56
1985-04-03,India,12.4
1985-04-04,India,12.57
1985-04-05,India,12.57
1985-04-08,India,12.4
1985-04-09,India,12.57
1985-04-10,India,12.6
1985-04-11,India,12.45
1985-04-12,India,12.3
1985-04-15,India,12.25
1985-04-16,India,12.2
1985-04-17,India,12.17
1985-04-18,India,12.37
1985-04-19,India,12.17
1985-04-22,India,12.22
1985-04-23,India,12.32
1985-04-24,India,12.43
1985-04-25,India,12.45
1985-04-26,India,12.5
1985-04-29,India,12.5
1985-04-30,India,12.43
1985-05-01,India,12.55
1985-05-02,India,12.65
1985-05-03,India,12.62
1985-05-06,India,12.62
1985-05-07,India,12.6
1985-05-08,India,12.64
1985-05-09,India,12.54
1985-05-10,India,12.55
1985-05-13,India,12.55
1985-05-14,India,12.49
1985-05-15,India,12.39
1985-05-16,India,12.46
1985-05-17,India,12.48
1985-05-20,India,12.24
1985-05-21,India,12.36
1985-05-22,India,12.42
1985-05-23,India,12.47
1985-05-24,India,12.42
1985-05-27,India,
1985-05-28,India,12.52
1985-05-29,India,12.53
1985-05-30,India,12.44
1985-05-31,India,12.47
1985-06-03,India,12.39
1985-06-04,India,12.42
1985-06-05,India,12.44
1985-06-06,India,12.46
1985-06-07,India,12.47
1985-06-10,India,12.51
1985-06-11,India,12.54
1985-06-12,India,12.53
1985-06-13,India,12.54
1985-06-14,India,12.48
1985-06-17,India,12.49
1985-06-18,India,12.44
1985-06-19,India,12.32
1985-06-20,India,12.32
1985-06-21,India,12.42
1985-06-24,India,12.45
1985-06-25,India,12.39
1985-06-26,India,12.4
1985-06-27,India,12.4
1985-06-28,India,12.4
1985-07-01,India,12.3
1985-07-02,India,12.38
1985-07-03,India,12.37
1985-07-04,India,
1985-07-05,India,12.37
1985-07-08,India,12.32
1985-07-09,India,12.17
1985-07-10,India,12.02
1985-07-11,India,12.02
1985-07-12,India,12.02
1985-07-15,India,11.97
1985-07-16,India,11.94
1985-07-17,India,11.83
1985-07-18,India,11.82
1985-07-19,India,11.9
1985-07-22,India,12.02
1985-07-23,India,11.86
1985-07-24,India,11.98
1985-07-25,India,11.92
1985-07-26,India,11.98
1985-07-29,India,11.86
1985-07-30,India,11.84
1985-07-31,India,11.8
1985-08-01,India,11.86
1985-08-02,India,11.44
1985-08-05,India,11.95
1985-08-06,India,11.98
1985-08-07,India,12.08
1985-08-08,India,12.0
1985-08-09,India,12.02
1985-08-12,India,11.94
1985-08-13,India,11.9
1985-08-14,India,11.96
1985-08-15,India,11.89
1985-08-16,India,11.82
1985-08-19,India,11.83
1985-08-20,India,11.88
1985-08-21,India,11.92
1985-08-22,India,11.83
1985-08-23,India,11.92
1985-08-26,India,11.92
1985-08-27,India,11.87
1985-08-28,India,11.88
1985-08-29,India,11.9
1985-08-30,India,11.96
1985-09-02,India,
1985-09-03,India,12.06
1985-09-04,India,12.08
1985-09-05,India,12.1
1985-09-06,India,12.22
1985-09-09,India,12.4
1985-09-10,India,12.33
1985-09-11,India,12.32
1985-09-12,India,12.44
1985-09-13,India,12.25
1985-09-16,India,12.3
1985-09-17,India,12.28
1985-09-18,India,12.31
1985-09-19,India,12.3
1985-09-20,India,12.22
1985-09-23,India,11.8
1985-09-24,India,11.85
1985-09-25,India,11.88
1985-09-26,India,11.7
1985-09-27,India,11.7
1985-09-30,India,11.97
1985-10-01,India,11.92
1985-10-02,India,11.87
1985-10-03,India,11.97
1985-10-04,India,11.95
1985-10-07,India,12.06
1985-10-08,India,12.05
1985-10-09,India,12.06
1985-10-10,India,12.08
1985-10-11,India,12.09
1985-10-14,India,
1985-10-15,India,12.09
1985-10-16,India,12.1
1985-10-17,India,12.08
1985-10-18,India,12.09
1985-10-21,India,12.03
1985-10-22,India,12.04
1985-10-23,India,12.01
1985-10-24,India,12.0
1985-10-25,India,12.04
1985-10-28,India,12.02
1985-10-29,India,12.07
1985-10-30,India,12.06
1985-10-31,India,12.05
1985-11-01,India,12.07
1985-11-04,India,12.06
1985-11-05,India,12.06
1985-11-06,India,12.08
1985-11-07,India,12.08
1985-11-08,India,12.19
1985-11-11,India,
1985-11-12,India,12.17
1985-11-13,India,12.16
1985-11-14,India,12.16
1985-11-15,India,12.14
1985-11-18,India,12.18
1985-11-19,India,12.12
1985-11-20,India,12.13
1985-11-21,India,12.07
1985-11-22,India,12.08
1985-11-25,India,12.03
1985-11-26,India,12.07
1985-11-27,India,12.02
1985-11-28,India,
1985-11-29,India,12.05
1985-12-02,India,12.04
1985-12-03,India,12.07
1985-12-04,India,12.07
1985-12-05,India,12.07
1985-12-06,India,12.1
1985-12-09,India,12.19
1985-12-10,India,12.2
1985-12-11,India,12.2
1985-12-12,India,12.18
1985-12-13,India,12.17
1985-12-16,India,12.17
1985-12-17,India,12.15
1985-12-18,India,12.19
1985-12-19,India,12.2
1985-12-20,India,12.19
1985-12-23,India,12.19
1985-12-24,India,12.21
1985-12-25,India,
1985-12-26,India,12.21
1985-12-27,India,12.19
1985-12-30,India,12.1
1985-12-31,India,12.11
1986-01-01,India,
1986-01-02,India,12.05
1986-01-03,India,12.12
1986-01-06,India,12.17
1986-01-07,India,12.13
1986-01-08,India,12.16
1986-01-09,India,12.19
1986-01-10,India,12.09
1986-01-13,India,12.18
1986-01-14,India,12.2
1986-01-15,India,12.21
1986-01-16,India,12.2
1986-01-17,India,12.22
1986-01-20,India,
1986-01-21,India,12.31
1986-01-22,India,12.38
1986-01-23,India,12.38
1986-01-24,India,12.37
1986-01-27,India,12.44
1986-01-28,India,12.34
1986-01-29,India,12.33
1986-01-30,India,12.3
1986-01-31,India,12.34
1986-02-03,India,12.45
1986-02-04,India,12.55
1986-02-05,India,12.49
1986-02-06,India,12.47
1986-02-07,India,12.53
1986-02-10,India,12.52
1986-02-11,India,12.49
1986-02-12,India,12.44
1986-02-13,India,12.43
1986-02-14,India,12.44
1986-02-17,India,
1986-02-18,India,12.4
1986-02-19,India,12.29
1986-02-20,India,12.24
1986-02-21,India,12.37
1986-02-24,India,12.26
1986-02-25,India,12.12
1986-02-26,India,12.13
1986-02-27,India,12.14
1986-02-28,India,12.27
1986-03-03,India,12.34
1986-03-04,India,12.23
1986-03-05,India,12.22
1986-03-06,India,12.27
1986-03-07,India,12.83
1986-03-10,India,12.25
1986-03-11,India,12.35
1986-03-12,India,12.2
1986-03-13,India,12.3
1986-03-14,India,12.25
1986-03-17,India,12.24
1986-03-18,India,12.23
1986-03-19,India,12.24
1986-03-20,India,12.17
1986-03-21,India,12.17
1986-03-24,India,12.19
1986-03-25,India,12.33
1986-03-26,India,12.33
1986-03-27,India,12.31
1986-03-28,India,12.31
1986-03-31,India,12.31
1986-04-01,India,12.43
1986-04-02,India,12.42
1986-04-03,India,12.44
1986-04-04,India,12.49
1986-04-07,India,12.54
1986-04-08,India,12.5
1986-04-09,India,12.56
1986-04-10,India,12.55
1986-04-11,India,12.48
1986-04-14,India,12.45
1986-04-15,India,12.49
1986-04-16,India,12.41
1986-04-17,India,12.34
1986-04-18,India,12.28
1986-04-21,India,12.36
1986-04-22,India,12.3
1986-04-23,India,12.29
1986-04-24,India,12.22
1986-04-25,India,12.28
1986-04-28,India,12.25
1986-04-29,India,12.27
1986-04-30,India,12.3
1986-05-01,India,12.35
1986-05-02,India,12.44
1986-05-05,India,12.44
1986-05-06,India,12.37
1986-05-07,India,12.34
1986-05-08,India,12.3
1986-05-09,India,12.36
1986-05-12,India,12.32
1986-05-13,India,12.32
1986-05-14,India,12.38
1986-05-15,India,12.36
1986-05-16,India,12.43
1986-05-19,India,12.46
1986-05-20,India,12.42
1986-05-21,India,12.5
1986-05-22,India,12.57
1986-05-23,India,12.64
1986-05-26,India,
1986-05-27,India,12.69
1986-05-28,India,12.63
1986-05-29,India,12.69
1986-05-30,India,12.77
1986-06-02,India,12.87
1986-06-03,India,12.7
1986-06-04,India,12.67
1986-06-05,India,12.69
1986-06-06,India,12.58
1986-06-09,India,12.63
1986-06-10,India,12.55
1986-06-11,India,12.44
1986-06-12,India,12.48
1986-06-13,India,12.59
1986-06-16,India,12.53
1986-06-17,India,12.62
1986-06-18,India,12.62
1986-06-19,India,12.62
1986-06-20,India,12.65
1986-06-23,India,12.71
1986-06-24,India,12.58
1986-06-25,India,12.52
1986-06-26,India,12.56
1986-06-27,India,12.54
1986-06-30,India,12.42
1986-07-01,India,12.4
1986-07-02,India,12.42
1986-07-03,India,12.36
1986-07-04,India,
1986-07-07,India,12.35
1986-07-08,India,12.37
1986-07-09,India,12.45
1986-07-10,India,12.48
1986-07-11,India,12.51
1986-07-14,India,12.62
1986-07-15,India,12.54
1986-07-16,India,12.47
1986-07-17,India,12.53
1986-07-18,India,12.59
1986-07-21,India,12.59
1986-07-22,India,12.56
1986-07-23,India,12.57
1986-07-24,India,12.53
1986-07-25,India,12.54
1986-07-28,India,12.58
1986-07-29,India,12.56
1986-07-30,India,12.57
1986-07-31,India,12.58
1986-08-01,India,12.58
1986-08-04,India,12.59
1986-08-05,India,12.53
1986-08-06,India,12.55
1986-08-07,India,12.57
1986-08-08,India,12.56
1986-08-11,India,12.54
1986-08-12,India,12.55
1986-08-13,India,12.58
1986-08-14,India,12.57
1986-08-15,India,12.55
1986-08-18,India,12.59
1986-08-19,India,12.61
1986-08-20,India,12.57
1986-08-21,India,12.59
1986-08-22,India,12.57
1986-08-25,India,12.57
1986-08-26,India,12.56
1986-08-27,India,12.58
1986-08-28,India,12.55
1986-08-29,India,12.54
1986-09-01,India,
1986-09-02,India,12.57
1986-09-03,India,12.58
1986-09-04,India,12.57
1986-09-05,India,12.57
1986-09-08,India,12.61
1986-09-09,India,12.62
1986-09-10,India,12.62
1986-09-11,India,12.64
1986-09-12,India,12.67
1986-09-15,India,12.7
1986-09-16,India,12.7
1986-09-17,India,12.72
1986-09-18,India,12.67
1986-09-19,India,12.68
1986-09-22,India,12.73
1986-09-23,India,12.75
1986-09-24,India,12.72
1986-09-25,India,12.74
1986-09-26,India,12.78
1986-09-29,India,12.78
1986-09-30,India,12.77
1986-10-01,India,12.8
1986-10-02,India,12.81
1986-10-03,India,12.77
1986-10-06,India,12.77
1986-10-07,India,12.77
1986-10-08,India,12.81
1986-10-09,India,12.78
1986-10-10,India,12.81
1986-10-13,India,
1986-10-14,India,12.76
1986-10-15,India,12.79
1986-10-16,India,12.81
1986-10-17,India,12.84
1986-10-20,India,12.83
1986-10-21,India,12.84
1986-10-22,India,12.86
1986-10-23,India,12.91
1986-10-24,India,12.96
1986-10-27,India,12.97
1986-10-28,India,12.92
1986-10-29,India,12.93
1986-10-30,India,12.95
1986-10-31,India,12.98
1986-11-03,India,12.95
1986-11-04,India,12.96
1986-11-05,India,12.94
1986-11-06,India,12.99
1986-11-07,India,13.01
1986-11-10,India,13.01
1986-11-11,India,
1986-11-12,India,13.09
1986-11-13,India,13.13
1986-11-14,India,13.1
1986-11-17,India,13.11
1986-11-18,India,13.15
1986-11-19,India,13.15
1986-11-20,India,13.15
1986-11-21,India,13.16
1986-11-24,India,13.14
1986-11-25,India,13.12
1986-11-26,India,13.11
1986-11-27,India,
1986-11-28,India,13.1
1986-12-01,India,13.13
1986-12-02,India,13.14
1986-12-03,India,13.14
1986-12-04,India,13.14
1986-12-05,India,13.16
1986-12-08,India,13.18
1986-12-09,India,13.18
1986-12-10,India,13.16
1986-12-11,India,13.18
1986-12-12,India,13.17
1986-12-15,India,13.14
1986-12-16,India,13.17
1986-12-17,India,13.18
1986-12-18,India,13.15
1986-12-19,India,13.16
1986-12-22,India,13.13
1986-12-23,India,13.12
1986-12-24,India,13.13
1986-12-25,India,
1986-12-26,India,13.13
1986-12-29,India,13.13
1986-12-30,India,13.13
1986-12-31,India,13.12
1987-01-01,India,
1987-01-02,India,13.02
1987-01-05,India,13.05
1987-01-06,India,13.05
1987-01-07,India,13.05
1987-01-08,India,13.08
1987-01-09,India,13.05
1987-01-12,India,13.02
1987-01-13,India,13.04
1987-01-14,India,13.02
1987-01-15,India,13.01
1987-01-16,India,13.0
1987-01-19,India,
1987-01-20,India,13.05
1987-01-21,India,13.07
1987-01-22,India,13.02
1987-01-23,India,13.04
1987-01-26,India,13.02
1987-01-27,India,13.04
1987-01-28,India,12.95
1987-01-29,India,12.97
1987-01-30,India,13.04
1987-02-02,India,13.06
1987-02-03,India,13.02
1987-02-04,India,13.03
1987-02-05,India,13.12
1987-02-06,India,13.19
1987-02-09,India,13.13
1987-02-10,India,13.05
1987-02-11,India,13.04
1987-02-12,India,13.03
1987-02-13,India,13.05
1987-02-16,India,
1987-02-17,India,13.04
1987-02-18,India,13.04
1987-02-19,India,13.09
1987-02-20,India,13.08
1987-02-23,India,13.03
1987-02-24,India,13.04
1987-02-25,India,13.04
1987-02-26,India,13.05
1987-02-27,India,13.05
1987-03-02,India,13.02
1987-03-03,India,13.02
1987-03-04,India,13.03
1987-03-05,India,13.02
1987-03-06,India,12.98
1987-03-09,India,12.95
1987-03-10,India,12.97
1987-03-11,India,12.92
1987-03-12,India,12.93
1987-03-13,India,12.99
1987-03-16,India,12.99
1987-03-17,India,12.92
1987-03-18,India,12.85
1987-03-19,India,12.86
1987-03-20,India,12.88
1987-03-23,India,12.8
1987-03-24,India,12.79
1987-03-25,India,12.82
1987-03-26,India,12.9
1987-03-27,India,12.89
1987-03-30,India,12.85
1987-03-31,India,12.94
1987-04-01,India,12.94
1987-04-02,India,13.0
1987-04-03,India,12.88
1987-04-06,India,12.85
1987-04-07,India,12.85
1987-04-08,India,12.87
1987-04-09,India,12.85
1987-04-10,India,12.82
1987-04-13,India,12.86
1987-04-14,India,12.8
1987-04-15,India,12.83
1987-04-16,India,12.86
1987-04-17,India,12.84
1987-04-20,India,12.86
1987-04-21,India,12.8
1987-04-22,India,12.82
1987-04-23,India,12.8
1987-04-24,India,12.7
1987-04-27,India,12.63
1987-04-28,India,12.69
1987-04-29,India,12.72
1987-04-30,India,12.65
1987-05-01,India,12.63
1987-05-04,India,12.63
1987-05-05,India,12.61
1987-05-06,India,12.57
1987-05-07,India,12.59
1987-05-08,India,12.59
1987-05-11,India,12.66
1987-05-12,India,12.7
1987-05-13,India,12.7
1987-05-14,India,12.65
1987-05-15,India,12.62
1987-05-18,India,12.61
1987-05-19,India,12.59
1987-05-20,India,12.59
1987-05-21,India,12.63
1987-05-22,India,12.63
1987-05-25,India,
1987-05-26,India,12.74
1987-05-27,India,12.89
1987-05-28,India,12.85
1987-05-29,India,12.84
1987-06-01,India,12.89
1987-06-02,India,12.8
1987-06-03,India,12.81
1987-06-04,India,12.84
1987-06-05,India,12.83
1987-06-08,India,12.81
1987-06-09,India,12.75
1987-06-10,India,12.72
1987-06-11,India,12.72
1987-06-12,India,12.75
1987-06-15,India,12.86
1987-06-16,India,12.85
1987-06-17,India,12.85
1987-06-18,India,12.84
1987-06-19,India,12.85
1987-06-22,India,12.91
1987-06-23,India,12.93
1987-06-24,India,12.82
1987-06-25,India,12.87
1987-06-26,India,12.88
1987-06-29,India,12.94
1987-06-30,India,12.89
1987-07-01,India,12.87
1987-07-02,India,12.9
1987-07-03,India,12.89
1987-07-06,India,12.9
1987-07-07,India,12.9
1987-07-08,India,12.94
1987-07-09,India,12.94
1987-07-10,India,13.0
1987-07-13,India,12.99
1987-07-14,India,13.03
1987-07-15,India,12.96
1987-07-16,India,12.99
1987-07-17,India,13.04
1987-07-20,India,13.1
1987-07-21,India,13.11
1987-07-22,India,13.1
1987-07-23,India,13.05
1987-07-24,India,13.08
1987-07-27,India,13.09
1987-07-28,India,13.11
1987-07-29,India,13.08
1987-07-30,India,13.11
1987-07-31,India,13.11
1987-08-03,India,13.12
1987-08-04,India,13.15
1987-08-05,India,13.09
1987-08-06,India,13.09
1987-08-07,India,13.12
1987-08-10,India,13.11
1987-08-11,India,13.11
1987-08-12,India,13.1
1987-08-13,India,13.09
1987-08-14,India,13.1
1987-08-17,India,13.09
1987-08-18,India,13.04
1987-08-19,India,13.08
1987-08-20,India,13.07
1987-08-21,India,13.06
1987-08-24,India,13.06
1987-08-25,India,13.07
1987-08-26,India,13.09
1987-08-27,India,13.05
1987-08-28,India,13.05
1987-08-31,India,13.05
1987-09-01,India,12.98
1987-09-02,India,12.95
1987-09-03,India,12.94
1987-09-04,India,12.93
1987-09-07,India,
1987-09-08,India,12.9
1987-09-09,India,12.92
1987-09-10,India,12.96
1987-09-11,India,12.95
1987-09-14,India,13.0
1987-09-15,India,13.0
1987-09-16,India,12.99
1987-09-17,India,12.98
1987-09-18,India,12.95
1987-09-21,India,12.96
1987-09-22,India,13.0
1987-09-23,India,13.04
1987-09-24,India,13.03
1987-09-25,India,13.07
1987-09-28,India,13.07
1987-09-29,India,13.13
1987-09-30,India,13.11
1987-10-01,India,13.11
1987-10-02,India,13.08
1987-10-05,India,13.1
1987-10-06,India,13.06
1987-10-07,India,13.06
1987-10-08,India,13.08
1987-10-09,India,13.06
1987-10-12,India,
1987-10-13,India,13.08
1987-10-14,India,13.05
1987-10-15,India,13.05
1987-10-16,India,13.07
1987-10-19,India,12.99
1987-10-20,India,13.03
1987-10-21,India,13.06
1987-10-22,India,13.04
1987-10-23,India,13.02
1987-10-26,India,12.99
1987-10-27,India,12.99
1987-10-28,India,12.99
1987-10-29,India,13.0
1987-10-30,India,12.99
1987-11-02,India,13.0
1987-11-03,India,13.01
1987-11-04,India,12.99
1987-11-05,India,12.93
1987-11-06,India,12.9
1987-11-09,India,12.88
1987-11-10,India,12.86
1987-11-11,India,
1987-11-12,India,13.04
1987-11-13,India,13.01
1987-11-16,India,13.14
1987-11-17,India,13.04
1987-11-18,India,13.0
1987-11-19,India,12.96
1987-11-20,India,12.92
1987-11-23,India,12.95
1987-11-24,India,13.02
1987-11-25,India,13.0
1987-11-26,India,
1987-11-27,India,12.93
1987-11-30,India,12.89
1987-12-01,India,12.94
1987-12-02,India,12.97
1987-12-03,India,12.98
1987-12-04,India,12.95
1987-12-07,India,13.0
1987-12-08,India,13.05
1987-12-09,India,12.99
1987-12-10,India,12.94
1987-12-11,India,12.94
1987-12-14,India,12.89
1987-12-15,India,12.91
1987-12-16,India,12.95
1987-12-17,India,12.9
1987-12-18,India,12.9
1987-12-21,India,12.94
1987-12-22,India,12.96
1987-12-23,India,13.0
1987-12-24,India,13.0
1987-12-25,India,
1987-12-28,India,12.92
1987-12-29,India,12.82
1987-12-30,India,12.86
1987-12-31,India,12.75
1988-01-01,India,
1988-01-04,India,12.88
1988-01-05,India,12.99
1988-01-06,India,13.1
1988-01-07,India,13.05
1988-01-08,India,13.09
1988-01-11,India,13.02
1988-01-12,India,13.03
1988-01-13,India,12.99
1988-01-14,India,13.06
1988-01-15,India,13.13
1988-01-18,India,
1988-01-19,India,13.08
1988-01-20,India,13.04
1988-01-21,India,12.99
1988-01-22,India,13.03
1988-01-25,India,13.05
1988-01-26,India,13.04
1988-01-27,India,13.05
1988-01-28,India,13.05
1988-01-29,India,13.08
1988-02-01,India,13.1
1988-02-02,India,13.1
1988-02-03,India,13.03
1988-02-04,India,13.07
1988-02-05,India,13.06
1988-02-08,India,13.11
1988-02-09,India,13.11
1988-02-10,India,13.06
1988-02-11,India,13.04
1988-02-12,India,13.11
1988-02-15,India,
1988-02-16,India,13.09
1988-02-17,India,13.08
1988-02-18,India,13.07
1988-02-19,India,13.07
1988-02-22,India,13.03
1988-02-23,India,13.03
1988-02-24,India,13.03
1988-02-25,India,13.03
1988-02-26,India,13.02
1988-02-29,India,13.06
1988-03-01,India,13.06
1988-03-02,India,13.06
1988-03-03,India,13.07
1988-03-04,India,13.07
1988-03-07,India,12.97
1988-03-08,India,12.85
1988-03-09,India,12.87
1988-03-10,India,12.93
1988-03-11,India,12.9
1988-03-14,India,12.89
1988-03-15,India,12.92
1988-03-16,India,12.93
1988-03-17,India,12.94
1988-03-18,India,13.0
1988-03-21,India,13.0
1988-03-22,India,13.02
1988-03-23,India,13.02
1988-03-24,India,13.02
1988-03-25,India,13.03
1988-03-28,India,13.0
1988-03-29,India,12.96
1988-03-30,India,13.05
1988-03-31,India,12.96
1988-04-01,India,13.0
1988-04-04,India,12.96
1988-04-05,India,13.09
1988-04-06,India,13.09
1988-04-07,India,13.16
1988-04-08,India,13.12
1988-04-11,India,13.17
1988-04-12,India,13.22
1988-04-13,India,13.26
1988-04-14,India,13.2
1988-04-15,India,13.12
1988-04-18,India,13.1
1988-04-19,India,13.17
1988-04-20,India,13.16
1988-04-21,India,13.16
1988-04-22,India,13.2
1988-04-25,India,13.23
1988-04-26,India,13.2
1988-04-27,India,13.27
1988-04-28,India,13.22
1988-04-29,India,13.21
1988-05-02,India,13.3
1988-05-03,India,13.28
1988-05-04,India,13.28
1988-05-05,India,13.27
1988-05-06,India,13.28
1988-05-09,India,13.25
1988-05-10,India,13.26
1988-05-11,India,13.24
1988-05-12,India,13.28
1988-05-13,India,13.25
1988-05-16,India,13.26
1988-05-17,India,13.33
1988-05-18,India,13.31
1988-05-19,India,13.33
1988-05-20,India,13.37
1988-05-23,India,13.36
1988-05-24,India,13.34
1988-05-25,India,13.39
1988-05-26,India,13.39
1988-05-27,India,13.39
1988-05-30,India,
1988-05-31,India,13.47
1988-06-01,India,13.51
1988-06-02,India,13.59
1988-06-03,India,13.58
1988-06-06,India,13.6
1988-06-07,India,13.6
1988-06-08,India,13.58
1988-06-09,India,13.59
1988-06-10,India,13.62
1988-06-13,India,13.61
1988-06-14,India,13.68
1988-06-15,India,13.77
1988-06-16,India,13.76
1988-06-17,India,13.85
1988-06-20,India,13.82
1988-06-21,India,13.82
1988-06-22,India,13.9
1988-06-23,India,13.97
1988-06-24,India,13.98
1988-06-27,India,14.17
1988-06-28,India,14.08
1988-06-29,India,14.14
1988-06-30,India,14.07
1988-07-01,India,14.14
1988-07-04,India,
1988-07-05,India,14.12
1988-07-06,India,14.02
1988-07-07,India,14.02
1988-07-08,India,14.02
1988-07-11,India,14.07
1988-07-12,India,14.07
1988-07-13,India,14.06
1988-07-14,India,14.09
1988-07-15,India,14.1
1988-07-18,India,14.08
1988-07-19,India,14.06
1988-07-20,India,14.06
1988-07-21,India,14.04
1988-07-22,India,14.06
1988-07-25,India,14.06
1988-07-26,India,14.11
1988-07-27,India,14.1
1988-07-28,India,14.14
1988-07-29,India,14.17
1988-08-01,India,14.18
1988-08-02,India,14.16
1988-08-03,India,14.17
1988-08-04,India,14.17
1988-08-05,India,14.19
1988-08-08,India,14.16
1988-08-09,India,14.17
1988-08-10,India,14.19
1988-08-11,India,14.17
1988-08-12,India,14.14
1988-08-15,India,14.15
1988-08-16,India,14.12
1988-08-17,India,14.19
1988-08-18,India,14.2
1988-08-19,India,14.22
1988-08-22,India,14.35
1988-08-23,India,14.3
1988-08-24,India,14.29
1988-08-25,India,14.23
1988-08-26,India,14.28
1988-08-29,India,14.28
1988-08-30,India,14.32
1988-08-31,India,14.36
1988-09-01,India,14.41
1988-09-02,India,14.44
1988-09-05,India,
1988-09-06,India,14.39
1988-09-07,India,14.38
1988-09-08,India,14.4
1988-09-09,India,14.43
1988-09-12,India,14.4
1988-09-13,India,14.43
1988-09-14,India,14.44
1988-09-15,India,14.48
1988-09-16,India,14.51
1988-09-19,India,14.52
1988-09-20,India,14.49
1988-09-21,India,14.56
1988-09-22,India,14.6
1988-09-23,India,14.58
1988-09-26,India,14.6
1988-09-27,India,14.57
1988-09-28,India,14.56
1988-09-29,India,14.54
1988-09-30,India,14.55
1988-10-03,India,14.56
1988-10-04,India,14.56
1988-10-05,India,14.59
1988-10-06,India,14.57
1988-10-07,India,14.56
1988-10-10,India,
1988-10-11,India,14.62
1988-10-12,India,14.7
1988-10-13,India,14.67
1988-10-14,India,14.72
1988-10-17,India,14.73
1988-10-18,India,14.74
1988-10-19,India,14.76
1988-10-20,India,14.75
1988-10-21,India,14.75
1988-10-24,India,14.78
1988-10-25,India,14.8
1988-10-26,India,14.82
1988-10-27,India,14.88
1988-10-28,India,14.87
1988-10-31,India,14.97
1988-11-01,India,14.88
1988-11-02,India,14.89
1988-11-03,India,14.9
1988-11-04,India,14.95
1988-11-07,India,14.99
1988-11-08,India,14.98
1988-11-09,India,14.94
1988-11-10,India,14.96
1988-11-11,India,
1988-11-14,India,14.96
1988-11-15,India,14.97
1988-11-16,India,14.94
1988-11-17,India,14.95
1988-11-18,India,15.06
1988-11-21,India,15.06
1988-11-22,India,15.02
1988-11-23,India,15.0
1988-11-24,India,
1988-11-25,India,14.99
1988-11-28,India,14.98
1988-11-29,India,14.95
1988-11-30,India,14.95
1988-12-01,India,14.9
1988-12-02,India,14.87
1988-12-05,India,14.95
1988-12-06,India,14.97
1988-12-07,India,15.09
1988-12-08,India,15.0
1988-12-09,India,15.05
1988-12-12,India,15.05
1988-12-13,India,15.09
1988-12-14,India,15.04
1988-12-15,India,15.03
1988-12-16,India,15.06
1988-12-19,India,15.01
1988-12-20,India,15.06
1988-12-21,India,15.03
1988-12-22,India,15.04
1988-12-23,India,15.03
1988-12-26,India,
1988-12-27,India,15.03
1988-12-28,India,15.09
1988-12-29,India,15.02
1988-12-30,India,14.99
1989-01-02,India,
1989-01-03,India,15.02
1989-01-04,India,15.08
1989-01-05,India,15.05
1989-01-06,India,15.07
1989-01-09,India,15.1
1989-01-10,India,15.07
1989-01-11,India,15.05
1989-01-12,India,15.06
1989-01-13,India,15.04
1989-01-16,India,
1989-01-17,India,15.09
1989-01-18,India,15.09
1989-01-19,India,15.11
1989-01-20,India,15.1
1989-01-23,India,15.11
1989-01-24,India,15.12
1989-01-25,India,15.13
1989-01-26,India,15.09
1989-01-27,India,15.12
1989-01-30,India,15.17
1989-01-31,India,15.18
1989-02-01,India,15.2
1989-02-02,India,15.18
1989-02-03,India,15.18
1989-02-06,India,15.23
1989-02-07,India,15.2
1989-02-08,India,15.2
1989-02-09,India,15.19
1989-02-10,India,15.19
1989-02-13,India,15.24
1989-02-14,India,15.22
1989-02-15,India,15.2
1989-02-16,India,15.23
1989-02-17,India,15.19
1989-02-20,India,
1989-02-21,India,15.29
1989-02-22,India,15.35
1989-02-23,India,15.3
1989-02-24,India,15.3
1989-02-27,India,15.33
1989-02-28,India,15.35
1989-03-01,India,15.35
1989-03-02,India,15.34
1989-03-03,India,15.31
1989-03-06,India,15.32
1989-03-07,India,15.34
1989-03-08,India,15.32
1989-03-09,India,15.34
1989-03-10,India,15.35
1989-03-13,India,15.38
1989-03-14,India,15.47
1989-03-15,India,15.43
1989-03-16,India,15.49
1989-03-17,India,15.52
1989-03-20,India,15.53
1989-03-21,India,15.53
1989-03-22,India,15.52
1989-03-23,India,15.54
1989-03-24,India,15.5
1989-03-27,India,15.6
1989-03-28,India,15.66
1989-03-29,India,15.64
1989-03-30,India,15.64
1989-03-31,India,15.63
1989-04-03,India,15.62
1989-04-04,India,15.58
1989-04-05,India,15.64
1989-04-06,India,15.64
1989-04-07,India,15.67
1989-04-10,India,15.71
1989-04-11,India,15.69
1989-04-12,India,15.74
1989-04-13,India,15.71
1989-04-14,India,15.69
1989-04-17,India,15.71
1989-04-18,India,15.7
1989-04-19,India,15.72
1989-04-20,India,15.72
1989-04-21,India,15.7
1989-04-24,India,15.76
1989-04-25,India,15.8
1989-04-26,India,15.86
1989-04-27,India,15.84
1989-04-28,India,15.86
1989-05-01,India,15.86
1989-05-02,India,15.92
1989-05-03,India,15.94
1989-05-04,India,15.93
1989-05-05,India,16.02
1989-05-08,India,16.02
1989-05-09,India,16.05
1989-05-10,India,16.05
1989-05-11,India,16.09
1989-05-12,India,16.04
1989-05-15,India,16.06
1989-05-16,India,16.05
1989-05-17,India,16.09
1989-05-18,India,16.12
1989-05-19,India,16.12
1989-05-22,India,16.28
1989-05-23,India,16.24
1989-05-24,India,16.31
1989-05-25,India,16.26
1989-05-26,India,16.18
1989-05-29,India,
1989-05-30,India,16.33
1989-05-31,India,16.28
1989-06-01,India,16.32
1989-06-02,India,16.28
1989-06-05,India,16.29
1989-06-06,India,16.35
1989-06-07,India,16.29
1989-06-08,India,16.34
1989-06-09,India,16.42
1989-06-12,India,16.49
1989-06-13,India,16.5
1989-06-14,India,16.49
1989-06-15,India,16.51
1989-06-16,India,16.43
1989-06-19,India,16.42
1989-06-20,India,16.42
1989-06-21,India,16.47
1989-06-22,India,16.43
1989-06-23,India,16.46
1989-06-26,India,16.49
1989-06-27,India,16.44
1989-06-28,India,16.47
1989-06-29,India,16.43
1989-06-30,India,16.49
1989-07-03,India,16.36
1989-07-04,India,
1989-07-05,India,16.29
1989-07-06,India,16.3
1989-07-07,India,16.24
1989-07-10,India,16.32
1989-07-11,India,16.33
1989-07-12,India,16.39
1989-07-13,India,16.38
1989-07-14,India,16.38
1989-07-17,India,16.5
1989-07-18,India,16.44
1989-07-19,India,16.49
1989-07-20,India,16.49
1989-07-21,India,16.52
1989-07-24,India,16.57
1989-07-25,India,16.55
1989-07-26,India,16.47
1989-07-27,India,16.41
1989-07-28,India,16.45
1989-07-31,India,16.44
1989-08-01,India,16.46
1989-08-02,India,16.43
1989-08-03,India,16.5
1989-08-04,India,16.57
1989-08-07,India,16.62
1989-08-08,India,16.56
1989-08-09,India,16.57
1989-08-10,India,16.57
1989-08-11,India,16.63
1989-08-14,India,16.65
1989-08-15,India,16.62
1989-08-16,India,16.62
1989-08-17,India,16.68
1989-08-18,India,16.8
1989-08-21,India,16.62
1989-08-22,India,16.55
1989-08-23,India,16.62
1989-08-24,India,16.62
1989-08-25,India,16.64
1989-08-28,India,16.7
1989-08-29,India,16.67
1989-08-30,India,16.66
1989-08-31,India,16.65
1989-09-01,India,16.69
1989-09-04,India,
1989-09-05,India,16.74
1989-09-06,India,16.72
1989-09-07,India,16.76
1989-09-08,India,16.74
1989-09-11,India,16.77
1989-09-12,India,16.74
1989-09-13,India,16.7
1989-09-14,India,16.77
1989-09-15,India,16.82
1989-09-18,India,16.8
1989-09-19,India,16.8
1989-09-20,India,16.77
1989-09-21,India,16.77
1989-09-22,India,16.8
1989-09-25,India,16.69
1989-09-26,India,16.69
1989-09-27,India,16.7
1989-09-28,India,16.74
1989-09-29,India,16.69
1989-10-02,India,16.67
1989-10-03,India,16.86
1989-10-04,India,16.78
1989-10-05,India,16.77
1989-10-06,India,16.8
1989-10-09,India,
1989-10-10,India,16.85
1989-10-11,India,16.9
1989-10-12,India,16.86
1989-10-13,India,16.86
1989-10-16,India,16.8
1989-10-17,India,16.78
1989-10-18,India,16.8
1989-10-19,India,16.81
1989-10-20,India,16.81
1989-10-23,India,16.82
1989-10-24,India,16.77
1989-10-25,India,16.81
1989-10-26,India,16.82
1989-10-27,India,16.85
1989-10-30,India,16.9
1989-10-31,India,16.88
1989-11-01,India,16.89
1989-11-02,India,16.91
1989-11-03,India,16.91
1989-11-06,India,16.91
1989-11-07,India,16.88
1989-11-08,India,16.88
1989-11-09,India,16.9
1989-11-10,India,16.93
1989-11-13,India,16.93
1989-11-14,India,16.89
1989-11-15,India,16.92
1989-11-16,India,16.9
1989-11-17,India,16.92
1989-11-20,India,16.95
1989-11-21,India,16.92
1989-11-22,India,16.91
1989-11-23,India,
1989-11-24,India,16.92
1989-11-27,India,17.03
1989-11-28,India,16.98
1989-11-29,India,16.98
1989-11-30,India,16.96
1989-12-01,India,16.97
1989-12-04,India,16.98
1989-12-05,India,16.96
1989-12-06,India,16.95
1989-12-07,India,16.94
1989-12-08,India,16.94
1989-12-11,India,16.93
1989-12-12,India,16.93
1989-12-13,India,16.92
1989-12-14,India,16.93
1989-12-15,India,16.92
1989-12-18,India,16.94
1989-12-19,India,16.93
1989-12-20,India,16.94
1989-12-21,India,16.93
1989-12-22,India,16.9
1989-12-25,India,
1989-12-26,India,16.9
1989-12-27,India,16.88
1989-12-28,India,16.89
1989-12-29,India,16.96
1990-01-01,India,
1990-01-02,India,16.96
1990-01-03,India,16.99
1990-01-04,India,16.94
1990-01-05,India,16.93
1990-01-08,India,16.93
1990-01-09,India,16.93
1990-01-10,India,16.92
1990-01-11,India,16.93
1990-01-12,India,16.94
1990-01-15,India,
1990-01-16,India,16.97
1990-01-17,India,16.97
1990-01-18,India,16.98
1990-01-19,India,16.97
1990-01-22,India,17.03
1990-01-23,India,17.0
1990-01-24,India,16.98
1990-01-25,India,16.99
1990-01-26,India,16.97
1990-01-29,India,16.97
1990-01-30,India,16.96
1990-01-31,India,16.97
1990-02-01,India,16.96
1990-02-02,India,16.96
1990-02-05,India,16.95
1990-02-06,India,16.95
1990-02-07,India,16.95
1990-02-08,India,16.96
1990-02-09,India,16.96
1990-02-12,India,16.99
1990-02-13,India,16.98
1990-02-14,India,16.97
1990-02-15,India,16.97
1990-02-16,India,16.96
1990-02-19,India,
1990-02-20,India,17.0
1990-02-21,India,17.03
1990-02-22,India,17.0
1990-02-23,India,17.02
1990-02-26,India,17.05
1990-02-27,India,17.07
1990-02-28,India,17.07
1990-03-01,India,17.07
1990-03-02,India,17.08
1990-03-05,India,17.05
1990-03-06,India,17.07
1990-03-07,India,17.05
1990-03-08,India,17.06
1990-03-09,India,17.1
1990-03-12,India,17.09
1990-03-13,India,17.1
1990-03-14,India,17.09
1990-03-15,India,17.07
1990-03-16,India,17.08
1990-03-19,India,17.11
1990-03-20,India,17.09
1990-03-21,India,17.13
1990-03-22,India,17.16
1990-03-23,India,17.16
1990-03-26,India,17.22
1990-03-27,India,17.21
1990-03-28,India,17.18
1990-03-29,India,17.17
1990-03-30,India,17.22
1990-04-02,India,17.23
1990-04-03,India,17.24
1990-04-04,India,17.23
1990-04-05,India,17.24
1990-04-06,India,17.24
1990-04-09,India,17.24
1990-04-10,India,17.28
1990-04-11,India,17.25
1990-04-12,India,17.25
1990-04-13,India,17.25
1990-04-16,India,17.25
1990-04-17,India,17.33
1990-04-18,India,17.3
1990-04-19,India,17.29
1990-04-20,India,17.34
1990-04-23,India,17.36
1990-04-24,India,17.35
1990-04-25,India,17.34
1990-04-26,India,17.39
1990-04-27,India,17.39
1990-04-30,India,17.39
1990-05-01,India,17.38
1990-05-02,India,17.39
1990-05-03,India,17.37
1990-05-04,India,17.33
1990-05-07,India,17.33
1990-05-08,India,17.35
1990-05-09,India,17.32
1990-05-10,India,17.3
1990-05-11,India,17.29
1990-05-14,India,17.31
1990-05-15,India,17.31
1990-05-16,India,17.31
1990-05-17,India,17.33
1990-05-18,India,17.25
1990-05-21,India,17.29
1990-05-22,India,17.3
1990-05-23,India,17.29
1990-05-24,India,17.31
1990-05-25,India,17.3
1990-05-28,India,
1990-05-29,India,17.37
1990-05-30,India,17.35
1990-05-31,India,17.36
1990-06-01,India,17.38
1990-06-04,India,17.44
1990-06-05,India,17.42
1990-06-06,India,17.4
1990-06-07,India,17.38
1990-06-08,India,17.44
1990-06-11,India,17.46
1990-06-12,India,17.42
1990-06-13,India,17.38
1990-06-14,India,17.42
1990-06-15,India,17.43
1990-06-18,India,17.42
1990-06-19,India,17.42
1990-06-20,India,17.42
1990-06-21,India,17.42
1990-06-22,India,17.45
1990-06-25,India,17.44
1990-06-26,India,17.4
1990-06-27,India,17.42
1990-06-28,India,17.45
1990-06-29,India,17.43
1990-07-02,India,17.45
1990-07-03,India,17.45
1990-07-04,India,
1990-07-05,India,17.42
1990-07-06,India,17.42
1990-07-09,India,17.38
1990-07-10,India,17.36
1990-07-11,India,17.39
1990-07-12,India,17.47
1990-07-13,India,17.42
1990-07-16,India,17.45
1990-07-17,India,17.44
1990-07-18,India,17.39
1990-07-19,India,17.42
1990-07-20,India,17.4
1990-07-23,India,17.42
1990-07-24,India,17.42
1990-07-25,India,17.42
1990-07-26,India,17.43
1990-07-27,India,17.4
1990-07-30,India,17.35
1990-07-31,India,17.35
1990-08-01,India,17.37
1990-08-02,India,17.38
1990-08-03,India,17.35
1990-08-06,India,17.28
1990-08-07,India,17.29
1990-08-08,India,17.34
1990-08-09,India,17.35
1990-08-10,India,17.39
1990-08-13,India,17.35
1990-08-14,India,17.34
1990-08-15,India,17.28
1990-08-16,India,17.37
1990-08-17,India,17.26
1990-08-20,India,17.28
1990-08-21,India,17.32
1990-08-22,India,17.32
1990-08-23,India,17.27
1990-08-24,India,17.3
1990-08-27,India,17.39
1990-08-28,India,17.36
1990-08-29,India,17.38
1990-08-30,India,17.48
1990-08-31,India,17.52
1990-09-03,India,
1990-09-04,India,17.64
1990-09-05,India,17.54
1990-09-06,India,17.56
1990-09-07,India,17.68
1990-09-10,India,17.76
1990-09-11,India,17.77
1990-09-12,India,17.76
1990-09-13,India,17.8
1990-09-14,India,17.85
1990-09-17,India,17.86
1990-09-18,India,17.83
1990-09-19,India,17.85
1990-09-20,India,18.0
1990-09-21,India,18.12
1990-09-24,India,18.06
1990-09-25,India,18.08
1990-09-26,India,18.09
1990-09-27,India,18.08
1990-09-28,India,18.0
1990-10-01,India,18.06
1990-10-02,India,18.08
1990-10-03,India,18.01
1990-10-04,India,18.07
1990-10-05,India,18.07
1990-10-08,India,
1990-10-09,India,18.04
1990-10-10,India,18.05
1990-10-11,India,18.0
1990-10-12,India,17.99
1990-10-15,India,18.0
1990-10-16,India,18.05
1990-10-17,India,18.07
1990-10-18,India,18.08
1990-10-19,India,18.1
1990-10-22,India,18.08
1990-10-23,India,18.1
1990-10-24,India,18.12
1990-10-25,India,18.1
1990-10-26,India,18.1
1990-10-29,India,18.15
1990-10-30,India,18.14
1990-10-31,India,18.16
1990-11-01,India,18.1
1990-11-02,India,18.08
1990-11-05,India,18.1
1990-11-06,India,18.1
1990-11-07,India,18.09
1990-11-08,India,18.13
1990-11-09,India,18.13
1990-11-12,India,
1990-11-13,India,18.14
1990-11-14,India,18.1
1990-11-15,India,18.08
1990-11-16,India,18.09
1990-11-19,India,18.07
1990-11-20,India,18.07
1990-11-21,India,18.02
1990-11-22,India,
1990-11-23,India,18.05
1990-11-26,India,18.08
1990-11-27,India,18.1
1990-11-28,India,18.13
1990-11-29,India,18.12
1990-11-30,India,18.17
1990-12-03,India,18.16
1990-12-04,India,18.11
1990-12-05,India,18.09
1990-12-06,India,18.12
1990-12-07,India,18.1
1990-12-10,India,18.09
1990-12-11,India,18.08
1990-12-12,India,18.06
1990-12-13,India,18.09
1990-12-14,India,18.11
1990-12-17,India,18.14
1990-12-18,India,18.15
1990-12-19,India,18.16
1990-12-20,India,18.18
1990-12-21,India,18.2
1990-12-24,India,18.2
1990-12-25,India,
1990-12-26,India,
1990-12-27,India,
1990-12-28,India,18.12
1990-12-31,India,18.13
1991-01-01,India,
1991-01-02,India,18.1
1991-01-03,India,18.12
1991-01-04,India,18.13
1991-01-07,India,18.17
1991-01-08,India,18.22
1991-01-09,India,18.2
1991-01-10,India,18.24
1991-01-11,India,18.29
1991-01-14,India,18.34
1991-01-15,India,18.39
1991-01-16,India,18.38
1991-01-17,India,18.37
1991-01-18,India,18.37
1991-01-21,India,
1991-01-22,India,18.41
1991-01-23,India,18.42
1991-01-24,India,18.42
1991-01-25,India,18.4
1991-01-28,India,18.45
1991-01-29,India,18.49
1991-01-30,India,18.6
1991-01-31,India,18.61
1991-02-01,India,18.6
1991-02-04,India,18.59
1991-02-05,India,18.6
1991-02-06,India,18.58
1991-02-07,India,18.69
1991-02-08,India,18.76
1991-02-11,India,18.71
1991-02-12,India,18.72
1991-02-13,India,18.75
1991-02-14,India,18.83
1991-02-15,India,18.9
1991-02-18,India,
1991-02-19,India,19.1
1991-02-20,India,19.1
1991-02-21,India,19.08
1991-02-22,India,19.05
1991-02-25,India,19.08
1991-02-26,India,19.06
1991-02-27,India,19.08
1991-02-28,India,19.06
1991-03-01,India,19.08
1991-03-04,India,19.06
1991-03-05,India,19.04
1991-03-06,India,19.03
1991-03-07,India,19.04
1991-03-08,India,19.09
1991-03-11,India,19.11
1991-03-12,India,19.1
1991-03-13,India,19.12
1991-03-14,India,19.14
1991-03-15,India,19.16
1991-03-18,India,19.23
1991-03-19,India,19.3
1991-03-20,India,19.35
1991-03-21,India,19.3
1991-03-22,India,19.21
1991-03-25,India,19.38
1991-03-26,India,19.59
1991-03-27,India,19.59
1991-03-28,India,19.57
1991-03-29,India,19.61
1991-04-01,India,19.61
1991-04-02,India,19.66
1991-04-03,India,19.62
1991-04-04,India,19.68
1991-04-05,India,19.7
1991-04-08,India,19.82
1991-04-09,India,19.73
1991-04-10,India,19.75
1991-04-11,India,19.8
1991-04-12,India,19.8
1991-04-15,India,19.77
1991-04-16,India,19.73
1991-04-17,India,19.72
1991-04-18,India,19.9
1991-04-19,India,20.07
1991-04-22,India,20.25
1991-04-23,India,20.23
1991-04-24,India,20.2
1991-04-25,India,20.25
1991-04-26,India,20.23
1991-04-29,India,20.24
1991-04-30,India,20.18
1991-05-01,India,20.2
1991-05-02,India,20.21
1991-05-03,India,20.21
1991-05-06,India,20.35
1991-05-07,India,20.38
1991-05-08,India,20.35
1991-05-09,India,20.46
1991-05-10,India,20.46
1991-05-13,India,20.48
1991-05-14,India,20.48
1991-05-15,India,20.44
1991-05-16,India,20.48
1991-05-17,India,20.49
1991-05-20,India,20.7
1991-05-21,India,20.65
1991-05-22,India,20.66
1991-05-23,India,20.67
1991-05-24,India,20.7
1991-05-27,India,
1991-05-28,India,20.69
1991-05-29,India,20.69
1991-05-30,India,20.77
1991-05-31,India,20.89
1991-06-03,India,21.0
1991-06-04,India,21.0
1991-06-05,India,21.01
1991-06-06,India,21.0
1991-06-07,India,21.06
1991-06-10,India,21.01
1991-06-11,India,21.03
1991-06-12,India,20.94
1991-06-13,India,21.0
1991-06-14,India,20.99
1991-06-17,India,21.16
1991-06-18,India,21.16
1991-06-19,India,21.14
1991-06-20,India,21.09
1991-06-21,India,21.08
1991-06-24,India,21.15
1991-06-25,India,21.12
1991-06-26,India,21.09
1991-06-27,India,21.08
1991-06-28,India,21.13
1991-07-01,India,23.09
1991-07-02,India,23.12
1991-07-03,India,26.28
1991-07-04,India,
1991-07-05,India,26.07
1991-07-08,India,25.86
1991-07-09,India,25.86
1991-07-10,India,25.92
1991-07-11,India,25.89
1991-07-12,India,25.88
1991-07-15,India,25.9
1991-07-16,India,25.96
1991-07-17,India,25.96
1991-07-18,India,25.87
1991-07-19,India,25.87
1991-07-22,India,25.77
1991-07-23,India,25.78
1991-07-24,India,25.75
1991-07-25,India,25.69
1991-07-26,India,25.72
1991-07-29,India,25.76
1991-07-30,India,25.72
1991-07-31,India,25.76
1991-08-01,India,25.74
1991-08-02,India,25.9
1991-08-05,India,25.72
1991-08-06,India,25.57
1991-08-07,India,25.64
1991-08-08,India,25.57
1991-08-09,India,25.74
1991-08-12,India,25.89
1991-08-13,India,25.82
1991-08-14,India,26.02
1991-08-15,India,25.99
1991-08-16,India,25.96
1991-08-19,India,26.0
1991-08-20,India,26.0
1991-08-21,India,25.94
1991-08-22,India,25.95
1991-08-23,India,25.94
1991-08-26,India,
1991-08-27,India,25.94
1991-08-28,India,25.87
1991-08-29,India,25.74
1991-08-30,India,25.82
1991-09-02,India,
1991-09-03,India,25.83
1991-09-04,India,25.76
1991-09-05,India,25.79
1991-09-06,India,25.82
1991-09-09,India,25.79
1991-09-10,India,25.77
1991-09-11,India,25.79
1991-09-12,India,25.78
1991-09-13,India,25.8
1991-09-16,India,25.85
1991-09-17,India,25.96
1991-09-18,India,25.89
1991-09-19,India,25.89
1991-09-20,India,25.92
1991-09-23,India,25.89
1991-09-24,India,25.87
1991-09-25,India,25.83
1991-09-26,India,25.8
1991-09-27,India,25.87
1991-09-30,India,25.77
1991-10-01,India,25.77
1991-10-02,India,25.74
1991-10-03,India,25.76
1991-10-04,India,25.72
1991-10-07,India,25.75
1991-10-08,India,25.83
1991-10-09,India,25.8
1991-10-10,India,25.8
1991-10-11,India,25.78
1991-10-14,India,
1991-10-15,India,25.82
1991-10-16,India,25.82
1991-10-17,India,25.8
1991-10-18,India,25.8
1991-10-21,India,25.8
1991-10-22,India,25.84
1991-10-23,India,25.8
1991-10-24,India,25.79
1991-10-25,India,25.79
1991-10-28,India,25.8
1991-10-29,India,25.79
1991-10-30,India,25.9
1991-10-31,India,25.84
1991-11-01,India,25.85
1991-11-04,India,25.8
1991-11-05,India,25.79
1991-11-06,India,25.79
1991-11-07,India,25.82
1991-11-08,India,25.84
1991-11-11,India,
1991-11-12,India,25.8
1991-11-13,India,25.8
1991-11-14,India,25.8
1991-11-15,India,25.8
1991-11-18,India,25.79
1991-11-19,India,25.8
1991-11-20,India,25.79
1991-11-21,India,25.78
1991-11-22,India,25.8
1991-11-25,India,25.77
1991-11-26,India,25.8
1991-11-27,India,25.82
1991-11-28,India,
1991-11-29,India,25.8
1991-12-02,India,25.78
1991-12-03,India,25.8
1991-12-04,India,25.79
1991-12-05,India,25.81
1991-12-06,India,25.86
1991-12-09,India,25.83
1991-12-10,India,25.86
1991-12-11,India,25.86
1991-12-12,India,25.86
1991-12-13,India,25.83
1991-12-16,India,25.84
1991-12-17,India,25.83
1991-12-18,India,25.81
1991-12-19,India,25.79
1991-12-20,India,25.79
1991-12-23,India,25.82
1991-12-24,India,25.85
1991-12-25,India,
1991-12-26,India,
1991-12-27,India,25.8
1991-12-30,India,25.79
1991-12-31,India,25.76
1992-01-01,India,
1992-01-02,India,25.79
1992-01-03,India,25.81
1992-01-06,India,25.79
1992-01-07,India,25.79
1992-01-08,India,25.79
1992-01-09,India,25.82
1992-01-10,India,25.81
1992-01-13,India,25.8
1992-01-14,India,25.81
1992-01-15,India,25.86
1992-01-16,India,25.84
1992-01-17,India,25.94
1992-01-20,India,
1992-01-21,India,25.88
1992-01-22,India,25.86
1992-01-23,India,25.88
1992-01-24,India,25.98
1992-01-27,India,25.95
1992-01-28,India,25.94
1992-01-29,India,25.92
1992-01-30,India,25.91
1992-01-31,India,25.95
1992-02-03,India,25.84
1992-02-04,India,25.81
1992-02-05,India,25.8
1992-02-06,India,25.8
1992-02-07,India,25.8
1992-02-10,India,25.82
1992-02-11,India,25.91
1992-02-12,India,25.94
1992-02-13,India,25.92
1992-02-14,India,25.9
1992-02-17,India,
1992-02-18,India,25.91
1992-02-19,India,27.0
1992-02-20,India,26.55
1992-02-21,India,26.4
1992-02-24,India,25.9
1992-02-25,India,25.85
1992-02-26,India,25.75
1992-02-27,India,25.75
1992-02-28,India,26.2
1992-03-02,India,26.3
1992-03-03,India,27.9
1992-03-04,India,27.9
1992-03-05,India,28.05
1992-03-06,India,27.9
1992-03-09,India,27.95
1992-03-10,India,27.8
1992-03-11,India,27.85
1992-03-12,India,28.1
1992-03-13,India,28.2
1992-03-16,India,28.58
1992-03-17,India,28.48
1992-03-18,India,28.6
1992-03-19,India,28.6
1992-03-20,India,28.75
1992-03-23,India,29.25
1992-03-24,India,29.25
1992-03-25,India,29.0
1992-03-26,India,29.0
1992-03-27,India,29.05
1992-03-30,India,28.7
1992-03-31,India,29.1
1992-04-01,India,29.0
1992-04-02,India,28.95
1992-04-03,India,29.0
1992-04-06,India,29.0
1992-04-07,India,28.9
1992-04-08,India,29.05
1992-04-09,India,29.0
1992-04-10,India,29.0
1992-04-13,India,29.05
1992-04-14,India,28.95
1992-04-15,India,28.97
1992-04-16,India,28.98
1992-04-17,India,28.99
1992-04-20,India,
1992-04-21,India,28.7
1992-04-22,India,28.85
1992-04-23,India,28.78
1992-04-24,India,28.75
1992-04-27,India,28.8
1992-04-28,India,28.7
1992-04-29,India,28.7
1992-04-30,India,28.7
1992-05-01,India,28.4
1992-05-04,India,28.6
1992-05-05,India,28.7
1992-05-06,India,28.7
1992-05-07,India,28.7
1992-05-08,India,28.7
1992-05-11,India,28.35
1992-05-12,India,28.45
1992-05-13,India,28.35
1992-05-14,India,28.3
1992-05-15,India,28.4
1992-05-18,India,28.45
1992-05-19,India,28.2
1992-05-20,India,28.25
1992-05-21,India,28.53
1992-05-22,India,28.65
1992-05-25,India,
1992-05-26,India,28.78
1992-05-27,India,28.82
1992-05-28,India,28.75
1992-05-29,India,28.75
1992-06-01,India,28.7
1992-06-02,India,28.65
1992-06-03,India,28.7
1992-06-04,India,28.7
1992-06-05,India,28.68
1992-06-08,India,28.7
1992-06-09,India,28.45
1992-06-10,India,28.45
1992-06-11,India,28.45
1992-06-12,India,28.45
1992-06-15,India,28.45
1992-06-16,India,28.45
1992-06-17,India,28.45
1992-06-18,India,28.45
1992-06-19,India,28.38
1992-06-22,India,28.3
1992-06-23,India,28.35
1992-06-24,India,28.3
1992-06-25,India,28.4
1992-06-26,India,28.45
1992-06-29,India,28.8
1992-06-30,India,28.7
1992-07-01,India,28.65
1992-07-02,India,28.55
1992-07-03,India,28.5
1992-07-06,India,28.58
1992-07-07,India,28.6
1992-07-08,India,28.65
1992-07-09,India,28.65
1992-07-10,India,28.65
1992-07-13,India,28.65
1992-07-14,India,28.65
1992-07-15,India,28.65
1992-07-16,India,28.65
1992-07-17,India,28.55
1992-07-20,India,28.55
1992-07-21,India,28.55
1992-07-22,India,28.5
1992-07-23,India,28.45
1992-07-24,India,28.52
1992-07-27,India,28.5
1992-07-28,India,28.48
1992-07-29,India,28.48
1992-07-30,India,28.48
1992-07-31,India,28.48
1992-08-03,India,28.45
1992-08-04,India,28.45
1992-08-05,India,28.45
1992-08-06,India,28.42
1992-08-07,India,28.42
1992-08-10,India,28.42
1992-08-11,India,28.45
1992-08-12,India,28.4
1992-08-13,India,28.45
1992-08-14,India,28.45
1992-08-17,India,28.45
1992-08-18,India,28.45
1992-08-19,India,28.48
1992-08-20,India,28.48
1992-08-21,India,28.48
1992-08-24,India,28.48
1992-08-25,India,28.48
1992-08-26,India,28.48
1992-08-27,India,28.5
1992-08-28,India,28.63
1992-08-31,India,
1992-09-01,India,28.48
1992-09-02,India,28.48
1992-09-03,India,28.48
1992-09-04,India,28.48
1992-09-07,India,
1992-09-08,India,28.48
1992-09-09,India,28.48
1992-09-10,India,28.45
1992-09-11,India,28.45
1992-09-14,India,28.48
1992-09-15,India,28.48
1992-09-16,India,28.48
1992-09-17,India,28.48
1992-09-18,India,28.48
1992-09-21,India,28.48
1992-09-22,India,28.48
1992-09-23,India,28.48
1992-09-24,India,28.48
1992-09-25,India,28.48
1992-09-28,India,28.48
1992-09-29,India,28.45
1992-09-30,India,28.48
1992-10-01,India,28.48
1992-10-02,India,28.48
1992-10-05,India,28.48
1992-10-06,India,28.45
1992-10-07,India,28.45
1992-10-08,India,28.45
1992-10-09,India,28.45
1992-10-12,India,
1992-10-13,India,28.45
1992-10-14,India,28.45
1992-10-15,India,28.45
1992-10-16,India,28.48
1992-10-19,India,28.5
1992-10-20,India,28.5
1992-10-21,India,28.48
1992-10-22,India,28.48
1992-10-23,India,28.58
1992-10-26,India,28.48
1992-10-27,India,28.48
1992-10-28,India,28.48
1992-10-29,India,28.48
1992-10-30,India,28.48
1992-11-02,India,28.48
1992-11-03,India,28.45
1992-11-04,India,28.45
1992-11-05,India,28.45
1992-11-06,India,28.45
1992-11-09,India,28.48
1992-11-10,India,28.47
1992-11-11,India,
1992-11-12,India,28.45
1992-11-13,India,28.45
1992-11-16,India,28.45
1992-11-17,India,28.48
1992-11-18,India,28.48
1992-11-19,India,28.48
1992-11-20,India,28.48
1992-11-23,India,28.48
1992-11-24,India,28.45
1992-11-25,India,28.5
1992-11-26,India,
1992-11-27,India,28.53
1992-11-30,India,28.54
1992-12-01,India,28.6
1992-12-02,India,28.75
1992-12-03,India,28.75
1992-12-04,India,28.95
1992-12-07,India,29.05
1992-12-08,India,29.05
1992-12-09,India,29.08
1992-12-10,India,29.1
1992-12-11,India,29.16
1992-12-14,India,29.06
1992-12-15,India,29.0
1992-12-16,India,29.0
1992-12-17,India,28.98
1992-12-18,India,29.0
1992-12-21,India,29.0
1992-12-22,India,29.0
1992-12-23,India,29.0
1992-12-24,India,29.0
1992-12-25,India,
1992-12-28,India,29.0
1992-12-29,India,29.0
1992-12-30,India,29.0
1992-12-31,India,29.0
1993-01-01,India,
1993-01-04,India,29.0
1993-01-05,India,29.0
1993-01-06,India,29.0
1993-01-07,India,29.0
1993-01-08,India,29.0
1993-01-11,India,29.02
1993-01-12,India,29.0
1993-01-13,India,29.0
1993-01-14,India,29.0
1993-01-15,India,29.0
1993-01-18,India,
1993-01-19,India,29.0
1993-01-20,India,29.0
1993-01-21,India,29.0
1993-01-22,India,29.0
1993-01-25,India,29.05
1993-01-26,India,29.05
1993-01-27,India,29.2
1993-01-28,India,29.3
1993-01-29,India,29.2
1993-02-01,India,29.35
1993-02-02,India,29.35
1993-02-03,India,29.55
1993-02-04,India,29.6
1993-02-05,India,29.9
1993-02-08,India,29.9
1993-02-09,India,30.05
1993-02-10,India,30.2
1993-02-11,India,30.5
1993-02-12,India,30.4
1993-02-15,India,
1993-02-16,India,30.2
1993-02-17,India,30.05
1993-02-18,India,30.18
1993-02-19,India,30.18
1993-02-22,India,30.28
1993-02-23,India,30.28
1993-02-24,India,30.18
1993-02-25,India,30.38
1993-02-26,India,30.27
1993-03-01,India,33.5
1993-03-02,India,32.8
1993-03-03,India,32.3
1993-03-04,India,32.3
1993-03-05,India,32.1
1993-03-08,India,32.0
1993-03-09,India,31.8
1993-03-10,India,31.8
1993-03-11,India,31.9
1993-03-12,India,31.8
1993-03-15,India,31.8
1993-03-16,India,31.9
1993-03-17,India,31.8
1993-03-18,India,31.8
1993-03-19,India,31.75
1993-03-22,India,31.75
1993-03-23,India,31.75
1993-03-24,India,31.75
1993-03-25,India,31.75
1993-03-26,India,31.75
1993-03-29,India,31.5
1993-03-30,India,31.5
1993-03-31,India,31.5
1993-04-01,India,31.5
1993-04-02,India,31.6
1993-04-05,India,31.6
1993-04-06,India,31.6
1993-04-07,India,31.6
1993-04-08,India,31.6
1993-04-09,India,31.6
1993-04-12,India,
1993-04-13,India,31.6
1993-04-14,India,31.7
1993-04-15,India,31.6
1993-04-16,India,31.6
1993-04-19,India,31.6
1993-04-20,India,31.6
1993-04-21,India,31.6
1993-04-22,India,31.6
1993-04-23,India,31.6
1993-04-26,India,31.6
1993-04-27,India,31.65
1993-04-28,India,31.65
1993-04-29,India,31.65
1993-04-30,India,31.65
1993-05-03,India,31.65
1993-05-04,India,31.6
1993-05-05,India,31.6
1993-05-06,India,31.6
1993-05-07,India,31.6
1993-05-10,India,31.6
1993-05-11,India,31.6
1993-05-12,India,31.6
1993-05-13,India,31.6
1993-05-14,India,31.6
1993-05-17,India,31.6
1993-05-18,India,31.6
1993-05-19,India,31.6
1993-05-20,India,31.6
1993-05-21,India,31.6
1993-05-24,India,31.6
1993-05-25,India,31.6
1993-05-26,India,31.6
1993-05-27,India,31.7
1993-05-28,India,31.7
1993-05-31,India,
1993-06-01,India,31.7
1993-06-02,India,31.7
1993-06-03,India,31.7
1993-06-04,India,31.7
1993-06-07,India,31.7
1993-06-08,India,31.7
1993-06-09,India,31.7
1993-06-10,India,31.7
1993-06-11,India,31.7
1993-06-14,India,31.7
1993-06-15,India,31.7
1993-06-16,India,31.7
1993-06-17,India,31.7
1993-06-18,India,31.7
1993-06-21,India,31.7
1993-06-22,India,31.6
1993-06-23,India,31.6
1993-06-24,India,31.6
1993-06-25,India,31.6
1993-06-28,India,31.6
1993-06-29,India,31.6
1993-06-30,India,31.6
1993-07-01,India,31.6
1993-07-02,India,31.6
1993-07-05,India,
1993-07-06,India,31.6
1993-07-07,India,31.6
1993-07-08,India,31.6
1993-07-09,India,31.6
1993-07-12,India,31.6
1993-07-13,India,31.6
1993-07-14,India,31.6
1993-07-15,India,31.6
1993-07-16,India,31.6
1993-07-19,India,31.6
1993-07-20,India,31.6
1993-07-21,India,31.6
1993-07-22,India,31.6
1993-07-23,India,31.6
1993-07-26,India,31.6
1993-07-27,India,31.6
1993-07-28,India,31.6
1993-07-29,India,31.6
1993-07-30,India,31.6
1993-08-02,India,31.6
1993-08-03,India,31.6
1993-08-04,India,31.6
1993-08-05,India,31.6
1993-08-06,India,31.6
1993-08-09,India,31.6
1993-08-10,India,31.6
1993-08-11,India,31.6
1993-08-12,India,31.63
1993-08-13,India,31.63
1993-08-16,India,31.63
1993-08-17,India,31.63
1993-08-18,India,31.63
1993-08-19,India,31.63
1993-08-20,India,31.63
1993-08-23,India,31.48
1993-08-24,India,31.63
1993-08-25,India,31.63
1993-08-26,India,31.63
1993-08-27,India,31.63
1993-08-30,India,31.63
1993-08-31,India,31.63
1993-09-01,India,31.63
1993-09-02,India,31.63
1993-09-03,India,31.63
1993-09-06,India,
1993-09-07,India,31.63
1993-09-08,India,31.63
1993-09-09,India,31.63
1993-09-10,India,31.63
1993-09-13,India,31.63
1993-09-14,India,31.63
1993-09-15,India,31.63
1993-09-16,India,31.53
1993-09-17,India,31.53
1993-09-20,India,31.53
1993-09-21,India,31.53
1993-09-22,India,31.53
1993-09-23,India,31.53
1993-09-24,India,31.53
1993-09-27,India,31.53
1993-09-28,India,31.53
1993-09-29,India,31.53
1993-09-30,India,31.53
1993-10-01,India,31.53
1993-10-04,India,31.53
1993-10-05,India,31.53
1993-10-06,India,31.53
1993-10-07,India,31.53
1993-10-08,India,31.53
1993-10-11,India,
1993-10-12,India,31.53
1993-10-13,India,31.53
1993-10-14,India,31.53
1993-10-15,India,31.53
1993-10-18,India,31.53
1993-10-19,India,31.53
1993-10-20,India,31.53
1993-10-21,India,31.53
1993-10-22,India,31.53
1993-10-25,India,31.43
1993-10-26,India,31.43
1993-10-27,India,31.43
1993-10-28,India,31.43
1993-10-29,India,31.43
1993-11-01,India,31.43
1993-11-02,India,31.43
1993-11-03,India,31.43
1993-11-04,India,31.43
1993-11-05,India,31.43
1993-11-08,India,31.43
1993-11-09,India,31.43
1993-11-10,India,31.43
1993-11-11,India,
1993-11-12,India,31.43
1993-11-15,India,31.43
1993-11-16,India,31.43
1993-11-17,India,31.43
1993-11-18,India,31.43
1993-11-19,India,31.44
1993-11-22,India,31.44
1993-11-23,India,31.44
1993-11-24,India,31.44
1993-11-25,India,
1993-11-26,India,31.44
1993-11-29,India,31.44
1993-11-30,India,31.44
1993-12-01,India,31.44
1993-12-02,India,31.44
1993-12-03,India,31.44
1993-12-06,India,31.44
1993-12-07,India,31.44
1993-12-08,India,31.44
1993-12-09,India,31.44
1993-12-10,India,31.44
1993-12-13,India,31.44
1993-12-14,India,31.44
1993-12-15,India,31.44
1993-12-16,India,31.44
1993-12-17,India,31.44
1993-12-20,India,31.44
1993-12-21,India,31.44
1993-12-22,India,31.44
1993-12-23,India,31.44
1993-12-24,India,31.44
1993-12-27,India,31.44
1993-12-28,India,31.44
1993-12-29,India,31.44
1993-12-30,India,31.44
1993-12-31,India,31.44
1994-01-03,India,31.44
1994-01-04,India,31.44
1994-01-05,India,31.44
1994-01-06,India,31.44
1994-01-07,India,31.44
1994-01-10,India,31.44
1994-01-11,India,31.44
1994-01-12,India,31.44
1994-01-13,India,31.44
1994-01-14,India,31.44
1994-01-17,India,
1994-01-18,India,31.44
1994-01-19,India,31.44
1994-01-20,India,31.44
1994-01-21,India,31.44
1994-01-24,India,31.44
1994-01-25,India,31.44
1994-01-26,India,31.44
1994-01-27,India,31.44
1994-01-28,India,31.44
1994-01-31,India,31.44
1994-02-01,India,31.44
1994-02-02,India,31.44
1994-02-03,India,31.44
1994-02-04,India,31.44
1994-02-07,India,31.44
1994-02-08,India,31.44
1994-02-09,India,31.44
1994-02-10,India,31.44
1994-02-11,India,31.44
1994-02-14,India,31.44
1994-02-15,India,31.44
1994-02-16,India,31.44
1994-02-17,India,31.44
1994-02-18,India,31.37
1994-02-21,India,
1994-02-22,India,31.44
1994-02-23,India,31.44
1994-02-24,India,31.75
1994-02-25,India,31.44
1994-02-28,India,31.37
1994-03-01,India,31.72
1994-03-02,India,31.4
1994-03-03,India,31.44
1994-03-04,India,31.4
1994-03-07,India,31.38
1994-03-08,India,31.44
1994-03-09,India,31.44
1994-03-10,India,31.3725
1994-03-11,India,31.44
1994-03-14,India,31.44
1994-03-15,India,31.37
1994-03-16,India,31.375
1994-03-17,India,31.37
1994-03-18,India,31.43
1994-03-21,India,31.38
1994-03-22,India,31.4
1994-03-23,India,31.42
1994-03-24,India,31.42
1994-03-25,India,31.37
1994-03-28,India,31.37
1994-03-29,India,31.37
1994-03-30,India,31.42
1994-03-31,India,31.37
1994-04-01,India,31.42
1994-04-04,India,31.42
1994-04-05,India,31.37
1994-04-06,India,31.37
1994-04-07,India,31.37
1994-04-08,India,31.37
1994-04-11,India,31.42
1994-04-12,India,31.42
1994-04-13,India,31.42
1994-04-14,India,31.42
1994-04-15,India,31.37
1994-04-18,India,31.37
1994-04-19,India,31.37
1994-04-20,India,31.42
1994-04-21,India,31.37
1994-04-22,India,31.37
1994-04-25,India,31.42
1994-04-26,India,31.37
1994-04-27,India,31.42
1994-04-28,India,31.37
1994-04-29,India,31.37
1994-05-02,India,31.38
1994-05-03,India,31.37
1994-05-04,India,31.37
1994-05-05,India,31.37
1994-05-06,India,31.38
1994-05-09,India,31.37
1994-05-10,India,31.37
1994-05-11,India,31.37
1994-05-12,India,31.3725
1994-05-13,India,31.37
1994-05-16,India,31.38
1994-05-17,India,31.3725
1994-05-18,India,31.375
1994-05-19,India,31.42
1994-05-20,India,31.3725
1994-05-23,India,31.3725
1994-05-24,India,31.375
1994-05-25,India,31.3725
1994-05-26,India,31.3725
1994-05-27,India,31.375
1994-05-30,India,
1994-05-31,India,31.3725
1994-06-01,India,31.38
1994-06-02,India,31.3725
1994-06-03,India,31.66
1994-06-06,India,31.37
1994-06-07,India,31.3725
1994-06-08,India,31.37
1994-06-09,India,31.3725
1994-06-10,India,31.37
1994-06-13,India,31.3725
1994-06-14,India,31.3725
1994-06-15,India,31.37
1994-06-16,India,31.37
1994-06-17,India,31.37
1994-06-20,India,31.37
1994-06-21,India,31.3725
1994-06-22,India,31.37
1994-06-23,India,31.3725
1994-06-24,India,31.37
1994-06-27,India,31.37
1994-06-28,India,31.37
1994-06-29,India,31.3725
1994-06-30,India,31.37
1994-07-01,India,31.3725
1994-07-04,India,
1994-07-05,India,31.3725
1994-07-06,India,31.3825
1994-07-07,India,31.3775
1994-07-08,India,31.375
1994-07-11,India,31.375
1994-07-12,India,31.37
1994-07-13,India,31.37
1994-07-14,India,31.3725
1994-07-15,India,31.3675
1994-07-18,India,31.37
1994-07-19,India,31.3725
1994-07-20,India,31.3725
1994-07-21,India,31.3775
1994-07-22,India,31.45
1994-07-25,India,31.37
1994-07-26,India,31.37
1994-07-27,India,31.3675
1994-07-28,India,31.37
1994-07-29,India,31.3725
1994-08-01,India,31.3725
1994-08-02,India,31.3725
1994-08-03,India,31.375
1994-08-04,India,31.375
1994-08-05,India,31.375
1994-08-08,India,31.37
1994-08-09,India,31.3725
1994-08-10,India,31.3725
1994-08-11,India,31.37
1994-08-12,India,31.3725
1994-08-15,India,31.375
1994-08-16,India,31.3725
1994-08-17,India,31.37
1994-08-18,India,31.3725
1994-08-19,India,31.375
1994-08-22,India,31.3675
1994-08-23,India,31.3675
1994-08-24,India,31.3775
1994-08-25,India,31.3725
1994-08-26,India,31.3725
1994-08-29,India,31.3775
1994-08-30,India,31.3725
1994-08-31,India,31.3725
1994-09-01,India,31.375
1994-09-02,India,31.3725
1994-09-05,India,
1994-09-06,India,31.3725
1994-09-07,India,31.375
1994-09-08,India,31.3725
1994-09-09,India,31.375
1994-09-12,India,31.3725
1994-09-13,India,31.3725
1994-09-14,India,31.3725
1994-09-15,India,31.375
1994-09-16,India,31.37
1994-09-19,India,31.3725
1994-09-20,India,31.37
1994-09-21,India,31.375
1994-09-22,India,31.375
1994-09-23,India,31.3725
1994-09-26,India,31.37
1994-09-27,India,31.3725
1994-09-28,India,31.37
1994-09-29,India,31.3675
1994-09-30,India,31.3675
1994-10-03,India,31.37
1994-10-04,India,31.375
1994-10-05,India,31.37
1994-10-06,India,31.375
1994-10-07,India,31.3725
1994-10-10,India,
1994-10-11,India,31.37
1994-10-12,India,31.37
1994-10-13,India,31.37
1994-10-14,India,31.3725
1994-10-17,India,31.37
1994-10-18,India,31.3725
1994-10-19,India,31.3725
1994-10-20,India,31.3725
1994-10-21,India,31.3725
1994-10-24,India,31.37
1994-10-25,India,31.37
1994-10-26,India,31.3725
1994-10-27,India,31.385
1994-10-28,India,31.37
1994-10-31,India,31.38
1994-11-01,India,31.39
1994-11-02,India,31.43
1994-11-03,India,31.405
1994-11-04,India,31.41
1994-11-07,India,31.435
1994-11-08,India,31.42
1994-11-09,India,31.425
1994-11-10,India,31.435
1994-11-11,India,
1994-11-14,India,31.385
1994-11-15,India,31.375
1994-11-16,India,31.3725
1994-11-17,India,31.3725
1994-11-18,India,31.3725
1994-11-21,India,31.37
1994-11-22,India,31.3675
1994-11-23,India,31.3725
1994-11-24,India,
1994-11-25,India,31.3775
1994-11-28,India,31.375
1994-11-29,India,31.39
1994-11-30,India,31.4
1994-12-01,India,31.4225
1994-12-02,India,31.39
1994-12-05,India,31.395
1994-12-06,India,31.385
1994-12-07,India,31.375
1994-12-08,India,31.3725
1994-12-09,India,31.3725
1994-12-12,India,31.3725
1994-12-13,India,31.3725
1994-12-14,India,31.37
1994-12-15,India,31.3725
1994-12-16,India,31.375
1994-12-19,India,31.405
1994-12-20,India,31.41
1994-12-21,India,31.4025
1994-12-22,India,31.405
1994-12-23,India,31.3925
1994-12-26,India,
1994-12-27,India,31.4125
1994-12-28,India,31.41
1994-12-29,India,31.3925
1994-12-30,India,31.3725
1995-01-02,India,
1995-01-03,India,31.3725
1995-01-04,India,31.37
1995-01-05,India,31.3675
1995-01-06,India,31.37
1995-01-09,India,31.3725
1995-01-10,India,31.37
1995-01-11,India,31.3675
1995-01-12,India,31.37
1995-01-13,India,31.3675
1995-01-16,India,
1995-01-17,India,31.375
1995-01-18,India,31.37
1995-01-19,India,31.3725
1995-01-20,India,31.3725
1995-01-23,India,31.375
1995-01-24,India,31.3775
1995-01-25,India,31.39
1995-01-26,India,31.375
1995-01-27,India,31.38
1995-01-30,India,31.38
1995-01-31,India,31.3775
1995-02-01,India,31.3725
1995-02-02,India,31.375
1995-02-03,India,31.3825
1995-02-06,India,31.37
1995-02-07,India,31.3725
1995-02-08,India,31.3675
1995-02-09,India,31.375
1995-02-10,India,31.375
1995-02-13,India,31.3725
1995-02-14,India,31.37
1995-02-15,India,31.375
1995-02-16,India,31.365
1995-02-17,India,31.37
1995-02-20,India,
1995-02-21,India,31.3875
1995-02-22,India,31.3775
1995-02-23,India,31.3825
1995-02-24,India,31.4
1995-02-27,India,31.395
1995-02-28,India,31.425
1995-03-01,India,31.415
1995-03-02,India,31.485
1995-03-03,India,31.365
1995-03-06,India,31.83
1995-03-07,India,31.9
1995-03-08,India,31.81
1995-03-09,India,31.685
1995-03-10,India,31.78
1995-03-13,India,31.8005
1995-03-14,India,31.835
1995-03-15,India,31.385
1995-03-16,India,31.455
1995-03-17,India,31.405
1995-03-20,India,31.5
1995-03-21,India,31.505
1995-03-22,India,31.565
1995-03-23,India,31.6
1995-03-24,India,31.62
1995-03-27,India,31.615
1995-03-28,India,31.55
1995-03-29,India,31.5
1995-03-30,India,31.455
1995-03-31,India,31.43
1995-04-03,India,31.47
1995-04-04,India,31.41
1995-04-05,India,31.445
1995-04-06,India,31.43
1995-04-07,India,31.41
1995-04-10,India,31.4
1995-04-11,India,31.4
1995-04-12,India,31.39
1995-04-13,India,31.36
1995-04-14,India,31.36
1995-04-17,India,31.41
1995-04-18,India,31.395
1995-04-19,India,31.4
1995-04-20,India,31.44
1995-04-21,India,31.425
1995-04-24,India,31.4
1995-04-25,India,31.38
1995-04-26,India,31.38
1995-04-27,India,31.39
1995-04-28,India,31.45
1995-05-01,India,31.44
1995-05-02,India,31.432
1995-05-03,India,31.43
1995-05-04,India,31.42
1995-05-05,India,31.42
1995-05-08,India,31.4
1995-05-09,India,31.39
1995-05-10,India,31.435
1995-05-11,India,31.38
1995-05-12,India,31.44
1995-05-15,India,31.45
1995-05-16,India,31.45
1995-05-17,India,31.44
1995-05-18,India,31.44
1995-05-19,India,31.42
1995-05-22,India,31.407
1995-05-23,India,31.387
1995-05-24,India,31.4
1995-05-25,India,31.41
1995-05-26,India,31.4
1995-05-29,India,
1995-05-30,India,31.3725
1995-05-31,India,31.43
1995-06-01,India,31.42
1995-06-02,India,31.44
1995-06-05,India,31.4
1995-06-06,India,31.4
1995-06-07,India,31.412
1995-06-08,India,31.41
1995-06-09,India,31.42
1995-06-12,India,31.42
1995-06-13,India,31.4
1995-06-14,India,31.4
1995-06-15,India,31.4
1995-06-16,India,31.4
1995-06-19,India,31.4
1995-06-20,India,31.4
1995-06-21,India,31.39
1995-06-22,India,31.38
1995-06-23,India,31.39
1995-06-26,India,31.377
1995-06-27,India,31.375
1995-06-28,India,31.407
1995-06-29,India,31.43
1995-06-30,India,31.41
1995-07-03,India,31.41
1995-07-04,India,
1995-07-05,India,31.38
1995-07-06,India,31.38
1995-07-07,India,31.39
1995-07-10,India,31.372
1995-07-11,India,31.402
1995-07-12,India,31.37
1995-07-13,India,31.372
1995-07-14,India,31.37
1995-07-17,India,31.38
1995-07-18,India,31.38
1995-07-19,India,31.39
1995-07-20,India,31.38
1995-07-21,India,31.37
1995-07-24,India,31.38
1995-07-25,India,31.377
1995-07-26,India,31.39
1995-07-27,India,31.387
1995-07-28,India,31.395
1995-07-31,India,31.43
1995-08-01,India,31.42
1995-08-02,India,31.42
1995-08-03,India,31.417
1995-08-04,India,31.42
1995-08-07,India,31.44
1995-08-08,India,31.45
1995-08-09,India,31.47
1995-08-10,India,31.45
1995-08-11,India,31.457
1995-08-14,India,31.495
1995-08-15,India,31.49
1995-08-16,India,31.62
1995-08-17,India,31.595
1995-08-18,India,31.59
1995-08-21,India,31.62
1995-08-22,India,31.63
1995-08-23,India,31.7
1995-08-24,India,31.82
1995-08-25,India,31.72
1995-08-28,India,31.85
1995-08-29,India,31.85
1995-08-30,India,31.83
1995-08-31,India,31.87
1995-09-01,India,31.925
1995-09-04,India,
1995-09-05,India,32.4
1995-09-06,India,32.29
1995-09-07,India,32.21
1995-09-08,India,32.26
1995-09-11,India,32.47
1995-09-12,India,32.71
1995-09-13,India,32.89
1995-09-14,India,34.05
1995-09-15,India,33.9
1995-09-18,India,33.78
1995-09-19,India,33.89
1995-09-20,India,33.84
1995-09-21,India,34.0
1995-09-22,India,33.82
1995-09-25,India,34.0
1995-09-26,India,33.92
1995-09-27,India,33.91
1995-09-28,India,33.99
1995-09-29,India,33.94
1995-10-02,India,33.92
1995-10-03,India,33.9
1995-10-04,India,33.82
1995-10-05,India,33.91
1995-10-06,India,33.91
1995-10-09,India,
1995-10-10,India,33.89
1995-10-11,India,33.87
1995-10-12,India,33.965
1995-10-13,India,34.35
1995-10-16,India,34.6
1995-10-17,India,34.85
1995-10-18,India,34.91
1995-10-19,India,35.09
1995-10-20,India,35.65
1995-10-23,India,35.65
1995-10-24,India,35.6
1995-10-25,India,35.6
1995-10-26,India,35.6
1995-10-27,India,35.5
1995-10-30,India,34.9
1995-10-31,India,34.3
1995-11-01,India,34.6
1995-11-02,India,34.5
1995-11-03,India,34.7
1995-11-06,India,34.77
1995-11-07,India,34.61
1995-11-08,India,34.35
1995-11-09,India,34.53
1995-11-10,India,34.56
1995-11-13,India,34.57
1995-11-14,India,34.59
1995-11-15,India,34.58
1995-11-16,India,34.81
1995-11-17,India,34.71
1995-11-20,India,34.82
1995-11-21,India,34.82
1995-11-22,India,34.83
1995-11-23,India,
1995-11-24,India,34.88
1995-11-27,India,34.93
1995-11-28,India,34.93
1995-11-29,India,34.91
1995-11-30,India,34.91
1995-12-01,India,34.93
1995-12-04,India,34.92
1995-12-05,India,34.87
1995-12-06,India,34.84
1995-12-07,India,34.84
1995-12-08,India,34.93
1995-12-11,India,34.84
1995-12-12,India,34.88
1995-12-13,India,34.96
1995-12-14,India,34.975
1995-12-15,India,34.97
1995-12-18,India,34.99
1995-12-19,India,34.98
1995-12-20,India,34.98
1995-12-21,India,35.03
1995-12-22,India,34.99
1995-12-25,India,
1995-12-26,India,35.01
1995-12-27,India,35.07
1995-12-28,India,35.14
1995-12-29,India,35.18
1996-01-01,India,
1996-01-02,India,35.21
1996-01-03,India,35.22
1996-01-04,India,35.32
1996-01-05,India,35.44
1996-01-08,India,35.85
1996-01-09,India,35.87
1996-01-10,India,35.8
1996-01-11,India,35.81
1996-01-12,India,35.78
1996-01-15,India,
1996-01-16,India,35.91
1996-01-17,India,35.86
1996-01-18,India,35.895
1996-01-19,India,35.91
1996-01-22,India,35.85
1996-01-23,India,35.76
1996-01-24,India,35.84
1996-01-25,India,36.06
1996-01-26,India,36.07
1996-01-29,India,35.99
1996-01-30,India,36.14
1996-01-31,India,36.46
1996-02-01,India,36.61
1996-02-02,India,36.8
1996-02-05,India,38.05
1996-02-06,India,37.75
1996-02-07,India,37.3
1996-02-08,India,37.2
1996-02-09,India,36.95
1996-02-12,India,36.97
1996-02-13,India,36.76
1996-02-14,India,36.52
1996-02-15,India,36.53
1996-02-16,India,36.55
1996-02-19,India,
1996-02-20,India,36.56
1996-02-21,India,36.63
1996-02-22,India,36.8
1996-02-23,India,36.28
1996-02-26,India,35.92
1996-02-27,India,35.57
1996-02-28,India,35.29
1996-02-29,India,34.85
1996-03-01,India,34.6
1996-03-04,India,34.55
1996-03-05,India,34.3
1996-03-06,India,34.12
1996-03-07,India,34.25
1996-03-08,India,34.2
1996-03-11,India,34.25
1996-03-12,India,34.13
1996-03-13,India,34.21
1996-03-14,India,34.15
1996-03-15,India,34.48
1996-03-18,India,35.2
1996-03-19,India,35.35
1996-03-20,India,35.5
1996-03-21,India,35.0
1996-03-22,India,34.6
1996-03-25,India,34.1
1996-03-26,India,34.1
1996-03-27,India,34.55
1996-03-28,India,34.2
1996-03-29,India,34.35
1996-04-01,India,34.25
1996-04-02,India,34.35
1996-04-03,India,34.2
1996-04-04,India,34.5
1996-04-05,India,34.2
1996-04-08,India,34.15
1996-04-09,India,34.15
1996-04-10,India,34.25
1996-04-11,India,34.3
1996-04-12,India,34.25
1996-04-15,India,34.5
1996-04-16,India,34.4
1996-04-17,India,34.25
1996-04-18,India,34.3
1996-04-19,India,34.25
1996-04-22,India,34.2
1996-04-23,India,34.3
1996-04-24,India,34.25
1996-04-25,India,34.35
1996-04-26,India,34.35
1996-04-29,India,34.28
1996-04-30,India,35.0
1996-05-01,India,34.8
1996-05-02,India,34.75
1996-05-03,India,34.65
1996-05-06,India,34.65
1996-05-07,India,34.45
1996-05-08,India,34.7
1996-05-09,India,35.2
1996-05-10,India,35.35
1996-05-13,India,35.4
1996-05-14,India,35.0
1996-05-15,India,34.9
1996-05-16,India,35.0
1996-05-17,India,35.1
1996-05-20,India,35.1
1996-05-21,India,35.2
1996-05-22,India,35.05
1996-05-23,India,35.1
1996-05-24,India,35.25
1996-05-27,India,
1996-05-28,India,35.18
1996-05-29,India,35.25
1996-05-30,India,35.24
1996-05-31,India,35.23
1996-06-03,India,35.1
1996-06-04,India,35.1
1996-06-05,India,35.06
1996-06-06,India,35.0
1996-06-07,India,35.0
1996-06-10,India,35.0
1996-06-11,India,35.05
1996-06-12,India,35.05
1996-06-13,India,35.1
1996-06-14,India,35.1
1996-06-17,India,35.1
1996-06-18,India,35.15
1996-06-19,India,35.1
1996-06-20,India,35.1
1996-06-21,India,35.05
1996-06-24,India,35.1
1996-06-25,India,35.1
1996-06-26,India,35.1
1996-06-27,India,35.2
1996-06-28,India,35.43
1996-07-01,India,35.1
1996-07-02,India,35.15
1996-07-03,India,35.15
1996-07-04,India,
1996-07-05,India,35.2
1996-07-08,India,35.45
1996-07-09,India,35.4
1996-07-10,India,35.45
1996-07-11,India,35.6
1996-07-12,India,35.6
1996-07-15,India,35.7
1996-07-16,India,35.95
1996-07-17,India,36.0
1996-07-18,India,35.83
1996-07-19,India,35.8
1996-07-22,India,35.75
1996-07-23,India,35.8
1996-07-24,India,35.75
1996-07-25,India,35.85
1996-07-26,India,35.8
1996-07-29,India,35.8
1996-07-30,India,36.85
1996-07-31,India,35.7
1996-08-01,India,35.65
1996-08-02,India,35.55
1996-08-05,India,35.8
1996-08-06,India,35.8
1996-08-07,India,35.8
1996-08-08,India,35.95
1996-08-09,India,35.9
1996-08-12,India,35.8
1996-08-13,India,35.8
1996-08-14,India,35.8
1996-08-15,India,35.8
1996-08-16,India,35.8
1996-08-19,India,35.8
1996-08-20,India,35.8
1996-08-21,India,35.7
1996-08-22,India,35.8
1996-08-23,India,35.8
1996-08-26,India,35.85
1996-08-27,India,35.85
1996-08-28,India,35.85
1996-08-29,India,35.85
1996-08-30,India,35.85
1996-09-02,India,
1996-09-03,India,35.75
1996-09-04,India,35.95
1996-09-05,India,35.95
1996-09-06,India,35.85
1996-09-09,India,35.85
1996-09-10,India,35.85
1996-09-11,India,35.85
1996-09-12,India,35.95
1996-09-13,India,35.85
1996-09-16,India,35.9
1996-09-17,India,35.9
1996-09-18,India,35.9
1996-09-19,India,35.85
1996-09-20,India,35.9
1996-09-23,India,35.85
1996-09-24,India,35.85
1996-09-25,India,35.85
1996-09-26,India,35.85
1996-09-27,India,35.85
1996-09-30,India,35.85
1996-10-01,India,35.85
1996-10-02,India,35.85
1996-10-03,India,35.8
1996-10-04,India,35.8
1996-10-07,India,35.85
1996-10-08,India,35.85
1996-10-09,India,35.85
1996-10-10,India,35.85
1996-10-11,India,35.7
1996-10-14,India,
1996-10-15,India,35.75
1996-10-16,India,35.75
1996-10-17,India,35.8
1996-10-18,India,35.73
1996-10-21,India,35.85
1996-10-22,India,35.85
1996-10-23,India,35.65
1996-10-24,India,35.75
1996-10-25,India,35.75
1996-10-28,India,35.8
1996-10-29,India,35.85
1996-10-30,India,35.85
1996-10-31,India,35.9
1996-11-01,India,35.84
1996-11-04,India,35.75
1996-11-05,India,35.74
1996-11-06,India,35.85
1996-11-07,India,35.85
1996-11-08,India,36.12
1996-11-11,India,
1996-11-12,India,35.9
1996-11-13,India,35.9
1996-11-14,India,36.0
1996-11-15,India,35.95
1996-11-18,India,35.85
1996-11-19,India,35.757
1996-11-20,India,35.7
1996-11-21,India,35.75
1996-11-22,India,35.75
1996-11-25,India,35.85
1996-11-26,India,35.9
1996-11-27,India,35.74
1996-11-28,India,
1996-11-29,India,35.747
1996-12-02,India,35.8
1996-12-03,India,35.75
1996-12-04,India,35.83
1996-12-05,India,35.87
1996-12-06,India,35.9
1996-12-09,India,35.922
1996-12-10,India,35.91
1996-12-11,India,35.9
1996-12-12,India,35.9
1996-12-13,India,35.9
1996-12-16,India,35.89
1996-12-17,India,35.85
1996-12-18,India,35.95
1996-12-19,India,35.92
1996-12-20,India,35.89
1996-12-23,India,35.88
1996-12-24,India,35.85
1996-12-25,India,
1996-12-26,India,35.85
1996-12-27,India,35.85
1996-12-30,India,35.95
1996-12-31,India,35.95
1997-01-01,India,
1997-01-02,India,36.0
1997-01-03,India,35.95
1997-01-06,India,35.93
1997-01-07,India,35.97
1997-01-08,India,35.95
1997-01-09,India,35.897
1997-01-10,India,35.9
1997-01-13,India,35.9
1997-01-14,India,35.9
1997-01-15,India,35.88
1997-01-16,India,35.88
1997-01-17,India,35.89
1997-01-20,India,
1997-01-21,India,35.9
1997-01-22,India,35.9
1997-01-23,India,35.88
1997-01-24,India,35.82
1997-01-27,India,35.9
1997-01-28,India,35.9
1997-01-29,India,35.9
1997-01-30,India,35.83
1997-01-31,India,35.9
1997-02-03,India,35.88
1997-02-04,India,35.87
1997-02-05,India,35.88
1997-02-06,India,35.9
1997-02-07,India,35.88
1997-02-10,India,35.89
1997-02-11,India,35.89
1997-02-12,India,35.84
1997-02-13,India,35.95
1997-02-14,India,35.89
1997-02-17,India,
1997-02-18,India,35.9
1997-02-19,India,35.9
1997-02-20,India,35.88
1997-02-21,India,35.9
1997-02-24,India,35.9
1997-02-25,India,35.9
1997-02-26,India,35.86
1997-02-27,India,35.9
1997-02-28,India,35.91
1997-03-03,India,35.86
1997-03-04,India,35.895
1997-03-05,India,35.88
1997-03-06,India,35.88
1997-03-07,India,35.87
1997-03-10,India,35.9
1997-03-11,India,35.86
1997-03-12,India,35.85
1997-03-13,India,35.87
1997-03-14,India,35.85
1997-03-17,India,35.89
1997-03-18,India,35.89
1997-03-19,India,35.9
1997-03-20,India,35.91
1997-03-21,India,35.9
1997-03-24,India,35.885
1997-03-25,India,35.9
1997-03-26,India,35.9
1997-03-27,India,35.9
1997-03-28,India,35.91
1997-03-31,India,35.88
1997-04-01,India,35.89
1997-04-02,India,35.9
1997-04-03,India,35.87
1997-04-04,India,35.88
1997-04-07,India,35.88
1997-04-08,India,35.89
1997-04-09,India,35.86
1997-04-10,India,35.85
1997-04-11,India,35.88
1997-04-14,India,35.85
1997-04-15,India,35.837
1997-04-16,India,35.8
1997-04-17,India,35.83
1997-04-18,India,35.8
1997-04-21,India,35.78
1997-04-22,India,35.79
1997-04-23,India,35.76
1997-04-24,India,35.77
1997-04-25,India,35.782
1997-04-28,India,35.77
1997-04-29,India,35.77
1997-04-30,India,35.78
1997-05-01,India,35.77
1997-05-02,India,35.76
1997-05-05,India,35.8
1997-05-06,India,35.86
1997-05-07,India,35.889
1997-05-08,India,35.872
1997-05-09,India,35.86
1997-05-12,India,35.86
1997-05-13,India,35.86
1997-05-14,India,35.855
1997-05-15,India,35.84
1997-05-16,India,35.84
1997-05-19,India,35.82
1997-05-20,India,35.795
1997-05-21,India,35.81
1997-05-22,India,35.79
1997-05-23,India,35.76
1997-05-26,India,
1997-05-27,India,35.84
1997-05-28,India,35.82
1997-05-29,India,35.82
1997-05-30,India,35.8
1997-06-02,India,35.83
1997-06-03,India,35.82
1997-06-04,India,35.797
1997-06-05,India,35.755
1997-06-06,India,35.8
1997-06-09,India,35.8
1997-06-10,India,35.8
1997-06-11,India,35.827
1997-06-12,India,35.85
1997-06-13,India,35.83
1997-06-16,India,35.83
1997-06-17,India,35.82
1997-06-18,India,35.79
1997-06-19,India,35.845
1997-06-20,India,35.83
1997-06-23,India,35.83
1997-06-24,India,35.84
1997-06-25,India,35.82
1997-06-26,India,35.83
1997-06-27,India,35.83
1997-06-30,India,35.85
1997-07-01,India,35.83
1997-07-02,India,35.8
1997-07-03,India,35.79
1997-07-04,India,
1997-07-07,India,35.82
1997-07-08,India,35.8
1997-07-09,India,35.78
1997-07-10,India,35.77
1997-07-11,India,35.73
1997-07-14,India,35.75
1997-07-15,India,35.73
1997-07-16,India,35.73
1997-07-17,India,35.72
1997-07-18,India,35.71
1997-07-21,India,35.72
1997-07-22,India,35.71
1997-07-23,India,35.71
1997-07-24,India,35.71
1997-07-25,India,35.705
1997-07-28,India,35.75
1997-07-29,India,35.737
1997-07-30,India,35.72
1997-07-31,India,35.72
1997-08-01,India,35.8
1997-08-04,India,35.8
1997-08-05,India,35.737
1997-08-06,India,35.735
1997-08-07,India,35.727
1997-08-08,India,35.74
1997-08-11,India,35.727
1997-08-12,India,35.73
1997-08-13,India,35.732
1997-08-14,India,35.74
1997-08-15,India,35.81
1997-08-18,India,35.74
1997-08-19,India,35.73
1997-08-20,India,36.2
1997-08-21,India,36.3
1997-08-22,India,36.4
1997-08-25,India,36.6
1997-08-26,India,36.5
1997-08-27,India,36.5
1997-08-28,India,36.45
1997-08-29,India,36.48
1997-09-01,India,
1997-09-02,India,36.57
1997-09-03,India,36.48
1997-09-04,India,36.51
1997-09-05,India,37.0
1997-09-08,India,36.56
1997-09-09,India,36.66
1997-09-10,India,36.47
1997-09-11,India,36.65
1997-09-12,India,36.6
1997-09-15,India,36.46
1997-09-16,India,36.65
1997-09-17,India,36.46
1997-09-18,India,36.4
1997-09-19,India,36.5
1997-09-22,India,36.4
1997-09-23,India,36.4
1997-09-24,India,36.3
1997-09-25,India,36.25
1997-09-26,India,36.25
1997-09-29,India,36.227
1997-09-30,India,36.19
1997-10-01,India,36.2
1997-10-02,India,37.0
1997-10-03,India,36.25
1997-10-06,India,36.2
1997-10-07,India,36.25
1997-10-08,India,36.25
1997-10-09,India,36.22
1997-10-10,India,36.25
1997-10-13,India,
1997-10-14,India,36.3
1997-10-15,India,36.257
1997-10-16,India,36.235
1997-10-17,India,36.237
1997-10-20,India,36.25
1997-10-21,India,36.25
1997-10-22,India,36.2
1997-10-23,India,36.3
1997-10-24,India,36.3
1997-10-27,India,36.34
1997-10-28,India,36.3
1997-10-29,India,36.345
1997-10-30,India,36.32
1997-10-31,India,36.39
1997-11-03,India,36.405
1997-11-04,India,36.4
1997-11-05,India,36.4
1997-11-06,India,36.5
1997-11-07,India,36.55
1997-11-10,India,36.64
1997-11-11,India,
1997-11-12,India,36.76
1997-11-13,India,36.8
1997-11-14,India,36.8
1997-11-17,India,36.94
1997-11-18,India,37.6
1997-11-19,India,37.6
1997-11-20,India,37.54
1997-11-21,India,37.83
1997-11-24,India,38.32
1997-11-25,India,38.265
1997-11-26,India,38.75
1997-11-27,India,
1997-11-28,India,39.1
1997-12-01,India,39.45
1997-12-02,India,39.5
1997-12-03,India,39.45
1997-12-04,India,39.15
1997-12-05,India,39.0
1997-12-08,India,38.995
1997-12-09,India,39.15
1997-12-10,India,39.15
1997-12-11,India,39.6
1997-12-12,India,39.6
1997-12-15,India,39.575
1997-12-16,India,40.0
1997-12-17,India,40.0
1997-12-18,India,40.0
1997-12-19,India,40.0
1997-12-22,India,39.06
1997-12-23,India,39.01
1997-12-24,India,39.0
1997-12-25,India,
1997-12-26,India,39.3
1997-12-29,India,39.16
1997-12-30,India,39.35
1997-12-31,India,39.3
1998-01-01,India,
1998-01-02,India,39.4
1998-01-05,India,39.48
1998-01-06,India,39.55
1998-01-07,India,39.76
1998-01-08,India,39.8
1998-01-09,India,39.95
1998-01-12,India,39.97
1998-01-13,India,40.0
1998-01-14,India,40.3
1998-01-15,India,40.4
1998-01-16,India,40.0
1998-01-19,India,
1998-01-20,India,39.2
1998-01-21,India,38.9
1998-01-22,India,38.9
1998-01-23,India,38.85
1998-01-26,India,38.41
1998-01-27,India,38.45
1998-01-28,India,38.9
1998-01-29,India,38.8
1998-01-30,India,38.8
1998-02-02,India,38.95
1998-02-03,India,38.9
1998-02-04,India,38.85
1998-02-05,India,38.85
1998-02-06,India,38.85
1998-02-09,India,38.56
1998-02-10,India,38.9
1998-02-11,India,38.79
1998-02-12,India,38.85
1998-02-13,India,38.85
1998-02-16,India,
1998-02-17,India,38.95
1998-02-18,India,38.9
1998-02-19,India,38.9
1998-02-20,India,39.39
1998-02-23,India,39.3
1998-02-24,India,39.35
1998-02-25,India,39.26
1998-02-26,India,39.3
1998-02-27,India,39.45
1998-03-02,India,39.6
1998-03-03,India,39.53
1998-03-04,India,39.54
1998-03-05,India,39.54
1998-03-06,India,39.55
1998-03-09,India,39.455
1998-03-10,India,39.55
1998-03-11,India,39.53
1998-03-12,India,39.55
1998-03-13,India,39.8
1998-03-16,India,39.575
1998-03-17,India,39.55
1998-03-18,India,39.65
1998-03-19,India,39.68
1998-03-20,India,39.55
1998-03-23,India,39.54
1998-03-24,India,39.58
1998-03-25,India,39.6
1998-03-26,India,39.55
1998-03-27,India,39.51
1998-03-30,India,39.55
1998-03-31,India,39.53
1998-04-01,India,39.55
1998-04-02,India,39.55
1998-04-03,India,39.56
1998-04-06,India,39.58
1998-04-07,India,39.74
1998-04-08,India,39.409
1998-04-09,India,39.8
1998-04-10,India,39.9
1998-04-13,India,39.7
1998-04-14,India,39.65
1998-04-15,India,39.72
1998-04-16,India,39.74
1998-04-17,India,39.73
1998-04-20,India,39.71
1998-04-21,India,39.8
1998-04-22,India,39.75
1998-04-23,India,39.78
1998-04-24,India,39.72
1998-04-27,India,39.75
1998-04-28,India,39.805
1998-04-29,India,39.78
1998-04-30,India,39.74
1998-05-01,India,39.82
1998-05-04,India,39.75
1998-05-05,India,39.8
1998-05-06,India,39.84
1998-05-07,India,39.8
1998-05-08,India,39.805
1998-05-11,India,39.79
1998-05-12,India,39.85
1998-05-13,India,39.85
1998-05-14,India,40.65
1998-05-15,India,40.65
1998-05-18,India,40.57
1998-05-19,India,40.572
1998-05-20,India,40.53
1998-05-21,India,40.546
1998-05-22,India,40.7
1998-05-25,India,
1998-05-26,India,41.3
1998-05-27,India,41.45
1998-05-28,India,42.35
1998-05-29,India,41.75
1998-06-01,India,41.85
1998-06-02,India,41.87
1998-06-03,India,41.8
1998-06-04,India,41.95
1998-06-05,India,41.85
1998-06-08,India,41.86
1998-06-09,India,42.45
1998-06-10,India,42.45
1998-06-11,India,42.45
1998-06-12,India,42.2
1998-06-15,India,42.4
1998-06-16,India,42.35
1998-06-17,India,42.25
1998-06-18,India,42.3
1998-06-19,India,42.6
1998-06-22,India,42.8
1998-06-23,India,42.95
1998-06-24,India,42.85
1998-06-25,India,42.85
1998-06-26,India,42.9
1998-06-29,India,42.59
1998-06-30,India,42.5
1998-07-01,India,42.35
1998-07-02,India,42.75
1998-07-03,India,42.6
1998-07-06,India,42.56
1998-07-07,India,42.6
1998-07-08,India,42.75
1998-07-09,India,42.75
1998-07-10,India,42.6
1998-07-13,India,42.7
1998-07-14,India,42.65
1998-07-15,India,42.75
1998-07-16,India,42.75
1998-07-17,India,42.55
1998-07-20,India,42.55
1998-07-21,India,42.49
1998-07-22,India,42.47
1998-07-23,India,42.55
1998-07-24,India,42.632
1998-07-27,India,42.6
1998-07-28,India,42.65
1998-07-29,India,42.55
1998-07-30,India,42.62
1998-07-31,India,42.6
1998-08-03,India,42.6
1998-08-04,India,42.57
1998-08-05,India,42.6
1998-08-06,India,42.56
1998-08-07,India,42.7
1998-08-10,India,42.75
1998-08-11,India,43.0
1998-08-12,India,43.05
1998-08-13,India,43.05
1998-08-14,India,43.23
1998-08-17,India,43.28
1998-08-18,India,43.4
1998-08-19,India,43.6
1998-08-20,India,42.9
1998-08-21,India,42.7
1998-08-24,India,42.6
1998-08-25,India,42.56
1998-08-26,India,42.55
1998-08-27,India,42.65
1998-08-28,India,42.7
1998-08-31,India,42.65
1998-09-01,India,42.65
1998-09-02,India,42.58
1998-09-03,India,42.6
1998-09-04,India,42.655
1998-09-07,India,
1998-09-08,India,42.6
1998-09-09,India,42.6
1998-09-10,India,42.6
1998-09-11,India,42.57
1998-09-14,India,42.6
1998-09-15,India,42.55
1998-09-16,India,42.55
1998-09-17,India,42.55
1998-09-18,India,42.585
1998-09-21,India,42.55
1998-09-22,India,42.6
1998-09-23,India,42.63
1998-09-24,India,42.55
1998-09-25,India,42.55
1998-09-28,India,42.56
1998-09-29,India,42.55
1998-09-30,India,42.48
1998-10-01,India,42.5
1998-10-02,India,42.45
1998-10-05,India,42.5
1998-10-06,India,42.45
1998-10-07,India,42.4
1998-10-08,India,42.4
1998-10-09,India,42.4
1998-10-12,India,
1998-10-13,India,42.4
1998-10-14,India,42.35
1998-10-15,India,42.33
1998-10-16,India,42.35
1998-10-19,India,42.35
1998-10-20,India,42.34
1998-10-21,India,42.34
1998-10-22,India,42.32
1998-10-23,India,42.35
1998-10-26,India,42.4
1998-10-27,India,42.4
1998-10-28,India,42.35
1998-10-29,India,42.45
1998-10-30,India,42.45
1998-11-02,India,42.35
1998-11-03,India,42.4
1998-11-04,India,42.33
1998-11-05,India,42.39
1998-11-06,India,42.3
1998-11-09,India,42.32
1998-11-10,India,42.33
1998-11-11,India,
1998-11-12,India,42.37
1998-11-13,India,42.39
1998-11-16,India,42.41
1998-11-17,India,42.5
1998-11-18,India,42.5
1998-11-19,India,42.5
1998-11-20,India,42.45
1998-11-23,India,42.44
1998-11-24,India,42.48
1998-11-25,India,42.43
1998-11-26,India,
1998-11-27,India,42.6
1998-11-30,India,42.65
1998-12-01,India,42.61
1998-12-02,India,42.61
1998-12-03,India,42.56
1998-12-04,India,42.58
1998-12-07,India,42.59
1998-12-08,India,42.62
1998-12-09,India,42.6
1998-12-10,India,42.61
1998-12-11,India,42.61
1998-12-14,India,42.6
1998-12-15,India,42.6
1998-12-16,India,42.6
1998-12-17,India,42.62
1998-12-18,India,42.6
1998-12-21,India,42.58
1998-12-22,India,42.58
1998-12-23,India,42.55
1998-12-24,India,42.6
1998-12-25,India,
1998-12-28,India,42.58
1998-12-29,India,42.6
1998-12-30,India,42.58
1998-12-31,India,42.52
1999-01-01,India,
1999-01-04,India,42.6
1999-01-05,India,42.56
1999-01-06,India,42.55
1999-01-07,India,42.55
1999-01-08,India,42.55
1999-01-11,India,42.55
1999-01-12,India,42.55
1999-01-13,India,42.53
1999-01-14,India,42.55
1999-01-15,India,42.5
1999-01-18,India,
1999-01-19,India,42.55
1999-01-20,India,42.55
1999-01-21,India,42.54
1999-01-22,India,42.55
1999-01-25,India,42.55
1999-01-26,India,42.52
1999-01-27,India,42.52
1999-01-28,India,42.55
1999-01-29,India,42.54
1999-02-01,India,42.55
1999-02-02,India,42.54
1999-02-03,India,42.5
1999-02-04,India,42.52
1999-02-05,India,42.5
1999-02-08,India,42.5
1999-02-09,India,42.5
1999-02-10,India,42.45
1999-02-11,India,42.51
1999-02-12,India,42.6
1999-02-15,India,
1999-02-16,India,42.51
1999-02-17,India,42.5
1999-02-18,India,42.51
1999-02-19,India,42.47
1999-02-22,India,42.43
1999-02-23,India,42.48
1999-02-24,India,42.6
1999-02-25,India,42.6
1999-02-26,India,42.83
1999-03-01,India,42.54
1999-03-02,India,42.58
1999-03-03,India,42.58
1999-03-04,India,42.55
1999-03-05,India,42.55
1999-03-08,India,42.56
1999-03-09,India,42.53
1999-03-10,India,42.5
1999-03-11,India,42.48
1999-03-12,India,42.52
1999-03-15,India,42.5
1999-03-16,India,42.5
1999-03-17,India,42.5
1999-03-18,India,42.5
1999-03-19,India,42.5
1999-03-22,India,42.5
1999-03-23,India,42.5
1999-03-24,India,42.5
1999-03-25,India,42.5
1999-03-26,India,42.5
1999-03-29,India,42.48
1999-03-30,India,42.5
1999-03-31,India,42.5
1999-04-01,India,42.5
1999-04-02,India,42.5
1999-04-05,India,42.5
1999-04-06,India,42.75
1999-04-07,India,42.75
1999-04-08,India,42.76
1999-04-09,India,42.78
1999-04-12,India,42.77
1999-04-13,India,42.9
1999-04-14,India,42.85
1999-04-15,India,42.9
1999-04-16,India,42.75
1999-04-19,India,42.95
1999-04-20,India,42.9
1999-04-21,India,42.9
1999-04-22,India,42.81
1999-04-23,India,42.85
1999-04-26,India,42.9
1999-04-27,India,42.91
1999-04-28,India,42.9
1999-04-29,India,42.86
1999-04-30,India,42.84
1999-05-03,India,42.85
1999-05-04,India,42.8
1999-05-05,India,42.8
1999-05-06,India,42.8
1999-05-07,India,42.8
1999-05-10,India,42.8
1999-05-11,India,42.8
1999-05-12,India,42.8
1999-05-13,India,42.8
1999-05-14,India,42.83
1999-05-17,India,42.76
1999-05-18,India,42.77
1999-05-19,India,42.8
1999-05-20,India,42.8
1999-05-21,India,42.8
1999-05-24,India,42.8
1999-05-25,India,42.8
1999-05-26,India,42.95
1999-05-27,India,43.45
1999-05-28,India,43.17
1999-05-31,India,
1999-06-01,India,43.0
1999-06-02,India,43.0
1999-06-03,India,43.0
1999-06-04,India,43.0
1999-06-07,India,43.05
1999-06-08,India,43.05
1999-06-09,India,43.07
1999-06-10,India,43.15
1999-06-11,India,43.06
1999-06-14,India,43.25
1999-06-15,India,43.45
1999-06-16,India,43.2
1999-06-17,India,43.2
1999-06-18,India,43.16
1999-06-21,India,43.17
1999-06-22,India,43.3
1999-06-23,India,43.27
1999-06-24,India,43.45
1999-06-25,India,43.45
1999-06-28,India,43.45
1999-06-29,India,43.5
1999-06-30,India,43.45
1999-07-01,India,43.35
1999-07-02,India,43.45
1999-07-05,India,
1999-07-06,India,43.4
1999-07-07,India,43.45
1999-07-08,India,43.5
1999-07-09,India,43.35
1999-07-12,India,43.3
1999-07-13,India,43.35
1999-07-14,India,43.35
1999-07-15,India,43.26
1999-07-16,India,43.35
1999-07-19,India,43.25
1999-07-20,India,43.26
1999-07-21,India,43.35
1999-07-22,India,43.35
1999-07-23,India,43.28
1999-07-26,India,43.28
1999-07-27,India,43.4
1999-07-28,India,43.33
1999-07-29,India,43.43
1999-07-30,India,43.45
1999-08-02,India,43.38
1999-08-03,India,43.38
1999-08-04,India,43.4
1999-08-05,India,43.45
1999-08-06,India,43.48
1999-08-09,India,43.35
1999-08-10,India,43.45
1999-08-11,India,43.47
1999-08-12,India,43.5
1999-08-13,India,43.52
1999-08-16,India,43.5
1999-08-17,India,43.54
1999-08-18,India,43.55
1999-08-19,India,43.59
1999-08-20,India,43.59
1999-08-23,India,43.53
1999-08-24,India,43.65
1999-08-25,India,43.55
1999-08-26,India,43.55
1999-08-27,India,43.53
1999-08-30,India,43.56
1999-08-31,India,43.55
1999-09-01,India,43.55
1999-09-02,India,43.6
1999-09-03,India,43.57
1999-09-06,India,
1999-09-07,India,43.58
1999-09-08,India,43.57
1999-09-09,India,43.58
1999-09-10,India,43.55
1999-09-13,India,43.58
1999-09-14,India,43.6
1999-09-15,India,43.6
1999-09-16,India,43.61
1999-09-17,India,43.61
1999-09-20,India,43.61
1999-09-21,India,43.63
1999-09-22,India,43.58
1999-09-23,India,43.59
1999-09-24,India,43.59
1999-09-27,India,43.59
1999-09-28,India,43.68
1999-09-29,India,43.7
1999-09-30,India,43.59
1999-10-01,India,43.73
1999-10-04,India,43.73
1999-10-05,India,43.73
1999-10-06,India,43.7
1999-10-07,India,43.65
1999-10-08,India,43.55
1999-10-11,India,
1999-10-12,India,43.55
1999-10-13,India,43.56
1999-10-14,India,43.55
1999-10-15,India,43.56
1999-10-18,India,43.52
1999-10-19,India,43.4
1999-10-20,India,43.5
1999-10-21,India,43.5
1999-10-22,India,43.5
1999-10-25,India,43.385
1999-10-26,India,43.4
1999-10-27,India,43.52
1999-10-28,India,43.51
1999-10-29,India,43.51
1999-11-01,India,43.51
1999-11-02,India,43.45
1999-11-03,India,43.46
1999-11-04,India,43.45
1999-11-05,India,43.45
1999-11-08,India,43.46
1999-11-09,India,43.46
1999-11-10,India,43.45
1999-11-11,India,
1999-11-12,India,43.45
1999-11-15,India,43.45
1999-11-16,India,43.47
1999-11-17,India,43.45
1999-11-18,India,43.45
1999-11-19,India,43.46
1999-11-22,India,43.45
1999-11-23,India,43.45
1999-11-24,India,43.45
1999-11-25,India,
1999-11-26,India,43.48
1999-11-29,India,43.43
1999-11-30,India,43.48
1999-12-01,India,43.45
1999-12-02,India,43.45
1999-12-03,India,43.45
1999-12-06,India,43.43
1999-12-07,India,43.5
1999-12-08,India,43.5
1999-12-09,India,43.5
1999-12-10,India,43.5
1999-12-13,India,43.57
1999-12-14,India,43.6
1999-12-15,India,43.54
1999-12-16,India,43.55
1999-12-17,India,43.55
1999-12-20,India,43.55
1999-12-21,India,43.55
1999-12-22,India,43.55
1999-12-23,India,43.55
1999-12-24,India,43.55
1999-12-27,India,43.55
1999-12-28,India,43.55
1999-12-29,India,43.55
1999-12-30,India,43.55
1999-12-31,India,43.51
2000-01-03,India,43.55
2000-01-04,India,43.55
2000-01-05,India,43.55
2000-01-06,India,43.55
2000-01-07,India,43.55
2000-01-10,India,43.55
2000-01-11,India,43.6
2000-01-12,India,43.6
2000-01-13,India,43.55
2000-01-14,India,43.55
2000-01-17,India,
2000-01-18,India,43.6
2000-01-19,India,43.6
2000-01-20,India,43.6
2000-01-21,India,43.6
2000-01-24,India,43.62
2000-01-25,India,43.59
2000-01-26,India,43.65
2000-01-27,India,43.63
2000-01-28,India,43.65
2000-01-31,India,43.65
2000-02-01,India,43.62
2000-02-02,India,43.65
2000-02-03,India,43.65
2000-02-04,India,43.65
2000-02-07,India,43.64
2000-02-08,India,43.63
2000-02-09,India,43.65
2000-02-10,India,43.58
2000-02-11,India,43.65
2000-02-14,India,43.65
2000-02-15,India,43.64
2000-02-16,India,43.75
2000-02-17,India,43.68
2000-02-18,India,43.68
2000-02-21,India,
2000-02-22,India,43.65
2000-02-23,India,43.68
2000-02-24,India,43.65
2000-02-25,India,43.65
2000-02-28,India,43.68
2000-02-29,India,43.65
2000-03-01,India,43.63
2000-03-02,India,43.65
2000-03-03,India,43.65
2000-03-06,India,43.63
2000-03-07,India,43.63
2000-03-08,India,43.65
2000-03-09,India,43.63
2000-03-10,India,43.65
2000-03-13,India,43.65
2000-03-14,India,43.64
2000-03-15,India,43.65
2000-03-16,India,43.58
2000-03-17,India,43.65
2000-03-20,India,43.63
2000-03-21,India,43.59
2000-03-22,India,43.65
2000-03-23,India,43.65
2000-03-24,India,43.65
2000-03-27,India,43.62
2000-03-28,India,43.65
2000-03-29,India,43.65
2000-03-30,India,43.65
2000-03-31,India,43.65
2000-04-03,India,43.632
2000-04-04,India,43.65
2000-04-05,India,43.68
2000-04-06,India,43.65
2000-04-07,India,43.67
2000-04-10,India,43.66
2000-04-11,India,43.68
2000-04-12,India,43.7
2000-04-13,India,43.7
2000-04-14,India,43.75
2000-04-17,India,43.68
2000-04-18,India,43.7
2000-04-19,India,43.7
2000-04-20,India,43.687
2000-04-21,India,43.7
2000-04-24,India,43.655
2000-04-25,India,43.7
2000-04-26,India,43.7
2000-04-27,India,43.7
2000-04-28,India,43.7
2000-05-01,India,43.67
2000-05-02,India,43.75
2000-05-03,India,43.73
2000-05-04,India,43.67
2000-05-05,India,43.7
2000-05-08,India,43.7
2000-05-09,India,43.7
2000-05-10,India,44.3
2000-05-11,India,44.44
2000-05-12,India,44.15
2000-05-15,India,44.44
2000-05-16,India,44.05
2000-05-17,India,44.02
2000-05-18,India,44.03
2000-05-19,India,44.0
2000-05-22,India,44.02
2000-05-23,India,44.15
2000-05-24,India,44.25
2000-05-25,India,44.2
2000-05-26,India,44.4
2000-05-29,India,
2000-05-30,India,44.65
2000-05-31,India,44.65
2000-06-01,India,44.65
2000-06-02,India,44.7
2000-06-05,India,44.75
2000-06-06,India,44.75
2000-06-07,India,44.83
2000-06-08,India,44.85
2000-06-09,India,44.85
2000-06-12,India,44.85
2000-06-13,India,44.8
2000-06-14,India,44.72
2000-06-15,India,44.8
2000-06-16,India,44.83
2000-06-19,India,44.85
2000-06-20,India,44.75
2000-06-21,India,44.7
2000-06-22,India,44.7
2000-06-23,India,44.75
2000-06-26,India,44.75
2000-06-27,India,44.7
2000-06-28,India,44.72
2000-06-29,India,44.73
2000-06-30,India,44.7
2000-07-03,India,44.72
2000-07-04,India,
2000-07-05,India,44.69
2000-07-06,India,44.81
2000-07-07,India,44.78
2000-07-10,India,44.75
2000-07-11,India,44.75
2000-07-12,India,44.75
2000-07-13,India,44.78
2000-07-14,India,44.78
2000-07-17,India,44.74
2000-07-18,India,44.83
2000-07-19,India,44.85
2000-07-20,India,45.02
2000-07-21,India,44.8
2000-07-24,India,44.77
2000-07-25,India,44.95
2000-07-26,India,44.98
2000-07-27,India,44.95
2000-07-28,India,44.96
2000-07-31,India,45.15
2000-08-01,India,45.15
2000-08-02,India,45.4
2000-08-03,India,45.4
2000-08-04,India,45.4
2000-08-07,India,45.62
2000-08-08,India,45.8
2000-08-09,India,45.7
2000-08-10,India,45.9
2000-08-11,India,45.9
2000-08-14,India,45.85
2000-08-15,India,45.8
2000-08-16,India,45.8
2000-08-17,India,45.95
2000-08-18,India,45.9
2000-08-21,India,45.73
2000-08-22,India,45.75
2000-08-23,India,45.9
2000-08-24,India,46.05
2000-08-25,India,46.05
2000-08-28,India,45.83
2000-08-29,India,46.0
2000-08-30,India,45.9
2000-08-31,India,45.9
2000-09-01,India,45.8
2000-09-04,India,
2000-09-05,India,45.74
2000-09-06,India,45.65
2000-09-07,India,46.05
2000-09-08,India,45.73
2000-09-11,India,45.65
2000-09-12,India,45.7
2000-09-13,India,45.7
2000-09-14,India,45.8
2000-09-15,India,45.85
2000-09-18,India,46.15
2000-09-19,India,46.45
2000-09-20,India,46.3
2000-09-21,India,46.09
2000-09-22,India,46.18
2000-09-25,India,46.16
2000-09-26,India,46.1
2000-09-27,India,46.15
2000-09-28,India,46.05
2000-09-29,India,46.06
2000-10-02,India,46.1
2000-10-03,India,46.18
2000-10-04,India,46.17
2000-10-05,India,46.17
2000-10-06,India,46.17
2000-10-09,India,
2000-10-10,India,46.25
2000-10-11,India,46.35
2000-10-12,India,46.3
2000-10-13,India,46.45
2000-10-16,India,46.4
2000-10-17,India,46.35
2000-10-18,India,46.45
2000-10-19,India,46.4
2000-10-20,India,46.4
2000-10-23,India,46.45
2000-10-24,India,46.48
2000-10-25,India,46.7
2000-10-26,India,46.7
2000-10-27,India,46.78
2000-10-30,India,46.78
2000-10-31,India,46.9
2000-11-01,India,46.82
2000-11-02,India,46.85
2000-11-03,India,46.7
2000-11-06,India,46.64
2000-11-07,India,46.7
2000-11-08,India,46.72
2000-11-09,India,46.75
2000-11-10,India,46.78
2000-11-13,India,46.77
2000-11-14,India,46.85
2000-11-15,India,46.83
2000-11-16,India,46.85
2000-11-17,India,46.82
2000-11-20,India,46.9
2000-11-21,India,46.85
2000-11-22,India,46.86
2000-11-23,India,
2000-11-24,India,46.91
2000-11-27,India,46.9
2000-11-28,India,46.93
2000-11-29,India,46.95
2000-11-30,India,46.87
2000-12-01,India,46.89
2000-12-04,India,46.88
2000-12-05,India,46.8
2000-12-06,India,46.78
2000-12-07,India,46.8
2000-12-08,India,46.8
2000-12-11,India,46.78
2000-12-12,India,46.78
2000-12-13,India,46.8
2000-12-14,India,46.8
2000-12-15,India,46.8
2000-12-18,India,46.79
2000-12-19,India,46.75
2000-12-20,India,46.75
2000-12-21,India,46.74
2000-12-22,India,46.77
2000-12-25,India,
2000-12-26,India,46.75
2000-12-27,India,46.73
2000-12-28,India,46.75
2000-12-29,India,46.75
2001-01-01,India,
2001-01-02,India,46.74
2001-01-03,India,46.75
2001-01-04,India,46.78
2001-01-05,India,46.76
2001-01-08,India,46.73
2001-01-09,India,46.68
2001-01-10,India,46.68
2001-01-11,India,46.68
2001-01-12,India,47.47
2001-01-15,India,
2001-01-16,India,46.55
2001-01-17,India,46.48
2001-01-18,India,46.45
2001-01-19,India,46.43
2001-01-22,India,46.43
2001-01-23,India,46.39
2001-01-24,India,46.42
2001-01-25,India,46.54
2001-01-26,India,46.53
2001-01-29,India,46.5
2001-01-30,India,46.46
2001-01-31,India,46.44
2001-02-01,India,46.41
2001-02-02,India,46.44
2001-02-05,India,46.43
2001-02-06,India,46.42
2001-02-07,India,46.46
2001-02-08,India,46.46
2001-02-09,India,46.54
2001-02-12,India,46.56
2001-02-13,India,46.6
2001-02-14,India,46.65
2001-02-15,India,46.63
2001-02-16,India,46.55
2001-02-19,India,
2001-02-20,India,46.66
2001-02-21,India,46.65
2001-02-22,India,46.63
2001-02-23,India,46.65
2001-02-26,India,46.66
2001-02-27,India,46.68
2001-02-28,India,46.59
2001-03-01,India,46.59
2001-03-02,India,46.59
2001-03-05,India,46.57
2001-03-06,India,46.53
2001-03-07,India,46.57
2001-03-08,India,46.56
2001-03-09,India,46.55
2001-03-12,India,46.57
2001-03-13,India,46.7
2001-03-14,India,46.69
2001-03-15,India,46.66
2001-03-16,India,46.69
2001-03-19,India,46.72
2001-03-20,India,46.71
2001-03-21,India,46.71
2001-03-22,India,46.74
2001-03-23,India,46.72
2001-03-26,India,46.69
2001-03-27,India,46.65
2001-03-28,India,46.65
2001-03-29,India,46.66
2001-03-30,India,46.85
2001-04-02,India,46.65
2001-04-03,India,46.67
2001-04-04,India,46.6
2001-04-05,India,46.64
2001-04-06,India,46.58
2001-04-09,India,46.58
2001-04-10,India,46.6
2001-04-11,India,46.75
2001-04-12,India,46.75
2001-04-13,India,46.89
2001-04-16,India,47.07
2001-04-17,India,46.95
2001-04-18,India,46.95
2001-04-19,India,46.88
2001-04-20,India,46.88
2001-04-23,India,46.82
2001-04-24,India,46.88
2001-04-25,India,46.88
2001-04-26,India,46.78
2001-04-27,India,46.88
2001-04-30,India,46.88
2001-05-01,India,46.87
2001-05-02,India,46.87
2001-05-03,India,46.87
2001-05-04,India,46.87
2001-05-07,India,46.84
2001-05-08,India,46.83
2001-05-09,India,46.85
2001-05-10,India,46.88
2001-05-11,India,46.85
2001-05-14,India,47.0
2001-05-15,India,47.03
2001-05-16,India,46.97
2001-05-17,India,46.99
2001-05-18,India,46.98
2001-05-21,India,47.0
2001-05-22,India,47.06
2001-05-23,India,47.02
2001-05-24,India,47.02
2001-05-25,India,47.02
2001-05-28,India,
2001-05-29,India,47.02
2001-05-30,India,47.0
2001-05-31,India,47.0
2001-06-01,India,47.05
2001-06-04,India,47.06
2001-06-05,India,47.0
2001-06-06,India,47.03
2001-06-07,India,47.0
2001-06-08,India,47.03
2001-06-11,India,47.04
2001-06-12,India,47.08
2001-06-13,India,47.09
2001-06-14,India,47.0
2001-06-15,India,47.05
2001-06-18,India,47.02
2001-06-19,India,47.02
2001-06-20,India,47.01
2001-06-21,India,47.05
2001-06-22,India,47.04
2001-06-25,India,47.06
2001-06-26,India,47.07
2001-06-27,India,47.04
2001-06-28,India,47.06
2001-06-29,India,47.09
2001-07-02,India,47.18
2001-07-03,India,47.17
2001-07-04,India,
2001-07-05,India,47.18
2001-07-06,India,47.17
2001-07-09,India,47.19
2001-07-10,India,47.19
2001-07-11,India,47.21
2001-07-12,India,47.2
2001-07-13,India,47.21
2001-07-16,India,47.2
2001-07-17,India,47.16
2001-07-18,India,47.12
2001-07-19,India,47.16
2001-07-20,India,47.17
2001-07-23,India,47.17
2001-07-24,India,47.11
2001-07-25,India,47.19
2001-07-26,India,47.2
2001-07-27,India,47.19
2001-07-30,India,47.19
2001-07-31,India,47.18
2001-08-01,India,47.16
2001-08-02,India,47.11
2001-08-03,India,47.17
2001-08-06,India,47.16
2001-08-07,India,47.11
2001-08-08,India,47.19
2001-08-09,India,47.18
2001-08-10,India,47.17
2001-08-13,India,47.17
2001-08-14,India,47.15
2001-08-15,India,47.16
2001-08-16,India,47.16
2001-08-17,India,47.17
2001-08-20,India,47.18
2001-08-21,India,47.18
2001-08-22,India,47.18
2001-08-23,India,47.17
2001-08-24,India,47.17
2001-08-27,India,47.19
2001-08-28,India,47.19
2001-08-29,India,47.16
2001-08-30,India,47.18
2001-08-31,India,47.17
2001-09-03,India,
2001-09-04,India,47.22
2001-09-05,India,47.2
2001-09-06,India,47.22
2001-09-07,India,47.27
2001-09-10,India,47.38
2001-09-11,India,
2001-09-12,India,47.39
2001-09-13,India,47.49
2001-09-14,India,47.75
2001-09-17,India,47.77
2001-09-18,India,48.05
2001-09-19,India,47.96
2001-09-20,India,48.03
2001-09-21,India,48.08
2001-09-24,India,48.08
2001-09-25,India,48.91
2001-09-26,India,47.91
2001-09-27,India,47.91
2001-09-28,India,47.9
2001-10-01,India,48.03
2001-10-02,India,48.03
2001-10-03,India,47.96
2001-10-04,India,48.04
2001-10-05,India,48.05
2001-10-08,India,
2001-10-09,India,48.17
2001-10-10,India,48.09
2001-10-11,India,48.09
2001-10-12,India,48.07
2001-10-15,India,48.07
2001-10-16,India,48.05
2001-10-17,India,48.05
2001-10-18,India,48.08
2001-10-19,India,48.08
2001-10-22,India,48.05
2001-10-23,India,48.03
2001-10-24,India,48.08
2001-10-25,India,48.0
2001-10-26,India,48.02
2001-10-29,India,48.02
2001-10-30,India,48.03
2001-10-31,India,48.04
2001-11-01,India,48.05
2001-11-02,India,48.04
2001-11-05,India,48.02
2001-11-06,India,48.04
2001-11-07,India,48.04
2001-11-08,India,48.07
2001-11-09,India,48.05
2001-11-12,India,
2001-11-13,India,48.11
2001-11-14,India,48.11
2001-11-15,India,48.03
2001-11-16,India,48.03
2001-11-19,India,48.0
2001-11-20,India,48.03
2001-11-21,India,48.03
2001-11-22,India,
2001-11-23,India,48.1
2001-11-26,India,48.05
2001-11-27,India,48.08
2001-11-28,India,47.99
2001-11-29,India,48.01
2001-11-30,India,47.98
2001-12-03,India,47.93
2001-12-04,India,47.93
2001-12-05,India,47.94
2001-12-06,India,47.9
2001-12-07,India,47.86
2001-12-10,India,47.87
2001-12-11,India,47.85
2001-12-12,India,47.84
2001-12-13,India,47.84
2001-12-14,India,47.86
2001-12-17,India,47.86
2001-12-18,India,47.86
2001-12-19,India,47.8
2001-12-20,India,47.83
2001-12-21,India,47.85
2001-12-24,India,47.95
2001-12-25,India,
2001-12-26,India,47.95
2001-12-27,India,48.21
2001-12-28,India,48.29
2001-12-31,India,48.27
2002-01-01,India,
2002-01-02,India,48.27
2002-01-03,India,48.28
2002-01-04,India,48.3
2002-01-07,India,48.28
2002-01-08,India,48.3
2002-01-09,India,48.32
2002-01-10,India,48.41
2002-01-11,India,48.44
2002-01-14,India,48.36
2002-01-15,India,48.31
2002-01-16,India,48.3
2002-01-17,India,48.31
2002-01-18,India,48.27
2002-01-21,India,
2002-01-22,India,48.3
2002-01-23,India,48.35
2002-01-24,India,48.35
2002-01-25,India,48.38
2002-01-28,India,48.37
2002-01-29,India,48.43
2002-01-30,India,48.53
2002-01-31,India,48.56
2002-02-01,India,48.55
2002-02-04,India,48.61
2002-02-05,India,48.69
2002-02-06,India,48.71
2002-02-07,India,48.72
2002-02-08,India,48.7
2002-02-11,India,48.75
2002-02-12,India,48.69
2002-02-13,India,48.9
2002-02-14,India,48.71
2002-02-15,India,48.71
2002-02-18,India,
2002-02-19,India,48.67
2002-02-20,India,48.64
2002-02-21,India,48.69
2002-02-22,India,48.79
2002-02-25,India,48.82
2002-02-26,India,48.75
2002-02-27,India,48.76
2002-02-28,India,48.76
2002-03-01,India,48.76
2002-03-04,India,48.72
2002-03-05,India,48.72
2002-03-06,India,48.71
2002-03-07,India,48.76
2002-03-08,India,48.76
2002-03-11,India,48.76
2002-03-12,India,48.76
2002-03-13,India,48.74
2002-03-14,India,48.77
2002-03-15,India,48.73
2002-03-18,India,48.74
2002-03-19,India,48.76
2002-03-20,India,48.76
2002-03-21,India,48.78
2002-03-22,India,48.8
2002-03-25,India,48.8
2002-03-26,India,48.78
2002-03-27,India,48.83
2002-03-28,India,48.83
2002-03-29,India,48.83
2002-04-01,India,48.83
2002-04-02,India,48.85
2002-04-03,India,48.91
2002-04-04,India,48.92
2002-04-05,India,48.86
2002-04-08,India,48.91
2002-04-09,India,48.92
2002-04-10,India,48.91
2002-04-11,India,48.93
2002-04-12,India,48.94
2002-04-15,India,48.96
2002-04-16,India,48.96
2002-04-17,India,48.96
2002-04-18,India,48.93
2002-04-19,India,48.92
2002-04-22,India,48.95
2002-04-23,India,49.01
2002-04-24,India,49.0
2002-04-25,India,49.0
2002-04-26,India,48.99
2002-04-29,India,49.01
2002-04-30,India,48.98
2002-05-01,India,48.98
2002-05-02,India,48.98
2002-05-03,India,49.0
2002-05-06,India,48.97
2002-05-07,India,48.99
2002-05-08,India,48.97
2002-05-09,India,48.99
2002-05-10,India,49.02
2002-05-13,India,49.03
2002-05-14,India,49.02
2002-05-15,India,49.04
2002-05-16,India,49.05
2002-05-17,India,49.04
2002-05-20,India,49.06
2002-05-21,India,49.01
2002-05-22,India,49.01
2002-05-23,India,49.07
2002-05-24,India,49.02
2002-05-27,India,
2002-05-28,India,49.02
2002-05-29,India,49.01
2002-05-30,India,49.03
2002-05-31,India,49.06
2002-06-03,India,49.07
2002-06-04,India,49.07
2002-06-05,India,49.05
2002-06-06,India,49.03
2002-06-07,India,49.05
2002-06-10,India,49.02
2002-06-11,India,49.0
2002-06-12,India,49.0
2002-06-13,India,49.04
2002-06-14,India,49.03
2002-06-17,India,49.02
2002-06-18,India,48.99
2002-06-19,India,48.94
2002-06-20,India,48.94
2002-06-21,India,48.95
2002-06-24,India,48.91
2002-06-25,India,48.93
2002-06-26,India,48.87
2002-06-27,India,48.86
2002-06-28,India,48.91
2002-07-01,India,48.86
2002-07-02,India,48.87
2002-07-03,India,48.83
2002-07-04,India,
2002-07-05,India,48.86
2002-07-08,India,48.84
2002-07-09,India,48.82
2002-07-10,India,48.82
2002-07-11,India,48.81
2002-07-12,India,48.8
2002-07-15,India,48.85
2002-07-16,India,48.83
2002-07-17,India,48.81
2002-07-18,India,48.82
2002-07-19,India,48.75
2002-07-22,India,48.73
2002-07-23,India,48.72
2002-07-24,India,48.7
2002-07-25,India,48.71
2002-07-26,India,48.71
2002-07-29,India,48.76
2002-07-30,India,48.74
2002-07-31,India,48.69
2002-08-01,India,48.68
2002-08-02,India,48.68
2002-08-05,India,48.67
2002-08-06,India,48.73
2002-08-07,India,48.7
2002-08-08,India,48.68
2002-08-09,India,48.67
2002-08-12,India,48.64
2002-08-13,India,48.62
2002-08-14,India,48.63
2002-08-15,India,48.63
2002-08-16,India,48.6
2002-08-19,India,48.61
2002-08-20,India,48.59
2002-08-21,India,48.56
2002-08-22,India,48.55
2002-08-23,India,48.55
2002-08-26,India,48.55
2002-08-27,India,48.53
2002-08-28,India,48.6
2002-08-29,India,48.54
2002-08-30,India,48.52
2002-09-02,India,
2002-09-03,India,48.5
2002-09-04,India,48.48
2002-09-05,India,48.5
2002-09-06,India,48.57
2002-09-09,India,48.52
2002-09-10,India,48.52
2002-09-11,India,48.48
2002-09-12,India,48.48
2002-09-13,India,48.47
2002-09-16,India,48.43
2002-09-17,India,48.45
2002-09-18,India,48.43
2002-09-19,India,48.44
2002-09-20,India,48.46
2002-09-23,India,48.44
2002-09-24,India,48.42
2002-09-25,India,48.43
2002-09-26,India,48.43
2002-09-27,India,48.4
2002-09-30,India,48.4
2002-10-01,India,48.39
2002-10-02,India,48.39
2002-10-03,India,48.38
2002-10-04,India,48.38
2002-10-07,India,48.35
2002-10-08,India,48.39
2002-10-09,India,48.34
2002-10-10,India,48.38
2002-10-11,India,48.36
2002-10-14,India,
2002-10-15,India,48.36
2002-10-16,India,48.41
2002-10-17,India,48.42
2002-10-18,India,48.44
2002-10-21,India,48.38
2002-10-22,India,48.39
2002-10-23,India,48.35
2002-10-24,India,48.42
2002-10-25,India,48.41
2002-10-28,India,48.45
2002-10-29,India,48.41
2002-10-30,India,48.35
2002-10-31,India,48.39
2002-11-01,India,48.36
2002-11-04,India,48.36
2002-11-05,India,48.35
2002-11-06,India,48.36
2002-11-07,India,48.34
2002-11-08,India,48.29
2002-11-11,India,
2002-11-12,India,48.3
2002-11-13,India,48.3
2002-11-14,India,48.29
2002-11-15,India,48.23
2002-11-18,India,48.23
2002-11-19,India,48.23
2002-11-20,India,48.25
2002-11-21,India,48.21
2002-11-22,India,48.22
2002-11-25,India,48.23
2002-11-26,India,48.24
2002-11-27,India,48.27
2002-11-28,India,
2002-11-29,India,48.36
2002-12-02,India,48.32
2002-12-03,India,48.28
2002-12-04,India,48.23
2002-12-05,India,48.27
2002-12-06,India,48.24
2002-12-09,India,48.24
2002-12-10,India,48.24
2002-12-11,India,48.18
2002-12-12,India,48.22
2002-12-13,India,48.2
2002-12-16,India,48.18
2002-12-17,India,48.16
2002-12-18,India,48.15
2002-12-19,India,48.11
2002-12-20,India,48.03
2002-12-23,India,48.03
2002-12-24,India,48.04
2002-12-25,India,
2002-12-26,India,48.05
2002-12-27,India,48.01
2002-12-30,India,47.96
2002-12-31,India,48.0
2003-01-01,India,
2003-01-02,India,48.05
2003-01-03,India,48.03
2003-01-06,India,48.01
2003-01-07,India,48.0
2003-01-08,India,48.0
2003-01-09,India,47.96
2003-01-10,India,48.0
2003-01-13,India,47.96
2003-01-14,India,47.95
2003-01-15,India,47.97
2003-01-16,India,47.96
2003-01-17,India,47.96
2003-01-20,India,
2003-01-21,India,47.97
2003-01-22,India,47.93
2003-01-23,India,47.92
2003-01-24,India,47.9
2003-01-27,India,48.1
2003-01-28,India,47.92
2003-01-29,India,47.83
2003-01-30,India,47.85
2003-01-31,India,47.83
2003-02-03,India,47.8
2003-02-04,India,47.82
2003-02-05,India,47.77
2003-02-06,India,47.8
2003-02-07,India,47.72
2003-02-10,India,47.69
2003-02-11,India,47.7
2003-02-12,India,47.89
2003-02-13,India,47.87
2003-02-14,India,47.92
2003-02-17,India,
2003-02-18,India,47.75
2003-02-19,India,47.7
2003-02-20,India,47.65
2003-02-21,India,47.65
2003-02-24,India,47.74
2003-02-25,India,47.74
2003-02-26,India,47.67
2003-02-27,India,47.66
2003-02-28,India,47.66
2003-03-03,India,47.7
2003-03-04,India,47.85
2003-03-05,India,47.8
2003-03-06,India,47.63
2003-03-07,India,47.8
2003-03-10,India,47.7
2003-03-11,India,47.64
2003-03-12,India,47.65
2003-03-13,India,47.66
2003-03-14,India,47.66
2003-03-17,India,47.68
2003-03-18,India,47.68
2003-03-19,India,47.72
2003-03-20,India,47.75
2003-03-21,India,47.66
2003-03-24,India,47.68
2003-03-25,India,47.64
2003-03-26,India,47.64
2003-03-27,India,47.59
2003-03-28,India,47.55
2003-03-31,India,47.53
2003-04-01,India,47.45
2003-04-02,India,47.4
2003-04-03,India,47.43
2003-04-04,India,47.44
2003-04-07,India,47.44
2003-04-08,India,47.46
2003-04-09,India,47.45
2003-04-10,India,47.4
2003-04-11,India,47.38
2003-04-14,India,47.44
2003-04-15,India,47.36
2003-04-16,India,47.38
2003-04-17,India,47.34
2003-04-18,India,47.34
2003-04-21,India,47.38
2003-04-22,India,47.34
2003-04-23,India,47.35
2003-04-24,India,47.36
2003-04-25,India,47.37
2003-04-28,India,47.35
2003-04-29,India,47.37
2003-04-30,India,47.37
2003-05-01,India,47.35
2003-05-02,India,47.35
2003-05-05,India,47.3
2003-05-06,India,47.28
2003-05-07,India,47.28
2003-05-08,India,47.25
2003-05-09,India,47.2
2003-05-12,India,47.18
2003-05-13,India,47.15
2003-05-14,India,47.15
2003-05-15,India,47.13
2003-05-16,India,47.12
2003-05-19,India,46.99
2003-05-20,India,46.95
2003-05-21,India,46.9
2003-05-22,India,46.91
2003-05-23,India,46.87
2003-05-26,India,
2003-05-27,India,46.85
2003-05-28,India,46.98
2003-05-29,India,47.05
2003-05-30,India,47.07
2003-06-02,India,47.15
2003-06-03,India,46.95
2003-06-04,India,46.85
2003-06-05,India,46.84
2003-06-06,India,46.88
2003-06-09,India,46.87
2003-06-10,India,46.79
2003-06-11,India,46.7
2003-06-12,India,46.73
2003-06-13,India,46.7
2003-06-16,India,46.66
2003-06-17,India,46.59
2003-06-18,India,46.62
2003-06-19,India,46.61
2003-06-20,India,46.57
2003-06-23,India,46.66
2003-06-24,India,46.57
2003-06-25,India,46.58
2003-06-26,India,46.57
2003-06-27,India,46.4
2003-06-30,India,46.4
2003-07-01,India,46.49
2003-07-02,India,46.36
2003-07-03,India,46.4
2003-07-04,India,
2003-07-07,India,46.34
2003-07-08,India,46.3
2003-07-09,India,46.24
2003-07-10,India,46.21
2003-07-11,India,46.1
2003-07-14,India,46.06
2003-07-15,India,46.13
2003-07-16,India,46.23
2003-07-17,India,46.23
2003-07-18,India,46.29
2003-07-21,India,46.27
2003-07-22,India,46.15
2003-07-23,India,46.16
2003-07-24,India,46.15
2003-07-25,India,46.15
2003-07-28,India,46.15
2003-07-29,India,46.13
2003-07-30,India,46.15
2003-07-31,India,46.15
2003-08-01,India,46.18
2003-08-04,India,46.15
2003-08-05,India,46.14
2003-08-06,India,46.05
2003-08-07,India,45.98
2003-08-08,India,46.01
2003-08-11,India,45.99
2003-08-12,India,45.89
2003-08-13,India,45.95
2003-08-14,India,46.0
2003-08-15,India,46.0
2003-08-18,India,45.9
2003-08-19,India,45.85
2003-08-20,India,45.88
2003-08-21,India,45.8
2003-08-22,India,45.88
2003-08-25,India,45.9
2003-08-26,India,45.88
2003-08-27,India,45.88
2003-08-28,India,45.88
2003-08-29,India,45.88
2003-09-01,India,
2003-09-02,India,45.88
2003-09-03,India,45.9
2003-09-04,India,45.8
2003-09-05,India,45.88
2003-09-08,India,45.85
2003-09-09,India,45.8
2003-09-10,India,45.82
2003-09-11,India,45.72
2003-09-12,India,45.8
2003-09-15,India,45.8
2003-09-16,India,45.9
2003-09-17,India,45.95
2003-09-18,India,46.0
2003-09-19,India,45.98
2003-09-22,India,45.77
2003-09-23,India,45.77
2003-09-24,India,45.88
2003-09-25,India,45.88
2003-09-26,India,45.77
2003-09-29,India,45.85
2003-09-30,India,45.78
2003-10-01,India,45.7
2003-10-02,India,45.43
2003-10-03,India,45.33
2003-10-06,India,45.49
2003-10-07,India,45.33
2003-10-08,India,45.43
2003-10-09,India,45.29
2003-10-10,India,45.42
2003-10-13,India,
2003-10-14,India,45.66
2003-10-15,India,45.7
2003-10-16,India,45.33
2003-10-17,India,45.33
2003-10-20,India,45.36
2003-10-21,India,45.33
2003-10-22,India,45.35
2003-10-23,India,45.33
2003-10-24,India,45.32
2003-10-27,India,45.4
2003-10-28,India,45.31
2003-10-29,India,45.36
2003-10-30,India,45.35
2003-10-31,India,45.33
2003-11-03,India,45.32
2003-11-04,India,45.31
2003-11-05,India,45.34
2003-11-06,India,45.3
2003-11-07,India,45.33
2003-11-10,India,45.33
2003-11-11,India,
2003-11-12,India,45.36
2003-11-13,India,45.39
2003-11-14,India,45.44
2003-11-17,India,45.55
2003-11-18,India,45.62
2003-11-19,India,45.63
2003-11-20,India,45.78
2003-11-21,India,45.75
2003-11-24,India,45.88
2003-11-25,India,45.95
2003-11-26,India,45.88
2003-11-27,India,
2003-11-28,India,45.82
2003-12-01,India,45.77
2003-12-02,India,45.7
2003-12-03,India,45.63
2003-12-04,India,45.66
2003-12-05,India,45.66
2003-12-08,India,45.55
2003-12-09,India,45.55
2003-12-10,India,45.55
2003-12-11,India,45.55
2003-12-12,India,45.55
2003-12-15,India,45.55
2003-12-16,India,45.5
2003-12-17,India,45.55
2003-12-18,India,45.5
2003-12-19,India,45.54
2003-12-22,India,45.52
2003-12-23,India,45.52
2003-12-24,India,45.5
2003-12-25,India,
2003-12-26,India,45.5
2003-12-29,India,45.66
2003-12-30,India,45.57
2003-12-31,India,45.55
2004-01-01,India,
2004-01-02,India,45.68
2004-01-05,India,45.6
2004-01-06,India,45.66
2004-01-07,India,45.53
2004-01-08,India,45.55
2004-01-09,India,45.48
2004-01-12,India,45.44
2004-01-13,India,45.44
2004-01-14,India,45.42
2004-01-15,India,45.44
2004-01-16,India,45.45
2004-01-19,India,
2004-01-20,India,45.43
2004-01-21,India,45.43
2004-01-22,India,45.43
2004-01-23,India,45.43
2004-01-26,India,45.36
2004-01-27,India,45.38
2004-01-28,India,45.36
2004-01-29,India,45.29
2004-01-30,India,45.32
2004-02-02,India,45.3
2004-02-03,India,45.3
2004-02-04,India,45.3
2004-02-05,India,45.29
2004-02-06,India,45.3
2004-02-09,India,45.25
2004-02-10,India,45.22
2004-02-11,India,45.24
2004-02-12,India,45.23
2004-02-13,India,45.24
2004-02-16,India,
2004-02-17,India,45.28
2004-02-18,India,45.24
2004-02-19,India,45.28
2004-02-20,India,45.23
2004-02-23,India,45.32
2004-02-24,India,45.32
2004-02-25,India,45.25
2004-02-26,India,45.27
2004-02-27,India,45.32
2004-03-01,India,45.32
2004-03-02,India,45.25
2004-03-03,India,45.22
2004-03-04,India,45.32
2004-03-05,India,45.32
2004-03-08,India,45.26
2004-03-09,India,45.23
2004-03-10,India,45.25
2004-03-11,India,45.28
2004-03-12,India,45.22
2004-03-15,India,45.25
2004-03-16,India,45.22
2004-03-17,India,45.27
2004-03-18,India,45.25
2004-03-19,India,45.2
2004-03-22,India,45.145
2004-03-23,India,44.85
2004-03-24,India,44.8
2004-03-25,India,44.73
2004-03-26,India,44.44
2004-03-29,India,44.0
2004-03-30,India,44.07
2004-03-31,India,43.4
2004-04-01,India,43.4
2004-04-02,India,43.75
2004-04-05,India,43.67
2004-04-06,India,43.7
2004-04-07,India,43.55
2004-04-08,India,43.6
2004-04-09,India,43.45
2004-04-12,India,43.66
2004-04-13,India,43.75
2004-04-14,India,43.69
2004-04-15,India,44.0
2004-04-16,India,43.85
2004-04-19,India,43.88
2004-04-20,India,43.97
2004-04-21,India,44.1
2004-04-22,India,44.14
2004-04-23,India,44.0
2004-04-26,India,44.1
2004-04-27,India,44.23
2004-04-28,India,44.21
2004-04-29,India,44.4
2004-04-30,India,44.52
2004-05-03,India,44.88
2004-05-04,India,44.7
2004-05-05,India,44.55
2004-05-06,India,44.65
2004-05-07,India,44.66
2004-05-10,India,44.95
2004-05-11,India,45.35
2004-05-12,India,45.35
2004-05-13,India,45.25
2004-05-14,India,45.57
2004-05-17,India,45.5
2004-05-18,India,45.47
2004-05-19,India,45.18
2004-05-20,India,45.28
2004-05-21,India,45.28
2004-05-24,India,45.31
2004-05-25,India,45.36
2004-05-26,India,45.4
2004-05-27,India,45.4
2004-05-28,India,45.42
2004-05-31,India,
2004-06-01,India,45.43
2004-06-02,India,45.37
2004-06-03,India,45.22
2004-06-04,India,45.07
2004-06-07,India,45.1
2004-06-08,India,45.05
2004-06-09,India,44.94
2004-06-10,India,45.05
2004-06-11,India,45.09
2004-06-14,India,45.35
2004-06-15,India,45.38
2004-06-16,India,45.34
2004-06-17,India,45.49
2004-06-18,India,45.66
2004-06-21,India,45.88
2004-06-22,India,46.21
2004-06-23,India,45.7
2004-06-24,India,45.85
2004-06-25,India,45.85
2004-06-28,India,45.99
2004-06-29,India,46.05
2004-06-30,India,45.99
2004-07-01,India,45.88
2004-07-02,India,45.75
2004-07-05,India,
2004-07-06,India,46.05
2004-07-07,India,45.84
2004-07-08,India,45.75
2004-07-09,India,45.66
2004-07-12,India,45.72
2004-07-13,India,45.86
2004-07-14,India,45.95
2004-07-15,India,46.08
2004-07-16,India,45.96
2004-07-19,India,46.11
2004-07-20,India,46.1
2004-07-21,India,46.13
2004-07-22,India,46.3
2004-07-23,India,46.35
2004-07-26,India,46.28
2004-07-27,India,46.25
2004-07-28,India,46.3
2004-07-29,India,46.45
2004-07-30,India,46.4
2004-08-02,India,46.35
2004-08-03,India,46.35
2004-08-04,India,46.36
2004-08-05,India,46.35
2004-08-06,India,46.33
2004-08-09,India,46.4
2004-08-10,India,46.34
2004-08-11,India,46.32
2004-08-12,India,46.21
2004-08-13,India,46.27
2004-08-16,India,46.36
2004-08-17,India,46.34
2004-08-18,India,46.34
2004-08-19,India,46.27
2004-08-20,India,46.25
2004-08-23,India,46.26
2004-08-24,India,46.295
2004-08-25,India,46.36
2004-08-26,India,46.35
2004-08-27,India,46.28
2004-08-30,India,46.35
2004-08-31,India,46.35
2004-09-01,India,46.34
2004-09-02,India,46.32
2004-09-03,India,46.33
2004-09-06,India,
2004-09-07,India,46.35
2004-09-08,India,46.35
2004-09-09,India,46.3
2004-09-10,India,46.26
2004-09-13,India,46.18
2004-09-14,India,45.85
2004-09-15,India,45.81
2004-09-16,India,45.82
2004-09-17,India,45.84
2004-09-20,India,45.93
2004-09-21,India,45.86
2004-09-22,India,45.86
2004-09-23,India,45.87
2004-09-24,India,45.9
2004-09-27,India,45.97
2004-09-28,India,46.1
2004-09-29,India,46.0
2004-09-30,India,45.91
2004-10-01,India,45.85
2004-10-04,India,45.85
2004-10-05,India,45.86
2004-10-06,India,45.86
2004-10-07,India,45.86
2004-10-08,India,45.8
2004-10-11,India,
2004-10-12,India,45.87
2004-10-13,India,45.83
2004-10-14,India,45.81
2004-10-15,India,45.85
2004-10-18,India,45.83
2004-10-19,India,45.85
2004-10-20,India,45.7
2004-10-21,India,45.65
2004-10-22,India,45.62
2004-10-25,India,45.58
2004-10-26,India,45.66
2004-10-27,India,45.57
2004-10-28,India,45.51
2004-10-29,India,45.3
2004-11-01,India,45.33
2004-11-02,India,45.4
2004-11-03,India,45.33
2004-11-04,India,45.1
2004-11-05,India,45.1
2004-11-08,India,45.08
2004-11-09,India,45.12
2004-11-10,India,45.14
2004-11-11,India,
2004-11-12,India,45.04
2004-11-15,India,45.03
2004-11-16,India,45.01
2004-11-17,India,44.96
2004-11-18,India,45.0
2004-11-19,India,45.0
2004-11-22,India,44.97
2004-11-23,India,45.02
2004-11-24,India,44.94
2004-11-25,India,
2004-11-26,India,44.94
2004-11-29,India,44.67
2004-11-30,India,44.47
2004-12-01,India,44.3
2004-12-02,India,44.1
2004-12-03,India,44.0
2004-12-06,India,43.51
2004-12-07,India,43.6
2004-12-08,India,44.15
2004-12-09,India,44.12
2004-12-10,India,44.52
2004-12-13,India,44.15
2004-12-14,India,44.05
2004-12-15,India,43.86
2004-12-16,India,43.75
2004-12-17,India,43.88
2004-12-20,India,43.85
2004-12-21,India,43.66
2004-12-22,India,43.8
2004-12-23,India,43.61
2004-12-24,India,43.63
2004-12-27,India,43.75
2004-12-28,India,43.63
2004-12-29,India,43.67
2004-12-30,India,43.62
2004-12-31,India,43.27
2005-01-03,India,43.35
2005-01-04,India,43.47
2005-01-05,India,43.6
2005-01-06,India,43.75
2005-01-07,India,43.63
2005-01-10,India,43.82
2005-01-11,India,43.68
2005-01-12,India,43.53
2005-01-13,India,43.52
2005-01-14,India,43.55
2005-01-17,India,
2005-01-18,India,43.59
2005-01-19,India,43.61
2005-01-20,India,43.7
2005-01-21,India,43.64
2005-01-24,India,43.65
2005-01-25,India,43.65
2005-01-26,India,43.65
2005-01-27,India,43.65
2005-01-28,India,43.66
2005-01-31,India,43.6
2005-02-01,India,43.66
2005-02-02,India,43.28
2005-02-03,India,43.3
2005-02-04,India,43.34
2005-02-07,India,43.38
2005-02-08,India,43.58
2005-02-09,India,43.62
2005-02-10,India,43.68
2005-02-11,India,43.7
2005-02-14,India,43.64
2005-02-15,India,43.71
2005-02-16,India,43.65
2005-02-17,India,43.68
2005-02-18,India,43.73
2005-02-21,India,
2005-02-22,India,43.63
2005-02-23,India,43.61
2005-02-24,India,43.57
2005-02-25,India,43.61
2005-02-28,India,43.57
2005-03-01,India,43.58
2005-03-02,India,43.59
2005-03-03,India,43.58
2005-03-04,India,43.64
2005-03-07,India,43.58
2005-03-08,India,43.58
2005-03-09,India,43.55
2005-03-10,India,43.48
2005-03-11,India,43.45
2005-03-14,India,43.44
2005-03-15,India,43.46
2005-03-16,India,43.5
2005-03-17,India,43.55
2005-03-18,India,43.67
2005-03-21,India,43.61
2005-03-22,India,43.61
2005-03-23,India,43.66
2005-03-24,India,43.65
2005-03-25,India,43.62
2005-03-28,India,43.67
2005-03-29,India,43.7
2005-03-30,India,43.69
2005-03-31,India,43.62
2005-04-01,India,43.62
2005-04-04,India,43.68
2005-04-05,India,43.69
2005-04-06,India,43.72
2005-04-07,India,43.69
2005-04-08,India,43.66
2005-04-11,India,43.6
2005-04-12,India,43.62
2005-04-13,India,43.65
2005-04-14,India,43.64
2005-04-15,India,43.7
2005-04-18,India,43.62
2005-04-19,India,43.7
2005-04-20,India,43.58
2005-04-21,India,43.68
2005-04-22,India,43.66
2005-04-25,India,43.61
2005-04-26,India,43.6
2005-04-27,India,43.6
2005-04-28,India,43.68
2005-04-29,India,43.48
2005-05-02,India,43.46
2005-05-03,India,43.56
2005-05-04,India,43.4
2005-05-05,India,43.33
2005-05-06,India,43.35
2005-05-09,India,43.45
2005-05-10,India,43.36
2005-05-11,India,43.21
2005-05-12,India,43.3
2005-05-13,India,43.35
2005-05-16,India,43.38
2005-05-17,India,43.41
2005-05-18,India,43.43
2005-05-19,India,43.45
2005-05-20,India,43.34
2005-05-23,India,43.45
2005-05-24,India,43.45
2005-05-25,India,43.43
2005-05-26,India,43.46
2005-05-27,India,43.41
2005-05-30,India,
2005-05-31,India,43.62
2005-06-01,India,43.71
2005-06-02,India,43.64
2005-06-03,India,43.5
2005-06-06,India,43.58
2005-06-07,India,43.53
2005-06-08,India,43.46
2005-06-09,India,43.46
2005-06-10,India,43.48
2005-06-13,India,43.6
2005-06-14,India,43.57
2005-06-15,India,43.56
2005-06-16,India,43.55
2005-06-17,India,43.5
2005-06-20,India,43.53
2005-06-21,India,43.5
2005-06-22,India,43.45
2005-06-23,India,43.51
2005-06-24,India,43.5
2005-06-27,India,43.44
2005-06-28,India,43.46
2005-06-29,India,43.5
2005-06-30,India,43.51
2005-07-01,India,43.45
2005-07-04,India,
2005-07-05,India,43.55
2005-07-06,India,43.45
2005-07-07,India,43.59
2005-07-08,India,43.51
2005-07-11,India,43.51
2005-07-12,India,43.45
2005-07-13,India,43.46
2005-07-14,India,43.48
2005-07-15,India,43.45
2005-07-18,India,43.47
2005-07-19,India,43.48
2005-07-20,India,43.46
2005-07-21,India,43.05
2005-07-22,India,43.4
2005-07-25,India,43.45
2005-07-26,India,43.41
2005-07-27,India,43.34
2005-07-28,India,43.32
2005-07-29,India,43.4
2005-08-01,India,43.37
2005-08-02,India,43.41
2005-08-03,India,43.36
2005-08-04,India,43.43
2005-08-05,India,43.42
2005-08-08,India,43.44
2005-08-09,India,43.46
2005-08-10,India,43.54
2005-08-11,India,43.5
2005-08-12,India,43.48
2005-08-15,India,43.45
2005-08-16,India,43.45
2005-08-17,India,43.46
2005-08-18,India,43.5
2005-08-19,India,43.51
2005-08-22,India,43.58
2005-08-23,India,43.57
2005-08-24,India,43.69
2005-08-25,India,43.6
2005-08-26,India,43.6
2005-08-29,India,43.86
2005-08-30,India,43.97
2005-08-31,India,44.0
2005-09-01,India,43.94
2005-09-02,India,43.87
2005-09-05,India,
2005-09-06,India,43.82
2005-09-07,India,43.79
2005-09-08,India,43.78
2005-09-09,India,43.76
2005-09-12,India,43.75
2005-09-13,India,43.82
2005-09-14,India,43.83
2005-09-15,India,43.82
2005-09-16,India,43.81
2005-09-19,India,43.82
2005-09-20,India,43.82
2005-09-21,India,43.85
2005-09-22,India,43.8
2005-09-23,India,43.8
2005-09-26,India,43.86
2005-09-27,India,43.96
2005-09-28,India,43.98
2005-09-29,India,43.95
2005-09-30,India,43.94
2005-10-03,India,44.0
2005-10-04,India,44.1
2005-10-05,India,44.21
2005-10-06,India,44.18
2005-10-07,India,44.3
2005-10-10,India,
2005-10-11,India,44.78
2005-10-12,India,44.74
2005-10-13,India,44.88
2005-10-14,India,44.76
2005-10-17,India,44.81
2005-10-18,India,45.05
2005-10-19,India,45.1
2005-10-20,India,45.11
2005-10-21,India,45.01
2005-10-24,India,45.11
2005-10-25,India,44.96
2005-10-26,India,45.01
2005-10-27,India,44.94
2005-10-28,India,45.01
2005-10-31,India,45.09
2005-11-01,India,45.02
2005-11-02,India,45.18
2005-11-03,India,45.23
2005-11-04,India,45.43
2005-11-07,India,45.78
2005-11-08,India,45.72
2005-11-09,India,45.73
2005-11-10,India,45.69
2005-11-11,India,
2005-11-14,India,45.62
2005-11-15,India,45.61
2005-11-16,India,45.73
2005-11-17,India,45.67
2005-11-18,India,45.7
2005-11-21,India,45.7
2005-11-22,India,45.78
2005-11-23,India,45.71
2005-11-24,India,
2005-11-25,India,45.77
2005-11-28,India,45.85
2005-11-29,India,45.84
2005-11-30,India,45.87
2005-12-01,India,45.97
2005-12-02,India,46.11
2005-12-05,India,46.26
2005-12-06,India,46.13
2005-12-07,India,46.17
2005-12-08,India,46.18
2005-12-09,India,46.11
2005-12-12,India,46.0
2005-12-13,India,46.01
2005-12-14,India,45.63
2005-12-15,India,45.28
2005-12-16,India,45.19
2005-12-19,India,44.94
2005-12-20,India,45.14
2005-12-21,India,45.17
2005-12-22,India,45.14
2005-12-23,India,45.11
2005-12-26,India,
2005-12-27,India,45.17
2005-12-28,India,45.06
2005-12-29,India,45.11
2005-12-30,India,44.95
2006-01-02,India,
2006-01-03,India,44.92
2006-01-04,India,44.73
2006-01-05,India,44.6
2006-01-06,India,44.32
2006-01-09,India,44.2
2006-01-10,India,44.14
2006-01-11,India,43.89
2006-01-12,India,43.99
2006-01-13,India,44.1
2006-01-16,India,
2006-01-17,India,44.23
2006-01-18,India,44.29
2006-01-19,India,44.14
2006-01-20,India,44.1
2006-01-23,India,44.1
2006-01-24,India,44.19
2006-01-25,India,44.08
2006-01-26,India,44.0
2006-01-27,India,44.0
2006-01-30,India,44.04
2006-01-31,India,43.96
2006-02-01,India,44.13
2006-02-02,India,44.16
2006-02-03,India,44.14
2006-02-06,India,44.14
2006-02-07,India,44.15
2006-02-08,India,44.17
2006-02-09,India,44.1
2006-02-10,India,44.1
2006-02-13,India,44.17
2006-02-14,India,44.15
2006-02-15,India,44.15
2006-02-16,India,44.25
2006-02-17,India,44.33
2006-02-20,India,
2006-02-21,India,44.36
2006-02-22,India,44.54
2006-02-23,India,44.36
2006-02-24,India,44.35
2006-02-27,India,44.41
2006-02-28,India,44.21
2006-03-01,India,44.35
2006-03-02,India,44.18
2006-03-03,India,44.09
2006-03-06,India,44.18
2006-03-07,India,44.24
2006-03-08,India,44.36
2006-03-09,India,44.3
2006-03-10,India,44.31
2006-03-13,India,44.38
2006-03-14,India,44.37
2006-03-15,India,44.11
2006-03-16,India,44.29
2006-03-17,India,44.26
2006-03-20,India,44.25
2006-03-21,India,44.29
2006-03-22,India,44.36
2006-03-23,India,44.43
2006-03-24,India,44.49
2006-03-27,India,44.58
2006-03-28,India,44.49
2006-03-29,India,44.53
2006-03-30,India,44.45
2006-03-31,India,44.48
2006-04-03,India,44.39
2006-04-04,India,44.58
2006-04-05,India,44.42
2006-04-06,India,44.49
2006-04-07,India,44.46
2006-04-10,India,44.66
2006-04-11,India,44.68
2006-04-12,India,45.09
2006-04-13,India,45.05
2006-04-14,India,45.02
2006-04-17,India,44.97
2006-04-18,India,45.08
2006-04-19,India,45.01
2006-04-20,India,45.06
2006-04-21,India,45.05
2006-04-24,India,44.86
2006-04-25,India,44.88
2006-04-26,India,45.04
2006-04-27,India,44.84
2006-04-28,India,44.86
2006-05-01,India,44.77
2006-05-02,India,44.82
2006-05-03,India,44.81
2006-05-04,India,44.81
2006-05-05,India,44.85
2006-05-08,India,44.82
2006-05-09,India,44.84
2006-05-10,India,44.84
2006-05-11,India,44.88
2006-05-12,India,44.89
2006-05-15,India,45.37
2006-05-16,India,45.05
2006-05-17,India,44.69
2006-05-18,India,45.26
2006-05-19,India,45.35
2006-05-22,India,45.42
2006-05-23,India,45.38
2006-05-24,India,45.56
2006-05-25,India,45.74
2006-05-26,India,45.81
2006-05-29,India,
2006-05-30,India,46.13
2006-05-31,India,46.22
2006-06-01,India,46.19
2006-06-02,India,45.67
2006-06-05,India,45.7
2006-06-06,India,45.8
2006-06-07,India,45.89
2006-06-08,India,45.91
2006-06-09,India,45.81
2006-06-12,India,45.71
2006-06-13,India,45.81
2006-06-14,India,45.5
2006-06-15,India,45.83
2006-06-16,India,45.69
2006-06-19,India,45.76
2006-06-20,India,45.8
2006-06-21,India,45.8
2006-06-22,India,45.99
2006-06-23,India,46.01
2006-06-26,India,46.22
2006-06-27,India,46.21
2006-06-28,India,46.25
2006-06-29,India,46.13
2006-06-30,India,45.87
2006-07-03,India,45.92
2006-07-04,India,
2006-07-05,India,45.92
2006-07-06,India,45.99
2006-07-07,India,45.84
2006-07-10,India,45.97
2006-07-11,India,46.01
2006-07-12,India,46.09
2006-07-13,India,46.16
2006-07-14,India,46.19
2006-07-17,India,46.64
2006-07-18,India,46.61
2006-07-19,India,46.81
2006-07-20,India,46.75
2006-07-21,India,46.64
2006-07-24,India,46.83
2006-07-25,India,46.76
2006-07-26,India,46.68
2006-07-27,India,46.52
2006-07-28,India,46.53
2006-07-31,India,46.49
2006-08-01,India,46.51
2006-08-02,India,46.61
2006-08-03,India,46.48
2006-08-04,India,46.42
2006-08-07,India,46.51
2006-08-08,India,46.47
2006-08-09,India,46.4
2006-08-10,India,46.32
2006-08-11,India,46.5
2006-08-14,India,46.52
2006-08-15,India,46.47
2006-08-16,India,46.47
2006-08-17,India,46.36
2006-08-18,India,46.38
2006-08-21,India,46.4
2006-08-22,India,46.44
2006-08-23,India,46.45
2006-08-24,India,46.42
2006-08-25,India,46.41
2006-08-28,India,46.47
2006-08-29,India,46.45
2006-08-30,India,46.37
2006-08-31,India,46.43
2006-09-01,India,46.38
2006-09-04,India,
2006-09-05,India,46.19
2006-09-06,India,46.13
2006-09-07,India,46.14
2006-09-08,India,46.06
2006-09-11,India,46.19
2006-09-12,India,46.27
2006-09-13,India,46.18
2006-09-14,India,46.12
2006-09-15,India,45.95
2006-09-18,India,46.09
2006-09-19,India,46.08
2006-09-20,India,45.83
2006-09-21,India,45.74
2006-09-22,India,45.77
2006-09-25,India,45.83
2006-09-26,India,45.77
2006-09-27,India,45.76
2006-09-28,India,45.78
2006-09-29,India,45.95
2006-10-02,India,45.97
2006-10-03,India,45.68
2006-10-04,India,45.65
2006-10-05,India,45.57
2006-10-06,India,45.42
2006-10-09,India,
2006-10-10,India,45.67
2006-10-11,India,45.55
2006-10-12,India,45.52
2006-10-13,India,45.31
2006-10-16,India,45.35
2006-10-17,India,45.19
2006-10-18,India,45.28
2006-10-19,India,45.22
2006-10-20,India,45.18
2006-10-23,India,45.3
2006-10-24,India,45.18
2006-10-25,India,45.36
2006-10-26,India,45.19
2006-10-27,India,45.07
2006-10-30,India,44.9
2006-10-31,India,44.9
2006-11-01,India,44.79
2006-11-02,India,44.82
2006-11-03,India,44.76
2006-11-06,India,44.8
2006-11-07,India,44.62
2006-11-08,India,44.59
2006-11-09,India,44.46
2006-11-10,India,44.55
2006-11-13,India,44.83
2006-11-14,India,45.05
2006-11-15,India,45.26
2006-11-16,India,44.82
2006-11-17,India,44.75
2006-11-20,India,44.89
2006-11-21,India,44.77
2006-11-22,India,44.62
2006-11-23,India,
2006-11-24,India,44.59
2006-11-27,India,44.56
2006-11-28,India,44.58
2006-11-29,India,44.54
2006-11-30,India,44.59
2006-12-01,India,44.5
2006-12-04,India,44.49
2006-12-05,India,44.42
2006-12-06,India,44.6
2006-12-07,India,44.52
2006-12-08,India,44.53
2006-12-11,India,44.69
2006-12-12,India,44.7
2006-12-13,India,44.68
2006-12-14,India,44.56
2006-12-15,India,44.54
2006-12-18,India,44.63
2006-12-19,India,44.61
2006-12-20,India,44.55
2006-12-21,India,44.51
2006-12-22,India,44.37
2006-12-25,India,
2006-12-26,India,44.32
2006-12-27,India,44.2
2006-12-28,India,44.14
2006-12-29,India,44.11
2007-01-01,India,
2007-01-02,India,44.13
2007-01-03,India,44.24
2007-01-04,India,44.16
2007-01-05,India,44.2
2007-01-08,India,44.32
2007-01-09,India,44.27
2007-01-10,India,44.44
2007-01-11,India,44.49
2007-01-12,India,44.43
2007-01-15,India,
2007-01-16,India,44.2
2007-01-17,India,44.09
2007-01-18,India,44.15
2007-01-19,India,44.15
2007-01-22,India,44.11
2007-01-23,India,44.14
2007-01-24,India,44.15
2007-01-25,India,44.15
2007-01-26,India,44.08
2007-01-29,India,44.13
2007-01-30,India,44.23
2007-01-31,India,44.07
2007-02-01,India,44.01
2007-02-02,India,44.0
2007-02-05,India,44.03
2007-02-06,India,44.03
2007-02-07,India,44.01
2007-02-08,India,43.98
2007-02-09,India,43.93
2007-02-12,India,44.0
2007-02-13,India,44.02
2007-02-14,India,44.0
2007-02-15,India,43.91
2007-02-16,India,43.87
2007-02-19,India,
2007-02-20,India,44.12
2007-02-21,India,44.0
2007-02-22,India,44.05
2007-02-23,India,44.08
2007-02-26,India,44.04
2007-02-27,India,44.21
2007-02-28,India,44.08
2007-03-01,India,44.11
2007-03-02,India,44.1
2007-03-05,India,44.43
2007-03-06,India,44.18
2007-03-07,India,44.18
2007-03-08,India,44.19
2007-03-09,India,44.07
2007-03-12,India,44.11
2007-03-13,India,44.08
2007-03-14,India,44.25
2007-03-15,India,44.19
2007-03-16,India,44.08
2007-03-19,India,44.04
2007-03-20,India,43.53
2007-03-21,India,43.28
2007-03-22,India,43.52
2007-03-23,India,43.56
2007-03-26,India,43.2
2007-03-27,India,43.03
2007-03-28,India,42.78
2007-03-29,India,43.45
2007-03-30,India,43.1
2007-04-02,India,43.05
2007-04-03,India,43.04
2007-04-04,India,42.84
2007-04-05,India,42.76
2007-04-06,India,42.74
2007-04-09,India,42.65
2007-04-10,India,42.65
2007-04-11,India,42.69
2007-04-12,India,42.65
2007-04-13,India,42.42
2007-04-16,India,41.75
2007-04-17,India,41.98
2007-04-18,India,42.0
2007-04-19,India,42.08
2007-04-20,India,41.7
2007-04-23,India,41.65
2007-04-24,India,40.75
2007-04-25,India,40.58
2007-04-26,India,40.56
2007-04-27,India,40.79
2007-04-30,India,41.04
2007-05-01,India,41.0
2007-05-02,India,41.04
2007-05-03,India,40.82
2007-05-04,India,40.58
2007-05-07,India,40.53
2007-05-08,India,40.64
2007-05-09,India,40.67
2007-05-10,India,41.04
2007-05-11,India,40.74
2007-05-14,India,40.59
2007-05-15,India,40.64
2007-05-16,India,40.58
2007-05-17,India,40.59
2007-05-18,India,40.36
2007-05-21,India,40.48
2007-05-22,India,40.14
2007-05-23,India,40.28
2007-05-24,India,40.43
2007-05-25,India,40.28
2007-05-28,India,
2007-05-29,India,40.19
2007-05-30,India,40.53
2007-05-31,India,40.36
2007-06-01,India,40.27
2007-06-04,India,40.5
2007-06-05,India,40.28
2007-06-06,India,40.41
2007-06-07,India,40.51
2007-06-08,India,40.82
2007-06-11,India,40.55
2007-06-12,India,40.48
2007-06-13,India,40.7
2007-06-14,India,40.66
2007-06-15,India,40.52
2007-06-18,India,40.5
2007-06-19,India,40.58
2007-06-20,India,40.59
2007-06-21,India,40.59
2007-06-22,India,40.55
2007-06-25,India,40.73
2007-06-26,India,40.9
2007-06-27,India,40.88
2007-06-28,India,40.8
2007-06-29,India,40.58
2007-07-02,India,40.42
2007-07-03,India,40.41
2007-07-04,India,
2007-07-05,India,40.34
2007-07-06,India,40.36
2007-07-09,India,40.37
2007-07-10,India,40.3
2007-07-11,India,40.31
2007-07-12,India,40.28
2007-07-13,India,40.26
2007-07-16,India,40.22
2007-07-17,India,40.23
2007-07-18,India,40.23
2007-07-19,India,40.26
2007-07-20,India,40.18
2007-07-23,India,40.12
2007-07-24,India,40.15
2007-07-25,India,40.24
2007-07-26,India,40.24
2007-07-27,India,40.38
2007-07-30,India,40.27
2007-07-31,India,40.18
2007-08-01,India,40.25
2007-08-02,India,40.36
2007-08-03,India,40.25
2007-08-06,India,40.25
2007-08-07,India,40.26
2007-08-08,India,40.29
2007-08-09,India,40.4
2007-08-10,India,40.45
2007-08-13,India,40.4
2007-08-14,India,40.8
2007-08-15,India,40.55
2007-08-16,India,41.15
2007-08-17,India,41.04
2007-08-20,India,40.91
2007-08-21,India,41.01
2007-08-22,India,40.77
2007-08-23,India,41.0
2007-08-24,India,40.9
2007-08-27,India,40.88
2007-08-28,India,41.1
2007-08-29,India,40.95
2007-08-30,India,41.02
2007-08-31,India,40.63
2007-09-03,India,40.63
2007-09-04,India,40.76
2007-09-05,India,40.81
2007-09-06,India,40.6
2007-09-07,India,40.4
2007-09-10,India,40.48
2007-09-11,India,40.36
2007-09-12,India,40.34
2007-09-13,India,40.25
2007-09-14,India,40.4
2007-09-17,India,40.52
2007-09-18,India,40.45
2007-09-19,India,39.81
2007-09-20,India,39.87
2007-09-21,India,39.84
2007-09-24,India,39.5
2007-09-25,India,39.55
2007-09-26,India,39.5
2007-09-27,India,39.65
2007-09-28,India,39.75
2007-10-01,India,39.7
2007-10-02,India,39.65
2007-10-03,India,39.38
2007-10-04,India,39.37
2007-10-05,India,39.47
2007-10-08,India,39.47
2007-10-09,India,38.48
2007-10-10,India,39.13
2007-10-11,India,39.2
2007-10-12,India,39.16
2007-10-15,India,39.29
2007-10-16,India,39.23
2007-10-17,India,39.35
2007-10-18,India,39.72
2007-10-19,India,39.6
2007-10-22,India,39.72
2007-10-23,India,39.48
2007-10-24,India,39.49
2007-10-25,India,39.35
2007-10-26,India,39.3
2007-10-29,India,39.32
2007-10-30,India,39.3
2007-10-31,India,39.26
2007-11-01,India,39.22
2007-11-02,India,39.25
2007-11-05,India,39.18
2007-11-06,India,39.23
2007-11-07,India,39.15
2007-11-08,India,39.13
2007-11-09,India,39.11
2007-11-12,India,
2007-11-13,India,39.22
2007-11-14,India,39.18
2007-11-15,India,39.18
2007-11-16,India,39.24
2007-11-19,India,39.23
2007-11-20,India,39.32
2007-11-21,India,39.29
2007-11-22,India,39.29
2007-11-23,India,39.65
2007-11-26,India,39.58
2007-11-27,India,39.68
2007-11-28,India,39.56
2007-11-29,India,39.65
2007-11-30,India,39.52
2007-12-03,India,39.39
2007-12-04,India,39.33
2007-12-05,India,39.31
2007-12-06,India,39.39
2007-12-07,India,39.36
2007-12-10,India,39.3
2007-12-11,India,39.31
2007-12-12,India,39.29
2007-12-13,India,39.29
2007-12-14,India,39.3
2007-12-17,India,39.49
2007-12-18,India,39.48
2007-12-19,India,39.55
2007-12-20,India,39.41
2007-12-21,India,39.3
2007-12-24,India,39.38
2007-12-25,India,
2007-12-26,India,39.38
2007-12-27,India,39.4
2007-12-28,India,39.43
2007-12-31,India,39.41
2008-01-01,India,
2008-01-02,India,39.41
2008-01-03,India,39.26
2008-01-04,India,39.15
2008-01-07,India,39.15
2008-01-08,India,39.13
2008-01-09,India,39.13
2008-01-10,India,39.27
2008-01-11,India,39.15
2008-01-14,India,39.14
2008-01-15,India,39.26
2008-01-16,India,39.29
2008-01-17,India,39.16
2008-01-18,India,39.2
2008-01-21,India,
2008-01-22,India,39.38
2008-01-23,India,39.55
2008-01-24,India,39.37
2008-01-25,India,39.33
2008-01-28,India,39.35
2008-01-29,India,39.28
2008-01-30,India,39.35
2008-01-31,India,39.31
2008-02-01,India,39.12
2008-02-04,India,39.13
2008-02-05,India,39.4
2008-02-06,India,39.49
2008-02-07,India,39.43
2008-02-08,India,39.61
2008-02-11,India,39.6
2008-02-12,India,39.56
2008-02-13,India,39.75
2008-02-14,India,39.57
2008-02-15,India,39.65
2008-02-18,India,
2008-02-19,India,39.91
2008-02-20,India,40.11
2008-02-21,India,39.83
2008-02-22,India,40.04
2008-02-25,India,39.9
2008-02-26,India,39.89
2008-02-27,India,39.68
2008-02-28,India,39.84
2008-02-29,India,39.96
2008-03-03,India,40.33
2008-03-04,India,40.27
2008-03-05,India,40.19
2008-03-06,India,40.13
2008-03-07,India,40.42
2008-03-10,India,40.39
2008-03-11,India,40.23
2008-03-12,India,40.02
2008-03-13,India,40.18
2008-03-14,India,40.4
2008-03-17,India,40.46
2008-03-18,India,40.2
2008-03-19,India,40.0
2008-03-20,India,40.32
2008-03-21,India,39.86
2008-03-24,India,40.03
2008-03-25,India,39.93
2008-03-26,India,39.96
2008-03-27,India,39.95
2008-03-28,India,39.76
2008-03-31,India,40.02
2008-04-01,India,39.88
2008-04-02,India,39.88
2008-04-03,India,39.94
2008-04-04,India,39.93
2008-04-07,India,39.96
2008-04-08,India,39.9
2008-04-09,India,39.91
2008-04-10,India,39.89
2008-04-11,India,39.84
2008-04-14,India,39.86
2008-04-15,India,39.83
2008-04-16,India,39.89
2008-04-17,India,39.79
2008-04-18,India,39.73
2008-04-21,India,39.92
2008-04-22,India,39.93
2008-04-23,India,40.0
2008-04-24,India,40.14
2008-04-25,India,40.13
2008-04-28,India,40.1
2008-04-29,India,40.37
2008-04-30,India,40.45
2008-05-01,India,40.58
2008-05-02,India,40.55
2008-05-05,India,40.45
2008-05-06,India,40.8
2008-05-07,India,41.3
2008-05-08,India,41.66
2008-05-09,India,41.55
2008-05-12,India,42.0
2008-05-13,India,42.08
2008-05-14,India,42.34
2008-05-15,India,42.6
2008-05-16,India,42.5
2008-05-19,India,42.46
2008-05-20,India,42.5
2008-05-21,India,42.77
2008-05-22,India,42.93
2008-05-23,India,42.68
2008-05-26,India,
2008-05-27,India,42.86
2008-05-28,India,42.75
2008-05-29,India,42.53
2008-05-30,India,42.15
2008-06-02,India,42.38
2008-06-03,India,42.5
2008-06-04,India,42.6
2008-06-05,India,42.82
2008-06-06,India,42.63
2008-06-09,India,42.85
2008-06-10,India,42.92
2008-06-11,India,42.65
2008-06-12,India,42.7
2008-06-13,India,42.86
2008-06-16,India,42.93
2008-06-17,India,42.86
2008-06-18,India,42.8
2008-06-19,India,42.91
2008-06-20,India,42.86
2008-06-23,India,42.97
2008-06-24,India,42.75
2008-06-25,India,42.73
2008-06-26,India,42.6
2008-06-27,India,42.78
2008-06-30,India,42.93
2008-07-01,India,43.23
2008-07-02,India,43.15
2008-07-03,India,43.17
2008-07-04,India,
2008-07-07,India,43.29
2008-07-08,India,43.23
2008-07-09,India,43.02
2008-07-10,India,42.94
2008-07-11,India,42.8
2008-07-14,India,42.8
2008-07-15,India,43.12
2008-07-16,India,43.05
2008-07-17,India,42.7
2008-07-18,India,42.66
2008-07-21,India,42.57
2008-07-22,India,42.65
2008-07-23,India,42.05
2008-07-24,India,42.1
2008-07-25,India,41.1
2008-07-28,India,42.52
2008-07-29,India,42.56
2008-07-30,India,42.28
2008-07-31,India,42.47
2008-08-01,India,42.26
2008-08-04,India,42.45
2008-08-05,India,42.15
2008-08-06,India,42.01
2008-08-07,India,42.05
2008-08-08,India,42.05
2008-08-11,India,42.06
2008-08-12,India,42.34
2008-08-13,India,42.55
2008-08-14,India,43.0
2008-08-15,India,42.8
2008-08-18,India,43.49
2008-08-19,India,43.51
2008-08-20,India,43.61
2008-08-21,India,43.43
2008-08-22,India,43.32
2008-08-25,India,43.68
2008-08-26,India,43.74
2008-08-27,India,43.62
2008-08-28,India,43.65
2008-08-29,India,43.25
2008-09-01,India,
2008-09-02,India,44.4
2008-09-03,India,43.95
2008-09-04,India,44.26
2008-09-05,India,44.63
2008-09-08,India,44.5
2008-09-09,India,44.83
2008-09-10,India,45.14
2008-09-11,India,45.46
2008-09-12,India,45.62
2008-09-15,India,45.93
2008-09-16,India,46.81
2008-09-17,India,46.16
2008-09-18,India,46.36
2008-09-19,India,45.71
2008-09-22,India,45.3
2008-09-23,India,45.65
2008-09-24,India,45.92
2008-09-25,India,46.08
2008-09-26,India,46.48
2008-09-29,India,46.49
2008-09-30,India,46.45
2008-10-01,India,46.47
2008-10-02,India,46.63
2008-10-03,India,47.01
2008-10-06,India,47.77
2008-10-07,India,47.78
2008-10-08,India,48.0
2008-10-09,India,48.0
2008-10-10,India,48.41
2008-10-13,India,
2008-10-14,India,47.93
2008-10-15,India,48.53
2008-10-16,India,48.88
2008-10-17,India,48.88
2008-10-20,India,48.96
2008-10-21,India,49.1
2008-10-22,India,49.25
2008-10-23,India,49.82
2008-10-24,India,49.96
2008-10-27,India,49.8
2008-10-28,India,49.57
2008-10-29,India,49.71
2008-10-30,India,49.68
2008-10-31,India,49.4
2008-11-03,India,48.61
2008-11-04,India,47.25
2008-11-05,India,47.28
2008-11-06,India,47.64
2008-11-07,India,47.54
2008-11-10,India,47.3
2008-11-11,India,
2008-11-12,India,49.2
2008-11-13,India,49.0
2008-11-14,India,48.78
2008-11-17,India,49.19
2008-11-18,India,49.51
2008-11-19,India,49.84
2008-11-20,India,50.12
2008-11-21,India,49.53
2008-11-24,India,49.94
2008-11-25,India,49.87
2008-11-26,India,49.18
2008-11-27,India,
2008-11-28,India,49.55
2008-12-01,India,49.94
2008-12-02,India,50.05
2008-12-03,India,49.92
2008-12-04,India,49.82
2008-12-05,India,49.6
2008-12-08,India,49.44
2008-12-09,India,49.28
2008-12-10,India,48.7
2008-12-11,India,48.19
2008-12-12,India,48.2
2008-12-15,India,47.62
2008-12-16,India,47.81
2008-12-17,India,47.5
2008-12-18,India,46.74
2008-12-19,India,47.05
2008-12-22,India,47.71
2008-12-23,India,48.66
2008-12-24,India,47.76
2008-12-25,India,
2008-12-26,India,48.42
2008-12-29,India,48.25
2008-12-30,India,48.05
2008-12-31,India,48.58
2009-01-01,India,
2009-01-02,India,48.25
2009-01-05,India,48.5
2009-01-06,India,48.5
2009-01-07,India,48.56
2009-01-08,India,48.45
2009-01-09,India,48.26
2009-01-12,India,48.78
2009-01-13,India,48.89
2009-01-14,India,48.75
2009-01-15,India,48.87
2009-01-16,India,48.62
2009-01-19,India,
2009-01-20,India,49.01
2009-01-21,India,49.0
2009-01-22,India,49.07
2009-01-23,India,49.0
2009-01-26,India,48.5
2009-01-27,India,48.85
2009-01-28,India,48.81
2009-01-29,India,48.49
2009-01-30,India,48.83
2009-02-02,India,48.84
2009-02-03,India,48.37
2009-02-04,India,48.68
2009-02-05,India,48.72
2009-02-06,India,48.61
2009-02-09,India,48.52
2009-02-10,India,48.68
2009-02-11,India,48.78
2009-02-12,India,48.7
2009-02-13,India,48.58
2009-02-16,India,
2009-02-17,India,49.6
2009-02-18,India,49.84
2009-02-19,India,49.73
2009-02-20,India,49.71
2009-02-23,India,49.46
2009-02-24,India,49.75
2009-02-25,India,49.95
2009-02-26,India,50.32
2009-02-27,India,50.88
2009-03-02,India,51.8
2009-03-03,India,51.96
2009-03-04,India,51.53
2009-03-05,India,51.6
2009-03-06,India,51.68
2009-03-09,India,51.91
2009-03-10,India,51.35
2009-03-11,India,50.98
2009-03-12,India,51.69
2009-03-13,India,51.54
2009-03-16,India,51.31
2009-03-17,India,51.42
2009-03-18,India,51.22
2009-03-19,India,50.21
2009-03-20,India,50.51
2009-03-23,India,50.38
2009-03-24,India,50.4
2009-03-25,India,50.5
2009-03-26,India,50.4
2009-03-27,India,50.46
2009-03-30,India,51.12
2009-03-31,India,50.87
2009-04-01,India,50.48
2009-04-02,India,50.22
2009-04-03,India,49.91
2009-04-06,India,50.01
2009-04-07,India,50.0
2009-04-08,India,50.28
2009-04-09,India,49.82
2009-04-10,India,49.78
2009-04-13,India,49.77
2009-04-14,India,49.62
2009-04-15,India,49.55
2009-04-16,India,49.63
2009-04-17,India,49.8
2009-04-20,India,49.78
2009-04-21,India,50.45
2009-04-22,India,50.2
2009-04-23,India,49.88
2009-04-24,India,49.69
2009-04-27,India,50.15
2009-04-28,India,50.47
2009-04-29,India,50.05
2009-04-30,India,49.7
2009-05-01,India,49.65
2009-05-04,India,49.75
2009-05-05,India,49.22
2009-05-06,India,49.4
2009-05-07,India,49.09
2009-05-08,India,49.13
2009-05-11,India,49.44
2009-05-12,India,49.21
2009-05-13,India,49.58
2009-05-14,India,49.65
2009-05-15,India,49.38
2009-05-18,India,47.58
2009-05-19,India,47.65
2009-05-20,India,47.3
2009-05-21,India,47.3
2009-05-22,India,46.95
2009-05-25,India,
2009-05-26,India,47.7
2009-05-27,India,47.61
2009-05-28,India,47.5
2009-05-29,India,47.11
2009-06-01,India,46.78
2009-06-02,India,46.84
2009-06-03,India,46.88
2009-06-04,India,47.19
2009-06-05,India,47.05
2009-06-08,India,47.5
2009-06-09,India,47.3
2009-06-10,India,47.18
2009-06-11,India,47.49
2009-06-12,India,47.6
2009-06-15,India,47.67
2009-06-16,India,47.61
2009-06-17,India,47.96
2009-06-18,India,48.18
2009-06-19,India,48.0
2009-06-22,India,48.5
2009-06-23,India,48.45
2009-06-24,India,48.4
2009-06-25,India,48.5
2009-06-26,India,48.0
2009-06-29,India,48.0
2009-06-30,India,47.74
2009-07-01,India,47.75
2009-07-02,India,47.9
2009-07-03,India,47.8
2009-07-06,India,48.5
2009-07-07,India,48.44
2009-07-08,India,48.8
2009-07-09,India,48.57
2009-07-10,India,48.76
2009-07-13,India,49.16
2009-07-14,India,48.955
2009-07-15,India,48.55
2009-07-16,India,48.61
2009-07-17,India,48.56
2009-07-20,India,48.1
2009-07-21,India,48.2
2009-07-22,India,48.45
2009-07-23,India,48.25
2009-07-24,India,48.16
2009-07-27,India,48.11
2009-07-28,India,48.2
2009-07-29,India,48.25
2009-07-30,India,48.35
2009-07-31,India,47.91
2009-08-03,India,47.4
2009-08-04,India,47.46
2009-08-05,India,47.27
2009-08-06,India,47.52
2009-08-07,India,47.72
2009-08-10,India,47.7
2009-08-11,India,47.88
2009-08-12,India,48.22
2009-08-13,India,48.11
2009-08-14,India,48.18
2009-08-17,India,48.82
2009-08-18,India,48.79
2009-08-19,India,48.7
2009-08-20,India,48.58
2009-08-21,India,48.43
2009-08-24,India,48.5
2009-08-25,India,48.755
2009-08-26,India,48.9
2009-08-27,India,48.81
2009-08-28,India,48.52
2009-08-31,India,48.83
2009-09-01,India,49.05
2009-09-02,India,48.88
2009-09-03,India,48.87
2009-09-04,India,48.86
2009-09-07,India,
2009-09-08,India,48.4
2009-09-09,India,48.33
2009-09-10,India,48.45
2009-09-11,India,48.39
2009-09-14,India,48.67
2009-09-15,India,48.5
2009-09-16,India,48.2
2009-09-17,India,48.1
2009-09-18,India,48.02
2009-09-21,India,47.95
2009-09-22,India,47.86
2009-09-23,India,47.9
2009-09-24,India,47.89
2009-09-25,India,47.93
2009-09-28,India,47.75
2009-09-29,India,48.05
2009-09-30,India,48.09
2009-10-01,India,47.72
2009-10-02,India,47.61
2009-10-05,India,47.39
2009-10-06,India,46.79
2009-10-07,India,46.58
2009-10-08,India,46.2
2009-10-09,India,46.44
2009-10-12,India,
2009-10-13,India,46.28
2009-10-14,India,46.0
2009-10-15,India,46.04
2009-10-16,India,46.2
2009-10-19,India,46.02
2009-10-20,India,46.24
2009-10-21,India,46.34
2009-10-22,India,46.59
2009-10-23,India,46.41
2009-10-26,India,46.68
2009-10-27,India,46.93
2009-10-28,India,47.16
2009-10-29,India,47.18
2009-10-30,India,46.9
2009-11-02,India,46.81
2009-11-03,India,47.37
2009-11-04,India,46.94
2009-11-05,India,46.93
2009-11-06,India,46.83
2009-11-09,India,46.36
2009-11-10,India,46.3
2009-11-11,India,
2009-11-12,India,46.6
2009-11-13,India,46.24
2009-11-16,India,46.06
2009-11-17,India,46.2
2009-11-18,India,46.2
2009-11-19,India,46.73
2009-11-20,India,46.63
2009-11-23,India,46.4
2009-11-24,India,46.31
2009-11-25,India,46.18
2009-11-26,India,
2009-11-27,India,46.55
2009-11-30,India,46.44
2009-12-01,India,46.21
2009-12-02,India,46.24
2009-12-03,India,46.0
2009-12-04,India,46.1
2009-12-07,India,46.45
2009-12-08,India,46.6
2009-12-09,India,46.51
2009-12-10,India,46.5
2009-12-11,India,46.47
2009-12-14,India,46.65
2009-12-15,India,46.7
2009-12-16,India,46.57
2009-12-17,India,46.85
2009-12-18,India,46.69
2009-12-21,India,46.8
2009-12-22,India,46.78
2009-12-23,India,46.8
2009-12-24,India,46.72
2009-12-25,India,
2009-12-28,India,46.44
2009-12-29,India,46.56
2009-12-30,India,46.56
2009-12-31,India,46.4
2010-01-01,India,
2010-01-04,India,46.27
2010-01-05,India,46.13
2010-01-06,India,45.72
2010-01-07,India,45.67
2010-01-08,India,45.5
2010-01-11,India,45.35
2010-01-12,India,45.6
2010-01-13,India,45.47
2010-01-14,India,45.55
2010-01-15,India,45.8
2010-01-18,India,
2010-01-19,India,45.84
2010-01-20,India,46.1
2010-01-21,India,46.1
2010-01-22,India,46.21
2010-01-25,India,46.06
2010-01-26,India,
2010-01-27,India,46.3
2010-01-28,India,46.35
2010-01-29,India,46.08
2010-02-01,India,46.27
2010-02-02,India,46.11
2010-02-03,India,45.97
2010-02-04,India,46.21
2010-02-05,India,46.72
2010-02-08,India,46.79
2010-02-09,India,46.49
2010-02-10,India,46.36
2010-02-11,India,46.39
2010-02-12,India,46.44
2010-02-15,India,
2010-02-16,India,45.99
2010-02-17,India,46.0
2010-02-18,India,46.2
2010-02-19,India,46.24
2010-02-22,India,46.15
2010-02-23,India,46.25
2010-02-24,India,46.27
2010-02-25,India,46.29
2010-02-26,India,46.05
2010-03-01,India,46.01
2010-03-02,India,46.01
2010-03-03,India,45.55
2010-03-04,India,45.82
2010-03-05,India,45.49
2010-03-08,India,45.5
2010-03-09,India,45.6
2010-03-10,India,45.35
2010-03-11,India,45.49
2010-03-12,India,45.48
2010-03-15,India,45.55
2010-03-16,India,45.45
2010-03-17,India,45.28
2010-03-18,India,45.45
2010-03-19,India,45.31
2010-03-22,India,45.52
2010-03-23,India,45.5
2010-03-24,India,45.4
2010-03-25,India,45.5
2010-03-26,India,45.16
2010-03-29,India,44.94
2010-03-30,India,45.06
2010-03-31,India,44.95
2010-04-01,India,44.79
2010-04-02,India,44.74
2010-04-05,India,44.39
2010-04-06,India,44.41
2010-04-07,India,44.44
2010-04-08,India,44.41
2010-04-09,India,44.1
2010-04-12,India,44.41
2010-04-13,India,44.4675
2010-04-14,India,44.2
2010-04-15,India,44.32
2010-04-16,India,44.3
2010-04-19,India,44.72
2010-04-20,India,44.5
2010-04-21,India,44.54
2010-04-22,India,44.52
2010-04-23,India,44.42
2010-04-26,India,44.33
2010-04-27,India,44.41
2010-04-28,India,44.54
2010-04-29,India,44.61
2010-04-30,India,44.2
2010-05-03,India,44.46
2010-05-04,India,44.62
2010-05-05,India,44.82
2010-05-06,India,45.29
2010-05-07,India,45.4
2010-05-10,India,44.84
2010-05-11,India,45.1
2010-05-12,India,45.08
2010-05-13,India,45.0
2010-05-14,India,45.2
2010-05-17,India,45.51
2010-05-18,India,45.51
2010-05-19,India,46.27
2010-05-20,India,46.8
2010-05-21,India,46.9
2010-05-24,India,46.97
2010-05-25,India,47.49
2010-05-26,India,47.1
2010-05-27,India,46.71
2010-05-28,India,46.31
2010-05-31,India,
2010-06-01,India,47.08
2010-06-02,India,46.89
2010-06-03,India,46.55
2010-06-04,India,46.85
2010-06-07,India,47.08
2010-06-08,India,46.82
2010-06-09,India,46.95
2010-06-10,India,46.89
2010-06-11,India,46.76
2010-06-14,India,46.4
2010-06-15,India,46.41
2010-06-16,India,46.43
2010-06-17,India,46.22
2010-06-18,India,45.96
2010-06-21,India,45.64
2010-06-22,India,46.0
2010-06-23,India,46.185
2010-06-24,India,46.4775
2010-06-25,India,46.36
2010-06-28,India,46.2
2010-06-29,India,46.4
2010-06-30,India,46.41
2010-07-01,India,46.59
2010-07-02,India,46.55
2010-07-05,India,
2010-07-06,India,46.76
2010-07-07,India,46.96
2010-07-08,India,46.865
2010-07-09,India,46.66
2010-07-12,India,46.66
2010-07-13,India,46.74
2010-07-14,India,46.71
2010-07-15,India,46.5
2010-07-16,India,46.7
2010-07-19,India,47.1
2010-07-20,India,47.23
2010-07-21,India,47.08
2010-07-22,India,47.12
2010-07-23,India,46.9
2010-07-26,India,47.04
2010-07-27,India,46.25
2010-07-28,India,46.7
2010-07-29,India,46.53
2010-07-30,India,46.35
2010-08-02,India,46.09
2010-08-03,India,46.11
2010-08-04,India,46.02
2010-08-05,India,46.06
2010-08-06,India,45.94
2010-08-09,India,46.07
2010-08-10,India,46.3
2010-08-11,India,46.66
2010-08-12,India,46.7
2010-08-13,India,46.61
2010-08-16,India,46.68
2010-08-17,India,46.6
2010-08-18,India,46.54
2010-08-19,India,46.35
2010-08-20,India,45.7
2010-08-23,India,46.5
2010-08-24,India,46.86
2010-08-25,India,46.87
2010-08-26,India,46.78
2010-08-27,India,46.8
2010-08-30,India,46.87
2010-08-31,India,47.02
2010-09-01,India,46.74
2010-09-02,India,46.65
2010-09-03,India,46.58
2010-09-06,India,
2010-09-07,India,46.82
2010-09-08,India,46.5
2010-09-09,India,46.3
2010-09-10,India,46.28
2010-09-13,India,46.26
2010-09-14,India,46.15
2010-09-15,India,46.23
2010-09-16,India,46.14
2010-09-17,India,45.88
2010-09-20,India,45.65
2010-09-21,India,45.59
2010-09-22,India,45.56
2010-09-23,India,45.56
2010-09-24,India,45.1
2010-09-27,India,44.94
2010-09-28,India,45.04
2010-09-29,India,44.8
2010-09-30,India,44.56
2010-10-01,India,44.41
2010-10-04,India,44.55
2010-10-05,India,44.46
2010-10-06,India,44.25
2010-10-07,India,44.21
2010-10-08,India,44.39
2010-10-11,India,
2010-10-12,India,44.55
2010-10-13,India,44.35
2010-10-14,India,44.05
2010-10-15,India,44.15
2010-10-18,India,44.26
2010-10-19,India,44.3
2010-10-20,India,44.25
2010-10-21,India,44.25
2010-10-22,India,44.52
2010-10-25,India,44.39
2010-10-26,India,44.54
2010-10-27,India,44.4
2010-10-28,India,44.36
2010-10-29,India,44.44
2010-11-01,India,44.36
2010-11-02,India,44.0
2010-11-03,India,44.38
2010-11-04,India,44.08
2010-11-05,India,43.9
2010-11-08,India,44.29
2010-11-09,India,44.25
2010-11-10,India,44.28
2010-11-11,India,
2010-11-12,India,44.78
2010-11-15,India,45.11
2010-11-16,India,45.51
2010-11-17,India,45.09
2010-11-18,India,45.14
2010-11-19,India,45.25
2010-11-22,India,45.48
2010-11-23,India,45.56
2010-11-24,India,45.72
2010-11-25,India,
2010-11-26,India,45.82
2010-11-29,India,45.8
2010-11-30,India,45.83
2010-12-01,India,45.29
2010-12-02,India,45.09
2010-12-03,India,44.9
2010-12-06,India,44.89
2010-12-07,India,44.7
2010-12-08,India,45.0
2010-12-09,India,45.13
2010-12-10,India,45.1
2010-12-13,India,45.18
2010-12-14,India,45.01
2010-12-15,India,45.38
2010-12-16,India,45.54
2010-12-17,India,45.16
2010-12-20,India,45.4
2010-12-21,India,45.19
2010-12-22,India,45.05
2010-12-23,India,45.06
2010-12-24,India,
2010-12-27,India,45.26
2010-12-28,India,45.0
2010-12-29,India,44.97
2010-12-30,India,44.8
2010-12-31,India,
2011-01-03,India,44.59
2011-01-04,India,44.9
2011-01-05,India,45.35
2011-01-06,India,45.15
2011-01-07,India,45.35
2011-01-10,India,45.36
2011-01-11,India,45.08
2011-01-12,India,45.02
2011-01-13,India,45.02
2011-01-14,India,45.41
2011-01-17,India,
2011-01-18,India,45.32
2011-01-19,India,45.5
2011-01-20,India,45.77
2011-01-21,India,45.58
2011-01-24,India,45.51
2011-01-25,India,45.7
2011-01-26,India,45.46
2011-01-27,India,45.68
2011-01-28,India,45.83
2011-01-31,India,45.92
2011-02-01,India,45.65
2011-02-02,India,45.55
2011-02-03,India,45.66
2011-02-04,India,45.6
2011-02-07,India,45.35
2011-02-08,India,45.15
2011-02-09,India,45.36
2011-02-10,India,45.64
2011-02-11,India,45.6
2011-02-14,India,45.44
2011-02-15,India,45.41
2011-02-16,India,45.4
2011-02-17,India,45.25
2011-02-18,India,45.1
2011-02-21,India,
2011-02-22,India,45.15
2011-02-23,India,45.06
2011-02-24,India,45.4
2011-02-25,India,45.26
2011-02-28,India,45.18
2011-03-01,India,44.82
2011-03-02,India,44.81
2011-03-03,India,45.04
2011-03-04,India,44.89
2011-03-07,India,44.95
2011-03-08,India,45.03
2011-03-09,India,44.88
2011-03-10,India,45.17
2011-03-11,India,45.24
2011-03-14,India,44.99
2011-03-15,India,45.22
2011-03-16,India,45.0
2011-03-17,India,45.12
2011-03-18,India,45.06
2011-03-21,India,44.98
2011-03-22,India,44.95
2011-03-23,India,44.8
2011-03-24,India,44.69
2011-03-25,India,44.6
2011-03-28,India,44.8
2011-03-29,India,44.7
2011-03-30,India,44.75
2011-03-31,India,44.54
2011-04-01,India,44.44
2011-04-04,India,44.3
2011-04-05,India,44.3
2011-04-06,India,44.06
2011-04-07,India,44.18
2011-04-08,India,44.05
2011-04-11,India,44.33
2011-04-12,India,44.17
2011-04-13,India,44.46
2011-04-14,India,44.39
2011-04-15,India,44.26
2011-04-18,India,44.36
2011-04-19,India,44.49
2011-04-20,India,44.33
2011-04-21,India,44.26
2011-04-22,India,44.36
2011-04-25,India,44.41
2011-04-26,India,44.51
2011-04-27,India,44.0
2011-04-28,India,44.42
2011-04-29,India,44.24
2011-05-02,India,44.27
2011-05-03,India,44.47
2011-05-04,India,44.35
2011-05-05,India,44.76
2011-05-06,India,44.72
2011-05-09,India,44.68
2011-05-10,India,44.75
2011-05-11,India,44.59
2011-05-12,India,44.98
2011-05-13,India,44.86
2011-05-16,India,45.15
2011-05-17,India,45.13
2011-05-18,India,45.06
2011-05-19,India,44.9
2011-05-20,India,44.99
2011-05-23,India,45.22
2011-05-24,India,45.21
2011-05-25,India,45.32
2011-05-26,India,45.33
2011-05-27,India,45.17
2011-05-30,India,
2011-05-31,India,45.04
2011-06-01,India,44.84
2011-06-02,India,44.86
2011-06-03,India,44.82
2011-06-06,India,44.78
2011-06-07,India,44.67
2011-06-08,India,44.72
2011-06-09,India,44.64
2011-06-10,India,44.72
2011-06-13,India,44.85
2011-06-14,India,44.74
2011-06-15,India,44.79
2011-06-16,India,44.88
2011-06-17,India,44.76
2011-06-20,India,44.92
2011-06-21,India,44.84
2011-06-22,India,44.82
2011-06-23,India,44.89
2011-06-24,India,44.99
2011-06-27,India,44.94
2011-06-28,India,45.0
2011-06-29,India,44.78
2011-06-30,India,44.59
2011-07-01,India,44.62
2011-07-04,India,
2011-07-05,India,44.35
2011-07-06,India,44.48
2011-07-07,India,44.32
2011-07-08,India,44.41
2011-07-11,India,44.48
2011-07-12,India,44.6
2011-07-13,India,44.52
2011-07-14,India,44.5
2011-07-15,India,44.51
2011-07-18,India,44.6
2011-07-19,India,44.48
2011-07-20,India,44.44
2011-07-21,India,44.4
2011-07-22,India,44.34
2011-07-25,India,44.39
2011-07-26,India,44.1
2011-07-27,India,44.15
2011-07-28,India,44.03
2011-07-29,India,44.2
2011-08-01,India,44.06
2011-08-02,India,44.26
2011-08-03,India,44.31
2011-08-04,India,44.56
2011-08-05,India,44.73
2011-08-08,India,45.0
2011-08-09,India,45.2
2011-08-10,India,45.25
2011-08-11,India,45.29
2011-08-12,India,45.39
2011-08-15,India,45.23
2011-08-16,India,45.25
2011-08-17,India,45.3
2011-08-18,India,45.71
2011-08-19,India,45.66
2011-08-22,India,45.56
2011-08-23,India,45.62
2011-08-24,India,45.89
2011-08-25,India,46.04
2011-08-26,India,46.15
2011-08-29,India,45.95
2011-08-30,India,46.01
2011-08-31,India,45.79
2011-09-01,India,45.66
2011-09-02,India,45.74
2011-09-05,India,
2011-09-06,India,46.0
2011-09-07,India,46.07
2011-09-08,India,46.2
2011-09-09,India,46.64
2011-09-12,India,47.22
2011-09-13,India,47.49
2011-09-14,India,47.58
2011-09-15,India,47.54
2011-09-16,India,47.27
2011-09-19,India,47.72
2011-09-20,India,47.93
2011-09-21,India,48.32
2011-09-22,India,49.47
2011-09-23,India,49.34
2011-09-26,India,49.47
2011-09-27,India,48.92
2011-09-28,India,48.94
2011-09-29,India,48.93
2011-09-30,India,49.05
2011-10-03,India,49.09
2011-10-04,India,49.3
2011-10-05,India,49.24
2011-10-06,India,49.18
2011-10-07,India,48.89
2011-10-10,India,
2011-10-11,India,49.24
2011-10-12,India,48.95
2011-10-13,India,49.22
2011-10-14,India,48.89
2011-10-17,India,49.03
2011-10-18,India,49.33
2011-10-19,India,49.17
2011-10-20,India,49.86
2011-10-21,India,49.82
2011-10-24,India,49.72
2011-10-25,India,49.41
2011-10-26,India,49.4
2011-10-27,India,49.0
2011-10-28,India,48.63
2011-10-31,India,48.67
2011-11-01,India,49.26
2011-11-02,India,49.1
2011-11-03,India,49.04
2011-11-04,India,48.99
2011-11-07,India,48.94
2011-11-08,India,49.39
2011-11-09,India,50.05
2011-11-10,India,49.98
2011-11-11,India,
2011-11-14,India,50.37
2011-11-15,India,50.62
2011-11-16,India,50.66
2011-11-17,India,50.95
2011-11-18,India,51.23
2011-11-21,India,52.06
2011-11-22,India,52.48
2011-11-23,India,52.26
2011-11-24,India,
2011-11-25,India,52.23
2011-11-28,India,51.94
2011-11-29,India,51.9
2011-11-30,India,52.12
2011-12-01,India,51.36
2011-12-02,India,50.5
2011-12-05,India,51.31
2011-12-06,India,51.23
2011-12-07,India,51.62
2011-12-08,India,51.7
2011-12-09,India,51.87
2011-12-12,India,52.6
2011-12-13,India,53.09
2011-12-14,India,53.71
2011-12-15,India,53.55
2011-12-16,India,52.49
2011-12-19,India,52.69
2011-12-20,India,52.76
2011-12-21,India,52.39
2011-12-22,India,52.56
2011-12-23,India,52.78
2011-12-26,India,
2011-12-27,India,52.93
2011-12-28,India,52.88
2011-12-29,India,53.0
2011-12-30,India,53.01
2012-01-02,India,
2012-01-03,India,53.11
2012-01-04,India,52.85
2012-01-05,India,52.89
2012-01-06,India,52.67
2012-01-09,India,52.39
2012-01-10,India,51.59
2012-01-11,India,51.78
2012-01-12,India,51.51
2012-01-13,India,51.43
2012-01-16,India,
2012-01-17,India,50.69
2012-01-18,India,50.4
2012-01-19,India,50.3
2012-01-20,India,50.22
2012-01-23,India,49.99
2012-01-24,India,50.02
2012-01-25,India,50.18
2012-01-26,India,49.42
2012-01-27,India,49.39
2012-01-30,India,49.66
2012-01-31,India,49.54
2012-02-01,India,49.2738
2012-02-02,India,49.03
2012-02-03,India,48.65
2012-02-06,India,49.05
2012-02-07,India,49.2
2012-02-08,India,49.22
2012-02-09,India,49.35
2012-02-10,India,49.48
2012-02-13,India,49.14
2012-02-14,India,49.4
2012-02-15,India,49.35
2012-02-16,India,49.43
2012-02-17,India,49.31
2012-02-20,India,
2012-02-21,India,49.21
2012-02-22,India,49.24
2012-02-23,India,49.19
2012-02-24,India,48.98
2012-02-27,India,49.12
2012-02-28,India,49.01
2012-02-29,India,48.99
2012-03-01,India,49.14
2012-03-02,India,49.55
2012-03-05,India,49.82
2012-03-06,India,50.3763
2012-03-07,India,50.27
2012-03-08,India,50.17
2012-03-09,India,49.75
2012-03-12,India,49.98
2012-03-13,India,49.92
2012-03-14,India,50.0
2012-03-15,India,50.28
2012-03-16,India,50.11
2012-03-19,India,50.16
2012-03-20,India,50.48
2012-03-21,India,50.6
2012-03-22,India,51.28
2012-03-23,India,51.18
2012-03-26,India,51.03
2012-03-27,India,50.66
2012-03-28,India,50.97
2012-03-29,India,51.38
2012-03-30,India,50.89
2012-04-02,India,50.79
2012-04-03,India,50.64
2012-04-04,India,51.18
2012-04-05,India,51.11
2012-04-06,India,51.14
2012-04-09,India,51.1
2012-04-10,India,51.47
2012-04-11,India,51.5
2012-04-12,India,51.22
2012-04-13,India,51.45
2012-04-16,India,51.6
2012-04-17,India,51.41
2012-04-18,India,51.79
2012-04-19,India,52.07
2012-04-20,India,52.02
2012-04-23,India,52.38
2012-04-24,India,52.63
2012-04-25,India,52.45
2012-04-26,India,52.44
2012-04-27,India,52.45
2012-04-30,India,52.65
2012-05-01,India,52.5
2012-05-02,India,52.97
2012-05-03,India,53.33
2012-05-04,India,53.41
2012-05-07,India,52.91
2012-05-08,India,53.14
2012-05-09,India,53.75
2012-05-10,India,53.25
2012-05-11,India,53.63
2012-05-14,India,53.92
2012-05-15,India,53.91
2012-05-16,India,54.34
2012-05-17,India,54.37
2012-05-18,India,54.48
2012-05-21,India,54.97
2012-05-22,India,55.34
2012-05-23,India,55.95
2012-05-24,India,55.55
2012-05-25,India,55.35
2012-05-28,India,
2012-05-29,India,55.71
2012-05-30,India,56.13
2012-05-31,India,56.38
2012-06-01,India,55.44
2012-06-04,India,55.65
2012-06-05,India,55.54
2012-06-06,India,55.26
2012-06-07,India,54.91
2012-06-08,India,55.39
2012-06-11,India,55.69
2012-06-12,India,55.6
2012-06-13,India,55.56
2012-06-14,India,55.7
2012-06-15,India,55.34
2012-06-18,India,55.85
2012-06-19,India,55.87
2012-06-20,India,56.24
2012-06-21,India,56.25
2012-06-22,India,57.11
2012-06-25,India,57.13
2012-06-26,India,56.95
2012-06-27,India,56.93
2012-06-28,India,56.81
2012-06-29,India,55.57
2012-07-02,India,55.45
2012-07-03,India,54.31
2012-07-04,India,
2012-07-05,India,54.95
2012-07-06,India,55.47
2012-07-09,India,55.87
2012-07-10,India,55.39
2012-07-11,India,55.52
2012-07-12,India,55.83
2012-07-13,India,55.1
2012-07-16,India,55.05
2012-07-17,India,55.03
2012-07-18,India,55.33
2012-07-19,India,55.16
2012-07-20,India,55.27
2012-07-23,India,55.92
2012-07-24,India,56.22
2012-07-25,India,56.1
2012-07-26,India,55.59
2012-07-27,India,55.39
2012-07-30,India,55.42
2012-07-31,India,55.55
2012-08-01,India,55.47
2012-08-02,India,55.84
2012-08-03,India,55.75
2012-08-06,India,55.52
2012-08-07,India,55.06
2012-08-08,India,55.28
2012-08-09,India,55.17
2012-08-10,India,55.18
2012-08-13,India,55.34
2012-08-14,India,55.66
2012-08-15,India,55.66
2012-08-16,India,55.62
2012-08-17,India,55.62
2012-08-20,India,55.5
2012-08-21,India,55.46
2012-08-22,India,55.5
2012-08-23,India,55.14
2012-08-24,India,55.41
2012-08-27,India,55.68
2012-08-28,India,55.65
2012-08-29,India,55.69
2012-08-30,India,55.63
2012-08-31,India,55.52
2012-09-03,India,
2012-09-04,India,55.61
2012-09-05,India,55.88
2012-09-06,India,55.64
2012-09-07,India,55.27
2012-09-10,India,55.44
2012-09-11,India,55.25
2012-09-12,India,55.21
2012-09-13,India,55.34
2012-09-14,India,53.3
2012-09-17,India,53.88
2012-09-18,India,53.9
2012-09-19,India,53.99
2012-09-20,India,54.26
2012-09-21,India,53.46
2012-09-24,India,53.43
2012-09-25,India,53.36
2012-09-26,India,53.52
2012-09-27,India,52.99
2012-09-28,India,52.92
2012-10-01,India,52.46
2012-10-02,India,52.42
2012-10-03,India,52.25
2012-10-04,India,51.74
2012-10-05,India,51.77
2012-10-08,India,
2012-10-09,India,52.73
2012-10-10,India,53.05
2012-10-11,India,52.66
2012-10-12,India,52.81
2012-10-15,India,53.09
2012-10-16,India,52.89
2012-10-17,India,52.86
2012-10-18,India,53.46
2012-10-19,India,54.08
2012-10-22,India,53.51
2012-10-23,India,53.72
2012-10-24,India,53.73
2012-10-25,India,53.55
2012-10-26,India,53.55
2012-10-29,India,54.1
2012-10-30,India,53.96
2012-10-31,India,53.8
2012-11-01,India,53.76
2012-11-02,India,53.75
2012-11-05,India,54.6
2012-11-06,India,54.42
2012-11-07,India,54.37
2012-11-08,India,54.3
2012-11-09,India,54.61
2012-11-12,India,
2012-11-13,India,54.82
2012-11-14,India,54.87
2012-11-15,India,54.65
2012-11-16,India,55.16
2012-11-19,India,55.05
2012-11-20,India,55.1
2012-11-21,India,55.14
2012-11-22,India,
2012-11-23,India,55.44
2012-11-26,India,55.63
2012-11-27,India,55.35
2012-11-28,India,55.7
2012-11-29,India,54.71
2012-11-30,India,54.26
2012-12-03,India,54.66
2012-12-04,India,54.73
2012-12-05,India,54.46
2012-12-06,India,54.31
2012-12-07,India,54.35
2012-12-10,India,54.42
2012-12-11,India,54.31
2012-12-12,India,54.23
2012-12-13,India,54.36
2012-12-14,India,54.49
2012-12-17,India,54.68
2012-12-18,India,54.91
2012-12-19,India,54.67
2012-12-20,India,54.92
2012-12-21,India,55.06
2012-12-24,India,54.95
2012-12-25,India,
2012-12-26,India,54.86
2012-12-27,India,54.94
2012-12-28,India,54.77
2012-12-31,India,54.86
2013-01-01,India,
2013-01-02,India,54.23
2013-01-03,India,54.46
2013-01-04,India,54.93
2013-01-07,India,55.2
2013-01-08,India,55.02
2013-01-09,India,54.79
2013-01-10,India,54.49
2013-01-11,India,54.81
2013-01-14,India,54.5
2013-01-15,India,54.58
2013-01-16,India,54.66
2013-01-17,India,54.35
2013-01-18,India,53.82
2013-01-21,India,
2013-01-22,India,53.72
2013-01-23,India,53.66
2013-01-24,India,53.67
2013-01-25,India,53.78
2013-01-28,India,53.97
2013-01-29,India,53.64
2013-01-30,India,53.21
2013-01-31,India,53.32
2013-02-01,India,53.16
2013-02-04,India,53.24
2013-02-05,India,52.99
2013-02-06,India,53.07
2013-02-07,India,53.22
2013-02-08,India,53.58
2013-02-11,India,53.95
2013-02-12,India,53.75
2013-02-13,India,53.79
2013-02-14,India,53.94
2013-02-15,India,54.28
2013-02-18,India,
2013-02-19,India,54.26
2013-02-20,India,54.18
2013-02-21,India,54.47
2013-02-22,India,54.28
2013-02-25,India,53.96
2013-02-26,India,54.14
2013-02-27,India,53.72
2013-02-28,India,54.37
2013-03-01,India,54.9
2013-03-04,India,54.92
2013-03-05,India,54.87
2013-03-06,India,54.83
2013-03-07,India,54.45
2013-03-08,India,54.32
2013-03-11,India,54.38
2013-03-12,India,54.19
2013-03-13,India,54.3
2013-03-14,India,54.22
2013-03-15,India,54.06
2013-03-18,India,54.1
2013-03-19,India,54.4
2013-03-20,India,54.32
2013-03-21,India,54.27
2013-03-22,India,54.3
2013-03-25,India,54.22
2013-03-26,India,54.42
2013-03-27,India,54.45
2013-03-28,India,54.44
2013-03-29,India,54.52
2013-04-01,India,54.28
2013-04-02,India,54.43
2013-04-03,India,54.46
2013-04-04,India,54.91
2013-04-05,India,54.75
2013-04-08,India,54.58
2013-04-09,India,54.47
2013-04-10,India,54.41
2013-04-11,India,54.36
2013-04-12,India,54.62
2013-04-15,India,54.48
2013-04-16,India,54.08
2013-04-17,India,54.16
2013-04-18,India,53.95
2013-04-19,India,53.98
2013-04-22,India,54.19
2013-04-23,India,54.39
2013-04-24,India,54.22
2013-04-25,India,54.11
2013-04-26,India,54.41
2013-04-29,India,54.2
2013-04-30,India,53.68
2013-05-01,India,53.65
2013-05-02,India,53.79
2013-05-03,India,53.8
2013-05-06,India,54.13
2013-05-07,India,54.06
2013-05-08,India,54.08
2013-05-09,India,54.34
2013-05-10,India,54.94
2013-05-13,India,54.85
2013-05-14,India,54.5
2013-05-15,India,54.78
2013-05-16,India,54.68
2013-05-17,India,55.17
2013-05-20,India,55.02
2013-05-21,India,55.42
2013-05-22,India,55.62
2013-05-23,India,55.7
2013-05-24,India,55.78
2013-05-27,India,
2013-05-28,India,56.07
2013-05-29,India,56.28
2013-05-30,India,56.5
2013-05-31,India,56.5
2013-06-03,India,56.66
2013-06-04,India,56.43
2013-06-05,India,56.84
2013-06-06,India,56.92
2013-06-07,India,56.57
2013-06-10,India,58.13
2013-06-11,India,58.34
2013-06-12,India,57.82
2013-06-13,India,58.07
2013-06-14,India,57.56
2013-06-17,India,57.97
2013-06-18,India,58.79
2013-06-19,India,58.7
2013-06-20,India,59.57
2013-06-21,India,59.43
2013-06-24,India,59.8
2013-06-25,India,59.66
2013-06-26,India,60.7
2013-06-27,India,60.19
2013-06-28,India,59.52
2013-07-01,India,59.38
2013-07-02,India,59.54
2013-07-03,India,60.21
2013-07-04,India,
2013-07-05,India,60.23
2013-07-08,India,60.75
2013-07-09,India,60.09
2013-07-10,India,59.88
2013-07-11,India,59.82
2013-07-12,India,59.88
2013-07-15,India,59.89
2013-07-16,India,59.29
2013-07-17,India,59.34
2013-07-18,India,59.59
2013-07-19,India,59.37
2013-07-22,India,59.71
2013-07-23,India,59.64
2013-07-24,India,59.14
2013-07-25,India,59.01
2013-07-26,India,59.08
2013-07-29,India,59.33
2013-07-30,India,60.8
2013-07-31,India,60.77
2013-08-01,India,60.45
2013-08-02,India,60.88
2013-08-05,India,60.88
2013-08-06,India,60.78
2013-08-07,India,61.2
2013-08-08,India,60.72
2013-08-09,India,60.34
2013-08-12,India,61.15
2013-08-13,India,61.33
2013-08-14,India,61.27
2013-08-15,India,61.41
2013-08-16,India,61.65
2013-08-19,India,63.13
2013-08-20,India,63.21
2013-08-21,India,64.11
2013-08-22,India,64.55
2013-08-23,India,63.22
2013-08-26,India,64.26
2013-08-27,India,66.24
2013-08-28,India,68.8
2013-08-29,India,66.55
2013-08-30,India,65.71
2013-09-02,India,
2013-09-03,India,67.71
2013-09-04,India,67.08
2013-09-05,India,66.01
2013-09-06,India,65.23
2013-09-09,India,65.24
2013-09-10,India,63.83
2013-09-11,India,63.26
2013-09-12,India,63.42
2013-09-13,India,63.36
2013-09-16,India,62.83
2013-09-17,India,63.36
2013-09-18,India,63.37
2013-09-19,India,61.76
2013-09-20,India,62.27
2013-09-23,India,62.57
2013-09-24,India,62.72
2013-09-25,India,62.2
2013-09-26,India,61.68
2013-09-27,India,62.48
2013-09-30,India,62.58
2013-10-01,India,62.46
2013-10-02,India,62.46
2013-10-03,India,61.97
2013-10-04,India,61.42
2013-10-07,India,61.79
2013-10-08,India,61.79
2013-10-09,India,61.92
2013-10-10,India,61.3
2013-10-11,India,61.07
2013-10-14,India,
2013-10-15,India,61.84
2013-10-16,India,61.72
2013-10-17,India,61.13
2013-10-18,India,61.26
2013-10-21,India,61.56
2013-10-22,India,61.64
2013-10-23,India,61.54
2013-10-24,India,61.48
2013-10-25,India,61.4
2013-10-28,India,61.54
2013-10-29,India,61.34
2013-10-30,India,61.09
2013-10-31,India,61.61
2013-11-01,India,61.84
2013-11-04,India,61.74
2013-11-05,India,61.76
2013-11-06,India,62.48
2013-11-07,India,62.41
2013-11-08,India,62.48
2013-11-11,India,
2013-11-12,India,63.73
2013-11-13,India,63.28
2013-11-14,India,63.12
2013-11-15,India,62.97
2013-11-18,India,62.07
2013-11-19,India,62.26
2013-11-20,India,62.34
2013-11-21,India,62.94
2013-11-22,India,62.72
2013-11-25,India,62.37
2013-11-26,India,62.47
2013-11-27,India,62.47
2013-11-28,India,
2013-11-29,India,62.39
2013-12-02,India,62.3
2013-12-03,India,62.38
2013-12-04,India,61.9
2013-12-05,India,61.6
2013-12-06,India,61.43
2013-12-09,India,60.87
2013-12-10,India,61.04
2013-12-11,India,61.38
2013-12-12,India,61.85
2013-12-13,India,62.16
2013-12-16,India,61.68
2013-12-17,India,61.92
2013-12-18,India,62.06
2013-12-19,India,62.14
2013-12-20,India,61.98
2013-12-23,India,61.83
2013-12-24,India,61.75
2013-12-25,India,
2013-12-26,India,62.15
2013-12-27,India,61.92
2013-12-30,India,61.77
2013-12-31,India,61.92
2014-01-01,India,
2014-01-02,India,62.31
2014-01-03,India,62.17
2014-01-06,India,62.31
2014-01-07,India,62.3
2014-01-08,India,62.07
2014-01-09,India,62.07
2014-01-10,India,61.45
2014-01-13,India,61.52
2014-01-14,India,61.51
2014-01-15,India,61.54
2014-01-16,India,61.54
2014-01-17,India,61.54
2014-01-20,India,
2014-01-21,India,61.94
2014-01-22,India,61.86
2014-01-23,India,62.11
2014-01-24,India,62.68
2014-01-27,India,63.09
2014-01-28,India,62.56
2014-01-29,India,62.46
2014-01-30,India,62.56
2014-01-31,India,62.63
2014-02-03,India,62.63
2014-02-04,India,62.27
2014-02-05,India,62.57
2014-02-06,India,62.14
2014-02-07,India,62.09
2014-02-10,India,62.44
2014-02-11,India,62.15
2014-02-12,India,61.84
2014-02-13,India,62.23
2014-02-14,India,61.87
2014-02-17,India,
2014-02-18,India,62.2
2014-02-19,India,62.32
2014-02-20,India,62.21
2014-02-21,India,62.13
2014-02-24,India,62.07
2014-02-25,India,61.96
2014-02-26,India,62.11
2014-02-27,India,62.11
2014-02-28,India,61.78
2014-03-03,India,62.17
2014-03-04,India,61.91
2014-03-05,India,61.75
2014-03-06,India,60.89
2014-03-07,India,61.24
2014-03-10,India,60.84
2014-03-11,India,61.01
2014-03-12,India,61.01
2014-03-13,India,61.2
2014-03-14,India,61.19
2014-03-17,India,61.08
2014-03-18,India,61.1
2014-03-19,India,60.95
2014-03-20,India,61.33
2014-03-21,India,60.9
2014-03-24,India,60.78
2014-03-25,India,60.27
2014-03-26,India,60.13
2014-03-27,India,60.26
2014-03-28,India,59.89
2014-03-31,India,60.0
2014-04-01,India,59.86
2014-04-02,India,59.9
2014-04-03,India,60.35
2014-04-04,India,60.08
2014-04-07,India,60.11
2014-04-08,India,60.08
2014-04-09,India,60.09
2014-04-10,India,60.07
2014-04-11,India,60.18
2014-04-14,India,60.32
2014-04-15,India,60.34
2014-04-16,India,60.22
2014-04-17,India,60.29
2014-04-18,India,60.29
2014-04-21,India,60.59
2014-04-22,India,60.8
2014-04-23,India,61.17
2014-04-24,India,61.11
2014-04-25,India,60.64
2014-04-28,India,60.69
2014-04-29,India,60.23
2014-04-30,India,60.21
2014-05-01,India,60.11
2014-05-02,India,60.02
2014-05-05,India,60.21
2014-05-06,India,59.97
2014-05-07,India,60.01
2014-05-08,India,60.06
2014-05-09,India,60.0
2014-05-12,India,59.48
2014-05-13,India,59.44
2014-05-14,India,59.49
2014-05-15,India,59.38
2014-05-16,India,58.62
2014-05-19,India,58.38
2014-05-20,India,58.58
2014-05-21,India,58.66
2014-05-22,India,58.3
2014-05-23,India,58.36
2014-05-26,India,
2014-05-27,India,58.9
2014-05-28,India,58.94
2014-05-29,India,58.9
2014-05-30,India,59.16
2014-06-02,India,59.15
2014-06-03,India,59.32
2014-06-04,India,59.34
2014-06-05,India,59.24
2014-06-06,India,59.17
2014-06-09,India,59.18
2014-06-10,India,59.18
2014-06-11,India,59.32
2014-06-12,India,59.19
2014-06-13,India,59.64
2014-06-16,India,60.16
2014-06-17,India,60.32
2014-06-18,India,60.28
2014-06-19,India,60.09
2014-06-20,India,60.23
2014-06-23,India,60.14
2014-06-24,India,60.14
2014-06-25,India,60.11
2014-06-26,India,60.17
2014-06-27,India,60.04
2014-06-30,India,60.06
2014-07-01,India,60.05
2014-07-02,India,59.69
2014-07-03,India,59.74
2014-07-04,India,
2014-07-07,India,60.013
2014-07-08,India,59.78
2014-07-09,India,59.75
2014-07-10,India,60.19
2014-07-11,India,60.08
2014-07-14,India,60.11
2014-07-15,India,60.15
2014-07-16,India,60.12
2014-07-17,India,60.35
2014-07-18,India,60.33
2014-07-21,India,60.24
2014-07-22,India,60.16
2014-07-23,India,60.0
2014-07-24,India,60.11
2014-07-25,India,60.04
2014-07-28,India,60.13
2014-07-29,India,60.12
2014-07-30,India,60.4
2014-07-31,India,60.55
2014-08-01,India,61.2
2014-08-04,India,60.94
2014-08-05,India,61.05
2014-08-06,India,61.25
2014-08-07,India,61.2
2014-08-08,India,61.18
2014-08-11,India,61.17
2014-08-12,India,61.09
2014-08-13,India,61.22
2014-08-14,India,60.77
2014-08-15,India,60.77
2014-08-18,India,60.77
2014-08-19,India,60.67
2014-08-20,India,60.58
2014-08-21,India,60.56
2014-08-22,India,60.47
2014-08-25,India,60.56
2014-08-26,India,60.43
2014-08-27,India,60.45
2014-08-28,India,60.51
2014-08-29,India,61.51
2014-09-01,India,
2014-09-02,India,60.69
2014-09-03,India,60.41
2014-09-04,India,60.38
2014-09-05,India,60.26
2014-09-08,India,60.29
2014-09-09,India,60.6
2014-09-10,India,60.95
2014-09-11,India,60.93
2014-09-12,India,60.95
2014-09-15,India,61.03
2014-09-16,India,61.06
2014-09-17,India,60.9
2014-09-18,India,60.78
2014-09-19,India,60.8
2014-09-22,India,60.93
2014-09-23,India,61.04
2014-09-24,India,60.93
2014-09-25,India,61.33
2014-09-26,India,61.14
2014-09-29,India,61.53
2014-09-30,India,61.92
2014-10-01,India,61.71
2014-10-02,India,61.61
2014-10-03,India,61.81
2014-10-06,India,61.68
2014-10-07,India,61.28
2014-10-08,India,61.38
2014-10-09,India,60.92
2014-10-10,India,61.27
2014-10-13,India,
2014-10-14,India,61.38
2014-10-15,India,61.42
2014-10-16,India,61.8
2014-10-17,India,61.46
2014-10-20,India,61.2
2014-10-21,India,61.14
2014-10-22,India,61.18
2014-10-23,India,61.16
2014-10-24,India,61.16
2014-10-27,India,61.28
2014-10-28,India,61.17
2014-10-29,India,61.2
2014-10-30,India,61.42
2014-10-31,India,61.44
2014-11-03,India,61.38
2014-11-04,India,61.38
2014-11-05,India,61.49
2014-11-06,India,61.45
2014-11-07,India,61.5
2014-11-10,India,61.52
2014-11-11,India,
2014-11-12,India,61.4
2014-11-13,India,61.55
2014-11-14,India,61.7
2014-11-17,India,61.82
2014-11-18,India,61.72
2014-11-19,India,61.98
2014-11-20,India,61.92
2014-11-21,India,61.76
2014-11-24,India,61.85
2014-11-25,India,61.89
2014-11-26,India,61.78
2014-11-27,India,
2014-11-28,India,62.2
2014-12-01,India,61.94
2014-12-02,India,61.8
2014-12-03,India,61.85
2014-12-04,India,61.78
2014-12-05,India,61.9
2014-12-08,India,61.82
2014-12-09,India,61.87
2014-12-10,India,62.1
2014-12-11,India,62.46
2014-12-12,India,62.52
2014-12-15,India,63.16
2014-12-16,India,63.65
2014-12-17,India,63.52
2014-12-18,India,62.98
2014-12-19,India,63.24
2014-12-22,India,63.22
2014-12-23,India,63.4
2014-12-24,India,63.55
2014-12-25,India,
2014-12-26,India,
2014-12-29,India,63.67
2014-12-30,India,63.38
2014-12-31,India,63.04
2015-01-01,India,
2015-01-02,India,63.27
2015-01-05,India,63.34
2015-01-06,India,63.57
2015-01-07,India,63.27
2015-01-08,India,62.67
2015-01-09,India,62.34
2015-01-12,India,62.09
2015-01-13,India,61.97
2015-01-14,India,62.09
2015-01-15,India,62.06
2015-01-16,India,61.87
2015-01-19,India,
2015-01-20,India,61.64
2015-01-21,India,61.55
2015-01-22,India,61.32
2015-01-23,India,61.46
2015-01-26,India,61.46
2015-01-27,India,61.34
2015-01-28,India,61.34
2015-01-29,India,61.94
2015-01-30,India,62.01
2015-02-02,India,61.68
2015-02-03,India,61.67
2015-02-04,India,61.73
2015-02-05,India,61.73
2015-02-06,India,61.7
2015-02-09,India,62.1
2015-02-10,India,62.33
2015-02-11,India,62.41
2015-02-12,India,62.3
2015-02-13,India,62.04
2015-02-16,India,
2015-02-17,India,62.14
2015-02-18,India,62.25
2015-02-19,India,62.08
2015-02-20,India,62.19
2015-02-23,India,62.15
2015-02-24,India,62.07
2015-02-25,India,61.84
2015-02-26,India,61.74
2015-02-27,India,61.67
2015-03-02,India,61.87
2015-03-03,India,61.76
2015-03-04,India,62.3
2015-03-05,India,62.26
2015-03-06,India,62.45
2015-03-09,India,62.67
2015-03-10,India,62.71
2015-03-11,India,62.76
2015-03-12,India,62.44
2015-03-13,India,63.06
2015-03-16,India,62.8
2015-03-17,India,62.64
2015-03-18,India,62.69
2015-03-19,India,62.56
2015-03-20,India,62.47
2015-03-23,India,62.22
2015-03-24,India,62.4
2015-03-25,India,62.35
2015-03-26,India,62.83
2015-03-27,India,62.5
2015-03-30,India,62.52
2015-03-31,India,62.31
2015-04-01,India,62.14
2015-04-02,India,62.13
2015-04-03,India,61.99
2015-04-06,India,62.16
2015-04-07,India,62.23
2015-04-08,India,62.22
2015-04-09,India,62.18
2015-04-10,India,62.21
2015-04-13,India,62.38
2015-04-14,India,62.25
2015-04-15,India,62.34
2015-04-16,India,62.28
2015-04-17,India,62.48
2015-04-20,India,63.07
2015-04-21,India,62.92
2015-04-22,India,62.96
2015-04-23,India,63.27
2015-04-24,India,63.55
2015-04-27,India,63.34
2015-04-28,India,63.05
2015-04-29,India,63.38
2015-04-30,India,63.58
2015-05-01,India,63.63
2015-05-04,India,63.64
2015-05-05,India,63.31
2015-05-06,India,63.57
2015-05-07,India,64.08
2015-05-08,India,63.73
2015-05-11,India,63.96
2015-05-12,India,64.19
2015-05-13,India,63.88
2015-05-14,India,63.47
2015-05-15,India,63.36
2015-05-18,India,63.66
2015-05-19,India,63.8
2015-05-20,India,63.75
2015-05-21,India,63.51
2015-05-22,India,63.43
2015-05-25,India,
2015-05-26,India,63.87
2015-05-27,India,63.92
2015-05-28,India,63.83
2015-05-29,India,63.71
2015-06-01,India,63.59
2015-06-02,India,63.72
2015-06-03,India,63.99
2015-06-04,India,63.96
2015-06-05,India,63.76
2015-06-08,India,64.03
2015-06-09,India,63.96
2015-06-10,India,63.81
2015-06-11,India,63.93
2015-06-12,India,64.02
2015-06-15,India,64.03
2015-06-16,India,64.21
2015-06-17,India,64.14
2015-06-18,India,63.62
2015-06-19,India,63.43
2015-06-22,India,63.51
2015-06-23,India,63.57
2015-06-24,India,63.54
2015-06-25,India,63.5
2015-06-26,India,63.54
2015-06-29,India,63.73
2015-06-30,India,63.59
2015-07-01,India,63.55
2015-07-02,India,63.36
2015-07-03,India,
2015-07-06,India,63.24
2015-07-07,India,63.51
2015-07-08,India,63.47
2015-07-09,India,63.31
2015-07-10,India,63.33
2015-07-13,India,63.43
2015-07-14,India,63.27
2015-07-15,India,63.48
2015-07-16,India,63.43
2015-07-17,India,63.45
2015-07-20,India,63.61
2015-07-21,India,63.57
2015-07-22,India,63.6
2015-07-23,India,63.86
2015-07-24,India,64.04
2015-07-27,India,64.24
2015-07-28,India,63.76
2015-07-29,India,63.83
2015-07-30,India,64.09
2015-07-31,India,63.87
2015-08-03,India,63.99
2015-08-04,India,63.71
2015-08-05,India,63.73
2015-08-06,India,63.67
2015-08-07,India,63.74
2015-08-10,India,63.77
2015-08-11,India,64.33
2015-08-12,India,64.8
2015-08-13,India,65.27
2015-08-14,India,65.02
2015-08-17,India,65.39
2015-08-18,India,65.44
2015-08-19,India,65.17
2015-08-20,India,65.49
2015-08-21,India,66.02
2015-08-24,India,66.8
2015-08-25,India,66.07
2015-08-26,India,66.11
2015-08-27,India,65.99
2015-08-28,India,66.14
2015-08-31,India,66.39
2015-09-01,India,66.34
2015-09-02,India,66.16
2015-09-03,India,66.07
2015-09-04,India,66.7
2015-09-07,India,
2015-09-08,India,66.36
2015-09-09,India,66.47
2015-09-10,India,66.46
2015-09-11,India,66.39
2015-09-14,India,66.32
2015-09-15,India,66.36
2015-09-16,India,66.45
2015-09-17,India,66.12
2015-09-18,India,65.7
2015-09-21,India,65.66
2015-09-22,India,65.85
2015-09-23,India,66.05
2015-09-24,India,66.32
2015-09-25,India,66.12
2015-09-28,India,66.2
2015-09-29,India,65.9
2015-09-30,India,65.5
2015-10-01,India,65.57
2015-10-02,India,65.35
2015-10-05,India,65.12
2015-10-06,India,65.18
2015-10-07,India,64.86
2015-10-08,India,64.97
2015-10-09,India,64.76
2015-10-12,India,
2015-10-13,India,65.06
2015-10-14,India,64.87
2015-10-15,India,64.77
2015-10-16,India,64.7
2015-10-19,India,64.9
2015-10-20,India,64.97
2015-10-21,India,65.19
2015-10-22,India,64.91
2015-10-23,India,64.87
2015-10-26,India,64.83
2015-10-27,India,65.03
2015-10-28,India,64.89
2015-10-29,India,65.35
2015-10-30,India,65.4
2015-11-02,India,65.58
2015-11-03,India,65.57
2015-11-04,India,65.46
2015-11-05,India,65.85
2015-11-06,India,66.13
2015-11-09,India,66.38
2015-11-10,India,66.19
2015-11-11,India,
2015-11-12,India,66.04
2015-11-13,India,66.12
2015-11-16,India,66.01
2015-11-17,India,65.96
2015-11-18,India,66.16
2015-11-19,India,66.05
2015-11-20,India,66.06
2015-11-23,India,66.37
2015-11-24,India,66.32
2015-11-25,India,66.36
2015-11-26,India,
2015-11-27,India,66.86
2015-11-30,India,66.43
2015-12-01,India,66.46
2015-12-02,India,66.53
2015-12-03,India,66.82
2015-12-04,India,66.65
2015-12-07,India,66.74
2015-12-08,India,66.77
2015-12-09,India,66.83
2015-12-10,India,66.7
2015-12-11,India,67.1
2015-12-14,India,67.09
2015-12-15,India,66.79
2015-12-16,India,66.6
2015-12-17,India,66.32
2015-12-18,India,66.23
2015-12-21,India,66.19
2015-12-22,India,66.19
2015-12-23,India,66.04
2015-12-24,India,66.0
2015-12-25,India,
2015-12-28,India,66.09
2015-12-29,India,66.28
2015-12-30,India,66.44
2015-12-31,India,66.19
2016-01-01,India,
2016-01-04,India,66.56
2016-01-05,India,66.49
2016-01-06,India,66.71
2016-01-07,India,66.73
2016-01-08,India,66.82
2016-01-11,India,66.78
2016-01-12,India,66.85
2016-01-13,India,66.74
2016-01-14,India,67.37
2016-01-15,India,67.74
2016-01-18,India,
2016-01-19,India,67.68
2016-01-20,India,68.05
2016-01-21,India,67.87
2016-01-22,India,67.55
2016-01-25,India,67.71
2016-01-26,India,67.75
2016-01-27,India,67.98
2016-01-28,India,68.08
2016-01-29,India,67.87
2016-02-01,India,67.92
2016-02-02,India,67.92
2016-02-03,India,67.92
2016-02-04,India,67.57
2016-02-05,India,67.78
2016-02-08,India,67.98
2016-02-09,India,67.92
2016-02-10,India,67.85
2016-02-11,India,68.44
2016-02-12,India,68.12
2016-02-15,India,
2016-02-16,India,68.48
2016-02-17,India,68.33
2016-02-18,India,68.54
2016-02-19,India,68.54
2016-02-22,India,68.53
2016-02-23,India,68.55
2016-02-24,India,68.53
2016-02-25,India,68.84
2016-02-26,India,68.82
2016-02-29,India,68.21
2016-03-01,India,67.75
2016-03-02,India,67.4
2016-03-03,India,67.15
2016-03-04,India,66.9
2016-03-07,India,66.97
2016-03-08,India,67.3
2016-03-09,India,67.07
2016-03-10,India,67.2
2016-03-11,India,66.93
2016-03-14,India,67.15
2016-03-15,India,67.33
2016-03-16,India,67.24
2016-03-17,India,66.61
2016-03-18,India,66.34
2016-03-21,India,66.45
2016-03-22,India,66.58
2016-03-23,India,66.82
2016-03-24,India,66.82
2016-03-25,India,66.82
2016-03-28,India,66.58
2016-03-29,India,66.46
2016-03-30,India,66.37
2016-03-31,India,66.25
2016-04-01,India,66.34
2016-04-04,India,66.05
2016-04-05,India,66.4
2016-04-06,India,66.49
2016-04-07,India,66.7
2016-04-08,India,66.49
2016-04-11,India,66.33
2016-04-12,India,66.35
2016-04-13,India,66.62
2016-04-14,India,66.56
2016-04-15,India,66.49
2016-04-18,India,66.42
2016-04-19,India,66.12
2016-04-20,India,66.12
2016-04-21,India,66.43
2016-04-22,India,66.6
2016-04-25,India,66.65
2016-04-26,India,66.4
2016-04-27,India,66.52
2016-04-28,India,66.39
2016-04-29,India,66.39
2016-05-02,India,66.36
2016-05-03,India,66.51
2016-05-04,India,66.63
2016-05-05,India,66.53
2016-05-06,India,66.52
2016-05-09,India,66.7
2016-05-10,India,66.58
2016-05-11,India,66.53
2016-05-12,India,66.7
2016-05-13,India,66.84
2016-05-16,India,66.78
2016-05-17,India,66.74
2016-05-18,India,66.95
2016-05-19,India,67.57
2016-05-20,India,67.42
2016-05-23,India,67.47
2016-05-24,India,67.59
2016-05-25,India,67.28
2016-05-26,India,66.9
2016-05-27,India,66.96
2016-05-30,India,
2016-05-31,India,67.12
2016-06-01,India,67.44
2016-06-02,India,67.22
2016-06-03,India,66.99
2016-06-06,India,66.81
2016-06-07,India,66.64
2016-06-08,India,66.51
2016-06-09,India,66.68
2016-06-10,India,66.84
2016-06-13,India,67.17
2016-06-14,India,67.34
2016-06-15,India,67.08
2016-06-16,India,67.43
2016-06-17,India,67.11
2016-06-20,India,67.54
2016-06-21,India,67.73
2016-06-22,India,67.49
2016-06-23,India,67.29
2016-06-24,India,67.82
2016-06-27,India,67.92
2016-06-28,India,67.86
2016-06-29,India,67.42
2016-06-30,India,67.51
2016-07-01,India,67.24
2016-07-04,India,
2016-07-05,India,67.4
2016-07-06,India,67.45
2016-07-07,India,67.49
2016-07-08,India,67.13
2016-07-11,India,67.11
2016-07-12,India,67.05
2016-07-13,India,66.99
2016-07-14,India,66.81
2016-07-15,India,67.07
2016-07-18,India,67.14
2016-07-19,India,67.14
2016-07-20,India,67.18
2016-07-21,India,67.15
2016-07-22,India,67.19
2016-07-25,India,67.41
2016-07-26,India,67.34
2016-07-27,India,67.14
2016-07-28,India,66.96
2016-07-29,India,66.77
2016-08-01,India,66.63
2016-08-02,India,66.65
2016-08-03,India,66.8
2016-08-04,India,66.76
2016-08-05,India,66.84
2016-08-08,India,66.82
2016-08-09,India,66.76
2016-08-10,India,66.72
2016-08-11,India,66.75
2016-08-12,India,66.82
2016-08-15,India,66.85
2016-08-16,India,66.83
2016-08-17,India,66.96
2016-08-18,India,66.83
2016-08-19,India,67.13
2016-08-22,India,67.18
2016-08-23,India,67.09
2016-08-24,India,67.14
2016-08-25,India,67.01
2016-08-26,India,66.98
2016-08-29,India,67.15
2016-08-30,India,67.14
2016-08-31,India,66.94
2016-09-01,India,66.85
2016-09-02,India,66.6
2016-09-05,India,
2016-09-06,India,66.28
2016-09-07,India,66.42
2016-09-08,India,66.52
2016-09-09,India,66.76
2016-09-12,India,66.79
2016-09-13,India,67.03
2016-09-14,India,66.78
2016-09-15,India,66.84
2016-09-16,India,67.1
2016-09-19,India,66.94
2016-09-20,India,66.97
2016-09-21,India,66.99
2016-09-22,India,66.6
2016-09-23,India,66.66
2016-09-26,India,66.56
2016-09-27,India,66.5
2016-09-28,India,66.5
2016-09-29,India,66.72
2016-09-30,India,66.58
2016-10-03,India,66.52
2016-10-04,India,66.49
2016-10-05,India,66.53
2016-10-06,India,66.7
2016-10-07,India,66.61
2016-10-10,India,
2016-10-11,India,66.81
2016-10-12,India,66.85
2016-10-13,India,66.84
2016-10-14,India,66.69
2016-10-17,India,66.8
2016-10-18,India,66.71
2016-10-19,India,66.64
2016-10-20,India,66.83
2016-10-21,India,66.94
2016-10-24,India,66.89
2016-10-25,India,66.8
2016-10-26,India,66.83
2016-10-27,India,66.85
2016-10-28,India,66.78
2016-10-31,India,66.72
2016-11-01,India,66.7
2016-11-02,India,66.66
2016-11-03,India,66.68
2016-11-04,India,66.75
2016-11-07,India,66.73
2016-11-08,India,66.39
2016-11-09,India,66.48
2016-11-10,India,66.86
2016-11-11,India,
2016-11-14,India,67.78
2016-11-15,India,67.8
2016-11-16,India,68.07
2016-11-17,India,67.93
2016-11-18,India,68.12
2016-11-21,India,68.23
2016-11-22,India,68.4
2016-11-23,India,68.86
2016-11-24,India,
2016-11-25,India,68.59
2016-11-28,India,68.56
2016-11-29,India,68.64
2016-11-30,India,68.56
2016-12-01,India,68.29
2016-12-02,India,68.04
2016-12-05,India,68.06
2016-12-06,India,67.72
2016-12-07,India,67.5
2016-12-08,India,67.42
2016-12-09,India,67.51
2016-12-12,India,67.38
2016-12-13,India,67.47
2016-12-14,India,67.43
2016-12-15,India,67.91
2016-12-16,India,67.82
2016-12-19,India,67.83
2016-12-20,India,67.97
2016-12-21,India,67.82
2016-12-22,India,67.86
2016-12-23,India,67.84
2016-12-26,India,
2016-12-27,India,68.01
2016-12-28,India,68.2
2016-12-29,India,67.91
2016-12-30,India,67.92
2017-01-02,India,
2017-01-03,India,68.37
2017-01-04,India,67.9
2017-01-05,India,67.74
2017-01-06,India,68.12
2017-01-09,India,68.08
2017-01-10,India,68.25
2017-01-11,India,68.39
2017-01-12,India,67.99
2017-01-13,India,68.16
2017-01-16,India,
2017-01-17,India,67.9
2017-01-18,India,68.12
2017-01-19,India,68.1
2017-01-20,India,
2017-01-23,India,68.11
2017-01-24,India,68.12
2017-01-25,India,68.04
2017-01-26,India,68.17
2017-01-27,India,68.06
2017-01-30,India,67.8
2017-01-31,India,67.48
2017-02-01,India,67.4
2017-02-02,India,67.2
2017-02-03,India,67.18
2017-02-06,India,67.2
2017-02-07,India,67.35
2017-02-08,India,67.04
2017-02-09,India,66.71
2017-02-10,India,66.8
2017-02-13,India,66.99
2017-02-14,India,66.88
2017-02-15,India,66.85
2017-02-16,India,67.12
2017-02-17,India,67.09
2017-02-20,India,
2017-02-21,India,67.0
2017-02-22,India,66.95
2017-02-23,India,66.68
2017-02-24,India,66.68
2017-02-27,India,66.69
2017-02-28,India,66.67
2017-03-01,India,66.83
2017-03-02,India,66.75
2017-03-03,India,66.76
2017-03-06,India,66.64
2017-03-07,India,66.62
2017-03-08,India,66.76
2017-03-09,India,66.64
2017-03-10,India,66.6
2017-03-13,India,66.15
2017-03-14,India,65.76
2017-03-15,India,65.62
2017-03-16,India,65.4
2017-03-17,India,65.38
2017-03-20,India,65.3
2017-03-21,India,65.31
2017-03-22,India,65.45
2017-03-23,India,65.41
2017-03-24,India,65.4
2017-03-27,India,65.05
2017-03-28,India,65.02
2017-03-29,India,64.87
2017-03-30,India,64.85
2017-03-31,India,64.85
2017-04-03,India,65.03
2017-04-04,India,65.1
2017-04-05,India,64.87
2017-04-06,India,64.58
2017-04-07,India,64.26
2017-04-10,India,64.55
2017-04-11,India,64.55
2017-04-12,India,64.68
2017-04-13,India,64.42
2017-04-14,India,64.42
2017-04-17,India,64.53
2017-04-18,India,64.56
2017-04-19,India,64.62
2017-04-20,India,64.61
2017-04-21,India,64.65
2017-04-24,India,64.48
2017-04-25,India,64.32
2017-04-26,India,64.08
2017-04-27,India,64.14
2017-04-28,India,64.27
2017-05-01,India,64.25
2017-05-02,India,64.16
2017-05-03,India,64.17
2017-05-04,India,64.22
2017-05-05,India,64.31
2017-05-08,India,64.32
2017-05-09,India,64.66
2017-05-10,India,64.53
2017-05-11,India,64.43
2017-05-12,India,64.24
2017-05-15,India,64.04
2017-05-16,India,64.03
2017-05-17,India,64.11
2017-05-18,India,64.87
2017-05-19,India,64.56
2017-05-22,India,64.53
2017-05-23,India,64.85
2017-05-24,India,64.74
2017-05-25,India,64.55
2017-05-26,India,64.5
2017-05-29,India,
2017-05-30,India,64.66
2017-05-31,India,64.5
2017-06-01,India,64.39
2017-06-02,India,64.41
2017-06-05,India,64.34
2017-06-06,India,64.42
2017-06-07,India,64.39
2017-06-08,India,64.24
2017-06-09,India,64.24
2017-06-12,India,64.48
2017-06-13,India,64.33
2017-06-14,India,64.23
2017-06-15,India,64.58
2017-06-16,India,64.5
2017-06-19,India,64.45
2017-06-20,India,64.54
2017-06-21,India,64.52
2017-06-22,India,64.6
2017-06-23,India,64.47
2017-06-26,India,64.43
2017-06-27,India,64.47
2017-06-28,India,64.55
2017-06-29,India,64.66
2017-06-30,India,64.62
2017-07-03,India,64.84
2017-07-04,India,
2017-07-05,India,64.8
2017-07-06,India,64.72
2017-07-07,India,64.62
2017-07-10,India,64.45
2017-07-11,India,64.54
2017-07-12,India,64.53
2017-07-13,India,64.46
2017-07-14,India,64.38
2017-07-17,India,64.34
2017-07-18,India,64.32
2017-07-19,India,64.24
2017-07-20,India,64.37
2017-07-21,India,64.38
2017-07-24,India,64.39
2017-07-25,India,64.38
2017-07-26,India,64.32
2017-07-27,India,64.11
2017-07-28,India,64.11
2017-07-31,India,64.18
2017-08-01,India,64.06
2017-08-02,India,63.64
2017-08-03,India,63.67
2017-08-04,India,63.64
2017-08-07,India,63.83
2017-08-08,India,63.69
2017-08-09,India,63.86
2017-08-10,India,64.05
2017-08-11,India,64.14
2017-08-14,India,64.08
2017-08-15,India,64.12
2017-08-16,India,64.16
2017-08-17,India,64.15
2017-08-18,India,64.1
2017-08-21,India,64.1
2017-08-22,India,64.07
2017-08-23,India,64.04
2017-08-24,India,64.04
2017-08-25,India,64.0
2017-08-28,India,63.9
2017-08-29,India,64.02
2017-08-30,India,63.98
2017-08-31,India,63.93
2017-09-01,India,64.02
2017-09-04,India,
2017-09-05,India,64.12
2017-09-06,India,64.06
2017-09-07,India,64.01
2017-09-08,India,63.78
2017-09-11,India,63.93
2017-09-12,India,64.03
2017-09-13,India,64.0
2017-09-14,India,64.12
2017-09-15,India,64.1
2017-09-18,India,64.15
2017-09-19,India,64.3
2017-09-20,India,64.29
2017-09-21,India,64.8
2017-09-22,India,64.79
2017-09-25,India,65.12
2017-09-26,India,65.46
2017-09-27,India,65.71
2017-09-28,India,65.46
2017-09-29,India,65.3
2017-10-02,India,65.28
2017-10-03,India,65.48
2017-10-04,India,65.02
2017-10-05,India,65.14
2017-10-06,India,65.39
2017-10-09,India,
2017-10-10,India,65.24
2017-10-11,India,65.15
2017-10-12,India,65.05
2017-10-13,India,64.7
2017-10-16,India,64.7
2017-10-17,India,65.02
2017-10-18,India,65.06
2017-10-19,India,64.99
2017-10-20,India,65.03
2017-10-23,India,65.02
2017-10-24,India,65.1
2017-10-25,India,64.92
2017-10-26,India,64.84
2017-10-27,India,65.04
2017-10-30,India,64.83
2017-10-31,India,64.75
2017-11-01,India,64.56
2017-11-02,India,64.57
2017-11-03,India,64.56
2017-11-06,India,64.62
2017-11-07,India,65.03
2017-11-08,India,64.94
2017-11-09,India,64.96
2017-11-10,India,
2017-11-13,India,65.46
2017-11-14,India,65.41
2017-11-15,India,65.26
2017-11-16,India,65.32
2017-11-17,India,65.01
2017-11-20,India,65.1
2017-11-21,India,64.91
2017-11-22,India,64.87
2017-11-23,India,
2017-11-24,India,64.67
2017-11-27,India,64.47
2017-11-28,India,64.4
2017-11-29,India,64.29
2017-11-30,India,64.46
2017-12-01,India,64.5
2017-12-04,India,64.36
2017-12-05,India,64.38
2017-12-06,India,64.53
2017-12-07,India,64.57
2017-12-08,India,64.43
2017-12-11,India,64.35
2017-12-12,India,64.39
2017-12-13,India,64.45
2017-12-14,India,64.36
2017-12-15,India,64.04
2017-12-18,India,64.23
2017-12-19,India,64.02
2017-12-20,India,64.11
2017-12-21,India,64.02
2017-12-22,India,64.02
2017-12-25,India,
2017-12-26,India,64.08
2017-12-27,India,64.15
2017-12-28,India,64.07
2017-12-29,India,63.83
2018-01-01,India,
2018-01-02,India,63.46
2018-01-03,India,63.5
2018-01-04,India,63.4
2018-01-05,India,63.38
2018-01-08,India,63.48
2018-01-09,India,63.66
2018-01-10,India,63.58
2018-01-11,India,63.65
2018-01-12,India,63.61
2018-01-15,India,
2018-01-16,India,64.01
2018-01-17,India,63.88
2018-01-18,India,63.87
2018-01-19,India,63.84
2018-01-22,India,63.88
2018-01-23,India,63.76
2018-01-24,India,63.69
2018-01-25,India,63.52
2018-01-26,India,63.58
2018-01-29,India,63.57
2018-01-30,India,63.65
2018-01-31,India,63.58
2018-02-01,India,63.97
2018-02-02,India,64.11
2018-02-05,India,64.06
2018-02-06,India,64.23
2018-02-07,India,64.23
2018-02-08,India,64.27
2018-02-09,India,64.37
2018-02-12,India,64.29
2018-02-13,India,64.27
2018-02-14,India,64.1
2018-02-15,India,63.93
2018-02-16,India,64.21
2018-02-19,India,
2018-02-20,India,64.83
2018-02-21,India,64.76
2018-02-22,India,65.01
2018-02-23,India,64.71
2018-02-26,India,64.78
2018-02-27,India,64.84
2018-02-28,India,65.2
2018-03-01,India,65.2
2018-03-02,India,65.24
2018-03-05,India,65.06
2018-03-06,India,64.9
2018-03-07,India,64.86
2018-03-08,India,65.15
2018-03-09,India,65.12
2018-03-12,India,65.0
2018-03-13,India,64.85
2018-03-14,India,64.84
2018-03-15,India,64.94
2018-03-16,India,64.97
2018-03-19,India,65.21
2018-03-20,India,65.19
2018-03-21,India,65.2
2018-03-22,India,65.1
2018-03-23,India,64.98
2018-03-26,India,64.83
2018-03-27,India,64.98
2018-03-28,India,65.15
2018-03-29,India,65.12
2018-03-30,India,65.11
2018-04-02,India,65.11
2018-04-03,India,65.0
2018-04-04,India,65.08
2018-04-05,India,64.92
2018-04-06,India,64.95
2018-04-09,India,64.95
2018-04-10,India,64.95
2018-04-11,India,65.26
2018-04-12,India,65.28
2018-04-13,India,65.27
2018-04-16,India,65.46
2018-04-17,India,65.66
2018-04-18,India,65.62
2018-04-19,India,65.79
2018-04-20,India,66.15
2018-04-23,India,66.42
2018-04-24,India,66.36
2018-04-25,India,66.92
2018-04-26,India,66.8
2018-04-27,India,66.68
2018-04-30,India,66.5
2018-05-01,India,66.52
2018-05-02,India,66.71
2018-05-03,India,66.68
2018-05-04,India,66.83
2018-05-07,India,67.13
2018-05-08,India,67.12
2018-05-09,India,67.25
2018-05-10,India,67.24
2018-05-11,India,67.28
2018-05-14,India,67.55
2018-05-15,India,68.07
2018-05-16,India,67.77
2018-05-17,India,67.76
2018-05-18,India,68.04
2018-05-21,India,68.11
2018-05-22,India,68.04
2018-05-23,India,68.38
2018-05-24,India,68.32
2018-05-25,India,67.78
2018-05-28,India,
2018-05-29,India,67.78
2018-05-30,India,67.46
2018-05-31,India,67.4
2018-06-01,India,66.99
2018-06-04,India,67.05
2018-06-05,India,67.12
2018-06-06,India,66.87
2018-06-07,India,67.2
2018-06-08,India,67.56
2018-06-11,India,67.46
2018-06-12,India,67.48
2018-06-13,India,67.6
2018-06-14,India,67.62
2018-06-15,India,68.06
2018-06-18,India,68.1
2018-06-19,India,68.3
2018-06-20,India,68.06
2018-06-21,India,67.94
2018-06-22,India,67.88
2018-06-25,India,68.09
2018-06-26,India,68.31
2018-06-27,India,68.63
2018-06-28,India,68.81
2018-06-29,India,68.46
2018-07-02,India,68.78
2018-07-03,India,68.58
2018-07-04,India,
2018-07-05,India,68.89
2018-07-06,India,68.8
2018-07-09,India,68.66
2018-07-10,India,68.76
2018-07-11,India,68.7
2018-07-12,India,68.52
2018-07-13,India,68.44
2018-07-16,India,68.6
2018-07-17,India,68.42
2018-07-18,India,68.62
2018-07-19,India,69.01
2018-07-20,India,68.74
2018-07-23,India,68.84
2018-07-24,India,68.94
2018-07-25,India,68.72
2018-07-26,India,68.66
2018-07-27,India,68.6
2018-07-30,India,68.6
2018-07-31,India,68.54
2018-08-01,India,68.37
2018-08-02,India,68.63
2018-08-03,India,68.54
2018-08-06,India,68.82
2018-08-07,India,68.62
2018-08-08,India,68.65
2018-08-09,India,68.74
2018-08-10,India,68.88
2018-08-13,India,70.02
2018-08-14,India,69.95
2018-08-15,India,69.92
2018-08-16,India,70.19
2018-08-17,India,70.09
2018-08-20,India,69.84
2018-08-21,India,69.85
2018-08-22,India,69.85
2018-08-23,India,70.09
2018-08-24,India,69.96
2018-08-27,India,70.16
2018-08-28,India,70.09
2018-08-29,India,70.53
2018-08-30,India,70.74
2018-08-31,India,71.0
2018-09-03,India,
2018-09-04,India,71.58
2018-09-05,India,71.75
2018-09-06,India,71.94
2018-09-07,India,71.78
2018-09-10,India,72.45
2018-09-11,India,72.69
2018-09-12,India,72.15
2018-09-13,India,72.02
2018-09-14,India,71.87
2018-09-17,India,72.51
2018-09-18,India,72.98
2018-09-19,India,72.35
2018-09-20,India,72.01
2018-09-21,India,72.18
2018-09-24,India,72.66
2018-09-25,India,72.68
2018-09-26,India,72.59
2018-09-27,India,72.55
2018-09-28,India,72.54
2018-10-01,India,72.92
2018-10-02,India,72.91
2018-10-03,India,73.34
2018-10-04,India,73.62
2018-10-05,India,73.76
2018-10-08,India,
2018-10-09,India,74.33
2018-10-10,India,74.25
2018-10-11,India,74.04
2018-10-12,India,73.6
2018-10-15,India,73.76
2018-10-16,India,73.46
2018-10-17,India,73.52
2018-10-18,India,73.52
2018-10-19,India,73.37
2018-10-22,India,73.56
2018-10-23,India,73.54
2018-10-24,India,73.18
2018-10-25,India,73.21
2018-10-26,India,73.46
2018-10-29,India,73.42
2018-10-30,India,73.62
2018-10-31,India,73.95
2018-11-01,India,73.45
2018-11-02,India,72.44
2018-11-05,India,73.08
2018-11-06,India,72.95
2018-11-07,India,72.44
2018-11-08,India,72.37
2018-11-09,India,72.48
2018-11-12,India,
2018-11-13,India,72.61
2018-11-14,India,72.3
2018-11-15,India,71.97
2018-11-16,India,71.98
2018-11-19,India,71.6
2018-11-20,India,71.49
2018-11-21,India,71.3
2018-11-22,India,
2018-11-23,India,70.65
2018-11-26,India,70.81
2018-11-27,India,70.8
2018-11-28,India,70.63
2018-11-29,India,69.79
2018-11-30,India,69.62
2018-12-03,India,70.4
2018-12-04,India,70.52
2018-12-05,India,
2018-12-06,India,70.84
2018-12-07,India,70.85
2018-12-10,India,72.436
2018-12-11,India,72.27
2018-12-12,India,71.79
2018-12-13,India,71.52
2018-12-14,India,71.94
2018-12-17,India,71.6
2018-12-18,India,70.61
2018-12-19,India,70.26
2018-12-20,India,69.96
2018-12-21,India,70.09
2018-12-24,India,
2018-12-25,India,
2018-12-26,India,70.07
2018-12-27,India,70.34
2018-12-28,India,69.92
2018-12-31,India,69.58
2019-01-01,India,
2019-01-02,India,70.02
2019-01-03,India,70.12
2019-01-04,India,69.63
2019-01-07,India,69.78
2019-01-08,India,70.11
2019-01-09,India,70.42
2019-01-10,India,70.43
2019-01-11,India,70.38
2019-01-14,India,
2019-01-15,India,71.0
2019-01-16,India,70.97
2019-01-17,India,71.09
2019-01-18,India,71.21
2019-01-21,India,
2019-01-22,India,71.23
2019-01-23,India,71.21
2019-01-24,India,71.02
2019-01-25,India,70.94
2019-01-28,India,71.06
2019-01-29,India,71.4
2019-01-30,India,71.24
2019-01-31,India,70.94
2019-02-01,India,71.41
2019-02-04,India,71.66
2019-02-05,India,71.52
2019-02-06,India,71.55
2019-02-07,India,71.3
2019-02-08,India,71.23
2019-02-11,India,71.15
2019-02-12,India,70.56
2019-02-13,India,70.86
2019-02-14,India,71.18
2019-02-15,India,71.36
2019-02-18,India,
2019-02-19,India,71.31
2019-02-20,India,
2019-02-21,India,71.15
2019-02-22,India,71.07
2019-02-25,India,70.82
2019-02-26,India,71.02
2019-02-27,India,71.15
2019-02-28,India,70.83
2019-03-01,India,70.9
2019-03-04,India,70.91
2019-03-05,India,70.55
2019-03-06,India,70.02
2019-03-07,India,70.09
2019-03-08,India,70.0
2019-03-11,India,69.82
2019-03-12,India,69.62
2019-03-13,India,69.52
2019-03-14,India,69.33
2019-03-15,India,68.94
2019-03-18,India,68.6
2019-03-19,India,69.02
2019-03-20,India,68.85
2019-03-21,India,68.72
2019-03-22,India,69.01
2019-03-25,India,68.88
2019-03-26,India,68.98
2019-03-27,India,69.13
2019-03-28,India,69.23
2019-03-29,India,69.16
2019-04-01,India,69.18
2019-04-02,India,68.91
2019-04-03,India,68.58
2019-04-04,India,69.03
2019-04-05,India,69.11
2019-04-08,India,69.56
2019-04-09,India,69.28
2019-04-10,India,69.12
2019-04-11,India,68.97
2019-04-12,India,69.21
2019-04-15,India,69.38
2019-04-16,India,69.51
2019-04-17,India,69.43
2019-04-18,India,69.42
2019-04-19,India,69.37
2019-04-22,India,69.64
2019-04-23,India,69.78
2019-04-24,India,69.91
2019-04-25,India,70.19
2019-04-26,India,69.93
2019-04-29,India,69.8
2019-04-30,India,69.64
2019-05-01,India,69.52
2019-05-02,India,69.4
2019-05-03,India,69.08
2019-05-06,India,69.4
2019-05-07,India,69.62
2019-05-08,India,69.73
2019-05-09,India,70.21
2019-05-10,India,70.02
2019-05-13,India,70.62
2019-05-14,India,70.3
2019-05-15,India,70.22
2019-05-16,India,70.08
2019-05-17,India,70.28
2019-05-20,India,69.59
2019-05-21,India,69.61
2019-05-22,India,69.71
2019-05-23,India,69.66
2019-05-24,India,69.37
2019-05-27,India,
2019-05-28,India,69.56
2019-05-29,India,69.8
2019-05-30,India,69.81
2019-05-31,India,69.63
2019-06-03,India,69.15
2019-06-04,India,69.28
2019-06-05,India,69.41
2019-06-06,India,69.21
2019-06-07,India,69.32
2019-06-10,India,69.49
2019-06-11,India,69.42
2019-06-12,India,69.35
2019-06-13,India,69.53
2019-06-14,India,69.81
2019-06-17,India,69.83
2019-06-18,India,69.6
2019-06-19,India,69.64
2019-06-20,India,69.44
2019-06-21,India,69.59
2019-06-24,India,69.32
2019-06-25,India,69.26
2019-06-26,India,69.18
2019-06-27,India,69.01
2019-06-28,India,68.92
2019-07-01,India,68.87
2019-07-02,India,68.87
2019-07-03,India,68.79
2019-07-04,India,
2019-07-05,India,68.48
2019-07-08,India,68.55
2019-07-09,India,68.54
2019-07-10,India,68.4
2019-07-11,India,68.4
2019-07-12,India,68.57
2019-07-15,India,68.52
2019-07-16,India,68.66
2019-07-17,India,68.84
2019-07-18,India,68.85
2019-07-19,India,68.82
2019-07-22,India,68.89
2019-07-23,India,68.99
2019-07-24,India,68.94
2019-07-25,India,69.03
2019-07-26,India,68.89
2019-07-29,India,68.73
2019-07-30,India,68.82
2019-07-31,India,68.81
2019-08-01,India,69.0
2019-08-02,India,69.65
2019-08-05,India,70.8
2019-08-06,India,70.9
2019-08-07,India,71.18
2019-08-08,India,70.62
2019-08-09,India,70.91
2019-08-12,India,71.27
2019-08-13,India,71.41
2019-08-14,India,71.27
2019-08-15,India,71.79
2019-08-16,India,71.15
2019-08-19,India,71.44
2019-08-20,India,71.54
2019-08-21,India,71.43
2019-08-22,India,71.9
2019-08-23,India,71.49
2019-08-26,India,72.02
2019-08-27,India,71.52
2019-08-28,India,71.75
2019-08-29,India,71.67
2019-08-30,India,71.45
2019-09-02,India,
2019-09-03,India,72.2
2019-09-04,India,72.11
2019-09-05,India,71.84
2019-09-06,India,71.68
2019-09-09,India,71.66
2019-09-10,India,71.89
2019-09-11,India,71.62
2019-09-12,India,70.91
2019-09-13,India,71.0
2019-09-16,India,71.53
2019-09-17,India,71.47
2019-09-18,India,71.16
2019-09-19,India,71.31
2019-09-20,India,71.05
2019-09-23,India,70.79
2019-09-24,India,70.94
2019-09-25,India,71.0
2019-09-26,India,70.93
2019-09-27,India,70.49
2019-09-30,India,70.64
2019-10-01,India,71.11
2019-10-02,India,71.17
2019-10-03,India,71.03
2019-10-04,India,70.86
2019-10-07,India,70.97
2019-10-08,India,71.21
2019-10-09,India,71.09
2019-10-10,India,70.98
2019-10-11,India,70.91
2019-10-14,India,
2019-10-15,India,71.48
2019-10-16,India,71.37
2019-10-17,India,71.09
2019-10-18,India,71.07
2019-10-21,India,70.9
2019-10-22,India,70.81
2019-10-23,India,70.81
2019-10-24,India,71.01
2019-10-25,India,70.78
2019-10-28,India,70.71
2019-10-29,India,70.86
2019-10-30,India,70.96
2019-10-31,India,71.01
2019-11-01,India,70.76
2019-11-04,India,70.79
2019-11-05,India,70.81
2019-11-06,India,70.96
2019-11-07,India,71.04
2019-11-08,India,71.35
2019-11-11,India,
2019-11-12,India,71.75
2019-11-13,India,72.12
2019-11-14,India,71.99
2019-11-15,India,71.6
2019-11-18,India,71.9
2019-11-19,India,71.86
2019-11-20,India,71.74
2019-11-21,India,71.75
2019-11-22,India,71.76
2019-11-25,India,71.69
2019-11-26,India,71.51
2019-11-27,India,71.26
2019-11-28,India,
2019-11-29,India,71.75
2019-12-02,India,71.65
2019-12-03,India,71.7
2019-12-04,India,71.47
2019-12-05,India,71.26
2019-12-06,India,71.26
2019-12-09,India,71.02
2019-12-10,India,70.84
2019-12-11,India,70.73
2019-12-12,India,70.62
2019-12-13,India,70.8
2019-12-16,India,70.89
2019-12-17,India,71.04
2019-12-18,India,70.97
2019-12-19,India,71.11
2019-12-20,India,71.07
2019-12-23,India,71.24
2019-12-24,India,71.23
2019-12-25,India,
2019-12-26,India,71.28
2019-12-27,India,71.45
2019-12-30,India,71.3
2019-12-31,India,71.36
2020-01-01,India,
2020-01-02,India,71.34
2020-01-03,India,71.76
2020-01-06,India,71.86
2020-01-07,India,71.84
2020-01-08,India,71.51
2020-01-09,India,71.16
2020-01-10,India,70.94
2020-01-13,India,70.74
2020-01-14,India,70.85
2020-01-15,India,70.69
2020-01-16,India,70.95
2020-01-17,India,71.08
2020-01-20,India,
2020-01-21,India,71.17
2020-01-22,India,71.07
2020-01-23,India,71.45
2020-01-24,India,71.31
2020-01-27,India,71.45
2020-01-28,India,71.24
2020-01-29,India,71.35
2020-01-30,India,71.57
2020-01-31,India,71.53
2020-02-03,India,71.32
2020-02-04,India,71.11
2020-02-05,India,71.19
2020-02-06,India,71.19
2020-02-07,India,71.47
2020-02-10,India,71.28
2020-02-11,India,71.25
2020-02-12,India,71.29
2020-02-13,India,71.27
2020-02-14,India,71.52
2020-02-17,India,
2020-02-18,India,71.56
2020-02-19,India,71.55
2020-02-20,India,71.67
2020-02-21,India,71.9
2020-02-24,India,71.92
2020-02-25,India,71.81
2020-02-26,India,71.58
2020-02-27,India,71.65
2020-02-28,India,72.53
2020-03-02,India,72.88
2020-03-03,India,73.03
2020-03-04,India,73.49
2020-03-05,India,73.5
2020-03-06,India,74.0
2020-03-09,India,74.21
2020-03-10,India,74.15
2020-03-11,India,73.68
2020-03-12,India,74.25
2020-03-13,India,73.86
2020-03-16,India,74.01
2020-03-17,India,74.26
2020-03-18,India,74.55
2020-03-19,India,74.78
2020-03-20,India,75.31
2020-03-23,India,76.29
2020-03-24,India,76.37
2020-03-25,India,76.36
2020-03-26,India,74.89
2020-03-27,India,75.47
2020-03-30,India,75.33
2020-03-31,India,75.39
2020-04-01,India,76.4
2020-04-02,India,76.34
2020-04-03,India,76.24
2020-04-06,India,75.95
2020-04-07,India,75.64
2020-04-08,India,75.96
2020-04-09,India,76.3
2020-04-10,India,75.87
2020-04-13,India,76.25
2020-04-14,India,76.11
2020-04-15,India,76.56
2020-04-16,India,76.75
2020-04-17,India,76.56
2020-04-20,India,76.56
2020-04-21,India,76.95
2020-04-22,India,76.44
2020-04-23,India,75.84
2020-04-24,India,76.26
2020-04-27,India,76.23
2020-04-28,India,75.96
2020-04-29,India,75.45
2020-04-30,India,75.08
2020-05-01,India,75.75
2020-05-04,India,75.64
2020-05-05,India,75.72
2020-05-06,India,76.08
2020-05-07,India,75.78
2020-05-08,India,75.58
2020-05-11,India,75.87
2020-05-12,India,75.03
2020-05-13,India,75.33
2020-05-14,India,75.48
2020-05-15,India,75.82
2020-05-18,India,75.74
2020-05-19,India,75.67
2020-05-20,India,75.47
2020-05-21,India,75.63
2020-05-22,India,75.99
2020-05-25,India,
2020-05-26,India,75.43
2020-05-27,India,75.88
2020-05-28,India,75.67
2020-05-29,India,75.59
2020-06-01,India,75.56
2020-06-02,India,75.03
2020-06-03,India,75.32
2020-06-04,India,75.43
2020-06-05,India,75.61
2020-06-08,India,75.44
2020-06-09,India,75.44
2020-06-10,India,75.65
2020-06-11,India,75.97
2020-06-12,India,76.03
2020-06-15,India,75.97
2020-06-16,India,76.19
2020-06-17,India,76.25
2020-06-18,India,76.32
2020-06-19,India,76.21
2020-06-22,India,75.76
2020-06-23,India,75.48
2020-06-24,India,75.65
2020-06-25,India,75.58
2020-06-26,India,75.63
2020-06-29,India,75.52
2020-06-30,India,75.53
2020-07-01,India,75.5
2020-07-02,India,74.78
2020-07-03,India,
2020-07-06,India,74.62
2020-07-07,India,74.81
2020-07-08,India,74.94
2020-07-09,India,75.12
2020-07-10,India,75.14
2020-07-13,India,75.16
2020-07-14,India,75.38
2020-07-15,India,75.11
2020-07-16,India,75.11
2020-07-17,India,74.93
2020-07-20,India,74.77
2020-07-21,India,74.54
2020-07-22,India,74.56
2020-07-23,India,74.81
2020-07-24,India,74.77
2020-07-27,India,74.77
2020-07-28,India,74.91
2020-07-29,India,74.92
2020-07-30,India,74.88
2020-07-31,India,74.9
2020-08-03,India,75.2
2020-08-04,India,75.06
2020-08-05,India,74.8
2020-08-06,India,74.87
2020-08-07,India,75.04
2020-08-10,India,74.91
2020-08-11,India,74.61
2020-08-12,India,74.73
2020-08-13,India,74.81
2020-08-14,India,74.87
2020-08-17,India,74.74
2020-08-18,India,74.62
2020-08-19,India,74.85
2020-08-20,India,75.01
2020-08-21,India,74.92
2020-08-24,India,74.17
2020-08-25,India,74.2
2020-08-26,India,74.22
2020-08-27,India,73.89
2020-08-28,India,73.11
2020-08-31,India,73.25
2020-09-01,India,73.0
2020-09-02,India,73.27
2020-09-03,India,73.39
2020-09-04,India,73.29
2020-09-07,India,
2020-09-08,India,73.78
2020-09-09,India,73.38
2020-09-10,India,73.43
2020-09-11,India,73.45
2020-09-14,India,73.42
2020-09-15,India,73.57
2020-09-16,India,73.54
2020-09-17,India,73.6
2020-09-18,India,73.54
2020-09-21,India,73.58
2020-09-22,India,73.5
2020-09-23,India,73.53
2020-09-24,India,73.9
2020-09-25,India,73.71
2020-09-28,India,73.79
2020-09-29,India,73.78
2020-09-30,India,73.54
2020-10-01,India,73.18
2020-10-02,India,73.35
2020-10-05,India,73.09
2020-10-06,India,73.4
2020-10-07,India,73.28
2020-10-08,India,73.33
2020-10-09,India,72.98
2020-10-12,India,
2020-10-13,India,73.45
2020-10-14,India,73.24
2020-10-15,India,73.48
2020-10-16,India,73.42
2020-10-19,India,73.31
2020-10-20,India,73.47
2020-10-21,India,73.62
2020-10-22,India,73.65
2020-10-23,India,73.86
2020-10-26,India,73.93
2020-10-27,India,73.62
2020-10-28,India,74.19
2020-10-29,India,74.42
2020-10-30,India,74.59
2020-11-02,India,74.51
2020-11-03,India,74.61
2020-11-04,India,74.36
2020-11-05,India,73.93
2020-11-06,India,73.96
2020-11-09,India,74.03
2020-11-10,India,74.31
2020-11-11,India,
2020-11-12,India,74.63
2020-11-13,India,74.56
2020-11-16,India,74.41
2020-11-17,India,74.42
2020-11-18,India,74.1
2020-11-19,India,74.16
2020-11-20,India,74.12
2020-11-23,India,74.21
2020-11-24,India,74.08
2020-11-25,India,73.75
2020-11-26,India,
2020-11-27,India,
2020-11-30,India,74.01
2020-12-01,India,73.51
2020-12-02,India,73.72
2020-12-03,India,73.8
2020-12-04,India,73.78
2020-12-07,India,73.83
2020-12-08,India,73.68
2020-12-09,India,73.71
2020-12-10,India,73.72
2020-12-11,India,73.73
2020-12-14,India,73.64
2020-12-15,India,73.56
2020-12-16,India,73.65
2020-12-17,India,73.53
2020-12-18,India,73.53
2020-12-21,India,74.03
2020-12-22,India,73.85
2020-12-23,India,73.77
2020-12-24,India,
2020-12-25,India,
2020-12-28,India,73.5
2020-12-29,India,73.33
2020-12-30,India,73.13
2020-12-31,India,73.01
2021-01-01,India,
2021-01-04,India,73.08
2021-01-05,India,73.15
2021-01-06,India,73.15
2021-01-07,India,73.43
2021-01-08,India,73.31
2021-01-11,India,73.5
2021-01-12,India,73.26
2021-01-13,India,73.07
2021-01-14,India,73.11
2021-01-15,India,73.08
2021-01-18,India,
2021-01-19,India,73.2
2021-01-20,India,
2021-01-21,India,72.96
2021-01-22,India,72.98
2021-01-25,India,73.01
2021-01-26,India,72.9
2021-01-27,India,73.05
2021-01-28,India,72.91
2021-01-29,India,72.84
2021-02-01,India,73.11
2021-02-02,India,72.95
2021-02-03,India,72.84
2021-02-04,India,72.93
2021-02-05,India,72.85
2021-02-08,India,72.9
2021-02-09,India,72.83
2021-02-10,India,72.82
2021-02-11,India,72.69
2021-02-12,India,72.6
2021-02-15,India,
2021-02-16,India,72.86
2021-02-17,India,72.81
2021-02-18,India,72.65
2021-02-19,India,72.5
2021-02-22,India,72.48
2021-02-23,India,72.44
2021-02-24,India,72.38
2021-02-25,India,72.74
2021-02-26,India,73.92
2021-03-01,India,73.4
2021-03-02,India,73.29
2021-03-03,India,72.85
2021-03-04,India,72.73
2021-03-05,India,73.21
2021-03-08,India,73.32
2021-03-09,India,72.89
2021-03-10,India,72.86
2021-03-11,India,72.69
2021-03-12,India,72.71
2021-03-15,India,72.58
2021-03-16,India,72.52
2021-03-17,India,72.56
2021-03-18,India,72.63
2021-03-19,India,72.45
2021-03-22,India,72.37
2021-03-23,India,72.52
2021-03-24,India,72.59
2021-03-25,India,72.69
2021-03-26,India,72.65
2021-03-29,India,72.75
2021-03-30,India,73.45
2021-03-31,India,73.14
2021-04-01,India,73.32
2021-04-02,India,73.37
2021-04-05,India,73.29
2021-04-06,India,73.49
2021-04-07,India,74.35
2021-04-08,India,74.57
2021-04-09,India,74.72
2021-04-12,India,75.03
2021-04-13,India,75.27
2021-04-14,India,75.07
2021-04-15,India,74.81
2021-04-16,India,74.48
2021-04-19,India,74.87
2021-04-20,India,75.38
2021-04-21,India,75.42
2021-04-22,India,75.11
2021-04-23,India,74.97
2021-04-26,India,74.75
2021-04-27,India,74.58
2021-04-28,India,74.49
2021-04-29,India,74.07
2021-04-30,India,74.0
2021-05-03,India,73.82
2021-05-04,India,73.8
2021-05-05,India,73.81
2021-05-06,India,73.64
2021-05-07,India,73.27
2021-05-10,India,73.41
2021-05-11,India,73.39
2021-05-12,India,73.53
2021-05-13,India,73.48
2021-05-14,India,73.23
2021-05-17,India,73.3
2021-05-18,India,73.04
2021-05-19,India,73.2
2021-05-20,India,73.03
2021-05-21,India,72.82
2021-05-24,India,72.86
2021-05-25,India,72.78
2021-05-26,India,72.71
2021-05-27,India,72.59
2021-05-28,India,72.42
2021-05-31,India,
2021-06-01,India,72.83
2021-06-02,India,72.97
2021-06-03,India,73.01
2021-06-04,India,72.87
2021-06-07,India,72.8
2021-06-08,India,72.93
2021-06-09,India,72.98
2021-06-10,India,73.1
2021-06-11,India,73.24
2021-06-14,India,73.16
2021-06-15,India,73.35
2021-06-16,India,73.31
2021-06-17,India,74.16
2021-06-18,India,74.14
2021-06-21,India,74.18
2021-06-22,India,74.37
2021-06-23,India,74.13
2021-06-24,India,74.14
2021-06-25,India,74.14
2021-06-28,India,74.29
2021-06-29,India,74.29
2021-06-30,India,74.33
2021-07-01,India,74.56
2021-07-02,India,74.51
2021-07-05,India,
2021-07-06,India,74.58
2021-07-07,India,74.81
2021-07-08,India,74.76
2021-07-09,India,74.53
2021-07-12,India,74.56
2021-07-13,India,74.51
2021-07-14,India,74.54
2021-07-15,India,74.55
2021-07-16,India,74.61
2021-07-19,India,74.85
2021-07-20,India,74.6
2021-07-21,India,74.49
2021-07-22,India,74.46
2021-07-23,India,74.44
2021-07-26,India,74.35
2021-07-27,India,74.5
2021-07-28,India,74.52
2021-07-29,India,74.25
2021-07-30,India,74.34
2021-08-02,India,74.35
2021-08-03,India,74.25
2021-08-04,India,74.15
2021-08-05,India,74.1
2021-08-06,India,74.19
2021-08-09,India,74.31
2021-08-10,India,74.5
2021-08-11,India,74.25
2021-08-12,India,74.31
2021-08-13,India,74.24
2021-08-16,India,74.19
2021-08-17,India,74.38
2021-08-18,India,74.27
2021-08-19,India,74.38
2021-08-20,India,74.35
2021-08-23,India,74.12
2021-08-24,India,74.13
2021-08-25,India,74.23
2021-08-26,India,74.13
2021-08-27,India,73.47
2021-08-30,India,73.29
2021-08-31,India,72.95
2021-09-01,India,72.99
2021-09-02,India,72.99
2021-09-03,India,72.98
2021-09-06,India,
2021-09-07,India,73.44
2021-09-08,India,73.84
2021-09-09,India,73.52
2021-09-10,India,73.52
2021-09-13,India,73.58
2021-09-14,India,73.64
2021-09-15,India,73.47
2021-09-16,India,73.56
2021-09-17,India,73.64
2021-09-20,India,73.65
2021-09-21,India,73.71
2021-09-22,India,73.8
2021-09-23,India,73.7
2021-09-24,India,73.81
2021-09-27,India,73.86
2021-09-28,India,74.21
2021-09-29,India,74.28
2021-09-30,India,74.16
2021-10-01,India,74.15
2021-10-04,India,74.46
2021-10-05,India,74.51
2021-10-06,India,74.82
2021-10-07,India,74.85
2021-10-08,India,75.05
2021-10-11,India,
2021-10-12,India,75.46
2021-10-13,India,75.33
2021-10-14,India,75.18
2021-10-15,India,74.98
2021-10-18,India,75.32
2021-10-19,India,75.06
2021-10-20,India,74.83
2021-10-21,India,74.8
2021-10-22,India,74.87
2021-10-25,India,75.05
2021-10-26,India,74.9
2021-10-27,India,75.01
2021-10-28,India,74.77
2021-10-29,India,75.0
2021-11-01,India,74.83
2021-11-02,India,74.63
2021-11-03,India,74.51
2021-11-04,India,74.53
2021-11-05,India,74.22
2021-11-08,India,73.91
2021-11-09,India,74.1
2021-11-10,India,74.26
2021-11-11,India,
2021-11-12,India,74.4
2021-11-15,India,74.35
2021-11-16,India,74.48
2021-11-17,India,74.28
2021-11-18,India,74.25
2021-11-19,India,74.25
2021-11-22,India,74.37
2021-11-23,India,74.49
2021-11-24,India,74.57
2021-11-25,India,
2021-11-26,India,74.89
2021-11-29,India,75.12
2021-11-30,India,75.1
2021-12-01,India,74.83
2021-12-02,India,74.89
2021-12-03,India,75.24
2021-12-06,India,75.39
2021-12-07,India,75.43
2021-12-08,India,75.4
2021-12-09,India,75.58
2021-12-10,India,75.66
2021-12-13,India,75.78
2021-12-14,India,75.98
2021-12-15,India,76.38
2021-12-16,India,76.18
2021-12-17,India,75.98
2021-12-20,India,75.82
2021-12-21,India,75.67
2021-12-22,India,75.45
2021-12-23,India,75.02
2021-12-24,India,
2021-12-27,India,74.97
2021-12-28,India,74.67
2021-12-29,India,74.58
2021-12-30,India,74.39
2021-12-31,India,
2022-01-03,India,74.32
2022-01-04,India,74.52
2022-01-05,India,74.31
2022-01-06,India,74.4
2022-01-07,India,74.27
2022-01-10,India,74.06
2022-01-11,India,73.81
2022-01-12,India,73.77
2022-01-13,India,73.96
2022-01-14,India,74.08
2022-01-17,India,
2022-01-18,India,74.56
2022-01-19,India,74.39
2022-01-20,India,74.32
2022-01-21,India,74.28
2022-01-24,India,74.72
2022-01-25,India,74.73
2022-01-26,India,74.87
2022-01-27,India,75.18
2022-01-28,India,75.0
2022-01-31,India,74.6
2022-02-01,India,74.78
2022-02-02,India,74.77
2022-02-03,India,74.71
2022-02-04,India,74.61
2022-02-07,India,74.68
2022-02-08,India,74.71
2022-02-09,India,74.8
2022-02-10,India,75.07
2022-02-11,India,75.34
2022-02-14,India,75.63
2022-02-15,India,75.2
2022-02-16,India,75.03
2022-02-17,India,75.02
2022-02-18,India,74.63
2022-02-21,India,
2022-02-22,India,74.65
2022-02-23,India,74.6
2022-02-24,India,75.61
2022-02-25,India,75.09
2022-02-28,India,75.49
2022-03-01,India,75.79
2022-03-02,India,75.61
2022-03-03,India,75.94
2022-03-04,India,76.42
2022-03-07,India,76.91
2022-03-08,India,77.07
2022-03-09,India,76.36
2022-03-10,India,76.37
2022-03-11,India,76.48
2022-03-14,India,76.45
2022-03-15,India,76.41
2022-03-16,India,76.17
2022-03-17,India,75.94
2022-03-18,India,76.03
2022-03-21,India,76.19
2022-03-22,India,76.06
2022-03-23,India,76.46
2022-03-24,India,76.18
2022-03-25,India,76.25
2022-03-28,India,76.06
2022-03-29,India,75.58
2022-03-30,India,75.76
2022-03-31,India,75.87
2022-04-01,India,75.96
2022-04-04,India,75.42
2022-04-05,India,75.31
2022-04-06,India,75.92
2022-04-07,India,75.9
2022-04-08,India,75.93
2022-04-11,India,75.85
2022-04-12,India,76.02
2022-04-13,India,76.14
2022-04-14,India,76.19
2022-04-15,India,76.32
2022-04-18,India,76.22
2022-04-19,India,76.39
2022-04-20,India,76.24
2022-04-21,India,76.23
2022-04-22,India,76.49
2022-04-25,India,76.72
2022-04-26,India,76.61
2022-04-27,India,76.61
2022-04-28,India,76.66
2022-04-29,India,76.48
2022-05-02,India,76.49
2022-05-03,India,76.49
2022-05-04,India,76.24
2022-05-05,India,76.54
2022-05-06,India,76.9
2022-05-09,India,77.45
2022-05-10,India,77.31
2022-05-11,India,77.28
2022-05-12,India,77.39
2022-05-13,India,77.42
2022-05-16,India,77.82
2022-05-17,India,77.46
2022-05-18,India,77.71
2022-05-19,India,77.45
2022-05-20,India,77.79
2022-05-23,India,77.51
2022-05-24,India,77.5
2022-05-25,India,77.58
2022-05-26,India,77.66
2022-05-27,India,77.58
2022-05-30,India,
2022-05-31,India,77.59
2022-06-01,India,77.59
2022-06-02,India,77.41
2022-06-03,India,77.59
2022-06-06,India,77.83
2022-06-07,India,77.66
2022-06-08,India,77.65
2022-06-09,India,77.84
2022-06-10,India,78.08
2022-06-13,India,78.08
2022-06-14,India,78.01
2022-06-15,India,78.12
2022-06-16,India,78.0
2022-06-17,India,78.0
2022-06-20,India,
2022-06-21,India,78.08
2022-06-22,India,78.21
2022-06-23,India,78.14
2022-06-24,India,78.25
2022-06-27,India,78.45
2022-06-28,India,78.97
2022-06-29,India,78.91
2022-06-30,India,79.02
2022-07-01,India,78.89
2022-07-04,India,
2022-07-05,India,79.27
2022-07-06,India,79.02
2022-07-07,India,79.12
2022-07-08,India,79.25
2022-07-11,India,79.46
2022-07-12,India,79.45
2022-07-13,India,79.68
2022-07-14,India,79.94
2022-07-15,India,79.74
2022-07-18,India,79.99
2022-07-19,India,79.88
2022-07-20,India,79.96
2022-07-21,India,79.85
2022-07-22,India,79.83
2022-07-25,India,79.79
2022-07-26,India,79.82
2022-07-27,India,79.92
2022-07-28,India,79.64
2022-07-29,India,79.33
2022-08-01,India,78.93
2022-08-02,India,78.49
2022-08-03,India,79.13
2022-08-04,India,79.23
2022-08-05,India,79.36
2022-08-08,India,79.58
2022-08-09,India,79.65
2022-08-10,India,79.07
2022-08-11,India,79.54
2022-08-12,India,79.65
2022-08-15,India,79.48
2022-08-16,India,79.31
2022-08-17,India,79.41
2022-08-18,India,79.66
2022-08-19,India,79.89
2022-08-22,India,79.86
2022-08-23,India,79.81
2022-08-24,India,79.82
2022-08-25,India,79.9
2022-08-26,India,79.87
2022-08-29,India,79.96
2022-08-30,India,79.6
2022-08-31,India,79.45
2022-09-01,India,79.65
2022-09-02,India,79.7
2022-09-05,India,
2022-09-06,India,79.86
2022-09-07,India,79.82
2022-09-08,India,79.71
2022-09-09,India,79.61
2022-09-12,India,79.35
2022-09-13,India,79.49
2022-09-14,India,79.41
2022-09-15,India,79.82
2022-09-16,India,79.66
2022-09-19,India,79.71
2022-09-20,India,79.72
2022-09-21,India,79.96
2022-09-22,India,81.0
2022-09-23,India,81.11
2022-09-26,India,81.6
2022-09-27,India,81.63
2022-09-28,India,81.61
2022-09-29,India,81.54
2022-09-30,India,81.37
2022-10-03,India,81.56
2022-10-04,India,81.45
2022-10-05,India,81.5
2022-10-06,India,82.06
2022-10-07,India,82.32
2022-10-10,India,
2022-10-11,India,82.22
2022-10-12,India,82.25
2022-10-13,India,82.28
2022-10-14,India,82.28
2022-10-17,India,82.16
2022-10-18,India,82.29
2022-10-19,India,82.95
2022-10-20,India,82.66
2022-10-21,India,82.58
2022-10-24,India,82.68
2022-10-25,India,82.44
2022-10-26,India,82.73
2022-10-27,India,82.36
2022-10-28,India,82.33
2022-10-31,India,82.73
2022-11-01,India,82.62
2022-11-02,India,82.72
2022-11-03,India,82.76
2022-11-04,India,82.03
2022-11-07,India,81.95
2022-11-08,India,81.27
2022-11-09,India,81.25
2022-11-10,India,80.72
2022-11-11,India,
2022-11-14,India,80.98
2022-11-15,India,80.94
2022-11-16,India,81.46
2022-11-17,India,81.69
2022-11-18,India,81.76
2022-11-21,India,81.68
2022-11-22,India,81.69
2022-11-23,India,81.71
2022-11-24,India,
2022-11-25,India,81.73
2022-11-28,India,81.61
2022-11-29,India,81.61
2022-11-30,India,81.43
2022-12-01,India,81.17
2022-12-02,India,81.41
2022-12-05,India,81.77
2022-12-06,India,82.42
2022-12-07,India,82.31
2022-12-08,India,82.29
2022-12-09,India,82.46
2022-12-12,India,82.67
2022-12-13,India,82.49
2022-12-14,India,82.5
2022-12-15,India,82.75
2022-12-16,India,82.71
2022-12-19,India,82.65
2022-12-20,India,82.58
2022-12-21,India,82.81
2022-12-22,India,82.93
2022-12-23,India,82.86
2022-12-26,India,
2022-12-27,India,82.88
2022-12-28,India,82.74
2022-12-29,India,82.83
2022-12-30,India,82.72
2023-01-02,India,
2023-01-03,India,82.86
2023-01-04,India,82.72
2023-01-05,India,82.57
2023-01-06,India,82.72
2023-01-09,India,82.36
2023-01-10,India,81.6
2023-01-11,India,81.6
2023-01-12,India,81.19
2023-01-13,India,81.31
2023-01-16,India,
2023-01-17,India,81.57
2023-01-18,India,81.33
2023-01-19,India,81.28
2023-01-20,India,80.99
2023-01-23,India,81.41
2023-01-24,India,81.53
2023-01-25,India,81.49
2023-01-26,India,81.59
2023-01-27,India,81.54
2023-01-30,India,81.47
2023-01-31,India,81.69
2023-02-01,India,81.73
2023-02-02,India,82.03
2023-02-03,India,82.21
2023-02-06,India,82.77
2023-02-07,India,82.81
2023-02-08,India,82.65
2023-02-09,India,82.44
2023-02-10,India,82.47
2023-02-13,India,82.72
2023-02-14,India,82.86
2023-02-15,India,82.78
2023-02-16,India,82.74
2023-02-17,India,82.73
2023-02-20,India,
2023-02-21,India,82.85
2023-02-22,India,82.78
2023-02-23,India,82.59
2023-02-24,India,82.97
2023-02-27,India,82.69
2023-02-28,India,82.57
2023-03-01,India,82.43
2023-03-02,India,82.41
2023-03-03,India,81.98
2023-03-06,India,81.77
2023-03-07,India,81.93
2023-03-08,India,81.86
2023-03-09,India,82.02
2023-03-10,India,81.93
2023-03-13,India,82.19
2023-03-14,India,82.25
2023-03-15,India,82.84
2023-03-16,India,82.63
2023-03-17,India,82.56
2023-03-20,India,82.55
2023-03-21,India,82.59
2023-03-22,India,82.66
2023-03-23,India,82.07
2023-03-24,India,82.34
2023-03-27,India,82.24
2023-03-28,India,82.17
2023-03-29,India,82.18
2023-03-30,India,82.34
2023-03-31,India,82.19
2023-04-03,India,82.24
2023-04-04,India,82.33
2023-04-05,India,81.89
2023-04-06,India,81.86
2023-04-07,India,81.85
2023-04-10,India,82.01
2023-04-11,India,82.04
2023-04-12,India,81.98
2023-04-13,India,81.65
2023-04-14,India,81.88
2023-04-17,India,81.98
2023-04-18,India,82.08
2023-04-19,India,82.18
2023-04-20,India,82.1
2023-04-21,India,82.06
2023-04-24,India,81.9
2023-04-25,India,81.92
2023-04-26,India,81.74
2023-04-27,India,81.84
2023-04-28,India,81.84
2023-05-01,India,81.84
2023-05-02,India,81.89
2023-05-03,India,81.83
2023-05-04,India,81.73
2023-05-05,India,81.81
2023-05-08,India,81.78
2023-05-09,India,82.04
2023-05-10,India,81.94
2023-05-11,India,82.13
2023-05-12,India,82.17
2023-05-15,India,82.3
2023-05-16,India,82.26
2023-05-17,India,82.39
2023-05-18,India,82.77
2023-05-19,India,82.65
2023-05-22,India,82.83
2023-05-23,India,82.84
2023-05-24,India,82.66
2023-05-25,India,82.76
2023-05-26,India,82.58
2023-05-29,India,
2023-05-30,India,82.67
2023-05-31,India,82.68
2023-06-01,India,82.41
2023-06-02,India,82.35
2023-06-05,India,82.67
2023-06-06,India,82.61
2023-06-07,India,82.5
2023-06-08,India,82.57
2023-06-09,India,82.46
2023-06-12,India,82.43
2023-06-13,India,82.38
2023-06-14,India,82.1
2023-06-15,India,82.18
2023-06-16,India,81.89
2023-06-19,India,
2023-06-20,India,82.11
2023-06-21,India,82.04
2023-06-22,India,81.93
2023-06-23,India,82.01
2023-06-26,India,82.0
2023-06-27,India,81.98
2023-06-28,India,82.0
2023-06-29,India,82.05
2023-06-30,India,82.06
2023-07-03,India,81.96
2023-07-04,India,
2023-07-05,India,82.34
2023-07-06,India,82.49
2023-07-07,India,82.74
2023-07-10,India,82.57
2023-07-11,India,82.39
2023-07-12,India,82.03
2023-07-13,India,82.04
2023-07-14,India,82.16
2023-07-17,India,82.03
2023-07-18,India,82.03
2023-07-19,India,82.09
2023-07-20,India,81.99
2023-07-21,India,81.99
2023-07-24,India,81.81
2023-07-25,India,81.87
2023-07-26,India,81.99
2023-07-27,India,82.15
2023-07-28,India,82.22
2023-07-31,India,82.24
2023-08-01,India,82.25
2023-08-02,India,82.58
2023-08-03,India,82.74
2023-08-04,India,82.83
2023-08-07,India,82.75
2023-08-08,India,82.85
2023-08-09,India,82.84
2023-08-10,India,82.69
2023-08-11,India,82.87
2023-08-14,India,83.17
2023-08-15,India,82.94
2023-08-16,India,83.19
2023-08-17,India,83.09
2023-08-18,India,83.14
2023-08-21,India,83.1
2023-08-22,India,82.94
2023-08-23,India,82.69
2023-08-24,India,82.57
2023-08-25,India,82.64
2023-08-28,India,82.6
2023-08-29,India,82.7
2023-08-30,India,82.73
2023-08-31,India,82.78
2023-09-01,India,82.69
2023-09-04,India,
2023-09-05,India,83.03
2023-09-06,India,83.14
2023-09-07,India,83.21
2023-09-08,India,82.93
2023-09-11,India,83.03
2023-09-12,India,82.86
2023-09-13,India,82.93
2023-09-14,India,83.02
2023-09-15,India,83.15
2023-09-18,India,83.27
2023-09-19,India,83.27
2023-09-20,India,83.07
2023-09-21,India,83.11
2023-09-22,India,82.95
2023-09-25,India,83.11
2023-09-26,India,83.24
2023-09-27,India,83.18
2023-09-28,India,83.13
2023-09-29,India,83.08
2023-10-02,India,83.04
2023-10-03,India,83.22
2023-10-04,India,83.25
2023-10-05,India,83.24
2023-10-06,India,83.25
2023-10-09,India,
2023-10-10,India,83.25
2023-10-11,India,83.18
2023-10-12,India,83.28
2023-10-13,India,83.26
2023-10-16,India,83.28
2023-10-17,India,83.22
2023-10-18,India,83.25
2023-10-19,India,83.1
2023-10-20,India,83.14
2023-10-23,India,83.19
2023-10-24,India,83.19
2023-10-25,India,83.18
2023-10-26,India,83.24
2023-10-27,India,83.27
2023-10-30,India,83.25
2023-10-31,India,83.26
2023-11-01,India,83.24
2023-11-02,India,83.22
2023-11-03,India,83.14
2023-11-06,India,83.19
2023-11-07,India,83.22
2023-11-08,India,83.28
2023-11-09,India,83.25
2023-11-10,India,
2023-11-13,India,83.32
2023-11-14,India,83.32
2023-11-15,India,83.11
2023-11-16,India,83.22
2023-11-17,India,83.25
2023-11-20,India,83.33
2023-11-21,India,83.26
2023-11-22,India,83.29
2023-11-23,India,
2023-11-24,India,83.34
2023-11-27,India,83.34
2023-11-28,India,83.33
2023-11-29,India,83.31
2023-11-30,India,83.36
2023-12-01,India,83.27
2023-12-04,India,83.4
2023-12-05,India,83.33
2023-12-06,India,83.32
2023-12-07,India,83.32
2023-12-08,India,83.38
2023-12-11,India,83.38
2023-12-12,India,83.37
2023-12-13,India,83.4
2023-12-14,India,83.28
2023-12-15,India,83.02
2023-12-18,India,83.04
2023-12-19,India,83.18
2023-12-20,India,83.14
2023-12-21,India,83.27
2023-12-22,India,83.12
2023-12-25,India,
2023-12-26,India,83.17
2023-12-27,India,83.35
2023-12-28,India,83.15
2023-12-29,India,83.19
2024-01-01,India,
2024-01-02,India,83.31
2024-01-03,India,83.3
2024-01-04,India,83.21
2024-01-05,India,83.16
2024-01-08,India,83.13
2024-01-09,India,83.09
2024-01-10,India,83.01
2024-01-11,India,83.03
2024-01-12,India,82.92
2024-01-15,India,
2024-01-16,India,83.05
2024-01-17,India,83.14
2024-01-18,India,83.15
2024-01-19,India,83.09
2024-01-22,India,83.08
2024-01-23,India,83.15
2024-01-24,India,83.09
2024-01-25,India,83.08
2024-01-26,India,83.11
2024-01-29,India,83.12
2024-01-30,India,83.11
2024-01-31,India,83.02
2024-02-01,India,82.95
2024-02-02,India,82.92
2024-02-05,India,83.04
2024-02-06,India,83.03
2024-02-07,India,82.97
2024-02-08,India,82.97
2024-02-09,India,83.0
2024-02-12,India,82.95
2024-02-13,India,83.06
2024-02-14,India,83.02
2024-02-15,India,83.0
2024-02-16,India,83.02
2024-02-19,India,
2024-02-20,India,82.88
2024-02-21,India,82.96
2024-02-22,India,82.86
2024-02-23,India,82.86
2024-02-26,India,82.85
2024-02-27,India,82.88
2024-02-28,India,82.88
2024-02-29,India,82.87
2024-03-01,India,82.91
2024-03-04,India,82.88
2024-03-05,India,82.86
2024-03-06,India,82.78
2024-03-07,India,82.78
2024-03-08,India,82.73
2024-03-11,India,82.72
2024-03-12,India,82.77
2024-03-13,India,82.81
2024-03-14,India,82.82
2024-03-15,India,82.86
2024-03-18,India,82.89
2024-03-19,India,83.01
2024-03-20,India,83.18
2024-03-21,India,83.15
2024-03-22,India,83.53
2024-03-25,India,83.42
2024-03-26,India,83.32
2024-03-27,India,83.34
2024-03-28,India,83.35
2024-03-29,India,83.34
2024-04-01,India,83.36
2024-04-02,India,83.32
2024-04-03,India,83.43
2024-04-04,India,83.44
2024-04-05,India,83.29
2024-04-08,India,83.25
2024-04-09,India,83.18
2024-04-10,India,83.37
2024-04-11,India,83.19
2024-04-12,India,83.59
2024-04-15,India,83.48
2024-04-16,India,83.54
2024-04-17,India,83.54
2024-04-18,India,83.53
2024-04-19,India,83.46
2024-04-22,India,83.47
2024-04-23,India,83.36
2024-04-24,India,83.34
2024-04-25,India,83.31
2024-04-26,India,83.38
2024-04-29,India,83.46
2024-04-30,India,83.44
2024-05-01,India,83.45
2024-05-02,India,83.44
2024-05-03,India,83.43
2024-05-06,India,83.48
2024-05-07,India,83.51
2024-05-08,India,83.45
2024-05-09,India,83.51
2024-05-10,India,83.54
2024-05-13,India,83.48
2024-05-14,India,83.5
2024-05-15,India,83.46
2024-05-16,India,83.46
2024-05-17,India,83.34
2024-05-20,India,83.34
2024-05-21,India,83.31
2024-05-22,India,83.26
2024-05-23,India,83.27
2024-05-24,India,83.09
2024-05-27,India,
2024-05-28,India,83.16
2024-05-29,India,83.33
2024-05-30,India,83.28
2024-05-31,India,83.43
2024-06-03,India,83.14
2024-06-04,India,83.52
2024-06-05,India,83.37
2024-06-06,India,83.47
2024-06-07,India,83.38
2024-06-10,India,83.5
2024-06-11,India,83.5
2024-06-12,India,83.57
2024-06-13,India,83.52
2024-06-14,India,83.54
2024-06-17,India,83.52
2024-06-18,India,83.42
2024-06-19,India,
2024-06-20,India,83.62
2024-06-21,India,83.53
2024-06-24,India,83.42
2024-06-25,India,83.4
2024-06-26,India,83.55
2024-06-27,India,83.44
2024-06-28,India,83.33
2024-07-01,India,83.44
2024-07-02,India,83.5
2024-07-03,India,83.48
2024-07-04,India,
2024-07-05,India,83.47
2024-07-08,India,83.45
2024-07-09,India,83.47
2024-07-10,India,83.5
2024-07-11,India,83.57
2024-07-12,India,83.48
2024-07-15,India,83.55
2024-07-16,India,83.6
2024-07-17,India,83.55
2024-07-18,India,83.58
2024-07-19,India,83.7
2024-07-22,India,83.65
2024-07-23,India,83.68
2024-07-24,India,83.72
2024-07-25,India,83.7
2024-07-26,India,83.7
2024-07-29,India,83.75
2024-07-30,India,83.7
2024-07-31,India,83.73
2024-08-01,India,83.7
2024-08-02,India,83.79
2024-08-05,India,83.83
2024-08-06,India,83.91
2024-08-07,India,83.96
2024-08-08,India,83.95
2024-08-09,India,83.92
2024-08-12,India,83.92
2024-08-13,India,83.97
2024-08-14,India,83.91
2024-08-15,India,83.94
2024-08-16,India,83.95
2024-08-19,India,83.82
2024-08-20,India,83.79
2024-08-21,India,83.93
2024-08-22,India,83.93
2024-08-23,India,83.91
2024-08-26,India,83.87
2024-08-27,India,83.91
2024-08-28,India,83.9
2024-08-29,India,83.84
2024-08-30,India,83.83
2024-09-02,India,
2024-09-03,India,83.94
2024-09-04,India,83.95
2024-09-05,India,83.96
2024-09-06,India,83.91
2024-09-09,India,83.93
2024-09-10,India,83.95
2024-09-11,India,83.95
2024-09-12,India,83.92
2024-09-13,India,83.88
2024-09-16,India,83.89
2024-09-17,India,83.75
2024-09-18,India,83.75
2024-09-19,India,83.68
2024-09-20,India,83.57
2024-09-23,India,83.53
2024-09-24,India,83.66
2024-09-25,India,83.56
2024-09-26,India,83.6
2024-09-27,India,83.68
2024-09-30,India,83.76
2024-10-01,India,83.81
2024-10-02,India,83.81
2024-10-03,India,84.0
2024-10-04,India,83.99
2024-10-07,India,83.96
2024-10-08,India,83.95
2024-10-09,India,83.93
2024-10-10,India,83.94
2024-10-11,India,84.08
2024-10-14,India,
2024-10-15,India,84.04
2024-10-16,India,84.01
2024-10-17,India,84.04
2024-10-18,India,84.03
2024-10-21,India,84.07
2024-10-22,India,84.06
2024-10-23,India,84.06
2024-10-24,India,84.05
2024-10-25,India,84.06
2024-10-28,India,84.05
2024-10-29,India,84.04
2024-10-30,India,84.07
2024-10-31,India,84.06
2024-11-01,India,84.03
2024-11-04,India,84.11
2024-11-05,India,84.1
2024-11-06,India,84.31
2024-11-07,India,84.37
2024-11-08,India,84.34
2024-11-11,India,
2024-11-12,India,84.38
2024-11-13,India,84.39
2024-11-14,India,84.42
2024-11-15,India,84.41
2024-11-18,India,84.37
2024-11-19,India,84.36
2024-11-20,India,84.41
2024-11-21,India,84.48
2024-11-22,India,84.44
2024-11-25,India,84.24
2024-11-26,India,84.27
2024-11-27,India,84.41
2024-11-28,India,
2024-11-29,India,84.48
2024-12-02,India,84.74
2024-12-03,India,84.68
2024-12-04,India,84.69
2024-12-05,India,84.68
2024-12-06,India,84.67
2024-12-09,India,84.72
2024-12-10,India,84.84
2024-12-11,India,84.8
2024-12-12,India,84.84
2024-12-13,India,84.78
2024-12-16,India,84.89
2024-12-17,India,84.91
2024-12-18,India,84.95
2024-12-19,India,85.09
2024-12-20,India,85.02
2024-12-23,India,85.1
2024-12-24,India,85.14
2024-12-25,India,
2024-12-26,India,85.25
2024-12-27,India,85.53
2024-12-30,India,85.47
2024-12-31,India,85.55
2025-01-01,India,
2025-01-02,India,85.75
2025-01-03,India,85.75
2025-01-06,India,85.7
2025-01-07,India,85.74
2025-01-08,India,85.89
2025-01-09,India,85.87
2025-01-10,India,85.96
2025-01-13,India,86.69
2025-01-14,India,86.63
2025-01-15,India,86.37
2025-01-16,India,86.57
2025-01-17,India,86.55
2025-01-20,India,
2025-01-21,India,86.58
2025-01-22,India,86.34
2025-01-23,India,86.42
2025-01-24,India,86.2
2025-01-27,India,86.34
2025-01-28,India,86.52
2025-01-29,India,86.61
2025-01-30,India,86.55
2025-01-31,India,86.54
2025-02-03,India,87.19
2025-02-04,India,87.06
2025-02-05,India,87.08
2025-02-06,India,87.57
2025-02-07,India,87.43
2025-02-10,India,87.45
2025-02-11,India,86.76
2025-02-12,India,86.9
2025-02-13,India,86.89
2025-02-14,India,86.82
2025-02-17,India,
2025-02-18,India,86.96
2025-02-19,India,86.96
2025-02-20,India,86.65
2025-02-21,India,86.7
2025-02-24,India,86.72
2025-02-25,India,87.2
2025-02-26,India,87.2
2025-02-27,India,87.17
2025-02-28,India,87.5
2025-03-03,India,87.35
2025-03-04,India,87.26
2025-03-05,India,86.95
2025-03-06,India,87.11
2025-03-07,India,86.88
2025-03-10,India,87.27
2025-03-11,India,87.16
2025-03-12,India,87.16
2025-03-13,India,87.0
2025-03-14,India,87.0
2025-03-17,India,86.79
2025-03-18,India,86.5
2025-03-19,India,86.43
2025-03-20,India,86.31
2025-03-21,India,86.01
2025-03-24,India,85.56
2025-03-25,India,85.77
2025-03-26,India,85.71
2025-03-27,India,85.79
2025-03-28,India,85.51
2025-03-31,India,85.43
2025-04-01,India,85.46
2025-04-02,India,85.52
2025-04-03,India,85.44
2025-04-04,India,85.24
2025-04-07,India,85.85
2025-04-08,India,86.24
2025-04-09,India,86.64
2025-04-10,India,86.69
2025-04-11,India,86.06
2025-04-14,India,86.02
2025-04-15,India,85.76
2025-04-16,India,85.67
2025-04-17,India,85.37
2025-04-18,India,85.43
2025-04-21,India,85.18
2025-04-22,India,85.19
2025-04-23,India,85.42
2025-04-24,India,85.3
2025-04-25,India,85.43
2025-04-28,India,85.02
2025-04-29,India,85.27
2025-04-30,India,84.49
2025-05-01,India,84.58
2025-05-02,India,84.5
2025-05-05,India,84.27
2025-05-06,India,84.45
2025-05-07,India,84.82
2025-05-08,India,85.67
2025-05-09,India,85.38
2025-05-12,India,85.38
2025-05-13,India,85.35
2025-05-14,India,85.29
2025-05-15,India,85.52
2025-05-16,India,85.49
2025-05-19,India,85.37
2025-05-20,India,85.63
2025-05-21,India,85.65
2025-05-22,India,85.97
2025-05-23,India,85.17
2025-05-26,India,
2025-05-27,India,85.3
2025-05-28,India,85.39
2025-05-29,India,85.49
2025-05-30,India,85.5
2025-06-02,India,85.33
2025-06-03,India,85.59
2025-06-04,India,85.85
2025-06-05,India,85.8
2025-06-06,India,85.66
2025-06-09,India,85.64
2025-06-10,India,85.57
2025-06-11,India,85.51
2025-06-12,India,85.55
2025-06-13,India,86.08
2025-06-16,India,86.05
2025-06-17,India,86.29
2025-06-18,India,86.49
2025-06-19,India,
2025-06-20,India,86.58
2025-06-23,India,86.73
2025-06-24,India,85.92
2025-06-25,India,86.04
2025-06-26,India,85.66
2025-06-27,India,85.45
2025-06-30,India,85.74
2025-07-01,India,85.58
2025-07-02,India,85.7
2025-07-03,India,85.3
2025-07-04,India,
2025-07-07,India,85.86
2025-07-08,India,85.75
2025-07-09,India,85.69
2025-07-10,India,85.65
2025-07-11,India,85.8
2025-07-14,India,85.99
2025-07-15,India,85.82
2025-07-16,India,85.96
2025-07-17,India,86.08
2025-07-18,India,86.1
2025-07-21,India,86.3
2025-07-22,India,86.37
2025-07-23,India,86.41
2025-07-24,India,86.39
2025-07-25,India,86.48
2025-07-28,India,86.67
2025-07-29,India,86.83
2025-07-30,India,87.44
2025-07-31,India,87.6
2025-08-01,India,87.54
2025-08-04,India,87.63
2025-08-05,India,87.8
2025-08-06,India,87.71
2025-08-07,India,87.71
2025-08-08,India,87.67
2025-08-11,India,87.63
2025-08-12,India,87.71
2025-08-13,India,87.48
2025-08-14,India,87.56
2025-08-15,India,87.56
2025-08-18,India,87.3
2025-08-19,India,87.02
2025-08-20,India,87.02
2025-08-21,India,87.31
2025-08-22,India,87.53
2025-08-25,India,87.55
2025-08-26,India,87.68
2025-08-27,India,87.74
2025-08-28,India,87.63
2025-08-29,India,88.18
2025-09-01,India,
2025-09-02,India,88.15
2025-09-03,India,88.06
2025-09-04,India,88.17
2025-09-05,India,88.25
2025-09-08,India,88.25
2025-09-09,India,88.12
2025-09-10,India,88.09
2025-09-11,India,88.44
2025-09-12,India,88.28
2025-09-15,India,88.22
2025-09-16,India,88.05
2025-09-17,India,87.77
2025-09-18,India,88.17
2025-09-19,India,88.06
2025-09-22,India,88.29
2025-09-23,India,88.76
2025-09-24,India,88.73
2025-09-25,India,88.7
2025-09-26,India,88.65
2025-09-29,India,88.76
2025-09-30,India,88.78
2025-10-01,India,88.69
2025-10-02,India,88.74
2025-10-03,India,88.78
2025-10-06,India,88.79
2025-10-07,India,88.72
2025-10-08,India,88.77
2025-10-09,India,88.84
2025-10-10,India,88.72
2025-10-13,India,
2025-10-14,India,88.76
2025-10-15,India,87.98
2025-10-16,India,87.81
2025-10-17,India,87.99
2025-10-20,India,87.92
2025-10-21,India,87.97
2025-10-22,India,87.92
2025-10-23,India,87.85
2025-10-24,India,87.83
2025-10-27,India,88.24
2025-10-28,India,88.21
2025-10-29,India,88.2
2025-10-30,India,88.64
2025-10-31,India,88.75
2025-11-03,India,88.78
2025-11-04,India,88.67
2025-11-05,India,88.66
2025-11-06,India,88.65
2025-11-07,India,88.68
2025-11-10,India,88.7
2025-11-11,India,
2025-11-12,India,88.58
2025-11-13,India,88.66
2025-11-14,India,88.74
2025-11-17,India,88.58
2025-11-18,India,88.6
2025-11-19,India,88.58
2025-11-20,India,88.69
2025-11-21,India,89.54
2025-11-24,India,89.23
2025-11-25,India,89.16
2025-11-26,India,89.27
2025-11-27,India,
2025-11-28,India,89.43
2025-12-01,India,89.59
2025-12-02,India,89.92
2025-12-03,India,90.15
2025-12-04,India,89.97
2025-12-05,India,89.97
2025-12-08,India,90.12
2025-12-09,India,89.9
2025-12-10,India,89.98
2025-12-11,India,90.35
2025-12-12,India,90.41
2025-12-15,India,90.7
2025-12-16,India,91.03
2025-12-17,India,90.4
2025-12-18,India,90.25
2025-12-19,India,89.54
2025-12-22,India,89.64
2025-12-23,India,89.67
2025-12-24,India,89.81
2025-12-25,India,
2025-12-26,India,89.78
2025-12-29,India,89.97
2025-12-30,India,89.78
2025-12-31,India,89.84
2026-01-01,India,
2026-01-02,India,90.19
2026-01-05,India,90.28
2026-01-06,India,90.18
2026-01-07,India,89.9
2026-01-08,India,90.02
2026-01-09,India,90.16
2026-01-12,India,90.12
2026-01-13,India,90.19
2026-01-14,India,90.24
2026-01-15,India,90.26
2026-01-16,India,90.87
2026-01-19,India,
2026-01-20,India,91.01
2026-01-21,India,91.68
2026-01-22,India,91.62
2026-01-23,India,91.95
2026-01-26,India,91.95
2026-01-27,India,91.72
2026-01-28,India,91.78
2026-01-29,India,91.95
2026-01-30,India,91.98
2026-02-02,India,91.51
2026-02-03,India,90.3
2026-02-04,India,90.36
2026-02-05,India,90.33
2026-02-06,India,90.65
2026-02-09,India,90.77
2026-02-10,India,90.57
2026-02-11,India,90.69
2026-02-12,India,90.63
2026-02-13,India,90.64
2026-02-16,India,
2026-02-17,India,90.63
2026-02-18,India,90.7
2026-02-19,India,90.68
2026-02-20,India,90.98
2026-02-23,India,90.88
2026-02-24,India,90.95
2026-02-25,India,90.95
2026-02-26,India,90.92
2026-02-27,India,91.03
2026-03-02,India,91.47
2026-03-03,India,91.47
2026-03-04,India,92.08
2026-03-05,India,91.58
2026-03-06,India,91.73
2026-03-09,India,92.31
2026-03-10,India,91.85
2026-03-11,India,92.03
2026-03-12,India,92.18
2026-03-13,India,92.47
2026-03-16,India,92.42
2026-03-17,India,92.36
2026-03-18,India,92.87
2026-03-19,India,92.62
2026-03-20,India,93.73
2026-03-23,India,93.96
2026-03-24,India,93.86
2026-03-25,India,93.97
2026-03-26,India,93.97
2026-03-27,India,94.83
2026-03-30,India,94.41
2026-03-31,India,93.83
2026-04-01,India,93.21
2026-04-02,India,93.09
2026-04-03,India,93.09
2026-04-06,India,93.06
2026-04-07,India,92.96
2026-04-08,India,92.25
2026-04-09,India,92.69
2026-04-10,India,92.72
2026-04-13,India,93.39
2026-04-14,India,93.37
2026-04-15,India,93.37
2026-04-16,India,93.2
2026-04-17,India,92.9
2026-04-20,India,93.13
2026-04-21,India,93.5
2026-04-22,India,93.79
2026-04-23,India,94.11
2026-04-24,India,94.25
2026-04-27,India,94.19
2026-04-28,India,94.54
2026-04-29,India,94.85
2026-04-30,India,94.91
2026-05-01,India,94.9
2026-05-04,India,95.09
2026-05-05,India,95.32
2026-05-06,India,94.61
2026-05-07,India,94.25
2026-05-08,India,94.49
2026-05-11,India,95.31
2026-05-12,India,95.63
2026-05-13,India,95.69
2026-05-14,India,95.76
2026-05-15,India,95.97
2026-05-18,India,96.35
2026-05-19,India,96.53
2026-05-20,India,96.82
2026-05-21,India,96.2
2026-05-22,India,95.69
2026-05-25,India,
2026-05-26,India,95.68
2026-05-27,India,95.69
2026-05-28,India,95.69
2026-05-29,India,95.0
2026-06-01,India,94.99
2026-06-02,India,95.27
2026-06-03,India,95.71
2026-06-04,India,95.79
2026-06-05,India,94.95
2026-06-08,India,95.71
2026-06-09,India,95.35
2026-06-10,India,95.27
2026-06-11,India,95.76
2026-06-12,India,95.11
2026-06-15,India,94.71
2026-06-16,India,94.62
2026-06-17,India,94.53
2026-06-18,India,94.33
2026-06-19,India,
2026-06-22,India,94.68
2026-06-23,India,94.74
2026-06-24,India,94.67
2026-06-25,India,94.4
2026-06-26,India,94.37
2026-06-29,India,94.54
2026-06-30,India,94.66
2026-07-01,India,95.25
2026-07-02,India,95.39
2026-07-03,India,
2026-07-06,India,95.4
2026-07-07,India,94.97
2026-07-08,India,95.56
2026-07-09,India,95.39
2026-07-10,India,95.33
2026-07-13,India,95.62
2026-07-14,India,96.2
2026-07-15,India,96.26
2026-07-16,India,96.35
2026-07-17,India,96.28
2026-07-20,India,96.45
2026-07-21,India,96.24
2026-07-22,India,96.57
2026-07-23,India,96.57
2026-07-24,India,96.56
2026-07-27,India,95.91
2026-07-28,India,95.85
2026-07-29,India,95.65
2026-07-30,India,95.68
2026-07-31,India,95.38
2026-08-03,India,95.34
2026-08-04,India,95.38
2026-08-05,India,95.14
2026-08-06,India,95.21
2026-08-07,India,95.21
2026-08-10,India,95.3
2026-08-11,India,95.44
2026-08-12,India,95.33
2026-08-13,India,95.44
2026-08-14,India,95.43
2026-08-17,India,95.6
2026-08-18,India,95.68
2026-08-19,India,95.75
2026-08-20,India,95.71
2026-08-21,India,95.7
2026-08-24,India,95.75
2026-08-25,India,95.41
2026-08-26,India,95.43
2026-08-27,India,95.54
2026-08-28,India,95.38
2026-08-31,India,95.16
2026-09-01,India,94.95
2026-09-02,India,94.97
2026-09-03,India,94.49
2026-09-04,India,94.49
2026-09-07,India,
2026-09-08,India,94.82
2026-09-09,India,95.09
2026-09-10,India,95.44
2026-09-11,India,95.55
2026-09-14,India,95.55
2026-09-15,India,95.95
2026-09-16,India,95.96
2026-09-17,India,95.93
2026-09-18,India,95.87
