country,year,iso_code,population,gdp,biofuel_cons_change_pct,biofuel_cons_change_twh,biofuel_cons_per_capita,biofuel_consumption,biofuel_elec_per_capita,biofuel_electricity,biofuel_share_elec,biofuel_share_energy,carbon_intensity_elec,coal_cons_change_pct,coal_cons_change_twh,coal_cons_per_capita,coal_consumption,coal_elec_per_capita,coal_electricity,coal_prod_change_pct,coal_prod_change_twh,coal_prod_per_capita,coal_production,coal_share_elec,coal_share_energy,electricity_demand,electricity_demand_per_capita,electricity_generation,electricity_share_energy,energy_cons_change_pct,energy_cons_change_twh,energy_per_capita,energy_per_gdp,fossil_cons_change_pct,fossil_cons_change_twh,fossil_elec_per_capita,fossil_electricity,fossil_energy_per_capita,fossil_fuel_consumption,fossil_share_elec,fossil_share_energy,gas_cons_change_pct,gas_cons_change_twh,gas_consumption,gas_elec_per_capita,gas_electricity,gas_energy_per_capita,gas_prod_change_pct,gas_prod_change_twh,gas_prod_per_capita,gas_production,gas_share_elec,gas_share_energy,greenhouse_gas_emissions,hydro_cons_change_pct,hydro_cons_change_twh,hydro_consumption,hydro_elec_per_capita,hydro_electricity,hydro_energy_per_capita,hydro_share_elec,hydro_share_energy,low_carbon_cons_change_pct,low_carbon_cons_change_twh,low_carbon_consumption,low_carbon_elec_per_capita,low_carbon_electricity,low_carbon_energy_per_capita,low_carbon_share_elec,low_carbon_share_energy,net_elec_imports,net_elec_imports_share_demand,nuclear_cons_change_pct,nuclear_cons_change_twh,nuclear_consumption,nuclear_elec_per_capita,nuclear_electricity,nuclear_energy_per_capita,nuclear_share_elec,nuclear_share_energy,oil_cons_change_pct,oil_cons_change_twh,oil_consumption,oil_elec_per_capita,oil_electricity,oil_energy_per_capita,oil_prod_change_pct,oil_prod_change_twh,oil_prod_per_capita,oil_production,oil_share_elec,oil_share_energy,other_renewable_consumption,other_renewable_electricity,other_renewable_exc_biofuel_electricity,other_renewables_cons_change_pct,other_renewables_cons_change_twh,other_renewables_elec_per_capita,other_renewables_elec_per_capita_exc_biofuel,other_renewables_energy_per_capita,other_renewables_share_elec,other_renewables_share_elec_exc_biofuel,other_renewables_share_energy,per_capita_electricity,primary_energy_consumption,renewables_cons_change_pct,renewables_cons_change_twh,renewables_consumption,renewables_elec_per_capita,renewables_electricity,renewables_energy_per_capita,renewables_share_elec,renewables_share_energy,solar_cons_change_pct,solar_cons_change_twh,solar_consumption,solar_elec_per_capita,solar_electricity,solar_energy_per_capita,solar_share_elec,solar_share_energy,wind_cons_change_pct,wind_cons_change_twh,wind_consumption,wind_elec_per_capita,wind_electricity,wind_energy_per_capita,wind_share_elec,wind_share_energy
China,1900,CHN,395929430.0,388800000000.0,,,,,,,,,,,,,,,,,,0.0,0.0,,,,,,,,,,,,,,,,,,,,,,,,,,,0.0,0.0,,,,,,,,,,,,,,,,,,,,,,,,,,,,,,,,,,,,,,0.0,0.0,,,,,,,,,,,,,,,,,,,,,,,,,,,,,,,,,,,,,,,
China,1901,CHN,397991980.0,,,,,,,,,,,,,,,,,,0.0,0.0,0.0,,,,,,,,,,,,,,,,,,,,,,,,,,0.0,0.0,0.0,,,,,,,,,,,,,,,,,,,,,,,,,,,,,,,,,,,,,0.0,0.0,0.0,,,,,,,,,,,,,,,,,,,,,,,,,,,,,,,,,,,,,,,
China,1902,CHN,400101986.0,,,,,,,,,,,,,,,,,,0.291,0.726,0.291,,,,,,,,,,,,,,,,,,,,,,,,,,0.0,0.0,0.0,,,,,,,,,,,,,,,,,,,,,,,,,,,,,,,,,,,,,0.0,0.0,0.0,,,,,,,,,,,,,,,,,,,,,,,,,,,,,,,,,,,,,,,
China,1903,CHN,402259874.0,,,,,,,,,,,,,,,,,1972.0,5.731,14.97,6.022,,,,,,,,,,,,,,,,,,,,,,,,,,0.0,0.0,0.0,,,,,,,,,,,,,,,,,,,,,,,,,,,,,,,,,,,,,0.0,0.0,0.0,,,,,,,,,,,,,,,,,,,,,,,,,,,,,,,,,,,,,,,
China,1904,CHN,404429383.0,,,,,,,,,,,,,,,,,6.467,0.389,15.853,6.411,,,,,,,,,,,,,,,,,,,,,,,,,,0.0,0.0,0.0,,,,,,,,,,,,,,,,,,,,,,,,,,,,,,,,,,,,,0.0,0.0,0.0,,,,,,,,,,,,,,,,,,,,,,,,,,,,,,,,,,,,,,,
China,1905,CHN,406610574.0,,,,,,,,,,,,,,,,,9.973,0.639,17.34,7.051,,,,,,,,,,,,,,,,,,,,,,,,,,0.0,0.0,0.0,,,,,,,,,,,,,,,,,,,,,,,,,,,,,,,,,,,,,0.0,0.0,0.0,,,,,,,,,,,,,,,,,,,,,,,,,,,,,,,,,,,,,,,
China,1906,CHN,408803510.0,,,,,,,,,,,,,,,,,644.683,45.455,128.438,52.506,,,,,,,,,,,,,,,,,,,,,,,,,,0.0,0.0,0.0,,,,,,,,,,,,,,,,,,,,,,,,,,,,,,,,,,,,,0.0,0.0,0.0,,,,,,,,,,,,,,,,,,,,,,,,,,,,,,,,,,,,,,,
China,1907,CHN,411008255.0,,,,,,,,,,,,,,,,,-1.583,-0.831,125.727,51.675,,,,,,,,,,,,,,,,,,,,,,,,,,0.0,0.0,0.0,,,,,,,,,,,,,,,,,,,,,,,,,,,,,,,,,,,,,0.0,0.0,0.0,,,,,,,,,,,,,,,,,,,,,,,,,,,,,,,,,,,,,,,
China,1908,CHN,413224872.0,,,,,,,,,,,,,,,,,34.983,18.077,168.799,69.752,,,,,,,,,,,,,,,,,,,,,,,,,,0.0,0.0,0.0,,,,,,,,,,,,,,,,,,,,,,,,,,,,,,,,,,,,,0.0,0.0,0.0,,,,,,,,,,,,,,,,,,,,,,,,,,,,,,,,,,,,,,,
China,1909,CHN,415905832.0,,,,,,,,,,,,,,,,,-8.333,-5.813,153.735,63.939,,,,,,,,,,,,,,,,,,,,,,,,,,0.0,0.0,0.0,,,,,,,,,,,,,,,,,,,,,,,,,,,,,,,,,,,,,0.0,0.0,0.0,,,,,,,,,,,,,,,,,,,,,,,,,,,,,,,,,,,,,,,
China,1910,CHN,419058430.0,,,,,,,,,,,,,,,,,-10.018,-6.406,137.293,57.534,,,,,,,,,,,,,,,,,,,,,,,,,,0.0,0.0,0.0,,,,,,,,,,,,,,,,,,,,,,,,,,,,,,,,,,,,,0.0,0.0,0.0,,,,,,,,,,,,,,,,,,,,,,,,,,,,,,,,,,,,,,,
China,1911,CHN,422690056.0,387034110000.0,,,,,,,,,,,,,,,,48.515,27.912,202.149,85.446,,,,,,,,,,,,,,,,,,,,,,,,,,0.0,0.0,0.0,,,,,,,,,,,,,,,,,,,,,,,,,,,,,,,,,,,,,0.0,0.0,0.0,,,,,,,,,,,,,,,,,,,,,,,,,,,,,,,,,,,,,,,
China,1912,CHN,426808190.0,,,,,,,,,,,,,,,,,-64.857,-55.418,70.355,30.028,,,,,,,,,,,,,,,,,,,,,,,,,,0.0,0.0,0.0,,,,,,,,,,,,,,,,,,,,,,,,,,,,,,,,,,,,,0.0,0.0,0.0,,,,,,,,,,,,,,,,,,,,,,,,,,,,,,,,,,,,,,,
China,1913,CHN,431420404.0,430582900000.0,,,,,,,,,,,,,,,,9.911,2.976,76.502,33.004,,,,,,,,,,,,,,,,,,,,,,,,,,0.0,0.0,0.0,,,,,,,,,,,,,,,,,,,,,,,,,,,,,,,,,,,,,0.0,0.0,0.0,,,,,,,,,,,,,,,,,,,,,,,,,,,,,,,,,,,,,,,
China,1914,CHN,436082439.0,,,,,,,,,,,,,,,,,40.437,13.346,106.288,46.35,,,,,,,,,,,,,,,,,,,,,,,,,,0.0,0.0,0.0,,,,,,,,,,,,,,,,,,,,,,,,,,,,,,,,,,,,,0.0,0.0,0.0,,,,,,,,,,,,,,,,,,,,,,,,,,,,,,,,,,,,,,,
China,1915,CHN,440794834.0,,,,,,,,,,,,,,,,,6.509,3.017,111.995,49.367,,,,,,,,,,,,,,,,,,,,,,,,,,0.0,0.0,0.0,,,,,,,,,,,,,,,,,,,,,,,,,,,,,,,,,,,,,0.0,0.0,0.0,,,,,,,,,,,,,,,,,,,,,,,,,,,,,,,,,,,,,,,
China,1916,CHN,445558131.0,,,,,,,,,,,,,,,,,11.657,5.755,123.714,55.122,,,,,,,,,,,,,,,,,,,,,,,,,,0.0,0.0,0.0,,,,,,,,,,,,,,,,,,,,,,,,,,,,,,,,,,,,,0.0,0.0,0.0,,,,,,,,,,,,,,,,,,,,,,,,,,,,,,,,,,,,,,,
China,1917,CHN,450372881.0,,,,,,,,,,,,,,,,,10.503,5.789,135.246,60.911,,,,,,,,,,,,,,,,,,,,,,,,,,0.0,0.0,0.0,,,,,,,,,,,,,,,,,,,,,,,,,,,,,,,,,,,,,0.0,0.0,0.0,,,,,,,,,,,,,,,,,,,,,,,,,,,,,,,,,,,,,,,
China,1918,CHN,455336427.0,,,,,,,,,,,,,,,,,6.012,3.662,141.814,64.573,,,,,,,,,,,,,,,,,,,,,,,,,,0.0,0.0,0.0,,,,,,,,,,,,,,,,,,,,,,,,,,,,,,,,,,,,,0.0,0.0,0.0,,,,,,,,,,,,,,,,,,,,,,,,,,,,,,,,,,,,,,,
China,1919,CHN,459658818.0,,,,,,,,,,,,,,,,,15.267,9.858,161.927,74.431,,,,,,,,,,,,,,,,,,,,,,,,,,0.0,0.0,0.0,,,,,,,,,,,,,,,,,,,,,,,,,,,,,,,,,,,,,0.0,0.0,0.0,,,,,,,,,,,,,,,,,,,,,,,,,,,,,,,,,,,,,,,
China,1920,CHN,463330522.0,,,,,,,,,,,,,,,,,10.355,7.708,177.279,82.139,,,,,,,,,,,,,,,,,,,,,,,,,,0.0,0.0,0.0,,,,,,,,,,,,,,,,,,,,,,,,,,,,,,,,,,,,,0.0,0.0,0.0,,,,,,,,,,,,,,,,,,,,,,,,,,,,,,,,,,,,,,,
China,1921,CHN,466341893.0,,,,,,,,,,,,,,,,,-5.527,-4.54,166.4,77.599,,,,,,,,,,,,,,,,,,,,,,,,,,0.0,0.0,0.0,,,,,,,,,,,,,,,,,,,,,,,,,,,,,,,,,,,,,0.0,0.0,0.0,,,,,,,,,,,,,,,,,,,,,,,,,,,,,,,,,,,,,,,
China,1922,CHN,468683169.0,,,,,,,,,,,,,,,,,5.318,4.127,174.374,81.726,,,,,,,,,,,,,,,,,,,,,,,,,,0.0,0.0,0.0,,,,,,,,,,,,,,,,,,,,,,,,,,,,,,,,,,,,,0.0,0.0,0.0,,,,,,,,,,,,,,,,,,,,,,,,,,,,,,,,,,,,,,,
China,1923,CHN,470344471.0,,,,,,,,,,,,,,,,,20.718,16.932,209.758,98.659,,,,,,,,,,,,,,,,,,,,,,,,,,0.0,0.0,0.0,,,,,,,,,,,,,,,,,,,,,,,,,,,,,,,,,,,,,0.0,0.0,0.0,,,,,,,,,,,,,,,,,,,,,,,,,,,,,,,,,,,,,,,
China,1924,CHN,472011663.0,,,,,,,,,,,,,,,,,9.144,9.021,228.13,107.68,,,,,,,,,,,,,,,,,,,,,,,,,,0.0,0.0,0.0,,,,,,,,,,,,,,,,,,,,,,,,,,,,,,,,,,,,,0.0,0.0,0.0,,,,,,,,,,,,,,,,,,,,,,,,,,,,,,,,,,,,,,,
China,1925,CHN,473684764.0,,,,,,,,,,,,,,,,,-5.328,-5.737,215.212,101.943,,,,,,,,,,,,,,,,,,,,,,,,,,0.0,0.0,0.0,,,,,,,,,,,,,,,,,,,,,,,,,,,,,,,,,,,,,0.0,0.0,0.0,,,,,,,,,,,,,,,,,,,,,,,,,,,,,,,,,,,,,,,
China,1926,CHN,475363795.0,,,,,,,,,,,,,,,,,-10.953,-11.166,190.962,90.777,,,,,,,,,,,,,,,,,,,,,,,,,,0.0,0.0,0.0,,,,,,,,,,,,,,,,,,,,,,,,,,,,,,,,,,,,,0.023,0.049,0.023,,,,,,,,,,,,,,,,,,,,,,,,,,,,,,,,,,,,,,,
China,1927,CHN,477048778.0,,,,,,,,,,,,,,,,,13.3,12.073,215.595,102.849,,,,,,,,,,,,,,,,,,,,,,,,,,0.0,0.0,0.0,,,,,,,,,,,,,,,,,,,,,,,,,,,,,,,,,,,,50.0,0.012,0.073,0.035,,,,,,,,,,,,,,,,,,,,,,,,,,,,,,,,,,,,,,,
China,1928,CHN,478739734.0,,,,,,,,,,,,,,,,,1.616,1.662,218.306,104.512,,,,,,,,,,,,,,,,,,,,,,,,,,0.0,0.0,0.0,,,,,,,,,,,,,,,,,,,,,,,,,,,,,,,,,,,,0.0,0.0,0.073,0.035,,,,,,,,,,,,,,,,,,,,,,,,,,,,,,,,,,,,,,,
China,1929,CHN,480666438.0,488734819000.0,,,,,,,,,,,,,,,,4.861,5.08,228.0,109.592,,,,,,,,,,,,,,,,,,,,,,,,,,0.0,0.0,0.0,,,,,,,,,,,,,,,,,,,,,,,,,,,,,,,,,,,,33.333,0.012,0.097,0.047,,,,,,,,,,,,,,,,,,,,,,,,,,,,,,,,,,,,,,,
China,1930,CHN,482831090.0,494868000000.0,,,,,,,,,,,,,,,,5.505,6.034,239.474,115.626,,,,,,,,,,,,,,,,,,,,,,,,,,0.0,0.0,0.0,,,,,,,,,,,,,,,,,,,,,,,,,,,,,,,,,,,,1150.0,0.535,1.204,0.581,,,,,,,,,,,,,,,,,,,,,,,,,,,,,,,,,,,,,,,
China,1931,CHN,485235901.0,500029600000.0,,,,,,,,,,,,,,,,6.038,6.981,252.674,122.607,,,,,,,,,,,,,,,,,,,,,,,,,,0.0,0.0,0.0,,,,,,,,,,,,,,,,,,,,,,,,,,,,,,,,,,,,22.0,0.128,1.462,0.709,,,,,,,,,,,,,,,,,,,,,,,,,,,,,,,,,,,,,,,
China,1932,CHN,487883101.0,515662973000.0,,,,,,,,,,,,,,,,-4.172,-5.115,240.819,117.492,,,,,,,,,,,,,,,,,,,,,,,,,,0.0,0.0,0.0,,,,,,,,,,,,,,,,,,,,,,,,,,,,,,,,,,,,14.754,0.105,1.669,0.814,,,,,,,,,,,,,,,,,,,,,,,,,,,,,,,,,,,,,,,
China,1933,CHN,490774936.0,461500000000.0,,,,,,,,,,,,,,,,9.212,10.823,261.453,128.315,,,,,,,,,,,,,,,,,,,,,,,,,,0.0,0.0,0.0,,,,,,,,,,,,,,,,,,,,,,,,,,,,,,,,,,,,24.286,0.198,2.062,1.012,,,,,,,,,,,,,,,,,,,,,,,,,,,,,,,,,,,,,,,
China,1934,CHN,493683911.0,470972743000.0,,,,,,,,,,,,,,,,16.879,21.658,303.783,149.973,,,,,,,,,,,,,,,,,,,,,,,,,,0.0,0.0,0.0,,,,,,,,,,,,,,,,,,,,,,,,,,,,,,,,,,,,5.747,0.058,2.167,1.07,,,,,,,,,,,,,,,,,,,,,,,,,,,,,,,,,,,,,,,
China,1935,CHN,496610129.0,508829044000.0,,,,,,,,,,,,,,,,16.635,24.948,352.23,174.921,,,,,,,,,,,,,,,,,,,,,,,,,,0.0,0.0,0.0,,,,,,,,,,,,,,,,,,,,,,,,,,,,,,,,,,,,53.261,0.57,3.302,1.64,,,,,,,,,,,,,,,,,,,,,,,,,,,,,,,,,,,,,,,
China,1936,CHN,499553692.0,540976335000.0,,,,,,,,,,,,,,,,12.299,21.513,393.218,196.434,,,,,,,,,,,,,,,,,,,,,,,,,,0.0,0.0,0.0,,,,,,,,,,,,,,,,,,,,,,,,,,,,,,,,,,,,17.73,0.291,3.865,1.931,,,,,,,,,,,,,,,,,,,,,,,,,,,,,,,,,,,,,,,
China,1937,CHN,502514702.0,528001760000.0,,,,,,,,,,,,,,,,-7.123,-13.991,363.059,182.442,,,,,,,,,,,,,,,,,,,,,,,,,,0.0,0.0,0.0,,,,,,,,,,,,,,,,,,,,,,,,,,,,,,,,,,,,16.867,0.326,4.49,2.256,,,,,,,,,,,,,,,,,,,,,,,,,,,,,,,,,,,,,,,
China,1938,CHN,505493263.0,514876008000.0,,,,,,,,,,,,,,,,-8.405,-15.334,330.585,167.109,,,,,,,,,,,,,,,,,,,,,,,,,,0.0,0.0,0.0,,,,,,,,,,,,,,,,,,,,,,,,,,,,,,,,,,,,40.206,0.907,6.258,3.163,,,,,,,,,,,,,,,,,,,,,,,,,,,,,,,,,,,,,,,
China,1939,CHN,508423146.0,,,,,,,,,,,,,,,,,20.658,34.521,396.579,201.63,,,,,,,,,,,,,,,,,,,,,,,,,,0.0,0.0,0.0,,,,,,,,,,,,,,,,,,,,,,,,,,,,,,,,,,,,41.176,1.303,8.784,4.466,,,,,,,,,,,,,,,,,,,,,,,,,,,,,,,,,,,,,,,
China,1940,CHN,511303712.0,,,,,,,,,,,,,,,,,27.808,56.069,504.004,257.699,,,,,,,,,,,,,,,,,,,,,,,,,,0.0,0.0,0.0,,,,,,,,,,,,,,,,,,,,,,,,,,,,,,,,,,,,52.344,2.338,13.306,6.804,,,,,,,,,,,,,,,,,,,,,,,,,,,,,,,,,,,,,,,
China,1941,CHN,514134316.0,,,,,,,,,,,,,,,,,25.012,64.457,626.599,322.156,,,,,,,,,,,,,,,,,,,,,,,,,,0.0,0.0,0.0,,,,,,,,,,,,,,,,,,,,,,,,,,,,,,,,,,,,13.333,0.907,14.997,7.711,,,,,,,,,,,,,,,,,,,,,,,,,,,,,,,,,,,,,,,
China,1942,CHN,516914309.0,,,,,,,,,,,,,,,,,5.325,17.153,656.413,339.309,,,,,,,,,,,,,,,,,,,,,,,,,,0.0,0.0,0.0,,,,,,,,,,,,,,,,,,,,,,,,,,,,,,,,,,,,23.228,1.791,18.382,9.502,,,,,,,,,,,,,,,,,,,,,,,,,,,,,,,,,,,,,,,
China,1943,CHN,519643036.0,,,,,,,,,,,,,,,,,-13.559,-46.007,564.429,293.302,,,,,,,,,,,,,,,,,,,,,,,,,,0.0,0.0,0.0,,,,,,,,,,,,,,,,,,,,,,,,,,,,,,,,,,,,-61.934,-5.885,6.96,3.617,,,,,,,,,,,,,,,,,,,,,,,,,,,,,,,,,,,,,,,
China,1944,CHN,522386167.0,,,,,,,,,,,,,,,,,1.126,3.302,567.786,296.603,,,,,,,,,,,,,,,,,,,,,,,,,,0.0,0.0,0.0,,,,,,,,,,,,,,,,,,,,,,,,,,,,,,,,,,,,-35.37,-1.279,4.475,2.338,,,,,,,,,,,,,,,,,,,,,,,,,,,,,,,,,,,,,,,
China,1945,CHN,525143778.0,,,,,,,,,,,,,,,,,-48.488,-143.817,290.942,152.786,,,,,,,,,,,,,,,,,,,,,,,,,,0.0,0.0,0.0,,,,,,,,,,,,,,,,,,,,,,,,,,,,,,,,,,,,-12.935,-0.302,3.876,2.035,,,,,,,,,,,,,,,,,,,,,,,,,,,,,,,,,,,,,,,
China,1946,CHN,527915947.0,,,,,,,,,,,,,,,,,-37.828,-57.795,179.935,94.991,,,,,,,,,,,,,,,,,,,,,,,,,,0.0,0.0,0.0,,,,,,,,,,,,,,,,,,,,,,,,,,,,,,,,,,,,-60.0,-1.221,1.542,0.814,,,,,,,,,,,,,,,,,,,,,,,,,,,,,,,,,,,,,,,
China,1947,CHN,530702750.0,,,,,,,,,,,,,,,,,7.319,6.952,192.09,101.943,,,,,,,,,,,,,,,,,,,,,,,,,,0.0,0.0,0.0,,,,,,,,,,,,,,,,,,,,,,,,,,,,,,,,,,,,-25.714,-0.209,1.14,0.605,,,,,,,,,,,,,,,,,,,,,,,,,,,,,,,,,,,,,,,
China,1948,CHN,533504263.0,,,,,,,,,,,,,,,,,-29.182,-29.749,135.319,72.193,,,,,,,,,,,,,,,,,,,,,,,,,,0.0,0.0,0.0,,,,,,,,,,,,,,,,,,,,,,,,,,,,,,,,,,,,40.385,0.244,1.591,0.849,,,,,,,,,,,,,,,,,,,,,,,,,,,,,,,,,,,,,,,
China,1949,CHN,537916245.0,,,,,,,,,,,,,,,,,149.597,107.999,334.983,180.193,,,,,,,,,,,,,,,,,,,,,,,,,,0.0,0.0,0.0,,,,,,,,,,,,,,,,,,,,,,,,,,,,,,,,,,,,61.644,0.523,2.551,1.372,,,,,,,,,,,,,,,,,,,,,,,,,,,,,,,,,,,,,,,
China,1950,CHN,544044355.0,436905185000.0,,,,,,,,,,,,,,,,38.452,69.287,458.565,249.48,,,,,,,,,,,,,,,,,,,,,,,,,,0.0,0.0,0.0,,,,,,,,,,,,,,,,,,,,,,,,,,,,,,,,,,,,71.186,0.977,4.318,2.349,,,,,,,,,,,,,,,,,,,,,,,,,,,,,,,,,,,,,,,
China,1951,CHN,553758251.0,529606000000.0,,,,,,,,,,,,,,,,23.695,59.115,557.274,308.595,,,,,,,,,,,,,,,,,,,,,,,,,,0.0,0.0,0.0,,,,,,,,,,,,,,,,,,,,,,,,,,,,,,,,,,,,51.485,1.21,6.427,3.559,,,,,,,,,,,,,,,,,,,,,,,,,,,,,,,,,,,,,,,
China,1952,CHN,565131435.0,595648770000.0,,,,,,,,,,,,,,,,25.24,77.89,683.885,386.485,,,,,,,,,,,,,,,,,,,,,,,,,,0.0,0.0,0.0,,,,,,,,,,,,,,,,,,,,,,,,,,,,,,,,,,,,42.484,1.512,8.973,5.071,,,,,,,,,,,,,,,,,,,,,,,,,,,,,,,,,,,,,,,
China,1953,CHN,577557140.0,672668230000.0,,,,,,,,,,,,,,,,4.798,18.542,701.276,405.027,,,,,,,,,,,,,,,,,,,,,,,,,,0.0,0.0,0.0,,,,,,,,,,,,,,,,,,,,,,,,,,,,,,,,,,,,42.661,2.163,12.525,7.234,,,,,,,,,,,,,,,,,,,,,,,,,,,,,,,,,,,,,,,
China,1954,CHN,590113859.0,624480190000.0,,,,,,,,,,,,,,,,20.063,81.261,824.058,486.288,,,,,,,,,,,,,,,,,,,,,,,,,,0.0,0.0,0.0,,,,,,,,,,,,,,,,,,,,,,,,,,,,,,,,,,,,26.849,1.942,15.55,9.176,,,,,,,,,,,,,,,,,,,,,,,,,,,,,,,,,,,,,,,
China,1955,CHN,603547014.0,681084945000.0,,,,,,,,,,,,,,,,17.499,85.098,946.713,571.386,,,,,,,,,,,,,,,,,,,,,,,,,,1.325,2.195,1.325,,,,,,,,,,,,,,,,,,,,,,,,,,,,,,,,,,,,22.433,2.059,18.614,11.235,,,,,,,,,,,,,,,,,,,,,,,,,,,,,,,,,,,,,,,
China,1956,CHN,616558585.0,738921885000.0,,,,,,,,,,,,,,,,12.269,70.101,1040.431,641.487,,,,,,,,,,,,,,,,,,,,,,,,,109.091,1.445,4.493,2.77,,,,,,,,,,,,,,,,,,,,,,,,,,,,,,,,,,,,20.393,2.291,21.937,13.526,,,,,,,,,,,,,,,,,,,,,,,,,,,,,,,,,,,,,,,
China,1957,CHN,630356210.0,761702560000.0,,,,,,,,,,,,,,,,18.458,118.404,1205.494,759.891,,,,,,,,,,,,,,,,,,,,,,,,,43.478,1.204,6.305,3.974,,,,,,,,,,,,,,,,,,,,,,,,,,,,,,,,,,,,25.537,3.454,26.937,16.98,,,,,,,,,,,,,,,,,,,,,,,,,,,,,,,,,,,,,,,
China,1958,CHN,644219478.0,766244655000.0,,,,,,,,,,,,,,,,106.533,809.531,2436.16,1569.422,,,,,,,,,,,,,,,,,,,,,,,,,19.697,0.783,7.384,4.757,,,,,,,,,,,,,,,,,,,,,,,,,,,,,,,,,,,,55.069,9.351,40.872,26.33,,,,,,,,,,,,,,,,,,,,,,,,,,,,,,,,,,,,,,,
China,1959,CHN,652708211.0,743927585000.0,,,,,,,,,,,,,,,,28.815,452.226,3097.323,2021.648,,,,,,,,,,,,,,,,,,,,,,,,,16.456,0.783,8.488,5.54,,,,,,,,,,,,,,,,,,,,,,,,,,,,,,,,,,,,63.428,16.701,65.927,43.031,,,,,,,,,,,,,,,,,,,,,,,,,,,,,,,,,,,,,,,
China,1960,CHN,654802068.0,705092990000.0,,,,,,,,,,,,,,,,20.759,419.675,3728.337,2441.323,,,,,,,,,,,,,,,,,,,,,,,,,14.13,0.783,9.656,6.323,,,,,,,,,,,,,,,,,,,,,,,,,,,,,,,,,,,,48.649,20.934,97.686,63.965,,,,,,,,,,,,,,,,,,,,,,,,,,,,,,,,,,,,,,,
China,1961,CHN,655773484.0,577128420000.0,,,,,,,,,,,,,,,,-40.476,-988.155,2215.961,1453.168,,,,,,,,,,,,,,,,,,,,,,,,,12.381,0.783,10.835,7.106,,,,,,,,,,,,,,,,,,,,,,,,,,,,,,,,,,,,12.727,8.141,109.956,72.106,,,,,,,,,,,,,,,,,,,,,,,,,,,,,,,,,,,,,,,
China,1962,CHN,665073690.0,616503020000.0,,,,,,,,,,,,,,,,0.0,0.0,2184.974,1453.168,,,,,,,,,,,,,,,,,,,,,,,,,11.017,0.783,11.861,7.888,,,,,,,,,,,,,,,,,,,,,,,,,,,,,,,,,,,,9.677,6.978,118.91,79.084,,,,,,,,,,,,,,,,,,,,,,,,,,,,,,,,,,,,,,,
China,1963,CHN,684552646.0,705534390000.0,,,,,,,,,,,,,,,,0.0,0.0,2122.8,1453.168,,,,,,,,,,,,,,,,,,,,,,,,,9.924,0.783,12.667,8.671,,,,,,,,,,,,,,,,,,,,,,,,,,,,,,,,,,,,10.294,8.141,127.419,87.225,,,,,,,,,,,,,,,,,,,,,,,,,,,,,,,,,,,,,,,
China,1964,CHN,704798263.0,804504960000.0,,,,,,,,,,,,,,,,16.0,232.507,2391.713,1685.675,,,,,,,,,,,,,,,,,,,,,,,,,9.028,0.783,13.414,9.454,,,,,,,,,,,,,,,,,,,,,,,,,,,,,,,,,,,,13.333,11.63,140.26,98.855,,,,,,,,,,,,,,,,,,,,,,,,,,,,,,,,,,,,,,,
China,1965,CHN,723415737.0,896126805000.0,,,0.0,0.0,,,,0.0,,,,1839.474,1330.705,,,3.103,52.314,2402.477,1737.99,,86.847,,,,,,,2123.529,1.714,,,,,2033.207,1470.854,,95.994,,,11.087,,,15.325,8.28,0.783,14.151,10.237,,0.724,,,,61.381,30.545,22.097,84.848,,4.006,,,61.381,30.545,22.097,84.848,,4.006,,,,,0.0,0.0,0.0,0.0,,0.0,,,129.063,,,178.407,33.059,32.68,181.825,131.535,,8.423,0.0,0.0,,,,0.0,,0.0,,,0.0,,1536.194,,,61.381,30.545,22.097,84.848,,4.006,,,0.0,0.0,0.0,0.0,,0.0,,,0.0,0.0,0.0,0.0,,0.0
China,1966,CHN,742402206.0,927339400000.0,,0.0,0.0,0.0,,,,0.0,,6.974,92.807,1917.441,1423.512,,,9.365,162.755,2560.262,1900.744,,85.482,,,,,8.665,133.114,2248.522,1.8,8.972,131.964,,,2158.961,1602.817,,96.249,21.818,2.419,13.505,,,18.191,7.647,0.783,14.843,11.02,,0.811,,1.76,1.08,62.461,30.288,22.486,84.133,,3.751,1.76,1.08,62.461,30.288,22.486,84.133,,3.751,,,,0.0,0.0,0.0,0.0,0.0,,0.0,28.465,36.737,165.8,,,223.329,28.647,37.681,227.931,169.217,,9.956,0.0,0.0,,,0.0,0.0,,0.0,,,0.0,,1669.308,1.76,1.08,62.461,30.288,22.486,84.133,,3.751,,0.0,0.0,0.0,0.0,0.0,,0.0,,0.0,0.0,0.0,0.0,0.0,,0.0
China,1967,CHN,761026025.0,933378350000.0,,0.0,0.0,0.0,,,,0.0,,-11.111,-158.168,1662.682,1265.344,,,-30.581,-581.267,1733.813,1319.477,,84.492,,,,,-10.078,-168.24,1972.427,1.608,-9.924,-159.066,,,1897.112,1443.752,,96.405,8.955,1.209,14.715,,,19.336,7.104,0.783,15.509,11.802,,0.983,,-13.797,-8.618,53.843,25.47,19.383,70.751,,3.595,-13.797,-8.618,53.843,25.47,19.383,70.751,,3.595,,,,0.0,0.0,0.0,0.0,0.0,,0.0,-1.271,-2.107,163.693,,,215.095,-4.605,-7.792,212.114,161.424,,10.93,0.0,0.0,,,0.0,0.0,,0.0,,,0.0,,1501.068,-13.797,-8.618,53.843,25.47,19.383,70.751,,3.595,,0.0,0.0,0.0,0.0,0.0,,0.0,,0.0,0.0,0.0,0.0,0.0,,0.0
China,1968,CHN,781011030.0,912372780000.0,,0.0,0.0,0.0,,,,0.0,,-0.744,-9.42,1608.074,1255.924,,,32.159,424.325,2232.75,1743.802,,83.031,,,,,1.041,15.627,1941.965,1.662,0.368,5.317,,,1855.375,1449.068,,95.8,-4.11,-0.605,14.11,,,18.066,6.633,0.783,16.114,12.585,,0.933,,17.989,9.686,63.529,29.283,22.87,81.342,,4.2,17.989,9.686,63.529,29.283,22.87,81.342,,4.2,,,,0.0,0.0,0.0,0.0,0.0,,0.0,9.372,15.342,179.035,,,229.234,15.202,24.539,238.106,185.964,,11.836,0.0,0.0,,,0.0,0.0,,0.0,,,0.0,,1516.696,17.989,9.686,63.529,29.283,22.87,81.342,,4.2,,0.0,0.0,0.0,0.0,0.0,,0.0,,0.0,0.0,0.0,0.0,0.0,,0.0
China,1969,CHN,802140341.0,1006175600000.0,,0.0,0.0,0.0,,,,0.0,,20.757,260.687,1890.704,1516.61,,,8.333,145.317,2355.098,1889.119,,82.379,,,,,21.658,328.49,2300.328,1.834,22.59,327.34,,,2214.586,1776.409,,96.491,40.0,5.644,19.754,,,24.627,22.01,2.77,19.143,15.355,,1.073,,1.7,1.08,64.609,28.997,23.259,80.546,,3.509,1.7,1.08,64.609,28.997,23.259,80.546,,3.509,,,,0.0,0.0,0.0,0.0,0.0,,0.0,34.077,61.01,240.044,,,299.255,35.96,66.872,315.202,252.836,,13.039,0.0,0.0,,,0.0,0.0,,0.0,,,0.0,,1845.186,1.7,1.08,64.609,28.997,23.259,80.546,,3.509,,0.0,0.0,0.0,0.0,0.0,,0.0,,0.0,0.0,0.0,0.0,0.0,,0.0
China,1970,CHN,823308964.0,1144004370000.0,,0.0,0.0,0.0,,,,0.0,,27.234,413.04,2343.773,1929.65,,,10.769,203.444,2541.649,2092.563,,81.855,,,,,27.992,516.512,2868.545,2.064,28.947,514.212,,,2782.213,2290.621,,97.168,46.429,9.172,28.926,,,35.134,88.378,13.571,35.134,28.926,,1.227,,3.344,2.161,66.77,29.196,24.037,81.099,,2.832,3.344,2.161,66.77,29.196,24.037,81.099,,2.832,,,,0.0,0.0,0.0,0.0,0.0,,0.0,38.327,92.001,332.046,,,403.306,40.984,103.623,432.96,356.46,,14.085,0.0,0.0,,,0.0,0.0,,0.0,,,0.0,,2361.698,3.344,2.161,66.77,29.196,24.037,81.099,,2.832,,0.0,0.0,0.0,0.0,0.0,,0.0,,0.0,0.0,0.0,0.0,0.0,,0.0
China,1971,CHN,844069870.0,1216237830000.0,,0.0,0.0,0.0,,,,0.0,,15.3,295.228,2635.892,2224.877,,,8.333,174.38,2685.729,2266.943,,79.605,,,,,18.564,438.426,3317.408,2.302,18.49,423.528,,,3215.55,2714.149,,97.11,30.314,8.768,37.694,,,44.658,30.314,8.768,44.658,37.694,,1.349,,20.96,13.995,80.765,34.446,29.075,95.685,,2.89,20.96,13.995,80.765,34.446,29.075,95.685,,2.89,,,,0.0,0.0,0.0,0.0,0.0,,0.0,35.999,119.532,451.578,,,535.0,28.581,101.879,543.01,458.338,,16.157,0.0,0.0,,,0.0,0.0,,0.0,,,0.0,,2800.124,20.96,13.995,80.765,34.446,29.075,95.685,,2.89,,0.0,0.0,0.0,0.0,0.0,,0.0,,0.0,0.0,0.0,0.0,0.0,,0.0
China,1972,CHN,863677810.0,1233564930000.0,,0.0,0.0,0.0,,,,0.0,,5.755,128.046,2724.307,2352.924,,,2.564,58.127,2692.057,2325.07,,78.094,,,,,7.811,218.712,3495.327,2.447,7.636,207.252,,,3382.512,2921.401,,96.962,29.412,11.087,48.781,,,56.48,29.412,11.087,56.48,48.781,,1.619,,13.33,10.766,91.531,38.152,32.951,105.978,,3.038,13.33,10.766,91.531,38.152,32.951,105.978,,3.038,,,,0.0,0.0,0.0,0.0,0.0,,0.0,15.085,68.119,519.697,,,601.725,15.884,72.804,614.977,531.142,,17.249,0.0,0.0,,,0.0,0.0,,0.0,,,0.0,,3018.837,13.33,10.766,91.531,38.152,32.951,105.978,,3.038,,0.0,0.0,0.0,0.0,0.0,,0.0,,0.0,0.0,0.0,0.0,0.0,,0.0
China,1973,CHN,882576945.0,1334375220000.0,,0.0,0.0,0.0,,,,0.0,,1.31,30.819,2700.89,2383.743,,,7.5,174.38,2831.991,2499.45,,74.954,,,,,5.567,168.056,3610.895,2.388,5.36,156.596,,,3487.51,3077.996,,96.783,23.554,11.49,60.27,,,68.289,23.554,11.49,68.289,60.27,,1.895,,11.762,10.766,102.297,41.727,36.827,115.907,,3.217,11.762,10.766,102.297,41.727,36.827,115.907,,3.217,,,,0.0,0.0,0.0,0.0,0.0,,0.0,21.991,114.287,633.983,,,718.332,17.386,92.342,706.436,623.484,,19.935,0.0,0.0,,,0.0,0.0,,0.0,,,0.0,,3186.893,11.762,10.766,102.297,41.727,36.827,115.907,,3.217,,0.0,0.0,0.0,0.0,0.0,,0.0,,0.0,0.0,0.0,0.0,0.0,,0.0
China,1974,CHN,900307580.0,1367631650000.0,,0.0,0.0,0.0,,,,0.0,,-1.056,-25.179,2619.731,2358.564,,,4.651,116.254,2905.344,2615.703,,71.923,,,,,3.134,99.869,3650.71,2.403,2.779,85.533,,,3513.832,3163.529,,96.47,25.92,15.622,75.892,,,84.296,25.92,15.622,84.296,75.892,,2.314,,13.165,13.467,115.764,46.29,41.675,128.582,,3.53,13.165,13.467,115.764,46.29,41.675,128.582,,3.53,,,,0.0,0.0,0.0,0.0,0.0,,0.0,14.999,95.09,729.073,,,809.804,20.966,130.721,837.72,754.206,,22.233,0.0,0.0,,,0.0,0.0,,0.0,,,0.0,,3286.762,13.165,13.467,115.764,46.29,41.675,128.582,,3.53,,0.0,0.0,0.0,0.0,0.0,,0.0,,0.0,0.0,0.0,0.0,0.0,,0.0
China,1975,CHN,916116796.0,1460733630000.0,,0.0,0.0,0.0,,,,0.0,,12.705,299.647,2901.607,2658.211,,,4.444,116.253,2982.105,2731.957,,72.379,,,,,11.978,393.68,4017.437,2.52,12.263,387.956,,,3876.673,3551.485,,96.702,17.53,13.304,89.196,,,97.363,17.53,13.304,97.363,89.196,,2.429,,4.645,5.377,121.141,47.604,43.611,132.233,,3.298,4.645,5.377,121.141,47.604,43.611,132.233,,3.298,,,,0.0,0.0,0.0,0.0,0.0,,0.0,10.288,75.005,804.078,,,877.703,18.828,142.002,978.268,896.208,,21.894,0.0,0.0,,,0.0,0.0,,0.0,,,0.0,,3680.441,4.645,5.377,121.141,47.604,43.611,132.233,,3.298,,0.0,0.0,0.0,0.0,0.0,,0.0,,0.0,0.0,0.0,0.0,0.0,,0.0
China,1976,CHN,930372293.0,1413710515000.0,,0.0,0.0,0.0,,,,0.0,,2.444,64.954,2926.962,2723.165,,,2.128,58.127,2998.889,2790.083,,70.422,,,,,5.282,194.385,4164.813,2.741,5.425,192.66,,,4024.352,3744.146,,96.825,14.124,12.598,101.794,,,109.413,14.124,12.598,109.413,101.794,,2.632,,1.338,1.62,122.761,47.501,44.194,131.948,,3.175,1.338,1.62,122.761,47.501,44.194,131.948,,3.175,,,,0.0,0.0,0.0,0.0,0.0,,0.0,14.316,115.108,919.186,,,987.977,13.107,117.463,1089.532,1013.671,,23.771,0.0,0.0,,,0.0,0.0,,0.0,,,0.0,,3874.827,1.338,1.62,122.761,47.501,44.194,131.948,,3.175,,0.0,0.0,0.0,0.0,0.0,,0.0,,0.0,0.0,0.0,0.0,0.0,,0.0
China,1977,CHN,943546374.0,1493489265000.0,,0.0,0.0,0.0,,,,0.0,,10.002,272.375,3174.766,2995.539,,,9.792,273.196,3246.559,3063.279,,71.037,,,,,9.041,350.325,4477.948,2.829,9.203,344.589,,,4333.369,4088.734,,96.961,20.0,20.359,122.153,,,129.462,20.0,20.359,129.462,122.153,,2.897,,4.39,5.389,128.15,48.894,46.134,135.818,,3.039,4.39,5.389,128.15,48.894,46.134,135.818,,3.039,,,,0.0,0.0,0.0,0.0,0.0,,0.0,5.641,51.855,971.042,,,1029.141,7.435,75.362,1154.192,1089.033,,23.027,0.0,0.0,,,0.0,0.0,,0.0,,,0.0,,4225.152,4.39,5.389,128.15,48.894,46.134,135.818,,3.039,,0.0,0.0,0.0,0.0,0.0,,0.0,,0.0,0.0,0.0,0.0,0.0,,0.0
China,1978,CHN,956161482.0,1667551760000.0,,0.0,0.0,0.0,,,,0.0,,9.803,293.657,3440.001,3289.197,,,12.524,383.636,3604.951,3446.916,,71.129,,,,,9.63,406.881,4844.404,2.778,10.162,415.479,,,4710.725,4504.213,,97.403,13.284,16.227,138.38,,,144.725,13.284,16.227,144.725,138.38,,2.992,,-6.303,-8.078,120.073,45.208,43.226,125.578,,2.597,-6.303,-8.078,120.073,45.208,43.226,125.578,,2.597,,,,0.0,0.0,0.0,0.0,0.0,,0.0,10.874,105.595,1076.637,,,1125.999,11.117,121.068,1265.583,1210.102,,23.282,0.0,0.0,,,0.0,0.0,,0.0,,,0.0,,4632.033,-6.303,-8.078,120.073,45.208,43.226,125.578,,2.597,,0.0,0.0,0.0,0.0,0.0,,0.0,,0.0,0.0,0.0,0.0,0.0,,0.0
China,1979,CHN,969288071.0,1801380295000.0,,0.0,0.0,0.0,,,,0.0,,3.451,113.509,3510.521,3402.706,,,2.867,98.815,3658.078,3545.731,,71.439,,,,,3.018,139.793,4923.021,2.649,2.754,124.033,,,4774.893,4628.247,,97.168,5.681,7.861,146.241,,,150.875,5.681,7.861,150.875,146.241,,3.07,,12.33,14.805,134.878,50.094,48.556,139.151,,2.832,12.33,14.805,134.878,50.094,48.556,139.151,,2.832,,,,0.0,0.0,0.0,0.0,0.0,,0.0,0.247,2.663,1079.3,,,1113.497,2.018,24.423,1273.641,1234.525,,22.659,0.0,0.0,,,0.0,0.0,,0.0,,,0.0,,4771.826,12.33,14.805,134.878,50.094,48.556,139.151,,2.832,,0.0,0.0,0.0,0.0,0.0,,0.0,,0.0,0.0,0.0,0.0,0.0,,0.0
China,1980,CHN,983163540.0,1893783550000.0,,0.0,0.0,0.0,,,,0.0,,4.006,136.313,3599.624,3539.019,,,14.258,505.552,4120.661,4051.284,,73.468,,,,,1.167,55.708,4910.204,2.549,0.586,27.128,,,4735.097,4655.375,,96.643,-1.654,-2.419,143.823,,,146.285,-1.654,-2.419,146.285,143.823,,2.986,,19.905,26.848,161.725,59.218,58.221,164.495,,3.357,19.905,26.848,161.725,59.218,58.221,164.495,,3.357,,,,0.0,0.0,0.0,0.0,0.0,,0.0,-9.892,-106.767,972.533,,,989.187,-0.188,-2.326,1253.3,1232.198,,20.189,0.0,0.0,,,0.0,0.0,,0.0,,,0.0,,4827.534,19.905,26.848,161.725,59.218,58.221,164.495,,3.357,,0.0,0.0,0.0,0.0,0.0,,0.0,,0.0,0.0,0.0,0.0,0.0,,0.0
China,1981,CHN,997721072.0,1949955282000.0,,0.0,0.0,0.0,,,,0.0,,-0.532,-18.824,3528.236,3520.195,,,-10.779,-436.68,3622.86,3614.604,,74.076,,,,,-1.319,-63.684,4774.731,2.443,-1.831,-85.246,,,4580.567,4570.128,,96.171,-10.722,-15.42,128.402,,,128.695,-10.722,-15.42,128.695,128.402,,2.702,,12.525,20.256,181.981,65.663,65.513,182.397,,3.829,12.525,20.256,181.981,65.663,65.513,182.397,,3.829,,,,0.0,0.0,0.0,0.0,0.0,,0.0,-5.244,-51.002,921.531,,,923.636,-4.464,-55.01,1179.877,1177.189,,19.392,0.0,0.0,,,0.0,0.0,,0.0,,,0.0,,4763.85,12.525,20.256,181.981,65.663,65.513,182.397,,3.829,,0.0,0.0,0.0,0.0,0.0,,0.0,,0.0,0.0,0.0,0.0,0.0,,0.0
China,1982,CHN,1013588177.0,2128597968000.0,,0.0,0.0,0.0,,,,0.0,,5.813,204.643,3674.903,3724.838,,,7.191,259.93,3822.592,3874.534,,75.044,,,,,4.472,213.021,4910.15,2.338,4.085,186.701,,,4693.059,4756.829,,95.836,-6.358,-8.164,120.238,,,118.627,-6.358,-8.164,118.627,120.238,,2.422,,13.586,24.724,206.705,73.416,74.414,203.934,,4.164,13.586,24.724,206.705,73.416,74.414,203.934,,4.164,,,,0.0,0.0,0.0,0.0,0.0,,0.0,-1.061,-9.778,911.753,,,899.53,0.889,10.467,1171.734,1187.656,,18.369,0.0,0.0,,,0.0,0.0,,0.0,,,0.0,,4976.87,13.586,24.724,206.705,73.416,74.414,203.934,,4.164,,0.0,0.0,0.0,0.0,0.0,,0.0,,0.0,0.0,0.0,0.0,0.0,,0.0
China,1983,CHN,1029064952.0,2278862376000.0,,0.0,0.0,0.0,,,,0.0,,7.092,264.167,3876.339,3989.005,,,7.234,280.283,4037.469,4154.817,,75.518,,,,,6.446,320.828,5148.07,2.325,5.998,285.335,,,4899.753,5042.165,,95.456,2.347,2.822,123.06,,,119.585,2.347,2.822,119.585,123.06,,2.33,,16.13,33.342,240.047,83.976,86.417,233.267,,4.544,16.13,33.342,240.047,83.976,86.417,233.267,,4.544,,,,0.0,0.0,0.0,0.0,0.0,,0.0,2.012,18.346,930.099,,,903.83,3.868,45.938,1198.752,1233.594,,17.608,0.0,0.0,,,0.0,0.0,,0.0,,,0.0,,5297.698,16.13,33.342,240.047,83.976,86.417,233.267,,4.544,,0.0,0.0,0.0,0.0,0.0,,0.0,,0.0,0.0,0.0,0.0,0.0,,0.0
China,1984,CHN,1043849645.0,2534000300000.0,,0.0,0.0,0.0,,,,0.0,,8.756,349.261,4156.026,4338.266,,,10.455,434.38,4396.417,4589.198,,76.518,,,,,7.313,387.446,5446.325,2.244,7.661,386.27,,,5200.398,5428.434,,95.747,1.802,2.217,125.278,,,120.015,1.802,2.217,120.015,125.278,,2.21,,0.46,1.105,241.152,83.168,86.815,231.022,,4.253,0.46,1.105,241.152,83.168,86.815,231.022,,4.253,,,,0.0,0.0,0.0,0.0,0.0,,0.0,3.741,34.791,964.89,,,924.357,8.051,99.32,1276.922,1332.914,,17.019,0.0,0.0,,,0.0,0.0,,0.0,,,0.0,,5685.145,0.46,1.105,241.152,83.168,86.815,231.022,,4.253,,0.0,0.0,0.0,0.0,0.0,,0.0,,0.0,0.0,0.0,0.0,0.0,,0.0
China,1985,CHN,1059807818.0,2752673760000.0,,0.0,0.0,0.0,,,,0.0,,9.174,397.999,4468.984,4736.265,245.937,260.645,10.53,483.227,4786.174,5072.425,63.465,77.216,,,410.69,6.88,8.183,465.227,5803.289,2.234,8.267,448.748,300.34,318.302,5545.517,5877.182,77.504,95.816,4.023,5.039,130.317,0.917,0.972,122.963,4.023,5.039,122.963,130.317,0.237,2.125,,6.419,15.48,256.632,87.174,92.388,242.15,22.496,4.184,6.419,15.48,256.632,87.174,92.388,242.15,22.496,4.184,,,,0.0,0.0,0.0,0.0,0.0,0.0,0.0,4.737,45.71,1010.6,53.486,56.685,953.57,8.978,119.673,1370.614,1452.587,13.802,16.476,0.0,0.0,,,0.0,0.0,,0.0,0.0,,0.0,387.514,6150.371,6.419,15.48,256.632,87.174,92.388,242.15,22.496,4.184,,0.0,0.0,0.0,0.0,0.0,0.0,0.0,,0.0,0.0,0.0,0.0,0.0,0.0,0.0
China,1986,CHN,1077233607.0,2931538920000.0,,0.0,0.0,0.0,,,,0.0,,4.543,215.159,4596.425,4951.424,278.129,299.61,2.488,126.185,4825.889,5198.61,66.65,77.039,,,449.53,7.182,4.776,293.735,5982.088,2.198,4.889,287.345,329.531,354.981,5722.553,6164.527,78.967,95.914,6.419,8.365,138.682,1.572,1.693,128.739,6.419,8.365,128.739,138.682,0.377,2.158,,2.339,6.003,262.635,87.77,94.549,243.805,21.033,4.086,2.339,6.003,262.635,87.77,94.549,243.805,21.033,4.086,,,,0.0,0.0,0.0,0.0,0.0,0.0,0.0,6.315,63.82,1074.421,49.829,53.678,997.389,4.636,67.338,1410.952,1519.925,11.941,16.717,0.0,0.0,,,0.0,0.0,,0.0,0.0,,0.0,417.3,6444.106,2.339,6.003,262.635,87.77,94.549,243.805,21.033,4.086,,0.0,0.0,0.0,0.0,0.0,0.0,0.0,,0.0,0.0,0.0,0.0,0.0,0.0,0.0
China,1987,CHN,1096217445.0,3177306585000.0,,0.0,0.0,0.0,,,,0.0,,8.499,420.818,4900.708,5372.242,310.031,339.862,3.814,198.292,4923.203,5396.901,68.346,77.496,,,497.267,7.362,7.854,506.133,6340.201,2.187,7.948,489.941,362.376,397.243,6070.391,6654.468,79.885,95.992,0.945,1.31,139.993,2.497,2.737,127.705,0.945,1.31,127.705,139.993,0.55,2.019,,5.791,15.21,277.845,91.245,100.024,253.458,20.115,4.008,5.791,15.21,277.845,91.245,100.024,253.458,20.115,4.008,,,,0.0,0.0,0.0,0.0,0.0,0.0,0.0,6.312,67.813,1142.234,49.848,54.644,1041.977,2.64,40.124,1423.119,1560.048,10.989,16.477,0.0,0.0,,,0.0,0.0,,0.0,0.0,,0.0,453.621,6950.239,5.791,15.21,277.845,91.245,100.024,253.458,20.115,4.008,,0.0,0.0,0.0,0.0,0.0,0.0,0.0,,0.0,0.0,0.0,0.0,0.0,0.0,0.0
China,1988,CHN,1115244168.0,3354463350000.0,,0.0,0.0,0.0,,,,0.0,,7.427,398.982,5174.852,5771.224,335.041,373.653,5.581,301.217,5109.301,5698.119,68.534,77.492,,,545.21,7.517,7.437,516.873,6695.495,2.226,7.361,489.835,390.983,436.042,6406.044,7144.304,79.977,95.928,2.664,3.729,143.722,1.841,2.053,128.87,2.664,3.729,128.87,143.722,0.377,1.93,,9.142,25.399,303.245,97.887,109.168,271.909,20.023,4.072,9.142,25.399,303.245,97.887,109.168,271.909,20.023,4.072,,,,0.0,0.0,0.0,0.0,0.0,0.0,0.0,7.628,87.124,1229.358,54.101,60.336,1102.322,2.169,33.843,1429.186,1593.891,11.067,16.507,0.0,0.0,,,0.0,0.0,,0.0,0.0,,0.0,488.871,7467.112,9.142,25.399,303.245,97.887,109.168,271.909,20.023,4.072,,0.0,0.0,0.0,0.0,0.0,0.0,0.0,,0.0,0.0,0.0,0.0,0.0,0.0,0.0
China,1989,CHN,1133991006.0,3380560300000.0,,0.0,0.0,0.0,,,,0.0,,4.777,275.678,5332.407,6046.902,357.199,405.06,7.582,432.054,5405.839,6130.173,69.264,77.373,,,584.81,7.69,4.946,369.325,6910.493,2.318,4.787,341.999,411.292,466.401,6601.73,7486.302,79.753,95.791,5.533,7.952,151.674,3.271,3.709,133.752,5.533,7.952,133.752,151.674,0.634,1.941,,8.465,25.669,328.914,104.418,118.409,290.05,20.247,4.209,8.465,25.669,328.914,104.418,118.409,290.05,20.247,4.209,,,,0.0,0.0,0.0,0.0,0.0,0.0,0.0,4.748,58.369,1287.727,50.822,57.632,1135.571,0.43,6.862,1411.61,1600.753,9.855,16.477,0.0,0.0,,,0.0,0.0,,0.0,0.0,,0.0,515.71,7836.437,8.465,25.669,328.914,104.418,118.409,290.05,20.247,4.209,,0.0,0.0,0.0,0.0,0.0,0.0,0.0,,0.0,0.0,0.0,0.0,0.0,0.0,0.0
China,1990,CHN,1153582725.0,3385121670000.0,,0.0,0.0,0.0,,,,0.0,,1.449,87.615,5317.795,6134.517,382.505,441.251,2.436,149.347,5443.493,6279.52,71.032,77.5,,,621.2,8.078,1.299,101.813,6881.387,2.345,1.028,76.971,428.567,494.388,6556.333,7563.273,79.586,95.55,1.655,2.51,154.183,2.402,2.771,133.656,1.655,2.51,133.656,154.183,0.446,1.948,,7.039,23.153,352.067,109.87,126.744,305.194,20.403,4.448,7.097,23.364,352.278,109.929,126.812,305.377,20.414,4.45,,,,0.0,0.0,0.0,0.0,0.0,0.0,0.0,-1.022,-13.154,1274.573,43.661,50.366,1104.882,0.487,7.792,1394.391,1608.545,8.108,16.102,0.2,0.064,,,0.2,0.055,,0.173,0.01,,0.003,538.496,7938.25,7.097,23.364,352.278,109.929,126.812,305.377,20.414,4.45,,0.006,0.006,0.002,0.002,0.005,0.0,0.0,,0.006,0.006,0.002,0.002,0.005,0.0,0.0
China,1991,CHN,1170788533.0,3508948004345.0,,0.0,0.0,0.0,,,,0.0,,4.873,298.911,5494.953,6433.428,425.725,498.434,0.697,43.747,5400.861,6323.266,73.564,77.369,,,677.55,8.372,5.031,399.361,7121.363,2.376,5.36,405.417,472.148,552.786,6806.259,7968.69,81.586,95.832,1.255,1.935,156.118,2.075,2.429,133.345,1.255,1.935,133.345,156.118,0.358,1.877,,-1.621,-5.708,346.358,106.5,124.689,295.833,18.403,4.165,-1.615,-5.689,346.589,106.564,124.764,296.03,18.414,4.168,,,,0.0,0.0,0.0,0.0,0.0,0.0,0.0,8.204,104.571,1379.144,44.349,51.923,1177.961,1.938,31.168,1400.521,1639.714,7.663,16.586,0.2,0.064,,0.0,0.0,0.055,,0.171,0.009,,0.002,578.713,8337.61,-1.615,-5.689,346.589,106.564,124.764,296.03,18.414,4.168,0.0,0.0,0.006,0.002,0.002,0.005,0.0,0.0,350.0,0.02,0.025,0.008,0.009,0.022,0.001,0.0
China,1992,CHN,1184574236.0,3755037703201.0,,0.0,0.0,0.0,,,,0.0,,4.633,298.069,5682.63,6731.497,478.931,567.33,2.664,168.483,5480.239,6491.75,75.249,76.929,,,753.94,8.852,5.23,436.098,7406.634,2.337,5.244,417.861,525.933,623.007,7079.802,8386.551,82.633,95.843,1.937,3.024,159.142,2.083,2.467,134.345,1.937,3.024,134.345,159.142,0.327,1.819,,4.81,16.659,363.017,110.323,130.686,306.453,17.334,4.149,4.945,17.154,363.743,110.532,130.933,307.067,17.367,4.157,,,,0.0,0.0,0.0,0.0,0.0,0.0,0.0,8.467,116.768,1495.912,44.919,53.21,1262.827,0.745,12.211,1394.531,1651.925,7.058,17.096,0.353,0.113,,76.562,0.153,0.095,,0.298,0.015,,0.004,636.465,8773.708,4.945,17.154,363.743,110.532,130.933,307.067,17.367,4.157,50.0,0.003,0.008,0.003,0.003,0.007,0.0,0.0,1344.444,0.34,0.365,0.111,0.131,0.308,0.017,0.004
China,1993,CHN,1197308574.0,4126169229667.0,,0.0,0.0,0.0,,,,0.0,,6.519,438.859,5988.729,7170.356,492.127,589.228,3.072,199.396,5588.489,6691.146,72.602,76.035,,,811.59,8.863,7.795,683.926,7899.078,2.292,7.352,616.55,549.404,657.806,7519.45,9003.102,81.052,95.47,6.175,9.827,168.969,2.609,3.124,141.124,6.175,9.827,141.124,168.969,0.385,1.792,,16.192,58.778,421.795,126.823,151.846,352.286,18.71,4.473,17.452,63.473,427.216,128.441,153.783,356.814,18.948,4.53,,,,4.456,4.456,1.34,1.604,3.721,0.198,0.047,11.222,167.864,1663.776,54.668,65.454,1389.597,1.401,23.144,1399.029,1675.069,8.065,17.643,0.366,0.117,,3.54,0.012,0.098,,0.305,0.014,,0.004,677.845,9457.634,16.226,59.018,422.761,127.101,152.179,353.093,18.751,4.483,33.333,0.003,0.011,0.003,0.004,0.009,0.0,0.0,61.538,0.224,0.589,0.177,0.212,0.492,0.026,0.006
China,1994,CHN,1209003099.0,4438753488140.0,,0.0,0.0,0.0,,,,0.0,,6.573,471.311,6320.635,7641.667,573.537,693.408,7.755,518.878,5963.611,7210.024,74.737,76.28,,,927.8,9.573,6.251,591.179,8311.651,2.264,5.622,506.176,616.013,744.761,7865.387,9509.277,80.272,94.923,4.736,8.002,176.971,2.609,3.154,146.378,4.736,8.002,146.378,176.971,0.34,1.767,,10.262,43.286,465.08,138.485,167.429,384.681,18.046,4.643,19.021,81.371,508.587,151.392,183.034,420.666,19.728,5.077,,,819.95,36.533,40.989,12.205,14.756,33.903,1.59,0.409,1.615,26.862,1690.638,39.867,48.199,1398.374,1.423,23.842,1405.216,1698.91,5.195,16.876,1.438,0.46,,293.162,1.072,0.38,,1.189,0.05,,0.014,767.409,10048.812,10.579,44.837,467.598,139.187,168.278,386.763,18.137,4.668,25.0,0.003,0.014,0.004,0.005,0.011,0.001,0.0,80.952,0.477,1.066,0.317,0.384,0.882,0.041,0.011
China,1995,CHN,1220133929.0,4809999898743.0,,0.0,0.0,0.0,,,,0.0,,1.246,95.183,6340.984,7736.85,608.036,741.886,9.745,702.626,6485.067,7912.651,73.671,74.988,,,1007.03,10.123,3.024,303.846,8484.854,2.152,2.44,231.999,655.648,799.979,7983.776,9741.276,79.439,94.415,1.031,1.824,178.795,2.458,2.999,146.538,2.227,3.941,148.272,180.912,0.298,1.733,,13.827,64.308,529.389,156.196,190.58,433.878,18.925,5.131,13.121,67.599,576.186,169.695,207.05,472.232,20.56,5.585,,,-13.032,-5.342,35.647,10.518,12.833,29.216,1.274,0.346,7.985,134.992,1825.631,45.154,55.094,1496.254,2.013,34.192,1420.42,1733.103,5.471,17.695,9.419,3.014,,555.217,7.981,2.47,,7.719,0.299,,0.091,825.344,10352.658,15.415,72.941,540.539,159.177,194.217,443.016,19.286,5.239,40.0,0.006,0.019,0.006,0.007,0.016,0.001,0.0,60.526,0.645,1.712,0.505,0.616,1.403,0.061,0.017
China,1996,CHN,1230944809.0,5127589598793.0,,0.0,0.0,0.0,,,,0.0,,4.634,358.54,6576.566,8095.39,669.554,824.184,2.643,209.156,6598.027,8121.807,76.221,74.455,,,1081.31,10.289,5.359,554.792,8861.039,2.127,5.795,564.504,712.756,877.363,8372.252,10305.78,81.139,94.785,4.791,8.567,187.362,2.297,2.828,152.21,12.056,21.81,164.688,202.722,0.262,1.723,,-1.37,-7.25,522.139,152.704,187.97,424.177,17.384,4.802,-1.5,-9.143,567.043,165.681,203.944,460.657,18.861,5.215,,,11.728,4.181,39.828,11.648,14.338,32.355,1.326,0.366,10.813,197.398,2023.029,40.904,50.351,1643.476,6.375,110.485,1497.701,1843.588,4.656,18.606,4.791,1.533,,-49.137,-4.628,1.245,,3.892,0.142,,0.044,878.439,10907.45,-2.374,-13.323,527.215,154.033,189.606,428.301,17.535,4.849,28.571,0.006,0.025,0.007,0.009,0.02,0.001,0.0,-84.754,-1.451,0.261,0.076,0.094,0.212,0.009,0.002
China,1997,CHN,1241139623.0,5291338914515.0,,0.0,0.0,0.0,,,,0.0,,-2.019,-163.478,6390.83,7931.912,698.573,867.026,-0.656,-53.312,6500.875,8068.494,76.353,72.471,,,1135.55,10.748,0.676,73.684,8847.622,2.075,0.443,45.662,743.042,922.219,8340.272,10351.442,81.213,94.577,5.67,10.623,197.985,6.508,8.077,159.519,12.872,26.094,184.359,228.816,0.711,1.809,,4.261,22.25,544.389,157.903,195.98,438.62,17.259,4.974,4.602,26.482,593.526,171.882,213.329,478.21,18.786,5.423,,,0.558,0.222,40.05,11.617,14.418,32.269,1.27,0.366,9.813,198.517,2221.545,37.961,47.115,1789.924,1.016,18.724,1500.485,1862.312,4.149,20.297,8.506,2.722,,77.56,3.716,2.193,,6.854,0.24,,0.078,914.925,10981.134,4.908,26.26,553.476,160.265,198.911,445.941,17.517,5.057,22.222,0.006,0.031,0.009,0.011,0.025,0.001,0.0,110.753,0.289,0.55,0.16,0.198,0.443,0.017,0.005
China,1998,CHN,1250847122.0,5338703042331.0,,0.0,0.0,0.0,,,,0.0,,-0.759,-60.195,6293.108,7871.717,712.856,891.674,-4.0,-322.748,6192.401,7745.747,76.407,71.797,,,1167.0,11.031,0.177,19.433,8794.493,2.061,0.116,12.028,760.411,951.158,8285.162,10363.471,81.505,94.524,3.121,6.178,204.163,4.87,6.092,163.22,2.537,5.805,187.57,234.621,0.522,1.862,,1.485,8.083,552.472,159.004,198.89,441.678,17.043,5.039,1.177,6.89,600.415,172.555,215.84,480.007,18.495,5.476,,,-2.206,-0.883,39.167,11.272,14.1,31.312,1.208,0.357,2.973,66.045,2287.591,42.685,53.392,1828.833,0.031,0.581,1489.305,1862.893,4.575,20.865,7.75,2.48,,-8.891,-0.756,1.983,,6.196,0.213,,0.071,932.968,11000.566,1.422,7.773,561.249,161.282,201.74,448.695,17.287,5.119,27.273,0.008,0.039,0.011,0.014,0.031,0.001,0.0,79.592,0.438,0.988,0.284,0.356,0.79,0.03,0.009
China,1999,CHN,1260176650.0,5578503091801.0,,0.0,0.0,0.0,,,,0.0,,2.888,227.316,6426.903,8099.033,769.483,969.684,2.4,185.897,6294.073,7931.644,78.245,71.359,,,1239.3,11.3,3.504,385.502,9035.296,2.041,3.758,389.437,813.186,1024.758,8532.858,10752.908,82.688,94.742,6.107,12.467,216.631,3.819,4.813,171.905,8.243,19.341,201.529,253.962,0.388,1.909,,-1.161,-6.417,546.056,155.994,196.58,433.317,15.862,4.811,-0.602,-3.597,596.819,170.246,214.54,473.599,17.311,5.258,,,6.021,2.358,41.525,11.863,14.949,32.952,1.206,0.366,6.542,149.654,2437.245,39.884,50.261,1934.05,0.025,0.465,1478.649,1863.359,4.056,21.474,7.875,2.52,,1.613,0.125,2.0,,6.249,0.203,,0.069,983.434,11386.068,-1.065,-5.955,555.294,158.383,199.591,440.648,16.105,4.893,21.429,0.008,0.047,0.013,0.017,0.037,0.001,0.0,33.239,0.328,1.316,0.376,0.474,1.044,0.038,0.012
China,2000,CHN,1269581174.0,5952682232028.0,,0.0,0.0,0.0,2.001,2.54,0.187,0.0,783.51,1.387,112.374,6467.807,8211.406,835.126,1060.26,3.713,294.467,6479.39,8226.111,78.213,69.83,1346.85,1060.862,1355.6,11.967,3.638,414.216,9294.628,1.982,3.091,332.351,876.903,1113.3,8731.431,11085.26,82.126,94.269,13.999,30.327,246.957,4.545,5.77,194.519,7.945,20.177,215.929,274.14,0.426,2.1,1062.12,13.14,71.75,617.806,175.184,222.41,486.622,16.407,5.254,12.938,77.106,673.925,190.85,242.3,530.825,17.874,5.731,-8.75,-0.65,11.961,4.967,46.492,13.185,16.74,36.62,1.235,0.395,7.781,189.651,2626.896,37.233,47.27,2069.104,1.498,27.912,1489.681,1891.271,3.487,22.339,7.928,2.54,,0.675,0.053,2.001,,6.245,0.187,,0.067,1067.754,11800.284,13.011,72.14,627.433,177.665,225.56,494.205,16.639,5.336,29.412,0.014,0.061,0.016,0.02,0.048,0.001,0.001,24.52,0.323,1.639,0.465,0.59,1.291,0.044,0.014
China,2001,CHN,1278725061.0,6329737256820.0,,0.0,0.0,0.0,1.994,2.55,0.172,0.0,762.88,5.168,424.349,6753.41,8635.755,883.02,1129.14,5.946,489.118,6815.562,8715.229,76.253,69.53,1472.19,1151.295,1480.79,12.45,5.676,669.779,9751.95,1.97,4.603,510.202,924.82,1182.59,9067.986,11595.462,79.862,93.36,11.945,29.5,276.458,3.855,4.93,216.198,11.504,31.536,239.047,305.676,0.333,2.226,1129.67,24.738,148.576,766.381,216.958,277.43,599.332,18.735,6.17,23.075,150.775,824.7,233.201,298.2,644.939,20.138,6.64,-8.6,-0.584,4.391,1.774,48.265,13.662,17.47,37.745,1.18,0.389,2.145,56.353,2683.249,37.944,48.52,2098.378,1.359,25.702,1499.128,1916.973,3.277,21.604,7.981,2.55,,0.67,0.053,1.994,,6.242,0.172,,0.064,1158.021,12470.063,24.462,149.001,776.435,219.539,280.73,607.195,18.958,6.251,40.909,0.025,0.086,0.023,0.03,0.067,0.002,0.001,21.918,0.348,1.987,0.563,0.72,1.554,0.049,0.016
China,2002,CHN,1286866835.0,6814493895929.0,,1.715,1.333,1.715,1.982,2.55,0.154,0.013,773.3,9.631,831.703,7356.983,9467.458,996.661,1282.57,6.794,592.093,7232.545,9307.322,77.543,69.989,1645.61,1278.773,1654.01,12.747,8.905,1110.428,10553.145,1.993,9.156,1061.73,1039.323,1337.47,9835.665,12657.191,80.862,93.569,6.394,17.678,294.136,3.256,4.19,228.567,7.689,23.503,255.799,329.179,0.253,2.174,1279.04,3.799,22.578,788.959,223.776,287.97,613.085,17.41,5.832,6.719,45.197,869.897,245.977,316.54,675.981,19.138,6.431,-8.4,-0.51,43.813,20.576,68.841,19.528,25.13,53.495,1.519,0.509,7.914,212.349,2895.598,39.406,50.71,2250.115,1.235,23.679,1508.044,1940.651,3.066,21.406,7.956,2.55,,-0.313,-0.025,1.982,,6.183,0.154,,0.059,1285.3,13580.491,4.411,24.621,801.056,226.449,291.41,622.486,17.618,5.922,54.839,0.046,0.132,0.039,0.05,0.102,0.003,0.001,16.433,0.307,2.294,0.653,0.84,1.783,0.051,0.017
China,2003,CHN,1294517323.0,7248623080792.0,176.0,3.019,3.657,4.735,1.962,2.54,0.133,0.03,790.92,19.177,1815.601,8716.035,11283.059,1174.16,1519.97,18.125,1686.979,8492.974,10994.302,79.555,71.565,1903.22,1470.216,1910.58,12.574,16.481,2238.265,12219.811,2.182,17.4,2202.377,1220.501,1579.96,11478.849,14859.568,82.695,94.25,16.187,47.612,341.747,3.986,5.16,263.996,7.207,23.725,272.615,352.904,0.27,2.168,1511.11,-1.49,-15.989,772.97,219.14,283.68,597.111,14.848,4.903,5.376,36.721,906.619,255.4,330.62,700.353,17.305,5.75,-7.36,-0.387,72.492,49.257,118.098,33.48,43.34,91.229,2.268,0.749,11.713,339.165,3234.762,42.356,54.83,2498.817,1.629,31.622,1523.559,1972.274,2.87,20.517,7.925,2.54,,-0.393,-0.031,1.962,,6.122,0.133,,0.05,1475.901,15818.756,-0.377,-12.536,788.52,221.921,287.28,609.123,15.036,5.001,33.333,0.043,0.174,0.046,0.06,0.135,0.003,0.001,19.059,0.422,2.717,0.772,1.0,2.098,0.052,0.017
China,2004,CHN,1302100316.0,7830953177799.0,26.103,1.236,4.585,5.97,1.943,2.53,0.115,0.032,778.5,16.593,1872.222,10103.123,13155.28,1322.801,1722.42,17.095,1879.429,9886.896,12873.73,78.174,71.32,2197.23,1687.451,2203.31,12.415,17.008,2690.381,14214.832,2.364,16.645,2473.324,1378.857,1795.41,13311.487,17332.893,81.487,93.969,16.999,58.092,399.84,5.729,7.46,307.073,18.406,64.957,320.913,417.861,0.339,2.168,1715.28,24.628,185.144,958.114,271.515,353.54,735.822,16.046,5.194,23.412,205.807,1112.425,313.263,407.9,854.332,18.513,6.031,-6.08,-0.277,16.444,18.674,136.772,38.76,50.47,105.04,2.291,0.742,16.787,543.01,3777.772,50.326,65.53,2901.291,2.633,51.939,1554.575,2024.213,2.974,20.481,7.9,2.53,,-0.315,-0.025,1.943,,6.067,0.115,,0.043,1692.12,18509.137,24.446,187.133,975.653,274.503,357.43,749.292,16.222,5.289,18.75,0.032,0.206,0.061,0.08,0.158,0.004,0.001,28.166,0.746,3.463,0.983,1.28,2.659,0.058,0.019
China,2005,CHN,1310027135.0,8602939667333.0,40.28,2.405,6.393,8.375,4.061,5.32,0.213,0.04,782.08,17.102,2249.826,11759.38,15405.106,1511.534,1980.15,12.174,1567.26,11023.429,14440.99,79.198,73.52,2494.08,1903.839,2500.26,12.39,13.604,2518.027,16050.938,2.444,13.734,2380.453,1559.357,2042.8,15048.043,19713.346,81.704,94.08,17.485,69.911,469.751,9.267,12.14,358.581,18.958,79.218,379.442,497.08,0.486,2.242,1955.41,12.296,109.136,1067.25,303.062,397.02,814.678,15.879,5.093,12.557,127.998,1240.423,349.199,457.46,946.868,18.296,5.92,-6.18,-0.248,5.189,5.937,142.71,40.526,53.09,108.936,2.123,0.681,1.607,60.715,3838.487,38.556,50.51,2930.082,4.195,84.921,1609.993,2109.134,2.02,18.319,16.631,5.32,,110.522,8.731,4.061,,12.695,0.213,,0.079,1908.556,21027.164,13.58,122.061,1097.714,308.673,404.37,837.932,16.173,5.239,10.526,0.02,0.226,0.061,0.08,0.172,0.003,0.001,52.3,1.769,5.231,1.489,1.95,3.993,0.078,0.025
China,2006,CHN,1318054030.0,9489543138489.0,44.09,3.693,9.156,12.068,5.409,7.13,0.249,0.053,786.64,9.823,1513.274,12835.878,16918.381,1746.833,2302.42,6.984,1008.564,11721.488,15449.555,80.344,73.656,2858.84,2168.986,2865.72,12.951,9.612,2021.17,17486.639,2.429,9.636,1899.643,1793.675,2364.16,16397.648,21612.988,82.498,94.095,23.009,108.086,577.838,18.072,23.82,438.402,18.721,93.056,447.733,590.136,0.831,2.516,2254.3,9.765,97.953,1165.203,330.631,435.79,884.033,15.207,5.073,10.262,115.956,1356.38,380.531,501.56,1029.077,17.502,5.905,-6.88,-0.241,3.306,3.929,146.639,41.607,54.84,111.254,1.914,0.638,7.25,278.282,4116.769,28.77,37.92,3123.369,1.882,39.691,1630.301,2148.825,1.323,17.923,22.291,7.13,,34.029,5.659,5.409,,16.912,0.249,,0.097,2174.205,23048.334,11.157,112.027,1209.74,338.924,446.72,917.823,15.588,5.267,13.095,0.028,0.254,0.068,0.09,0.193,0.003,0.001,90.735,4.693,9.925,2.815,3.71,7.53,0.129,0.043
China,2007,CHN,1325813576.0,10358206113742.0,10.591,1.278,10.066,13.346,7.437,9.86,0.3,0.053,785.24,8.899,1505.533,13896.309,18423.914,2003.826,2656.7,8.345,1289.311,12625.354,16738.865,80.959,73.804,3271.23,2467.338,3281.54,13.659,8.683,2001.242,18893.74,2.418,8.492,1835.273,2050.59,2718.7,17685.941,23448.26,82.848,93.932,23.007,132.941,710.779,25.577,33.91,536.108,18.252,107.711,526.354,697.847,1.033,2.847,2576.8,11.354,125.393,1290.596,366.009,485.26,973.437,14.788,5.17,12.18,158.499,1514.879,424.524,562.84,1142.603,17.152,6.068,-10.31,-0.315,13.287,18.6,165.239,46.862,62.13,124.632,1.893,0.662,4.78,196.798,4313.567,21.187,28.09,3253.525,0.84,18.056,1634.378,2166.881,0.856,17.28,30.822,9.86,,38.273,8.531,7.437,,23.248,0.3,,0.123,2475.114,25049.576,12.047,139.899,1349.64,377.662,500.71,1017.971,15.258,5.407,20.0,0.049,0.303,0.083,0.11,0.229,0.003,0.001,47.617,4.648,14.573,4.133,5.48,10.991,0.167,0.058
China,2008,CHN,1333821011.0,10799148337884.0,36.213,4.833,13.629,18.179,11.148,14.87,0.425,0.07,747.06,1.585,292.006,14031.808,18715.92,2030.94,2708.91,3.647,610.418,13007.205,17349.283,77.491,72.251,3482.96,2611.265,3495.76,14.156,3.876,970.887,19508.211,2.409,2.111,495.08,2070.96,2762.29,17950.939,23943.34,79.018,92.431,15.272,108.55,819.329,25.918,34.57,614.272,15.973,111.47,606.766,809.317,0.989,3.163,2611.53,31.261,390.037,1680.633,477.545,636.96,1260.014,18.221,6.488,30.451,445.815,1960.693,549.901,733.47,1469.982,20.982,7.569,-12.8,-0.368,10.082,15.22,180.459,51.274,68.39,135.295,1.956,0.697,2.191,94.524,4408.092,14.102,18.81,3304.86,2.212,47.932,1660.502,2214.812,0.538,17.017,46.456,14.87,,50.725,15.634,11.148,,34.829,0.425,,0.179,2620.861,26020.463,32.912,430.595,1780.234,498.628,665.08,1334.688,19.025,6.872,33.333,0.098,0.401,0.112,0.15,0.301,0.004,0.002,139.082,19.992,34.565,9.821,13.1,25.914,0.375,0.133
China,2009,CHN,1342522717.0,11572544299171.0,9.404,1.71,14.814,19.889,15.538,20.86,0.562,0.074,753.13,4.75,889.1,14603.119,19605.02,2168.693,2911.52,3.09,536.068,13322.196,17885.352,78.38,72.489,3703.26,2758.434,3714.64,14.374,4.375,1138.436,20229.75,2.347,4.779,1144.217,2219.851,2980.2,18686.879,25087.559,80.229,92.76,10.119,82.911,902.24,42.13,56.56,672.048,6.188,50.081,640.136,859.398,1.523,3.336,2797.62,-3.347,-64.77,1615.863,458.57,615.64,1203.602,16.573,5.975,0.357,-2.684,1958.009,547.06,734.44,1458.455,19.771,7.24,-11.38,-0.307,2.422,3.4,183.859,52.178,70.05,136.951,1.886,0.68,3.907,172.207,4580.298,9.028,12.12,3411.71,-0.499,-11.044,1641.513,2203.769,0.326,16.935,65.185,20.86,,40.316,18.729,15.538,,48.554,0.562,,0.241,2766.91,27158.898,0.151,-6.084,1774.15,494.882,664.39,1321.505,17.886,6.56,83.553,0.331,0.732,0.209,0.28,0.545,0.008,0.003,110.802,37.916,72.48,20.566,27.61,53.988,0.743,0.268
China,2010,CHN,1351561505.0,12858808500983.0,-0.463,-0.092,14.647,19.797,18.423,24.9,0.592,0.068,740.75,3.752,735.523,15049.661,20340.543,2392.492,3233.6,8.286,1481.898,14329.536,19367.25,76.859,70.336,4193.65,3102.818,4207.16,15.285,6.984,1896.711,21497.809,2.26,6.203,1556.216,2475.685,3346.04,19713.326,26643.773,79.532,92.132,20.671,186.5,1088.741,57.511,77.73,805.543,12.34,106.048,714.318,965.445,1.848,3.765,3116.46,15.551,236.697,1852.56,526.339,711.38,1370.681,16.909,6.406,16.781,317.272,2275.281,637.13,861.12,1683.446,20.468,7.868,-13.51,-0.322,6.698,10.782,194.641,55.299,74.74,144.012,1.776,0.673,13.846,634.192,5214.49,25.681,34.71,3858.123,7.137,157.284,1746.908,2361.053,0.825,18.031,77.813,24.9,,19.372,12.628,18.423,,57.573,0.592,,0.269,3112.814,29055.609,17.813,306.49,2080.64,581.831,786.38,1539.434,18.691,7.195,151.254,1.093,1.826,0.518,0.7,1.351,0.017,0.006,78.887,56.165,128.645,36.55,49.4,95.182,1.174,0.445
China,2011,CHN,1360250658.0,13691526496125.0,10.629,2.104,16.101,21.901,20.312,27.63,0.586,0.07,752.36,8.864,1803.061,16279.062,22143.604,2713.375,3690.87,11.193,2167.818,15831.691,21535.068,78.312,70.97,4700.28,3455.451,4713.02,15.822,7.85,2280.928,23037.326,2.289,8.415,2242.192,2818.187,3833.44,21235.768,28885.965,81.337,92.579,24.146,262.888,1351.629,79.963,108.77,993.661,9.965,96.211,780.486,1061.656,2.308,4.332,3545.88,-3.281,-70.06,1782.5,505.819,688.04,1310.42,14.599,5.713,2.335,40.107,2315.388,646.631,879.58,1702.177,18.663,7.421,-12.74,-0.271,16.668,31.266,225.907,64.106,87.2,166.077,1.85,0.724,3.38,176.243,5390.733,24.848,33.8,3963.044,-0.068,-1.611,1734.564,2359.442,0.717,17.277,86.35,27.63,,10.971,8.537,20.312,,63.481,0.586,,0.277,3464.817,31336.537,1.006,8.841,2089.481,582.525,792.38,1536.1,16.813,6.697,272.325,4.936,6.762,1.919,2.61,4.971,0.055,0.022,50.001,63.324,191.969,54.475,74.1,141.128,1.572,0.615
China,2012,CHN,1369520866.0,14773157494771.0,17.792,3.897,18.837,25.797,22.0,30.13,0.604,0.079,720.28,1.259,278.754,16372.41,22422.357,2736.862,3748.19,1.181,254.234,15910.165,21789.303,75.151,69.083,4976.76,3633.942,4987.54,16.241,4.109,1287.643,23821.602,2.208,2.421,699.467,2840.161,3889.66,21602.762,29585.432,77.988,91.152,11.626,157.147,1508.776,80.503,110.25,1101.682,5.004,53.125,813.993,1114.781,2.211,4.648,3592.41,25.398,441.196,2223.696,629.994,862.79,1623.704,17.299,6.851,24.648,556.526,2871.914,801.653,1097.88,2097.021,22.012,8.848,-10.78,-0.217,12.75,27.491,253.398,71.792,98.32,185.027,1.971,0.781,4.889,263.566,5654.299,22.796,31.22,4128.67,2.269,53.527,1761.907,2412.969,0.626,17.421,94.166,30.13,,9.051,7.816,22.0,,68.758,0.604,,0.29,3641.814,32624.18,25.922,529.035,2618.516,729.861,999.56,1911.994,20.041,8.068,37.721,2.503,9.264,2.621,3.59,6.765,0.072,0.029,39.069,73.624,265.593,75.245,103.05,193.931,2.066,0.818
China,2013,CHN,1379008040.0,15925464549520.0,37.161,9.586,25.659,35.384,26.925,37.13,0.684,0.105,717.51,2.14,479.773,16607.686,22902.131,2956.741,4077.37,1.124,244.834,15978.251,22034.137,75.067,68.027,5420.4,3930.651,5431.63,17.097,3.765,1228.387,24548.49,2.126,3.187,942.953,3065.073,4226.76,22137.932,30528.387,77.818,90.679,13.919,210.01,1718.785,84.401,116.39,1246.393,9.269,103.326,883.321,1218.107,2.143,5.105,3897.27,5.426,102.678,2326.374,659.612,909.61,1686.991,16.747,6.91,10.375,266.086,3138.0,873.722,1204.87,2275.549,22.182,9.321,-11.23,-0.207,13.408,31.77,285.168,80.855,111.5,206.792,2.053,0.847,4.477,253.17,5907.47,23.93,33.0,4283.854,1.196,28.857,1770.712,2441.826,0.608,17.547,116.041,37.13,,23.23,21.875,26.925,,84.148,0.684,,0.345,3938.795,33852.566,10.084,234.316,2852.832,792.867,1093.37,2068.756,20.13,8.474,132.963,12.152,21.417,6.07,8.37,15.53,0.154,0.064,34.172,88.024,353.617,100.26,138.26,256.428,2.545,1.05
China,2014,CHN,1387951970.0,17103948867278.0,4.44,1.571,26.625,36.955,33.337,46.27,0.799,0.107,693.85,-0.425,-97.428,16430.471,22804.703,3028.246,4203.06,-1.604,-353.375,15620.686,21680.762,72.536,66.074,5783.04,4166.6,5794.45,17.945,2.589,876.5,25021.807,2.03,0.991,302.465,3149.965,4372.0,22213.197,30830.852,75.452,89.328,9.591,164.846,1883.631,96.026,133.28,1357.13,7.692,93.701,945.14,1311.809,2.3,5.458,4020.49,16.499,370.042,2696.416,763.492,1059.69,1942.73,18.288,7.812,17.669,545.283,3683.283,1024.855,1422.45,2653.754,24.548,10.672,-11.41,-0.197,19.477,53.808,338.976,95.983,133.22,244.227,2.299,0.982,3.979,235.047,6142.517,25.693,35.66,4425.597,0.7,17.093,1771.617,2458.919,0.615,17.797,144.588,46.27,,24.601,28.548,33.337,,104.174,0.799,,0.419,4174.82,34729.066,17.49,491.476,3344.307,928.872,1289.23,2409.527,22.249,9.69,180.78,38.411,59.827,16.939,23.51,43.105,0.406,0.173,15.549,52.904,406.521,115.105,159.76,292.893,2.757,1.178
China,2015,CHN,1396134171.0,18301224436466.0,-26.129,-9.656,19.553,27.299,38.728,54.07,0.93,0.078,667.85,-2.086,-475.66,15993.479,22329.043,2898.124,4046.17,-1.876,-406.803,15237.761,21273.959,69.587,63.967,5802.14,4155.861,5814.58,17.903,1.172,406.922,25166.627,1.92,0.178,54.983,3043.791,4249.54,22122.396,30885.834,73.084,88.48,3.359,63.264,1946.895,119.552,166.91,1394.49,3.421,44.88,971.747,1356.689,2.871,5.577,3883.25,5.174,125.142,2821.558,798.29,1114.52,2020.979,19.168,8.083,9.108,338.214,4021.498,1120.981,1565.04,2880.452,26.916,11.52,-12.44,-0.214,28.645,94.893,433.869,122.753,171.38,310.764,2.947,1.243,7.609,467.379,6609.896,26.115,36.46,4734.427,1.481,36.414,1787.316,2495.333,0.627,18.936,168.97,54.07,,16.863,24.381,38.728,,121.027,0.93,,0.484,4164.771,35135.988,7.146,243.322,3587.629,998.228,1393.66,2569.688,23.968,10.278,67.916,40.123,99.951,28.278,39.48,71.591,0.679,0.286,16.167,63.331,469.852,132.931,185.59,336.538,3.192,1.346
China,2016,CHN,1404052628.0,19545709173693.0,1.889,0.516,19.81,27.815,44.25,62.13,1.013,0.079,651.76,-2.926,-653.264,15438.011,21675.779,2960.252,4156.35,-7.534,-1602.727,14010.324,19671.232,67.768,61.893,6120.44,4359.125,6133.16,18.954,0.403,141.723,25125.633,1.805,-0.946,-292.065,3131.784,4397.19,21789.617,30593.77,71.695,87.357,7.577,147.516,2094.411,134.098,188.28,1491.69,1.675,22.727,982.453,1379.416,3.07,5.98,3997.36,3.477,76.099,2897.657,821.387,1153.27,2063.781,18.804,8.274,10.767,406.102,4427.6,1236.4,1735.97,3153.443,28.305,12.643,-12.72,-0.208,24.391,101.755,535.624,151.832,213.18,381.484,3.476,1.529,3.233,213.683,6823.579,37.434,52.56,4859.917,-6.933,-172.996,1654.024,2322.336,0.857,19.484,194.171,62.13,,14.915,25.201,44.25,,138.293,1.013,,0.554,4368.184,35277.711,9.124,304.347,3891.976,1084.568,1522.79,2771.958,24.829,11.113,68.508,67.205,167.156,47.384,66.53,119.052,1.085,0.477,29.78,135.325,605.177,171.546,240.86,431.022,3.927,1.728
China,2017,CHN,1412354730.0,20894362082435.0,-6.755,-1.879,18.364,25.936,56.36,79.6,1.205,0.071,644.21,1.106,239.664,15516.954,21915.443,3136.627,4430.03,3.329,654.877,14391.646,20326.109,67.077,60.249,6591.39,4666.951,6604.44,19.743,3.888,1371.672,25949.135,1.754,2.999,917.368,3320.186,4689.28,22311.064,31511.137,71.002,86.629,15.189,318.111,2412.522,143.873,203.2,1708.156,8.161,112.579,1056.388,1491.995,3.077,6.632,4254.61,1.023,15.005,2912.662,824.906,1165.06,2062.274,17.641,8.007,10.053,435.995,4863.595,1356.005,1915.16,3443.607,28.998,13.371,-13.05,-0.198,16.381,84.626,620.25,175.664,248.1,439.16,3.757,1.705,5.27,359.593,7183.172,39.685,56.05,5085.955,-4.096,-95.122,1576.951,2227.215,0.849,19.748,248.747,79.6,,28.107,54.575,56.36,,176.122,1.205,,0.684,4676.19,36649.383,9.183,351.369,4243.345,1180.341,1667.06,3004.447,25.242,11.666,77.068,127.344,294.5,83.407,117.8,208.517,1.784,0.81,26.463,156.323,761.5,215.668,304.6,539.17,4.612,2.093
China,2018,CHN,1419008954.0,22294284747546.0,29.818,7.733,23.727,33.669,66.102,93.8,1.309,0.088,636.89,1.993,436.703,15751.941,22352.146,3357.167,4763.85,5.052,1026.842,15047.792,21352.951,66.477,58.647,7150.92,5039.376,7166.14,20.543,4.803,1760.438,27068.061,1.723,3.837,1209.011,3548.78,5035.75,23058.451,32720.148,70.271,85.85,17.688,426.738,2839.26,151.867,215.5,2000.875,8.19,122.194,1137.546,1614.188,3.007,7.45,4564.01,2.903,69.644,2982.306,844.878,1198.89,2101.682,16.73,7.825,11.486,529.323,5392.917,1501.322,2130.39,3800.482,29.729,14.15,-15.22,-0.213,18.904,113.581,733.831,207.892,295.0,517.143,4.117,1.925,4.811,345.569,7528.741,39.746,56.4,5305.633,-1.139,-25.377,1551.673,2201.838,0.787,19.754,293.112,93.8,,17.835,44.365,66.102,,206.561,1.309,,0.769,5050.102,38409.82,10.399,415.742,4659.087,1293.431,1835.39,3283.339,25.612,12.224,50.17,145.55,440.05,124.664,176.9,310.111,2.469,1.155,20.092,148.45,909.95,257.786,365.8,641.258,5.105,2.388
China,2019,CHN,1423520357.0,23631941251482.0,7.079,2.383,25.327,36.053,79.24,112.8,1.503,0.09,619.63,2.55,570.09,16102.5,22922.236,3410.643,4855.12,3.754,801.488,15563.135,22154.439,64.705,57.512,7486.63,5259.236,7503.43,20.672,4.631,1778.902,28231.928,1.701,3.598,1177.367,3610.83,5140.09,23812.455,33897.516,68.503,85.048,8.612,244.508,3083.768,163.327,232.5,2166.297,9.492,153.226,1241.58,1767.414,3.099,7.737,4649.37,6.143,167.541,3149.846,893.939,1272.54,2212.716,16.959,7.903,10.875,566.26,5959.178,1660.208,2363.34,4186.226,31.497,14.952,-16.8,-0.224,18.203,129.288,863.119,244.956,348.7,606.327,4.647,2.166,4.818,362.769,7891.51,36.859,52.47,5543.658,1.217,26.796,1565.579,2228.634,0.699,19.8,352.487,112.8,,20.257,59.375,79.24,,247.616,1.503,,0.884,5271.038,40188.723,9.718,436.972,5096.059,1415.252,2014.64,3579.899,26.85,12.786,26.625,114.406,554.455,157.356,224.0,389.496,2.985,1.391,10.798,93.268,1003.218,284.717,405.3,704.744,5.402,2.517
China,2020,CHN,1426106093.0,24151843898871.0,-23.742,-8.56,19.279,27.493,95.154,135.7,1.744,0.067,606.29,2.095,480.316,16410.105,23402.553,3451.279,4921.89,0.95,210.496,15682.519,22364.936,63.271,56.879,7762.03,5442.813,7779.07,20.851,3.248,1305.168,29095.936,1.718,2.451,830.877,3665.828,5227.86,24351.9,34728.391,67.204,84.407,9.158,282.404,3366.173,177.056,252.5,2360.394,9.77,172.678,1360.412,1940.092,3.246,8.181,4716.4,3.864,113.633,3263.479,926.796,1321.71,2288.385,16.991,7.932,7.473,456.586,6415.764,1788.934,2551.21,4498.798,32.796,15.593,-17.04,-0.22,5.019,41.079,904.198,256.783,366.2,634.032,4.708,2.198,0.864,68.157,7959.667,37.494,53.47,5581.399,1.639,36.53,1588.355,2265.163,0.687,19.346,424.051,135.7,,20.303,71.564,95.154,,297.349,1.744,,1.031,5454.762,41493.891,7.891,415.507,5511.566,1532.151,2185.01,3864.766,28.088,13.396,16.563,90.236,644.691,183.086,261.1,452.064,3.356,1.567,15.1,148.634,1151.852,327.115,466.5,807.69,5.997,2.8
China,2021,CHN,1426437269.0,26180600167672.0,4.063,1.117,20.057,28.61,116.374,166.0,1.945,0.066,599.05,3.901,912.924,17046.299,24315.477,3739.246,5333.8,3.635,813.039,16248.856,23177.975,62.499,55.941,8520.02,5972.937,8534.26,21.784,5.671,2353.289,30738.947,1.675,4.503,1563.858,3980.519,5677.96,25442.584,36292.25,66.531,83.496,12.967,436.507,3802.679,201.271,287.1,2665.858,7.837,152.037,1466.681,2092.129,3.364,8.749,5112.41,-1.642,-61.509,3201.97,911.362,1300.0,2244.733,15.233,7.367,11.875,757.938,7173.702,2002.401,2856.3,5029.104,33.469,16.504,-14.24,-0.167,11.278,99.497,1003.695,285.677,407.5,703.637,4.775,2.309,2.694,214.428,8174.095,40.002,57.06,5730.427,2.111,47.823,1621.513,2312.986,0.669,18.806,518.737,166.0,,22.329,94.686,116.374,,363.659,1.945,,1.193,5982.92,43847.18,11.973,658.441,6170.007,1716.725,2448.8,4325.467,28.694,14.195,25.239,160.727,805.419,229.242,327.0,564.637,3.832,1.853,40.579,463.419,1615.271,459.747,655.8,1132.381,7.684,3.716
China,2022,CHN,1425179562.0,26966016991166.0,2.003,0.573,20.477,29.183,128.124,182.6,2.064,0.066,586.75,0.338,82.303,17119.092,24397.779,3799.325,5414.72,9.439,2187.658,17798.201,25365.633,61.192,55.309,8835.76,6199.752,8848.71,22.407,1.526,669.312,31235.707,1.651,0.222,80.396,4041.785,5760.27,25521.449,36372.648,65.097,82.455,-0.689,-26.204,3776.475,193.393,275.62,2649.824,6.036,126.285,1556.586,2218.414,3.115,8.561,5191.99,-0.144,-12.481,3189.489,910.847,1298.12,2237.956,14.67,7.23,8.067,565.754,7739.456,2167.053,3088.44,5430.513,34.903,17.545,-12.95,-0.147,2.523,22.792,1026.486,293.142,417.78,720.251,4.721,2.327,0.297,24.298,8198.393,49.068,69.93,5752.533,2.937,67.931,1670.608,2380.917,0.79,18.585,570.612,182.6,,10.0,51.875,128.124,,400.379,2.064,,1.294,6208.839,44516.492,8.979,542.962,6712.969,1873.911,2670.66,4710.262,30.181,15.218,30.664,244.385,1049.803,299.801,427.27,736.611,4.829,2.38,16.296,258.611,1873.882,535.14,762.67,1314.839,8.619,4.248
China,2023,CHN,1422584930.0,,8.564,2.499,22.271,31.683,139.324,198.2,2.096,0.068,583.04,3.211,783.43,17701.023,25181.209,4043.864,5752.74,2.24,568.186,18230.066,25933.818,60.834,54.028,9439.37,6635.365,9456.45,22.687,5.741,2555.52,33089.07,,5.356,1948.171,4307.307,6127.51,26937.455,38320.816,64.797,82.22,7.2,271.906,4048.381,209.337,297.8,2845.792,5.597,124.169,1646.709,2342.583,3.149,8.686,5513.5,-5.556,-199.256,2990.233,861.811,1226.0,2101.971,12.965,6.416,7.794,547.529,8286.984,2340.064,3328.94,5825.3,35.203,17.78,-17.08,-0.181,4.055,33.806,1060.293,305.585,434.72,745.328,4.597,2.275,10.89,892.835,9091.228,54.106,76.97,6390.64,2.102,50.056,1708.842,2430.972,0.814,19.506,619.362,198.2,,8.543,48.75,139.324,,435.378,2.096,,1.329,6647.371,47072.012,8.373,513.723,7226.692,2034.48,2894.22,5079.972,30.606,15.505,36.717,374.953,1424.756,410.626,584.15,1001.526,6.177,3.057,16.154,286.776,2160.658,622.719,885.87,1518.826,9.368,4.636
China,2024,CHN,1419321284.0,,17.503,5.546,26.23,37.228,146.901,208.5,2.067,0.077,555.4,1.66,418.098,18036.301,25599.307,4105.906,5827.6,1.2,311.205,18491.25,26245.023,57.774,52.807,10069.88,7094.856,10086.88,23.571,4.068,1915.09,34514.457,,1.53,586.456,4394.495,6237.2,27412.59,38907.273,61.835,80.259,7.3,295.532,4343.913,225.967,320.72,3060.557,6.032,141.313,1750.059,2483.896,3.18,8.961,5602.24,10.462,312.826,3303.059,954.153,1354.25,2327.21,13.426,6.814,15.661,1282.732,9569.717,2712.339,3849.68,6742.459,38.165,19.741,-17.0,-0.169,3.71,39.341,1099.634,317.652,450.85,774.761,4.47,2.268,-1.399,-127.174,8964.054,62.621,88.88,6315.732,1.849,44.95,1744.441,2475.922,0.881,18.491,651.551,208.5,,5.197,32.189,146.901,,459.058,2.067,,1.344,7106.833,48987.102,17.436,1243.39,8470.082,2394.687,3398.83,5967.699,33.696,17.472,43.634,621.683,2046.439,591.156,839.04,1441.843,8.318,4.221,12.549,271.146,2431.805,702.477,997.04,1713.358,9.885,5.016
China,2025,CHN,1416096093.0,,,,,,150.421,213.01,2.013,,525.34,,,,,4061.561,5751.56,,,,,54.345,,10563.9,7459.875,10583.36,,,,,,,,4360.777,6175.28,,,58.349,,,,,235.98,334.17,,,,,,3.158,,5559.88,,,,986.557,1397.06,,13.201,,,,,3112.84,4408.08,,41.651,,-19.46,-0.184,,,,344.334,487.61,,4.607,,,,,63.237,89.55,,,,,,0.846,,,213.01,,,,150.421,,,2.013,,,7473.617,,,,,2768.506,3920.47,,37.044,,,,,829.718,1174.96,,11.102,,,,,801.81,1135.44,,10.729,
India,1900,IND,280714154.0,271697500000.0,,,,,,,,,,,,,,,,,,140.881,39.547,,,,,,,,,,,,,,,,,,,,,,,,,,,0.0,0.0,,,,,,,,,,,,,,,,,,,,,,,,,,,,,,,,,,,,,,5.966,1.675,,,,,,,,,,,,,,,,,,,,,,,,,,,,,,,,,,,,,,,
India,1901,IND,281834058.0,277327800000.0,,,,,,,,,,,,,,,,8.446,3.34,152.173,42.888,,,,,,,,,,,,,,,,,,,,,,,,,,0.0,0.0,0.0,,,,,,,,,,,,,,,,,,,,,,,,,,,,,,,,,,,,32.639,0.547,7.882,2.221,,,,,,,,,,,,,,,,,,,,,,,,,,,,,,,,,,,,,,,
India,1902,IND,283199773.0,300672000000.0,,,,,,,,,,,,,,,,11.897,5.102,169.456,47.99,,,,,,,,,,,,,,,,,,,,,,,,,,0.0,0.0,0.0,,,,,,,,,,,,,,,,,,,,,,,,,,,,,,,,,,,,13.089,0.291,8.87,2.512,,,,,,,,,,,,,,,,,,,,,,,,,,,,,,,,,,,,,,,
India,1903,IND,284812956.0,304764400000.0,,,,,,,,,,,,,,,,0.172,0.083,168.787,48.073,,,,,,,,,,,,,,,,,,,,,,,,,,0.0,0.0,0.0,,,,,,,,,,,,,,,,,,,,,,,,,,,,,,,,,,,,55.093,1.384,13.679,3.896,,,,,,,,,,,,,,,,,,,,,,,,,,,,,,,,,,,,,,,
India,1904,IND,286435299.0,306075000000.0,,,,,,,,,,,,,,,,10.482,5.039,185.423,53.112,,,,,,,,,,,,,,,,,,,,,,,,,,0.0,0.0,0.0,,,,,,,,,,,,,,,,,,,,,,,,,,,,,,,,,,,,34.627,1.349,18.312,5.245,,,,,,,,,,,,,,,,,,,,,,,,,,,,,,,,,,,,,,,
India,1905,IND,288066854.0,300632500000.0,,,,,,,,,,,,,,,,2.456,1.304,188.9,54.416,,,,,,,,,,,,,,,,,,,,,,,,,,0.0,0.0,0.0,,,,,,,,,,,,,,,,,,,,,,,,,,,,,,,,,,,,22.173,1.163,22.245,6.408,,,,,,,,,,,,,,,,,,,,,,,,,,,,,,,,,,,,,,,
India,1906,IND,289707671.0,308969700000.0,,,,,,,,,,,,,,,,16.217,8.824,218.29,63.24,,,,,,,,,,,,,,,,,,,,,,,,,,0.0,0.0,0.0,,,,,,,,,,,,,,,,,,,,,,,,,,,,,,,,,,,,-2.722,-0.174,21.517,6.234,,,,,,,,,,,,,,,,,,,,,,,,,,,,,,,,,,,,,,,
India,1907,IND,291357804.0,290665100000.0,,,,,,,,,,,,,,,,13.944,8.818,247.319,72.058,,,,,,,,,,,,,,,,,,,,,,,,,,0.0,0.0,0.0,,,,,,,,,,,,,,,,,,,,,,,,,,,,,,,,,,,,8.022,0.5,23.112,6.734,,,,,,,,,,,,,,,,,,,,,,,,,,,,,,,,,,,,,,,
India,1908,IND,293017306.0,294816900000.0,,,,,,,,,,,,,,,,14.559,10.491,281.722,82.549,,,,,,,,,,,,,,,,,,,,,,,,,,0.0,0.0,0.0,,,,,,,,,,,,,,,,,,,,,,,,,,,,,,,,,,,,16.235,1.093,26.712,7.827,,,,,,,,,,,,,,,,,,,,,,,,,,,,,,,,,,,,,,,
India,1909,IND,294397607.0,335358000000.0,,,,,,,,,,,,,,,,-7.052,-5.821,260.627,76.728,,,,,,,,,,,,,,,,,,,,,,,,,,0.0,0.0,0.0,,,,,,,,,,,,,,,,,,,,,,,,,,,,,,,,,,,,32.244,2.524,35.159,10.351,,,,,,,,,,,,,,,,,,,,,,,,,,,,,,,,,,,,,,,
India,1910,IND,295496971.0,335633100000.0,,,,,,,,,,,,,,,,1.493,1.145,263.533,77.873,,,,,,,,,,,,,,,,,,,,,,,,,,0.0,0.0,0.0,,,,,,,,,,,,,,,,,,,,,,,,,,,,,,,,,,,,-8.09,-0.837,32.194,9.513,,,,,,,,,,,,,,,,,,,,,,,,,,,,,,,,,,,,,,,
India,1911,IND,296313651.0,333713100000.0,,,,,,,,,,,,,,,,5.556,4.326,277.407,82.2,,,,,,,,,,,,,,,,,,,,,,,,,,0.0,0.0,0.0,,,,,,,,,,,,,,,,,,,,,,,,,,,,,,,,,,,,5.134,0.488,33.754,10.002,,,,,,,,,,,,,,,,,,,,,,,,,,,,,,,,,,,,,,,
India,1912,IND,296845891.0,333133200000.0,,,,,,,,,,,,,,,,15.65,12.864,320.247,95.064,,,,,,,,,,,,,,,,,,,,,,,,,,0.0,0.0,0.0,,,,,,,,,,,,,,,,,,,,,,,,,,,,,,,,,,,,10.349,1.035,37.18,11.037,,,,,,,,,,,,,,,,,,,,,,,,,,,,,,,,,,,,,,,
India,1913,IND,297091925.0,325870100000.0,,,,,,,,,,,,,,,,10.213,9.709,352.66,104.773,,,,,,,,,,,,,,,,,,,,,,,,,,0.0,0.0,0.0,,,,,,,,,,,,,,,,,,,,,,,,,,,,,,,,,,,,11.38,1.256,41.377,12.293,,,,,,,,,,,,,,,,,,,,,,,,,,,,,,,,,,,,,,,
India,1914,IND,297338132.0,343520000000.0,,,,,,,,,,,,,,,,1.579,1.654,357.932,106.427,,,,,,,,,,,,,,,,,,,,,,,,,,0.0,0.0,0.0,,,,,,,,,,,,,,,,,,,,,,,,,,,,,,,,,,,,-6.623,-0.814,38.605,11.479,,,,,,,,,,,,,,,,,,,,,,,,,,,,,,,,,,,,,,,
India,1915,IND,297584511.0,334924200000.0,,,,,,,,,,,,,,,,3.886,4.135,371.532,110.562,,,,,,,,,,,,,,,,,,,,,,,,,,0.0,0.0,0.0,,,,,,,,,,,,,,,,,,,,,,,,,,,,,,,,,,,,10.841,1.244,42.755,12.723,,,,,,,,,,,,,,,,,,,,,,,,,,,,,,,,,,,,,,,
India,1916,IND,297831063.0,344694000000.0,,,,,,,,,,,,,,,,0.88,0.973,374.493,111.536,,,,,,,,,,,,,,,,,,,,,,,,,,0.0,0.0,0.0,,,,,,,,,,,,,,,,,,,,,,,,,,,,,,,,,,,,3.473,0.442,44.203,13.165,,,,,,,,,,,,,,,,,,,,,,,,,,,,,,,,,,,,,,,
India,1917,IND,298077789.0,338632800000.0,,,,,,,,,,,,,,,,5.556,6.197,394.972,117.732,,,,,,,,,,,,,,,,,,,,,,,,,,0.0,0.0,0.0,,,,,,,,,,,,,,,,,,,,,,,,,,,,,,,,,,,,-4.859,-0.64,42.021,12.526,,,,,,,,,,,,,,,,,,,,,,,,,,,,,,,,,,,,,,,
India,1918,IND,298421342.0,295336800000.0,,,,,,,,,,,,,,,,13.78,16.224,448.882,133.956,,,,,,,,,,,,,,,,,,,,,,,,,,0.0,0.0,0.0,,,,,,,,,,,,,,,,,,,,,,,,,,,,,,,,,,,,-0.929,-0.116,41.583,12.409,,,,,,,,,,,,,,,,,,,,,,,,,,,,,,,,,,,,,,,
India,1919,IND,299273541.0,335830000000.0,,,,,,,,,,,,,,,,9.195,12.317,488.761,146.273,,,,,,,,,,,,,,,,,,,,,,,,,,0.0,0.0,0.0,,,,,,,,,,,,,,,,,,,,,,,,,,,,,,,,,,,,9.091,1.128,45.234,13.537,,,,,,,,,,,,,,,,,,,,,,,,,,,,,,,,,,,,,,,
India,1920,IND,300639878.0,309267200000.0,,,,,,,,,,,,,,,,-20.621,-30.163,386.21,116.11,,,,,,,,,,,,,,,,,,,,,,,,,,0.0,0.0,0.0,,,,,,,,,,,,,,,,,,,,,,,,,,,,,,,,,,,,0.515,0.07,45.26,13.607,,,,,,,,,,,,,,,,,,,,,,,,,,,,,,,,,,,,,,,
India,1921,IND,302525896.0,332498600000.0,,,,,,,,,,,,,,,,7.468,8.672,412.466,124.782,,,,,,,,,,,,,,,,,,,,,,,,,,0.0,0.0,0.0,,,,,,,,,,,,,,,,,,,,,,,,,,,,,,,,,,,,8.376,1.14,48.746,14.747,,,,,,,,,,,,,,,,,,,,,,,,,,,,,,,,,,,,,,,
India,1922,IND,304937193.0,346716800000.0,,,,,,,,,,,,,,,,-1.514,-1.89,403.008,122.892,,,,,,,,,,,,,,,,,,,,,,,,,,0.0,0.0,0.0,,,,,,,,,,,,,,,,,,,,,,,,,,,,,,,,,,,,-2.366,-0.349,47.216,14.398,,,,,,,,,,,,,,,,,,,,,,,,,,,,,,,,,,,,,,,
India,1923,IND,307879422.0,335552000000.0,,,,,,,,,,,,,,,,3.396,4.174,412.713,127.066,,,,,,,,,,,,,,,,,,,,,,,,,,0.0,0.0,0.0,,,,,,,,,,,,,,,,,,,,,,,,,,,,,,,,,,,,-1.454,-0.209,46.085,14.189,,,,,,,,,,,,,,,,,,,,,,,,,,,,,,,,,,,,,,,
India,1924,IND,310850039.0,351853700000.0,,,,,,,,,,,,,,,,7.736,9.83,440.39,136.895,,,,,,,,,,,,,,,,,,,,,,,,,,0.0,0.0,0.0,,,,,,,,,,,,,,,,,,,,,,,,,,,,,,,,,,,,0.164,0.023,45.719,14.212,,,,,,,,,,,,,,,,,,,,,,,,,,,,,,,,,,,,,,,
India,1925,IND,313849318.0,356048700000.0,,,,,,,,,,,,,,,,-1.292,-1.769,430.546,135.127,,,,,,,,,,,,,,,,,,,,,,,,,,0.0,0.0,0.0,,,,,,,,,,,,,,,,,,,,,,,,,,,,,,,,,,,,-1.718,-0.244,44.504,13.968,,,,,,,,,,,,,,,,,,,,,,,,,,,,,,,,,,,,,,,
India,1926,IND,316877536.0,367478400000.0,,,,,,,,,,,,,,,,0.457,0.617,428.379,135.744,,,,,,,,,,,,,,,,,,,,,,,,,,0.0,0.0,0.0,,,,,,,,,,,,,,,,,,,,,,,,,,,,,,,,,,,,-8.41,-1.175,40.372,12.793,,,,,,,,,,,,,,,,,,,,,,,,,,,,,,,,,,,,,,,
India,1927,IND,319934973.0,367200000000.0,,,,,,,,,,,,,,,,5.156,6.998,446.16,142.742,,,,,,,,,,,,,,,,,,,,,,,,,,0.0,0.0,0.0,,,,,,,,,,,,,,,,,,,,,,,,,,,,,,,,,,,,1.636,0.209,40.641,13.002,,,,,,,,,,,,,,,,,,,,,,,,,,,,,,,,,,,,,,,
India,1928,IND,323021910.0,370912500000.0,,,,,,,,,,,,,,,,2.09,2.984,451.133,145.726,,,,,,,,,,,,,,,,,,,,,,,,,,0.0,0.0,0.0,,,,,,,,,,,,,,,,,,,,,,,,,,,,,,,,,,,,-84.615,-11.002,6.193,2.0,,,,,,,,,,,,,,,,,,,,,,,,,,,,,,,,,,,,,,,
India,1929,IND,326429031.0,386396000000.0,,,,,,,,,,,,,,,,3.886,5.662,463.771,151.388,,,,,,,,,,,,,,,,,,,,,,,,,,0.0,0.0,0.0,,,,,,,,,,,,,,,,,,,,,,,,,,,,,,,,,,,,20.349,0.407,7.375,2.407,,,,,,,,,,,,,,,,,,,,,,,,,,,,,,,,,,,,,,,
India,1930,IND,330163509.0,389214800000.0,,,,,,,,,,,,,,,,1.639,2.481,466.041,153.87,,,,,,,,,,,,,,,,,,,,,,,,,,0.0,0.0,0.0,,,,,,,,,,,,,,,,,,,,,,,,,,,,,,,,,,,,3.382,0.081,7.538,2.489,,,,,,,,,,,,,,,,,,,,,,,,,,,,,,,,,,,,,,,
India,1931,IND,334232641.0,386353000000.0,,,,,,,,,,,,,,,,-8.77,-13.494,419.993,140.375,,,,,,,,,,,,,,,,,,,,,,,,,,0.0,0.0,0.0,,,,,,,,,,,,,,,,,,,,,,,,,,,,,,,,,,,,12.15,0.302,8.351,2.791,,,,,,,,,,,,,,,,,,,,,,,,,,,,,,,,,,,,,,,
India,1932,IND,338643856.0,390754000000.0,,,,,,,,,,,,,,,,-7.197,-10.103,384.688,130.272,,,,,,,,,,,,,,,,,,,,,,,,,,0.0,0.0,0.0,,,,,,,,,,,,,,,,,,,,,,,,,,,,,,,,,,,,-0.417,-0.012,8.208,2.78,,,,,,,,,,,,,,,,,,,,,,,,,,,,,,,,,,,,,,,
India,1933,IND,343404711.0,391381200000.0,,,,,,,,,,,,,,,,-1.802,-2.348,372.518,127.925,,,,,,,,,,,,,,,,,,,,,,,,,,0.0,0.0,0.0,,,,,,,,,,,,,,,,,,,,,,,,,,,,,,,,,,,,-6.276,-0.174,7.586,2.605,,,,,,,,,,,,,,,,,,,,,,,,,,,,,,,,,,,,,,,
India,1934,IND,348232496.0,395071600000.0,,,,,,,,,,,,,,,,11.459,14.658,409.448,142.583,,,,,,,,,,,,,,,,,,,,,,,,,,0.0,0.0,0.0,,,,,,,,,,,,,,,,,,,,,,,,,,,,,,,,,,,,17.857,0.465,8.817,3.07,,,,,,,,,,,,,,,,,,,,,,,,,,,,,,,,,,,,,,,
India,1935,IND,353128154.0,390890400000.0,,,,,,,,,,,,,,,,4.351,6.203,421.338,148.786,,,,,,,,,,,,,,,,,,,,,,,,,,0.0,0.0,0.0,,,,,,,,,,,,,,,,,,,,,,,,,,,,,,,,,,,,6.061,0.186,9.222,3.256,,,,,,,,,,,,,,,,,,,,,,,,,,,,,,,,,,,,,,,
India,1936,IND,358092638.0,406292700000.0,,,,,,,,,,,,,,,,-1.762,-2.621,408.176,146.165,,,,,,,,,,,,,,,,,,,,,,,,,,0.0,0.0,0.0,,,,,,,,,,,,,,,,,,,,,,,,,,,,,,,,,,,,-5.714,-0.186,8.574,3.07,,,,,,,,,,,,,,,,,,,,,,,,,,,,,,,,,,,,,,,
India,1937,IND,363126915.0,399830200000.0,,,,,,,,,,,,,,,,10.725,15.676,445.688,161.841,,,,,,,,,,,,,,,,,,,,,,,,,,0.0,0.0,0.0,,,,,,,,,,,,,,,,,,,,,,,,,,,,,,,,,,,,9.47,0.291,9.256,3.361,,,,,,,,,,,,,,,,,,,,,,,,,,,,,,,,,,,,,,,
India,1938,IND,368231967.0,400546500000.0,,,,,,,,,,,,,,,,13.209,21.377,497.562,183.218,,,,,,,,,,,,,,,,,,,,,,,,,,0.0,0.0,0.0,,,,,,,,,,,,,,,,,,,,,,,,,,,,,,,,,,,,15.225,0.512,10.517,3.873,,,,,,,,,,,,,,,,,,,,,,,,,,,,,,,,,,,,,,,
India,1939,IND,371781679.0,409623600000.0,,,,,,,,,,,,,,,,-2.024,-3.709,482.835,179.509,,,,,,,,,,,,,,,,,,,,,,,,,,0.0,0.0,0.0,,,,,,,,,,,,,,,,,,,,,,,,,,,,,,,,,,,,-6.607,-0.256,9.729,3.617,,,,,,,,,,,,,,,,,,,,,,,,,,,,,,,,,,,,,,,
India,1940,IND,373766276.0,422772400000.0,,,,,,,,,,,,,,,,5.83,10.466,508.272,189.975,,,,,,,,,,,,,,,,,,,,,,,,,,0.0,0.0,0.0,,,,,,,,,,,,,,,,,,,,,,,,,,,,,,,,,,,,18.65,0.675,11.482,4.291,,,,,,,,,,,,,,,,,,,,,,,,,,,,,,,,,,,,,,,
India,1941,IND,374175756.0,431261700000.0,,,,,,,,,,,,,,,,0.258,0.49,509.025,190.465,,,,,,,,,,,,,,,,,,,,,,,,,,0.0,0.0,0.0,,,,,,,,,,,,,,,,,,,,,,,,,,,,,,,,,,,,4.878,0.209,12.029,4.501,,,,,,,,,,,,,,,,,,,,,,,,,,,,,,,,,,,,,,,
India,1942,IND,372999886.0,428796600000.0,,,,,,,,,,,,,,,,-0.107,-0.204,510.084,190.261,,,,,,,,,,,,,,,,,,,,,,,,,,0.0,0.0,0.0,,,,,,,,,,,,,,,,,,,,,,,,,,,,,,,,,,,,-3.618,-0.163,11.63,4.338,,,,,,,,,,,,,,,,,,,,,,,,,,,,,,,,,,,,,,,
India,1943,IND,370228201.0,446201700000.0,,,,,,,,,,,,,,,,-13.322,-25.347,445.44,164.914,,,,,,,,,,,,,,,,,,,,,,,,,,0.0,0.0,0.0,,,,,,,,,,,,,,,,,,,,,,,,,,,,,,,,,,,,-1.877,-0.081,11.497,4.257,,,,,,,,,,,,,,,,,,,,,,,,,,,,,,,,,,,,,,,
India,1944,IND,367477113.0,441698400000.0,,,,,,,,,,,,,,,,2.411,3.976,459.595,168.891,,,,,,,,,,,,,,,,,,,,,,,,,,0.0,0.0,0.0,,,,,,,,,,,,,,,,,,,,,,,,,,,,,,,,,,,,1.639,0.07,11.773,4.326,,,,,,,,,,,,,,,,,,,,,,,,,,,,,,,,,,,,,,,
India,1945,IND,364746467.0,434203200000.0,,,,,,,,,,,,,,,,11.636,19.653,516.917,188.544,,,,,,,,,,,,,,,,,,,,,,,,,,0.0,0.0,0.0,,,,,,,,,,,,,,,,,,,,,,,,,,,,,,,,,,,,-15.054,-0.651,10.076,3.675,,,,,,,,,,,,,,,,,,,,,,,,,,,,,,,,,,,,,,,
India,1946,IND,362036112.0,411463200000.0,,,,,,,,,,,,,,,,-0.925,-1.743,515.971,186.8,,,,,,,,,,,,,,,,,,,,,,,,,,0.0,0.0,0.0,,,,,,,,,,,,,,,,,,,,,,,,,,,,,,,,,,,,-7.278,-0.267,9.412,3.408,,,,,,,,,,,,,,,,,,,,,,,,,,,,,,,,,,,,,,,
India,1947,IND,359345897.0,340810000000.0,,,,,,,,,,,,,,,,2.67,4.988,533.715,191.788,,,,,,,,,,,,,,,,,,,,,,,,,,0.0,0.0,0.0,,,,,,,,,,,,,,,,,,,,,,,,,,,,,,,,,,,,-15.017,-0.512,8.059,2.896,,,,,,,,,,,,,,,,,,,,,,,,,,,,,,,,,,,,,,,
India,1948,IND,356675672.0,344050000000.0,,,,,,,,,,,,,,,,-0.07,-0.134,537.336,191.655,,,,,,,,,,,,,,,,,,,,,,,,,,0.0,0.0,0.0,,,,,,,,,,,,,,,,,,,,,,,,,,,,,,,,,,,,0.803,0.023,8.184,2.919,,,,,,,,,,,,,,,,,,,,,,,,,,,,,,,,,,,,,,,
India,1949,IND,355893489.0,353225000000.0,,,,,,,,,,,,,,,,5.215,9.995,566.601,201.65,,,,,,,,,,,,,,,,,,,,,,,,,,0.0,0.0,0.0,,,,,,,,,,,,,,,,,,,,,,,,,,,,,,,,,,,,0.797,0.023,8.268,2.942,,,,,,,,,,,,,,,,,,,,,,,,,,,,,,,,,,,,,,,
India,1950,IND,346278818.0,354333000000.0,,,,,,,,,,,,,,,,3.568,7.196,603.113,208.845,,,,,,,,,,,,,,,,,,,,,,,,,,0.0,0.0,0.0,,,,,,,,,,,,,,,,,,,,,,,,,,,,,,,,,,,,2.372,0.07,8.699,3.012,,,,,,,,,,,,,,,,,,,,,,,,,,,,,,,,,,,,,,,
India,1951,IND,353870058.0,362445000000.0,,,,,,,,,,,,,,,,6.477,13.526,628.398,222.371,,,,,,,,,,,,,,,,,,,,,,,,,,0.0,0.0,0.0,,,,,,,,,,,,,,,,,,,,,,,,,,,,,,,,,,,,3.861,0.116,8.841,3.128,,,,,,,,,,,,,,,,,,,,,,,,,,,,,,,,,,,,,,,
India,1952,IND,361874906.0,373116000000.0,,,,,,,,,,,,,,,,5.53,12.298,648.482,234.669,,,,,,,,,,,,,,,,,,,,,,,,,,0.0,0.0,0.0,,,,,,,,,,,,,,,,,,,,,,,,,,,,,,,,,,,,-2.23,-0.07,8.452,3.059,,,,,,,,,,,,,,,,,,,,,,,,,,,,,,,,,,,,,,,
India,1953,IND,370104570.0,396813000000.0,,,,,,,,,,,,,,,,-0.889,-2.087,628.424,232.583,,,,,,,,,,,,,,,,,,,,,,,,,,0.0,0.0,0.0,,,,,,,,,,,,,,,,,,,,,,,,,,,,,,,,,,,,3.422,0.105,8.547,3.163,,,,,,,,,,,,,,,,,,,,,,,,,,,,,,,,,,,,,,,
India,1954,IND,378687141.0,413406000000.0,,,,,,,,,,,,,,,,2.5,5.815,629.537,238.398,,,,,,,,,,,,,,,,,,,,,,,,,,0.0,0.0,0.0,,,,,,,,,,,,,,,,,,,,,,,,,,,,,,,,,,,,12.868,0.407,9.428,3.57,,,,,,,,,,,,,,,,,,,,,,,,,,,,,,,,,,,,,,,
India,1955,IND,387700892.0,423654000000.0,,,,,,,,,,,,,,,,3.651,8.703,637.35,247.101,,,,,,,,,,,,,,,,,,,,,,,,,,0.0,0.0,0.0,,,,,,,,,,,,,,,,,,,,,,,,,,,,,,,,,,,,13.029,0.465,10.409,4.036,,,,,,,,,,,,,,,,,,,,,,,,,,,,,,,,,,,,,,,
India,1956,IND,396988905.0,447917000000.0,,,,,,,,,,,,,,,,3.085,7.622,641.638,254.723,,,,,,,,,,,,,,,,,,,,,,,,,,0.0,0.0,0.0,,,,,,,,,,,,,,,,,,,,,,,,,,,,,,,,,,,,14.121,0.57,11.601,4.605,,,,,,,,,,,,,,,,,,,,,,,,,,,,,,,,,,,,,,,
India,1957,IND,406253895.0,443356000000.0,,,,,,,,,,,,,,,,10.408,26.511,692.262,281.234,,,,,,,,,,,,,,,,,,,,,,,,,,0.0,0.0,0.0,,,,,,,,,,,,,,,,,,,,,,,,,,,,,,,,,,,,11.111,0.512,12.596,5.117,,,,,,,,,,,,,,,,,,,,,,,,,,,,,,,,,,,,,,,
India,1958,IND,415777436.0,476938000000.0,,,,,,,,,,,,,,,,4.215,11.853,704.913,293.087,,,,,,,,,,,,,,,,,,,,,,,,,,0.0,0.0,0.0,,,,,,,,,,,,,,,,,,,,,,,,,,,,,,,,,,,,-0.227,-0.012,12.28,5.106,,,,,,,,,,,,,,,,,,,,,,,,,,,,,,,,,,,,,,,
India,1959,IND,425780669.0,486918000000.0,,,,,,,,,,,,,,,,3.808,11.159,714.561,304.246,,,,,,,,,,,,,,,,,,,,,,,,,,0.0,0.0,0.0,,,,,,,,,,,,,,,,,,,,,,,,,,,,,,,,,,,,2.506,0.128,12.292,5.234,,,,,,,,,,,,,,,,,,,,,,,,,,,,,,,,,,,,,,,
India,1960,IND,435990342.0,520800000000.0,,,,,,,,,,,,,,,,9.979,30.36,767.464,334.607,,,,,,,,,,,,,,,,,,,,,,,,,,1.616,3.706,1.616,,,,,,,,,,,,,,,,,,,,,,,,,,,,,,,,,,,,0.889,0.047,12.11,5.28,,,,,,,,,,,,,,,,,,,,,,,,,,,,,,,,,,,,,,,
India,1961,IND,446564731.0,536352000000.0,,,,,,,,,,,,,,,,6.602,22.09,798.756,356.696,,,,,,,,,,,,,,,,,,,,,,,,,-23.022,-0.372,2.785,1.244,,,,,,,,,,,,,,,,,,,,,,,,,,,,,,,,,,,,12.996,0.686,13.36,5.966,,,,,,,,,,,,,,,,,,,,,,,,,,,,,,,,,,,,,,,
India,1962,IND,457283091.0,548432000000.0,,,,,,,,,,,,,,,,9.462,33.751,853.842,390.448,,,,,,,,,,,,,,,,,,,,,,,,,100.0,1.244,5.44,2.487,,,,,,,,,,,,,,,,,,,,,,,,,,,,,,,,,,,,110.136,6.571,27.417,12.537,,,,,,,,,,,,,,,,,,,,,,,,,,,,,,,,,,,,,,,
India,1963,IND,468138576.0,576288000000.0,,,,,,,,,,,,,,,,7.473,29.177,896.369,419.625,,,,,,,,,,,,,,,,,,,,,,,,,25.234,0.628,6.654,3.115,,,,,,,,,,,,,,,,,,,,,,,,,,,,,,,,,,,,53.247,6.676,41.041,19.213,,,,,,,,,,,,,,,,,,,,,,,,,,,,,,,,,,,,,,,
India,1964,IND,479229599.0,620466000000.0,,,,,,,,,,,,,,,,-5.331,-22.369,828.946,397.255,,,,,,,,,,,,,,,,,,,,,,,,,20.149,0.628,7.81,3.743,,,,,,,,,,,,,,,,,,,,,,,,,,,,,,,,,,,,33.898,6.513,53.681,25.726,,,,,,,,,,,,,,,,,,,,,,,,,,,,,,,,,,,,,,,
India,1965,IND,490140142.0,596065000000.0,,,0.0,0.0,,,,0.0,,,,843.447,413.407,,,7.562,30.042,871.786,427.298,,67.11,,,,,,,1263.825,1.039,,,,,1148.192,562.775,,91.357,,,2.373,,,4.84,24.224,0.907,9.486,4.649,,0.385,,,,53.241,39.105,19.167,108.625,,8.643,,,53.241,39.105,19.167,108.625,,8.643,,,,,0.0,0.0,0.0,0.0,,0.0,,,146.995,,,299.904,36.618,9.42,71.706,35.146,,23.862,0.0,0.0,,,,0.0,,0.0,,,0.0,,619.451,,,53.241,39.105,19.167,108.625,,8.643,,,0.0,0.0,0.0,0.0,,0.0,,,0.0,0.0,0.0,0.0,,0.0
India,1966,IND,500740250.0,601425000000.0,,0.0,0.0,0.0,,,,0.0,,-0.24,-0.992,823.611,412.415,,,1.209,5.166,863.649,432.464,,64.965,,,,,3.061,18.962,1274.94,1.062,2.924,16.453,,,1156.744,579.228,,91.242,12.255,0.291,2.663,,,5.319,-6.75,-0.314,8.658,4.336,,0.42,,4.427,2.357,55.599,39.972,20.015,111.033,,8.758,4.427,2.357,55.599,39.972,20.015,111.033,,8.758,,,,0.0,0.0,0.0,0.0,0.0,,0.0,11.67,17.155,164.15,,,327.814,53.772,18.899,107.929,54.045,,25.857,0.0,0.0,,,0.0,0.0,,0.0,,,0.0,,638.414,4.427,2.357,55.599,39.972,20.015,111.033,,8.758,,0.0,0.0,0.0,0.0,0.0,,0.0,,0.0,0.0,0.0,0.0,0.0,,0.0
India,1967,IND,511606377.0,650716000000.0,,0.0,0.0,0.0,,,,0.0,,1.666,6.87,819.547,419.285,,,0.366,1.584,848.402,434.048,,64.07,,,,,3.136,20.02,1286.992,1.012,2.24,12.976,,,1157.539,592.204,,90.493,33.624,0.896,3.559,,,6.956,24.933,1.081,10.587,5.417,,0.544,,11.901,6.617,62.215,43.779,22.398,121.608,,9.507,11.901,6.617,62.215,43.779,22.398,121.608,,9.507,,,,0.0,0.0,0.0,0.0,0.0,,0.0,3.174,5.211,169.36,,,331.036,21.95,11.863,128.824,65.907,,25.879,0.0,0.0,,,0.0,0.0,,0.0,,,0.0,,658.434,11.901,6.617,62.215,43.779,22.398,121.608,,9.507,,0.0,0.0,0.0,0.0,0.0,,0.0,,0.0,0.0,0.0,0.0,0.0,,0.0
India,1968,IND,522716893.0,668220000000.0,,0.0,0.0,0.0,,,,0.0,,3.468,14.539,829.942,433.825,,,3.798,16.484,861.905,450.532,,62.032,,,,,6.918,45.552,1346.781,1.054,5.968,35.346,,,1200.554,627.55,,89.733,11.111,0.395,3.954,,,7.565,29.614,1.604,13.431,7.021,,0.565,,15.41,9.588,71.803,49.451,25.849,137.365,,10.267,15.41,9.588,71.803,49.451,25.849,137.365,,10.267,,,,0.0,0.0,0.0,0.0,0.0,,0.0,12.052,20.411,189.771,,,363.047,3.282,2.163,130.224,68.07,,27.135,0.0,0.0,,,0.0,0.0,,0.0,,,0.0,,703.985,15.41,9.588,71.803,49.451,25.849,137.365,,10.267,,0.0,0.0,0.0,0.0,0.0,,0.0,,0.0,0.0,0.0,0.0,0.0,,0.0
India,1969,IND,533880545.0,712563000000.0,,0.0,0.0,0.0,,,,0.0,,6.228,27.016,863.192,460.841,,,6.492,29.247,898.664,479.779,,59.444,,,,,10.86,76.451,1461.818,1.095,10.512,65.965,,,1299.008,693.515,,89.457,20.0,0.791,4.745,,,8.888,20.695,1.453,15.872,8.474,,0.612,,11.028,7.918,79.721,53.757,28.7,149.324,,10.283,13.831,9.931,81.734,55.114,29.424,153.095,,10.543,,,,2.013,2.013,1.358,0.725,3.771,,0.26,20.107,38.158,227.929,,,426.929,14.864,10.118,146.453,78.188,,29.401,0.0,0.0,,,0.0,0.0,,0.0,,,0.0,,780.436,11.028,7.918,79.721,53.757,28.7,149.324,,10.283,,0.0,0.0,0.0,0.0,0.0,,0.0,,0.0,0.0,0.0,0.0,0.0,,0.0
India,1970,IND,545864271.0,748744000000.0,,0.0,0.0,0.0,,,,0.0,,-5.215,-24.032,800.215,436.809,,,-2.272,-10.898,858.97,468.881,,57.611,,,,,-2.139,-16.695,1399.141,1.02,-3.387,-23.486,,,1227.464,670.029,,88.37,33.37,1.583,6.328,,,11.593,-25.315,-2.145,11.593,6.328,,0.835,,6.052,4.825,84.546,55.758,30.436,154.884,,11.151,7.885,6.445,88.179,58.155,31.745,161.541,,11.63,,,80.488,1.62,3.634,2.396,1.308,6.657,,0.479,-0.455,-1.037,226.891,,,415.655,1.279,1.0,145.07,79.189,,29.925,0.0,0.0,,,0.0,0.0,,0.0,,,0.0,,763.741,6.052,4.825,84.546,55.758,30.436,154.884,,11.151,,0.0,0.0,0.0,0.0,0.0,,0.0,,0.0,0.0,0.0,0.0,0.0,,0.0
India,1971,IND,558096385.0,755656000000.0,,0.0,0.0,0.0,,,,0.0,,1.388,6.063,793.541,442.872,,,-2.543,-11.923,818.78,456.958,,56.177,,,,,4.013,30.646,1423.385,1.051,3.415,22.882,,,1241.561,692.911,,87.894,5.969,0.378,6.706,,,12.016,5.969,0.378,12.016,6.706,,0.851,,9.685,8.188,92.734,59.818,33.384,166.161,,11.763,8.228,7.255,95.434,61.56,34.356,171.0,,12.106,,,-25.676,-0.933,2.701,1.742,0.972,4.839,,0.343,7.246,16.441,243.332,,,436.004,5.522,4.373,149.726,83.562,,30.866,0.0,0.0,,,0.0,0.0,,0.0,,,0.0,,794.386,9.685,8.188,92.734,59.818,33.384,166.161,,11.763,,0.0,0.0,0.0,0.0,0.0,,0.0,,0.0,0.0,0.0,0.0,0.0,,0.0
India,1972,IND,570482138.0,753543000000.0,,0.0,0.0,0.0,,,,0.0,,5.602,24.811,819.803,467.683,,,5.338,24.393,843.761,481.351,,56.348,,,,,5.221,41.472,1465.179,1.109,6.424,44.511,,,1292.63,737.422,,88.846,9.688,0.65,7.356,,,12.894,9.688,0.65,12.894,7.356,,0.886,,-2.939,-2.725,90.008,56.799,32.403,157.776,,10.844,-2.997,-2.86,92.574,58.418,33.327,162.274,,11.154,,,-5.0,-0.135,2.566,1.619,0.924,4.497,,0.309,7.829,19.051,262.383,,,459.932,2.617,2.186,150.308,85.748,,31.613,0.0,0.0,,,0.0,0.0,,0.0,,,0.0,,835.859,-2.939,-2.725,90.008,56.799,32.403,157.776,,10.844,,0.0,0.0,0.0,0.0,0.0,,0.0,,0.0,0.0,0.0,0.0,0.0,,0.0
India,1973,IND,583465599.0,788800000000.0,,0.0,0.0,0.0,,,,0.0,,-1.333,-6.234,790.877,461.449,,,2.924,14.073,849.106,495.424,,54.479,,,,,2.089,17.465,1462.509,1.082,1.129,8.323,,,1278.13,745.745,,88.043,-0.262,-0.019,7.337,,,12.574,-0.262,-0.019,12.574,7.337,,0.866,,6.492,5.843,95.852,59.141,34.507,164.28,,11.316,9.402,8.704,101.278,62.489,36.46,173.58,,11.957,,,111.483,2.86,5.426,3.348,1.953,9.3,,0.641,5.555,14.576,276.959,,,474.679,-2.374,-2.035,143.475,83.713,,32.698,0.0,0.0,,,0.0,0.0,,0.0,,,0.0,,853.324,6.492,5.843,95.852,59.141,34.507,164.28,,11.316,,0.0,0.0,0.0,0.0,0.0,,0.0,,0.0,0.0,0.0,0.0,0.0,,0.0
India,1974,IND,597041391.0,796992000000.0,,0.0,0.0,0.0,,,,0.0,,12.874,59.407,872.395,520.856,,,8.003,39.649,896.208,535.073,,58.006,,,,,5.937,50.664,1514.112,1.134,7.37,54.958,,,1341.118,800.703,,89.172,13.185,0.967,8.304,,,13.909,13.185,0.967,13.909,8.304,,0.925,,-3.778,-3.621,92.23,55.612,33.203,154.479,,10.271,-4.0,-4.051,97.227,58.625,35.002,162.848,,10.828,,,-7.919,-0.43,4.996,3.013,1.799,8.369,,0.556,-1.956,-5.416,271.543,,,454.814,4.057,3.396,145.901,87.109,,30.241,0.0,0.0,,,0.0,0.0,,0.0,,,0.0,,903.988,-3.778,-3.621,92.23,55.612,33.203,154.479,,10.271,,0.0,0.0,0.0,0.0,0.0,,0.0,,0.0,0.0,0.0,0.0,0.0,,0.0
India,1975,IND,611309536.0,868010000000.0,,0.0,0.0,0.0,,,,0.0,,7.497,39.05,915.913,559.906,,,14.041,75.131,998.192,610.204,,58.035,,,,,7.525,68.024,1590.048,1.12,5.986,47.927,,,1388.216,848.63,,87.962,28.021,2.327,10.631,,,17.39,28.021,2.327,17.39,10.631,,1.102,,19.473,17.96,110.19,64.891,39.669,180.253,,11.421,19.457,18.917,116.144,68.397,41.812,189.993,,12.038,,,19.165,0.958,5.954,3.506,2.143,9.74,,0.617,2.412,6.55,278.093,,,454.913,10.587,9.223,157.582,96.331,,28.825,0.0,0.0,,,0.0,0.0,,0.0,,,0.0,,972.011,19.473,17.96,110.19,64.891,39.669,180.253,,11.421,,0.0,0.0,0.0,0.0,0.0,,0.0,,0.0,0.0,0.0,0.0,0.0,,0.0
India,1976,IND,625861887.0,878540000000.0,,0.0,0.0,0.0,,,,0.0,,4.131,23.129,931.571,583.035,,,5.177,31.588,1025.454,641.792,,57.62,,,,,4.881,47.443,1628.88,1.16,4.782,40.578,,,1420.773,889.208,,87.879,21.48,2.284,12.914,,,20.634,21.48,2.284,20.634,12.914,,1.276,,4.612,5.082,115.273,66.306,41.498,184.182,,11.392,5.602,6.506,122.651,70.549,44.154,195.971,,12.121,,,23.918,1.424,7.378,4.244,2.656,11.788,,0.729,5.454,15.166,293.259,,,468.568,4.539,4.373,160.905,100.704,,28.982,0.0,0.0,,,0.0,0.0,,0.0,,,0.0,,1019.454,4.612,5.082,115.273,66.306,41.498,184.182,,11.392,,0.0,0.0,0.0,0.0,0.0,,0.0,,0.0,0.0,0.0,0.0,0.0,,0.0
India,1977,IND,640801106.0,947196000000.0,,0.0,0.0,0.0,,,,0.0,,4.684,27.311,952.474,610.346,,,-0.592,-3.798,995.62,637.994,,57.037,,,,,5.774,58.866,1682.769,1.138,5.62,49.975,,,1465.639,939.183,,87.766,6.801,0.878,13.793,,,21.524,6.801,0.878,21.524,13.793,,1.289,,9.105,10.496,125.769,70.656,45.277,196.268,,11.753,6.736,8.262,130.912,73.546,47.128,204.295,,12.234,,,-30.283,-2.234,5.144,2.89,1.852,8.027,,0.481,7.429,21.785,315.044,,,491.641,17.623,17.747,184.849,118.452,,29.441,0.0,0.0,,,0.0,0.0,,0.0,,,0.0,,1078.32,9.105,10.496,125.769,70.656,45.277,196.268,,11.753,,0.0,0.0,0.0,0.0,0.0,,0.0,,0.0,0.0,0.0,0.0,0.0,,0.0
India,1978,IND,655728226.0,997920000000.0,,0.0,0.0,0.0,,,,0.0,,-3.225,-19.682,900.776,590.664,,,1.258,8.029,985.2,646.023,,53.176,,,,,3.955,42.653,1709.508,1.123,0.986,9.261,,,1446.397,948.443,,85.386,11.689,1.612,15.405,,,23.493,11.689,1.612,23.493,15.405,,1.387,,24.07,30.273,156.042,85.668,56.175,237.967,,14.048,23.997,31.415,162.327,89.119,58.438,247.552,,14.614,,,22.196,1.142,6.285,3.451,2.263,9.585,,0.566,8.675,27.33,342.375,,,522.129,10.663,12.63,199.903,131.082,,30.823,0.0,0.0,,,0.0,0.0,,0.0,,,0.0,,1120.973,24.07,30.273,156.042,85.668,56.175,237.967,,14.048,,0.0,0.0,0.0,0.0,0.0,,0.0,,0.0,0.0,0.0,0.0,0.0,,0.0
India,1979,IND,671155746.0,947528000000.0,,0.0,0.0,0.0,,,,0.0,,6.235,36.829,934.944,627.493,,,1.884,12.171,980.688,658.194,,53.49,,,,,5.53,61.986,1762.57,1.248,7.136,67.681,,,1513.992,1016.124,,86.618,24.367,3.754,19.159,,,28.546,24.367,3.754,28.546,19.159,,1.633,,-3.572,-5.573,150.468,80.709,54.169,224.193,,12.826,-3.29,-5.34,156.987,84.206,56.515,233.905,,13.382,,,3.711,0.233,6.519,3.497,2.347,9.713,,0.556,7.915,27.098,369.473,,,550.502,13.912,18.236,222.478,149.318,,31.495,0.0,0.0,,,0.0,0.0,,0.0,,,0.0,,1182.959,-3.572,-5.573,150.468,80.709,54.169,224.193,,12.826,,0.0,0.0,0.0,0.0,0.0,,0.0,,0.0,0.0,0.0,0.0,0.0,,0.0
India,1980,IND,687354029.0,1015105000000.0,,0.0,0.0,0.0,,,,0.0,,5.111,32.072,959.571,659.565,,,-17.895,-117.786,786.216,540.409,,54.576,,,,,3.013,35.64,1772.884,1.2,3.109,31.588,,,1524.269,1047.712,,86.694,-40.857,-7.828,11.331,,,16.485,-40.857,-7.828,16.485,11.331,,0.938,,2.35,3.536,154.004,80.659,55.441,224.053,,12.743,2.432,3.818,160.805,84.221,57.89,233.948,,13.306,,,4.331,0.282,6.801,3.562,2.448,9.894,,0.563,1.988,7.343,376.816,,,548.213,-26.793,-40.007,159.031,109.31,,31.18,0.0,0.0,,,0.0,0.0,,0.0,,,0.0,,1218.599,2.35,3.536,154.004,80.659,55.441,224.053,,12.743,,0.0,0.0,0.0,0.0,0.0,,0.0,,0.0,0.0,0.0,0.0,0.0,,0.0
India,1981,IND,703696251.0,1077444000000.0,,0.0,0.0,0.0,,,,0.0,,12.52,82.577,1054.635,742.142,,,37.256,201.335,1054.068,741.744,,55.444,,,,,10.724,130.686,1917.425,1.252,11.441,119.867,,,1659.209,1167.579,,87.227,74.581,8.451,19.782,,,28.111,74.581,8.451,28.111,19.782,,1.478,,6.568,10.116,164.119,83.961,59.083,233.225,,12.261,6.321,10.165,170.969,87.465,61.549,242.959,,12.773,,,0.722,0.049,6.85,3.504,2.466,9.734,,0.512,7.653,28.839,405.655,,,576.464,59.325,64.849,247.492,174.159,,30.306,0.0,0.0,,,0.0,0.0,,0.0,,,0.0,,1349.285,6.568,10.116,164.119,83.961,59.083,233.225,,12.261,,0.0,0.0,0.0,0.0,0.0,,0.0,,0.0,0.0,0.0,0.0,0.0,,0.0
India,1982,IND,720313473.0,1111560000000.0,,0.0,0.0,0.0,,,,0.0,,-1.11,-8.238,1018.868,733.904,,,-1.011,-7.499,1019.341,734.245,,55.306,,,,,-0.981,-13.236,1854.816,1.202,1.277,14.916,,,1641.639,1182.495,,89.111,31.103,6.153,25.935,,,36.005,31.103,6.153,36.005,25.935,,1.954,,-15.611,-25.62,138.499,69.219,49.86,192.276,,10.437,-15.488,-26.48,144.49,72.213,52.016,200.593,,10.889,,,-12.545,-0.859,5.991,2.994,2.157,8.317,,0.451,4.191,17.001,422.656,,,586.767,32.761,57.057,320.994,231.216,,31.851,0.0,0.0,,,0.0,0.0,,0.0,,,0.0,,1336.049,-15.611,-25.62,138.499,69.219,49.86,192.276,,10.437,,0.0,0.0,0.0,0.0,0.0,,0.0,,0.0,0.0,0.0,0.0,0.0,,0.0
India,1983,IND,737372683.0,1202349000000.0,,0.0,0.0,0.0,,,,0.0,,6.151,45.144,1056.519,779.048,,,5.801,42.592,1053.52,776.837,,55.795,,,,,5.165,69.001,1905.482,1.169,6.069,71.764,,,1700.984,1254.259,,89.83,18.983,4.923,30.858,,,41.848,18.983,4.923,41.848,30.858,,2.21,,-3.643,-5.045,133.454,65.155,48.043,180.985,,9.558,-1.725,-2.492,141.998,69.326,51.119,192.573,,10.17,,,42.623,2.553,8.544,4.171,3.076,11.587,,0.612,5.133,21.697,444.353,,,602.617,27.539,63.674,399.92,294.89,,31.825,0.0,0.0,,,0.0,0.0,,0.0,,,0.0,,1405.05,-3.643,-5.045,133.454,65.155,48.043,180.985,,9.558,,0.0,0.0,0.0,0.0,0.0,,0.0,,0.0,0.0,0.0,0.0,0.0,,0.0
India,1984,IND,754875449.0,1248910000000.0,,0.0,0.0,0.0,,,,0.0,,5.04,39.263,1084.034,818.311,,,4.921,38.228,1079.734,815.065,,54.881,,,,,6.823,95.868,1988.3,1.202,6.096,76.46,,,1762.832,1330.719,,89.247,14.527,4.483,35.341,,,46.816,14.527,4.483,46.816,35.341,,2.37,,11.738,15.664,149.118,71.114,53.682,197.54,,10.001,12.916,18.341,160.338,76.465,57.722,212.404,,10.753,,,31.322,2.676,11.22,5.351,4.039,14.864,,0.753,7.362,32.714,477.067,,,631.981,11.193,33.006,434.371,327.896,,31.995,0.0,0.0,,,0.0,0.0,,0.0,,,0.0,,1500.919,11.738,15.664,149.118,71.114,53.682,197.54,,10.001,,0.0,0.0,0.0,0.0,0.0,,0.0,,0.0,0.0,0.0,0.0,0.0,,0.0
India,1985,IND,772647800.0,1298600000000.0,,0.0,0.0,0.0,,,,0.0,,4.776,39.086,1109.687,857.397,150.184,116.039,3.269,26.645,1089.383,841.709,62.257,54.448,,,186.386,12.64,5.553,83.344,2050.433,1.22,6.579,87.543,168.337,130.065,1835.586,1418.261,69.783,90.065,22.319,7.888,43.228,2.793,2.158,55.948,22.319,7.888,55.948,43.228,1.158,2.745,,-3.482,-5.193,143.925,67.059,51.813,186.275,27.799,9.14,-2.427,-3.892,156.447,72.893,56.321,202.481,30.217,9.935,,,11.597,1.301,12.522,5.834,4.508,16.206,2.419,0.795,8.504,40.569,517.636,15.36,11.868,669.951,7.122,23.353,454.605,351.249,6.367,32.872,0.0,0.0,,,0.0,0.0,,0.0,0.0,,0.0,241.23,1584.263,-3.482,-5.193,143.925,67.059,51.813,186.275,27.799,9.14,,0.0,0.0,0.0,0.0,0.0,0.0,0.0,,0.0,0.0,0.0,0.0,0.0,0.0,0.0
India,1986,IND,790689977.0,1353105000000.0,,0.0,0.0,0.0,,,,0.0,,7.446,63.843,1165.109,921.24,164.289,129.902,7.57,63.717,1145.109,905.426,64.093,54.645,,,202.677,12.799,7.027,111.328,2144.444,1.253,7.589,107.639,183.495,145.088,1929.833,1525.9,71.586,90.511,39.724,17.172,60.4,4.657,3.682,76.389,39.724,17.172,76.389,60.4,1.817,3.583,,1.459,2.099,146.024,66.485,52.569,184.68,25.937,8.662,2.252,3.523,159.97,72.834,57.589,202.317,28.414,9.489,,,11.373,1.424,13.946,6.349,5.02,17.637,2.477,0.827,5.143,26.624,544.259,14.549,11.504,688.335,4.702,16.515,465.118,367.764,5.676,32.284,0.0,0.0,,,0.0,0.0,,0.0,0.0,,0.0,256.33,1695.591,1.459,2.099,146.024,66.485,52.569,184.68,25.937,8.662,,0.0,0.0,0.0,0.0,0.0,0.0,0.0,,0.0,0.0,0.0,0.0,0.0,0.0,0.0
India,1987,IND,808931268.0,1412884000000.0,,0.0,0.0,0.0,,,,0.0,,9.812,90.39,1250.576,1011.63,188.891,152.8,9.615,87.058,1226.908,992.484,68.315,56.397,,,223.669,13.178,6.326,107.263,2228.686,1.276,7.672,117.074,209.395,169.386,2031.042,1642.974,75.73,91.594,15.193,9.177,69.577,5.235,4.235,86.011,15.193,9.177,86.011,69.577,1.893,3.879,,-6.86,-10.017,136.007,60.527,48.963,168.132,21.891,7.582,-5.74,-9.183,150.787,67.105,54.283,186.403,24.27,8.406,,,5.986,0.835,14.78,6.578,5.321,18.272,2.379,0.824,3.217,17.507,561.767,15.268,12.351,694.456,-2.966,-10.909,441.144,356.855,5.522,31.318,0.0,0.0,,,0.0,0.0,,0.0,0.0,,0.0,276.5,1802.854,-6.86,-10.017,136.007,60.527,48.963,168.132,21.891,7.582,,0.0,0.0,0.0,0.0,0.0,0.0,0.0,,0.0,0.0,0.0,0.0,0.0,0.0,0.0
India,1988,IND,827342994.0,1560090000000.0,,0.0,0.0,0.0,,,,0.0,,7.308,73.928,1312.101,1085.557,199.042,164.676,6.313,62.651,1275.33,1055.135,68.244,55.608,,,241.305,13.084,8.844,159.448,2371.811,1.258,8.557,140.589,218.305,180.613,2155.772,1783.563,74.849,91.364,17.143,11.928,81.505,4.356,3.604,98.514,17.143,11.928,98.514,81.505,1.494,4.175,,11.544,15.701,151.708,66.012,54.615,183.368,22.633,7.771,11.805,17.8,168.588,73.357,60.692,203.77,25.151,8.636,,,14.203,2.099,16.88,7.345,6.077,20.402,2.518,0.865,9.743,54.734,616.501,14.907,12.333,745.157,5.221,18.631,453.846,375.486,5.111,31.581,0.0,0.0,,,0.0,0.0,,0.0,0.0,,0.0,291.662,1962.302,11.544,15.701,151.708,66.012,54.615,183.368,22.633,7.771,,0.0,0.0,0.0,0.0,0.0,0.0,0.0,,0.0,0.0,0.0,0.0,0.0,0.0,0.0
India,1989,IND,846039528.0,1663728000000.0,,0.0,0.0,0.0,,,,0.0,,8.694,94.384,1394.664,1179.941,218.636,184.975,8.747,92.292,1356.234,1147.427,67.894,55.349,,,272.446,13.541,9.23,181.112,2533.468,1.288,9.03,161.055,242.37,205.055,2298.496,1944.618,75.264,91.219,18.894,15.4,96.905,8.599,7.275,114.539,18.894,15.4,114.539,96.905,2.67,4.546,,16.03,24.319,176.027,74.902,63.37,208.06,23.26,8.257,11.039,18.611,187.198,79.655,67.391,221.264,24.736,8.781,,,-33.818,-5.708,11.171,4.754,4.022,13.204,1.476,0.524,8.317,51.272,667.773,15.135,12.805,789.292,6.7,25.156,473.55,400.642,4.7,31.324,0.0,0.0,,,0.0,0.0,,0.0,0.0,,0.0,322.026,2143.414,16.03,24.319,176.027,74.902,63.37,208.06,23.26,8.257,,0.0,0.0,0.0,0.0,0.0,0.0,0.0,,0.0,0.0,0.0,0.0,0.0,0.0,0.0
India,1990,IND,864972221.0,1750993000000.0,,0.0,0.0,0.0,,,,0.0,,8.143,96.084,1475.221,1276.025,221.548,191.633,7.734,88.74,1429.14,1236.167,66.594,55.76,,,287.763,13.329,7.338,157.288,2659.855,1.314,7.271,141.392,248.451,214.903,2411.651,2086.011,74.681,91.155,19.63,19.023,115.927,11.513,9.958,134.024,19.63,19.023,134.024,115.927,3.46,5.066,,4.777,8.409,184.436,76.762,66.397,213.228,23.074,8.06,8.114,15.203,202.401,84.234,72.86,233.998,25.319,8.845,,,59.011,6.592,17.764,7.393,6.395,20.537,2.222,0.776,3.936,26.286,694.058,15.39,13.312,802.405,-0.807,-3.233,459.447,397.409,4.626,30.329,0.117,0.038,,,0.117,0.043,,0.136,0.013,,0.005,332.684,2300.701,4.884,8.611,184.638,76.841,66.465,213.461,23.097,8.068,,0.0,0.0,0.0,0.0,0.0,0.0,0.0,,0.084,0.084,0.035,0.03,0.097,0.011,0.004
India,1991,IND,883927605.0,1768493598375.0,,0.0,0.0,0.0,,,,0.0,,6.415,81.853,1536.187,1357.878,242.235,214.118,6.929,85.657,1495.399,1321.824,66.816,56.249,,,320.458,14.101,5.518,126.962,2746.45,1.373,5.133,107.076,272.553,240.917,2481.071,2193.087,75.179,90.846,11.37,13.181,129.108,15.109,13.355,146.062,11.37,13.181,146.062,129.108,4.167,5.348,,11.329,20.894,205.33,83.625,73.919,232.293,23.067,8.506,9.169,18.578,220.979,89.985,79.541,249.997,24.821,9.154,,,-15.342,-2.725,15.038,6.125,5.414,17.013,1.689,0.623,1.735,12.043,706.101,15.209,13.444,798.822,-5.827,-23.155,423.398,374.253,4.195,29.249,0.297,0.095,,152.941,0.18,0.108,,0.336,0.03,,0.012,362.538,2427.663,11.528,21.303,205.941,83.861,74.127,232.984,23.132,8.531,,0.0,0.0,0.0,0.0,0.0,0.0,0.0,272.603,0.229,0.314,0.128,0.113,0.355,0.035,0.013
India,1992,IND,902957075.0,1851711465033.0,,0.0,0.0,0.0,,,,0.0,,5.919,80.379,1592.829,1438.256,254.067,229.412,5.543,73.274,1545.033,1395.098,68.044,56.629,,,337.153,14.028,5.153,125.109,2827.125,1.379,6.097,133.703,288.475,260.481,2576.855,2326.79,77.259,91.613,11.803,15.239,144.347,18.005,16.258,159.86,11.803,15.239,159.86,144.347,4.822,5.683,,-5.219,-10.717,194.613,77.59,70.061,215.529,20.78,7.663,-3.606,-7.959,213.02,84.912,76.672,235.914,22.741,8.387,,,18.286,2.75,17.788,7.092,6.404,19.7,1.899,0.7,5.394,38.086,744.187,16.403,14.811,824.166,-9.304,-34.82,375.913,339.433,4.393,29.301,0.373,0.119,,25.581,0.076,0.132,,0.413,0.035,,0.015,373.388,2552.772,-5.205,-10.709,195.232,77.821,70.269,216.214,20.842,7.687,,0.0,0.0,0.0,0.0,0.0,0.0,0.0,-21.646,-0.068,0.246,0.098,0.088,0.272,0.026,0.01
India,1993,IND,922118380.0,1944353884791.0,,0.0,0.0,0.0,,,,0.0,,3.572,51.369,1615.438,1489.625,274.134,252.784,3.317,46.271,1563.106,1441.369,69.796,57.224,,,362.176,14.689,2.487,63.476,2837.215,1.346,2.645,61.549,308.93,284.87,2590.057,2388.339,78.655,91.747,1.61,2.324,146.671,19.388,17.878,159.059,1.61,2.324,159.059,146.671,4.936,5.634,,0.959,1.866,196.479,76.707,70.732,213.074,19.53,7.548,0.827,1.807,214.827,83.835,77.306,232.971,21.345,8.253,,,-2.761,-0.491,17.297,6.753,6.227,18.758,1.719,0.664,1.056,7.856,752.043,15.408,14.208,815.56,-4.492,-15.247,351.567,324.186,3.923,28.89,0.788,0.252,,111.111,0.415,0.273,,0.854,0.07,,0.03,392.765,2616.248,1.154,2.298,197.53,77.083,71.079,214.213,19.626,7.588,,0.0,0.0,0.0,0.0,0.0,0.0,0.0,7.121,0.018,0.263,0.103,0.095,0.285,0.026,0.01
India,1994,IND,941163772.0,2055026658036.0,,0.0,0.0,0.0,,,,0.0,,3.2,47.662,1633.39,1537.287,281.151,264.609,1.715,24.726,1557.747,1466.095,68.204,56.056,,,387.967,14.98,5.385,140.873,2929.481,1.342,4.848,115.784,321.132,302.238,2660.667,2504.123,77.903,91.312,8.112,11.898,158.569,23.25,21.882,168.482,8.112,11.898,168.482,158.569,5.64,5.782,,13.402,26.332,222.811,85.227,80.212,236.74,20.675,8.125,10.895,23.441,238.268,91.088,85.729,253.163,22.097,8.688,,,-20.582,-3.56,13.737,5.254,4.945,14.596,1.275,0.501,7.476,56.224,808.267,16.731,15.747,858.795,16.154,52.37,400.096,376.556,4.059,29.473,1.188,0.38,,50.877,0.401,0.404,,1.263,0.098,,0.043,412.22,2757.121,13.653,27.001,224.531,85.834,80.784,238.568,20.822,8.187,,0.0,0.0,0.0,0.0,0.0,0.0,0.0,101.836,0.268,0.531,0.203,0.191,0.565,0.049,0.019
India,1995,IND,960301046.0,2189535837458.0,,0.0,0.0,0.0,,,,0.0,,6.136,94.326,1699.064,1631.613,308.541,296.292,5.58,81.808,1611.894,1547.903,69.365,55.329,,,427.149,15.264,7.471,205.997,3085.614,1.353,8.371,209.62,356.713,342.552,2825.93,2713.743,80.195,92.025,14.006,22.209,180.778,30.651,29.434,188.252,14.006,22.209,188.252,180.778,6.891,6.13,,-5.35,-11.92,210.891,79.059,75.921,219.61,17.774,7.151,-1.321,-3.081,235.187,88.094,84.597,244.909,19.805,7.975,,,53.977,7.415,21.152,7.929,7.615,22.026,1.783,0.717,11.517,93.085,901.352,17.522,16.826,938.614,13.185,49.648,443.824,426.205,3.939,30.565,1.762,0.564,,48.256,0.573,0.587,,1.835,0.132,,0.06,444.807,2963.118,-4.706,-10.496,214.035,80.165,76.982,222.883,18.022,7.258,,0.003,0.003,0.001,0.001,0.003,0.0,0.0,159.551,0.848,1.379,0.517,0.496,1.436,0.116,0.047
India,1996,IND,979678460.0,2345228680352.0,,0.0,0.0,0.0,,,,0.0,,2.873,46.869,1713.299,1678.483,318.711,312.234,7.174,111.051,1693.366,1658.954,70.449,54.7,,,443.205,15.139,4.0,118.513,3145.554,1.314,4.968,134.818,371.659,364.106,2907.649,2848.561,82.153,92.831,9.149,16.539,197.317,32.688,32.024,201.41,9.149,16.539,201.41,197.317,7.226,6.43,,-9.04,-19.065,191.826,70.49,69.058,195.806,15.581,6.251,-6.498,-15.204,219.983,80.74,79.099,224.546,17.847,7.169,,,10.331,2.185,23.337,8.576,8.401,23.821,1.896,0.761,7.923,71.41,972.761,20.26,19.848,992.939,-5.04,-21.481,413.119,404.724,4.478,31.701,2.363,0.756,,34.118,0.601,0.772,,2.412,0.171,,0.077,452.399,3081.631,-8.163,-17.389,196.646,72.165,70.698,200.725,15.952,6.408,500.0,0.014,0.017,0.006,0.006,0.017,0.001,0.001,76.925,1.061,2.44,0.897,0.878,2.491,0.198,0.08
India,1997,IND,999133764.0,2426804815330.0,,0.0,0.0,0.0,,,,0.0,,4.58,76.88,1756.885,1755.363,326.109,325.827,3.312,54.951,1715.391,1713.906,69.45,54.202,,,469.154,15.173,5.529,170.378,3254.829,1.34,5.658,161.184,387.23,386.895,3012.354,3009.745,82.467,92.934,8.722,17.209,214.526,40.214,40.179,214.712,8.722,17.209,214.712,214.526,8.564,6.624,,1.67,3.204,195.031,70.272,70.211,195.2,14.965,6.022,3.994,8.854,228.837,82.33,82.259,229.035,17.533,7.066,,,19.884,4.64,27.977,10.081,10.072,28.002,2.147,0.864,6.897,67.094,1039.856,20.907,20.889,1040.757,2.256,9.13,414.212,413.854,4.452,32.108,3.068,0.982,,29.825,0.705,0.983,,3.07,0.209,,0.095,469.56,3252.01,2.106,4.213,200.86,72.249,72.187,201.034,15.387,6.202,0.0,0.0,0.017,0.006,0.006,0.017,0.001,0.001,12.48,0.305,2.744,0.989,0.988,2.747,0.211,0.085
India,1998,IND,1018665080.0,2567853125008.0,,0.0,0.0,0.0,,,,0.0,,3.321,58.297,1780.427,1813.659,330.319,336.484,-0.61,-10.459,1672.234,1703.446,66.62,52.822,,,505.078,15.493,6.073,197.487,3386.291,1.343,5.079,152.851,400.227,407.697,3104.647,3162.595,80.72,92.109,9.744,20.902,235.429,49.256,50.175,231.115,9.744,20.902,231.115,235.429,9.934,6.857,,19.116,37.283,232.313,82.1,83.633,228.056,16.558,6.766,18.385,42.116,270.953,95.597,97.381,265.988,19.28,7.891,,,12.9,3.609,31.586,11.163,11.371,31.008,2.251,0.92,7.083,73.652,1113.507,20.653,21.038,1093.105,-2.501,-10.351,396.109,403.503,4.165,32.43,4.039,1.293,,31.667,0.971,1.269,,3.965,0.256,,0.118,495.824,3449.497,19.15,38.507,239.366,84.434,86.01,234.98,17.029,6.971,0.0,0.0,0.017,0.006,0.006,0.017,0.001,0.0,9.211,0.253,2.997,1.059,1.079,2.942,0.214,0.087
India,1999,IND,1038225822.0,2710353015518.0,,0.0,0.0,0.0,,,,0.0,,-0.937,-16.985,1730.523,1796.674,351.981,365.436,-2.186,-37.242,1604.857,1666.204,66.763,50.89,,,547.362,16.313,2.808,96.866,3415.791,1.308,2.996,94.765,432.706,449.247,3137.43,3257.36,82.075,92.264,2.466,5.805,241.234,56.836,59.009,232.352,2.466,5.805,232.352,241.234,10.781,6.833,,-1.654,-3.842,228.471,79.221,82.249,220.059,15.027,6.471,0.754,2.176,273.128,94.503,98.115,263.072,17.925,7.736,,,11.932,3.769,35.355,12.259,12.728,34.053,2.325,1.001,9.515,105.945,1219.453,23.889,24.802,1174.554,-0.233,-0.942,387.739,402.561,4.531,34.541,5.269,1.686,,30.448,1.23,1.624,,5.075,0.308,,0.149,527.209,3546.363,-0.724,-1.593,237.773,82.244,85.388,229.019,15.6,6.735,0.0,0.0,0.017,0.006,0.006,0.016,0.001,0.0,34.013,1.019,4.017,1.393,1.446,3.869,0.264,0.114
India,2000,IND,1057922731.0,2804478499774.0,,0.614,0.581,0.614,1.597,1.69,0.296,0.017,740.04,6.372,114.492,1806.527,1911.166,368.864,390.23,6.301,104.987,1674.217,1771.192,68.295,51.51,572.69,541.334,571.39,16.146,5.049,179.038,3521.43,1.328,5.678,184.943,449.324,475.35,3253.832,3442.303,83.192,92.778,5.137,12.393,253.627,52.896,55.96,239.741,5.137,12.393,239.741,253.627,9.794,6.836,422.85,-6.394,-14.609,213.862,72.775,76.99,202.153,13.474,5.764,-1.496,-5.168,267.961,90.782,96.04,253.289,16.808,7.222,1.3,0.227,23.889,8.446,43.801,14.907,15.77,41.403,2.76,1.181,4.761,58.057,1277.51,27.563,29.16,1207.564,-1.3,-5.233,375.573,397.327,5.103,34.432,5.269,1.69,,0.0,0.0,1.597,,4.981,0.296,,0.142,540.106,3725.401,-5.279,-13.614,224.159,75.875,80.27,211.886,14.048,6.042,16.667,0.003,0.02,0.009,0.01,0.019,0.002,0.001,9.405,0.378,4.394,1.493,1.58,4.154,0.277,0.118
India,2001,IND,1077898579.0,2940745466088.0,54.242,0.333,0.879,0.947,1.92,2.07,0.353,0.025,747.39,0.826,15.787,1787.694,1926.953,378.783,408.29,1.274,22.565,1664.124,1793.757,69.663,51.707,587.38,544.931,586.09,16.471,0.415,15.472,3470.525,1.272,0.582,20.023,455.525,491.01,3212.108,3462.326,83.777,92.907,0.256,0.651,254.277,51.888,55.93,235.901,0.256,0.651,235.901,254.277,9.543,6.823,438.04,-6.452,-14.904,198.958,66.815,72.02,184.58,12.288,5.339,-0.646,-3.62,264.34,88.209,95.08,245.237,16.223,7.093,1.29,0.22,19.787,8.377,52.178,17.525,18.89,48.407,3.223,1.4,0.281,3.586,1281.096,24.854,26.79,1188.512,0.038,0.151,368.753,397.478,4.571,34.376,6.466,2.07,,22.72,1.197,1.92,,5.999,0.353,,0.174,543.734,3740.874,-4.629,-11.997,212.162,70.684,76.19,196.829,13.0,5.693,57.143,0.011,0.031,0.009,0.01,0.028,0.002,0.001,31.795,1.365,5.76,1.939,2.09,5.343,0.357,0.155
India,2002,IND,1097600380.0,3024984520809.0,5.697,0.054,0.912,1.001,1.95,2.14,0.351,0.026,755.76,4.455,85.837,1833.809,2012.79,388.757,426.7,4.433,79.514,1706.697,1873.271,69.992,52.188,610.99,556.66,609.64,16.496,3.473,129.935,3526.61,1.28,4.051,140.25,471.492,517.51,3282.229,3602.576,84.888,93.408,4.431,11.267,265.544,57.289,62.88,241.932,4.431,11.267,241.932,265.544,10.314,6.885,460.74,-4.829,-11.164,187.794,62.445,68.54,171.095,11.243,4.869,-3.007,-10.089,254.252,83.938,92.13,231.643,15.112,6.592,1.35,0.221,2.457,0.842,53.021,17.629,19.35,48.306,3.174,1.375,3.368,43.146,1324.242,25.446,27.93,1206.489,3.116,12.386,373.419,409.864,4.581,34.335,6.687,2.14,,3.419,0.221,1.95,,6.093,0.351,,0.173,555.43,3870.809,-4.345,-10.931,201.231,66.308,72.78,183.337,11.938,5.218,18.182,0.005,0.036,0.009,0.01,0.033,0.002,0.001,0.0,-0.047,5.712,1.904,2.09,5.204,0.343,0.148
India,2003,IND,1116803000.0,3251114494190.0,4.833,0.048,0.94,1.05,2.427,2.71,0.425,0.026,758.01,4.729,95.194,1887.516,2107.984,395.298,441.47,4.349,81.462,1750.294,1954.734,69.182,52.767,639.82,572.903,638.13,16.645,3.563,137.901,3589.451,1.233,3.813,137.37,488.322,545.36,3348.797,3739.946,85.462,93.619,7.052,18.725,284.269,65.186,72.8,254.538,7.052,18.725,254.538,284.269,11.408,7.116,483.71,1.096,1.024,188.818,62.052,69.3,169.07,10.86,4.727,0.734,0.666,254.917,83.067,92.77,228.256,14.538,6.381,1.69,0.264,-6.257,-3.588,49.432,16.243,18.14,44.262,2.843,1.237,1.771,23.451,1347.694,27.838,31.09,1206.743,0.414,1.698,368.518,411.562,4.872,33.736,8.477,2.71,,26.76,1.789,2.427,,7.59,0.425,,0.212,571.39,4008.71,2.568,4.254,205.485,66.825,74.63,183.994,11.695,5.144,23.077,0.008,0.044,0.018,0.02,0.039,0.003,0.001,24.915,1.384,7.097,2.328,2.6,6.354,0.407,0.178
India,2004,IND,1135991509.0,3495022816540.0,5.674,0.06,0.976,1.109,2.914,3.31,0.474,0.026,723.79,6.43,135.545,1974.952,2243.529,407.582,463.01,7.993,156.238,1858.264,2110.972,66.303,51.777,700.02,616.219,698.32,16.996,8.58,343.941,3831.588,1.245,6.34,237.13,499.88,567.86,3500.974,3977.076,81.318,91.784,7.888,22.422,306.691,67.412,76.58,269.977,-1.017,-2.891,247.693,281.378,10.966,7.078,505.44,45.226,83.908,272.726,88.592,100.64,240.078,14.412,6.294,40.224,101.09,356.008,114.842,130.46,313.389,18.682,8.216,1.7,0.243,17.167,8.172,57.604,18.715,21.26,50.708,3.044,1.329,5.874,79.163,1426.856,24.886,28.27,1256.045,2.676,11.014,371.989,422.576,4.048,32.929,10.357,3.31,,22.187,1.881,2.914,,9.117,0.474,,0.239,614.723,4352.651,45.751,92.918,298.403,96.127,109.2,262.681,15.638,6.887,12.5,0.005,0.049,0.018,0.02,0.043,0.003,0.001,100.632,7.064,14.161,4.604,5.23,12.466,0.749,0.327
India,2005,IND,1154676321.0,3752627653422.0,5.369,0.06,1.012,1.169,3.499,4.04,0.573,0.025,734.03,9.475,212.585,2127.101,2456.113,414.385,478.48,4.557,96.188,1911.496,2207.16,67.916,53.522,706.07,611.487,704.52,16.1,5.876,255.766,3991.09,1.228,6.85,272.422,501.716,579.32,3680.25,4249.498,82.229,92.603,11.922,36.565,343.256,65.36,75.47,297.275,1.331,3.744,246.928,285.121,10.712,7.48,517.14,-3.196,-10.845,261.882,84.37,97.42,226.801,13.828,5.707,-3.952,-16.54,339.467,108.429,125.2,293.993,17.771,7.397,1.55,0.22,-16.602,-9.951,47.653,15.355,17.73,41.27,2.517,1.038,1.631,23.272,1450.128,21.972,25.37,1255.874,-3.881,-16.398,351.768,406.178,3.601,31.6,12.61,4.04,,21.747,2.252,3.499,,10.921,0.573,,0.275,610.145,4608.417,-1.514,-6.589,291.814,93.074,107.47,252.724,15.254,6.359,0.0,-0.0,0.049,0.017,0.02,0.042,0.003,0.001,14.651,1.944,16.105,5.188,5.99,13.947,0.85,0.351
India,2006,IND,1172878888.0,4069856052453.0,1.168,0.014,1.008,1.182,4.766,5.59,0.751,0.024,723.04,3.817,93.751,2174.022,2549.865,430.957,505.46,4.373,96.526,1964.129,2303.685,67.899,52.764,747.17,637.039,744.43,16.229,5.348,246.45,4139.273,1.193,4.499,191.178,510.914,599.24,3786.134,4440.676,80.496,91.891,4.52,15.516,358.772,63.689,74.7,305.89,-1.141,-3.253,240.322,281.868,10.035,7.424,538.25,15.6,39.234,301.116,96.02,112.62,256.732,15.128,6.231,15.83,52.419,391.887,123.789,145.19,334.124,19.504,8.109,2.74,0.367,-0.537,-0.509,47.144,15.031,17.63,40.195,2.368,0.976,5.649,81.911,1532.039,16.268,19.08,1306.221,3.207,13.026,357.414,419.203,2.563,31.702,17.459,5.59,,38.459,4.85,4.766,,14.886,0.751,,0.361,634.703,4854.867,18.501,52.929,344.743,108.758,127.56,293.929,17.135,7.134,-60.4,-0.03,0.019,0.009,0.01,0.016,0.001,0.0,55.855,8.861,24.966,7.963,9.34,21.286,1.255,0.517
India,2007,IND,1190676028.0,4403215224414.0,0.0,0.0,0.993,1.182,6.215,7.4,0.929,0.023,717.87,9.428,240.408,2343.436,2790.272,447.872,533.27,6.21,143.07,2054.929,2446.755,66.972,53.199,801.2,672.895,796.26,16.0,8.529,414.093,4425.184,1.197,8.449,375.181,534.721,636.68,4044.641,4815.856,79.959,91.819,8.175,29.331,388.103,75.629,90.05,325.951,2.759,7.777,243.261,289.645,11.309,7.4,571.61,8.876,24.983,326.099,102.975,122.61,273.877,15.398,6.217,9.845,37.182,429.069,134.025,159.58,360.357,20.041,8.181,4.94,0.617,1.134,0.281,47.425,14.975,17.83,39.83,2.239,0.904,6.882,105.442,1637.482,11.221,13.36,1375.254,1.099,4.605,355.94,423.809,1.678,31.22,23.134,7.4,,32.504,5.675,6.215,,19.43,0.929,,0.441,668.746,5268.96,11.038,36.901,381.644,119.05,141.75,320.527,17.802,7.276,719.444,0.138,0.157,0.05,0.06,0.132,0.008,0.003,25.12,6.105,31.071,9.81,11.68,26.095,1.467,0.592
India,2008,IND,1207930960.0,4649548164533.0,40.0,0.473,1.37,1.655,7.699,9.3,1.123,0.03,733.08,8.26,230.49,2500.774,3020.762,474.464,573.12,8.205,200.758,2191.775,2647.512,69.183,54.401,834.25,690.644,828.41,15.643,5.837,307.569,4616.596,1.199,6.729,324.041,558.202,674.27,4255.125,5139.897,81.393,92.564,3.034,11.774,399.877,71.097,85.88,331.043,1.475,4.273,243.324,293.919,10.367,7.201,607.29,-6.071,-22.223,303.876,95.345,115.17,251.567,13.903,5.472,-3.094,-16.178,412.89,127.607,154.14,341.816,18.607,7.436,5.84,0.7,-14.587,-7.238,40.187,12.608,15.23,33.269,1.838,0.724,4.994,81.777,1719.259,12.641,15.27,1423.309,3.71,15.724,363.872,439.533,1.843,30.962,29.069,9.3,,25.652,5.934,7.699,,24.065,1.123,,0.523,685.809,5576.529,-1.66,-8.94,372.704,114.998,138.91,308.547,16.768,6.712,6.78,0.009,0.166,0.05,0.06,0.138,0.007,0.003,23.072,6.866,37.937,11.905,14.38,31.407,1.736,0.683
India,2009,IND,1225524764.0,4993478894185.0,-47.715,-0.79,0.706,0.866,8.617,10.56,1.202,0.015,744.55,8.193,247.504,2666.83,3268.266,498.652,611.11,7.942,210.259,2331.875,2857.771,69.553,54.78,883.93,721.267,878.63,15.369,7.386,411.861,4886.388,1.199,8.293,426.239,594.488,728.56,4541.839,5566.137,82.92,93.296,22.808,91.204,491.081,85.164,104.37,400.711,22.993,67.581,294.975,361.499,11.879,8.231,654.18,-7.668,-24.774,279.102,86.771,106.34,227.741,12.103,4.678,-3.129,-12.891,399.999,122.454,150.07,326.39,17.08,6.704,5.3,0.6,10.41,3.95,44.137,13.725,16.82,36.015,1.914,0.74,5.091,87.532,1806.79,10.673,13.08,1474.299,0.537,2.361,360.575,441.893,1.489,30.284,32.991,10.56,,13.493,3.922,8.617,,26.92,1.202,,0.553,716.942,5988.39,-4.596,-16.842,355.862,108.729,133.25,290.375,15.166,5.965,19.048,0.031,0.197,0.065,0.08,0.161,0.009,0.003,13.164,4.769,42.706,13.276,16.27,34.847,1.852,0.716
India,2010,IND,1243481565.0,5361371354007.0,72.546,0.628,1.201,1.493,10.631,13.22,1.412,0.024,739.43,2.456,80.281,2692.88,3348.546,517.072,642.97,2.776,79.338,2362.005,2937.109,68.665,53.804,941.94,757.502,936.39,15.731,4.333,259.5,5024.514,1.165,3.96,220.442,620.661,771.78,4653.53,5786.579,82.421,92.977,20.065,98.535,589.616,94.919,118.03,474.166,31.201,112.792,381.423,474.292,12.605,9.474,692.39,2.263,4.085,283.188,87.448,108.74,227.738,11.613,4.55,10.061,37.062,437.061,132.378,164.61,351.482,17.579,7.023,5.55,0.589,37.261,15.973,60.11,18.561,23.08,48.34,2.465,0.966,2.304,41.626,1848.416,8.669,10.78,1486.484,8.547,37.769,385.741,479.662,1.151,29.7,41.308,13.22,,25.21,8.317,10.631,,33.22,1.412,,0.664,753.039,6247.89,6.651,21.089,376.951,113.818,141.53,303.142,15.114,6.057,50.667,0.097,0.294,0.088,0.11,0.237,0.012,0.005,19.577,7.962,50.668,15.65,19.46,40.747,2.078,0.814
India,2011,IND,1261224956.0,5720692888000.0,113.681,1.698,2.53,3.191,12.258,15.46,1.498,0.049,722.11,3.892,130.318,2758.322,3478.864,556.007,701.25,-0.745,-21.892,2311.417,2915.217,67.93,53.049,1037.44,822.565,1032.32,16.584,5.428,339.12,5222.708,1.151,3.99,230.909,656.631,828.16,4771.146,6017.487,80.223,91.76,2.246,13.243,602.859,93.211,117.56,477.995,-9.479,-44.958,340.41,429.334,11.388,9.193,745.45,21.114,58.016,341.204,104.422,131.7,270.534,12.758,5.203,24.833,103.315,540.376,161.874,204.16,428.453,19.777,8.24,5.12,0.494,39.604,23.371,83.481,25.547,32.22,66.19,3.121,1.273,4.726,87.349,1935.765,7.413,9.35,1534.829,3.978,19.081,395.444,498.743,0.906,29.518,48.305,15.46,,16.939,6.997,12.258,,38.3,1.498,,0.737,818.506,6587.01,22.449,79.944,456.895,136.328,171.94,362.263,16.656,6.967,631.858,1.848,2.142,0.658,0.83,1.699,0.08,0.033,23.108,11.385,62.053,18.989,23.95,49.2,2.32,0.946
India,2012,IND,1278674501.0,6052427493607.0,-7.678,-0.245,2.304,2.946,12.92,16.52,1.518,0.043,742.86,8.881,308.954,2962.301,3787.818,615.583,787.13,1.749,50.994,2319.754,2966.211,72.319,54.809,1093.06,854.838,1088.42,16.505,5.325,350.758,5425.75,1.146,6.298,378.991,698.731,893.45,5002.429,6396.479,82.087,92.556,-7.608,-45.868,556.991,75.273,96.25,435.6,-13.196,-56.656,291.457,372.678,8.843,8.06,808.54,-12.094,-42.811,298.393,90.547,115.78,233.361,10.637,4.318,-4.556,-25.901,514.475,152.478,194.97,402.351,17.913,7.444,4.64,0.424,2.843,1.931,85.412,25.917,33.14,66.797,3.045,1.236,5.988,115.905,2051.67,7.875,10.07,1604.528,-0.78,-3.893,387.003,494.851,0.925,29.687,51.613,16.52,,6.846,3.307,12.92,,40.364,1.518,,0.747,851.21,6937.768,-5.917,-27.831,429.064,126.561,161.83,335.554,14.868,6.208,153.809,3.267,5.41,1.642,2.1,4.231,0.193,0.078,14.53,8.65,70.703,21.452,27.43,55.294,2.52,1.023
India,2013,IND,1295829507.0,6424470752490.0,16.383,0.483,2.646,3.429,13.559,17.57,1.54,0.048,738.99,5.859,221.911,3094.334,4009.729,654.384,847.97,0.267,7.906,2295.145,2974.117,74.303,56.22,1145.18,883.743,1141.23,16.819,3.247,225.293,5527.781,1.115,2.644,169.099,713.774,924.93,5066.699,6565.578,81.047,92.056,-11.993,-66.798,490.193,51.172,66.31,378.285,-16.649,-62.047,239.716,310.631,5.81,6.873,843.36,13.998,39.16,337.552,101.85,131.98,260.491,11.565,4.733,11.027,52.134,566.609,166.92,216.3,437.256,18.953,7.944,3.95,0.345,0.509,-0.224,85.187,25.706,33.31,65.74,2.919,1.194,0.682,13.986,2065.656,8.219,10.65,1594.08,-0.807,-3.993,378.798,490.858,0.933,28.962,54.915,17.57,,6.399,3.303,13.559,,42.379,1.54,,0.77,880.695,7163.062,13.143,52.358,481.422,141.215,182.99,371.517,16.034,6.75,63.554,3.37,8.78,2.647,3.43,6.776,0.301,0.123,9.386,6.043,76.745,23.159,30.01,59.225,2.63,1.076
India,2014,IND,1312277184.0,6875186158349.0,-12.718,-0.436,2.281,2.993,16.109,21.14,1.68,0.039,743.22,9.76,391.344,3353.768,4401.073,723.879,949.93,5.367,159.607,2388.004,3133.724,75.47,57.755,1259.25,959.591,1258.68,17.366,6.836,489.67,5831.643,1.113,6.793,446.006,781.458,1025.49,5343.065,7011.583,81.473,92.013,-1.056,-5.177,485.016,48.778,64.01,369.599,-5.498,-17.079,223.697,293.552,5.085,6.365,935.48,5.314,16.128,353.68,105.923,139.0,269.516,11.043,4.641,7.486,42.018,608.628,177.699,233.19,463.795,18.527,7.987,0.57,0.045,4.136,3.072,88.259,26.435,34.69,67.256,2.756,1.158,2.897,59.839,2125.494,8.801,11.55,1619.699,-1.337,-6.562,369.05,484.296,0.918,27.893,66.078,21.14,,20.327,11.163,16.109,,50.354,1.68,,0.867,959.157,7652.732,8.085,38.947,520.369,151.264,198.5,396.539,15.77,6.829,42.994,3.711,12.491,3.742,4.91,9.519,0.39,0.164,11.489,8.382,85.127,25.49,33.45,64.87,2.658,1.117
India,2015,IND,1328024494.0,7391521519812.0,20.01,0.599,2.704,3.592,13.825,18.36,1.401,0.046,750.63,2.031,89.397,3381.316,4490.47,757.93,1006.55,4.288,134.379,2460.875,3268.103,76.803,57.121,1310.65,986.917,1310.56,17.478,3.133,239.758,5943.03,1.068,3.608,252.994,813.675,1080.58,5470.213,7264.577,82.452,92.41,-1.432,-6.947,478.068,48.772,64.77,359.985,-4.13,-12.124,211.915,281.428,4.942,6.081,983.74,-3.972,-15.769,337.912,100.51,133.48,254.447,10.185,4.298,-1.107,-11.92,596.708,173.175,229.98,449.32,17.548,7.59,0.09,0.007,10.442,8.722,96.981,28.847,38.31,73.027,2.923,1.234,8.024,170.544,2296.039,6.973,9.26,1728.913,-1.126,-5.455,360.566,478.841,0.707,29.207,57.378,18.36,,-13.166,-8.7,13.825,,43.205,1.401,,0.73,986.849,7892.49,-3.095,-20.642,499.727,144.327,191.67,376.293,14.625,6.357,44.481,5.465,17.956,5.339,7.09,13.521,0.541,0.228,-2.133,-2.237,82.89,24.653,32.74,62.416,2.498,1.054
India,2016,IND,1343944296.0,8057465593010.0,111.333,3.999,5.648,7.59,12.798,17.2,1.233,0.092,751.87,2.165,97.222,3413.603,4587.692,798.843,1073.6,1.032,33.728,2456.821,3301.831,76.964,55.748,1393.84,1037.126,1394.93,17.755,4.693,370.367,6148.213,1.025,4.753,345.287,859.879,1155.63,5662.336,7609.864,82.845,92.473,6.242,29.841,507.91,54.035,72.62,377.925,-5.545,-15.605,197.793,265.823,5.206,6.172,1048.81,-3.686,-14.91,323.002,95.651,128.55,240.339,9.216,3.925,5.707,22.698,619.405,178.058,239.3,460.886,17.155,7.527,-1.09,-0.078,-1.07,-1.761,95.22,28.201,37.9,70.851,2.717,1.157,9.504,218.223,2514.262,7.002,9.41,1870.808,-1.427,-6.832,351.212,472.009,0.675,30.553,53.755,17.2,,-6.314,-3.623,12.798,,39.998,1.233,,0.653,1037.937,8262.856,7.037,24.459,524.185,149.857,201.4,390.035,14.438,6.37,72.052,12.705,30.661,9.078,12.2,22.814,0.875,0.373,32.715,26.288,109.178,32.33,43.45,81.237,3.115,1.327
India,2017,IND,1359657398.0,8550029645172.0,-27.967,-2.123,4.021,5.467,11.025,14.99,1.025,0.064,743.09,3.258,149.464,3484.081,4737.157,820.236,1115.24,0.846,27.922,2448.965,3329.753,76.261,55.505,1460.8,1074.388,1462.39,17.987,3.737,308.814,6304.287,1.003,3.305,251.487,881.854,1199.02,5781.862,7861.352,81.99,92.111,5.53,28.089,535.999,55.154,74.99,394.216,4.18,11.11,203.679,276.933,5.128,6.28,1086.68,5.775,16.946,339.948,100.01,135.98,250.025,9.298,3.983,8.887,53.868,673.273,193.703,263.37,495.179,18.01,7.889,-1.59,-0.109,-1.275,-1.684,93.536,27.514,37.41,68.794,2.558,1.096,2.941,73.934,2588.196,6.465,8.79,1903.565,-0.365,-1.724,345.885,470.285,0.601,30.326,46.837,14.99,,-12.87,-6.918,11.025,,34.447,1.025,,0.549,1075.558,8571.671,10.73,55.552,579.737,166.189,225.96,426.385,15.451,6.793,83.275,25.252,55.912,16.445,22.36,41.122,1.529,0.655,21.119,22.396,131.573,38.708,52.63,96.769,3.599,1.542
India,2018,IND,1374659067.0,9173201683791.0,92.854,5.077,7.67,10.544,13.385,18.4,1.171,0.117,737.72,5.16,244.445,3623.882,4981.602,872.114,1198.86,6.775,225.592,2586.346,3555.345,76.28,55.213,1567.81,1140.508,1571.65,18.335,5.736,491.689,6593.169,0.988,5.148,404.725,928.608,1276.52,6013.183,8266.076,81.222,91.616,8.202,43.964,579.963,51.838,71.26,421.896,-0.729,-2.018,199.988,274.915,4.534,6.428,1159.44,2.9,8.118,348.066,101.785,139.92,253.202,8.903,3.858,13.703,83.178,756.452,214.693,295.13,550.283,18.778,8.384,-3.84,-0.245,4.373,3.605,97.141,28.407,39.05,70.666,2.485,1.077,4.494,116.316,2704.512,4.656,6.4,1967.406,-2.201,-10.349,334.582,459.936,0.407,29.975,57.51,18.4,,22.789,10.674,13.385,,41.836,1.171,,0.637,1143.302,9063.36,15.212,79.573,659.31,186.286,256.08,479.617,16.294,7.307,67.455,37.25,93.162,27.243,37.45,67.771,2.383,1.033,14.596,18.455,150.028,43.873,60.31,109.138,3.837,1.663
India,2019,IND,1389030307.0,9595463242427.0,23.248,2.451,9.356,12.996,13.671,18.99,1.186,0.141,722.66,0.149,7.422,3591.731,4989.023,863.019,1198.76,-1.588,-56.466,2518.936,3498.878,74.877,54.029,1597.84,1150.328,1600.98,18.373,2.408,218.234,6682.068,0.967,1.299,107.392,917.028,1273.78,6028.283,8373.468,79.563,90.681,2.161,12.536,592.498,51.799,71.95,426.555,-2.131,-5.86,193.7,269.055,4.494,6.417,1156.96,15.982,53.631,401.696,116.837,162.29,289.192,10.137,4.35,14.627,104.033,860.484,235.56,327.2,619.486,20.437,9.319,-3.14,-0.197,15.652,14.648,111.789,32.512,45.16,80.48,2.821,1.211,3.233,87.434,2791.946,2.21,3.07,2009.997,-5.209,-23.959,313.871,435.976,0.192,30.236,59.338,18.99,,3.178,1.828,13.671,,42.719,1.186,,0.643,1152.588,9281.595,14.477,89.385,748.695,203.048,282.04,539.006,17.617,8.108,27.234,24.785,117.947,26.961,37.45,84.913,2.339,1.277,4.979,6.69,156.718,45.579,63.31,112.826,3.954,1.697
India,2020,IND,1402617694.0,8945313249462.0,-6.26,-0.813,8.685,12.182,14.173,19.88,1.272,0.139,709.06,-5.499,-274.352,3361.338,4714.672,815.461,1143.78,-0.051,-1.797,2493.253,3497.081,73.158,53.92,1563.32,1114.573,1563.43,19.043,-5.273,-489.375,6268.437,0.983,-6.178,-517.343,870.986,1221.66,5601.045,7856.125,78.14,89.847,1.874,11.103,603.601,53.322,74.79,430.339,-11.689,-31.449,169.402,237.606,4.784,6.903,1108.56,1.02,3.097,404.793,116.881,163.94,288.598,10.486,4.629,3.167,27.237,887.721,243.666,341.77,632.903,21.86,10.153,-0.11,-0.007,-1.217,-1.633,110.156,31.805,44.61,78.536,2.853,1.26,-9.101,-254.094,2537.853,2.203,3.09,1809.369,-6.239,-27.199,291.439,408.778,0.198,29.024,62.137,19.88,,4.717,2.799,14.173,,44.301,1.272,,0.711,1114.652,8792.22,3.816,28.87,777.565,211.861,297.16,554.367,19.007,8.893,26.853,31.303,149.25,37.722,52.91,106.408,3.384,1.707,-4.56,-7.515,149.203,43.084,60.43,106.375,3.865,1.706
India,2021,IND,1414203896.0,9801621018003.0,61.522,7.495,13.914,19.677,14.991,21.2,1.263,0.207,715.34,13.535,638.12,3785.021,5352.792,887.821,1255.56,6.277,219.525,2628.055,3716.606,74.793,56.372,1678.69,1187.021,1678.72,18.768,8.562,752.749,6749.358,0.974,9.028,709.225,932.928,1319.35,6056.659,8565.351,78.593,90.204,3.334,20.126,623.727,42.71,60.4,441.045,20.11,47.782,201.801,285.388,3.598,6.569,1200.85,-2.059,-9.313,395.48,113.541,160.57,279.649,9.565,4.165,6.127,42.459,930.18,254.115,359.37,657.741,21.407,9.796,-0.03,-0.002,-1.558,-1.984,108.172,31.056,43.92,76.49,2.616,1.139,2.009,50.979,2588.831,2.397,3.39,1830.593,-3.269,-13.363,279.602,395.414,0.202,27.264,66.242,21.2,,6.607,4.105,14.991,,46.841,1.263,,0.698,1187.042,9544.969,7.21,44.442,822.007,223.058,315.45,581.251,18.791,8.657,16.124,23.639,172.888,46.379,65.59,122.251,3.907,1.821,12.688,18.516,167.72,48.147,68.09,118.597,4.056,1.766
India,2022,IND,1425423209.0,10476248645535.0,42.38,8.339,19.654,28.016,16.339,23.29,1.291,0.28,705.75,3.896,208.542,3901.532,5561.334,943.173,1344.42,12.478,463.769,2932.726,4180.375,74.499,55.589,1802.88,1264.803,1804.61,19.225,5.39,514.509,7057.187,0.96,4.472,383.023,978.004,1394.07,6277.696,8948.373,77.25,89.444,-6.608,-41.219,582.508,32.39,46.17,408.657,4.426,12.631,209.074,298.019,2.558,5.823,1273.61,9.044,34.708,430.188,122.834,175.09,301.797,9.702,4.3,14.712,125.857,1056.037,288.013,410.54,740.858,22.75,10.556,-1.73,-0.096,5.184,5.328,113.5,32.404,46.19,79.626,2.56,1.135,8.332,215.699,2804.53,2.441,3.48,1967.507,-2.872,-11.357,269.434,384.057,0.193,28.033,72.791,23.29,,9.886,6.549,16.339,,51.066,1.291,,0.728,1266.017,10059.478,15.944,120.529,942.536,255.608,364.35,661.233,20.19,9.421,38.835,66.552,239.44,67.292,95.92,167.978,5.315,2.393,2.865,4.381,172.101,49.143,70.05,120.737,3.882,1.72
India,2023,IND,1438069597.0,,22.563,6.321,23.877,34.337,16.001,23.01,1.2,0.319,713.36,10.355,575.889,4267.682,6137.224,1005.125,1445.44,11.817,494.007,3250.456,4674.382,75.352,56.992,1916.2,1332.481,1918.26,18.9,7.638,768.382,7529.44,,8.364,748.43,1043.128,1500.09,6742.93,9696.803,78.201,90.047,6.495,37.836,620.344,35.325,50.8,431.373,5.985,17.836,219.638,315.855,2.648,5.761,1368.41,-14.651,-65.716,364.473,103.91,149.43,253.446,7.79,3.385,2.983,15.733,1071.77,290.786,418.17,745.284,21.799,9.953,-2.06,-0.108,4.351,4.071,117.572,33.517,48.2,81.757,2.513,1.092,4.803,134.705,2939.235,2.677,3.85,2043.875,-1.425,-5.472,263.259,378.585,0.201,27.295,71.896,23.01,,-1.23,-0.895,16.001,,49.994,1.2,,0.668,1333.913,10827.859,2.822,11.662,954.198,257.268,369.97,663.527,19.287,8.861,19.162,43.793,283.233,80.26,115.42,196.954,6.017,2.63,17.219,28.158,200.259,57.097,82.11,139.256,4.28,1.86
India,2024,IND,1450935785.0,,38.713,13.293,32.827,47.63,15.335,22.25,1.093,0.422,705.4,3.953,242.603,4397.042,6379.826,1046.152,1517.9,7.29,340.767,3456.493,5015.149,74.534,56.578,2034.22,1402.005,2036.52,19.181,4.693,508.197,7812.928,,4.275,414.585,1087.87,1578.43,6968.874,10111.388,77.506,89.67,13.295,82.474,702.818,38.899,56.44,484.39,2.432,7.682,222.985,323.537,2.771,6.233,1436.57,4.747,17.303,381.776,107.882,156.53,263.124,7.686,3.386,10.193,93.024,1164.794,315.72,458.09,802.788,22.494,10.33,-2.3,-0.113,13.483,15.853,133.425,37.7,54.7,91.958,2.686,1.183,3.045,89.509,3028.744,2.819,4.09,2087.442,1.025,3.881,263.599,382.465,0.201,26.86,69.53,22.25,,-3.291,-2.366,15.335,,47.921,1.093,,0.617,1403.591,11336.057,9.801,77.172,1031.37,278.021,403.39,710.831,19.808,9.146,17.764,50.313,333.546,98.605,143.07,229.883,7.025,2.958,-0.685,-1.371,198.888,56.198,81.54,137.076,4.004,1.764
India,2025,IND,1463865527.0,,,,,,15.739,23.04,1.107,,670.13,,,,,1007.026,1474.15,,,,,70.818,,2082.82,1422.822,2081.6,,,,,,,,1042.985,1526.79,,,73.347,,,,,33.159,48.54,,,,,,2.332,,1394.95,,,,121.575,177.97,,8.55,,,,,379.003,554.81,,26.653,,1.22,0.059,,,,36.773,53.83,,2.586,,,,,2.801,4.1,,,,,,0.197,,,23.04,,,,15.739,,,1.107,,,1421.989,,,,,342.231,500.98,,24.067,,,,,133.885,195.99,,9.415,,,,,71.031,103.98,,4.995,
Japan,1900,JPN,44416502.0,93641716284.0,,,,,,,,,,,,,,,,,,1293.715,57.462,,,,,,,,,,,,,,,,,,,,,,,,,,,0.0,0.0,,,,,,,,,,,,,,,,,,,,,,,,,,,,,,,,,,,,,,29.85,1.326,,,,,,,,,,,,,,,,,,,,,,,,,,,,,,,,,,,,,,,
Japan,1901,JPN,44903535.0,96537578132.0,,,,,,,,,,,,,,,,20.463,11.759,1541.549,69.221,,,,,,,,,,,,,,,,,,,,,,,,,,0.0,0.0,0.0,,,,,,,,,,,,,,,,,,,,,,,,,,,,,,,,,,,,27.193,0.361,37.555,1.686,,,,,,,,,,,,,,,,,,,,,,,,,,,,,,,,,,,,,,,
Japan,1902,JPN,45413962.0,91087774650.0,,,,,,,,,,,,,,,,7.702,5.332,1641.622,74.553,,,,,,,,,,,,,,,,,,,,,,,,,,0.0,0.0,0.0,,,,,,,,,,,,,,,,,,,,,,,,,,,,,,,,,,,,8.276,0.14,40.206,1.826,,,,,,,,,,,,,,,,,,,,,,,,,,,,,,,,,,,,,,,
Japan,1903,JPN,45948233.0,101027677191.0,,,,,,,,,,,,,,,,4.015,2.994,1687.685,77.546,,,,,,,,,,,,,,,,,,,,,,,,,,0.0,0.0,0.0,,,,,,,,,,,,,,,,,,,,,,,,,,,,,,,,,,,,-19.745,-0.361,31.892,1.465,,,,,,,,,,,,,,,,,,,,,,,,,,,,,,,,,,,,,,,
Japan,1904,JPN,46488789.0,101057243058.0,,,,,,,,,,,,,,,,6.276,4.867,1772.751,82.413,,,,,,,,,,,,,,,,,,,,,,,,,,0.0,0.0,0.0,,,,,,,,,,,,,,,,,,,,,,,,,,,,,,,,,,,,46.825,0.686,46.281,2.152,,,,,,,,,,,,,,,,,,,,,,,,,,,,,,,,,,,,,,,
Japan,1905,JPN,47035703.0,98867771981.0,,,,,,,,,,,,,,,,7.626,6.284,1885.749,88.698,,,,,,,,,,,,,,,,,,,,,,,,,,0.0,0.0,0.0,,,,,,,,,,,,,,,,,,,,,,,,,,,,,,,,,,,,-4.865,-0.105,43.518,2.047,,,,,,,,,,,,,,,,,,,,,,,,,,,,,,,,,,,,,,,
Japan,1906,JPN,47589051.0,109990610707.0,,,,,,,,,,,,,,,,12.5,11.087,2096.803,99.785,,,,,,,,,,,,,,,,,,,,,,,,,,0.0,0.0,0.0,,,,,,,,,,,,,,,,,,,,,,,,,,,,,,,,,,,,29.545,0.605,55.72,2.652,,,,,,,,,,,,,,,,,,,,,,,,,,,,,,,,,,,,,,,
Japan,1907,JPN,48148908.0,112465891909.0,,,,,,,,,,,,,,,,6.336,6.322,2203.733,106.107,,,,,,,,,,,,,,,,,,,,,,,,,,0.0,0.0,0.0,,,,,,,,,,,,,,,,,,,,,,,,,,,,,,,,,,,,17.544,0.465,64.733,3.117,,,,,,,,,,,,,,,,,,,,,,,,,,,,,,,,,,,,,,,
Japan,1908,JPN,48715351.0,113744837607.0,,,,,,,,,,,,,,,,7.413,7.866,2339.583,113.974,,,,,,,,,,,,,,,,,,,,,,,,,,0.0,0.0,0.0,,,,,,,,,,,,,,,,,,,,,,,,,,,,,,,,,,,,2.985,0.093,65.891,3.21,,,,,,,,,,,,,,,,,,,,,,,,,,,,,,,,,,,,,,,
Japan,1909,JPN,49292444.0,114021208068.0,,,,,,,,,,,,,,,,1.539,1.754,2347.777,115.728,,,,,,,,,,,,,,,,,,,,,,,,,,0.0,0.0,0.0,,,,,,,,,,,,,,,,,,,,,,,,,,,,,,,,,,,,-2.899,-0.093,63.232,3.117,,,,,,,,,,,,,,,,,,,,,,,,,,,,,,,,,,,,,,,
Japan,1910,JPN,49880362.0,114732009153.0,,,,,,,,,,,,,,,,4.199,4.86,2417.53,120.587,,,,,,,,,,,,,,,,,,,,,,,,,,0.0,0.0,0.0,,,,,,,,,,,,,,,,,,,,,,,,,,,,,,,,,,,,-4.104,-0.128,59.922,2.989,,,,,,,,,,,,,,,,,,,,,,,,,,,,,,,,,,,,,,,
Japan,1911,JPN,50479280.0,120504684461.0,,,,,,,,,,,,,,,,12.414,14.969,2685.393,135.557,,,,,,,,,,,,,,,,,,,,,,,,,,0.0,0.0,0.0,,,,,,,,,,,,,,,,,,,,,,,,,,,,,,,,,,,,8.949,0.267,64.51,3.256,,,,,,,,,,,,,,,,,,,,,,,,,,,,,,,,,,,,,,,
Japan,1912,JPN,51089380.0,123262420246.0,,,,,,,,,,,,,,,,11.382,15.429,2955.325,150.986,,,,,,,,,,,,,,,,,,,,,,,,,,0.0,0.0,0.0,,,,,,,,,,,,,,,,,,,,,,,,,,,,,,,,,,,,-16.429,-0.535,53.268,2.721,,,,,,,,,,,,,,,,,,,,,,,,,,,,,,,,,,,,,,,
Japan,1913,JPN,51710843.0,125595255000.0,,,,,,,,,,,,,,,,8.503,12.838,3168.079,163.824,,,,,,,,,,,,,,,,,,,,,,,,,,0.0,0.0,0.0,,,,,,,,,,,,,,,,,,,,,,,,,,,,,,,,,,,,16.667,0.454,61.399,3.175,,,,,,,,,,,,,,,,,,,,,,,,,,,,,,,,,,,,,,,
Japan,1914,JPN,52339865.0,123539496030.0,,,,,,,,,,,,,,,,4.584,7.51,3273.487,171.334,,,,,,,,,,,,,,,,,,,,,,,,,,0.0,0.0,0.0,,,,,,,,,,,,,,,,,,,,,,,,,,,,,,,,,,,,35.897,1.14,82.437,4.315,,,,,,,,,,,,,,,,,,,,,,,,,,,,,,,,,,,,,,,
Japan,1915,JPN,52976538.0,133450924977.0,,,,,,,,,,,,,,,,-8.078,-13.84,2972.899,157.494,,,,,,,,,,,,,,,,,,,,,,,,,,0.0,0.0,0.0,,,,,,,,,,,,,,,,,,,,,,,,,,,,,,,,,,,,11.051,0.477,90.447,4.792,,,,,,,,,,,,,,,,,,,,,,,,,,,,,,,,,,,,,,,
Japan,1916,JPN,53620954.0,152258085791.0,,,,,,,,,,,,,,,,11.761,18.524,3282.624,176.017,,,,,,,,,,,,,,,,,,,,,,,,,,0.0,0.0,0.0,,,,,,,,,,,,,,,,,,,,,,,,,,,,,,,,,,,,1.214,0.058,90.444,4.85,,,,,,,,,,,,,,,,,,,,,,,,,,,,,,,,,,,,,,,
Japan,1917,JPN,54273209.0,160078842995.0,,,,,,,,,,,,,,,,15.146,26.659,3734.368,202.676,,,,,,,,,,,,,,,,,,,,,,,,,,0.0,0.0,0.0,,,,,,,,,,,,,,,,,,,,,,,,,,,,,,,,,,,,-3.357,-0.163,86.357,4.687,,,,,,,,,,,,,,,,,,,,,,,,,,,,,,,,,,,,,,,
Japan,1918,JPN,54927094.0,163202864404.0,,,,,,,,,,,,,,,,6.341,12.852,3923.897,215.528,,,,,,,,,,,,,,,,,,,,,,,,,,0.0,0.0,0.0,,,,,,,,,,,,,,,,,,,,,,,,,,,,,,,,,,,,-14.64,-0.686,72.837,4.001,,,,,,,,,,,,,,,,,,,,,,,,,,,,,,,,,,,,,,,
Japan,1919,JPN,55611871.0,177876282366.0,,,,,,,,,,,,,,,,11.563,24.921,4323.708,240.449,,,,,,,,,,,,,,,,,,,,,,,,,,0.0,0.0,0.0,,,,,,,,,,,,,,,,,,,,,,,,,,,,,,,,,,,,-8.43,-0.337,65.875,3.663,,,,,,,,,,,,,,,,,,,,,,,,,,,,,,,,,,,,,,,
Japan,1920,JPN,56328237.0,166000633374.0,,,,,,,,,,,,,,,,-6.478,-15.578,3992.171,224.872,,,,,,,,,,,,,,,,,,,,,,,,,,0.0,0.0,0.0,,,,,,,,,,,,,,,,,,,,,,,,,,,,,,,,,,,,-0.635,-0.023,64.625,3.64,,,,,,,,,,,,,,,,,,,,,,,,,,,,,,,,,,,,,,,
Japan,1921,JPN,57076902.0,183273447348.0,,,,,,,,,,,,,,,,-10.355,-23.286,3531.829,201.586,,,,,,,,,,,,,,,,,,,,,,,,,,0.0,0.0,0.0,,,,,,,,,,,,,,,,,,,,,,,,,,,,,,,,,,,,-4.792,-0.174,60.721,3.466,,,,,,,,,,,,,,,,,,,,,,,,,,,,,,,,,,,,,,,
Japan,1922,JPN,57858589.0,185576274939.0,,,,,,,,,,,,,,,,5.662,11.415,3681.397,213.0,,,,,,,,,,,,,,,,,,,,,,,,,,0.339,5.853,0.339,,,,,,,,,,,,,,,,,,,,,,,,,,,,,,,,,,,,-4.362,-0.151,57.287,3.315,,,,,,,,,,,,,,,,,,,,,,,,,,,,,,,,,,,,,,,
Japan,1923,JPN,58674033.0,187921545034.0,,,,,,,,,,,,,,,,4.473,9.528,3792.619,222.528,,,,,,,,,,,,,,,,,,,,,,,,,-1.111,-0.004,5.708,0.335,,,,,,,,,,,,,,,,,,,,,,,,,,,,,,,,,,,,-11.93,-0.395,49.752,2.919,,,,,,,,,,,,,,,,,,,,,,,,,,,,,,,,,,,,,,,
Japan,1924,JPN,59500970.0,194623737332.0,,,,,,,,,,,,,,,,4.038,8.986,3890.928,231.514,,,,,,,,,,,,,,,,,,,,,,,,,-1.124,-0.004,5.565,0.331,,,,,,,,,,,,,,,,,,,,,,,,,,,,,,,,,,,,0.398,0.012,49.256,2.931,,,,,,,,,,,,,,,,,,,,,,,,,,,,,,,,,,,,,,,
Japan,1925,JPN,60339562.0,203229179020.0,,,,,,,,,,,,,,,,4.458,10.322,4007.91,241.836,,,,,,,,,,,,,,,,,,,,,,,,,-1.136,-0.004,5.426,0.327,,,,,,,,,,,,,,,,,,,,,,,,,,,,,,,,,,,,5.556,0.163,51.27,3.094,,,,,,,,,,,,,,,,,,,,,,,,,,,,,,,,,,,,,,,
Japan,1926,JPN,61189973.0,203158042658.0,,,,,,,,,,,,,,,,-0.11,-0.267,3947.845,241.569,,,,,,,,,,,,,,,,,,,,,,,,,-1.149,-0.004,5.289,0.324,,,,,,,,,,,,,,,,,,,,,,,,,,,,,,,,,,,,-6.767,-0.209,47.136,2.884,,,,,,,,,,,,,,,,,,,,,,,,,,,,,,,,,,,,,,,
Japan,1927,JPN,62052369.0,205599581079.0,,,,,,,,,,,,,,,,6.703,16.192,4153.921,257.761,,,,,,,,,,,,,,,,,,,,,,,,,-1.163,-0.004,5.155,0.32,,,,,,,,,,,,,,,,,,,,,,,,,,,,,,,,,,,,0.0,0.0,46.481,2.884,,,,,,,,,,,,,,,,,,,,,,,,,,,,,,,,,,,,,,,
Japan,1928,JPN,62926919.0,221638210580.0,,,,,,,,,,,,,,,,0.947,2.441,4134.983,260.202,,,,,,,,,,,,,,,,,,,,,,,,,-1.176,-0.004,5.023,0.316,,,,,,,,,,,,,,,,,,,,,,,,,,,,,,,,,,,,5.242,0.151,48.237,3.035,,,,,,,,,,,,,,,,,,,,,,,,,,,,,,,,,,,,,,,
Japan,1929,JPN,63798063.0,231794741352.0,,,,,,,,,,,,,,,,1.164,3.03,4126.009,263.231,,,,,,,,,,,,,,,,,,,,,,,,,7.937,0.025,5.348,0.341,,,,,,,,,,,,,,,,,,,,,,,,,,,,,,,,,,,,6.513,0.198,50.678,3.233,,,,,,,,,,,,,,,,,,,,,,,,,,,,,,,,,,,,,,,
Japan,1930,JPN,64665549.0,214059745830.0,,,,,,,,,,,,,,,,-8.411,-22.14,3728.279,241.091,,,,,,,,,,,,,,,,,,,,,,,,,7.353,0.025,5.664,0.366,,,,,,,,,,,,,,,,,,,,,,,,,,,,,,,,,,,,1.439,0.047,50.717,3.28,,,,,,,,,,,,,,,,,,,,,,,,,,,,,,,,,,,,,,,
Japan,1931,JPN,65529121.0,216533467628.0,,,,,,,,,,,,,,,,-10.798,-26.033,3281.873,215.058,,,,,,,,,,,,,,,,,,,,,,,,,6.849,0.025,5.972,0.391,,,,,,,,,,,,,,,,,,,,,,,,,,,,,,,,,,,,-3.191,-0.105,48.452,3.175,,,,,,,,,,,,,,,,,,,,,,,,,,,,,,,,,,,,,,,
Japan,1932,JPN,66388515.0,233600032960.0,,,,,,,,,,,,,,,,0.223,0.48,3246.613,215.538,,,,,,,,,,,,,,,,,,,,,,,,,6.41,0.025,6.273,0.416,,,,,,,,,,,,,,,,,,,,,,,,,,,,,,,,,,,,-17.216,-0.547,39.591,2.628,,,,,,,,,,,,,,,,,,,,,,,,,,,,,,,,,,,,,,,
Japan,1933,JPN,67243463.0,254404915693.0,,,,,,,,,,,,,,,,15.926,34.327,3715.823,249.865,,,,,,,,,,,,,,,,,,,,,,,,,6.024,0.025,6.566,0.442,,,,,,,,,,,,,,,,,,,,,,,,,,,,,,,,,,,,-10.619,-0.279,34.937,2.349,,,,,,,,,,,,,,,,,,,,,,,,,,,,,,,,,,,,,,,
Japan,1934,JPN,68109421.0,255724778498.0,,,,,,,,,,,,,,,,10.454,26.12,4052.075,275.984,,,,,,,,,,,,,,,,,,,,,,,,,5.682,0.025,6.851,0.467,,,,,,,,,,,,,,,,,,,,,,,,,,,,,,,,,,,,25.743,0.605,43.372,2.954,,,,,,,,,,,,,,,,,,,,,,,,,,,,,,,,,,,,,,,
Japan,1935,JPN,68986531.0,264856327626.0,,,,,,,,,,,,,,,,5.092,14.052,4204.25,290.037,,,,,,,,,,,,,,,,,,,,,,,,,5.376,0.025,7.127,0.492,,,,,,,,,,,,,,,,,,,,,,,,,,,,,,,,,,,,23.622,0.698,52.935,3.652,,,,,,,,,,,,,,,,,,,,,,,,,,,,,,,,,,,,,,,
Japan,1936,JPN,69874936.0,279669724107.0,,,,,,,,,,,,,,,,10.69,31.006,4594.534,321.043,,,,,,,,,,,,,,,,,,,,,,,,,5.102,0.025,7.396,0.517,,,,,,,,,,,,,,,,,,,,,,,,,,,,,,,,,,,,12.102,0.442,58.587,4.094,,,,,,,,,,,,,,,,,,,,,,,,,,,,,,,,,,,,,,,
Japan,1937,JPN,70774782.0,290452316209.0,,,,,,,,,,,,,,,,8.267,26.542,4911.14,347.585,,,,,,,,,,,,,,,,,,,,,,,,,4.854,0.025,7.656,0.542,,,,,,,,,,,,,,,,,,,,,,,,,,,,,,,,,,,,0.284,0.012,58.006,4.105,,,,,,,,,,,,,,,,,,,,,,,,,,,,,,,,,,,,,,,
Japan,1938,JPN,71686216.0,305977496420.0,,,,,,,,,,,,,,,,7.579,26.344,5216.186,373.929,,,,,,,,,,,,,,,,,,,,,,,,,-2.778,-0.015,7.349,0.527,,,,,,,,,,,,,,,,,,,,,,,,,,,,,,,,,,,,-0.283,-0.012,57.107,4.094,,,,,,,,,,,,,,,,,,,,,,,,,,,,,,,,,,,,,,,
Japan,1939,JPN,72625078.0,347620932376.0,,,,,,,,,,,,,,,,5.014,18.749,5406.917,392.678,,,,,,,,,,,,,,,,,,,,,,,,,-2.857,-0.015,7.047,0.512,,,,,,,,,,,,,,,,,,,,,,,,,,,,,,,,,,,,-8.523,-0.349,51.564,3.745,,,,,,,,,,,,,,,,,,,,,,,,,,,,,,,,,,,,,,,
Japan,1940,JPN,73591941.0,356253966789.0,,,,,,,,,,,,,,,,10.221,40.137,5881.279,432.815,,,,,,,,,,,,,,,,,,,,,,,,,-2.941,-0.015,6.75,0.497,,,,,,,,,,,,,,,,,,,,,,,,,,,,,,,,,,,,-7.453,-0.279,47.094,3.466,,,,,,,,,,,,,,,,,,,,,,,,,,,,,,,,,,,,,,,
Japan,1941,JPN,74587386.0,369006708544.0,,,,,,,,,,,,,,,,0.32,1.386,5821.372,434.201,,,,,,,,,,,,,,,,,,,,,,,,,-3.03,-0.015,6.458,0.482,,,,,,,,,,,,,,,,,,,,,,,,,,,,,,,,,,,,-13.423,-0.465,40.229,3.001,,,,,,,,,,,,,,,,,,,,,,,,,,,,,,,,,,,,,,,
Japan,1942,JPN,75612006.0,370533720590.0,,,,,,,,,,,,,,,,-4.394,-19.077,5490.186,415.124,,,,,,,,,,,,,,,,,,,,,,,,,-3.125,-0.015,6.171,0.467,,,,,,,,,,,,,,,,,,,,,,,,,,,,,,,,,,,,-8.527,-0.256,36.3,2.745,,,,,,,,,,,,,,,,,,,,,,,,,,,,,,,,,,,,,,,
Japan,1943,JPN,76666406.0,366773520827.0,,,,,,,,,,,,,,,,3.52,14.612,5605.265,429.736,,,,,,,,,,,,,,,,,,,,,,,,,-3.226,-0.015,5.89,0.452,,,,,,,,,,,,,,,,,,,,,,,,,,,,,,,,,,,,3.39,0.093,37.014,2.838,,,,,,,,,,,,,,,,,,,,,,,,,,,,,,,,,,,,,,,
Japan,1944,JPN,77735509.0,371697727028.0,,,,,,,,,,,,,,,,-4.027,-17.304,5305.568,412.431,,,,,,,,,,,,,,,,,,,,,,,,,-3.333,-0.015,5.615,0.437,,,,,,,,,,,,,,,,,,,,,,,,,,,,,,,,,,,,-6.148,-0.174,34.261,2.663,,,,,,,,,,,,,,,,,,,,,,,,,,,,,,,,,,,,,,,
Japan,1945,JPN,78819521.0,280326712125.0,,,,,,,,,,,,,,,,-43.341,-178.751,2964.748,233.68,,,,,,,,,,,,,,,,,,,,,,,,,-3.448,-0.015,5.347,0.421,,,,,,,,,,,,,,,,,,,,,,,,,,,,,,,,,,,,-3.493,-0.093,32.609,2.57,,,,,,,,,,,,,,,,,,,,,,,,,,,,,,,,,,,,,,,
Japan,1946,JPN,79918650.0,213947001676.0,,,,,,,,,,,,,,,,-30.158,-70.473,2042.168,163.207,,,,,,,,,,,,,,,,,,,,,,,,,-3.571,-0.015,5.085,0.406,,,,,,,,,,,,,,,,,,,,,,,,,,,,,,,,,,,,-13.122,-0.337,27.94,2.233,,,,,,,,,,,,,,,,,,,,,,,,,,,,,,,,,,,,,,,
Japan,1947,JPN,81033105.0,211776699235.0,,,,,,,,,,,,,,,,32.885,53.671,2676.413,216.878,,,,,,,,,,,,,,,,,,,,,,,,,8.333,0.034,5.433,0.44,,,,,,,,,,,,,,,,,,,,,,,,,,,,,,,,,,,,-5.729,-0.128,25.977,2.105,,,,,,,,,,,,,,,,,,,,,,,,,,,,,,,,,,,,,,,
Japan,1948,JPN,82163102.0,229021269084.0,,,,,,,,,,,,,,,,22.508,48.816,3233.736,265.694,,,,,,,,,,,,,,,,,,,,,,,,,30.769,0.135,7.007,0.576,,,,,,,,,,,,,,,,,,,,,,,,,,,,,,,,,,,,-12.155,-0.256,22.506,1.849,,,,,,,,,,,,,,,,,,,,,,,,,,,,,,,,,,,,,,,
Japan,1949,JPN,83270008.0,234992005270.0,,,,,,,,,,,,,,,,11.449,30.419,3556.052,296.113,,,,,,,,,,,,,,,,,,,,,,,,,13.725,0.079,7.863,0.655,,,,,,,,,,,,,,,,,,,,,,,,,,,,,,,,,,,,22.013,0.407,27.095,2.256,,,,,,,,,,,,,,,,,,,,,,,,,,,,,,,,,,,,,,,
Japan,1950,JPN,86443278.0,256610910000.0,,,,,,,,,,,,,,,,0.823,2.437,3453.702,298.549,,,,,,,,,,,,,,,,,,,,,,,,,18.966,0.124,9.011,0.779,,,,,,,,,,,,,,,,,,,,,,,,,,,,,,,,,,,,51.031,1.151,39.42,3.408,,,,,,,,,,,,,,,,,,,,,,,,,,,,,,,,,,,,,,,
Japan,1951,JPN,87849929.0,288620292945.0,,,,,,,,,,,,,,,,12.577,37.548,3825.814,336.098,,,,,,,,,,,,,,,,,,,,,,,,,20.29,0.158,10.666,0.937,,,,,,,,,,,,,,,,,,,,,,,,,,,,,,,,,,,,14.676,0.5,44.481,3.908,,,,,,,,,,,,,,,,,,,,,,,,,,,,,,,,,,,,,,,
Japan,1952,JPN,89135133.0,321973403281.0,,,,,,,,,,,,,,,,0.216,0.726,3778.796,336.824,,,,,,,,,,,,,,,,,,,,,,,,,9.639,0.09,11.525,1.027,,,,,,,,,,,,,,,,,,,,,,,,,,,,,,,,,,,,-8.929,-0.349,39.926,3.559,,,,,,,,,,,,,,,,,,,,,,,,,,,,,,,,,,,,,,,
Japan,1953,JPN,90324185.0,345711967062.0,,,,,,,,,,,,,,,,7.184,24.196,3996.931,361.02,,,,,,,,,,,,,,,,,,,,,,,,,20.879,0.214,13.748,1.242,,,,,,,,,,,,,,,,,,,,,,,,,,,,,,,,,,,,-3.268,-0.116,38.112,3.442,,,,,,,,,,,,,,,,,,,,,,,,,,,,,,,,,,,,,,,
Japan,1954,JPN,91407673.0,365311013812.0,,,,,,,,,,,,,,,,-8.135,-29.37,3628.251,331.65,,,,,,,,,,,,,,,,,,,,,,,,,28.182,0.35,17.414,1.592,,,,,,,,,,,,,,,,,,,,,,,,,,,,,,,,,,,,1.351,0.047,38.17,3.489,,,,,,,,,,,,,,,,,,,,,,,,,,,,,,,,,,,,,,,
Japan,1955,JPN,92425476.0,396713131062.0,,,,,,,,,,,,,,,,-0.744,-2.468,3561.597,329.182,,,,,,,,,,,,,,,,,,,,,,,,,10.638,0.169,19.054,1.761,,,,,,,,,,,,,,,,,,,,,,,,,,,,,,,,,,,,4.667,0.163,39.511,3.652,,,,,,,,,,,,,,,,,,,,,,,,,,,,,,,,,,,,,,,
Japan,1956,JPN,93342005.0,426510425195.0,,,,,,,,,,,,,,,,9.781,32.199,3871.58,361.381,,,,,,,,,,,,,,,,,,,,,,,,,13.462,0.237,21.407,1.998,,,,,,,,,,,,,,,,,,,,,,,,,,,,,,,,,,,,-1.274,-0.047,38.625,3.605,,,,,,,,,,,,,,,,,,,,,,,,,,,,,,,,,,,,,,,
Japan,1957,JPN,94108980.0,457723476054.0,,,,,,,,,,,,,,,,11.074,40.018,4265.258,401.399,,,,,,,,,,,,,,,,,,,,,,,,,37.853,0.756,29.269,2.754,,,,,,,,,,,,,,,,,,,,,,,,,,,,,,,,,,,,3.548,0.128,39.669,3.733,,,,,,,,,,,,,,,,,,,,,,,,,,,,,,,,,,,,,,,
Japan,1958,JPN,94846958.0,484394339132.0,,,,,,,,,,,,,,,,-3.987,-16.006,4063.318,385.393,,,,,,,,,,,,,,,,,,,,,,,,,50.82,1.4,43.8,4.154,,,,,,,,,,,,,,,,,,,,,,,,,,,,,,,,,,,,14.33,0.535,45.001,4.268,,,,,,,,,,,,,,,,,,,,,,,,,,,,,,,,,,,,,,,
Japan,1959,JPN,95622973.0,528525026562.0,,,,,,,,,,,,,,,,-4.889,-18.841,3833.305,366.552,,,,,,,,,,,,,,,,,,,,,,,,,37.772,1.569,59.854,5.723,,,,,,,,,,,,,,,,,,,,,,,,,,,,,,,,,,,,10.627,0.454,49.379,4.722,,,,,,,,,,,,,,,,,,,,,,,,,,,,,,,,,,,,,,,
Japan,1960,JPN,96399755.0,597858284531.0,,,,,,,,,,,,,,,,7.929,29.065,4103.92,395.617,,,,,,,,,,,,,,,,,,,,,,,,,44.181,2.529,85.603,8.252,,,,,,,,,,,,,,,,,,,,,,,,,,,,,,,,,,,,29.557,1.396,63.458,6.117,,,,,,,,,,,,,,,,,,,,,,,,,,,,,,,,,,,,,,,
Japan,1961,JPN,97217594.0,669824959453.0,,,,,,,,,,,,,,,,6.559,25.95,4336.319,421.567,,,,,,,,,,,,,,,,,,,,,,,,,53.215,4.391,130.054,12.644,,,,,,,,,,,,,,,,,,,,,,,,,,,,,,,,,,,,24.905,1.524,78.596,7.641,,,,,,,,,,,,,,,,,,,,,,,,,,,,,,,,,,,,,,,
Japan,1962,JPN,98076405.0,729663003984.0,,,,,,,,,,,,,,,,-0.281,-1.184,4286.275,420.382,,,,,,,,,,,,,,,,,,,,,,,,,27.589,3.488,164.482,16.132,,,,,,,,,,,,,,,,,,,,,,,,,,,,,,,,,,,,10.198,0.779,85.853,8.42,,,,,,,,,,,,,,,,,,,,,,,,,,,,,,,,,,,,,,,
Japan,1963,JPN,98958230.0,791534401000.0,,,,,,,,,,,,,,,,-4.41,-18.538,4060.752,401.845,,,,,,,,,,,,,,,,,,,,,,,,,35.339,5.701,220.625,21.833,,,,,,,,,,,,,,,,,,,,,,,,,,,,,,,,,,,,11.602,0.977,94.96,9.397,,,,,,,,,,,,,,,,,,,,,,,,,,,,,,,,,,,,,,,
Japan,1964,JPN,99890175.0,883860309921.0,,,,,,,,,,,,,,,,-2.293,-9.216,3930.608,392.629,,,,,,,,,,,,,,,,,,,,,,,,,8.738,1.908,237.666,23.74,,,,,,,,,,,,,,,,,,,,,,,,,,,,,,,,,,,,-14.728,-1.384,80.219,8.013,,,,,,,,,,,,,,,,,,,,,,,,,,,,,,,,,,,,,,,
Japan,1965,JPN,100916018.0,935329863093.0,,,0.0,0.0,,,,0.0,,,,5613.805,566.523,,,-2.807,-11.021,3781.446,381.608,,31.158,,,,,,,18152.096,1.958,,,,,15922.428,1606.828,,88.375,,,18.261,,,180.957,-2.996,-0.711,228.202,23.029,,1.004,,,,211.306,753.795,76.07,2093.875,,11.622,,,211.375,754.043,76.095,2094.563,,11.625,,,,,0.069,0.248,0.025,0.688,,0.004,,,1022.044,,,10127.665,-1.887,-0.151,77.905,7.862,,56.212,0.0,0.0,,,,0.0,,0.0,,,0.0,,1831.837,,,211.306,753.795,76.07,2093.875,,11.622,,,0.0,0.0,0.0,0.0,,0.0,,,0.0,0.0,0.0,0.0,,0.0
Japan,1966,JPN,101887833.0,1034825459609.0,,0.0,0.0,0.0,,,,0.0,,6.575,37.25,5925.858,603.773,,,3.56,13.586,3878.72,395.194,,29.244,,,,,13.486,247.038,20403.564,2.009,14.672,235.753,,,18084.406,1842.581,,89.246,2.619,0.478,18.74,,,183.925,4.559,1.05,236.33,24.079,,0.908,,4.312,9.111,220.417,778.798,79.35,2163.327,,10.676,5.045,10.664,222.039,784.529,79.934,2179.248,,10.754,,,2236.0,1.553,1.622,5.732,0.584,15.922,,0.079,19.375,198.025,1220.068,,,11974.621,15.68,1.233,89.261,9.095,,59.094,0.0,0.0,,,0.0,0.0,,0.0,,,0.0,,2078.875,4.312,9.111,220.417,778.798,79.35,2163.327,,10.676,,0.0,0.0,0.0,0.0,0.0,,0.0,,0.0,0.0,0.0,0.0,0.0,,0.0
Japan,1967,JPN,102965530.0,1149408206250.0,,0.0,0.0,0.0,,,,0.0,,9.842,59.422,6440.939,663.195,,,-7.563,-29.887,3547.863,365.308,,28.589,,,,,12.181,253.232,22649.395,2.029,15.47,285.04,,,20663.426,2127.621,,91.716,3.449,0.646,19.386,,,188.277,5.626,1.355,247.013,25.434,,0.836,,-13.611,-30.0,190.417,665.757,68.55,1849.324,,8.208,-13.455,-29.875,192.164,671.866,69.179,1866.293,,8.284,,,7.705,0.125,1.747,6.109,0.629,16.969,,0.075,18.439,224.972,1445.04,,,14034.209,0.767,0.07,89.005,9.164,,62.292,0.0,0.0,,,0.0,0.0,,0.0,,,0.0,,2332.107,-13.611,-30.0,190.417,665.757,68.55,1849.324,,8.208,,0.0,0.0,0.0,0.0,0.0,,0.0,,0.0,0.0,0.0,0.0,0.0,,0.0
Japan,1968,JPN,104237476.0,1297449549609.0,,0.0,0.0,0.0,,,,0.0,,2.904,19.26,6547.118,682.455,,,-1.943,-7.096,3436.492,358.211,,26.699,,,,,10.17,237.181,24648.406,1.98,10.411,221.514,,,22536.369,2349.134,,91.904,8.816,1.709,21.095,,,202.374,7.19,1.829,261.543,27.263,,0.825,,7.148,13.611,204.028,704.641,73.45,1957.336,,7.982,7.683,14.764,206.928,714.657,74.494,1985.157,,8.096,,,65.978,1.153,2.9,10.016,1.044,27.821,,0.113,13.878,200.544,1645.584,,,15786.877,-5.584,-0.512,83.01,8.653,,64.38,0.0,0.0,,,0.0,0.0,,0.0,,,0.0,,2569.288,7.148,13.611,204.028,704.641,73.45,1957.336,,7.982,,0.0,0.0,0.0,0.0,0.0,,0.0,,0.0,0.0,0.0,0.0,0.0,,0.0
Japan,1969,JPN,105475169.0,1459365508828.0,,0.0,0.0,0.0,,,,0.0,,6.818,46.528,6911.415,728.983,,,-4.086,-14.635,3257.41,343.576,,24.445,,,,,16.597,426.424,28402.051,2.053,17.909,420.698,,,26260.51,2769.832,,92.881,10.574,2.231,23.326,,,221.147,8.406,2.292,280.201,29.554,,0.782,,2.587,5.278,209.306,714.386,75.35,1984.406,,7.019,2.602,5.383,212.311,724.644,76.432,2012.901,,7.119,,,3.64,0.106,3.006,10.258,1.082,28.495,,0.101,22.602,371.939,2017.524,,,19127.947,0.672,0.058,82.587,8.711,,67.653,0.0,0.0,,,0.0,0.0,,0.0,,,0.0,,2995.711,2.587,5.278,209.306,714.386,75.35,1984.406,,7.019,,0.0,0.0,0.0,0.0,0.0,,0.0,,0.0,0.0,0.0,0.0,0.0,,0.0
Japan,1970,JPN,106712370.0,1615677617093.0,,0.0,0.0,0.0,,,,0.0,,-3.66,-26.677,6581.292,702.305,,,-11.2,-38.479,2859.06,305.097,,20.625,,,,,14.123,423.074,32037.387,2.116,14.886,412.309,,,29819.797,3182.141,,93.453,53.143,12.396,35.721,,,334.746,-9.893,-2.924,249.553,26.63,,1.049,,0.066,0.139,209.444,706.572,75.4,1962.701,,6.151,4.961,10.617,222.928,751.775,80.224,2089.054,,6.547,,,323.383,9.719,12.725,42.928,4.581,119.246,,0.374,21.144,426.591,2444.115,,,22903.76,2.804,0.244,83.918,8.955,,71.779,0.758,0.243,,,0.758,2.274,,7.107,,,0.022,,3418.785,0.388,0.897,210.203,708.847,75.643,1969.808,,6.173,,0.0,0.0,0.0,0.0,0.0,,0.0,,0.0,0.0,0.0,0.0,0.0,,0.0
Japan,1971,JPN,107952031.0,1691571412156.0,,0.0,0.0,0.0,,,,0.0,,-9.204,-64.639,5906.939,637.666,,,-15.804,-48.217,2379.577,256.88,,17.881,,,,,4.767,162.965,33179.094,2.117,3.998,127.234,,,30655.98,3309.375,,92.797,7.223,2.58,38.302,,,354.803,3.137,0.835,254.426,27.466,,1.074,,11.671,24.444,233.889,779.976,84.2,2166.6,,6.558,15.235,33.947,256.875,856.358,92.446,2379.531,,7.203,,,74.853,9.525,22.25,74.2,8.01,206.11,,0.624,7.745,189.293,2633.407,,,24394.238,-2.338,-0.209,81.015,8.746,,73.842,0.736,0.236,,-2.922,-0.022,2.183,,6.82,,,0.021,,3581.751,11.624,24.422,234.625,782.159,84.436,2173.42,,6.579,,0.0,0.0,0.0,0.0,0.0,,0.0,,0.0,0.0,0.0,0.0,0.0,,0.0
Japan,1972,JPN,109238963.0,1833991358515.0,,0.0,0.0,0.0,,,,0.0,,-2.281,-14.545,5704.205,623.121,,,-15.966,-41.013,1976.099,215.867,,16.315,,,,,7.072,253.306,35107.043,2.091,7.447,246.437,,,32550.77,3555.812,,93.101,0.039,0.015,38.317,,,350.761,1.726,0.474,255.769,27.94,,1.003,,1.069,2.5,236.389,779.026,85.1,2163.961,,6.189,2.578,6.624,263.499,868.084,94.829,2412.134,,6.899,,,18.352,4.083,26.333,86.782,9.48,241.062,,0.689,9.91,260.967,2894.374,,,26495.803,-4.787,-0.419,76.228,8.327,,75.783,0.777,0.249,,5.509,0.041,2.276,,7.111,,,0.02,,3835.057,1.081,2.541,237.166,781.302,85.349,2171.073,,6.21,,0.0,0.0,0.0,0.0,0.0,,0.0,,0.0,0.0,0.0,0.0,0.0,,0.0
Japan,1973,JPN,110614742.0,1981290079843.0,,0.0,0.0,0.0,,,,0.0,,5.729,35.7,5956.0,658.821,,,-20.223,-43.656,1556.856,172.211,,15.698,,,,,9.759,374.279,38054.023,2.125,12.031,427.797,,,36013.371,3983.61,,94.919,39.156,15.003,53.32,,,482.035,4.848,1.355,264.834,29.295,,1.27,,-21.53,-50.894,185.494,603.699,66.778,1676.941,,4.42,-19.076,-50.247,213.252,693.75,76.739,1927.881,,5.081,,,2.395,0.631,26.964,87.755,9.707,243.764,,0.642,13.029,377.094,3271.468,,,29575.334,-2.235,-0.186,73.598,8.141,,77.95,0.794,0.254,,2.175,0.017,2.296,,7.176,,,0.019,,4209.336,-21.461,-50.878,186.288,605.995,67.032,1684.117,,4.439,,0.0,0.0,0.0,0.0,0.0,,0.0,,0.0,0.0,0.0,0.0,0.0,,0.0
Japan,1974,JPN,112009689.0,1957033342773.0,,0.0,0.0,0.0,,,,0.0,,5.999,39.524,6234.69,698.346,,,-9.289,-15.997,1394.651,156.214,,16.808,,,,,-0.914,-38.481,37236.551,2.131,-2.862,-114.008,,,34547.027,3869.602,,93.132,36.671,19.553,72.873,,,650.595,-0.886,-0.26,259.218,29.035,,1.754,,23.813,44.172,229.667,738.15,82.68,2050.418,,5.528,33.813,72.095,285.347,916.765,102.687,2547.522,,6.868,,,102.936,27.756,54.719,175.869,19.699,488.524,,1.317,-5.291,-173.085,3098.383,,,27661.742,-4.0,-0.326,69.774,7.815,,74.571,0.961,0.308,,21.082,0.167,2.746,,8.58,,,0.023,,4170.854,23.803,44.34,230.628,740.896,82.988,2058.998,,5.551,,0.0,0.0,0.0,0.0,0.0,,0.0,,0.0,0.0,0.0,0.0,0.0,,0.0
Japan,1975,JPN,113321197.0,2017465104984.0,,0.0,0.0,0.0,,,,0.0,,-6.456,-45.082,5764.705,653.263,,,-6.576,-10.273,1287.854,145.941,,15.88,,,,,-0.978,-40.781,36445.727,2.047,-1.512,-58.526,,,33630.742,3811.076,,92.643,19.775,14.411,87.284,,,770.232,-5.288,-1.535,242.67,27.5,,2.122,,0.878,2.017,231.683,736.014,83.406,2044.484,,5.632,6.06,17.311,302.658,961.069,108.91,2670.796,,7.357,,,27.545,15.072,69.792,221.715,25.125,615.875,,1.697,-0.899,-27.854,3070.529,,,27095.807,-9.821,-0.768,62.193,7.048,,74.641,1.183,0.379,,23.073,0.222,3.34,,10.438,,,0.029,,4130.073,0.96,2.238,232.866,739.354,83.785,2054.921,,5.661,,0.0,0.0,0.0,0.0,0.0,,0.0,,0.0,0.0,0.0,0.0,0.0,,0.0
Japan,1976,JPN,114502792.0,2097612093750.0,,0.0,0.0,0.0,,,,0.0,,-2.215,-14.473,5578.82,638.791,,,-3.185,-4.648,1233.969,141.293,,14.899,,,,,4.219,174.246,37591.391,2.052,3.892,148.326,,,34579.086,3959.402,,92.35,19.879,17.351,104.635,,,913.819,2.34,0.643,245.785,28.143,,2.441,,0.221,0.511,232.194,730.026,83.59,2027.849,,5.416,8.38,25.349,328.007,1030.862,118.037,2864.619,,7.65,,,35.638,24.872,94.664,297.626,34.079,826.739,,2.208,4.737,145.447,3215.977,,,28086.447,-4.29,-0.302,58.91,6.745,,75.01,1.149,0.368,,-2.894,-0.034,3.21,,10.031,,,0.027,,4304.319,0.207,0.477,233.343,733.236,83.958,2037.881,,5.443,,0.0,0.0,0.0,0.0,0.0,,0.0,,0.0,0.0,0.0,0.0,0.0,,0.0
Japan,1977,JPN,115574278.0,2189767724296.0,,0.0,0.0,0.0,,,,0.0,,-5.657,-36.134,5214.454,602.657,,,-0.807,-1.14,1212.664,140.153,,14.114,,,,,-0.454,-19.539,37073.824,1.957,0.461,18.266,,,34416.547,3977.667,,93.155,22.125,23.15,127.785,,,1105.653,12.475,3.511,273.884,31.654,,2.993,,-12.707,-29.506,202.689,631.352,72.968,1753.754,,4.747,-10.908,-35.708,292.299,909.898,105.161,2529.097,,6.845,,,-7.101,-6.722,87.942,273.928,31.659,760.91,,2.06,0.972,31.249,3247.226,,,28096.438,2.241,0.151,59.672,6.897,,76.048,1.668,0.534,,45.224,0.519,4.618,,14.433,,,0.039,,4284.78,-12.454,-28.986,204.357,635.97,73.502,1768.187,,4.786,,0.0,0.0,0.0,0.0,0.0,,0.0,,0.0,0.0,0.0,0.0,0.0,,0.0
Japan,1978,JPN,116576940.0,2305153056093.0,,0.0,0.0,0.0,,,,0.0,,-9.446,-56.924,4681.307,545.732,,,4.044,5.668,1250.854,145.821,,12.512,,,,,2.163,92.682,37549.984,1.899,0.554,22.017,,,34309.395,3999.684,,91.702,40.348,51.559,179.344,,,1538.42,-5.813,-1.84,255.744,29.814,,4.112,,-4.003,-8.114,194.575,600.865,70.047,1669.069,,4.461,23.799,69.621,361.92,1116.753,130.188,3104.557,,8.298,,,87.35,76.817,164.758,508.788,59.313,1413.301,,3.777,0.843,27.382,3274.607,,,28089.666,-8.769,-0.605,53.971,6.292,,75.078,2.586,0.828,,55.055,0.918,7.1,,22.186,,,0.059,,4377.462,-3.574,-7.196,197.161,607.964,70.875,1691.255,,4.52,,0.0,0.0,0.0,0.0,0.0,,0.0,,0.0,0.0,0.0,0.0,0.0,,0.0
Japan,1979,JPN,117521561.0,2431612995703.0,,0.0,0.0,0.0,,,,0.0,,6.795,37.082,4959.211,582.814,,,-7.116,-10.377,1152.499,135.443,,13.126,,,,,1.855,81.202,37939.117,1.834,0.434,17.362,,,34181.355,4017.046,,90.468,18.648,33.445,212.789,,,1810.636,-8.595,-2.563,231.883,27.251,,4.792,,15.27,29.711,224.286,687.048,80.743,1908.468,,5.051,16.936,61.339,423.259,1295.385,152.236,3601.542,,9.532,,,18.681,30.778,195.536,598.979,70.393,1663.832,,4.404,-1.624,-53.164,3221.443,,,27411.508,-10.906,-0.686,47.699,5.606,,72.55,3.437,1.1,,32.875,0.85,9.358,,29.243,,,0.077,,4458.664,15.475,30.561,227.723,696.406,81.843,1937.71,,5.129,,0.0,0.0,0.0,0.0,0.0,,0.0,,0.0,0.0,0.0,0.0,0.0,,0.0
Japan,1980,JPN,118358761.0,2500143716750.0,,0.0,0.0,0.0,,,,0.0,,16.171,94.246,5720.409,677.06,,,-9.115,-12.346,1040.041,123.098,,15.826,,,,,-3.591,-160.106,36318.035,1.719,-5.402,-217.017,,,32106.02,3800.029,,88.825,18.338,39.021,251.809,,,2127.509,-7.562,-2.061,212.833,25.191,,5.886,,9.349,20.969,245.256,745.969,88.292,2072.137,,5.733,12.966,54.827,478.086,1452.993,171.974,4039.293,,11.175,,,17.328,33.883,229.419,697.802,82.591,1938.339,,5.363,-10.874,-350.284,2871.159,,,24258.102,21.32,1.195,57.459,6.801,,67.113,3.411,1.091,,-0.754,-0.026,9.221,,28.817,,,0.08,,4298.558,9.214,20.944,248.666,755.191,89.383,2100.954,,5.813,,0.0,0.0,0.0,0.0,0.0,,0.0,,0.0,0.0,0.0,0.0,0.0,,0.0
Japan,1981,JPN,118994054.0,2579316807375.0,,0.0,0.0,0.0,,,,0.0,,12.113,82.01,6379.058,759.07,,,-8.061,-9.923,951.095,113.175,,18.031,,,,,-1.588,-68.25,35550.578,1.64,-2.136,-81.151,,,31252.635,3718.878,,88.341,0.199,0.501,252.311,,,2120.362,-5.128,-1.292,200.841,23.899,,5.994,,-0.791,-1.939,243.317,736.121,87.594,2044.78,,5.78,2.661,12.727,490.813,1483.692,176.551,4124.683,,11.659,,,6.331,14.525,243.944,738.02,87.82,2050.056,,5.795,-5.7,-163.662,2707.497,,,22753.215,-28.145,-1.914,41.067,4.887,,64.316,3.552,1.137,,4.131,0.141,9.551,,29.847,,,0.084,,4230.308,-0.73,-1.798,246.868,745.672,88.731,2074.627,,5.864,,0.0,0.0,0.0,0.0,0.0,,0.0,,0.0,0.0,0.0,0.0,0.0,,0.0
Japan,1982,JPN,119485775.0,2658129674062.0,,0.0,0.0,0.0,,,,0.0,,-4.627,-35.123,6058.858,723.947,,,1.267,1.434,959.181,114.608,,17.745,,,,,-3.063,-129.583,34319.773,1.543,-4.872,-181.173,,,29607.746,3537.705,,86.714,2.407,6.073,258.383,,,2162.461,-2.703,-0.646,194.608,23.253,,6.333,,-6.836,-16.633,226.683,682.977,81.606,1897.157,,5.556,9.831,51.245,542.057,1622.844,193.907,4536.584,,13.286,,,16.636,40.583,284.528,857.257,102.43,2381.269,,6.974,-5.619,-152.124,2555.374,,,21386.428,25.884,1.265,51.484,6.152,,62.635,30.846,9.871,,768.503,27.294,82.61,,258.157,,,0.756,,4100.725,3.095,10.661,257.529,765.587,91.477,2155.315,,6.312,,0.0,0.0,0.0,0.0,0.0,,0.0,,0.0,0.0,0.0,0.0,0.0,,0.0
Japan,1983,JPN,119948943.0,2719951102851.0,,0.0,0.0,0.0,,,,0.0,,-1.432,-10.365,5949.051,713.582,,,-3.123,-3.579,925.636,111.029,,16.997,,,,,2.92,119.74,35185.508,1.552,2.108,74.564,,,30115.049,3612.268,,86.041,7.617,19.68,278.063,,,2318.181,2.778,0.646,199.242,23.899,,6.623,,3.268,7.408,234.092,702.574,84.273,1951.594,,5.576,8.09,43.979,586.036,1747.362,209.594,4885.713,,13.959,,,11.58,32.947,317.475,952.83,114.291,2646.751,,7.562,2.553,65.249,2620.623,,,21847.816,0.0,0.0,51.285,6.152,,62.421,34.469,11.03,,11.746,3.623,91.958,,287.368,,,0.821,,4220.464,4.183,11.032,268.561,794.532,95.303,2238.962,,6.397,,0.0,0.0,0.0,0.0,0.0,,0.0,,0.0,0.0,0.0,0.0,0.0,,0.0
Japan,1984,JPN,120384395.0,2826577005218.0,,0.0,0.0,0.0,,,,0.0,,11.827,84.398,6628.604,797.98,,,-2.403,-2.668,900.122,108.361,,18.345,,,,,3.569,150.624,36309.426,1.546,3.54,127.877,,,31068.355,3740.145,,85.982,34.495,95.918,373.981,,,3106.556,1.351,0.323,201.204,24.222,,8.597,,-15.018,-35.156,198.936,594.903,71.617,1652.507,,4.573,4.011,23.727,609.764,1810.866,218.0,5065.138,,14.018,,,17.476,55.481,372.956,1115.294,134.264,3098.039,,8.574,-2.001,-52.439,2568.184,,,21333.195,-14.545,-0.895,43.667,5.257,,59.04,37.872,12.119,,9.871,3.402,100.669,,314.592,,,0.871,,4371.088,-12.137,-31.753,236.808,695.572,83.736,1967.099,,5.444,,0.0,0.0,0.0,0.0,0.0,,0.0,,0.0,0.0,0.0,0.0,0.0,,0.0
Japan,1985,JPN,120832158.0,2950873707304.0,,0.0,0.0,0.0,,,,0.0,,4.367,34.846,6892.424,832.826,822.084,99.334,-1.622,-1.757,882.244,106.603,14.783,18.688,,,671.953,16.806,2.517,110.0,37085.23,1.519,0.082,3.071,3403.378,411.238,30978.641,3743.216,61.2,83.997,7.117,26.617,400.598,1059.678,128.043,3315.323,5.333,1.292,211.149,25.514,19.055,8.989,,15.718,31.269,230.206,685.86,82.874,1905.168,12.333,5.166,17.042,103.4,713.164,2111.619,255.151,5902.102,37.972,16.003,,,18.854,70.317,443.272,1320.658,159.578,3668.495,23.748,9.947,-2.274,-58.392,2509.792,1521.617,183.86,20770.893,35.754,1.88,59.06,7.136,27.362,56.319,39.686,12.699,,4.79,1.814,105.1,,328.438,1.89,,0.891,5561.044,4481.088,14.137,33.083,269.891,790.961,95.573,2233.606,14.223,6.056,,0.0,0.0,0.0,0.0,0.0,0.0,0.0,,0.0,0.0,0.0,0.0,0.0,0.0,0.0
Japan,1986,JPN,121366733.0,3036325916250.0,,0.0,0.0,0.0,,,,0.0,,-4.773,-39.751,6534.539,793.076,813.85,98.774,-2.259,-2.408,858.517,104.195,14.604,17.821,,,676.363,16.98,-0.135,-6.051,36872.027,1.474,-0.533,-19.961,3381.923,410.453,30677.719,3723.255,60.685,83.664,1.752,7.02,407.618,1078.018,130.836,3358.566,-6.329,-1.615,196.914,23.899,19.344,9.159,,-2.483,-5.717,224.489,665.883,80.816,1849.674,11.949,5.044,1.896,13.821,726.985,2142.177,259.989,5989.983,38.439,16.336,,,3.629,16.088,459.36,1362.562,165.37,3784.895,24.45,10.322,0.509,12.769,2522.561,1490.055,180.843,20784.615,17.039,1.216,68.819,8.352,26.738,56.684,43.135,13.803,,8.692,3.45,113.733,,355.415,2.041,,0.969,5572.886,4475.038,-0.998,-2.267,267.624,779.615,94.619,2205.089,13.989,6.014,,0.0,0.0,0.0,0.0,0.0,0.0,0.0,,0.0,0.0,0.0,0.0,0.0,0.0,0.0
Japan,1987,JPN,121943588.0,3162653763750.0,,0.0,0.0,0.0,,,,0.0,,2.049,16.251,6636.892,809.326,880.187,107.333,-18.488,-19.264,696.48,84.931,14.926,17.424,,,719.085,17.347,4.359,195.073,38297.301,1.477,3.863,143.816,3560.372,434.165,31711.959,3867.07,60.377,83.253,2.558,10.427,418.045,1107.383,135.038,3428.187,4.054,0.969,203.928,24.868,18.779,9.0,,-7.46,-16.747,207.742,613.292,74.787,1703.588,10.4,4.472,6.999,50.886,777.871,2281.255,278.184,6378.94,38.686,16.747,,,14.051,64.542,523.903,1546.658,188.605,4296.271,26.228,11.279,4.644,117.137,2639.698,1572.801,191.793,21646.881,-6.471,-0.54,64.061,7.812,26.672,56.83,46.226,14.792,,7.166,3.091,121.306,,379.081,2.057,,0.995,5896.866,4670.11,-5.326,-13.656,253.968,734.598,89.579,2082.669,12.457,5.468,,0.0,0.0,0.0,0.0,0.0,0.0,0.0,,0.0,0.0,0.0,0.0,0.0,0.0,0.0
Japan,1988,JPN,122476957.0,3358737909000.0,,0.0,0.0,0.0,,,,0.0,,8.086,65.445,7142.338,874.772,916.072,112.198,-13.946,-11.845,596.737,73.087,14.886,17.852,,,753.728,17.144,5.508,257.228,40230.734,1.467,6.447,249.292,3814.428,467.18,33609.281,4116.363,61.983,84.004,6.063,25.345,443.39,1158.854,141.933,3620.192,-3.896,-0.969,195.129,23.899,18.831,9.048,,20.731,43.067,250.808,737.208,90.291,2047.8,11.979,5.118,0.715,5.942,783.813,2287.569,280.174,6399.68,37.172,15.996,,,-7.798,-40.856,483.047,1419.834,173.897,3943.983,23.072,9.858,6.005,158.502,2798.201,1739.502,213.049,22846.752,-0.336,-0.026,63.568,7.786,28.266,57.104,49.958,15.987,,8.072,3.732,130.527,,407.897,2.121,,1.02,6154.04,4927.338,18.641,46.798,300.766,867.735,106.278,2455.697,14.1,6.138,,0.0,0.0,0.0,0.0,0.0,0.0,0.0,,0.0,0.0,0.0,0.0,0.0,0.0,0.0
Japan,1989,JPN,122947411.0,3520997607500.0,,0.0,0.0,0.0,,,,0.0,,0.159,1.392,7126.333,876.164,950.54,116.866,-9.261,-6.768,539.402,66.318,14.613,17.411,,,799.769,17.762,2.704,133.215,41160.309,1.437,2.229,91.735,4052.552,498.251,34226.805,4208.097,62.299,83.621,3.872,17.17,460.56,1216.683,149.588,3745.989,-4.054,-0.969,186.502,22.93,18.704,9.152,,1.606,4.028,254.836,746.181,91.741,2072.724,11.471,5.064,5.15,40.445,824.258,2396.164,294.602,6704.154,36.836,16.379,,,6.853,33.104,516.151,1511.331,185.814,4198.141,23.233,10.257,2.615,73.173,2871.374,1885.329,231.796,23354.486,-8.385,-0.653,58.014,7.133,28.983,57.058,53.272,17.047,,6.633,3.314,138.653,,433.289,2.131,,1.059,6504.968,5060.553,2.362,7.342,308.108,884.833,108.788,2506.014,13.602,6.123,,0.0,0.0,0.0,0.0,0.0,0.0,0.0,,0.0,0.0,0.0,0.0,0.0,0.0,0.0
Japan,1990,JPN,123399767.0,3699821545804.0,,0.0,0.0,0.0,,,,0.0,,3.598,31.526,7355.685,907.69,966.65,119.284,-18.94,-12.561,435.635,53.757,13.532,17.601,,,881.5,19.029,2.445,123.732,42012.113,1.401,3.126,131.55,4698.166,579.753,35167.387,4339.647,65.769,84.152,9.249,42.599,503.159,1401.383,172.93,4077.47,14.606,3.349,212.96,26.279,19.618,9.757,,-5.282,-13.461,241.375,704.175,86.895,1956.041,9.858,4.681,-0.609,-6.967,817.291,2372.836,292.807,6623.12,33.217,15.848,,,4.713,24.325,540.476,1576.756,194.571,4379.877,22.073,10.481,2.0,57.425,2928.799,2330.133,287.538,23734.232,0.0,0.0,57.802,7.133,32.619,56.793,35.438,11.34,,-33.477,-17.834,91.897,,287.18,1.286,,0.687,7143.45,5184.285,-9.699,-31.292,276.816,796.08,98.236,2243.243,11.144,5.368,,0.003,0.003,0.008,0.001,0.023,0.0,0.0,,0.0,0.0,0.0,0.0,0.0,0.0,0.0
Japan,1991,JPN,123889870.0,3824677506935.0,,0.0,0.0,0.0,,,,0.0,,-0.794,-7.209,7268.397,900.481,1013.577,125.572,-2.542,-1.367,422.88,52.391,13.779,16.882,,,911.303,19.103,3.457,179.223,43292.547,1.402,2.672,115.937,4724.863,585.363,35964.074,4455.584,64.234,83.532,5.735,28.856,532.015,1487.968,184.344,4294.254,5.0,1.314,222.722,27.593,20.229,9.974,,8.655,20.892,262.267,762.096,94.416,2116.934,10.361,4.917,7.498,61.091,878.383,2540.655,314.761,7090.027,34.54,16.468,,,7.258,39.228,579.704,1684.508,208.694,4679.19,22.901,10.868,3.219,94.29,3023.089,2223.318,275.447,24401.424,35.419,2.526,77.965,9.659,30.226,56.676,36.409,11.651,,2.74,0.971,94.042,,293.881,1.278,,0.683,7355.75,5363.508,7.972,21.863,298.678,856.146,106.068,2410.838,11.639,5.6,0.0,0.0,0.003,0.008,0.001,0.022,0.0,0.0,,0.0,0.0,0.0,0.0,0.0,0.0,0.0
Japan,1992,JPN,124383707.0,3856515730401.0,,0.0,0.0,0.0,,,,0.0,,-1.691,-15.226,7117.127,885.255,1061.028,131.975,-5.59,-2.929,397.656,49.462,14.395,16.397,,,916.787,18.92,1.171,62.786,43625.438,1.407,1.817,80.949,4809.917,598.275,36472.086,4536.533,65.258,84.028,3.965,21.094,553.108,1480.573,184.159,4446.792,-0.933,-0.258,219.767,27.335,20.087,10.245,,-15.22,-39.917,222.35,643.541,80.046,1787.614,8.731,4.118,-1.849,-16.097,862.286,2483.78,308.942,6932.468,33.698,15.972,,,3.997,23.171,602.875,1744.884,217.035,4846.899,23.673,11.167,2.484,75.081,3098.17,2268.315,282.141,24908.166,13.387,1.293,88.051,10.952,30.775,57.386,37.032,11.85,,1.71,0.623,95.271,,297.721,1.293,,0.686,7370.636,5426.293,-13.351,-39.268,259.411,738.896,91.907,2085.569,10.025,4.805,950.0,0.026,0.029,0.084,0.01,0.234,0.001,0.001,,0.0,0.0,0.0,0.0,0.0,0.0,0.0
Japan,1993,JPN,124839955.0,3860865231367.0,,0.0,0.0,0.0,,,,0.0,,1.983,17.551,7231.704,902.806,1123.281,140.23,-5.0,-2.473,376.393,46.989,15.142,16.458,,,926.103,19.072,1.671,90.685,44192.41,1.429,-0.717,-32.523,4496.559,561.35,36078.27,4504.01,60.614,82.109,0.693,3.83,556.939,1460.462,182.324,4461.222,3.233,0.884,226.043,28.219,19.687,10.153,,15.659,34.817,257.167,741.59,92.58,2059.971,9.997,4.688,13.893,119.124,981.41,2818.511,351.863,7861.347,37.994,17.891,,,14.129,85.18,688.055,1984.14,247.7,5511.499,26.746,12.543,-1.74,-53.905,3044.265,1912.817,238.796,24385.346,-13.033,-1.427,76.295,9.525,25.785,55.497,36.123,11.559,,-2.454,-0.909,92.594,,289.355,1.248,,0.659,7418.322,5516.979,13.336,33.944,293.355,834.371,104.163,2349.848,11.247,5.348,114.286,0.033,0.062,0.18,0.023,0.501,0.002,0.001,,0.003,0.003,0.008,0.001,0.021,0.0,0.0
Japan,1994,JPN,125286861.0,3893220587047.0,,0.0,0.0,0.0,,,,0.0,,4.71,42.52,7545.29,945.326,1251.904,156.847,-4.017,-1.887,359.986,45.101,15.932,16.609,,,984.493,19.345,3.651,201.418,45642.43,1.469,5.528,248.976,5084.999,637.083,37936.82,4752.985,64.712,83.509,6.944,38.676,595.615,1589.309,199.12,4754.007,-0.892,-0.252,223.227,27.967,20.226,10.465,,-30.372,-78.106,179.061,514.515,64.462,1429.209,6.548,3.146,-4.448,-42.809,938.601,2683.542,336.212,7491.619,34.151,16.491,,,4.258,29.3,717.355,2061.254,258.248,5725.704,26.232,12.604,5.511,167.78,3212.045,2243.786,281.117,25637.523,-8.185,-0.78,69.801,8.745,28.554,56.435,42.102,13.473,,16.551,5.979,107.533,,336.042,1.368,,0.74,7857.911,5718.397,-25.151,-72.109,221.246,622.288,77.964,1765.915,7.919,3.887,28.889,0.018,0.081,0.231,0.029,0.643,0.003,0.001,0.0,0.0,0.003,0.008,0.001,0.021,0.0,0.0
Japan,1995,JPN,125672659.0,3997430939864.0,,0.0,0.0,0.0,,,,0.0,,3.653,34.53,7796.887,979.856,1341.587,168.601,-9.668,-4.36,324.184,40.741,16.679,16.662,,,1010.88,19.439,3.384,193.508,47042.098,1.479,1.414,67.23,4921.04,618.44,38355.324,4820.216,61.178,81.966,1.773,10.561,606.176,1600.703,201.165,4823.451,1.584,0.443,226.066,28.41,19.9,10.308,,22.232,39.808,218.869,626.97,78.793,1741.583,7.794,3.722,13.029,121.965,1060.566,3023.863,380.017,8439.115,37.593,18.034,,,11.09,79.556,796.912,2282.822,286.888,6341.171,28.38,13.551,0.689,22.139,3234.184,1978.749,248.675,25734.988,1.693,0.148,70.764,8.893,24.6,54.996,44.672,14.295,,6.106,2.571,113.749,,355.466,1.414,,0.76,8043.754,5911.905,19.45,42.408,263.654,741.041,93.129,2097.944,9.213,4.483,36.207,0.029,0.11,0.314,0.04,0.873,0.004,0.002,0.0,0.0,0.003,0.008,0.001,0.021,0.0,0.0
Japan,1996,JPN,125975304.0,4118875121023.0,,0.0,0.0,0.0,,,,0.0,,2.626,25.727,7982.378,1005.582,1416.503,178.444,3.514,1.432,334.77,42.173,17.327,16.765,,,1029.857,19.426,1.988,117.509,47861.875,1.464,1.911,92.128,4990.016,628.619,38994.496,4912.344,61.039,81.898,6.697,40.597,646.772,1690.142,212.916,5134.121,-2.313,-0.657,220.306,27.753,20.674,10.783,,-2.056,-4.5,214.369,612.604,77.173,1701.678,7.494,3.574,2.358,25.223,1085.79,3087.734,388.978,8619.066,37.77,18.102,,,3.351,26.702,823.614,2353.645,296.501,6537.903,28.791,13.731,0.798,25.804,3259.989,1883.371,237.258,25877.998,3.413,0.303,73.003,9.197,23.038,54.35,47.649,15.248,,6.663,2.977,121.037,,378.241,1.481,,0.794,8175.071,6029.414,-0.7,-1.479,262.175,734.089,92.477,2081.163,8.98,4.371,37.975,0.042,0.151,0.433,0.054,1.202,0.005,0.003,100.0,0.003,0.005,0.015,0.002,0.042,0.0,0.0
Japan,1997,JPN,126265926.0,4160709430865.0,,0.0,0.0,0.0,,,,0.0,,2.721,27.364,8180.719,1032.946,1489.991,188.135,-34.105,-14.383,220.089,27.79,17.835,16.899,,,1054.864,19.707,1.95,117.55,48682.684,1.477,0.332,16.304,4884.573,616.755,39033.867,4928.647,58.468,80.632,3.8,24.575,671.348,1739.799,219.677,5316.936,4.639,1.287,229.995,29.041,20.825,10.983,,12.008,25.742,240.111,684.587,86.44,1901.63,8.194,3.928,9.037,98.062,1183.851,3359.036,424.132,9375.858,40.207,19.368,,,8.316,68.488,892.103,2543.497,321.157,7065.268,30.445,14.595,-1.093,-35.635,3224.353,1654.784,208.943,25536.211,-9.868,-0.908,65.648,8.289,19.808,52.75,51.368,16.438,,7.804,3.719,130.183,,406.821,1.558,,0.84,8354.305,6146.964,11.352,29.574,291.749,815.54,102.975,2310.591,9.762,4.773,76.702,0.116,0.268,0.763,0.096,2.119,0.009,0.004,-50.0,-0.003,0.003,0.008,0.001,0.021,0.0,0.0
Japan,1998,JPN,126549182.0,4111245191910.0,,0.0,0.0,0.0,,,,0.0,,-4.669,-48.227,7781.318,984.719,1519.032,192.232,-14.286,-3.97,188.226,23.82,18.141,16.373,,,1059.663,20.215,-1.583,-97.283,47804.98,1.471,-2.397,-118.146,4857.686,614.736,38012.902,4810.501,58.012,79.983,3.022,20.291,691.639,1818.262,230.1,5465.376,-0.778,-0.226,227.695,28.815,21.714,11.5,,3.053,7.331,247.442,703.908,89.079,1955.3,8.406,4.114,1.708,20.03,1203.881,3408.76,431.376,9513.151,40.709,20.017,,,1.5,13.38,905.483,2575.867,325.974,7155.186,30.762,15.055,-2.798,-90.21,3134.143,1520.392,192.404,24766.207,-1.245,-0.103,64.686,8.186,18.157,52.111,50.539,16.173,,-1.612,-0.828,127.797,,399.366,1.526,,0.84,8373.526,6049.681,2.357,6.65,298.399,832.893,105.402,2357.966,9.947,4.961,48.746,0.13,0.398,1.132,0.143,3.144,0.014,0.007,636.842,0.017,0.02,0.056,0.007,0.155,0.001,0.0
Japan,1999,JPN,126801566.0,4098283065888.0,,0.0,0.0,0.0,,,,0.0,,5.205,51.258,8170.066,1035.977,1668.851,211.613,6.831,1.627,200.683,25.447,19.609,16.955,,,1079.142,20.127,1.559,94.33,48453.75,1.499,2.773,133.412,5122.475,649.538,38989.371,4943.913,60.19,80.914,5.029,34.78,726.419,1929.683,244.687,5728.783,0.351,0.101,228.039,28.916,22.674,11.889,,-5.935,-14.686,232.756,660.812,83.792,1835.589,7.765,3.809,-3.154,-37.69,1166.192,3294.661,417.768,9196.98,38.713,19.086,,,-2.681,-24.275,881.208,2501.822,317.235,6949.504,29.397,14.422,1.512,47.374,3181.517,1523.941,193.238,25090.521,-8.35,-0.683,59.167,7.502,17.907,52.07,51.521,16.487,,1.943,0.982,130.021,,406.314,1.528,,0.843,8510.479,6144.011,-4.619,-13.415,284.983,792.839,100.533,2247.476,9.316,4.664,52.203,0.208,0.606,1.719,0.218,4.776,0.02,0.01,414.286,0.081,0.101,0.287,0.036,0.797,0.003,0.002
Japan,2000,JPN,127027794.0,4209651870326.0,,0.0,0.0,0.0,126.823,16.11,1.465,0.0,424.43,7.203,74.626,8742.995,1110.603,1875.495,238.24,-25.814,-6.569,148.613,18.878,21.665,17.858,1099.67,8656.925,1099.67,20.116,1.779,109.312,49227.996,1.485,2.074,102.546,5349.381,679.52,39727.203,5046.459,61.793,81.144,4.162,30.232,756.65,2034.988,258.5,5956.572,7.844,2.268,245.488,31.184,23.507,12.166,466.73,0.807,1.878,234.633,664.973,84.47,1847.102,7.681,3.773,0.571,6.496,1172.688,3307.544,420.15,9231.741,38.207,18.856,0.0,0.0,0.595,5.241,886.449,2512.206,319.12,6978.385,29.02,14.254,-0.073,-2.312,3179.205,1438.898,182.78,25027.635,8.625,0.647,64.155,8.15,16.621,51.12,50.347,16.11,,-2.279,-1.174,126.823,,396.347,1.465,,0.81,8656.925,6253.324,0.496,1.256,286.239,795.338,101.03,2253.357,9.187,4.603,57.808,0.35,0.956,2.677,0.34,7.524,0.031,0.015,199.75,0.202,0.303,0.866,0.11,2.384,0.01,0.005
Japan,2001,JPN,127260144.0,4224163277272.0,,0.0,0.0,0.0,125.962,16.03,1.48,0.0,424.02,2.391,26.551,8935.67,1137.155,1995.204,253.91,2.236,0.422,151.66,19.3,23.442,18.48,1083.14,8511.228,1083.14,20.024,-1.081,-67.62,48606.762,1.464,-1.11,-56.011,5219.859,664.28,39214.539,4990.448,61.329,81.102,2.727,20.634,777.284,2015.714,256.52,6107.835,-0.474,-0.148,243.879,31.036,23.683,12.632,459.27,-3.47,-9.393,225.24,640.735,81.54,1769.921,7.528,3.66,-0.309,-9.817,1162.871,3291.368,418.86,9137.747,38.671,18.898,0.0,0.0,0.444,-0.985,885.464,2518.778,320.54,6957.906,29.594,14.39,-3.246,-103.196,3076.01,1208.941,153.85,24171.035,0.252,0.021,64.2,8.17,14.204,49.989,50.09,16.03,,-0.511,-0.257,125.962,,393.602,1.48,,0.814,8511.228,6185.704,-2.687,-8.832,277.407,772.591,98.32,2179.84,9.077,4.508,45.247,0.425,1.38,3.929,0.5,10.848,0.046,0.022,131.193,0.393,0.696,1.964,0.25,5.47,0.023,0.011
Japan,2002,JPN,127484599.0,4226576076119.0,,0.0,0.0,0.0,132.879,16.94,1.536,0.0,433.73,6.222,70.753,9474.934,1207.908,2074.133,264.42,-57.205,-11.041,64.789,8.26,23.971,19.698,1103.07,8652.574,1103.07,20.399,-0.32,-19.807,48365.816,1.459,0.081,4.033,5413.752,690.17,39177.137,4994.481,62.568,81.446,-2.164,-16.824,760.46,1982.671,252.76,5965.116,10.691,3.318,269.477,34.354,22.914,12.401,478.43,-1.149,-4.418,220.822,632.233,80.6,1732.146,7.307,3.601,-1.421,-25.097,1137.774,3238.823,412.9,8924.793,37.432,18.554,0.0,0.0,-1.959,-24.482,860.982,2465.082,314.26,6753.614,28.49,14.04,-1.622,-49.896,3026.113,1356.948,172.99,23737.088,-1.211,-0.099,63.31,8.071,15.683,49.347,52.935,16.94,,5.681,2.846,132.879,,415.229,1.536,,0.863,8652.574,6165.896,0.335,-0.615,276.792,773.741,98.64,2171.179,8.942,4.514,38.996,0.523,1.903,5.412,0.69,14.928,0.063,0.031,63.889,0.435,1.132,3.216,0.41,8.876,0.037,0.018
Japan,2003,JPN,127671254.0,4288493482445.0,,0.0,0.0,0.0,140.047,17.88,1.636,0.0,476.32,2.761,33.351,9722.31,1241.259,2287.594,292.06,-2.302,-0.19,63.205,8.069,26.731,20.238,1092.59,8557.839,1092.59,19.737,-0.048,-2.984,48271.73,1.437,3.987,199.139,5877.439,750.38,40679.637,5193.62,68.679,84.68,9.8,74.522,834.982,2139.088,273.1,6540.096,3.134,1.077,277.515,35.431,24.996,13.614,520.42,14.73,31.145,251.967,724.282,92.47,1973.563,8.463,4.108,-17.121,-198.161,939.612,2680.4,342.21,7359.623,31.321,15.32,0.0,0.0,-26.787,-234.067,626.915,1802.128,230.08,4910.382,21.058,10.222,3.016,91.266,3117.379,1450.757,185.22,24417.232,2.265,0.183,64.65,8.254,16.952,50.828,55.864,17.88,,5.532,2.929,140.047,,437.561,1.636,,0.911,8557.839,6162.913,13.672,35.906,312.698,878.271,112.13,2449.24,10.263,5.098,37.335,0.696,2.599,7.441,0.95,20.36,0.087,0.042,101.453,1.136,2.267,6.501,0.83,17.757,0.076,0.037
Japan,2004,JPN,127815769.0,4380398118363.0,,0.0,0.0,0.0,141.219,18.05,1.61,0.0,450.26,2.646,32.843,9968.273,1274.103,2311.061,295.39,0.044,0.004,63.161,8.073,26.346,20.499,1121.19,8771.922,1121.19,20.287,1.366,84.194,48875.867,1.426,-1.254,-65.153,5655.719,722.89,40123.898,5128.467,64.475,82.513,-3.466,-28.942,806.041,2017.435,257.86,6306.269,3.809,1.349,287.759,36.78,22.999,12.969,504.83,-0.871,-3.547,248.42,717.204,91.67,1943.579,8.176,3.997,16.389,147.277,1086.889,3116.204,398.3,8503.561,35.525,17.487,0.0,0.0,24.247,147.789,774.703,2236.578,285.87,6061.095,25.497,12.464,-2.215,-69.055,3048.324,1327.223,169.64,23849.357,7.947,0.656,69.708,8.91,15.13,49.045,56.417,18.05,,0.99,0.553,141.219,,441.393,1.61,,0.908,8771.922,6247.106,0.265,-0.512,312.186,879.625,112.43,2442.466,10.028,5.023,33.3,0.847,3.446,9.936,1.27,26.962,0.113,0.055,73.077,1.635,3.902,11.266,1.44,30.532,0.128,0.063
Japan,2005,JPN,127913331.0,4450600710060.0,,0.0,0.0,0.0,169.568,21.69,1.881,0.0,461.8,4.765,60.712,10435.302,1334.814,2495.44,319.2,-16.805,-1.357,52.507,6.716,27.683,21.113,1153.07,9014.463,1153.07,20.428,1.71,106.83,49673.758,1.428,2.345,120.263,5919.946,757.24,41033.484,5248.729,65.672,83.02,2.635,21.239,827.28,1978.605,253.09,6467.501,7.366,2.709,308.722,39.49,21.949,13.085,532.49,-15.388,-39.921,208.499,606.348,77.56,1629.999,6.726,3.298,-0.621,-13.368,1073.521,3094.517,395.83,8392.563,34.328,16.98,0.0,0.0,2.509,13.034,787.737,2290.926,293.04,6158.365,25.414,12.46,1.257,38.312,3086.636,1445.901,184.95,24130.68,9.044,0.806,75.955,9.716,16.04,48.822,67.769,21.69,,20.121,11.352,169.568,,529.802,1.881,,1.072,9014.463,6353.936,-8.578,-26.402,285.784,803.591,102.79,2234.198,8.914,4.52,28.19,0.936,4.382,12.743,1.63,34.257,0.141,0.069,32.639,1.232,5.134,14.932,1.91,40.14,0.166,0.081
Japan,2006,JPN,127997247.0,4514225078439.0,,0.043,0.337,0.043,168.207,21.53,1.849,0.001,447.25,-1.699,-22.672,10251.329,1312.142,2432.396,311.34,22.118,1.486,64.078,8.202,26.739,20.818,1164.35,9096.68,1164.35,20.821,-0.281,-17.834,49501.863,1.404,-1.434,-75.262,5825.047,745.59,40418.582,5173.467,64.035,82.081,7.038,58.224,885.503,2187.86,280.04,6918.144,10.242,4.045,340.118,43.534,24.051,14.049,520.75,14.499,28.953,237.452,693.843,88.81,1855.133,7.627,3.767,5.804,55.905,1129.426,3271.633,418.76,8823.827,35.965,17.919,0.0,0.0,3.84,25.874,813.611,2377.317,304.29,6356.473,26.134,12.909,-3.59,-110.813,2975.822,1204.792,154.21,23249.111,0.993,0.096,76.658,9.812,13.244,47.214,67.275,21.53,,-0.729,-0.494,168.207,,525.597,1.849,,1.067,9096.68,6336.102,11.403,30.031,315.815,894.316,114.47,2467.354,9.831,5.011,22.425,0.954,5.336,15.625,2.0,41.688,0.172,0.085,11.78,0.574,5.709,16.641,2.13,44.599,0.183,0.091
Japan,2007,JPN,128087683.0,4590814009043.0,80.527,0.035,0.608,0.078,173.319,22.2,1.881,0.001,470.19,4.974,65.262,10753.599,1377.404,2477.287,317.31,4.667,0.383,67.021,8.585,26.888,22.049,1180.11,9213.298,1180.11,21.055,-0.958,-60.681,48993.164,1.367,0.975,50.446,6240.569,799.34,40783.887,5223.913,67.734,83.623,7.724,68.397,953.901,2317.553,296.85,7447.247,6.247,2.72,361.11,46.254,25.154,15.27,554.88,-16.099,-39.288,198.164,581.711,74.51,1547.098,6.314,3.172,-9.062,-106.333,1023.093,2972.729,380.77,7987.439,32.266,16.377,0.0,0.0,-8.308,-71.567,742.044,2178.273,279.01,5793.252,23.643,11.878,-2.796,-83.213,2892.609,1445.728,185.18,22583.039,3.708,0.364,79.445,10.176,15.692,46.304,69.369,22.2,,3.112,2.094,173.319,,541.572,1.881,,1.11,9213.298,6275.421,-11.065,-34.766,281.048,794.456,101.76,2194.187,8.623,4.499,15.877,0.814,6.15,18.035,2.31,48.015,0.196,0.098,28.337,1.579,7.287,21.392,2.74,56.893,0.232,0.117
Japan,2008,JPN,128155992.0,4542408020234.0,5.517,0.004,0.641,0.082,166.126,21.29,1.799,0.001,485.22,2.714,37.377,11039.521,1414.781,2603.858,333.7,-13.741,-1.18,57.781,7.405,28.191,23.081,1183.7,9236.399,1183.7,21.368,-1.87,-117.336,48051.477,1.356,-0.73,-38.134,6476.326,829.98,40464.586,5185.779,70.117,84.603,3.889,37.094,990.995,2534.645,324.83,7732.725,-0.46,-0.213,359.256,46.041,27.442,16.167,574.36,0.879,0.159,198.323,586.473,75.16,1547.512,6.35,3.236,-7.096,-79.3,943.793,2760.074,353.72,7364.408,29.883,15.397,0.0,0.0,-9.772,-77.812,664.233,1964.325,251.74,5183.001,21.267,10.837,-3.893,-112.606,2780.003,1337.823,171.45,21692.338,3.86,0.393,82.468,10.569,14.484,45.354,66.541,21.29,,-4.077,-2.828,166.126,,519.216,1.799,,1.086,9236.399,6158.084,0.236,-1.488,279.56,795.749,101.98,2181.407,8.615,4.561,12.173,0.694,6.844,20.21,2.59,53.406,0.219,0.112,7.482,0.483,7.77,22.941,2.94,60.633,0.248,0.127
Japan,2009,JPN,128192471.0,4298103109270.0,612.66,0.504,4.57,0.586,158.59,20.33,1.825,0.01,460.21,-16.104,-227.833,9259.104,1186.947,2434.464,312.08,4.31,0.319,60.254,7.724,28.014,21.217,1114.02,8690.214,1114.02,22.37,-8.7,-535.752,43858.52,1.308,-11.152,-578.328,5788.874,742.09,35941.664,4607.451,66.614,82.359,-6.682,-66.215,924.78,2533.066,324.72,7213.998,-3.704,-1.706,345.85,44.335,29.148,16.531,512.68,-6.251,-13.372,184.951,549.72,70.47,1442.758,6.326,3.306,5.279,43.118,986.911,2901.34,371.93,7698.666,33.386,17.641,0.0,0.0,9.099,56.635,720.867,2142.481,274.65,5623.322,24.654,12.886,-10.226,-284.28,2495.723,821.343,105.29,19468.562,-7.604,-0.804,76.175,9.765,9.451,44.611,63.518,20.33,,-4.543,-3.023,158.59,,495.489,1.825,,1.135,8690.214,5622.332,-4.142,-13.517,266.043,758.859,97.28,2075.344,8.732,4.756,17.407,1.149,7.993,23.792,3.05,62.355,0.274,0.143,16.377,1.225,8.996,26.757,3.43,70.172,0.308,0.161
Japan,2010,JPN,128185273.0,4480295644398.0,282.328,1.654,17.472,2.24,170.3,21.83,1.888,0.038,446.66,13.968,165.787,10552.965,1352.735,2471.813,316.85,-28.396,-2.193,43.147,5.531,27.408,22.738,1156.04,9018.509,1156.04,21.898,6.418,360.837,46675.945,1.335,5.621,258.972,5815.333,745.44,37963.977,4866.423,64.482,81.799,8.065,74.587,999.367,2543.896,326.09,7796.271,-7.89,-3.498,318.579,40.837,28.208,16.798,516.36,25.596,45.525,230.476,690.407,88.5,1797.99,7.655,3.874,10.827,95.946,1082.857,3203.176,410.6,8447.595,35.518,18.201,0.0,0.0,6.446,40.473,761.341,2280.761,292.36,5939.377,25.29,12.797,0.745,18.598,2514.321,799.624,102.5,19614.74,-4.551,-0.444,72.712,9.321,8.866,42.263,68.21,21.83,,7.386,4.692,170.3,,532.118,1.888,,1.147,9018.509,5983.169,23.123,55.473,321.517,922.415,118.24,2508.218,10.228,5.404,30.729,2.375,10.368,31.049,3.98,80.884,0.344,0.174,14.543,1.228,10.223,30.659,3.93,79.754,0.34,0.172
Japan,2011,JPN,128096430.0,4468738319171.0,-2.64,-0.059,17.023,2.181,164.798,21.11,1.912,0.039,505.34,-5.181,-70.085,10013.157,1282.65,2225.433,285.07,38.659,2.138,59.869,7.669,25.817,22.722,1104.2,8620.068,1104.2,21.259,-5.241,-313.575,44260.359,1.269,1.005,48.888,6462.085,827.77,38371.953,4915.311,74.966,87.076,12.096,120.885,1120.252,2965.188,379.83,8745.384,-0.109,-0.045,318.452,40.793,34.399,19.845,558.0,-6.797,-16.78,213.696,643.968,82.49,1668.245,7.471,3.786,-32.515,-353.292,729.565,2157.984,276.43,5695.436,25.034,12.924,0.0,0.0,-44.271,-339.249,422.091,1271.932,162.93,3295.107,14.755,7.477,-0.076,-1.913,2512.408,1271.464,162.87,19613.414,-4.062,-0.379,69.807,8.942,14.75,44.508,65.954,21.11,,-3.307,-2.256,164.798,,514.876,1.912,,1.168,8620.068,5669.594,-3.989,-14.043,307.474,886.051,113.5,2400.329,10.279,5.447,36.615,3.723,14.091,42.468,5.44,110.004,0.493,0.25,13.585,1.329,11.552,34.818,4.46,90.181,0.404,0.205
Japan,2012,JPN,127928283.0,4530172048567.0,-0.839,-0.018,16.902,2.162,172.988,22.13,1.999,0.039,594.53,5.578,71.549,10585.611,1354.199,2613.183,334.3,3.896,0.299,62.283,7.968,30.202,24.184,1106.88,8652.348,1106.88,20.56,-0.958,-54.31,43894.004,1.24,6.851,336.744,7641.469,977.56,41054.68,5252.055,88.317,93.793,9.989,111.898,1232.151,3404.173,435.49,9631.574,-4.651,-1.897,304.039,38.895,39.344,22.004,658.07,-6.53,-14.985,198.711,602.681,77.1,1553.302,6.966,3.549,-52.805,-381.982,347.583,1010.879,129.32,2717.016,11.683,6.207,0.0,0.0,-88.957,-375.722,46.37,140.626,17.99,362.466,1.625,0.828,6.102,153.296,2665.705,1624.113,207.77,20837.492,-3.594,-0.321,67.387,8.621,18.771,47.605,69.156,22.13,,4.856,3.202,172.988,,540.586,1.999,,1.235,8652.348,5615.285,-1.884,-6.26,301.214,870.253,111.33,2354.55,10.058,5.379,35.534,4.909,19.0,57.61,7.37,148.519,0.666,0.339,6.019,0.632,12.184,36.974,4.73,95.241,0.427,0.218
Japan,2013,JPN,127723642.0,4621006950566.0,18.604,0.402,20.079,2.565,181.486,23.18,2.131,0.046,595.9,4.079,55.239,11035.061,1409.438,2838.55,362.55,2.39,0.19,63.874,8.158,33.33,25.354,1087.76,8516.513,1087.76,20.388,-0.696,-39.064,43658.484,1.207,-1.037,-54.478,7458.369,952.61,40693.926,5197.576,87.575,93.499,0.261,3.218,1235.369,3316.379,423.58,9672.201,-8.665,-3.37,278.138,35.525,38.941,22.223,648.2,2.894,4.183,202.894,621.107,79.33,1588.539,7.293,3.65,4.742,13.793,361.376,1058.144,135.15,2829.362,12.425,6.501,0.0,0.0,-18.834,-9.022,37.348,114.309,14.6,292.409,1.342,0.672,-4.237,-112.935,2552.77,1303.439,166.48,19986.664,-1.327,-0.114,66.599,8.506,15.305,45.922,72.427,23.18,,4.73,3.271,181.486,,567.062,2.131,,1.303,8516.513,5576.221,8.479,22.815,324.029,943.835,120.55,2536.953,11.082,5.829,75.108,14.015,33.015,101.078,12.91,258.486,1.187,0.594,8.583,0.944,13.128,40.165,5.13,102.787,0.472,0.236
Japan,2014,JPN,127486601.0,4634693421103.0,21.485,0.551,24.438,3.116,185.353,23.63,2.224,0.058,591.53,-1.682,-23.703,10869.657,1385.736,2789.313,355.6,8.631,0.704,69.515,8.862,33.461,25.597,1062.72,8335.935,1062.72,20.464,-2.59,-144.426,42606.789,1.172,-2.723,-141.54,7285.628,928.82,39659.359,5056.037,87.4,93.396,0.984,12.152,1247.521,3536.686,450.88,9785.509,-6.669,-2.369,260.071,33.156,42.427,23.044,628.63,2.996,5.016,207.91,640.93,81.71,1630.837,7.689,3.841,-0.511,-3.837,357.539,1050.306,133.9,2804.523,12.6,6.604,0.0,0.0,-100.0,-37.348,0.0,0.0,0.0,0.0,0.0,0.0,-5.092,-129.99,2422.78,959.63,122.34,19004.193,-4.816,-0.41,63.51,8.097,11.512,44.754,73.837,23.63,,1.946,1.409,185.353,,579.171,2.224,,1.364,8335.935,5431.795,11.29,33.51,357.539,1050.306,133.9,2804.523,12.6,6.604,82.42,26.904,59.919,184.725,23.55,470.002,2.216,1.107,-2.322,-0.37,12.758,39.298,5.01,100.075,0.471,0.236
Japan,2015,JPN,127275868.0,4707025000790.0,21.066,0.656,29.635,3.772,223.844,28.49,2.766,0.071,578.05,0.884,12.245,10983.865,1397.981,2747.104,349.64,-10.455,-0.927,62.351,7.936,33.942,26.167,1030.12,8093.6,1030.12,20.267,-1.262,-68.534,42138.867,1.139,-2.682,-135.606,6847.96,871.58,38659.578,4920.431,84.61,92.1,-4.837,-60.345,1187.176,3280.276,417.5,9327.584,-1.118,-0.371,257.588,32.785,40.529,22.222,595.46,4.965,9.217,217.127,673.891,85.77,1705.955,8.326,4.064,18.462,64.496,422.035,1245.641,158.54,3315.906,15.39,7.9,0.0,0.0,,11.454,11.454,35.513,4.52,89.995,0.439,0.214,-3.612,-87.506,2335.274,820.58,104.44,18348.129,-3.933,-0.318,61.113,7.778,10.139,43.712,89.016,28.49,,20.558,15.18,223.844,,699.396,2.766,,1.666,8093.6,5363.261,15.16,53.042,410.581,1210.127,154.02,3225.911,14.952,7.685,46.679,27.524,87.443,271.379,34.54,687.039,3.353,1.637,4.165,0.464,13.222,41.013,5.22,103.887,0.507,0.247
Japan,2016,JPN,127159950.0,4742508721138.0,22.316,0.842,36.282,4.614,186.144,23.67,2.225,0.087,567.04,-0.186,-2.595,10973.467,1395.385,2662.709,338.59,14.486,1.15,71.448,9.085,31.831,26.46,1063.7,8365.055,1063.7,21.262,-1.257,-67.441,41646.914,1.117,-1.863,-91.667,7032.481,894.25,37973.938,4828.764,84.07,91.565,-1.938,-23.002,1164.174,3605.145,458.43,9155.197,3.007,0.986,265.575,33.77,43.098,22.075,603.16,-7.391,-17.564,199.562,624.646,79.43,1569.382,7.467,3.784,7.237,22.808,444.843,1332.574,169.45,3498.295,15.93,8.435,0.0,0.0,290.733,32.964,44.418,139.037,17.68,349.308,1.662,0.842,-2.829,-66.07,2269.204,764.628,97.23,17845.271,-20.318,-1.58,48.74,6.198,9.141,43.029,73.971,23.67,,-16.901,-15.045,186.144,,581.719,2.225,,1.403,8365.055,5295.819,-0.893,-10.156,400.425,1193.536,151.77,3148.987,14.268,7.593,25.436,21.415,108.859,340.752,43.33,856.076,4.074,2.064,2.259,0.197,13.419,41.994,5.34,105.529,0.502,0.254
Japan,2017,JPN,127064686.0,4821960242931.0,3.42,0.158,37.551,4.771,187.306,23.8,2.21,0.09,558.03,1.475,20.578,11143.642,1415.963,2860.511,363.47,3.588,0.326,74.067,9.411,33.753,26.566,1076.86,8474.896,1076.86,21.423,1.102,58.377,42137.562,1.11,0.015,0.709,6960.943,884.49,38007.988,4829.473,82.136,90.608,0.489,5.69,1169.865,3652.707,464.13,9206.845,,,,,43.1,21.948,600.92,-0.23,-1.454,198.109,623.619,79.24,1559.116,7.358,3.717,13.272,55.766,500.609,1513.953,192.37,3939.799,17.864,9.392,0.0,0.0,64.458,28.266,72.684,228.781,29.07,572.02,2.7,1.364,-1.126,-25.559,2243.645,447.725,56.89,17657.502,,,,,5.283,42.094,74.39,23.8,,0.566,0.418,187.306,,585.449,2.21,,1.396,8474.896,5354.196,7.485,27.501,427.926,1285.172,163.3,3367.779,15.164,8.029,24.732,26.244,135.102,425.295,54.04,1063.255,5.018,2.535,16.492,2.135,15.554,48.951,6.22,122.409,0.578,0.292
Japan,2018,JPN,126913432.0,4852985093686.0,7.653,0.365,40.473,5.137,202.894,25.75,2.378,0.097,541.47,-2.074,-29.366,10925.536,1386.597,2841.78,360.66,-28.65,-2.696,52.91,6.715,33.304,26.204,1082.93,8532.824,1082.93,21.916,-0.682,-36.526,41899.98,1.096,-2.441,-117.881,6764.296,858.48,37124.453,4711.592,79.274,89.042,-1.093,-12.783,1157.082,3511.133,445.61,9117.093,,,,,41.149,21.867,586.37,2.213,3.378,201.486,638.23,81.0,1587.587,7.48,3.808,16.445,79.25,579.86,1768.528,224.45,4568.938,20.726,10.958,0.0,0.0,68.904,49.471,122.155,386.957,49.11,962.506,4.535,2.309,-3.375,-75.732,2167.913,411.383,52.21,17081.826,,,,,4.821,40.97,80.461,25.75,,8.162,6.071,202.894,,633.985,2.378,,1.521,8532.824,5317.67,7.371,29.779,457.705,1381.572,175.34,3606.433,16.191,8.65,13.289,17.192,152.294,482.376,61.22,1199.984,5.653,2.878,18.417,2.773,18.327,58.071,7.37,144.404,0.681,0.346
Japan,2019,JPN,126699421.0,4833467877373.0,-6.931,-0.356,37.731,4.781,217.838,27.6,2.635,0.092,528.49,-1.731,-24.003,10754.539,1362.594,2768.521,350.77,-27.131,-1.822,38.62,4.893,33.49,26.315,1047.4,8266.81,1047.4,21.807,-2.108,-112.07,41086.219,1.077,-3.296,-155.308,6356.382,805.35,35961.363,4556.284,76.89,87.991,-6.555,-75.849,1081.233,3290.86,416.95,8533.842,,,,,39.808,20.881,553.54,-8.739,-18.517,182.969,583.428,73.92,1444.116,7.057,3.534,7.51,41.954,621.813,1910.427,242.05,4907.784,23.11,12.009,0.0,0.0,33.661,40.311,162.466,518.077,65.64,1282.292,6.267,3.138,-2.558,-55.456,2112.457,297.002,37.63,16672.982,,,,,3.593,40.796,86.241,27.6,,7.183,5.78,217.838,,680.674,2.635,,1.665,8266.81,5205.6,0.394,1.643,459.348,1392.35,176.41,3625.492,16.843,8.871,10.139,14.61,166.904,532.204,67.43,1317.324,6.438,3.223,1.191,0.126,18.453,58.88,7.46,145.646,0.712,0.356
Japan,2020,JPN,126304533.0,4626661481209.0,7.684,0.367,40.757,5.148,240.451,30.37,3.004,0.107,527.75,-6.74,-91.842,10061.016,1270.752,2693.886,340.25,1.802,0.088,39.439,4.981,33.654,26.488,1011.03,8004.701,1011.03,22.819,-7.307,-380.36,38203.219,1.043,-8.049,-366.74,6135.963,775.0,33170.184,4189.544,76.654,87.329,-3.696,-39.958,1041.275,3241.689,409.44,8244.162,,,,,40.497,21.705,533.57,5.97,10.444,193.413,620.168,78.33,1531.321,7.748,4.032,-2.285,-13.953,607.86,1868.737,236.03,4812.655,23.345,12.671,0.0,0.0,-34.488,-56.294,106.172,340.447,43.0,840.6,4.253,2.213,-11.122,-234.94,1877.518,200.389,25.31,14865.006,,,,,2.503,39.136,94.916,30.37,,10.059,8.675,240.451,,751.483,3.004,,1.978,8004.701,4825.24,9.382,42.341,501.689,1528.29,193.03,3972.055,19.092,10.457,12.593,20.554,187.459,601.087,75.92,1484.18,7.509,3.908,12.743,2.3,20.753,66.585,8.41,164.313,0.832,0.433
Japan,2021,JPN,125679342.0,4725883595048.0,-2.865,-0.148,39.786,5.0,276.816,34.79,3.362,0.1,514.49,7.768,98.716,10896.52,1369.467,2771.02,348.26,-8.711,-0.434,36.182,4.547,33.659,27.39,1034.67,8232.618,1034.67,22.578,4.237,204.468,40020.164,1.064,2.836,118.806,6089.386,765.31,34280.5,4308.351,73.967,86.17,-1.342,-13.977,1027.298,3069.558,385.78,8173.963,,,,,37.285,20.547,532.33,1.652,2.711,196.124,633.597,79.63,1560.509,7.696,3.923,13.759,83.622,691.482,2143.232,269.36,5501.958,26.033,13.83,0.0,0.0,42.38,44.623,150.795,487.113,61.22,1199.837,5.917,3.016,1.814,34.067,1911.585,248.808,31.27,15210.018,,,,,3.022,38.233,108.731,34.79,,14.556,13.816,276.816,,865.149,3.362,,2.175,8232.618,5029.708,7.549,38.999,540.688,1656.119,208.14,4302.122,20.117,10.814,10.881,19.885,207.344,669.8,84.18,1649.787,8.136,4.147,13.457,2.735,23.488,75.907,9.54,186.89,0.922,0.47
Japan,2022,JPN,124997585.0,4774494846664.0,0.828,0.041,40.335,5.042,302.646,37.83,3.636,0.101,519.6,-0.288,-3.943,10924.409,1365.525,2807.974,350.99,3.325,0.151,37.589,4.699,33.731,27.488,1040.57,8324.721,1040.57,22.838,-0.655,-32.937,39974.945,1.047,-0.51,-21.99,6205.0,775.61,34291.551,4286.361,74.537,86.285,-3.109,-31.94,995.358,3030.779,378.84,7963.021,,,,,36.407,20.037,540.68,-5.975,-12.172,183.952,598.972,74.87,1471.641,7.195,3.703,-1.589,-10.166,681.316,2119.721,264.96,5450.634,25.463,13.715,0.0,0.0,-15.433,-23.586,127.209,414.168,51.77,1017.693,4.975,2.561,0.727,13.893,1925.478,366.247,45.78,15404.122,,,,,4.4,38.76,118.218,37.83,,8.725,9.487,302.646,,945.766,3.636,,2.38,8324.721,4996.771,2.387,13.419,554.107,1705.553,213.19,4432.941,20.488,11.154,8.184,16.417,223.761,728.574,91.07,1790.124,8.752,4.504,-1.266,-0.354,23.134,75.361,9.42,185.075,0.905,0.466
Japan,2023,JPN,124370947.0,,-1.921,-0.097,39.759,4.945,337.78,42.01,4.173,0.102,492.45,-7.72,-105.414,10131.873,1260.111,2628.668,326.93,-4.95,-0.233,35.908,4.466,32.474,26.116,1006.73,8094.575,1006.73,23.068,-2.767,-138.241,39064.832,,-5.307,-227.479,5679.863,706.41,32635.295,4058.882,70.169,84.119,-7.962,-79.247,916.112,2789.88,346.98,7365.962,,,,,34.466,18.986,495.76,-0.45,-2.168,181.783,599.256,74.53,1461.623,7.403,3.767,13.062,84.943,766.259,2414.712,300.32,6161.08,29.831,15.881,0.0,0.0,49.613,61.719,188.928,622.814,77.46,1519.071,7.694,3.915,-2.224,-42.818,1882.66,261.315,32.5,15137.459,,,,,3.228,39.018,131.292,42.01,,11.059,13.073,337.78,,1055.647,4.173,,2.721,8094.575,4858.53,4.39,23.224,577.331,1791.898,222.86,4642.009,22.137,11.965,5.809,11.265,235.026,774.779,96.36,1889.719,9.572,4.871,5.749,1.151,24.285,80.083,9.96,195.261,0.989,0.503
Japan,2024,JPN,123753041.0,,1.204,0.06,40.439,5.004,367.021,45.42,4.469,0.105,483.43,-0.124,-1.558,10169.868,1258.552,2643.41,327.13,-18.229,-0.814,29.509,3.652,32.185,26.425,1016.39,8213.051,1016.39,23.781,-1.311,-63.714,38745.039,,-2.661,-108.002,5643.255,698.37,31925.525,3950.881,68.711,82.955,-0.728,-6.673,909.438,2797.83,346.24,7348.817,,,,,34.066,19.095,491.35,6.599,11.995,193.778,642.004,79.45,1565.848,7.817,4.069,5.815,45.548,811.808,2569.795,318.02,6559.901,31.289,17.045,0.0,0.0,9.611,18.159,207.087,686.125,84.91,1673.388,8.354,4.348,-5.299,-99.77,1782.89,202.015,25.0,14406.841,,,,,2.46,37.435,141.931,45.42,,8.103,10.639,367.021,,1146.888,4.469,,2.98,8213.051,4794.816,4.525,27.39,604.721,1883.671,233.11,4886.513,22.935,12.697,0.355,0.835,235.861,781.395,96.7,1905.901,9.514,4.952,15.9,3.861,28.146,93.25,11.54,227.437,1.135,0.591
Japan,2025,JPN,123103480.0,,,,,,446.129,54.92,5.333,,477.26,,,,,2681.321,330.08,,,,,32.051,,1029.86,8365.808,1029.86,,,,,,,,5629.735,693.04,,,67.295,,,,,2742.165,337.57,,,,,,32.778,,491.51,,,,600.308,73.9,,7.176,,,,,2736.072,336.82,,32.705,,0.0,0.0,,,,764.316,94.09,,9.136,,,,,206.249,25.39,,,,,,2.465,,,54.92,,,,446.129,,,5.333,,,8365.808,,,,,1971.756,242.73,,23.569,,,,,820.935,101.06,,9.813,,,,,104.384,12.85,,1.248,
South Korea,1900,KOR,9687522.0,,,,,,,,,,,,,,,,,,,0.0,0.0,,,,,,,,,,,,,,,,,,,,,,,,,,,0.0,0.0,,,,,,,,,,,,,,,,,,,,,,,,,,,,,,,,,,,,,,,,,,,,,,,,,,,,,,,,,,,,,,,,,,,,,,,,,,,,,,
South Korea,1901,KOR,9696702.0,,,,,,,,,,,,,,,,,,0.0,0.0,0.0,,,,,,,,,,,,,,,,,,,,,,,,,,0.0,0.0,0.0,,,,,,,,,,,,,,,,,,,,,,,,,,,,,,,,,,,,,,,,,,,,,,,,,,,,,,,,,,,,,,,,,,,,,,,,,,,,,,
South Korea,1902,KOR,9708827.0,,,,,,,,,,,,,,,,,,0.0,0.0,0.0,,,,,,,,,,,,,,,,,,,,,,,,,,0.0,0.0,0.0,,,,,,,,,,,,,,,,,,,,,,,,,,,,,,,,,,,,,,,,,,,,,,,,,,,,,,,,,,,,,,,,,,,,,,,,,,,,,,
South Korea,1903,KOR,9723900.0,,,,,,,,,,,,,,,,,,0.0,0.0,0.0,,,,,,,,,,,,,,,,,,,,,,,,,,0.0,0.0,0.0,,,,,,,,,,,,,,,,,,,,,,,,,,,,,,,,,,,,,,,,,,,,,,,,,,,,,,,,,,,,,,,,,,,,,,,,,,,,,,
South Korea,1904,KOR,9738995.0,,,,,,,,,,,,,,,,,,0.0,0.0,0.0,,,,,,,,,,,,,,,,,,,,,,,,,,0.0,0.0,0.0,,,,,,,,,,,,,,,,,,,,,,,,,,,,,,,,,,,,,,,,,,,,,,,,,,,,,,,,,,,,,,,,,,,,,,,,,,,,,,
South Korea,1905,KOR,9754112.0,,,,,,,,,,,,,,,,,,0.0,0.0,0.0,,,,,,,,,,,,,,,,,,,,,,,,,,0.0,0.0,0.0,,,,,,,,,,,,,,,,,,,,,,,,,,,,,,,,,,,,,,,,,,,,,,,,,,,,,,,,,,,,,,,,,,,,,,,,,,,,,,
South Korea,1906,KOR,9769249.0,,,,,,,,,,,,,,,,,,0.0,0.0,0.0,,,,,,,,,,,,,,,,,,,,,,,,,,0.0,0.0,0.0,,,,,,,,,,,,,,,,,,,,,,,,,,,,,,,,,,,,,,,,,,,,,,,,,,,,,,,,,,,,,,,,,,,,,,,,,,,,,,
South Korea,1907,KOR,9784409.0,,,,,,,,,,,,,,,,,,0.0,0.0,0.0,,,,,,,,,,,,,,,,,,,,,,,,,,0.0,0.0,0.0,,,,,,,,,,,,,,,,,,,,,,,,,,,,,,,,,,,,,,,,,,,,,,,,,,,,,,,,,,,,,,,,,,,,,,,,,,,,,,
South Korea,1908,KOR,9799590.0,,,,,,,,,,,,,,,,,,0.0,0.0,0.0,,,,,,,,,,,,,,,,,,,,,,,,,,0.0,0.0,0.0,,,,,,,,,,,,,,,,,,,,,,,,,,,,,,,,,,,,,,,,,,,,,,,,,,,,,,,,,,,,,,,,,,,,,,,,,,,,,,
South Korea,1909,KOR,9841836.0,,,,,,,,,,,,,,,,,,0.0,0.0,0.0,,,,,,,,,,,,,,,,,,,,,,,,,,0.0,0.0,0.0,,,,,,,,,,,,,,,,,,,,,,,,,,,,,,,,,,,,,,,,,,,,,,,,,,,,,,,,,,,,,,,,,,,,,,,,,,,,,,
South Korea,1910,KOR,9911592.0,,,,,,,,,,,,,,,,,,0.0,0.0,0.0,,,,,,,,,,,,,,,,,,,,,,,,,,0.0,0.0,0.0,,,,,,,,,,,,,,,,,,,,,,,,,,,,,,,,,,,,,,,,,,,,,,,,,,,,,,,,,,,,,,,,,,,,,,,,,,,,,,
South Korea,1911,KOR,10009308.0,11361337306.0,,,,,,,,,,,,,,,,,0.0,0.0,0.0,,,,,,,,,,,,,,,,,,,,,,,,,,0.0,0.0,0.0,,,,,,,,,,,,,,,,,,,,,,,,,,,,,,,,,,,,,,,,,,,,,,,,,,,,,,,,,,,,,,,,,,,,,,,,,,,,,,
South Korea,1912,KOR,10135440.0,11364545986.0,,,,,,,,,,,,,,,,,0.0,0.0,0.0,,,,,,,,,,,,,,,,,,,,,,,,,,0.0,0.0,0.0,,,,,,,,,,,,,,,,,,,,,,,,,,,,,,,,,,,,,,,,,,,,,,,,,,,,,,,,,,,,,,,,,,,,,,,,,,,,,,
South Korea,1913,KOR,10290453.0,12400184336.0,,,,,,,,,,,,,,,,,0.0,0.0,0.0,,,,,,,,,,,,,,,,,,,,,,,,,,0.0,0.0,0.0,,,,,,,,,,,,,,,,,,,,,,,,,,,,,,,,,,,,,,,,,,,,,,,,,,,,,,,,,,,,,,,,,,,,,,,,,,,,,,
South Korea,1914,KOR,10447834.0,13502381572.0,,,,,,,,,,,,,,,,,0.0,0.0,0.0,,,,,,,,,,,,,,,,,,,,,,,,,,0.0,0.0,0.0,,,,,,,,,,,,,,,,,,,,,,,,,,,,,,,,,,,,,,,,,,,,,,,,,,,,,,,,,,,,,,,,,,,,,,,,,,,,,,
South Korea,1915,KOR,10607621.0,13761622617.0,,,,,,,,,,,,,,,,,0.0,0.0,0.0,,,,,,,,,,,,,,,,,,,,,,,,,,0.0,0.0,0.0,,,,,,,,,,,,,,,,,,,,,,,,,,,,,,,,,,,,,,,,,,,,,,,,,,,,,,,,,,,,,,,,,,,,,,,,,,,,,,
South Korea,1916,KOR,10769848.0,14578027749.0,,,,,,,,,,,,,,,,,0.0,0.0,0.0,,,,,,,,,,,,,,,,,,,,,,,,,,0.0,0.0,0.0,,,,,,,,,,,,,,,,,,,,,,,,,,,,,,,,,,,,,,,,,,,,,,,,,,,,,,,,,,,,,,,,,,,,,,,,,,,,,,
South Korea,1917,KOR,10934555.0,15386909228.0,,,,,,,,,,,,,,,,,0.0,0.0,0.0,,,,,,,,,,,,,,,,,,,,,,,,,,0.0,0.0,0.0,,,,,,,,,,,,,,,,,,,,,,,,,,,,,,,,,,,,,,,,,,,,,,,,,,,,,,,,,,,,,,,,,,,,,,,,,,,,,,
South Korea,1918,KOR,11106804.0,16329507418.0,,,,,,,,,,,,,,,,,0.0,0.0,0.0,,,,,,,,,,,,,,,,,,,,,,,,,,0.0,0.0,0.0,,,,,,,,,,,,,,,,,,,,,,,,,,,,,,,,,,,,,,,,,,,,,,,,,,,,,,,,,,,,,,,,,,,,,,,,,,,,,,
South Korea,1919,KOR,11283431.0,15849369462.0,,,,,,,,,,,,,,,,,0.0,0.0,0.0,,,,,,,,,,,,,,,,,,,,,,,,,,0.0,0.0,0.0,,,,,,,,,,,,,,,,,,,,,,,,,,,,,,,,,,,,,,,,,,,,,,,,,,,,,,,,,,,,,,,,,,,,,,,,,,,,,,
South Korea,1920,KOR,11464533.0,16865748859.0,,,,,,,,,,,,,,,,,0.0,0.0,0.0,,,,,,,,,,,,,,,,,,,,,,,,,,0.0,0.0,0.0,,,,,,,,,,,,,,,,,,,,,,,,,,,,,,,,,,,,,,,,,,,,,,,,,,,,,,,,,,,,,,,,,,,,,,,,,,,,,,
South Korea,1921,KOR,11650208.0,17745504970.0,,,,,,,,,,,,,,,,,0.0,0.0,0.0,,,,,,,,,,,,,,,,,,,,,,,,,,0.0,0.0,0.0,,,,,,,,,,,,,,,,,,,,,,,,,,,,,,,,,,,,,,,,,,,,,,,,,,,,,,,,,,,,,,,,,,,,,,,,,,,,,,
South Korea,1922,KOR,11840557.0,18335300632.0,,,,,,,,,,,,,,,,,0.0,0.0,0.0,,,,,,,,,,,,,,,,,,,,,,,,,,0.0,0.0,0.0,,,,,,,,,,,,,,,,,,,,,,,,,,,,,,,,,,,,,,,,,,,,,,,,,,,,,,,,,,,,,,,,,,,,,,,,,,,,,,
South Korea,1923,KOR,12035681.0,18857922052.0,,,,,,,,,,,,,,,,,0.0,0.0,0.0,,,,,,,,,,,,,,,,,,,,,,,,,,0.0,0.0,0.0,,,,,,,,,,,,,,,,,,,,,,,,,,,,,,,,,,,,,,,,,,,,,,,,,,,,,,,,,,,,,,,,,,,,,,,,,,,,,,
South Korea,1924,KOR,12234022.0,18170801503.0,,,,,,,,,,,,,,,,,0.0,0.0,0.0,,,,,,,,,,,,,,,,,,,,,,,,,,0.0,0.0,0.0,,,,,,,,,,,,,,,,,,,,,,,,,,,,,,,,,,,,,,,,,,,,,,,,,,,,,,,,,,,,,,,,,,,,,,,,,,,,,,
South Korea,1925,KOR,12435630.0,19115895827.0,,,,,,,,,,,,,,,,,0.0,0.0,0.0,,,,,,,,,,,,,,,,,,,,,,,,,,0.0,0.0,0.0,,,,,,,,,,,,,,,,,,,,,,,,,,,,,,,,,,,,,,,,,,,,,,,,,,,,,,,,,,,,,,,,,,,,,,,,,,,,,,
South Korea,1926,KOR,12640561.0,20157858046.0,,,,,,,,,,,,,,,,,0.0,0.0,0.0,,,,,,,,,,,,,,,,,,,,,,,,,,0.0,0.0,0.0,,,,,,,,,,,,,,,,,,,,,,,,,,,,,,,,,,,,,,,,,,,,,,,,,,,,,,,,,,,,,,,,,,,,,,,,,,,,,,
South Korea,1927,KOR,12848870.0,21526128667.0,,,,,,,,,,,,,,,,,0.0,0.0,0.0,,,,,,,,,,,,,,,,,,,,,,,,,,0.0,0.0,0.0,,,,,,,,,,,,,,,,,,,,,,,,,,,,,,,,,,,,,,,,,,,,,,,,,,,,,,,,,,,,,,,,,,,,,,,,,,,,,,
South Korea,1928,KOR,13060611.0,20206902453.0,,,,,,,,,,,,,,,,,0.0,0.0,0.0,,,,,,,,,,,,,,,,,,,,,,,,,,0.0,0.0,0.0,,,,,,,,,,,,,,,,,,,,,,,,,,,,,,,,,,,,,,,,,,,,,,,,,,,,,,,,,,,,,,,,,,,,,,,,,,,,,,
South Korea,1929,KOR,13263161.0,20517274160.0,,,,,,,,,,,,,,,,,0.0,0.0,0.0,,,,,,,,,,,,,,,,,,,,,,,,,,0.0,0.0,0.0,,,,,,,,,,,,,,,,,,,,,,,,,,,,,,,,,,,,,,,,,,,,,,,,,,,,,,,,,,,,,,,,,,,,,,,,,,,,,,
South Korea,1930,KOR,13456220.0,22757216760.0,,,,,,,,,,,,,,,,,0.0,0.0,0.0,,,,,,,,,,,,,,,,,,,,,,,,,,0.0,0.0,0.0,,,,,,,,,,,,,,,,,,,,,,,,,,,,,,,,,,,,,,,,,,,,,,,,,,,,,,,,,,,,,,,,,,,,,,,,,,,,,,
South Korea,1931,KOR,13639481.0,22880515484.0,,,,,,,,,,,,,,,,,0.0,0.0,0.0,,,,,,,,,,,,,,,,,,,,,,,,,,0.0,0.0,0.0,,,,,,,,,,,,,,,,,,,,,,,,,,,,,,,,,,,,,,,,,,,,,,,,,,,,,,,,,,,,,,,,,,,,,,,,,,,,,,
South Korea,1932,KOR,13812628.0,23241103389.0,,,,,,,,,,,,,,,,,0.0,0.0,0.0,,,,,,,,,,,,,,,,,,,,,,,,,,0.0,0.0,0.0,,,,,,,,,,,,,,,,,,,,,,,,,,,,,,,,,,,,,,,,,,,,,,,,,,,,,,,,,,,,,,,,,,,,,,,,,,,,,,
South Korea,1933,KOR,13975340.0,24100477960.0,,,,,,,,,,,,,,,,,0.0,0.0,0.0,,,,,,,,,,,,,,,,,,,,,,,,,,0.0,0.0,0.0,,,,,,,,,,,,,,,,,,,,,,,,,,,,,,,,,,,,,,,,,,,,,,,,,,,,,,,,,,,,,,,,,,,,,,,,,,,,,,
South Korea,1934,KOR,14139969.0,24746481359.0,,,,,,,,,,,,,,,,,0.0,0.0,0.0,,,,,,,,,,,,,,,,,,,,,,,,,,0.0,0.0,0.0,,,,,,,,,,,,,,,,,,,,,,,,,,,,,,,,,,,,,,,,,,,,,,,,,,,,,,,,,,,,,,,,,,,,,,,,,,,,,,
South Korea,1935,KOR,14306538.0,26429147629.0,,,,,,,,,,,,,,,,,0.0,0.0,0.0,,,,,,,,,,,,,,,,,,,,,,,,,,0.0,0.0,0.0,,,,,,,,,,,,,,,,,,,,,,,,,,,,,,,,,,,,,,,,,,,,,,,,,,,,,,,,,,,,,,,,,,,,,,,,,,,,,,
South Korea,1936,KOR,14475069.0,25628610187.0,,,,,,,,,,,,,,,,,0.0,0.0,0.0,,,,,,,,,,,,,,,,,,,,,,,,,,0.0,0.0,0.0,,,,,,,,,,,,,,,,,,,,,,,,,,,,,,,,,,,,,,,,,,,,,,,,,,,,,,,,,,,,,,,,,,,,,,,,,,,,,,
South Korea,1937,KOR,14645585.0,30607731960.0,,,,,,,,,,,,,,,,,0.0,0.0,0.0,,,,,,,,,,,,,,,,,,,,,,,,,,0.0,0.0,0.0,,,,,,,,,,,,,,,,,,,,,,,,,,,,,,,,,,,,,,,,,,,,,,,,,,,,,,,,,,,,,,,,,,,,,,,,,,,,,,
South Korea,1938,KOR,14818109.0,29763718275.0,,,,,,,,,,,,,,,,,0.0,0.0,0.0,,,,,,,,,,,,,,,,,,,,,,,,,,0.0,0.0,0.0,,,,,,,,,,,,,,,,,,,,,,,,,,,,,,,,,,,,,,,,,,,,,,,,,,,,,,,,,,,,,,,,,,,,,,,,,,,,,,
South Korea,1939,KOR,15045613.0,24972776542.0,,,,,,,,,,,,,,,,,0.0,0.0,0.0,,,,,,,,,,,,,,,,,,,,,,,,,,0.0,0.0,0.0,,,,,,,,,,,,,,,,,,,,,,,,,,,,,,,,,,,,,,,,,,,,,,,,,,,,,,,,,,,,,,,,,,,,,,,,,,,,,,
South Korea,1940,KOR,15330291.0,30867014284.0,,,,,,,,,,,,,,,,,0.0,0.0,0.0,,,,,,,,,,,,,,,,,,,,,,,,,,0.0,0.0,0.0,,,,,,,,,,,,,,,,,,,,,,,,,,,,,,,,,,,,,,,,,,,,,,,,,,,,,,,,,,,,,,,,,,,,,,,,,,,,,,
South Korea,1941,KOR,15674410.0,33418839031.0,,,,,,,,,,,,,,,,,0.0,0.0,0.0,,,,,,,,,,,,,,,,,,,,,,,,,,0.0,0.0,0.0,,,,,,,,,,,,,,,,,,,,,,,,,,,,,,,,,,,,,,,,,,,,,,,,,,,,,,,,,,,,,,,,,,,,,,,,,,,,,,
South Korea,1942,KOR,16080309.0,26486250606.0,,,,,,,,,,,,,,,,,0.0,0.0,0.0,,,,,,,,,,,,,,,,,,,,,,,,,,0.0,0.0,0.0,,,,,,,,,,,,,,,,,,,,,,,,,,,,,,,,,,,,,,,,,,,,,,,,,,,,,,,,,,,,,,,,,,,,,,,,,,,,,,
South Korea,1943,KOR,16550405.0,27534751186.0,,,,,,,,,,,,,,,,,0.0,0.0,0.0,,,,,,,,,,,,,,,,,,,,,,,,,,0.0,0.0,0.0,,,,,,,,,,,,,,,,,,,,,,,,,,,,,,,,,,,,,,,,,,,,,,,,,,,,,,,,,,,,,,,,,,,,,,,,,,,,,,
South Korea,1944,KOR,17034244.0,,,,,,,,,,,,,,,,,,0.0,0.0,0.0,,,,,,,,,,,,,,,,,,,,,,,,,,0.0,0.0,0.0,,,,,,,,,,,,,,,,,,,,,,,,,,,,,,,,,,,,,,,,,,,,,,,,,,,,,,,,,,,,,,,,,,,,,,,,,,,,,,
South Korea,1945,KOR,17532227.0,,,,,,,,,,,,,,,,,,0.0,0.0,0.0,,,,,,,,,,,,,,,,,,,,,,,,,,0.0,0.0,0.0,,,,,,,,,,,,,,,,,,,,,,,,,,,,,,,,,,,,,,,,,,,,,,,,,,,,,,,,,,,,,,,,,,,,,,,,,,,,,,
South Korea,1946,KOR,18044769.0,17737453750.0,,,,,,,,,,,,,,,,,2.043,113.24,2.043,,,,,,,,,,,,,,,,,,,,,,,,,,0.0,0.0,0.0,,,,,,,,,,,,,,,,,,,,,,,,,,,,,,,,,,,,,,,,,,,,,,,,,,,,,,,,,,,,,,,,,,,,,,,,,,,,,,
South Korea,1947,KOR,18572294.0,18638405958.0,,,,,,,,,,,,,,,,84.462,1.726,202.952,3.769,,,,,,,,,,,,,,,,,,,,,,,,,,0.0,0.0,0.0,,,,,,,,,,,,,,,,,,,,,,,,,,,,,,,,,,,,,,,,,,,,,,,,,,,,,,,,,,,,,,,,,,,,,,,,,,,,,,
South Korea,1948,KOR,19115242.0,22007101173.0,,,,,,,,,,,,,,,,87.473,3.297,369.673,7.066,,,,,,,,,,,,,,,,,,,,,,,,,,0.0,0.0,0.0,,,,,,,,,,,,,,,,,,,,,,,,,,,,,,,,,,,,,,,,,,,,,,,,,,,,,,,,,,,,,,,,,,,,,,,,,,,,,,
South Korea,1949,KOR,19626401.0,24026922246.0,,,,,,,,,,,,,,,,30.069,2.125,468.307,9.191,,,,,,,,,,,,,,,,,,,,,,,,,,0.0,0.0,0.0,,,,,,,,,,,,,,,,,,,,,,,,,,,,,,,,,,,,,,,,,,,,,,,,,,,,,,,,,,,,,,,,,,,,,,,,,,,,,,
South Korea,1950,KOR,19757319.0,20805929901.0,,,,,,,,,,,,,,,,-40.23,-3.698,278.051,5.494,,,,,,,,,,,,,,,,,,,,,,,,,,0.0,0.0,0.0,,,,,,,,,,,,,,,,,,,,,,,,,,,,,,,,,,,,,,,,,,,,,,,,,,,,,,,,,,,,,,,,,,,,,,,,,,,,,,
South Korea,1951,KOR,19868990.0,20683502632.0,,,,,,,,,,,,,,,,-75.726,-4.16,67.114,1.333,,,,,,,,,,,,,,,,,,,,,,,,,,0.0,0.0,0.0,,,,,,,,,,,,,,,,,,,,,,,,,,,,,,,,,,,,,,,,,,,,,,,,,,,,,,,,,,,,,,,,,,,,,,,,,,,,,,
South Korea,1952,KOR,20229880.0,21744437162.0,,,,,,,,,,,,,,,,252.991,3.374,232.682,4.707,,,,,,,,,,,,,,,,,,,,,,,,,,0.0,0.0,0.0,,,,,,,,,,,,,,,,,,,,,,,,,,,,,,,,,,,,,,,,,,,,,,,,,,,,,,,,,,,,,,,,,,,,,,,,,,,,,,
South Korea,1953,KOR,20775325.0,27730125358.0,,,,,,,,,,,,,,,,49.948,2.351,339.742,7.058,,,,,,,,,,,,,,,,,,,,,,,,,,0.0,0.0,0.0,,,,,,,,,,,,,,,,,,,,,,,,,,,,,,,,,,,,,,,,,,,,,,,,,,,,,,,,,,,,,,,,,,,,,,,,,,,,,,
South Korea,1954,KOR,21415578.0,29181574866.0,,,,,,,,,,,,,,,,2.537,0.179,337.948,7.237,,,,,,,,,,,,,,,,,,,,,,,,,,0.0,0.0,0.0,,,,,,,,,,,,,,,,,,,,,,,,,,,,,,,,,,,,,,,,,,,,,,,,,,,,,,,,,,,,,,,,,,,,,,,,,,,,,,
South Korea,1955,KOR,22125104.0,30416827835.0,,,,,,,,,,,,,,,,47.132,3.411,481.283,10.648,,,,,,,,,,,,,,,,,,,,,,,,,,0.0,0.0,0.0,,,,,,,,,,,,,,,,,,,,,,,,,,,,,,,,,,,,,,,,,,,,,,,,,,,,,,,,,,,,,,,,,,,,,,,,,,,,,,
South Korea,1956,KOR,22874441.0,30446778608.0,,,,,,,,,,,,,,,,38.761,4.127,645.957,14.776,,,,,,,,,,,,,,,,,,,,,,,,,,0.0,0.0,0.0,,,,,,,,,,,,,,,,,,,,,,,,,,,,,,,,,,,,,,,,,,,,,,,,,,,,,,,,,,,,,,,,,,,,,,,,,,,,,,
South Korea,1957,KOR,23660791.0,33165895202.0,,,,,,,,,,,,,,,,34.49,5.096,839.878,19.872,,,,,,,,,,,,,,,,,,,,,,,,,,0.0,0.0,0.0,,,,,,,,,,,,,,,,,,,,,,,,,,,,,,,,,,,,,,,,,,,,,,,,,,,,,,,,,,,,,,,,,,,,,,,,,,,,,,
South Korea,1958,KOR,24473927.0,35296297333.0,,,,,,,,,,,,,,,,9.422,1.872,888.481,21.745,,,,,,,,,,,,,,,,,,,,,,,,,,0.0,0.0,0.0,,,,,,,,,,,,,,,,,,,,,,,,,,,,,,,,,,,,,,,,,,,,,,,,,,,,,,,,,,,,,,,,,,,,,,,,,,,,,,
South Korea,1959,KOR,25298234.0,37308379496.0,,,,,,,,,,,,,,,,54.848,11.927,1330.969,33.671,,,,,,,,,,,,,,,,,,,,,,,,,,0.0,0.0,0.0,,,,,,,,,,,,,,,,,,,,,,,,,,,,,,,,,,,,,,,,,,,,,,,,,,,,,,,,,,,,,,,,,,,,,,,,,,,,,,
South Korea,1960,KOR,26115388.0,38358210532.0,,,,,,,,,,,,,,,,29.352,9.883,1667.766,43.554,,,,,,,,,,,,,,,,,,,,,,,,,,0.0,0.0,0.0,,,,,,,,,,,,,,,,,,,,,,,,,,,,,,,,,,,,,,,,,,,,,,,,,,,,,,,,,,,,,,,,,,,,,,,,,,,,,,
South Korea,1961,KOR,26852962.0,41131905930.0,,,,,,,,,,,,,,,,9.981,4.347,1783.85,47.902,,,,,,,,,,,,,,,,,,,,,,,,,,0.0,0.0,0.0,,,,,,,,,,,,,,,,,,,,,,,,,,,,,,,,,,,,,,,,,,,,,,,,,,,,,,,,,,,,,,,,,,,,,,,,,,,,,,
South Korea,1962,KOR,27509235.0,42813845675.0,,,,,,,,,,,,,,,,26.513,12.7,2202.955,60.602,,,,,,,,,,,,,,,,,,,,,,,,,,0.0,0.0,0.0,,,,,,,,,,,,,,,,,,,,,,,,,,,,,,,,,,,,,,,,,,,,,,,,,,,,,,,,,,,,,,,,,,,,,,,,,,,,,,
South Korea,1963,KOR,28145547.0,46825888974.0,,,,,,,,,,,,,,,,18.995,11.511,2562.145,72.113,,,,,,,,,,,,,,,,,,,,,,,,,,0.0,0.0,0.0,,,,,,,,,,,,,,,,,,,,,,,,,,,,,,,,,,,,,,,,,,,,,,,,,,,,,,,,,,,,,,,,,,,,,,,,,,,,,,
South Korea,1964,KOR,28744980.0,51350018285.0,,,,,,,,,,,,,,,,8.767,6.322,2728.66,78.435,,,,,,,,,,,,,,,,,,,,,,,,,,0.0,0.0,0.0,,,,,,,,,,,,,,,,,,,,,,,,,,,,,,,,,,,,,,,,,,,,,,,,,,,,,,,,,,,,,,,,,,,,,,,,,,,,,,
South Korea,1965,KOR,29284343.0,55039780635.0,,,0.0,0.0,,,,0.0,,,,1966.64,57.592,,,6.479,5.082,2851.93,83.517,,77.108,,,,,,,2554.849,1.359,,,,,2483.113,72.716,,97.358,,,0.0,,,0.0,,0.0,0.0,0.0,,0.0,,,,1.973,24.26,0.71,67.388,,2.642,,,1.973,24.26,0.71,67.388,,2.642,,,,,0.0,0.0,0.0,0.0,,0.0,,,15.125,,,516.473,,,,,,20.25,0.0,0.0,,,,0.0,,0.0,,,0.0,,74.817,,,1.973,24.26,0.71,67.388,,2.642,,,0.0,0.0,0.0,0.0,,0.0,,,0.0,0.0,0.0,0.0,,0.0
South Korea,1966,KOR,29845941.0,61635685385.0,,0.0,0.0,0.0,,,,0.0,,13.227,7.618,2184.867,65.209,,,13.28,11.091,3169.885,94.608,,71.982,,,,,21.32,15.951,3041.229,1.473,20.818,15.138,,,2943.608,87.855,,96.979,,0.0,0.0,,,0.0,,0.0,0.0,0.0,,0.0,,38.694,0.764,2.737,33.014,0.985,91.704,,3.021,38.694,0.764,2.737,33.014,0.985,91.704,,3.021,,,,0.0,0.0,0.0,0.0,0.0,,0.0,49.725,7.521,22.645,,,758.741,,,,,,24.997,0.0,0.0,,,0.0,0.0,,0.0,,,0.0,,90.768,38.694,0.764,2.737,33.014,0.985,91.704,,3.021,,0.0,0.0,0.0,0.0,0.0,,0.0,,0.0,0.0,0.0,0.0,0.0,,0.0
South Korea,1967,KOR,30495725.0,67254003008.0,,0.0,0.0,0.0,,,,0.0,,-4.601,-3.001,2039.921,62.209,,,7.042,6.663,3320.819,101.271,,59.751,,,,,14.891,13.516,3419.644,1.551,15.493,13.611,,,3327.221,101.466,,97.457,,0.0,0.0,,,0.0,,0.0,0.0,0.0,,0.0,,-3.263,-0.089,2.648,31.256,0.953,86.822,,2.543,-3.263,-0.089,2.648,31.256,0.953,86.822,,2.543,,,,0.0,0.0,0.0,0.0,0.0,,0.0,73.356,16.612,39.257,,,1287.3,,,,,,37.706,0.0,0.0,,,0.0,0.0,,0.0,,,0.0,,104.285,-3.263,-0.089,2.648,31.256,0.953,86.822,,2.543,,0.0,0.0,0.0,0.0,0.0,,0.0,,0.0,0.0,0.0,0.0,0.0,,0.0
South Korea,1968,KOR,31175295.0,76123098569.0,,0.0,0.0,0.0,,,,0.0,,-5.59,-3.477,1883.912,58.731,,,-17.666,-17.891,2674.558,83.38,,49.208,,,,,14.609,15.235,3833.793,1.57,15.084,15.305,,,3745.632,116.771,,97.837,,0.0,0.0,,,0.0,,0.0,0.0,0.0,,0.0,,-2.485,-0.066,2.582,29.815,0.929,82.819,,2.163,-2.485,-0.066,2.582,29.815,0.929,82.819,,2.163,,,,0.0,0.0,0.0,0.0,0.0,,0.0,47.845,18.783,58.04,,,1861.72,,,,,,48.629,0.0,0.0,,,0.0,0.0,,0.0,,,0.0,,119.52,-2.485,-0.066,2.582,29.815,0.929,82.819,,2.163,,0.0,0.0,0.0,0.0,0.0,,0.0,,0.0,0.0,0.0,0.0,0.0,,0.0
South Korea,1969,KOR,31852769.0,87192452335.0,,0.0,0.0,0.0,,,,0.0,,4.436,2.605,1925.629,61.337,,,0.303,0.252,2625.596,83.632,,42.573,,,,,20.76,24.812,4531.209,1.655,19.985,23.336,,,4398.596,140.107,,97.246,,0.0,0.0,,,0.0,,0.0,0.0,0.0,,0.0,,53.689,1.386,3.968,44.847,1.429,124.576,,2.754,53.689,1.386,3.968,44.847,1.429,124.576,,2.754,,,,0.0,0.0,0.0,0.0,0.0,,0.0,35.719,20.731,78.771,,,2472.967,,,,,,54.673,0.0,0.0,,,0.0,0.0,,0.0,,,0.0,,144.332,53.689,1.386,3.968,44.847,1.429,124.576,,2.754,,0.0,0.0,0.0,0.0,0.0,,0.0,,0.0,0.0,0.0,0.0,0.0,,0.0
South Korea,1970,KOR,32542203.0,95910764514.0,,0.0,0.0,0.0,,,,0.0,,6.731,4.129,2011.704,65.465,,,20.646,17.267,3100.575,100.9,,39.143,,,,,16.029,23.134,5146.111,1.746,16.95,23.749,,,5035.192,163.856,,97.973,,0.0,0.0,,,0.0,,0.0,0.0,0.0,,0.0,,-14.549,-0.577,3.391,37.511,1.221,104.197,,2.027,-14.549,-0.577,3.391,37.511,1.221,104.197,,2.027,,,,0.0,0.0,0.0,0.0,0.0,,0.0,24.908,19.62,98.391,,,3023.489,,,,,,58.83,0.0,0.0,,,0.0,0.0,,0.0,,,0.0,,167.466,-14.549,-0.577,3.391,37.511,1.221,104.197,,2.027,,0.0,0.0,0.0,0.0,0.0,,0.0,,0.0,0.0,0.0,0.0,0.0,,0.0
South Korea,1971,KOR,33239859.0,105938324574.0,,0.0,0.0,0.0,,,,0.0,,1.066,0.698,1990.474,66.163,,,3.155,3.183,3131.261,104.083,,36.564,,,,,8.195,13.724,5450.991,1.71,8.197,13.431,,,5333.567,177.287,,97.974,,0.0,0.0,,,0.0,,0.0,0.0,0.0,,0.0,,8.134,0.276,3.667,39.711,1.32,110.307,,2.026,8.134,0.276,3.667,39.711,1.32,110.307,,2.026,,,,0.0,0.0,0.0,0.0,0.0,,0.0,12.941,12.733,111.124,,,3343.094,,,,,,61.41,0.0,0.0,,,0.0,0.0,,0.0,,,0.0,,181.19,8.134,0.276,3.667,39.711,1.32,110.307,,2.026,,0.0,0.0,0.0,0.0,0.0,,0.0,,0.0,0.0,0.0,0.0,0.0,,0.0
South Korea,1972,KOR,33936470.0,113511275390.0,,0.0,0.0,0.0,,,,0.0,,2.496,1.651,1998.279,67.815,,,-2.988,-3.11,2975.348,100.973,,36.147,,,,,3.677,6.663,5535.428,1.655,3.678,6.52,,,5416.223,183.807,,97.974,,0.0,0.0,,,0.0,,0.0,0.0,0.0,,0.0,,3.644,0.134,3.8,40.313,1.368,111.98,,2.026,3.644,0.134,3.8,40.313,1.368,111.98,,2.026,,,,0.0,0.0,0.0,0.0,0.0,,0.0,4.382,4.869,115.993,,,3417.944,,,,,,61.827,0.0,0.0,,,0.0,0.0,,0.0,,,0.0,,187.853,3.644,0.134,3.8,40.313,1.368,111.98,,2.026,,0.0,0.0,0.0,0.0,0.0,,0.0,,0.0,0.0,0.0,0.0,0.0,,0.0
South Korea,1973,KOR,34625848.0,130228569897.0,,0.0,0.0,0.0,,,,0.0,,26.462,17.945,2476.751,85.76,,,9.417,9.509,3190.724,110.482,,36.948,,,,,23.68,44.484,6709.938,1.784,24.336,44.732,,,6600.248,228.539,,98.463,,0.0,0.0,,,0.0,,0.0,0.0,0.0,,0.0,,-6.112,-0.232,3.568,37.096,1.284,103.043,,1.537,-6.112,-0.232,3.568,37.096,1.284,103.043,,1.537,,,,0.0,0.0,0.0,0.0,0.0,,0.0,23.093,26.787,142.78,,,4123.496,,,,,,61.515,0.0,0.0,,,0.0,0.0,,0.0,,,0.0,,232.337,-6.112,-0.232,3.568,37.096,1.284,103.043,,1.537,,0.0,0.0,0.0,0.0,0.0,,0.0,,0.0,0.0,0.0,0.0,0.0,,0.0
South Korea,1974,KOR,35287834.0,142674373406.0,,0.0,0.0,0.0,,,,0.0,,3.133,2.687,2506.421,88.446,,,-90.693,-100.199,291.378,10.282,,36.665,,,,,3.974,9.232,6845.693,1.693,3.236,7.395,,,6685.989,235.934,,97.805,,0.0,0.0,,,0.0,,0.0,0.0,0.0,,0.0,,48.378,1.726,5.294,54.009,1.906,150.025,,2.195,48.378,1.726,5.294,54.009,1.906,150.025,,2.195,,,,0.0,0.0,0.0,0.0,0.0,,0.0,3.298,4.708,147.488,,,4179.569,,,,,,61.14,0.0,0.0,,,0.0,0.0,,0.0,,,0.0,,241.57,48.378,1.726,5.294,54.009,1.906,150.025,,2.195,,0.0,0.0,0.0,0.0,0.0,,0.0,,0.0,0.0,0.0,0.0,0.0,,0.0
South Korea,1975,KOR,35875741.0,153895963178.0,,0.0,0.0,0.0,,,,0.0,,5.654,5.001,2604.742,93.447,,,1292.953,132.943,3992.241,143.225,,35.224,,,,,9.946,24.027,7403.251,1.726,10.464,24.687,,,7264.549,260.621,,98.238,,0.0,0.0,,,0.0,,0.0,0.0,0.0,,0.0,,-11.703,-0.62,4.674,46.907,1.683,130.296,,1.762,-11.703,-0.62,4.674,46.907,1.683,130.296,,1.762,,,,0.0,0.0,0.0,0.0,0.0,,0.0,13.348,19.686,167.174,,,4659.807,,,,,,63.014,0.0,0.0,,,0.0,0.0,,0.0,,,0.0,,265.597,-11.703,-0.62,4.674,46.907,1.683,130.296,,1.762,,0.0,0.0,0.0,0.0,0.0,,0.0,,0.0,0.0,0.0,0.0,0.0,,0.0
South Korea,1976,KOR,36379928.0,174134041318.0,,0.0,0.0,0.0,,,,0.0,,11.475,10.723,2863.39,104.17,,,-6.628,-9.492,3675.989,133.732,,35.096,,,,,11.873,31.533,8167.432,1.706,11.979,31.22,,,8022.048,291.842,,98.326,,0.0,0.0,,,0.0,,0.0,0.0,0.0,,0.0,,6.29,0.294,4.969,49.166,1.789,136.573,,1.674,6.29,0.294,4.969,49.166,1.789,136.573,,1.674,,,,0.0,0.0,0.0,0.0,0.0,,0.0,12.261,20.498,187.672,,,5158.658,,,,,,63.23,0.0,0.0,,,0.0,0.0,,0.0,,,0.0,,297.131,6.29,0.294,4.969,49.166,1.789,136.573,,1.674,,0.0,0.0,0.0,0.0,0.0,,0.0,,0.0,0.0,0.0,0.0,0.0,,0.0
South Korea,1977,KOR,36843638.0,195580975773.0,,0.0,0.0,0.0,,,,0.0,,9.166,9.548,3086.507,113.718,,,5.12,6.847,3815.551,140.579,,33.31,,,,,14.983,44.519,9272.949,1.747,15.586,45.487,,,9155.668,337.328,,98.809,,0.0,0.0,,,0.0,,0.0,0.0,0.0,,0.0,,-22.136,-1.1,3.869,37.801,1.393,105.003,,1.133,-18.14,-0.901,4.067,39.741,1.464,110.391,,1.191,,,,0.199,0.199,1.94,0.071,5.388,,0.058,19.15,35.938,223.61,,,6069.161,,,,,,65.499,0.0,0.0,,,0.0,0.0,,0.0,,,0.0,,341.649,-22.136,-1.1,3.869,37.801,1.393,105.003,,1.133,,0.0,0.0,0.0,0.0,0.0,,0.0,,0.0,0.0,0.0,0.0,0.0,,0.0
South Korea,1978,KOR,37281935.0,216801646970.0,,0.0,0.0,0.0,,,,0.0,,1.186,1.349,3086.407,115.067,,,4.552,6.399,3942.328,146.978,,30.103,,,,,12.017,41.056,10265.171,1.765,9.912,33.437,,,9944.9,370.765,,96.997,,0.0,0.0,,,0.0,,0.0,0.0,0.0,,0.0,,29.783,1.152,5.021,48.483,1.808,134.674,,1.314,182.196,7.41,11.477,110.828,4.132,307.857,,3.003,,,3152.422,6.258,6.457,62.346,2.324,173.183,,1.689,14.35,32.088,255.698,,,6858.494,,,,,,66.894,0.0,0.0,,,0.0,0.0,,0.0,,,0.0,,382.705,29.783,1.152,5.021,48.483,1.808,134.674,,1.314,,0.0,0.0,0.0,0.0,0.0,,0.0,,0.0,0.0,0.0,0.0,0.0,,0.0
South Korea,1979,KOR,37710898.0,235183773774.0,,0.0,0.0,0.0,,,,0.0,,19.699,22.667,3652.368,137.734,,,0.853,1.254,3930.729,148.231,,31.264,,,,,15.272,58.446,11698.255,1.876,14.741,54.653,,,11281.045,425.418,,96.565,,0.0,0.0,,,0.0,,0.0,0.0,0.0,,0.0,,27.034,1.357,6.378,60.889,2.296,169.135,,1.448,31.854,3.656,15.134,144.469,5.448,401.304,,3.435,,,35.602,2.299,8.755,83.581,3.152,232.169,,1.987,12.509,31.986,287.684,,,7628.677,,,,,,65.301,0.0,0.0,,,0.0,0.0,,0.0,,,0.0,,441.152,27.034,1.357,6.378,60.889,2.296,169.135,,1.448,,0.0,0.0,0.0,0.0,0.0,,0.0,,0.0,0.0,0.0,0.0,0.0,,0.0
South Korea,1980,KOR,38141109.0,231185462449.0,,0.0,0.0,0.0,,,,0.0,,11.45,15.77,4024.644,153.504,,,-4.321,-6.405,3718.475,141.827,,33.85,,,,,2.92,12.88,11904.004,1.964,3.072,13.069,,,11496.438,438.487,,96.694,,0.0,0.0,,,0.0,,0.0,0.0,0.0,,0.0,,-16.366,-1.044,5.334,50.349,1.92,139.859,,1.176,-0.928,-0.14,14.993,141.515,5.398,393.096,,3.306,,,10.319,0.903,9.659,91.166,3.477,253.238,,2.13,-0.939,-2.702,284.983,,,7471.795,,,0.0,0.0,,62.843,0.0,0.0,,,0.0,0.0,,0.0,,,0.0,,454.032,-16.366,-1.044,5.334,50.349,1.92,139.859,,1.176,,0.0,0.0,0.0,0.0,0.0,,0.0,,0.0,0.0,0.0,0.0,0.0,,0.0
South Korea,1981,KOR,38689192.0,247782710146.0,,0.0,0.0,0.0,,,,0.0,,15.495,23.786,4582.417,177.29,,,-28.326,-40.174,2627.431,101.653,,37.348,,,,,4.693,21.307,12286.094,1.918,4.778,20.95,,,11875.068,459.437,,96.785,,0.0,0.0,,,0.0,,0.0,0.0,0.0,,0.0,,35.271,1.881,7.216,67.143,2.598,186.508,,1.52,1.804,0.271,15.264,142.027,5.495,394.52,,3.215,,,-16.679,-1.611,8.048,74.884,2.897,208.011,,1.695,-0.995,-2.836,282.147,,,7292.65,,0.0,0.0,0.0,,59.437,0.0,0.0,,,0.0,0.0,,0.0,,,0.0,,475.339,35.271,1.881,7.216,67.143,2.598,186.508,,1.52,,0.0,0.0,0.0,0.0,0.0,,0.0,,0.0,0.0,0.0,0.0,0.0,,0.0
South Korea,1982,KOR,39356159.0,268261329690.0,,0.0,0.0,0.0,,,,0.0,,1.354,2.4,4565.752,179.69,,,1.264,1.284,2615.54,102.938,,37.828,,,,,0.044,0.21,12083.224,1.773,0.07,0.322,,,11682.006,459.759,,96.788,,0.0,0.0,,,0.0,,0.0,0.0,0.0,,0.0,,-33.966,-2.451,4.765,43.586,1.715,121.071,,1.003,-0.041,-0.006,15.257,139.563,5.493,387.674,,3.212,,,30.377,2.445,10.492,95.977,3.777,266.603,,2.209,-0.737,-2.078,280.068,,,7116.253,,0.0,0.0,0.0,,58.96,0.0,0.0,,,0.0,0.0,,0.0,,,0.0,,475.549,-33.966,-2.451,4.765,43.586,1.715,121.071,,1.003,,0.0,0.0,0.0,0.0,0.0,,0.0,,0.0,0.0,0.0,0.0,0.0,,0.0
South Korea,1983,KOR,40000945.0,303784318906.0,,0.0,0.0,0.0,,,,0.0,,6.734,12.101,4794.674,191.791,,,-1.268,-1.305,2540.758,101.633,,37.162,,,,,8.726,41.496,12925.817,1.702,5.451,25.064,,,12120.277,484.823,,93.94,,0.0,0.0,,,0.0,,0.0,0.0,0.0,,0.0,,33.744,1.608,6.373,57.353,2.294,159.315,,1.235,104.988,16.018,31.276,281.475,11.259,781.874,,6.06,,,137.341,14.41,24.903,224.121,8.965,622.559,,4.825,4.628,12.963,293.031,,,7325.604,,0.0,0.0,0.0,,56.778,0.0,0.0,,,0.0,0.0,,0.0,,,0.0,,517.045,33.744,1.608,6.373,57.353,2.294,159.315,,1.235,,0.0,0.0,0.0,0.0,0.0,,0.0,,0.0,0.0,0.0,0.0,0.0,,0.0
South Korea,1984,KOR,40598302.0,335511970720.0,,0.0,0.0,0.0,,,,0.0,,20.471,39.262,5691.204,231.053,,,7.598,7.722,2693.575,109.355,,40.992,,,,,9.219,47.667,13909.748,1.683,8.358,40.521,,,12940.037,525.344,,93.204,,0.0,0.0,,,0.0,,0.0,0.0,0.0,,0.0,,-12.904,-0.822,5.55,49.217,1.998,136.715,,0.985,22.479,7.03,38.306,339.674,13.79,943.54,,6.796,,,31.534,7.853,32.756,290.457,11.792,806.825,,5.811,0.43,1.259,294.29,,,7248.833,,0.0,0.0,0.0,,52.212,0.0,0.0,,,0.0,0.0,,0.0,,,0.0,,564.712,-12.904,-0.822,5.55,49.217,1.998,136.715,,0.985,,0.0,0.0,0.0,0.0,0.0,,0.0,,0.0,0.0,0.0,0.0,0.0,,0.0
South Korea,1985,KOR,41148956.0,361514859257.0,,0.0,0.0,0.0,,,,0.0,,10.848,25.064,6224.144,256.117,601.729,24.761,5.489,6.002,2803.401,115.357,39.511,41.137,,,62.667,10.673,10.529,59.457,15168.538,1.727,7.974,41.893,1027.068,42.263,13784.954,567.236,67.44,91.108,,0.0,0.0,1.405,0.058,0.0,,0.0,0.0,0.0,0.092,0.0,,59.396,3.297,8.847,77.401,3.185,215.002,5.082,1.421,44.525,17.056,55.362,484.345,19.93,1345.404,31.803,8.892,,,42.005,13.759,46.515,406.944,16.745,1130.401,26.721,7.471,5.719,16.829,311.119,423.935,17.444,7560.81,,0.0,0.0,0.0,27.837,49.971,0.0,0.0,,,0.0,0.0,,0.0,0.0,,0.0,1522.935,624.169,59.396,3.297,8.847,77.401,3.185,215.002,5.082,1.421,,0.0,0.0,0.0,0.0,0.0,0.0,0.0,,0.0,0.0,0.0,0.0,0.0,0.0,0.0
South Korea,1986,KOR,41718508.0,402092236089.0,,0.0,0.0,0.0,,,,0.0,,5.939,15.211,6503.777,271.328,599.141,24.995,7.586,8.75,2974.877,124.107,35.871,38.86,,,69.681,10.848,12.224,76.3,16790.389,1.742,7.705,43.704,895.286,37.35,14644.353,610.941,53.602,87.5,,0.712,0.712,1.266,0.053,17.061,,0.0,0.0,0.0,0.076,0.102,,-2.358,-0.209,8.639,74.544,3.11,207.068,4.463,1.237,57.655,31.919,87.281,753.169,31.421,2092.137,45.093,12.5,,,69.069,32.127,78.642,678.625,28.311,1885.069,40.63,11.263,8.93,27.781,338.901,294.879,12.302,8123.515,,0.0,0.0,0.0,17.655,48.538,0.0,0.0,,,0.0,0.0,,0.0,0.0,,0.0,1670.256,700.47,-2.358,-0.209,8.639,74.544,3.11,207.068,4.463,1.237,,0.0,0.0,0.0,0.0,0.0,0.0,0.0,,0.0,0.0,0.0,0.0,0.0,0.0,0.0
South Korea,1987,KOR,42322092.0,452221973191.0,,0.0,0.0,0.0,,,,0.0,,1.324,3.593,6495.908,274.92,558.809,23.65,0.087,0.107,2934.99,124.215,29.47,35.546,,,80.251,11.522,10.852,76.017,18347.094,1.717,6.918,42.267,841.002,35.593,15434.191,653.207,44.352,84.456,2994.118,21.311,22.023,225.332,9.537,520.356,,0.0,0.0,0.0,11.883,2.847,,27.509,2.376,11.015,93.695,3.965,260.264,4.941,1.424,37.74,32.94,120.221,1022.623,43.28,2840.621,53.93,15.544,,,38.864,30.564,109.206,928.928,39.314,2580.357,48.989,14.12,5.123,17.363,356.264,56.861,2.406,8417.927,,0.0,0.0,0.0,2.999,46.063,0.0,0.0,,,0.0,0.0,,0.0,0.0,,0.0,1896.205,776.487,27.509,2.376,11.015,93.695,3.965,260.264,4.941,1.424,,0.0,0.0,0.0,0.0,0.0,0.0,0.0,,0.0,0.0,0.0,0.0,0.0,0.0,0.0
South Korea,1988,KOR,42922980.0,506050941429.0,,0.0,0.0,0.0,,,,0.0,,6.444,17.717,6817.736,292.638,688.678,29.56,0.087,0.107,2896.406,124.322,31.748,33.872,,,93.109,11.799,11.618,90.216,20192.061,1.713,14.365,93.834,1151.879,49.442,17404.221,747.041,53.101,86.468,29.182,6.427,28.449,257.774,11.064,662.799,,0.0,0.0,0.0,11.883,3.293,,-49.885,-5.495,5.52,46.298,1.987,128.605,2.134,0.639,-2.753,-3.31,116.911,980.545,42.088,2723.736,45.203,13.532,,,2.0,2.185,111.391,934.247,40.101,2595.131,43.069,12.893,19.561,69.69,425.954,205.427,8.818,9923.685,,0.0,0.0,0.0,9.47,49.303,0.0,0.0,,,0.0,0.0,,0.0,0.0,,0.0,2169.208,866.703,-49.885,-5.495,5.52,46.298,1.987,128.605,2.134,0.639,,0.0,0.0,0.0,0.0,0.0,0.0,0.0,,0.0,0.0,0.0,0.0,0.0,0.0,0.0
South Korea,1989,KOR,43524765.0,541627559504.0,,0.0,0.0,0.0,,,,0.0,,-2.662,-7.79,6544.499,284.848,703.496,30.619,-14.447,-17.961,2443.689,106.361,29.549,30.34,,,103.624,12.2,8.713,75.518,21647.945,1.74,6.963,52.017,1187.841,51.7,18358.695,799.058,49.893,85.109,-3.238,-0.921,27.528,227.681,9.91,632.472,,0.0,0.0,0.0,9.563,2.932,,49.151,2.713,8.233,68.098,2.964,189.162,2.86,0.877,19.581,22.892,139.803,1156.333,50.329,3212.037,48.569,14.891,,,18.116,20.179,131.57,1088.235,47.365,3022.875,45.709,14.014,14.257,60.728,486.682,256.664,11.171,11181.725,,0.0,0.0,0.0,10.781,51.837,0.0,0.0,,,0.0,0.0,,0.0,0.0,,0.0,2380.797,942.222,49.151,2.713,8.233,68.098,2.964,189.162,2.86,0.877,,0.0,0.0,0.0,0.0,0.0,0.0,0.0,,0.0,0.0,0.0,0.0,0.0,0.0,0.0
South Korea,1990,KOR,44081425.0,594764506000.0,,0.0,0.0,0.0,,,,0.0,,2.957,8.422,6652.913,293.27,760.236,33.512,-15.284,-16.256,2044.062,90.105,28.29,27.287,,,118.461,12.182,14.489,136.52,24471.578,1.814,14.488,115.764,1343.239,59.212,20753.012,914.822,49.984,85.12,14.943,4.114,31.642,281.129,12.393,717.802,,0.0,0.0,0.0,10.461,2.944,,58.03,4.778,13.011,106.257,4.684,295.157,3.954,1.211,14.39,20.118,159.921,1306.026,57.572,3627.851,48.6,14.88,,,11.657,15.337,146.907,1199.747,52.887,3332.631,44.645,13.669,21.211,103.229,589.911,301.874,13.307,13382.297,,0.0,0.0,0.0,11.233,54.889,0.0,0.0,,,0.0,0.0,,0.0,0.0,,0.0,2687.318,1078.742,58.063,4.78,13.014,106.279,4.685,295.22,3.955,1.211,,0.003,0.003,0.023,0.001,0.063,0.001,0.0,,0.0,0.0,0.0,0.0,0.0,0.0,0.0
South Korea,1991,KOR,44439146.0,651871510125.0,,0.0,0.0,0.0,,,,0.0,,2.581,7.568,6769.658,300.838,828.777,36.83,-12.54,-11.299,1773.347,78.806,27.983,24.64,,,131.616,11.808,13.552,146.193,27564.314,1.879,15.306,140.019,1580.896,70.254,23736.748,1054.841,53.378,86.395,15.845,5.014,36.655,297.275,13.211,824.846,,0.0,0.0,0.0,10.037,3.002,,-25.575,-3.327,9.683,78.445,3.486,217.904,2.649,0.793,3.867,6.184,166.105,1345.611,59.798,3737.808,45.433,13.605,,,6.475,9.512,156.419,1267.143,56.311,3519.841,42.784,12.811,21.603,127.437,717.348,454.844,20.213,16142.245,,0.0,0.0,0.0,15.357,58.753,0.0,0.0,,,0.0,0.0,,0.0,0.0,,0.0,2961.717,1224.935,-25.569,-3.327,9.686,78.468,3.487,217.966,2.649,0.793,0.0,0.0,0.003,0.023,0.001,0.063,0.001,0.0,,0.0,0.0,0.0,0.0,0.0,0.0,0.0
South Korea,1992,KOR,44653699.0,687368661445.0,,0.0,0.0,0.0,,,,0.0,,-3.223,-9.697,6519.978,291.141,948.613,42.359,-20.514,-16.166,1402.79,62.64,28.926,21.208,,,146.439,11.56,12.393,151.802,30831.4,2.003,14.441,152.325,1904.52,85.044,27033.943,1207.166,58.074,87.934,30.811,11.294,47.949,437.562,19.539,1073.804,,0.0,0.0,0.0,13.343,3.493,,-11.147,-1.079,8.604,69.366,3.097,192.683,2.115,0.627,-0.281,-0.467,165.638,1335.38,59.63,3709.389,40.72,12.066,,,0.39,0.61,157.028,1265.969,56.53,3516.581,38.603,11.439,21.012,150.728,868.075,518.345,23.146,19440.162,,0.0,0.0,0.0,15.806,63.234,0.0,0.0,,,0.0,0.0,,0.0,0.0,,0.0,3279.444,1376.736,-11.115,-1.077,8.61,69.411,3.099,192.808,2.117,0.627,100.0,0.003,0.006,0.045,0.002,0.124,0.001,0.0,,0.0,0.0,0.0,0.0,0.0,0.0,0.0
South Korea,1993,KOR,44887721.0,729369247675.0,,0.0,0.0,0.0,,,,0.0,,9.709,28.265,7115.679,319.407,1191.921,53.503,-21.405,-13.408,1096.771,49.232,33.047,21.213,,,161.901,11.607,9.677,133.233,33638.797,2.07,10.382,125.326,2177.737,97.754,29684.982,1332.491,60.379,88.494,24.929,11.953,59.903,421.561,18.923,1334.499,,0.0,0.0,0.0,11.688,3.978,,36.485,3.139,11.743,94.181,4.228,261.613,2.611,0.78,4.594,7.609,173.247,1389.439,62.369,3859.552,38.523,11.506,,,2.844,4.467,161.495,1295.192,58.138,3597.754,35.91,10.725,9.804,85.107,953.182,564.256,25.328,21234.805,,0.0,0.0,0.0,15.644,63.303,0.0,0.0,,,0.0,0.0,,0.0,0.0,,0.0,3606.798,1509.969,36.494,3.142,11.752,94.247,4.231,261.798,2.613,0.78,0.0,0.0,0.006,0.045,0.002,0.124,0.001,0.0,,0.003,0.003,0.022,0.001,0.062,0.001,0.0
South Korea,1994,KOR,45130842.0,791073852664.0,,0.0,0.0,0.0,,,,0.0,,4.097,13.086,7367.297,332.492,1442.486,65.101,-21.356,-10.514,857.893,38.717,35.503,20.424,,,183.366,12.067,8.075,121.926,36159.184,2.063,9.459,126.034,2672.526,120.613,32317.705,1458.525,65.778,89.592,33.112,19.835,79.738,396.896,17.912,1766.81,,0.0,0.0,0.0,9.769,4.898,,-44.505,-5.226,6.517,51.984,2.346,144.401,1.279,0.4,-2.195,-3.802,169.444,1351.626,61.0,3754.516,33.267,10.408,,,0.882,1.424,162.919,1299.575,58.651,3609.93,31.986,10.008,9.769,93.113,1046.295,833.144,37.601,23183.598,,0.0,0.0,0.0,20.506,64.27,0.0,0.0,,,0.0,0.0,,0.0,0.0,,0.0,4062.976,1631.894,-44.473,-5.226,6.525,52.051,2.349,144.585,1.281,0.401,0.0,0.0,0.006,0.044,0.002,0.123,0.001,0.0,0.0,0.0,0.003,0.022,0.001,0.062,0.001,0.0
South Korea,1995,KOR,45368425.0,860793752056.0,,0.0,0.0,0.0,,,,0.0,,3.233,10.748,7565.623,343.24,1587.141,72.006,-22.682,-8.782,659.834,29.936,35.376,19.328,,,203.546,12.327,9.101,148.514,39243.332,2.068,8.414,122.723,2882.796,130.788,34853.5,1581.248,64.255,89.04,20.937,16.695,96.432,644.012,29.218,2125.541,,0.0,0.0,0.0,14.354,5.43,,17.639,1.15,7.666,60.834,2.76,168.982,1.356,0.432,14.821,25.199,194.644,1543.818,70.041,4290.295,34.41,10.96,,,14.284,23.271,186.191,1477.429,67.029,4103.971,32.93,10.484,9.106,95.28,1141.576,651.642,29.564,25162.336,,0.0,0.0,0.0,14.524,64.282,0.781,0.25,,,0.781,5.51,,17.22,0.123,,0.044,4486.522,1780.408,28.216,1.928,8.453,66.388,3.012,186.325,1.48,0.476,0.0,0.0,0.006,0.044,0.002,0.122,0.001,0.0,-100.0,-0.003,0.0,0.0,0.0,0.0,0.0,0.0
South Korea,1996,KOR,45638701.0,919812618896.0,,0.0,0.0,0.0,,,,0.0,,16.072,55.165,8729.545,398.405,1790.353,81.709,-13.444,-4.025,567.743,25.911,36.179,20.32,,,225.846,12.382,10.397,185.108,43066.879,2.137,10.501,166.042,3205.921,146.314,38285.289,1747.291,64.785,89.118,32.118,30.972,127.404,761.758,34.766,2791.585,,0.0,0.0,0.0,15.394,6.498,,-12.159,-0.932,6.734,53.121,2.424,147.557,1.073,0.343,9.586,18.703,213.347,1681.79,76.755,4674.704,33.985,10.882,,,10.288,19.155,205.345,1619.773,73.924,4499.37,32.732,10.473,7.0,79.906,1221.481,653.809,29.839,26764.158,,0.0,0.0,0.0,13.212,62.3,1.259,0.403,,61.2,0.478,8.83,,27.594,0.178,,0.064,4948.557,1965.516,-6.028,-0.451,8.002,62.017,2.83,175.334,1.253,0.408,50.0,0.003,0.008,0.066,0.003,0.183,0.001,0.0,,0.0,0.0,0.0,0.0,0.0,0.0,0.0
South Korea,1997,KOR,45941541.0,967604910890.0,,0.0,0.0,0.0,,,,0.0,,5.968,23.776,9189.526,422.181,2044.704,93.937,-8.867,-2.298,513.991,23.614,38.095,19.71,,,246.587,12.331,9.238,181.582,46735.441,2.219,9.872,172.494,3571.175,164.065,41787.555,1919.785,66.534,89.627,21.525,27.424,154.828,914.256,42.002,3370.106,,0.0,0.0,0.0,17.033,7.228,,16.072,1.082,7.817,61.252,2.814,170.143,1.141,0.365,4.204,8.851,222.198,1740.944,79.982,4836.544,32.435,10.373,,,4.276,8.781,214.127,1677.907,77.086,4660.854,31.261,9.997,9.93,121.294,1342.776,612.216,28.126,29227.924,,0.0,0.0,0.0,11.406,62.688,0.244,0.078,,-80.645,-1.016,1.698,,5.306,0.032,,0.011,5367.418,2147.098,2.319,0.069,8.072,63.036,2.896,175.691,1.174,0.377,0.0,0.0,0.008,0.065,0.003,0.181,0.001,0.0,,0.003,0.003,0.022,0.001,0.06,0.0,0.0
South Korea,1998,KOR,46230885.0,908368091121.0,,0.0,0.0,0.0,,,,0.0,,3.061,12.922,9411.512,435.103,2226.862,102.95,-3.347,-0.79,493.681,22.823,43.403,22.217,,,237.197,13.242,-8.502,-182.54,42494.496,2.163,-11.594,-222.577,3057.359,141.344,36711.547,1697.207,59.589,86.662,-6.449,-9.986,144.842,602.988,27.877,3133.021,,0.0,0.0,0.0,11.753,7.396,,52.076,4.071,11.887,92.566,4.279,257.128,1.804,0.607,17.567,39.023,261.221,2033.973,94.032,5650.362,39.643,13.338,,,16.35,35.009,249.136,1940.023,89.689,5388.952,37.812,12.721,-16.795,-225.513,1117.262,227.508,10.518,24167.014,,0.0,0.0,0.0,4.434,57.049,0.181,0.058,,-25.641,-0.063,1.255,,3.921,0.024,,0.009,5130.713,1964.558,49.98,4.014,12.085,93.951,4.343,261.409,1.831,0.617,33.333,0.003,0.011,0.087,0.004,0.24,0.002,0.001,100.0,0.003,0.006,0.043,0.002,0.12,0.001,0.0
South Korea,1999,KOR,46500382.0,1004162502333.0,,0.0,0.0,0.0,,,,0.0,,5.748,25.009,9894.8,460.112,2389.155,111.097,-3.761,-0.858,472.362,21.965,42.379,21.571,,,262.152,13.498,8.926,175.355,46019.258,2.131,8.111,137.653,3288.462,152.915,39459.039,1834.86,58.331,86.022,21.759,31.516,176.358,643.274,29.912,3792.625,,0.0,0.0,0.0,11.41,8.268,,-2.808,-0.334,11.553,89.446,4.159,248.46,1.587,0.542,14.131,36.921,298.143,2307.948,107.32,6411.615,40.938,13.978,,,14.912,37.152,286.288,2216.407,103.064,6156.687,39.314,13.422,7.261,81.128,1198.39,256.033,11.906,25771.617,,0.0,0.0,0.0,4.542,56.183,0.272,0.087,,50.0,0.091,1.871,,5.847,0.033,,0.013,5637.635,2139.913,-1.997,-0.231,11.854,91.541,4.257,254.929,1.624,0.556,14.3,0.002,0.013,0.098,0.005,0.273,0.002,0.001,191.95,0.011,0.016,0.126,0.006,0.349,0.002,0.001
South Korea,2000,KOR,46766660.0,1086261690312.0,,0.0,0.0,0.0,1.711,0.08,0.028,0.0,461.59,11.733,53.986,10992.837,514.098,2456.451,114.88,-1.12,-0.246,464.413,21.719,39.552,22.813,290.45,6210.621,290.45,14.151,5.649,120.885,48342.094,2.081,5.7,104.578,3792.659,177.37,41470.543,1939.439,61.067,86.061,12.315,21.719,198.078,634.212,29.66,4235.443,,0.0,0.0,0.0,10.212,8.79,134.07,-3.599,-0.416,11.138,85.745,4.01,238.154,1.381,0.494,5.361,15.98,314.123,2417.962,113.08,6716.806,38.933,13.939,0.0,0.0,5.725,16.389,302.677,2329.865,108.96,6472.069,37.514,13.431,2.409,28.873,1227.263,701.996,32.83,26242.262,,0.0,0.0,0.0,11.303,54.459,0.247,0.08,,-9.195,-0.025,1.711,,5.279,0.028,,0.011,6210.621,2260.798,-3.433,-0.409,11.446,88.097,4.12,244.737,1.418,0.508,15.573,0.002,0.015,0.214,0.01,0.314,0.003,0.001,185.751,0.03,0.046,0.428,0.02,0.991,0.007,0.002
South Korea,2001,KOR,47043467.0,1127616204375.0,,0.0,0.0,0.0,1.913,0.09,0.029,0.0,475.31,6.425,33.031,11630.296,547.129,2707.283,127.36,-8.024,-1.743,424.634,19.976,41.1,23.699,309.88,6587.1,309.88,14.709,2.419,54.678,49219.945,2.053,2.72,52.744,4151.692,195.31,42347.703,1992.183,63.028,86.29,9.845,19.5,217.578,715.721,33.67,4625.032,,0.0,0.0,0.0,10.865,9.424,147.29,-41.89,-4.701,6.436,49.529,2.33,136.816,0.752,0.279,1.323,2.4,316.523,2435.407,114.57,6728.308,36.972,13.71,0.0,0.0,2.909,7.083,309.76,2383.54,112.13,6584.544,36.185,13.417,0.017,0.213,1227.476,728.688,34.28,26092.377,,0.0,0.0,0.0,11.062,53.167,0.275,0.09,,11.392,0.028,1.913,,5.846,0.029,,0.012,6587.1,2315.477,-40.72,-4.682,6.763,51.867,2.44,143.764,0.787,0.293,17.033,0.002,0.017,0.213,0.01,0.363,0.003,0.001,-24.543,-0.012,0.035,0.213,0.01,0.739,0.003,0.002
South Korea,2002,KOR,47299118.0,1203066586464.0,,0.0,0.0,0.0,3.806,0.18,0.054,0.0,472.79,7.107,38.885,12389.552,586.015,2906.82,137.49,-13.073,-2.612,367.126,17.365,41.411,24.287,332.01,7019.37,332.01,15.094,4.545,105.239,51178.883,2.012,4.26,84.866,4428.835,209.48,43913.062,2077.049,63.094,86.083,11.122,24.2,241.777,907.628,42.93,5111.665,,0.0,0.0,0.0,12.93,10.02,156.97,38.749,2.421,8.857,68.289,3.23,187.253,0.973,0.367,6.954,19.263,335.786,2590.534,122.53,7099.196,36.906,13.917,0.0,0.0,6.216,16.55,326.309,2518.017,119.1,6898.846,35.872,13.524,1.774,21.781,1249.257,614.388,29.06,26411.848,,0.0,0.0,0.0,8.753,51.775,0.559,0.18,,103.409,0.284,3.806,,11.826,0.054,,0.023,7019.37,2420.716,40.915,2.713,9.476,72.517,3.43,200.35,1.033,0.393,13.907,0.002,0.019,0.211,0.01,0.408,0.003,0.001,18.197,0.006,0.041,0.211,0.01,0.862,0.003,0.002
South Korea,2003,KOR,47514158.0,1229830453921.0,,0.0,0.0,0.0,3.999,0.19,0.055,0.0,457.89,3.843,22.522,12807.491,608.537,2928.18,139.13,-0.603,-0.105,363.262,17.26,40.006,24.451,347.77,7319.292,347.77,15.413,3.162,76.543,52558.207,2.031,2.141,44.476,4482.664,212.99,44650.391,2121.526,61.245,85.241,4.74,11.461,253.239,957.82,45.51,5329.75,,0.0,0.0,0.0,13.086,10.175,159.24,51.126,4.455,13.312,102.917,4.89,280.173,1.406,0.535,9.99,31.532,367.318,2836.628,134.78,7730.698,38.756,14.759,0.0,0.0,8.874,27.02,353.329,2729.081,129.67,7436.29,37.286,14.197,0.84,10.493,1259.75,596.664,28.35,26513.148,,0.0,0.0,0.0,8.152,50.616,0.587,0.19,,5.028,0.028,3.999,,12.365,0.055,,0.024,7319.292,2497.259,48.708,4.512,13.989,107.547,5.11,294.409,1.469,0.562,10.051,0.002,0.021,0.21,0.01,0.445,0.003,0.001,67.092,0.027,0.068,0.421,0.02,1.426,0.006,0.003
South Korea,2004,KOR,47697076.0,1281243847324.0,,0.0,0.0,0.0,6.08,0.29,0.079,0.0,462.61,5.497,33.452,13459.709,641.989,3006.683,143.41,-3.244,-0.56,350.128,16.7,38.968,25.111,368.02,7715.777,368.02,15.829,2.696,67.324,53768.141,2.002,3.209,68.079,4877.657,232.65,45906.477,2189.605,63.217,85.645,17.182,43.511,296.75,1324.609,63.18,6221.553,,0.0,0.0,0.0,17.168,11.607,170.25,-11.759,-1.629,11.683,90.362,4.31,244.945,1.171,0.457,0.444,-0.323,366.994,2838.119,135.37,7694.274,36.783,14.355,0.0,0.0,0.804,0.912,354.241,2740.42,130.71,7426.885,35.517,13.856,-0.705,-8.884,1250.866,546.365,26.06,26225.213,,0.0,0.0,0.0,7.081,48.927,0.915,0.29,,55.782,0.328,6.08,,19.188,0.079,,0.036,7715.777,2564.583,-8.714,-1.235,12.754,97.7,4.66,267.389,1.266,0.499,27.348,0.006,0.027,0.21,0.01,0.561,0.003,0.001,90.798,0.061,0.129,1.048,0.05,2.696,0.014,0.005
South Korea,2005,KOR,47851646.0,1322354601142.0,,0.0,0.0,0.0,5.433,0.26,0.067,0.0,449.59,1.651,10.602,13637.794,652.591,3142.212,150.36,-11.25,-1.879,309.734,14.821,38.606,24.783,389.47,8139.114,389.47,16.375,3.044,78.054,55225.629,1.998,1.734,37.964,4986.662,238.62,46551.559,2227.569,61.268,84.595,7.069,20.976,317.726,1347.707,64.49,6639.809,,5.703,119.183,5.703,16.558,12.066,175.1,-14.794,-1.809,9.874,76.695,3.67,206.356,0.942,0.375,11.435,38.647,405.642,3152.452,150.85,8477.064,38.732,15.405,0.0,0.0,12.29,40.327,394.567,3067.397,146.78,8245.636,37.687,14.984,0.511,6.386,1257.252,496.744,23.77,26273.957,,0.0,0.0,0.0,6.103,47.746,0.812,0.26,,-11.287,-0.103,5.433,,16.967,0.067,,0.031,8139.114,2642.637,-12.526,-1.679,11.074,85.055,4.07,231.429,1.045,0.421,45.857,0.012,0.039,0.209,0.01,0.809,0.003,0.001,173.783,0.221,0.349,2.717,0.13,7.297,0.033,0.013
South Korea,2006,KOR,48006518.0,1381281470156.0,,0.5,10.417,0.5,4.999,0.24,0.06,0.019,451.18,3.349,21.857,14049.079,674.447,3207.689,153.99,-0.282,-0.042,307.862,14.779,38.212,25.195,402.99,8394.485,402.99,16.644,1.642,43.405,55951.609,1.945,1.814,40.418,5213.042,250.26,47243.316,2267.987,62.101,84.723,5.432,17.26,334.986,1558.955,74.84,6977.924,-10.896,-0.621,105.854,5.082,18.571,12.514,181.82,-5.602,-0.603,9.271,72.282,3.47,193.13,0.861,0.346,1.572,3.33,408.972,3181.443,152.73,8519.086,37.899,15.277,0.0,0.0,1.342,3.157,397.724,3098.538,148.75,8284.797,36.912,14.857,0.104,1.302,1258.554,446.398,21.43,26216.314,,0.0,0.0,0.0,5.318,47.014,0.754,0.24,,-7.13,-0.058,4.999,,15.707,0.06,,0.028,8394.485,2686.042,9.846,0.173,11.247,82.905,3.98,234.288,0.988,0.42,115.446,0.044,0.083,0.625,0.03,1.728,0.007,0.003,83.936,0.29,0.639,4.999,0.24,13.307,0.06,0.024
South Korea,2007,KOR,48178122.0,1446721509093.0,120.93,0.605,22.933,1.105,7.887,0.38,0.089,0.04,473.64,5.113,34.482,14714.762,708.93,3547.046,170.89,5.602,0.828,323.951,15.607,40.171,25.711,425.41,8829.941,425.41,16.932,2.965,79.643,57405.418,1.912,4.233,95.993,5770.462,278.01,49067.508,2363.98,65.351,85.736,8.308,27.832,362.818,1751.833,84.4,7530.755,-19.178,-0.975,85.249,4.107,19.84,13.159,201.49,4.733,0.387,9.659,75.345,3.63,200.478,0.853,0.35,-3.083,-15.668,393.304,3059.48,147.4,8163.536,34.649,14.264,0.0,0.0,-3.907,-17.572,380.152,2966.907,142.94,7890.553,33.601,13.787,2.676,33.679,1292.233,471.583,22.72,26821.99,,0.0,0.0,0.0,5.341,46.866,1.2,0.38,,59.105,0.446,7.887,,24.901,0.089,,0.044,8829.941,2765.685,24.302,1.904,13.152,92.573,4.46,272.983,1.048,0.477,129.769,0.107,0.19,1.453,0.07,3.935,0.016,0.007,57.231,0.36,0.999,7.887,0.38,20.736,0.089,0.036
South Korea,2008,KOR,48356485.0,1477425172333.0,86.316,0.954,42.569,2.059,13.442,0.65,0.147,0.073,477.26,11.248,79.739,16309.478,788.669,3948.798,190.95,-3.915,-0.611,310.119,14.996,43.142,28.1,442.61,9153.063,442.61,17.345,1.824,50.451,58236.988,1.906,1.282,30.3,5939.431,287.21,49513.109,2394.28,64.89,85.306,2.908,10.551,373.368,1689.536,81.7,7721.165,-38.701,-1.589,52.064,2.518,18.459,13.303,211.24,-15.462,-1.558,8.101,63.487,3.07,167.518,0.694,0.289,6.03,19.103,412.406,3213.633,155.4,8528.463,35.11,14.694,0.0,0.0,5.611,18.154,398.306,3121.815,150.96,8236.866,34.107,14.191,-4.642,-59.991,1232.243,301.097,14.56,25482.467,,0.0,0.0,0.0,3.29,43.904,2.041,0.65,,70.114,0.841,13.442,,42.205,0.147,,0.073,9153.063,2816.136,16.789,0.949,14.101,91.818,4.44,291.597,1.003,0.502,298.876,0.561,0.75,5.79,0.28,15.513,0.063,0.027,16.077,0.151,1.15,9.099,0.44,23.792,0.099,0.041
South Korea,2009,KOR,48546690.0,1477640571750.0,47.458,0.977,62.526,3.035,11.123,0.54,0.119,0.107,495.28,3.847,30.344,16870.617,819.013,4312.344,209.35,-9.16,-1.374,280.609,13.623,46.27,29.001,452.45,9319.895,452.45,17.563,0.596,16.788,58354.625,1.917,1.108,26.529,6181.06,300.07,49865.574,2420.809,66.321,85.721,-4.942,-18.453,354.915,1470.337,71.38,7310.798,130.463,3.285,119.519,5.802,15.776,12.568,224.09,-8.369,-0.717,7.384,57.882,2.81,152.094,0.621,0.261,-1.302,-9.168,403.238,3138.834,152.38,8306.198,33.679,14.279,0.0,0.0,-2.111,-10.456,387.85,3043.874,147.77,7989.214,32.66,13.734,1.188,14.638,1246.881,398.379,19.34,25684.16,,0.0,0.0,0.0,4.275,44.152,1.685,0.54,,-17.458,-0.356,11.123,,34.7,0.119,,0.06,9319.895,2832.924,17.489,1.288,15.389,94.96,4.61,316.985,1.019,0.545,99.142,0.736,1.486,11.741,0.57,30.611,0.126,0.053,57.179,0.648,1.799,14.213,0.69,37.054,0.153,0.064
South Korea,2010,KOR,48769329.0,1562822824921.0,36.782,1.116,85.134,4.152,8.612,0.42,0.085,0.136,500.21,11.863,97.158,18785.805,916.171,4478.43,218.41,-17.269,-2.352,231.091,11.27,44.121,30.073,495.03,10150.437,495.03,17.687,7.882,223.304,62667.0,1.956,9.068,219.525,6986.768,340.74,54139.223,2640.333,68.832,86.668,26.837,95.25,450.165,2138.639,104.3,9230.488,7.988,0.463,128.476,6.266,21.069,14.777,247.62,30.883,2.205,9.588,75.457,3.68,196.608,0.743,0.315,1.948,2.917,406.155,3163.668,154.29,8328.093,31.168,13.332,0.0,0.0,0.558,-0.882,386.968,3046.997,148.6,7934.66,30.018,12.702,2.175,27.117,1273.998,369.7,18.03,26122.932,,0.0,0.0,0.0,3.642,41.819,1.305,0.42,,-22.504,-0.379,8.612,,26.768,0.085,,0.043,10150.437,3056.228,28.835,3.799,19.187,116.672,5.69,393.433,1.149,0.63,36.601,0.528,2.014,15.789,0.77,41.299,0.156,0.066,19.202,0.329,2.127,16.814,0.82,43.623,0.166,0.07
South Korea,2011,KOR,49127640.0,1609219825000.0,-2.801,-0.116,82.145,4.036,20.762,1.02,0.197,0.126,497.09,9.424,86.34,20406.25,1002.511,4581.535,225.08,0.0,0.0,229.406,11.27,43.438,31.343,518.16,10547.219,518.16,17.624,4.978,152.124,65306.441,1.994,5.058,133.537,7247.244,356.04,56462.52,2773.87,68.712,86.725,7.617,34.29,484.455,2347.762,115.34,9861.142,-16.144,-1.012,106.95,5.254,22.26,15.146,257.57,24.87,2.323,11.911,93.634,4.6,242.451,0.888,0.372,4.875,18.44,424.595,3299.975,162.12,8642.695,31.288,13.275,0.0,0.0,4.124,13.869,400.837,3149.347,154.72,8159.095,29.86,12.532,1.013,12.907,1286.905,317.947,15.62,26195.127,,0.0,0.0,0.0,3.015,40.235,3.185,1.02,,144.007,1.88,20.762,,64.84,0.197,,0.1,10547.219,3208.351,16.219,4.571,23.758,150.628,7.4,483.6,1.428,0.743,19.308,0.376,2.391,18.727,0.92,48.66,0.178,0.075,5.623,0.108,2.235,17.505,0.86,45.503,0.166,0.07
South Korea,2012,KOR,49599580.0,1647889319531.0,2.882,0.116,83.709,4.152,43.549,2.16,0.407,0.128,501.89,-4.088,-40.983,19385.805,961.528,4504.675,223.43,-2.761,-0.311,220.948,10.959,42.061,29.735,531.21,10709.97,531.21,17.811,1.075,34.492,65380.469,1.968,1.656,45.929,7514.378,372.71,56851.266,2819.799,70.162,87.203,8.428,40.832,525.286,2599.619,128.94,10590.541,-3.684,-0.194,102.03,5.061,24.273,16.245,266.61,-13.673,-1.682,10.229,80.041,3.97,206.241,0.747,0.316,-2.117,-10.777,413.819,3195.592,158.5,8343.187,29.838,12.797,0.0,0.0,-2.841,-13.396,387.441,3030.873,150.33,7811.385,28.3,11.982,3.581,46.08,1332.985,410.084,20.34,26874.92,,0.0,0.0,0.0,3.829,41.223,6.738,2.16,,111.534,3.553,43.549,,135.854,0.407,,0.208,10709.97,3242.844,7.683,2.619,26.377,164.719,8.17,531.801,1.538,0.816,22.145,0.514,2.905,22.782,1.13,58.567,0.213,0.09,5.781,0.117,2.353,18.347,0.91,47.43,0.171,0.073
South Korea,2013,KOR,50071168.0,1700045113031.0,5.042,0.209,87.101,4.361,62.311,3.12,0.581,0.135,511.75,-0.06,-0.579,19191.65,960.948,4468.64,223.75,-13.324,-1.46,189.706,9.499,41.654,29.724,537.16,10727.93,537.16,17.911,-0.014,-0.47,64755.305,1.907,0.919,25.925,7751.966,388.15,56833.578,2845.724,72.26,88.022,4.659,24.472,549.758,2872.911,143.85,10979.537,6.18,0.313,107.315,5.373,26.78,17.005,274.89,8.068,0.741,10.97,85.678,4.29,219.088,0.799,0.339,-5.701,-26.586,387.232,2975.964,149.01,7733.635,27.74,11.978,0.0,0.0,-7.679,-32.495,354.946,2771.655,138.78,7088.834,25.836,10.979,0.152,2.032,1335.017,410.416,20.55,26662.389,,0.0,0.0,0.0,3.826,41.294,9.753,3.12,,44.74,3.015,62.311,,194.783,0.581,,0.302,10727.93,3242.374,18.432,5.909,32.286,204.309,10.23,644.801,1.904,0.999,47.959,1.36,4.265,33.353,1.67,85.18,0.311,0.132,25.794,0.584,2.937,22.967,1.15,58.649,0.214,0.091
South Korea,2014,KOR,50539055.0,1754480590300.0,5.067,0.221,90.667,4.582,124.656,6.3,1.166,0.141,493.39,3.063,29.437,19596.428,990.385,4473.174,226.07,-3.691,-0.351,181.012,9.148,41.835,30.387,540.38,10692.325,540.38,18.048,0.833,26.996,64689.973,1.863,-0.896,-25.508,7342.44,371.08,55802.695,2820.216,68.67,86.53,-9.044,-49.718,500.04,2588.889,130.84,9894.13,-30.505,-1.639,73.888,3.734,24.213,15.342,266.62,-35.853,-3.969,7.001,54.413,2.75,138.528,0.509,0.215,13.373,51.795,439.027,3349.885,169.3,8686.88,31.33,13.47,0.0,0.0,12.698,43.035,397.981,3094.834,156.41,7874.72,28.944,12.211,-0.391,-5.226,1329.791,280.377,14.17,26312.139,,0.0,0.0,0.0,2.622,40.801,19.692,6.3,,101.903,9.939,124.656,,389.632,1.166,,0.604,10692.325,3269.37,19.795,8.76,41.046,255.05,12.89,812.16,2.385,1.259,61.567,2.591,6.856,53.226,2.69,135.655,0.498,0.21,-0.227,-0.022,2.915,22.755,1.15,57.678,0.213,0.089
South Korea,2015,KOR,50983909.0,1803763858886.0,11.929,0.547,100.597,5.129,146.713,7.48,1.365,0.155,487.64,0.433,4.286,19509.508,994.671,4563.792,232.68,0.915,0.084,181.075,9.232,42.475,30.05,547.8,10744.566,547.8,18.079,1.564,51.138,65128.559,1.841,0.877,24.73,7214.825,367.84,55800.852,2844.946,67.149,85.947,-8.708,-43.543,456.497,2393.5,122.03,8953.752,-41.615,-1.554,42.763,2.18,22.276,13.791,267.13,-22.014,-1.569,5.432,42.17,2.15,106.547,0.392,0.164,6.445,26.135,465.162,3529.741,179.96,9123.696,32.851,14.053,0.0,0.0,5.342,19.139,417.12,3231.608,164.76,8181.406,30.077,12.601,4.812,63.987,1393.777,257.532,13.13,27337.594,,0.0,0.0,0.0,2.397,42.107,23.373,7.48,,18.696,3.682,146.713,,458.442,1.365,,0.706,10744.566,3320.509,16.318,6.996,48.042,298.133,15.2,942.29,2.775,1.451,56.993,3.853,10.709,82.967,4.23,210.041,0.772,0.324,17.187,0.484,3.399,26.283,1.34,66.662,0.245,0.103
South Korea,2016,KOR,51297836.0,1856920794289.0,18.594,0.954,118.572,6.082,157.512,8.08,1.44,0.177,489.38,-2.674,-26.594,18871.697,968.077,4540.348,232.91,-2.154,-0.199,176.09,9.033,41.518,28.243,560.98,10935.743,560.98,17.808,3.567,118.433,67038.734,1.852,4.186,119.084,7424.484,380.86,57780.797,2964.03,67.892,86.475,4.368,19.94,476.437,2544.357,130.52,9287.661,-18.085,-0.394,34.815,1.786,23.266,13.9,274.53,32.649,1.719,7.151,55.558,2.85,139.41,0.508,0.209,0.602,-1.567,463.594,3511.259,180.12,9037.309,32.108,13.525,0.0,0.0,-1.68,-10.097,407.023,3157.833,161.99,7934.503,28.876,11.875,9.021,125.738,1519.516,339.78,17.43,29621.439,,0.0,0.0,0.0,3.107,44.331,25.249,8.08,,8.024,1.876,157.512,,492.199,1.44,,0.737,10935.743,3438.942,19.095,8.53,56.572,353.426,18.13,1102.805,3.232,1.65,30.407,3.151,13.86,107.607,5.52,270.18,0.984,0.404,25.38,0.83,4.229,32.75,1.68,82.444,0.299,0.123
South Korea,2017,KOR,51486268.0,1915599559593.0,7.839,0.477,127.399,6.559,186.652,9.61,1.667,0.189,511.48,6.113,59.178,19952.033,1027.256,5065.234,260.79,-9.565,-0.864,158.663,8.169,45.244,29.614,576.41,11195.412,576.41,17.975,1.18,40.575,67581.461,1.816,2.205,65.357,7878.8,405.65,58838.734,3029.387,70.375,87.331,4.434,21.127,497.564,2625.166,135.16,9664.012,,,,,23.449,14.344,294.82,-1.316,-0.129,7.022,54.578,2.81,136.387,0.488,0.202,-4.774,-24.141,439.453,3316.612,170.76,8535.348,29.625,12.669,0.0,0.0,-8.376,-35.956,371.067,2882.905,148.43,7207.103,25.751,10.697,-0.984,-14.949,1504.567,188.4,9.7,29222.688,,,,,1.683,43.374,30.034,9.61,,18.953,4.786,186.652,,583.345,1.667,,0.866,11195.412,3479.517,19.331,11.815,68.386,433.708,22.33,1328.245,3.874,1.971,40.301,5.488,19.348,150.331,7.74,375.789,1.343,0.558,28.867,1.194,5.423,42.147,2.17,105.325,0.376,0.156
South Korea,2018,KOR,51640894.0,1971285914824.0,21.631,1.419,154.493,7.978,228.695,11.81,1.992,0.225,518.81,2.982,30.628,20485.385,1057.884,4989.65,257.67,-19.192,-1.568,127.829,6.601,43.459,29.779,592.91,11481.404,592.91,17.94,2.387,83.055,68987.422,1.807,3.507,106.236,8357.718,431.6,60719.754,3135.622,72.794,88.268,16.174,80.476,578.04,3161.835,163.28,11193.456,,,,,27.539,16.272,307.61,19.602,1.335,8.357,65.065,3.36,161.824,0.567,0.235,-4.525,-22.671,416.782,3123.687,161.31,8070.775,27.206,11.732,0.0,0.0,-10.053,-38.964,332.103,2585.354,133.51,6431.001,22.518,9.349,-0.324,-4.868,1499.699,206.232,10.65,29040.914,,,,,1.796,42.216,36.92,11.81,,22.928,6.886,228.695,,714.944,1.992,,1.039,11481.404,3562.572,23.876,16.293,84.679,538.333,27.8,1639.774,4.689,2.384,31.377,5.944,25.292,196.937,10.17,489.773,1.715,0.712,13.64,0.709,6.132,47.637,2.46,118.739,0.415,0.173
South Korea,2019,KOR,51767844.0,2015521635585.0,-0.146,-0.012,153.89,7.967,257.882,13.35,2.275,0.227,496.97,-5.744,-60.765,19261.35,997.119,4733.44,245.04,-9.667,-0.638,115.189,5.963,41.759,28.457,586.8,11335.222,586.8,18.16,-1.309,-46.637,67917.344,1.744,-2.908,-91.171,7879.022,407.88,58809.691,3044.451,69.509,86.886,-3.062,-17.702,560.338,3002.057,155.41,10824.062,,,,,26.484,15.992,291.62,-16.989,-1.454,6.903,53.894,2.79,133.339,0.475,0.197,10.395,42.733,459.515,3456.199,178.92,8876.455,30.491,13.114,0.0,0.0,9.291,29.06,361.163,2818.545,145.91,6976.581,24.865,10.307,-0.847,-12.705,1486.994,143.525,7.43,28724.281,,,,,1.266,42.437,41.72,13.35,,13.001,4.8,257.882,,805.914,2.275,,1.191,11335.222,3515.935,14.513,13.673,98.352,637.654,33.01,1899.875,5.625,2.807,39.591,9.839,35.131,274.108,14.19,678.625,2.418,1.003,8.693,0.5,6.632,51.77,2.68,128.107,0.457,0.189
South Korea,2020,KOR,51858481.0,2001231642062.0,1.46,0.116,155.864,8.083,270.544,14.03,2.431,0.239,457.63,-11.46,-114.273,17024.131,882.846,4010.337,207.97,-5.996,-0.358,108.092,5.606,36.036,26.147,577.11,11128.556,577.11,18.783,-3.59,-126.225,65364.605,1.694,-5.931,-180.557,7260.722,376.53,55225.18,2863.894,65.244,84.82,2.683,15.035,575.373,3134.299,162.54,11095.062,,,,,28.164,17.041,264.1,39.035,2.671,9.573,74.819,3.88,184.606,0.672,0.284,11.653,53.038,512.553,3867.834,200.58,9883.687,34.756,15.18,0.0,0.0,9.783,34.353,395.515,3088.791,160.18,7626.821,27.756,11.714,-5.469,-81.319,1405.675,116.085,6.02,27105.986,,,,,1.043,41.632,43.856,14.03,,5.118,2.135,270.544,,845.679,2.431,,1.299,11128.556,3389.709,18.312,18.685,117.038,779.043,40.4,2256.865,7.0,3.466,36.251,12.617,47.748,372.938,19.34,920.738,3.351,1.414,17.568,1.146,7.778,60.742,3.15,149.978,0.546,0.23
South Korea,2021,KOR,51848401.0,2084182684453.0,1.295,0.105,157.913,8.188,330.772,17.15,2.822,0.23,459.46,2.975,26.262,17533.947,909.107,4114.303,213.32,-11.874,-0.666,95.276,4.94,35.099,25.538,607.76,11721.866,607.76,18.718,5.417,183.609,68918.578,1.714,5.891,168.722,7746.623,401.65,58490.051,3032.615,66.087,85.19,8.464,48.701,624.074,3495.383,181.23,12036.513,,,,,29.819,17.531,279.24,-21.219,-2.05,7.523,58.825,3.05,145.104,0.502,0.211,2.704,14.673,527.226,3975.243,206.11,10168.611,33.913,14.81,0.0,0.0,-1.354,-6.315,389.2,3047.538,158.01,7506.501,25.999,10.933,6.67,93.759,1499.434,136.938,7.1,28919.59,,,,,1.168,42.121,53.602,17.15,,22.223,9.746,330.772,,1033.818,2.822,,1.506,11721.866,3573.318,16.11,20.989,138.026,927.705,48.1,2662.11,7.914,3.877,27.819,13.133,60.881,476.775,24.72,1174.209,4.067,1.71,0.955,0.055,7.833,61.333,3.18,151.066,0.523,0.22
South Korea,2022,KOR,51782515.0,2137558645699.0,-3.125,-0.256,153.173,7.932,344.711,17.85,2.867,0.22,438.06,-3.883,-35.301,16874.535,873.806,4040.36,209.22,-9.072,-0.448,86.742,4.492,33.605,24.24,622.59,12023.171,622.59,19.124,1.294,46.251,69899.453,1.693,-0.545,-16.527,7551.777,391.05,58245.301,3016.088,62.81,83.668,-0.046,-0.285,623.789,3373.919,174.71,12046.319,,,,,28.062,17.304,272.73,15.933,1.177,8.701,68.363,3.54,168.024,0.569,0.241,11.742,61.519,588.745,4471.394,231.54,11369.581,37.19,16.332,0.0,0.0,11.416,43.365,432.565,3399.796,176.05,8353.498,28.277,12.0,1.271,19.059,1518.494,137.498,7.12,29324.447,,,,,1.144,42.124,55.775,17.85,,4.054,2.173,344.711,,1077.096,2.867,,1.547,12023.171,3619.57,12.656,18.154,156.18,1071.597,55.49,3016.082,8.913,4.333,24.309,14.614,75.494,593.444,30.73,1457.915,4.936,2.094,5.957,0.446,8.279,65.08,3.37,159.876,0.541,0.23
South Korea,2023,KOR,51748744.0,,2.053,0.163,156.419,8.094,361.748,18.72,3.032,0.229,427.29,-3.297,-28.813,16328.767,844.993,3890.722,201.34,-21.232,-0.954,68.37,3.538,32.606,23.866,617.49,11932.463,617.49,19.4,-1.704,-61.671,68753.328,,-2.677,-80.752,7303.172,377.93,56722.855,2935.336,61.204,82.906,-3.694,-23.042,600.747,3277.567,169.61,11608.921,,,,,27.468,16.968,263.85,4.949,0.364,9.064,71.886,3.72,175.163,0.602,0.256,3.416,16.469,605.214,4629.291,239.56,11695.246,38.796,17.094,0.0,0.0,2.522,7.664,440.229,3487.814,180.49,8507.057,29.23,12.434,-1.903,-28.897,1489.596,134.883,6.98,28785.168,,,,,1.13,42.072,58.488,18.72,,4.864,2.713,361.748,,1130.226,3.032,,1.652,11932.463,3557.898,5.896,8.804,164.985,1141.477,59.07,3188.189,9.566,4.66,8.17,5.57,81.065,642.334,33.24,1566.502,5.383,2.29,0.674,-0.005,8.274,65.509,3.39,159.88,0.549,0.234
South Korea,2024,KOR,51717587.0,,9.77,0.791,171.805,8.885,393.29,20.34,3.252,0.247,415.51,-6.223,-52.582,15321.896,792.411,3688.881,190.78,-15.776,-0.558,57.618,2.98,30.506,22.009,625.38,12092.212,625.38,19.377,1.639,58.32,69922.406,,1.149,33.729,7268.514,375.91,57409.215,2969.066,60.109,82.465,5.949,35.74,636.487,3448.537,178.35,12306.982,,,,,28.519,17.678,259.85,15.682,1.422,10.486,83.144,4.3,202.755,0.688,0.291,4.327,26.115,631.329,4823.698,249.47,12207.241,39.891,17.535,0.0,0.0,4.576,20.146,460.376,3649.629,188.75,8901.728,30.182,12.787,3.395,50.571,1540.167,131.097,6.78,29780.336,,,,,1.084,42.778,63.562,20.34,,8.676,5.074,393.29,,1229.025,3.252,,1.765,12092.212,3616.218,3.659,5.968,170.953,1174.069,60.72,3305.514,9.709,4.748,-1.542,-1.25,79.814,632.667,32.72,1543.272,5.232,2.217,-0.824,-0.068,8.205,64.968,3.36,158.657,0.537,0.228
South Korea,2025,KOR,51667035.0,,,,,,381.094,19.69,3.152,,417.06,,,,,3765.07,194.53,,,,,31.142,,624.66,12090.106,624.66,,,,,,,,7259.174,375.06,,,60.042,,,,,3378.944,174.58,,,,,,27.948,,260.52,,,,73.548,3.8,,0.608,,,,,4830.934,249.6,,39.958,,0.0,0.0,,,,3574.233,184.67,,29.563,,,,,115.16,5.95,,,,,,0.953,,,19.69,,,,381.094,,,3.152,,,12090.106,,,,,1256.701,64.93,,10.394,,,,,731.608,37.8,,6.051,,,,,70.451,3.64,,0.583,
World,1900,,1627273655.0,3503708270156.0,,,,,,,,,,,,,,,,,,3287.639,5349.888,,,,,,,,,,,,,,,,,,,,,,,,,,,45.377,73.84,,,,,,,,,,,,,,,,,,,,,,,,,,,,,,,,,,,,,,144.382,234.949,,,,,,,,,,,,,,,,,,,,,,,,,,,,,,,,,,,,,,,
World,1901,,1639887187.0,,,,,,,,,,,,,,,,,1.808,96.707,3321.323,5446.595,,,,,,,,,,,,,,,,,,,,,,,,,10.817,7.988,49.899,81.828,,,,,,,,,,,,,,,,,,,,,,,,,,,,,,,,,,,,11.87,27.889,160.278,262.838,,,,,,,,,,,,,,,,,,,,,,,,,,,,,,,,,,,,,,,
World,1902,,1653151632.0,,,,,,,,,,,,,,,,,2.42,131.829,3374.418,5578.424,,,,,,,,,,,,,,,,,,,,,,,,,9.761,7.988,54.33,89.816,,,,,,,,,,,,,,,,,,,,,,,,,,,,,,,,,,,,8.58,22.551,172.633,285.389,,,,,,,,,,,,,,,,,,,,,,,,,,,,,,,,,,,,,,,
World,1903,,1667064512.0,,,,,,,,,,,,,,,,,9.121,508.836,3651.485,6087.26,,,,,,,,,,,,,,,,,,,,,,,,,8.893,7.988,58.668,97.803,,,,,,,,,,,,,,,,,,,,,,,,,,,,,,,,,,,,6.887,19.655,182.982,305.043,,,,,,,,,,,,,,,,,,,,,,,,,,,,,,,,,,,,,,,
World,1904,,1681154888.0,,,,,,,,,,,,,,,,,0.509,30.981,3639.309,6118.242,,,,,,,,,,,,,,,,,,,,,,,,,8.167,7.988,62.928,105.791,,,,,,,,,,,,,,,,,,,,,,,,,,,,,,,,,,,,12.292,37.495,203.752,342.538,,,,,,,,,,,,,,,,,,,,,,,,,,,,,,,,,,,,,,,
World,1905,,1695427510.0,,,,,,,,,,,,,,,,,7.809,477.76,3890.465,6596.002,,,,,,,,,,,,,,,,,,,,,,,,,7.55,7.988,67.109,113.779,,,,,,,,,,,,,,,,,,,,,,,,,,,,,,,,,,,,-1.647,-5.641,198.71,336.898,,,,,,,,,,,,,,,,,,,,,,,,,,,,,,,,,,,,,,,
World,1906,,1709887300.0,,,,,,,,,,,,,,,,,5.601,369.474,4073.646,6965.476,,,,,,,,,,,,,,,,,,,,,,,,,7.02,7.988,71.213,121.766,,,,,,,,,,,,,,,,,,,,,,,,,,,,,,,,,,,,-0.4,-1.349,196.24,335.549,,,,,,,,,,,,,,,,,,,,,,,,,,,,,,,,,,,,,,,
World,1907,,1724558347.0,,,,,,,,,,,,,,,,,10.617,739.536,4467.817,7705.012,,,,,,,,,,,,,,,,,,,,,,,,,6.56,7.988,75.239,129.754,,,,,,,,,,,,,,,,,,,,,,,,,,,,,,,,,,,,23.648,79.351,240.583,414.9,,,,,,,,,,,,,,,,,,,,,,,,,,,,,,,,,,,,,,,
World,1908,,1739441480.0,,,,,,,,,,,,,,,,,-4.964,-382.44,4209.726,7322.571,,,,,,,,,,,,,,,,,,,,,,,,,6.156,7.988,79.187,137.742,,,,,,,,,,,,,,,,,,,,,,,,,,,,,,,,,,,,8.107,33.634,257.861,448.534,,,,,,,,,,,,,,,,,,,,,,,,,,,,,,,,,,,,,,,
World,1909,,1753729257.0,,,,,,,,,,,,,,,,,4.493,328.97,4363.012,7651.541,,,,,,,,,,,,,,,,,,,,,,,,,5.799,7.988,83.097,145.729,,,,,,,,,,,,,,,,,,,,,,,,,,,,,,,,,,,,5.079,22.783,268.751,471.317,,,,,,,,,,,,,,,,,,,,,,,,,,,,,,,,,,,,,,,
World,1910,,1767417985.0,,,,,,,,,,,,,,,,,5.366,410.572,4561.52,8062.113,,,,,,,,,,,,,,,,,,,,,,,,,8.138,11.86,89.163,157.589,,,,,,,,,,,,,,,,,,,,,,,,,,,,,,,,,,,,8.767,41.321,290.05,512.639,,,,,,,,,,,,,,,,,,,,,,,,,,,,,,,,,,,,,,,
World,1911,,1780422213.0,,,,,,,,,,,,,,,,,1.781,143.599,4608.857,8205.712,,,,,,,,,,,,,,,,,,,,,,,,,5.315,8.376,93.217,165.965,,,,,,,,,,,,,,,,,,,,,,,,,,,,,,,,,,,,5.923,30.366,304.986,543.005,,,,,,,,,,,,,,,,,,,,,,,,,,,,,,,,,,,,,,,
World,1912,,1792912374.0,,,,,,,,,,,,,,,,,4.938,405.229,4802.768,8610.941,,,,,,,,,,,,,,,,,,,,,,,,,5.047,8.376,97.239,174.342,,,,,,,,,,,,,,,,,,,,,,,,,,,,,,,,,,,,1.611,8.746,307.74,551.75,,,,,,,,,,,,,,,,,,,,,,,,,,,,,,,,,,,,,,,
World,1913,,1804803374.0,,,,,,,,,,,,,,,,,7.149,615.565,5112.195,9226.507,,,,,,,,,,,,,,,,,,,,,,,,,4.805,8.376,101.24,182.718,,,,,,,,,,,,,,,,,,,,,,,,,,,,,,,,,,,,10.255,56.58,337.062,608.33,,,,,,,,,,,,,,,,,,,,,,,,,,,,,,,,,,,,,,,
World,1914,,1816884694.0,,,,,,,,,,,,,,,,,-10.248,-945.524,4557.792,8280.982,,,,,,,,,,,,,,,,,,,,,,,,,4.584,8.376,105.177,191.094,,,,,,,,,,,,,,,,,,,,,,,,,,,,,,,,,,,,3.002,18.259,344.87,626.59,,,,,,,,,,,,,,,,,,,,,,,,,,,,,,,,,,,,,,,
World,1915,,1829102909.0,,,,,,,,,,,,,,,,,-1.581,-130.907,4455.777,8150.075,,,,,,,,,,,,,,,,,,,,,,,,,4.383,8.376,109.054,199.471,,,,,,,,,,,,,,,,,,,,,,,,,,,,,,,,,,,,7.337,45.973,367.701,672.563,,,,,,,,,,,,,,,,,,,,,,,,,,,,,,,,,,,,,,,
World,1916,,1841395693.0,,,,,,,,,,,,,,,,,7.265,592.11,4747.586,8742.186,,,,,,,,,,,,,,,,,,,,,,,,,4.199,8.376,112.875,207.847,,,,,,,,,,,,,,,,,,,,,,,,,,,,,,,,,,,,7.275,48.927,391.817,721.49,,,,,,,,,,,,,,,,,,,,,,,,,,,,,,,,,,,,,,,
World,1917,,1853777065.0,,,,,,,,,,,,,,,,,4.141,361.976,4911.141,9104.161,,,,,,,,,,,,,,,,,,,,,,,,,4.03,8.376,116.639,216.223,,,,,,,,,,,,,,,,,,,,,,,,,,,,,,,,,,,,10.54,76.049,430.224,797.539,,,,,,,,,,,,,,,,,,,,,,,,,,,,,,,,,,,,,,,
World,1918,,1866778878.0,,,,,,,,,,,,,,,,,-1.787,-162.688,4789.787,8941.474,,,,,,,,,,,,,,,,,,,,,,,,,3.874,8.376,120.314,224.6,,,,,,,,,,,,,,,,,,,,,,,,,,,,,,,,,,,,-0.717,-5.722,424.162,791.817,,,,,,,,,,,,,,,,,,,,,,,,,,,,,,,,,,,,,,,
World,1919,,1880624916.0,,,,,,,,,,,,,,,,,-15.186,-1357.816,4032.52,7583.658,,,,,,,,,,,,,,,,,,,,,,,,,3.729,8.376,123.882,232.976,,,,,,,,,,,,,,,,,,,,,,,,,,,,,,,,,,,,13.887,109.962,479.51,901.779,,,,,,,,,,,,,,,,,,,,,,,,,,,,,,,,,,,,,,,
World,1920,,1895426673.0,4824948231242.0,,,,,,,,,,,,,,,,14.611,1108.069,4585.63,8691.727,,,,,,,,,,,,,,,,,,,,,,,,,3.595,8.376,127.334,241.352,,,,,,,,,,,,,,,,,,,,,,,,,,,,,,,,,,,,28.123,253.604,609.563,1155.382,,,,,,,,,,,,,,,,,,,,,,,,,,,,,,,,,,,,,,,
World,1921,,1910916276.0,,,,,,,,,,,,,,,,,-16.495,-1433.714,3798.185,7258.013,,,,,,,,,,,,,,,,,,,,,,,,,3.471,8.376,130.685,249.729,,,,,,,,,,,,,,,,,,,,,,,,,,,,,,,,,,,,8.262,95.459,654.577,1250.841,,,,,,,,,,,,,,,,,,,,,,,,,,,,,,,,,,,,,,,
World,1922,,1927207651.0,,,,,,,,,,,,,,,,,5.547,402.601,3974.981,7660.614,,,,,,,,,,,,,,,,,,,,,,,,,6.75,16.858,138.328,266.586,,,,,,,,,,,,,,,,,,,,,,,,,,,,,,,,,,,,11.623,145.387,724.482,1396.228,,,,,,,,,,,,,,,,,,,,,,,,,,,,,,,,,,,,,,,
World,1923,,1944216846.0,,,,,,,,,,,,,,,,,16.478,1262.329,4589.479,8922.942,,,,,,,,,,,,,,,,,,,,,,,,,17.165,45.76,160.654,312.346,,,,,,,,,,,,,,,,,,,,,,,,,,,,,,,,,,,,18.271,255.104,849.356,1651.332,,,,,,,,,,,,,,,,,,,,,,,,,,,,,,,,,,,,,,,
World,1924,,1961489200.0,,,,,,,,,,,,,,,,,-2.623,-234.068,4429.733,8688.874,,,,,,,,,,,,,,,,,,,,,,,,,14.65,45.76,182.569,358.107,,,,,,,,,,,,,,,,,,,,,,,,,,,,,,,,,,,,-0.282,-4.664,839.499,1646.668,,,,,,,,,,,,,,,,,,,,,,,,,,,,,,,,,,,,,,,
World,1925,,1979027667.0,,,,,,,,,,,,,,,,,0.254,22.059,4401.623,8710.933,,,,,,,,,,,,,,,,,,,,,,,,,12.778,45.76,204.074,403.867,,,,,,,,,,,,,,,,,,,,,,,,,,,,,,,,,,,,4.849,79.84,872.402,1726.508,,,,,,,,,,,,,,,,,,,,,,,,,,,,,,,,,,,,,,,
World,1926,,1996813608.0,,,,,,,,,,,,,,,,,-0.449,-39.125,4342.823,8671.808,,,,,,,,,,,,,,,,,,,,,,,,,11.331,45.76,225.172,449.627,,,,,,,,,,,,,,,,,,,,,,,,,,,,,,,,,,,,2.635,45.485,887.41,1771.993,,,,,,,,,,,,,,,,,,,,,,,,,,,,,,,,,,,,,,,
World,1927,,2014848732.0,,,,,,,,,,,,,,,,,7.759,672.886,4637.913,9344.693,,,,,,,,,,,,,,,,,,,,,,,,,10.177,45.76,245.868,495.388,,,,,,,,,,,,,,,,,,,,,,,,,,,,,,,,,,,,14.172,251.127,1004.105,2023.12,,,,,,,,,,,,,,,,,,,,,,,,,,,,,,,,,,,,,,,
World,1928,,2033160306.0,,,,,,,,,,,,,,,,,-1.774,-165.769,4514.609,9178.925,,,,,,,,,,,,,,,,,,,,,,,,,9.237,45.76,266.161,541.148,,,,,,,,,,,,,,,,,,,,,,,,,,,,,,,,,,,,5.016,101.472,1044.97,2124.592,,,,,,,,,,,,,,,,,,,,,,,,,,,,,,,,,,,,,,,
World,1929,,2052125441.0,,,,,,,,,,,,,,,,,6.348,582.658,4756.816,9761.583,,,,,,,,,,,,,,,,,,,,,,,,,6.183,33.458,280.005,574.606,,,,,,,,,,,,,,,,,,,,,,,,,,,,,,,,,,,,12.103,257.139,1160.617,2381.731,,,,,,,,,,,,,,,,,,,,,,,,,,,,,,,,,,,,,,,
World,1930,,2071786711.0,,,,,,,,,,,,,,,,,-8.621,-841.582,4305.463,8920.001,,,,,,,,,,,,,,,,,,,,,,,,,4.837,27.794,290.763,602.4,,,,,,,,,,,,,,,,,,,,,,,,,,,,,,,,,,,,-4.639,-110.497,1096.268,2271.234,,,,,,,,,,,,,,,,,,,,,,,,,,,,,,,,,,,,,,,
World,1931,,2092158599.0,,,,,,,,,,,,,,,,,-11.809,-1053.328,3760.075,7866.673,,,,,,,,,,,,,,,,,,,,,,,,,4.752,28.624,301.614,631.024,,,,,,,,,,,,,,,,,,,,,,,,,,,,,,,,,,,,-3.246,-73.723,1050.356,2197.512,,,,,,,,,,,,,,,,,,,,,,,,,,,,,,,,,,,,,,,
World,1932,,2113215566.0,,,,,,,,,,,,,,,,,-11.088,-872.242,3309.852,6994.432,,,,,,,,,,,,,,,,,,,,,,,,,4.536,28.624,312.154,659.648,,,,,,,,,,,,,,,,,,,,,,,,,,,,,,,,,,,,-4.557,-100.134,992.505,2097.377,,,,,,,,,,,,,,,,,,,,,,,,,,,,,,,,,,,,,,,
World,1933,,2134919626.0,,,,,,,,,,,,,,,,,4.693,328.238,3429.951,7322.67,,,,,,,,,,,,,,,,,,,,,,,,,4.339,28.624,322.388,688.273,,,,,,,,,,,,,,,,,,,,,,,,,,,,,,,,,,,,9.197,192.895,1072.768,2290.273,,,,,,,,,,,,,,,,,,,,,,,,,,,,,,,,,,,,,,,
World,1934,,2156892673.0,,,,,,,,,,,,,,,,,9.119,667.731,3704.589,7990.401,,,,,,,,,,,,,,,,,,,,,,,,,4.159,28.624,332.375,716.897,,,,,,,,,,,,,,,,,,,,,,,,,,,,,,,,,,,,5.528,126.616,1120.542,2416.888,,,,,,,,,,,,,,,,,,,,,,,,,,,,,,,,,,,,,,,
World,1935,,2179140887.0,,,,,,,,,,,,,,,,,4.308,344.195,3824.716,8334.596,,,,,,,,,,,,,,,,,,,,,,,,,3.993,28.624,342.117,745.522,,,,,,,,,,,,,,,,,,,,,,,,,,,,,,,,,,,,8.721,210.771,1205.823,2627.659,,,,,,,,,,,,,,,,,,,,,,,,,,,,,,,,,,,,,,,
World,1936,,2201762907.0,,,,,,,,,,,,,,,,,9.85,820.969,4158.288,9155.564,,,,,,,,,,,,,,,,,,,,,,,,,3.84,28.624,351.603,774.146,,,,,,,,,,,,,,,,,,,,,,,,,,,,,,,,,,,,8.907,234.042,1299.732,2861.701,,,,,,,,,,,,,,,,,,,,,,,,,,,,,,,,,,,,,,,
World,1937,,2224730578.0,,,,,,,,,,,,,,,,,5.06,463.25,4323.586,9618.814,,,,,,,,,,,,,,,,,,,,,,,,,7.282,56.375,373.313,830.521,,,,,,,,,,,,,,,,,,,,,,,,,,,,,,,,,,,,13.818,395.443,1464.062,3257.144,,,,,,,,,,,,,,,,,,,,,,,,,,,,,,,,,,,,,,,
World,1938,,2248127325.0,,,,,,,,,,,,,,,,,-6.7,-644.432,3991.937,8974.383,,,,,,,,,,,,,,,,,,,,,,,,,6.192,51.427,392.304,881.948,,,,,,,,,,,,,,,,,,,,,,,,,,,,,,,,,,,,-2.38,-77.514,1414.346,3179.63,,,,,,,,,,,,,,,,,,,,,,,,,,,,,,,,,,,,,,,
World,1939,,2270675197.0,,,,,,,,,,,,,,,,,5.632,505.427,4174.886,9479.81,,,,,,,,,,,,,,,,,,,,,,,,,7.184,63.357,416.31,945.305,,,,,,,,,,,,,,,,,,,,,,,,,,,,,,,,,,,,4.188,133.152,1458.942,3312.782,,,,,,,,,,,,,,,,,,,,,,,,,,,,,,,,,,,,,,,
World,1940,,2291979566.0,7646890024327.0,,,,,,,,,,,,,,,,10.293,975.723,4561.791,10455.532,,,,,,,,,,,,,,,,,,,,,,,,,6.702,63.357,440.083,1008.662,,,,,,,,,,,,,,,,,,,,,,,,,,,,,,,,,,,,3.221,106.705,1491.936,3419.488,,,,,,,,,,,,,,,,,,,,,,,,,,,,,,,,,,,,,,,
World,1941,,2312098978.0,,,,,,,,,,,,,,,,,3.658,382.477,4687.52,10838.009,,,,,,,,,,,,,,,,,,,,,,,,,6.281,63.357,463.656,1072.019,,,,,,,,,,,,,,,,,,,,,,,,,,,,,,,,,,,,3.01,102.937,1523.475,3522.425,,,,,,,,,,,,,,,,,,,,,,,,,,,,,,,,,,,,,,,
World,1942,,2331135363.0,,,,,,,,,,,,,,,,,1.714,185.766,4728.929,11023.774,,,,,,,,,,,,,,,,,,,,,,,,,5.91,63.357,487.048,1135.375,,,,,,,,,,,,,,,,,,,,,,,,,,,,,,,,,,,,-5.871,-206.816,1422.315,3315.608,,,,,,,,,,,,,,,,,,,,,,,,,,,,,,,,,,,,,,,
World,1943,,2349014611.0,,,,,,,,,,,,,,,,,2.772,305.629,4823.045,11329.403,,,,,,,,,,,,,,,,,,,,,,,,,5.58,63.357,510.313,1198.732,,,,,,,,,,,,,,,,,,,,,,,,,,,,,,,,,,,,7.615,252.487,1518.976,3568.096,,,,,,,,,,,,,,,,,,,,,,,,,,,,,,,,,,,,,,,
World,1944,,2366918849.0,,,,,,,,,,,,,,,,,-3.98,-450.964,4596.034,10878.439,,,,,,,,,,,,,,,,,,,,,,,,,5.285,63.357,533.22,1262.089,,,,,,,,,,,,,,,,,,,,,,,,,,,,,,,,,,,,14.855,530.037,1731.421,4098.133,,,,,,,,,,,,,,,,,,,,,,,,,,,,,,,,,,,,,,,
World,1945,,2384671779.0,,,,,,,,,,,,,,,,,-19.763,-2149.956,3660.245,8728.483,,,,,,,,,,,,,,,,,,,,,,,,,5.02,63.357,555.819,1325.446,,,,,,,,,,,,,,,,,,,,,,,,,,,,,,,,,,,,-0.117,-4.792,1716.522,4093.341,,,,,,,,,,,,,,,,,,,,,,,,,,,,,,,,,,,,,,,
World,1946,,2402301767.0,,,,,,,,,,,,,,,,,7.672,669.686,3912.152,9398.169,,,,,,,,,,,,,,,,,,,,,,,,,5.352,70.94,581.27,1396.386,,,,,,,,,,,,,,,,,,,,,,,,,,,,,,,,,,,,6.372,260.838,1812.503,4354.179,,,,,,,,,,,,,,,,,,,,,,,,,,,,,,,,,,,,,,,
World,1947,,2421291820.0,,,,,,,,,,,,,,,,,12.358,1161.455,4361.153,10559.624,,,,,,,,,,,,,,,,,,,,,,,,,10.634,148.492,638.039,1544.878,,,,,,,,,,,,,,,,,,,,,,,,,,,,,,,,,,,,10.159,442.358,1980.983,4796.538,,,,,,,,,,,,,,,,,,,,,,,,,,,,,,,,,,,,,,,
World,1948,,2441897177.0,,,,,,,,,,,,,,,,,3.325,351.156,4468.157,10910.78,,,,,,,,,,,,,,,,,,,,,,,,,13.056,201.696,715.253,1746.574,,,,,,,,,,,,,,,,,,,,,,,,,,,,,,,,,,,,13.183,632.335,2223.219,5428.873,,,,,,,,,,,,,,,,,,,,,,,,,,,,,,,,,,,,,,,
World,1949,,2467923023.0,,,,,,,,,,,,,,,,,-4.923,-537.13,4203.393,10373.65,,,,,,,,,,,,,,,,,,,,,,,,,6.855,119.735,756.227,1866.309,,,,,,,,,,,,,,,,,,,,,,,,,,,,,,,,,,,,-0.573,-31.134,2187.158,5397.739,,,,,,,,,,,,,,,,,,,,,,,,,,,,,,,,,,,,,,,
World,1950,,2493092852.0,8461551701531.0,,,,,,,,,,,,,,,,9.244,958.925,4545.589,11332.575,,,,,,,,,,,,,,,,,,,,,,,,,14.484,270.325,857.021,2136.634,,,,,,,,,,,,,,,,,,,,,,,,,,,,,,,,,,,,12.187,657.839,2428.942,6055.578,,,,,,,,,,,,,,,,,,,,,,,,,,,,,,,,,,,,,,,
World,1951,,2536927034.0,,,,,,,,,,,,,,,,,5.351,606.443,4706.095,11939.019,,,,,,,,,,,,,,,,,,,,,,,,,18.622,397.875,999.047,2534.509,,,,,,,,,,,,,,,,,,,,,,,,,,,,,,,,,,,,13.403,811.658,2706.911,6867.236,,,,,,,,,,,,,,,,,,,,,,,,,,,,,,,,,,,,,,,
World,1952,,2584086340.0,,,,,,,,,,,,,,,,,-0.574,-68.518,4593.694,11870.501,,,,,,,,,,,,,,,,,,,,,,,,,7.698,195.117,1056.322,2729.627,,,,,,,,,,,,,,,,,,,,,,,,,,,,,,,,,,,,5.112,351.063,2793.366,7218.299,,,,,,,,,,,,,,,,,,,,,,,,,,,,,,,,,,,,,,,
World,1953,,2634106241.0,,,,,,,,,,,,,,,,,0.444,52.685,4526.463,11923.186,,,,,,,,,,,,,,,,,,,,,,,,,5.741,156.718,1095.759,2886.345,,,,,,,,,,,,,,,,,,,,,,,,,,,,,,,,,,,,5.738,414.214,2897.572,7632.513,,,,,,,,,,,,,,,,,,,,,,,,,,,,,,,,,,,,,,,
World,1954,,2685894857.0,,,,,,,,,,,,,,,,,-1.289,-153.747,4381.943,11769.438,,,,,,,,,,,,,,,,,,,,,,,,,4.894,141.253,1127.221,3027.598,,,,,,,,,,,,,,,,,,,,,,,,,,,,,,,,,,,,4.693,358.181,2975.058,7990.694,,,,,,,,,,,,,,,,,,,,,,,,,,,,,,,,,,,,,,,
World,1955,,2740213796.0,,,,,,,,,,,,,,,,,8.653,1018.443,4666.746,12787.882,,,,,,,,,,,,,,,,,,,,,,,,,8.785,265.965,1201.937,3293.563,,,,,,,,,,,,,,,,,,,,,,,,,,,,,,,,,,,,12.074,964.79,3268.17,8955.483,,,,,,,,,,,,,,,,,,,,,,,,,,,,,,,,,,,,,,,
World,1956,,2795409991.0,,,,,,,,,,,,,,,,,5.679,726.209,4834.386,13514.091,,,,,,,,,,,,,,,,,,,,,,,,,8.446,278.187,1277.719,3571.75,,,,,,,,,,,,,,,,,,,,,,,,,,,,,,,,,,,,8.826,790.375,3486.379,9745.858,,,,,,,,,,,,,,,,,,,,,,,,,,,,,,,,,,,,,,,
World,1957,,2852618331.0,,,,,,,,,,,,,,,,,2.809,379.667,4870.528,13893.758,,,,,,,,,,,,,,,,,,,,,,,,,8.65,308.966,1360.405,3880.716,,,,,,,,,,,,,,,,,,,,,,,,,,,,,,,,,,,,5.386,524.908,3600.47,10270.767,,,,,,,,,,,,,,,,,,,,,,,,,,,,,,,,,,,,,,,
World,1958,,2911249671.0,,,,,,,,,,,,,,,,,3.16,439.05,4923.249,14332.808,,,,,,,,,,,,,,,,,,,,,,,,,7.559,293.331,1433.765,4174.047,,,,,,,,,,,,,,,,,,,,,,,,,,,,,,,,,,,,2.504,257.21,3616.308,10527.977,,,,,,,,,,,,,,,,,,,,,,,,,,,,,,,,,,,,,,,
World,1959,,2965950350.0,,,,,,,,,,,,,,,,,3.643,522.087,5008.477,14854.895,,,,,,,,,,,,,,,,,,,,,,,,,11.634,485.629,1571.057,4659.676,,,,,,,,,,,,,,,,,,,,,,,,,,,,,,,,,,,,7.911,832.882,3830.428,11360.858,,,,,,,,,,,,,,,,,,,,,,,,,,,,,,,,,,,,,,,
World,1960,,3015470889.0,13338076573731.0,,,,,,,,,,,,,,,,4.18,620.905,5132.134,15475.8,,,,,,,,,,,,,,,,,,,,,,,,,8.856,412.648,1682.1,5072.324,,,,,,,,,,,,,,,,,,,,,,,,,,,,,,,,,,,,7.746,879.984,4059.347,12240.843,,,,,,,,,,,,,,,,,,,,,,,,,,,,,,,,,,,,,,,
World,1961,,3064869675.0,,,,,,,,,,,,,,,,,-5.791,-896.266,4756.983,14579.534,,,,,,,,,,,,,,,,,,,,,,,,,7.435,377.111,1778.031,5449.435,,,,,,,,,,,,,,,,,,,,,,,,,,,,,,,,,,,,6.442,788.549,4251.206,13029.392,,,,,,,,,,,,,,,,,,,,,,,,,,,,,,,,,,,,,,,
World,1962,,3123374312.0,,,,,,,,,,,,,,,,,2.409,351.217,4780.327,14930.751,,,,,,,,,,,,,,,,,,,,,,,,,9.406,512.56,1908.831,5961.995,,,,,,,,,,,,,,,,,,,,,,,,,,,,,,,,,,,,8.475,1104.28,4525.129,14133.672,,,,,,,,,,,,,,,,,,,,,,,,,,,,,,,,,,,,,,,
World,1963,,3192807826.0,,,,,,,,,,,,,,,,,3.033,452.844,4818.203,15383.595,,,,,,,,,,,,,,,,,,,,,,,,,9.418,561.509,2043.187,6523.504,,,,,,,,,,,,,,,,,,,,,,,,,,,,,,,,,,,,7.29,1030.371,4749.438,15164.043,,,,,,,,,,,,,,,,,,,,,,,,,,,,,,,,,,,,,,,
World,1964,,3264487343.0,,,,,,,,,,,,,,,,,4.426,680.872,4920.977,16064.467,,,,,,,,,,,,,,,,,,,,,,,,,9.26,604.103,2183.377,7127.606,,,,,,,,,,,,,,,,,,,,,,,,,,,,,,,,,,,,7.997,1212.695,5016.634,16376.738,,,,,,,,,,,,,,,,,,,,,,,,,,,,,,,,,,,,,,,
World,1965,,3334533710.0,,,,2.708,9.03,,,,0.021,,,,4851.561,16177.694,,,1.974,317.091,4912.698,16381.558,,37.454,,,,,,,13003.41,,,,,,12143.519,40492.973,,93.748,,,6303.821,,,1890.465,7.168,510.879,2290.721,7638.485,,14.594,,,,2564.439,276.86,923.198,769.055,,5.937,,,2700.616,289.913,966.723,809.893,,6.252,,,,,70.944,7.659,25.54,21.275,,0.164,,,18011.457,,,5401.492,11.323,1854.344,5467.356,18231.082,,41.699,56.204,17.985,,,,5.394,,16.855,,,0.13,,43360.309,,,2629.673,282.253,941.183,788.618,,6.088,,,0.0,0.0,0.0,0.0,,0.0,,,0.0,0.0,0.0,0.0,,0.0
World,1966,,3404041131.0,,1.993,0.18,2.706,9.21,,,,0.02,,1.123,181.736,4805.885,16359.431,,,1.387,227.165,4879.119,16608.723,,35.912,,,,,5.471,2372.141,13434.752,,5.338,2161.687,,,12530.595,42654.66,,93.635,8.963,564.994,6868.814,,,2017.841,7.6,580.553,2414.494,8219.038,,15.078,,6.566,168.386,2732.825,289.014,983.817,802.818,,5.999,7.329,198.96,2899.576,304.948,1038.056,851.804,,6.365,,,34.822,24.704,95.648,10.115,34.433,28.098,,0.21,7.856,1414.957,19426.414,,,5706.868,8.588,1565.729,5815.679,19796.811,,42.645,61.894,19.806,,10.124,5.69,5.818,,18.182,,,0.136,,45732.449,6.59,174.256,2803.928,294.833,1003.623,823.706,,6.155,,0.0,0.0,0.0,0.0,0.0,,0.0,,0.0,0.0,0.0,0.0,0.0,,0.0
World,1967,,3473412877.0,,1.888,0.174,2.702,9.384,,,,0.02,,-1.613,-263.913,4633.92,16095.518,,,-3.552,-589.896,4611.84,16018.826,,34.08,,,,,3.669,1678.105,13649.56,,3.737,1593.833,,,12739.197,44248.492,,93.691,7.356,505.244,7374.058,,,2123.001,7.618,626.097,2546.526,8845.135,,15.614,,2.229,60.904,2793.729,289.555,1005.742,804.318,,5.915,2.755,79.9,2979.476,307.114,1066.735,857.795,,6.309,,,19.088,18.258,113.906,11.806,41.006,32.794,,0.241,6.962,1352.502,20778.916,,,5982.276,7.282,1441.652,6114.581,21238.463,,43.997,62.458,19.987,,0.912,0.564,5.754,,17.982,,,0.132,,47410.555,2.2,61.642,2865.571,295.309,1025.729,825.001,,6.068,,0.0,0.0,0.0,0.0,0.0,,0.0,,0.0,0.0,0.0,0.0,0.0,,0.0
World,1968,,3545187246.0,,1.813,0.17,2.695,9.554,,,,0.019,,1.476,237.626,4607.131,16333.144,,,2.784,445.936,4644.257,16464.762,,32.631,,,,,5.982,2836.191,14173.228,,5.965,2639.49,,,13225.812,46887.98,,93.675,9.09,670.29,8044.348,,,2269.09,9.389,830.438,2729.214,9675.573,,16.071,,5.324,148.74,2942.469,298.796,1059.289,829.99,,5.879,6.222,186.43,3165.906,319.735,1133.522,893.015,,6.325,,,27.087,30.853,144.759,14.7,52.113,40.832,,0.289,8.333,1731.574,22510.49,,,6349.591,9.095,1931.568,6535.63,23170.031,,44.973,69.125,22.12,,10.675,6.667,6.239,,19.498,,,0.138,,50246.746,5.396,155.577,3021.147,305.036,1081.409,852.183,,6.036,,0.0,0.0,0.0,0.0,0.0,,0.0,,0.0,0.0,0.0,0.0,0.0,,0.0
World,1969,,3619491581.0,,1.781,0.17,2.687,9.724,,,,0.018,,3.146,513.856,4654.521,16847.0,,,2.023,333.027,4640.925,16797.789,,31.492,,,,,6.873,3453.656,14836.449,,6.905,3237.847,,,13848.858,50125.828,,93.7,9.809,789.086,8833.434,,,2440.518,9.82,950.185,2935.705,10625.758,,16.512,,5.896,173.483,3115.951,309.917,1121.742,860.881,,5.825,6.424,204.071,3369.977,333.413,1206.784,931.064,,6.3,,,18.556,26.862,171.621,17.07,61.783,47.416,,0.321,8.596,1934.904,24445.395,,,6753.82,7.64,1770.303,6890.563,24940.334,,45.696,72.681,23.258,,5.144,3.556,6.426,,20.08,,,0.136,,53700.402,5.845,177.209,3198.356,316.343,1145.0,883.648,,5.979,,0.0,0.0,0.0,0.0,0.0,,0.0,,0.0,0.0,0.0,0.0,0.0,,0.0
World,1970,,3694683794.0,21941934246399.0,38.847,3.778,3.654,13.501,,,,0.024,,1.425,240.006,4624.754,17087.006,,,4.0,671.893,4728.329,17469.682,,29.997,,,,,6.475,3477.211,15475.645,2.606,6.505,3260.711,,,14449.556,53386.539,,93.722,8.846,781.375,9614.809,,,2602.336,-8.139,-864.878,2641.872,9760.88,,16.879,,4.717,146.964,3262.916,317.93,1174.65,883.138,,5.728,6.265,205.855,3575.832,346.234,1279.226,967.832,,6.278,,,27.663,47.476,219.096,21.348,78.875,59.3,,0.385,9.161,2239.33,26684.725,,,7222.465,9.998,2493.549,7425.231,27433.883,,46.846,80.318,25.702,,10.508,7.637,6.956,,21.739,,,0.141,,57177.613,5.121,158.379,3356.735,324.886,1200.352,908.531,,5.893,,0.0,0.0,0.0,0.0,0.0,,0.0,,0.0,0.0,0.0,0.0,0.0,,0.0
World,1971,,3769847867.0,,0.449,0.061,3.598,13.562,,,,0.023,,-0.581,-99.35,4506.191,16987.656,,,-0.909,-158.729,4591.95,17310.953,,28.69,,,,,3.954,2260.949,15766.833,,3.767,2010.892,,,14694.872,55397.43,,93.558,7.056,678.382,10293.19,,,2730.399,6.97,680.303,2769.656,10441.183,,17.384,,4.477,146.09,3409.006,325.542,1227.242,904.282,,5.757,6.627,238.621,3814.453,362.04,1364.835,1011.832,,6.442,,,39.087,85.638,304.734,29.1,109.704,80.835,,0.515,5.366,1431.859,28116.584,,,7458.281,5.712,1566.908,7692.828,29000.791,,47.485,87.151,27.888,,8.507,6.832,7.398,,23.118,,,0.147,,59438.562,4.518,152.983,3509.719,332.939,1255.13,930.997,,5.927,,0.0,0.0,0.0,0.0,0.0,,0.0,,0.0,0.0,0.0,0.0,0.0,,0.0
World,1972,,3844917684.0,,9.298,1.261,3.855,14.823,,,,0.024,,1.063,180.57,4465.174,17168.227,,,-0.345,-59.66,4486.778,17251.293,,27.485,,,,,5.494,3265.43,16308.279,,5.357,2967.906,,,15179.866,58365.336,,93.437,5.523,568.523,10861.714,,,2824.954,4.926,514.288,2849.338,10955.471,,17.389,,4.676,159.408,3568.414,334.111,1284.629,928.086,,5.713,7.481,284.895,4099.348,381.463,1466.693,1066.173,,6.563,,,38.714,117.975,422.709,39.578,152.175,109.94,,0.677,7.891,2218.812,30335.396,,,7889.739,5.687,1649.18,7971.555,30649.971,,48.564,93.402,29.889,,7.173,6.252,7.774,,24.292,,,0.15,,62703.992,4.78,166.92,3676.639,341.885,1314.518,956.234,,5.886,,0.0,0.0,0.0,0.0,0.0,,0.0,,0.0,0.0,0.0,0.0,0.0,,0.0
World,1973,,3920805041.0,,-3.863,-0.573,3.635,14.251,,,,0.022,,3.002,515.344,4510.188,17683.57,,,1.78,307.08,4478.257,17558.373,,26.756,,,,,5.795,3633.656,16919.395,,5.87,3426.25,,,15759.924,61791.586,,93.493,4.752,516.119,11377.833,,,2901.912,4.812,527.225,2928.657,11482.695,,17.215,,1.431,51.066,3619.48,332.333,1303.013,923.147,,5.476,4.843,201.075,4300.423,392.524,1539.01,1096.822,,6.507,,,33.991,143.685,566.393,52.005,203.902,144.458,,0.857,7.894,2394.787,32730.184,,,8347.822,9.12,2795.15,8530.167,33445.121,,49.522,100.3,32.096,,7.384,6.897,8.186,,25.581,,,0.152,,66337.648,1.506,57.391,3734.03,340.519,1335.109,952.363,,5.65,,0.0,0.0,0.0,0.0,0.0,,0.0,,0.0,0.0,0.0,0.0,0.0,,0.0
World,1974,,3996416100.0,,0.591,0.084,3.587,14.335,,,,0.022,,0.073,12.861,4428.075,17696.432,,,0.879,154.381,4432.16,17712.754,,26.641,,,,,0.541,358.859,16689.08,,-0.332,-204.901,,,15410.479,61586.688,,92.717,2.479,282.026,11659.859,,,2917.579,2.111,242.402,2933.903,11725.098,,17.554,,9.84,356.163,3975.643,358.129,1431.232,994.802,,5.985,12.438,537.264,4837.687,433.419,1732.121,1210.506,,7.283,,,30.749,174.163,740.556,66.71,266.6,185.305,,1.115,-1.527,-499.789,32230.395,,,8064.825,0.223,74.559,8387.435,33519.68,,48.522,107.153,34.289,,6.833,6.854,8.58,,26.812,,,0.161,,66696.508,9.671,363.101,4097.131,366.709,1465.521,1025.201,,6.168,,0.0,0.0,0.0,0.0,0.0,,0.0,,0.0,0.0,0.0,0.0,0.0,,0.0
World,1975,,4070735279.0,,-4.509,-0.646,3.363,13.688,,,,0.02,,1.972,349.004,4432.967,18045.436,,,5.956,1054.924,4610.39,18767.678,,26.983,,,,,0.691,460.789,16497.584,,0.187,115.0,,,15157.381,61701.688,,92.263,-0.001,-0.123,11659.736,,,2864.283,0.213,24.999,2886.48,11750.097,,17.435,,1.233,49.033,4024.676,355.927,1448.883,988.685,,6.018,6.916,336.821,5174.508,455.334,1853.544,1271.148,,7.737,,,38.728,286.8,1027.356,90.855,369.848,252.376,,1.536,-0.726,-233.881,31996.514,,,7860.131,-5.018,-1681.912,7821.134,31837.768,,47.844,108.788,34.812,,1.525,1.634,8.552,,26.724,,,0.163,,67157.297,1.184,50.021,4147.152,364.479,1483.696,1018.772,,6.201,,0.0,0.0,0.0,0.0,0.0,,0.0,,0.0,0.0,0.0,0.0,0.0,,0.0
World,1976,,4144246382.0,,0.459,0.063,3.318,13.751,,,,0.02,,3.626,654.35,4512.228,18699.785,,,2.834,531.84,4656.942,19299.518,,26.539,,,,,5.342,3587.469,17070.598,,5.533,3413.707,,,15712.239,65115.391,,92.413,5.956,694.402,12354.139,,,2981.034,4.312,506.677,2957.54,12256.773,,17.533,,-0.397,-15.963,4008.713,348.227,1443.137,967.296,,5.689,3.273,171.043,5345.551,461.99,1914.599,1289.873,,7.587,,,16.986,174.509,1201.865,104.403,432.671,290.008,,1.706,6.454,2064.955,34061.469,,,8218.978,8.647,2752.971,8346.689,34590.738,,48.341,121.222,38.791,,11.43,12.434,9.36,,29.251,,,0.172,,70744.766,-0.114,-3.466,4143.686,357.587,1481.928,999.865,,5.881,,0.0,0.0,0.0,0.0,0.0,,0.0,,0.0,0.0,0.0,0.0,0.0,,0.0
World,1977,,4217863796.0,,33.214,4.567,4.343,18.319,,,,0.025,,3.035,567.627,4568.05,19267.412,,,3.039,586.469,4714.706,19885.986,,26.391,,,,,3.621,2561.406,17379.928,,3.235,2106.197,,,15937.354,67221.594,,92.075,3.284,405.699,12759.838,,,3025.19,4.221,517.382,3028.584,12774.155,,17.478,,3.363,134.822,4143.534,353.656,1491.672,982.377,,5.676,8.353,440.056,5785.606,491.033,2071.112,1371.691,,7.925,,,24.47,294.101,1495.966,127.683,538.548,354.674,,2.049,3.326,1132.871,35194.34,,,8344.115,3.493,1208.129,8487.44,35798.867,,48.207,127.788,40.892,,5.416,6.566,9.695,,30.297,,,0.175,,73306.172,3.691,145.954,4289.64,363.351,1532.564,1017.017,,5.876,,0.0,0.0,0.0,0.0,0.0,,0.0,,0.0,0.0,0.0,0.0,0.0,,0.0
World,1978,,4292097499.0,,26.532,4.86,5.4,23.179,,,,0.031,,1.038,200.08,4535.659,19467.492,,,1.553,308.801,4705.109,20194.787,,25.665,,,,,3.919,2872.867,17748.674,,3.347,2249.822,,,16185.889,69471.414,,91.587,4.186,534.109,13293.947,,,3097.308,3.385,432.445,3076.957,13206.601,,17.526,,8.226,340.861,4484.395,376.129,1614.382,1044.803,,5.912,10.396,595.595,6381.202,532.019,2283.476,1486.733,,8.413,,,16.2,242.352,1738.318,145.802,625.794,405.004,,2.292,4.306,1515.633,36709.973,,,8552.922,0.909,325.301,8416.437,36124.168,,48.396,135.302,43.297,,5.88,7.514,10.088,,31.524,,,0.178,,76179.039,8.381,353.244,4642.884,386.217,1657.682,1081.729,,6.121,,0.0,0.0,0.0,0.0,0.0,,0.0,,0.008,0.008,0.001,0.003,0.002,,0.0
World,1979,,4368539520.0,,20.9,4.844,6.415,28.023,,,,0.036,,4.639,903.086,4663.018,20370.578,,,5.87,1185.359,4894.118,21380.146,,25.997,,,,,3.307,2519.602,18014.863,,3.16,2195.191,,,16405.164,71666.602,,91.462,6.199,824.082,14118.029,,,3231.75,6.742,890.416,3226.94,14097.017,,18.018,,5.005,224.455,4708.85,388.044,1695.186,1077.9,,6.01,4.939,308.943,6690.145,547.678,2392.551,1531.437,,8.538,,,4.005,69.627,1807.944,148.988,650.86,413.856,,2.307,1.275,468.023,37177.996,,,8510.395,4.232,1528.875,8619.138,37653.043,,47.447,145.31,46.499,,7.397,10.008,10.644,,33.263,,,0.185,,78698.641,5.286,239.316,4882.2,398.69,1741.691,1117.582,,6.231,,0.0,0.0,0.0,0.0,0.0,,0.0,100.0,0.008,0.017,0.001,0.006,0.004,,0.0
World,1980,,4447606240.0,31982615792285.0,16.996,4.763,7.372,32.786,,,,0.042,,2.49,507.205,4694.162,20877.783,,,-1.927,-412.072,4714.463,20968.074,,26.884,,,,,-0.874,-688.078,17539.898,2.439,-1.372,-983.215,,,15892.456,70683.391,,91.017,0.842,118.932,14236.961,,,3201.039,1.322,186.321,3211.466,14283.338,,18.333,,2.151,101.287,4810.137,389.344,1731.649,1081.511,,6.194,4.359,285.742,6975.886,560.594,2493.302,1568.459,,8.983,,,9.382,169.623,1977.567,160.069,711.924,444.636,,2.546,-4.329,-1609.352,35568.645,,,7997.256,-4.524,-1703.457,8082.907,35949.586,,45.801,155.367,49.717,,6.921,10.057,11.178,,34.933,,,0.2,,78010.562,2.512,116.119,4998.319,400.525,1781.377,1123.822,,6.436,,0.0,0.0,0.0,0.0,0.0,,0.0,75.0,0.012,0.029,0.002,0.01,0.007,,0.0
World,1981,,4528777306.0,,-9.267,-3.038,6.569,29.748,,,,0.038,,1.342,280.219,4671.901,21158.002,,,2.276,477.156,4735.325,21445.23,,27.375,,,,,-0.456,-355.773,17146.965,,-1.188,-839.552,,,15422.229,69843.836,,90.366,1.116,158.913,14395.874,,,3178.755,1.734,247.643,3208.588,14530.98,,18.626,,2.151,103.484,4913.621,390.592,1768.904,1084.977,,6.357,6.604,470.074,7445.96,588.051,2663.151,1644.144,,9.634,,,18.096,357.852,2335.419,185.646,840.751,515.684,,3.022,-3.595,-1278.684,34289.961,,,7571.571,-5.817,-2091.25,7476.264,33858.336,,44.365,167.144,53.486,,7.58,11.777,11.81,,36.907,,,0.216,,77654.789,2.094,112.223,5110.542,402.404,1822.4,1128.46,,6.612,,0.0,0.0,0.0,0.0,0.0,,0.0,0.0,0.0,0.029,0.002,0.01,0.006,,0.0
World,1982,,4612673415.0,,26.248,7.808,8.142,37.556,,,,0.049,,1.122,237.426,4638.401,21395.428,,,3.54,759.18,4813.783,22204.41,,27.822,,,,,-0.486,-377.195,16753.32,,-1.015,-708.666,,,14988.092,69135.172,,89.9,0.513,73.857,14469.731,,,3136.951,0.458,66.503,3164.647,14597.483,,18.816,,1.809,88.902,5002.522,390.426,1800.908,1084.517,,6.505,4.436,320.836,7766.797,601.563,2774.813,1683.795,,10.1,,,8.496,198.408,2533.826,197.755,912.178,549.318,,3.295,-2.974,-1019.949,33270.012,,,7212.739,-3.956,-1339.604,7049.867,32518.732,,43.263,192.84,61.709,,15.374,25.696,13.378,,41.807,,,0.251,,77277.594,2.594,122.429,5232.971,403.808,1862.635,1134.477,,6.805,,0.0,0.0,0.0,0.0,0.0,,0.0,76.19,0.022,0.051,0.004,0.019,0.011,,0.0
World,1983,,4697327573.0,,30.522,11.463,10.436,49.019,,,,0.063,,3.064,655.545,4694.366,22050.973,,,-0.303,-67.238,4712.716,22137.172,,28.197,,,,,1.71,1321.531,16732.732,,1.037,717.059,,,14870.632,69852.227,,89.322,1.618,234.096,14703.827,,,3130.254,0.894,130.569,3135.411,14728.053,,18.802,,4.268,213.502,5216.024,399.753,1877.769,1110.424,,6.67,7.702,583.657,8350.454,634.397,2979.972,1777.703,,10.678,,,13.335,337.875,2871.702,220.085,1033.813,611.348,,3.672,-0.519,-172.582,33097.43,,,7046.013,-1.219,-396.26,6838.457,32122.473,,42.323,213.609,68.355,,10.77,20.769,14.552,,45.475,,,0.273,,78599.125,4.999,245.782,5478.752,414.312,1946.16,1166.355,,7.006,,0.008,0.008,0.001,0.003,0.002,,0.0,77.27,0.04,0.091,0.007,0.033,0.019,,0.0
World,1984,,4782175518.0,,17.926,8.787,12.088,57.806,,,,0.071,,4.342,957.467,4811.292,23008.439,,,4.375,968.443,4831.612,23105.615,,28.159,,,,,4.492,3530.352,17174.082,,3.84,2682.487,,,15167.724,72534.719,,88.772,8.153,1198.849,15902.676,,,3325.406,8.559,1260.56,3343.376,15988.612,,19.463,,3.387,176.679,5392.704,405.96,1941.373,1127.667,,6.6,9.942,823.692,9174.146,684.278,3272.339,1918.404,,11.228,,,21.354,613.21,3484.912,262.343,1254.568,728.729,,4.265,1.59,526.172,33623.602,,,7031.026,1.96,629.746,6848.812,32752.219,,41.15,238.582,76.346,,11.691,24.973,15.965,,49.89,,,0.292,,82129.477,4.03,210.481,5689.233,421.936,2017.771,1189.675,,6.963,110.37,0.009,0.018,0.001,0.006,0.004,,0.0,36.471,0.033,0.124,0.009,0.045,0.026,,0.0
World,1985,,4868943457.0,,18.343,10.604,14.05,68.41,,,,0.082,,4.295,988.299,4928.531,23996.738,769.856,3748.385,5.067,1170.846,4985.981,24276.461,37.916,28.604,,,9886.064,12.747,2.683,2203.406,17320.572,,1.942,1408.923,1290.932,6285.474,15186.794,73943.641,63.579,88.141,2.261,359.542,16262.218,292.945,1426.332,3339.989,2.638,421.728,3370.411,16410.34,14.428,19.385,,1.951,105.195,5497.899,406.504,1979.244,1129.177,20.021,6.554,8.564,774.213,9948.358,728.483,3546.944,2043.227,35.878,11.859,,,18.68,650.981,4135.893,305.8,1488.922,849.444,15.061,4.93,0.182,61.082,33684.684,228.131,1110.757,6918.274,-0.875,-286.537,6667.911,32465.682,11.236,40.152,245.946,78.703,,3.086,7.364,16.164,,50.513,0.796,,0.293,2030.433,84332.883,2.45,123.232,5812.466,422.684,2058.022,1193.784,20.817,6.929,86.14,0.015,0.033,0.002,0.012,0.007,0.0,0.0,43.491,0.054,0.178,0.013,0.064,0.037,0.001,0.0
World,1986,,4958072839.0,,23.086,15.793,16.983,84.203,,,,0.098,,1.113,267.08,4893.8,24263.818,774.295,3839.01,2.372,575.787,5012.481,24852.248,37.708,28.296,,,10180.79,12.86,2.215,1867.898,17385.945,,1.963,1451.763,1298.887,6439.975,15206.595,75395.406,63.256,87.925,0.977,158.89,16421.107,288.961,1432.692,3311.994,2.586,424.441,3395.428,16834.781,14.072,19.15,,1.356,74.526,5572.425,404.607,2006.073,1123.909,19.704,6.499,4.294,405.529,10353.888,743.516,3686.406,2088.289,36.209,12.075,,,7.107,293.928,4429.821,321.644,1594.736,893.456,15.664,5.166,3.045,1025.793,34710.477,235.631,1168.273,7000.8,4.94,1603.709,6871.499,34069.391,11.475,40.479,267.011,85.443,,8.565,21.065,17.233,,53.854,0.839,,0.311,2053.376,86200.781,2.325,111.601,5924.066,421.872,2091.67,1194.832,20.545,6.909,29.252,0.01,0.042,0.003,0.015,0.009,0.0,0.0,116.18,0.207,0.386,0.028,0.139,0.078,0.001,0.0
World,1987,,5049746390.0,,1.339,1.127,16.898,85.33,,,,0.096,,3.976,964.67,4995.991,25228.488,803.62,4058.077,1.887,468.965,5014.354,25321.213,38.03,28.392,,,10670.628,13.019,3.62,3120.648,17688.301,,3.479,2623.174,1338.238,6757.762,15449.999,78018.578,63.33,87.802,5.242,860.785,17281.893,300.314,1516.51,3422.329,5.012,843.793,3500.884,17678.574,14.212,19.449,,1.352,75.332,5647.756,402.633,2033.192,1118.424,19.054,6.356,4.624,484.462,10838.35,764.325,3859.647,2146.316,36.171,12.198,,,8.779,388.882,4818.703,343.529,1734.733,954.247,16.257,5.423,2.298,797.719,35508.195,234.304,1183.175,7031.679,0.231,78.695,6762.337,34148.086,11.088,39.961,285.988,91.516,,7.107,18.977,18.123,,56.634,0.858,,0.322,2113.102,89321.43,1.58,95.58,6019.646,420.796,2124.914,1192.069,19.914,6.775,-30.169,-0.013,0.029,0.002,0.011,0.006,0.0,0.0,40.73,0.157,0.543,0.039,0.195,0.107,0.002,0.001
World,1988,,5141992540.0,,4.957,4.23,17.417,89.56,,,,0.097,,2.991,754.592,5053.115,25983.08,816.935,4200.674,2.429,615.033,5044.007,25936.246,37.706,28.187,,,11140.627,13.124,3.745,3345.125,18021.527,,3.455,2695.285,1360.986,6998.179,15697.001,80713.859,62.817,87.56,4.669,806.951,18088.844,299.685,1540.98,3517.867,4.408,779.189,3589.613,18457.764,13.832,19.623,,3.205,180.99,5828.747,408.081,2098.349,1133.558,18.835,6.323,5.797,628.63,11466.979,794.264,4084.101,2230.065,36.66,12.44,,,9.022,434.767,5253.47,367.805,1891.249,1021.68,16.976,5.699,3.193,1133.742,36641.938,244.365,1256.525,7126.019,4.274,1459.484,6924.858,35607.57,11.279,39.75,294.253,94.161,,2.89,8.265,18.312,,57.225,0.845,,0.319,2166.597,92666.555,3.265,193.863,6213.509,426.46,2192.852,1208.385,19.683,6.741,-3.839,-0.001,0.028,0.002,0.01,0.006,0.0,0.0,69.713,0.378,0.921,0.064,0.332,0.179,0.003,0.001
World,1989,,5234431736.0,,6.843,6.129,18.281,95.689,,,,0.102,,0.954,247.969,5011.25,26231.049,836.19,4376.982,1.766,458.156,5042.458,26394.402,37.545,27.915,,,11657.959,13.466,1.929,1787.477,18044.754,,2.009,1621.523,1424.364,7455.736,15729.574,82335.383,63.954,87.621,4.422,799.805,18888.648,330.228,1728.554,3608.539,3.463,639.23,3648.341,19096.994,14.827,20.101,,-0.513,-29.894,5798.853,398.818,2087.587,1107.828,17.907,6.171,1.491,165.56,11632.539,790.952,4140.182,2222.312,35.514,12.379,,,2.843,149.337,5402.807,371.58,1945.011,1032.167,16.684,5.75,1.566,573.75,37215.688,257.946,1350.2,7109.786,1.207,429.91,6884.698,36037.48,11.582,39.605,327.101,104.672,,11.163,32.848,19.997,,62.49,0.898,,0.348,2227.168,94454.031,0.37,16.223,6229.732,419.371,2195.171,1190.145,18.83,6.63,2471.835,0.7,0.728,0.05,0.262,0.139,0.002,0.001,699.137,6.439,7.36,0.506,2.65,1.406,0.023,0.008
World,1990,,5327803106.0,43033605109062.0,11.37,10.88,20.002,106.569,,,,0.112,,-1.152,-302.137,4866.717,25928.912,837.163,4460.242,-0.188,-49.508,4944.795,26344.895,37.289,27.192,,,11961.414,13.638,1.485,1402.258,17991.711,2.227,1.192,981.494,1429.306,7615.062,15638.13,83316.875,63.664,87.376,3.137,592.502,19481.15,335.734,1788.726,3656.507,3.143,600.17,3697.052,19697.164,14.954,20.43,,3.403,197.32,5996.172,405.162,2158.622,1125.449,18.047,6.288,3.569,404.908,12037.447,803.42,4280.463,2259.364,35.786,12.624,,,2.858,154.404,5557.211,375.501,2000.596,1043.059,16.725,5.828,1.857,691.129,37906.816,256.408,1366.094,7114.906,1.913,689.297,6893.418,36726.777,11.421,39.754,366.326,117.224,,11.992,39.225,22.002,,68.757,0.98,,0.384,2245.093,95856.289,4.172,250.504,6480.236,427.919,2279.867,1216.306,19.06,6.796,48.061,0.35,1.078,0.073,0.388,0.202,0.003,0.001,37.086,2.73,10.09,0.682,3.632,1.894,0.03,0.011
World,1991,,5418735886.0,,3.826,4.078,20.419,110.647,,,,0.115,,-0.934,-242.186,4740.354,25686.727,840.983,4557.066,-2.718,-716.137,4729.656,25628.758,37.284,26.757,,,12222.524,13.877,0.689,660.117,17811.609,,0.263,219.518,1425.178,7722.664,15416.215,83536.398,63.184,87.017,2.524,491.688,19972.838,334.791,1814.145,3685.885,1.333,262.523,3683.458,19959.688,14.843,20.805,,2.313,138.672,6134.845,407.576,2208.544,1132.154,18.069,6.39,3.541,425.953,12463.4,817.849,4431.708,2300.057,36.259,12.983,,,4.784,265.872,5823.083,386.863,2096.31,1074.62,17.151,6.066,-0.079,-29.984,37876.832,249.404,1351.453,6989.976,-0.27,-99.07,6759.456,36627.707,11.057,39.455,382.073,122.263,,4.298,15.746,22.563,,70.51,1.0,,0.398,2255.604,96516.406,2.498,160.082,6640.318,430.986,2335.399,1225.437,19.107,6.917,30.128,0.325,1.403,0.093,0.505,0.259,0.004,0.001,12.488,1.26,11.35,0.754,4.086,2.095,0.033,0.012
World,1992,,5505989815.0,,-1.754,-1.941,19.743,108.706,,,,0.113,,-0.399,-102.426,4646.63,25584.301,844.5,4649.81,-0.22,-56.375,4644.466,25572.383,37.692,26.488,,,12336.403,13.921,0.61,588.477,17636.227,,0.618,516.16,1418.083,7807.95,15265.658,84052.555,63.292,87.023,0.454,90.645,20063.482,332.08,1828.428,3643.938,0.294,58.652,3635.739,20018.34,14.821,20.772,,-0.01,-0.638,6134.207,401.075,2208.315,1114.097,17.901,6.351,0.512,71.116,12534.516,809.463,4456.897,2276.524,36.128,12.977,,,0.759,44.203,5867.286,383.623,2112.223,1065.619,17.122,6.075,1.394,527.941,38404.773,241.503,1329.712,6975.09,1.448,530.289,6748.649,37157.996,10.779,39.762,409.875,131.16,,7.277,27.802,23.821,,74.442,1.063,,0.424,2240.542,97104.883,0.3,26.912,6667.23,425.841,2344.674,1210.905,19.006,6.903,-7.649,-0.107,1.296,0.085,0.467,0.235,0.004,0.001,15.827,1.796,13.147,0.86,4.733,2.388,0.038,0.014
World,1993,,5591544802.0,,5.183,5.634,20.449,114.34,,,,0.117,,0.487,124.531,4597.805,25708.832,845.522,4727.774,-3.012,-770.189,4435.66,24802.193,37.522,26.409,,,12599.928,14.157,0.813,789.93,17507.65,,0.2,168.0,1405.471,7858.753,15062.127,84220.555,62.371,86.514,1.007,202.0,20265.482,333.08,1862.43,3624.308,1.139,227.957,3620.877,20246.297,14.781,20.817,,6.023,369.461,6503.668,418.725,2341.321,1163.125,18.582,6.681,4.748,593.607,13128.123,834.837,4668.027,2347.853,37.048,13.486,,,3.444,202.06,6069.346,390.762,2184.965,1085.451,17.341,6.235,-0.413,-158.531,38246.242,226.869,1268.549,6840.014,-0.142,-52.84,6635.94,37105.156,10.068,39.288,423.378,135.481,,3.294,13.503,24.23,,75.717,1.075,,0.435,2253.389,97894.812,5.87,391.547,7058.777,444.074,2483.062,1262.402,19.707,7.251,19.31,0.25,1.546,0.1,0.557,0.277,0.004,0.002,20.524,2.698,15.845,1.02,5.704,2.834,0.045,0.016
World,1994,,5675551258.0,,8.537,9.762,21.866,124.102,,,,0.126,,0.414,106.355,4548.49,25815.188,861.893,4891.716,2.296,569.363,4470.325,25371.557,37.851,26.186,,,12923.577,14.339,1.269,1242.438,17467.422,,1.25,1052.42,1430.563,8119.233,15024.615,85272.977,62.825,86.496,0.613,124.131,20389.613,338.951,1923.732,3592.534,1.463,296.219,3619.475,20542.516,14.885,20.682,,0.623,40.514,6544.182,415.097,2355.906,1153.048,18.23,6.638,1.506,184.52,13312.643,833.45,4730.291,2345.612,36.602,13.504,,,1.877,113.928,6183.274,392.205,2225.979,1089.458,17.224,6.272,2.149,821.934,39068.176,229.72,1303.786,6883.591,1.385,514.047,6628.291,37619.203,10.088,39.629,439.617,140.677,,3.836,16.239,24.787,,77.458,1.089,,0.446,2277.061,99137.25,1.194,70.592,7129.369,441.246,2504.312,1256.154,19.378,7.232,7.24,0.112,1.658,0.105,0.597,0.292,0.005,0.002,25.027,3.965,19.81,1.257,7.132,3.49,0.055,0.02
World,1995,,5758878977.0,,5.615,6.969,22.76,131.07,,,,0.13,,0.713,184.029,4514.631,25999.217,874.948,5038.72,3.055,774.988,4540.214,26146.545,37.653,25.81,,,13381.867,14.567,2.197,2178.109,17592.896,,1.756,1497.104,1447.398,8335.389,15067.183,86770.078,62.289,86.138,3.506,714.879,21104.492,353.345,2034.872,3664.688,1.66,340.984,3626.313,20883.5,15.206,20.951,,5.411,354.121,6898.302,431.228,2483.389,1197.855,18.558,6.848,4.906,651.211,13963.854,861.534,4961.472,2424.752,37.076,13.862,,,4.337,268.197,6451.471,403.295,2322.53,1120.265,17.356,6.404,1.531,598.195,39666.371,219.105,1261.797,6887.863,1.372,516.312,6622.038,38135.516,9.429,39.377,458.257,146.642,,4.24,18.64,25.464,,79.574,1.096,,0.455,2323.693,101315.359,5.387,383.014,7512.383,458.239,2638.942,1304.487,19.72,7.458,7.019,0.116,1.775,0.111,0.639,0.308,0.005,0.002,15.99,3.168,22.978,1.436,8.272,3.99,0.062,0.023
World,1996,,5842055730.0,,-4.033,-5.286,21.531,125.785,,,,0.121,,2.378,618.266,4556.184,26617.482,903.705,5279.495,1.363,356.291,4536.56,26502.836,38.265,25.679,,,13797.155,14.59,2.892,2930.477,17844.033,,2.977,2583.285,1476.721,8627.088,15294.85,89353.367,62.528,86.204,4.998,1054.762,22159.254,359.487,2100.145,3793.058,4.867,1016.463,3748.674,21899.963,15.222,21.378,,1.346,92.85,6991.152,430.81,2516.815,1196.694,18.242,6.745,2.303,336.615,14300.469,870.25,5084.048,2447.849,36.849,13.796,,,3.62,233.57,6685.042,411.947,2406.615,1144.296,17.443,6.449,2.295,910.258,40576.629,213.529,1247.447,6945.608,2.663,1015.723,6701.62,39151.238,9.041,39.146,470.949,150.704,,2.77,12.692,25.796,,80.614,1.092,,0.454,2361.695,104245.836,1.199,103.044,7615.427,458.303,2677.434,1303.553,19.406,7.347,9.446,0.168,1.942,0.12,0.699,0.332,0.005,0.002,11.406,2.621,25.599,1.577,9.216,4.382,0.067,0.025
World,1997,,5924787819.0,,3.376,4.246,21.947,130.031,,,,0.124,,-0.204,-54.23,4483.41,26563.252,910.688,5395.633,1.479,391.994,4539.375,26894.83,38.189,25.378,,,14128.604,14.794,0.982,1023.43,17767.602,,0.999,892.365,1504.062,8911.25,15231.893,90245.734,63.072,86.22,-0.582,-128.861,22030.393,383.192,2270.331,3718.343,-0.078,-16.992,3693.461,21882.971,16.069,21.048,,1.77,123.724,7114.876,432.312,2561.356,1200.866,18.129,6.797,0.879,123.411,14423.88,865.113,5125.609,2434.497,36.278,13.78,,,-0.688,-45.975,6639.067,403.401,2390.064,1120.558,16.916,6.343,2.65,1075.457,41652.086,210.182,1245.286,7030.14,2.227,871.957,6755.211,40023.195,8.814,39.794,504.412,161.412,,7.105,33.463,27.243,,85.136,1.142,,0.482,2384.66,105269.266,2.225,169.386,7784.813,461.712,2735.545,1313.94,19.362,7.438,7.212,0.14,2.082,0.127,0.75,0.351,0.005,0.002,30.52,7.813,33.412,2.03,12.028,5.639,0.085,0.032
World,1998,,6007066691.0,,2.579,3.353,22.205,133.384,,,,0.127,,-0.63,-167.287,4394.152,26395.965,917.455,5511.211,-1.794,-482.396,4396.894,26412.434,37.98,25.08,,,14511.013,15.124,0.554,583.133,17621.312,,0.413,372.852,1533.959,9214.596,15085.33,90618.578,63.501,86.101,1.832,403.607,22434.0,400.836,2407.846,3734.602,0.643,140.73,3666.299,22023.701,16.593,21.316,,0.764,54.382,7169.259,429.65,2580.933,1193.471,17.786,6.812,1.424,204.264,14628.145,865.162,5197.087,2435.156,35.815,13.899,,,1.721,114.252,6753.319,404.722,2431.195,1124.229,16.754,6.417,0.328,136.531,41788.617,215.669,1295.537,6956.576,2.527,1011.508,6831.072,41034.703,8.928,39.705,525.679,168.217,,4.216,21.268,28.003,,87.51,1.159,,0.499,2415.657,105852.398,1.176,90.012,7874.825,460.44,2765.892,1310.927,19.061,7.482,8.297,0.173,2.255,0.135,0.812,0.375,0.006,0.002,32.432,10.836,44.248,2.652,15.929,7.366,0.11,0.042
World,1999,,6089006328.0,,1.397,1.863,22.212,135.247,,,,0.126,,0.427,112.842,4353.552,26508.807,924.727,5630.671,0.033,8.82,4339.173,26421.254,37.723,24.775,,,14926.271,15.313,1.664,1761.586,17673.488,,1.543,1397.914,1559.993,9498.806,15111.907,92016.5,63.638,85.997,2.843,637.904,23071.904,427.033,2600.207,3789.108,4.899,1079.049,3794.174,23102.75,17.42,21.563,,0.757,54.265,7223.524,427.076,2600.469,1186.322,17.422,6.751,2.396,354.424,14982.567,874.191,5322.955,2460.593,35.662,14.003,,,3.805,256.974,7010.293,414.469,2523.706,1151.303,16.908,6.552,1.549,647.168,42435.785,208.232,1267.927,6969.247,-2.266,-930.016,6586.409,40104.688,8.495,39.66,552.025,176.648,,5.012,26.346,29.011,,90.659,1.183,,0.516,2451.348,107613.984,1.215,97.45,7972.275,459.722,2799.249,1309.29,18.754,7.451,11.509,0.26,2.515,0.149,0.905,0.413,0.006,0.002,33.257,14.716,58.964,3.486,21.227,9.684,0.142,0.055
World,2000,,6171702992.0,59897670914608.0,-2.025,-2.739,21.47,132.509,24.974,154.13,1.009,0.121,527.26,3.575,947.566,4448.751,27456.373,941.201,5808.81,1.479,390.861,4344.362,26812.115,38.019,25.008,15278.78,2475.618,15278.78,15.279,2.604,2802.414,17890.75,1.843,2.663,2450.764,1600.644,9878.7,15306.515,94467.258,64.656,86.045,3.998,922.354,23994.258,444.864,2745.57,3887.786,3.934,908.924,3890.607,24011.674,17.97,21.855,8055.91,1.777,128.369,7351.893,426.085,2629.67,1191.226,17.211,6.696,2.181,338.42,15320.988,874.974,5400.08,2482.457,35.344,13.955,,,2.257,158.228,7168.521,411.63,2540.46,1161.514,16.627,6.529,1.369,580.844,43016.629,214.579,1324.32,6969.977,4.218,1691.598,6772.245,41796.285,8.668,39.181,577.878,197.78,43.65,4.683,25.853,32.046,7.073,93.634,1.294,0.286,0.526,2475.618,110416.398,2.116,180.193,8152.467,463.344,2859.62,1320.943,18.716,7.426,16.883,0.425,2.939,0.165,1.02,0.476,0.007,0.003,47.971,28.285,87.249,5.047,31.15,14.137,0.204,0.079
World,2001,,6254936464.0,,-0.818,-1.084,21.011,131.425,23.909,149.55,0.965,0.119,529.25,1.543,423.699,4457.291,27880.072,941.763,5890.67,4.237,1136.148,4468.193,27948.264,38.002,25.142,15500.83,2478.176,15500.83,15.327,0.975,1076.891,17824.848,,1.194,1127.965,1613.236,10090.69,15283.165,95595.227,65.098,86.207,1.344,322.574,24316.832,465.997,2914.78,3887.623,2.383,572.262,3930.325,24583.936,18.804,21.929,8203.81,-2.572,-228.664,7123.229,409.871,2563.72,1138.817,16.539,6.424,0.326,-25.936,15295.052,864.939,5410.14,2445.277,34.902,13.793,,,2.824,161.691,7330.212,417.777,2613.17,1171.908,16.858,6.61,0.887,381.691,43398.32,205.476,1285.24,6938.251,0.139,58.215,6691.435,41854.5,8.291,39.136,600.235,193.7,44.15,3.869,22.357,30.968,7.058,95.962,1.25,0.285,0.541,2478.176,111493.289,-1.824,-187.628,7964.84,447.162,2796.97,1273.369,18.044,7.183,34.389,0.989,3.928,0.217,1.36,0.628,0.009,0.004,22.192,18.773,106.022,6.106,38.19,16.95,0.246,0.096
World,2002,,6337730343.0,,13.612,17.89,23.56,149.315,25.689,162.81,1.014,0.132,532.3,3.953,1102.145,4572.965,28982.217,969.48,6144.3,1.212,338.857,4463.289,28287.121,38.283,25.59,16049.89,2532.435,16049.89,15.521,2.154,2401.141,17970.854,,2.234,2136.01,1660.05,10520.95,15420.542,97731.234,65.552,86.292,3.023,735.096,25051.928,489.893,3104.81,3952.823,2.327,572.113,3969.252,25156.049,19.345,22.12,8543.29,1.843,71.689,7194.918,412.069,2611.58,1135.252,16.272,6.353,2.447,229.922,15524.974,872.385,5528.94,2449.611,34.448,13.708,,,1.598,55.938,7386.15,418.885,2654.78,1165.425,16.541,6.522,0.688,298.77,43697.09,200.678,1271.84,6894.754,-1.207,-505.242,6524.301,41349.258,7.924,38.583,646.156,208.64,45.83,7.65,45.92,32.92,7.231,101.954,1.3,0.286,0.571,2532.435,113894.43,3.212,173.984,8138.824,453.5,2874.16,1284.186,17.908,7.186,26.371,0.995,4.923,0.271,1.72,0.777,0.011,0.004,36.482,37.49,143.512,8.24,52.22,22.644,0.325,0.127
World,2003,,6420361633.0,,13.138,19.617,26.312,168.932,27.47,176.37,1.061,0.144,544.55,8.755,2537.377,4909.317,31519.594,1024.078,6574.95,7.332,2073.941,4728.871,30361.062,39.541,26.886,16628.01,2589.887,16628.01,15.464,3.473,3955.172,18355.602,,4.223,4126.977,1733.033,11126.7,15864.871,101858.211,66.915,86.886,2.698,675.807,25727.734,507.059,3255.5,4007.209,3.58,900.488,4058.422,26056.537,19.578,21.946,9054.74,-0.122,-47.961,7146.958,406.826,2611.97,1113.171,15.708,6.096,-0.265,-150.852,15374.122,856.854,5501.31,2394.588,33.085,13.114,,,-2.026,-189.091,7197.059,405.125,2601.05,1120.974,15.643,6.139,2.091,913.793,44610.883,201.897,1296.25,6948.344,4.438,1834.969,6726.136,43184.227,7.796,38.053,682.599,222.98,46.61,5.64,36.443,34.73,7.26,106.318,1.341,0.28,0.582,2589.887,117849.602,1.298,38.239,8177.063,451.728,2900.26,1273.614,17.442,6.975,25.347,1.214,6.138,0.329,2.11,0.956,0.013,0.005,20.814,28.926,172.438,9.844,63.2,26.858,0.38,0.147
World,2004,,6503377774.0,,19.102,32.269,30.938,201.2,29.586,192.41,1.105,0.163,539.43,6.946,2189.379,5183.302,33708.973,1045.195,6797.3,8.642,2623.84,5071.965,32984.902,39.031,27.361,17414.99,2677.838,17414.99,15.418,5.085,5992.141,19042.68,,4.954,5045.564,1778.159,11564.04,16438.193,106903.773,66.403,86.773,4.096,1053.885,26781.619,538.655,3503.08,4118.109,3.407,887.631,4143.104,26944.168,20.115,21.738,9394.19,7.381,485.917,7632.875,430.947,2802.61,1173.679,16.093,6.196,6.762,921.141,16295.263,899.679,5850.95,2505.661,33.597,13.227,,,4.545,286.3,7483.358,418.153,2719.41,1150.688,15.615,6.074,4.04,1802.301,46413.184,194.308,1263.66,7136.781,5.013,2164.922,6973.168,45349.148,7.256,37.673,737.757,240.67,48.26,8.081,55.158,37.007,7.421,113.442,1.382,0.277,0.599,2677.838,123841.742,8.666,634.841,8811.904,481.525,3131.54,1354.974,17.982,7.153,31.769,1.906,8.044,0.427,2.78,1.237,0.016,0.007,35.291,59.591,232.028,13.144,85.48,35.678,0.491,0.188
World,2005,,6586970132.0,,16.538,33.275,35.597,234.475,32.3,212.76,1.173,0.184,543.38,7.393,2491.98,5495.843,36200.953,1088.089,7167.21,6.305,2079.582,5323.31,35064.484,39.523,28.448,18134.08,2753.023,18134.08,15.512,3.307,4094.977,19422.695,,3.511,3753.289,1840.852,12125.64,16799.387,110657.062,66.867,86.96,2.455,657.605,27439.225,558.761,3680.54,4165.682,2.368,638.059,4187.392,27582.227,20.296,21.563,9853.71,3.363,193.08,7825.955,442.05,2911.77,1188.096,16.057,6.15,2.865,298.515,16593.777,912.171,6008.44,2519.182,33.133,13.04,,,0.262,-40.871,7442.488,413.995,2726.97,1129.88,15.038,5.849,1.301,603.703,47016.887,194.003,1277.89,7137.862,0.851,385.957,6943.269,45735.105,7.047,36.948,798.361,261.35,48.59,8.215,60.604,39.677,7.377,121.203,1.441,0.268,0.627,2753.023,127936.719,5.015,339.386,9151.29,498.176,3281.47,1389.302,18.096,7.192,40.901,3.199,11.242,0.6,3.95,1.707,0.022,0.009,22.202,49.228,281.256,15.849,104.4,42.699,0.576,0.221
World,2006,,6671452019.0,,25.643,60.127,44.159,294.602,33.967,226.61,1.203,0.225,546.4,5.21,1886.086,5708.958,38087.039,1134.231,7566.97,5.033,1764.941,5520.451,36829.426,40.167,29.121,18838.99,2823.822,18838.99,15.675,2.77,3544.484,19708.033,,2.746,3038.637,1895.141,12643.34,17042.123,113695.703,67.113,86.931,2.669,732.484,28171.709,584.669,3900.59,4222.725,3.4,937.9,4274.951,28520.127,20.705,21.54,10293.71,3.812,254.88,8080.835,452.386,3018.07,1211.256,16.02,6.179,4.024,499.17,17092.947,928.681,6195.65,2562.103,32.887,13.069,,,1.246,52.46,7494.948,413.941,2761.59,1123.436,14.659,5.731,0.893,420.066,47436.953,176.24,1175.78,7110.439,0.798,365.07,6910.066,46100.176,6.241,36.27,850.216,277.37,50.76,6.495,51.854,41.576,7.609,127.441,1.472,0.269,0.65,2823.822,131481.203,6.215,446.71,9598.0,514.74,3434.06,1438.667,18.228,7.339,37.612,4.146,15.388,0.812,5.42,2.307,0.029,0.012,27.599,75.703,356.959,19.966,133.2,53.506,0.707,0.273
World,2007,,6757308776.0,,32.943,97.05,57.96,391.652,36.892,249.29,1.265,0.29,554.66,5.657,2154.664,5955.286,40241.703,1191.573,8051.83,4.408,1623.582,5690.58,38453.008,40.843,29.823,19713.961,2917.428,19713.961,15.859,3.146,4136.781,20069.822,,3.493,3971.807,1992.975,13467.15,17413.369,117667.508,68.313,87.204,4.141,1166.576,29338.285,624.401,4219.27,4341.711,2.649,755.508,4332.44,29275.635,21.402,21.743,10934.52,1.66,90.468,8171.303,453.254,3062.78,1209.254,15.536,6.056,2.348,172.818,17265.766,924.452,6246.81,2555.125,31.687,12.796,,,-2.039,-191.842,7303.106,400.084,2703.49,1080.771,13.714,5.412,1.371,650.566,48087.52,177.001,1196.05,7116.372,-0.207,-95.438,6808.145,46004.738,6.067,35.638,922.815,302.1,52.81,8.539,72.6,44.707,7.815,136.565,1.532,0.268,0.684,2917.428,135617.984,5.647,364.66,9962.659,524.369,3543.32,1474.353,17.974,7.383,35.63,5.372,20.76,1.079,7.29,3.072,0.037,0.015,28.465,99.17,456.129,25.328,171.15,67.502,0.868,0.338
World,2008,,6844457659.0,,36.841,144.29,78.303,535.942,38.919,266.38,1.325,0.393,547.7,1.379,554.941,5960.537,40796.645,1179.668,8074.19,3.291,1265.602,5803.032,39718.609,40.165,29.891,20102.641,2937.068,20102.641,16.009,1.188,1611.422,20049.713,,0.742,872.535,1988.017,13606.9,17319.129,118540.047,67.687,86.853,2.428,712.461,30050.746,637.156,4360.99,4390.522,3.592,1051.535,4430.909,30327.17,21.694,22.018,11010.21,5.832,408.098,8579.401,474.157,3245.35,1253.482,16.144,6.286,5.84,677.363,17943.129,949.051,6495.74,2621.556,32.313,13.147,,,-0.31,-80.271,7222.835,393.708,2694.72,1055.282,13.405,5.292,-0.821,-394.867,47692.652,171.193,1171.72,6968.069,1.072,493.051,6793.495,46497.789,5.829,34.944,987.29,322.97,56.59,6.987,64.475,47.187,8.268,144.247,1.607,0.282,0.723,2937.068,137229.406,10.127,757.634,10720.294,555.343,3801.02,1566.274,18.908,7.855,62.455,12.698,33.458,1.731,11.85,4.888,0.059,0.025,29.1,128.072,584.202,32.267,220.85,85.354,1.099,0.428
World,2009,,6932766416.0,,12.071,64.693,86.637,600.635,41.32,286.46,1.436,0.447,543.49,-1.416,-577.637,5801.293,40219.008,1146.839,7950.77,-0.036,-14.336,5727.046,39704.273,39.866,29.947,19943.51,2876.703,19943.51,16.162,-1.6,-2196.188,19477.537,,-1.926,-2283.461,1933.468,13404.28,16769.146,116256.578,67.211,86.565,-2.153,-647.141,29403.605,632.121,4382.35,4241.251,-3.031,-919.166,4241.886,29408.004,21.974,21.894,10839.06,-0.162,-58.841,8520.561,467.529,3241.27,1229.027,16.252,6.344,1.509,100.089,18043.217,943.235,6539.23,2602.6,32.789,13.435,,,-1.415,-139.583,7083.252,383.218,2656.76,1021.706,13.321,5.274,-2.22,-1058.684,46633.969,154.507,1071.16,6726.603,-2.492,-1158.75,6539.819,45339.039,5.371,34.724,1056.994,345.12,58.66,7.06,69.703,49.781,8.461,152.463,1.73,0.294,0.787,2876.703,135033.219,3.354,239.672,10959.966,560.017,3882.47,1580.894,19.467,8.161,66.075,21.816,55.274,2.859,19.82,7.973,0.099,0.041,25.014,142.3,726.502,39.848,276.26,104.793,1.385,0.541
World,2010,,7021732143.0,89807710403740.0,13.03,78.265,96.686,678.901,46.597,327.19,1.539,0.482,543.85,4.468,1797.008,5983.711,42016.016,1204.546,8458.0,5.36,2128.184,5957.569,41832.457,39.777,29.842,21263.75,3028.277,21263.75,16.433,4.865,6568.828,20166.256,1.577,4.769,5544.848,2042.875,14344.52,17346.352,121801.43,67.46,86.51,7.446,2189.266,31592.871,684.711,4807.86,4499.299,6.934,2039.277,4478.564,31447.281,22.611,22.439,11564.27,5.661,412.024,8932.585,488.229,3428.21,1272.134,16.122,6.344,6.324,950.175,18993.393,985.402,6919.23,2704.944,32.54,13.49,,,2.577,125.771,7209.022,388.21,2725.91,1026.673,12.82,5.12,3.342,1558.574,48192.543,153.617,1078.66,6863.341,1.98,897.621,6584.794,46236.66,5.073,34.229,1182.441,386.91,59.72,11.868,125.447,55.102,8.505,168.397,1.82,0.281,0.84,3028.277,141602.047,8.58,824.404,11784.37,597.192,4193.32,1678.271,19.721,8.37,61.075,33.063,88.336,4.587,32.21,12.58,0.151,0.063,25.149,175.605,902.107,49.274,345.99,128.474,1.627,0.641
World,2011,,7110923773.0,,5.658,38.411,100.875,717.312,48.555,345.27,1.571,0.498,550.21,4.682,1967.336,6185.322,43983.352,1253.148,8911.04,7.064,2955.047,6298.409,44787.504,40.556,30.522,21972.029,3089.898,21972.029,16.566,2.338,3311.25,20378.969,,2.553,3110.08,2104.33,14963.73,17566.145,124911.508,68.104,86.683,2.396,757.014,32349.885,684.289,4865.93,4549.322,3.795,1193.396,4590.216,32640.678,22.146,22.449,12089.32,1.821,115.54,9048.125,490.523,3488.07,1272.426,15.875,6.279,1.703,196.975,19190.367,985.568,7008.3,2698.717,31.896,13.317,,,-4.185,-337.452,6871.57,367.089,2610.34,966.34,11.88,4.769,0.8,385.73,48578.273,166.893,1186.76,6831.5,0.834,385.66,6556.437,46622.32,5.401,33.711,1240.743,406.35,61.08,4.931,58.302,57.144,8.59,174.484,1.849,0.278,0.861,3089.898,144913.297,5.051,534.427,12318.797,618.479,4397.96,1732.376,20.016,8.549,93.812,81.983,170.32,8.938,63.56,23.952,0.289,0.118,27.285,240.19,1142.297,61.874,439.98,160.64,2.002,0.793
World,2012,,7201202478.0,,4.054,29.083,103.649,746.395,51.939,374.02,1.661,0.511,548.14,0.262,115.332,6123.794,44098.684,1244.276,8960.28,1.024,458.609,6283.133,45246.113,39.796,30.168,22515.66,3126.653,22515.66,16.727,1.442,2089.125,20413.594,,1.438,1795.822,2133.009,15360.23,17595.303,126707.328,68.22,86.681,2.771,896.553,33246.438,716.734,5161.35,4616.79,2.378,776.303,4640.472,33416.98,22.923,22.744,12341.69,4.262,337.014,9385.139,508.272,3660.17,1303.274,16.256,6.42,1.976,278.101,19468.467,993.644,7155.43,2703.502,31.78,13.319,,,-6.857,-504.193,6367.377,337.752,2432.22,884.21,10.802,4.356,1.614,783.938,49362.211,171.999,1238.6,6854.718,2.724,1270.109,6650.616,47892.43,5.501,33.769,1339.848,436.86,62.84,7.988,99.105,60.665,8.726,186.059,1.94,0.279,0.917,3126.653,147002.422,6.557,782.293,13101.09,655.892,4723.21,1819.292,20.977,8.963,54.412,91.319,261.639,13.459,96.92,36.333,0.43,0.179,20.385,225.773,1368.069,73.496,529.26,189.978,2.351,0.936
World,2013,,7291793585.0,,9.662,72.115,112.251,818.51,55.743,406.47,1.755,0.55,548.36,1.467,646.781,6136.414,44745.465,1292.391,9423.85,1.599,723.473,6304.291,45969.586,40.699,30.091,23155.029,3175.492,23155.029,16.939,1.767,2597.312,20516.178,,1.337,1694.211,2150.231,15679.04,17609.049,128401.547,67.713,86.35,1.464,486.828,33733.266,693.706,5058.36,4626.196,0.856,286.008,4622.043,33702.988,21.846,22.686,12697.32,4.025,302.825,9687.964,519.871,3790.79,1328.612,16.371,6.515,5.217,829.515,20297.982,1025.261,7475.99,2783.675,32.287,13.65,,,0.799,1.604,6368.981,335.791,2448.52,873.445,10.574,4.283,1.136,560.602,49922.812,164.134,1196.83,6846.438,0.153,73.426,6578.06,47965.855,5.169,33.573,1441.806,470.79,64.32,7.61,101.958,64.564,8.821,197.73,2.033,0.278,0.97,3175.492,149599.734,7.22,827.912,13929.002,689.47,5027.47,1910.23,21.712,9.367,36.54,92.861,354.5,18.068,131.75,48.616,0.569,0.238,19.789,258.152,1626.221,86.966,634.14,223.021,2.739,1.094
World,2014,,7381616239.0,,5.795,47.435,117.311,865.946,59.971,442.68,1.864,0.576,544.73,0.373,166.906,6084.354,44912.371,1301.048,9603.84,-0.282,-129.512,6210.032,45840.074,40.442,29.878,23747.07,3217.056,23747.07,17.223,1.096,1639.438,20488.625,,0.641,823.578,2162.348,15961.62,17506.346,129225.125,67.215,85.966,0.721,243.09,33976.355,706.366,5214.12,4602.834,2.221,748.5,4667.201,34451.488,21.957,22.603,12935.69,2.668,207.895,9895.858,524.366,3870.67,1340.609,16.3,6.583,4.43,797.949,21095.932,1054.708,7785.45,2857.901,32.785,14.034,,,2.042,96.985,6465.966,338.507,2498.73,875.955,10.522,4.301,0.828,413.582,50336.395,154.934,1143.66,6819.156,2.345,1124.898,6650.407,49090.754,4.816,33.486,1569.092,512.21,69.53,8.828,127.286,69.39,9.419,212.568,2.157,0.293,1.044,3217.056,151239.172,5.448,700.963,14629.965,716.201,5286.72,1981.946,22.263,9.732,42.338,147.522,502.021,26.788,197.74,68.01,0.833,0.334,11.07,170.826,1797.047,95.657,706.1,243.449,2.973,1.195
World,2015,,7470491876.0,106871829405667.0,3.752,32.488,120.264,898.433,63.154,471.79,1.966,0.593,533.38,-2.71,-1217.027,5849.059,43695.344,1242.704,9283.61,-2.776,-1272.332,5965.838,44567.742,38.678,28.855,24002.35,3212.954,24002.35,17.304,0.74,1118.453,20394.59,1.426,0.421,544.297,2135.975,15956.78,17370.934,129769.422,66.48,85.694,2.365,803.688,34780.043,741.568,5539.88,4655.656,2.033,700.461,4705.44,35151.949,23.081,22.967,12802.33,-0.255,-75.187,9820.672,519.662,3882.13,1314.595,16.174,6.485,3.146,567.856,21663.787,1076.98,8045.57,2899.914,33.52,14.306,,,1.346,53.883,6519.85,339.058,2532.93,872.747,10.553,4.305,1.902,957.637,51294.031,151.702,1133.29,6866.219,3.35,1644.535,6791.425,50735.289,4.722,33.872,1669.679,544.87,73.08,6.411,100.587,72.936,9.782,223.503,2.27,0.304,1.103,3212.954,152357.625,3.888,513.972,15143.938,737.922,5512.64,2027.167,22.967,10.0,30.026,147.43,649.452,34.269,256.01,86.936,1.067,0.429,17.772,308.654,2105.701,111.054,829.63,281.869,3.456,1.391
World,2016,,7558554527.0,110407200853028.0,4.477,40.22,124.184,938.653,63.779,482.08,1.952,0.613,525.3,-2.123,-927.52,5658.202,42767.824,1234.093,9327.96,-5.332,-2376.152,5581.965,42191.59,37.773,27.914,24694.51,3267.094,24694.51,17.634,1.223,1863.859,20403.568,1.397,0.691,896.906,2151.601,16262.99,17287.211,130666.328,65.857,85.283,2.312,803.941,35583.984,773.947,5849.92,4707.776,1.092,384.0,4701.421,35535.949,23.689,23.225,12972.07,3.526,269.666,10090.338,531.153,4014.75,1334.956,16.258,6.586,4.797,884.938,22548.725,1115.494,8431.52,2983.206,34.143,14.717,,,1.488,47.126,6566.976,340.151,2571.05,868.814,10.411,4.286,1.989,1020.484,52314.516,143.561,1085.11,6921.233,0.399,202.492,6739.09,50937.781,4.394,34.145,1709.845,557.95,75.87,2.406,40.166,73.817,10.038,226.213,2.259,0.307,1.116,3267.094,154221.484,6.129,837.812,15981.749,775.343,5860.47,2114.392,23.732,10.431,27.864,174.706,824.158,43.324,327.47,109.036,1.326,0.538,15.739,313.053,2418.755,127.048,960.3,320.002,3.889,1.579
World,2017,,7645617952.0,114529588369027.0,2.049,19.238,125.286,957.891,66.364,507.39,1.994,0.612,522.04,1.072,458.516,5653.741,43226.34,1262.821,9655.05,2.374,1001.738,5649.423,43193.328,37.951,27.606,25441.039,3327.532,25441.039,17.807,2.207,3403.828,20616.426,1.376,1.857,2426.402,2174.119,16622.48,17407.713,133092.719,65.337,84.997,2.864,1019.07,36603.055,781.31,5973.6,4787.456,3.679,1307.367,4818.88,36843.316,23.48,23.376,13281.24,1.306,80.707,10171.045,530.242,4054.03,1330.31,15.935,6.496,4.485,944.474,23493.197,1153.414,8818.56,3072.766,34.663,15.003,,,0.893,25.529,6592.505,339.309,2594.23,862.259,10.197,4.21,1.814,948.816,53263.332,129.987,993.83,6966.518,0.138,70.375,6671.554,51008.156,3.906,34.015,1800.718,586.21,78.82,5.315,90.872,76.673,10.309,235.523,2.304,0.31,1.15,3327.532,157625.312,5.867,918.944,16900.693,814.104,6224.33,2210.507,24.466,10.793,35.934,290.554,1114.711,58.157,444.65,145.797,1.748,0.712,18.684,437.574,2856.328,149.032,1139.44,373.59,4.479,1.824
World,2018,,7729902779.0,118765812557841.0,8.448,80.925,134.389,1038.815,69.566,537.74,2.032,0.646,518.51,1.552,670.988,5678.898,43897.328,1297.95,10033.03,4.532,1957.656,5841.081,45150.984,37.911,27.311,26464.49,3423.651,26464.49,18.084,2.652,4180.812,20932.492,1.362,2.19,2914.449,2220.751,17166.189,17594.939,136007.172,64.865,84.619,4.683,1714.004,38317.059,805.257,6224.56,4956.991,4.658,1716.227,4988.361,38559.543,23.52,23.84,13722.02,2.954,248.347,10419.392,540.348,4176.84,1347.933,15.783,6.483,5.811,1228.022,24721.221,1202.9,9298.3,3198.128,35.135,15.381,,,2.398,124.471,6716.976,343.95,2658.7,868.96,10.046,4.179,0.994,529.457,53792.789,117.544,908.6,6959.051,2.394,1220.941,6756.76,52229.098,3.433,33.468,1952.104,619.46,81.72,8.407,151.386,80.138,10.572,252.539,2.341,0.309,1.215,3423.651,161806.125,7.063,1103.551,18004.244,858.95,6639.6,2329.168,25.089,11.202,29.086,317.063,1431.775,74.407,575.16,185.225,2.173,0.891,11.261,305.83,3162.159,164.056,1268.14,409.081,4.792,1.967
World,2019,,7811293699.0,122149370355621.0,8.519,88.498,144.318,1127.314,72.459,566.0,2.109,0.694,505.75,-0.614,-269.715,5585.197,43627.613,1257.972,9826.39,1.443,651.59,5863.635,45802.574,36.621,26.842,26832.42,3435.08,26832.42,18.185,1.167,1888.484,20956.146,1.34,0.493,670.883,2186.927,17082.73,17497.494,136678.062,63.665,84.092,1.921,736.121,39053.18,819.494,6401.31,4999.579,3.024,1165.895,5085.641,39725.438,23.857,24.028,13570.59,1.29,82.157,10501.549,541.237,4227.76,1344.406,15.756,6.461,5.266,1135.228,25856.449,1248.153,9749.69,3310.136,36.335,15.908,,,3.538,203.216,6920.192,352.577,2754.08,885.921,10.264,4.258,0.38,204.477,53997.266,109.461,855.03,6912.717,-0.138,-72.195,6677.114,52156.902,3.187,33.222,2038.12,648.95,82.95,4.406,86.016,83.078,10.619,260.92,2.419,0.309,1.254,3435.08,163694.609,5.872,932.012,18936.256,895.576,6995.61,2424.215,26.071,11.651,22.752,317.055,1748.829,89.35,697.94,223.885,2.601,1.076,11.884,358.285,3520.444,181.911,1420.96,450.686,5.296,2.166
World,2020,,7887001289.0,118590021803593.0,-5.241,-59.084,135.442,1068.23,76.223,601.17,2.25,0.681,492.11,-3.006,-1311.289,5365.325,42316.324,1196.532,9437.05,-5.057,-2316.449,5513.645,43486.125,35.314,26.987,26723.369,3388.28,26723.369,18.91,-3.483,-5700.719,20032.188,1.332,-4.797,-6556.441,2104.205,16595.869,16498.236,130121.617,62.102,82.985,-0.894,-349.133,38704.047,809.299,6382.94,4907.321,-2.658,-1055.777,4902.961,38669.66,23.885,24.683,13150.74,2.746,261.731,10763.28,551.163,4347.02,1364.686,16.267,6.864,2.845,823.778,26680.227,1284.075,10127.5,3382.81,37.898,17.015,,,-3.818,-280.674,6639.518,335.784,2648.33,841.831,9.91,4.234,-9.067,-4896.02,49101.246,98.375,775.88,6225.591,-6.606,-3445.242,6176.195,48711.66,2.903,31.314,2152.29,687.29,86.12,5.602,114.17,87.142,10.919,272.891,2.572,0.322,1.373,3388.28,157993.891,5.131,1104.453,20040.709,948.291,7479.17,2540.979,27.987,12.781,21.337,367.915,2116.744,108.202,853.39,268.384,3.193,1.35,12.199,419.721,3940.165,201.784,1591.47,499.577,5.955,2.513
World,2021,,7954448387.0,126004793520756.0,5.606,59.89,141.822,1128.119,82.382,655.3,2.319,0.684,494.81,5.496,2325.84,5612.226,44642.164,1276.832,10156.49,4.308,1873.359,5702.405,45359.484,35.941,27.086,28259.07,3552.612,28259.07,19.024,5.095,8049.609,20874.295,1.318,5.067,6593.102,2206.988,17555.369,17187.203,136714.719,62.123,82.95,3.932,1521.688,40225.734,824.272,6556.63,5057.011,4.645,1796.086,5087.185,40465.746,23.202,24.407,13982.89,-1.502,-187.748,10575.532,539.157,4288.7,1329.512,15.176,6.417,5.52,1420.169,28100.395,1345.624,10703.7,3532.664,37.877,17.05,,,4.23,263.809,6903.327,347.282,2762.44,867.857,9.775,4.189,5.592,2745.574,51846.82,105.884,842.25,6517.965,1.168,568.797,6195.333,49280.457,2.98,31.458,2317.554,741.63,86.33,7.679,165.264,93.235,10.853,291.353,2.624,0.305,1.406,3552.612,166043.5,5.924,1156.36,21197.068,998.342,7941.26,2664.807,28.102,12.861,22.806,476.337,2593.081,132.503,1053.99,325.991,3.73,1.573,16.597,642.617,4582.781,233.447,1856.94,576.128,6.571,2.781
World,2022,,8021407196.0,130112562171125.0,5.763,65.012,148.743,1193.131,83.427,669.2,2.314,0.711,489.52,0.638,284.762,5600.878,44926.926,1276.639,10240.44,7.031,3189.062,6052.373,48548.547,35.412,26.776,28917.76,3605.073,28917.76,19.163,1.818,3018.031,21076.293,1.299,1.341,1833.969,2213.593,17756.131,17272.367,138548.688,61.402,82.573,-0.413,-166.082,40059.652,826.323,6628.27,4994.093,0.093,37.82,5049.434,40503.566,22.921,23.875,14155.8,0.958,75.062,10650.595,539.066,4324.07,1327.771,14.953,6.348,4.394,1140.488,29240.883,1391.48,11161.63,3645.356,38.598,17.427,,,-4.4,-319.996,6583.331,329.074,2639.64,820.72,9.128,3.924,3.308,1715.289,53562.109,110.631,887.42,6677.396,4.469,2202.539,6418.2,51482.996,3.069,31.922,2379.479,757.14,87.94,2.672,61.925,94.39,10.963,296.641,2.618,0.304,1.418,3605.073,169061.531,7.11,1460.484,22657.553,1062.406,8521.99,2824.636,29.47,13.504,25.632,656.664,3249.746,166.195,1333.12,405.134,4.61,1.937,13.411,601.82,5184.602,262.754,2107.66,646.346,7.288,3.09
World,2023,,8091734933.0,,10.568,126.085,163.033,1319.216,84.484,683.62,2.304,0.772,483.18,0.873,392.16,5600.664,45319.086,1284.76,10395.94,3.143,1525.75,6188.326,50074.297,35.044,26.533,29665.34,3666.128,29665.34,19.348,1.879,3177.25,21285.768,,1.271,1760.301,2221.05,17972.15,17339.791,140308.984,60.583,82.148,0.229,91.566,40151.219,827.934,6699.42,4962.004,0.342,138.617,5022.679,40642.184,22.583,23.508,14333.67,-1.708,-258.515,10392.08,524.005,4240.11,1284.283,14.293,6.084,5.332,1250.691,30491.574,1445.078,11693.19,3768.237,39.417,17.852,,,2.172,93.799,6677.13,333.395,2697.74,825.179,9.094,3.909,2.383,1276.574,54838.684,108.356,876.79,6777.123,1.979,1018.918,6488.338,52501.914,2.956,32.107,2411.358,772.02,88.4,1.34,31.879,95.408,10.925,298.003,2.602,0.298,1.412,3666.128,172238.781,6.203,1156.892,23814.445,1111.684,8995.45,2943.058,30.323,13.943,24.818,776.836,4026.582,205.659,1664.14,497.617,5.61,2.357,10.075,480.606,5665.208,286.611,2319.18,700.123,7.818,3.317
World,2024,,8161972574.0,,3.613,47.662,167.469,1366.878,86.176,703.37,2.274,0.78,471.08,1.173,531.457,5617.581,45850.543,1291.225,10538.94,1.086,544.031,6201.728,50618.328,34.073,26.16,30930.23,3789.553,30930.23,19.771,2.612,4498.312,21653.723,,1.505,2111.906,2239.104,18275.51,17449.322,142420.891,59.086,81.257,2.807,1127.051,41278.27,843.268,6882.73,5057.389,1.482,602.332,5053.253,41244.516,22.252,23.551,14570.48,4.51,468.673,10860.753,543.208,4433.65,1330.653,14.334,6.197,7.575,2359.283,32850.859,1550.449,12654.72,4024.867,40.914,18.743,,,2.916,194.705,6871.835,340.25,2777.11,841.933,8.979,3.921,0.827,453.398,55292.082,104.612,853.84,6774.353,0.627,329.137,6472.829,52831.051,2.761,31.546,2476.357,791.81,88.44,2.696,64.998,97.012,10.836,303.402,2.56,0.286,1.413,3789.553,176737.094,8.811,2164.578,25979.023,1210.199,9877.61,3182.934,31.935,14.822,27.914,1123.988,5150.569,262.516,2142.65,631.045,6.927,2.939,8.107,459.257,6124.465,307.462,2509.5,750.366,8.113,3.494
World,2025,,8231613067.0,,,,,,86.303,710.41,2.236,,458.29,,,,,1272.112,10471.53,,,,,32.958,,31772.35,3859.796,31772.35,,,,,,,,2215.154,18234.289,,,57.39,,,,,840.8,6921.14,,,,,,21.784,,14560.86,,,,538.773,4434.97,,13.959,,,,,1644.642,13538.06,,42.61,,,,,,,341.558,2811.57,,8.849,,,,,102.242,841.62,,,,,,2.649,,,799.74,89.33,,,97.155,10.852,,2.517,0.281,,3859.796,,,,,1303.085,10726.49,,33.76,,,,,337.557,2778.64,,8.745,,,,,329.6,2713.14,,8.539,
