raw_id,raw_name,source_dataset,source_url,external_ref,raw_country,raw_manufacturer,domain,category,status,credibility_tier,promoted_record_id,promoted_name,created_at
503,3S,Bard Drone Databook 2019,https://dronecenter.bard.edu/files/2019/10/CSD-Drone-Databook-Web.pdf,SRC-0503,France,Drone Protect Systems,Military / Government,Small / tactical; Rotary-wing,In use or under development as documented in 2019,2,UAV-87319D872852,3S,2026-08-02T16:05:02+00:00
608,A1-S/M Fury,Bard Drone Databook 2019,https://dronecenter.bard.edu/files/2019/10/CSD-Drone-Databook-Web.pdf,SRC-0608,Ukraine,Athlone Air,Military / Government,Small / tactical; Fixed-wing,In use or under development as documented in 2019,2,UAV-E79A0D325185,A1-S,2026-08-02T16:05:02+00:00
511,ALADIN,Bard Drone Databook 2019,https://dronecenter.bard.edu/files/2019/10/CSD-Drone-Databook-Web.pdf,SRC-0511,Germany,EMT,Military / Government,Small / tactical; Fixed-wing,In use or under development as documented in 2019,2,UAV-2BC75458C712,ALADIN,2026-08-02T16:05:02+00:00
616,ANT,Bard Drone Databook 2019,https://dronecenter.bard.edu/files/2019/10/CSD-Drone-Databook-Web.pdf,SRC-0616,Uruguay,CIACA,Military / Government,Small / tactical; Fixed-wing,In use or under development as documented in 2019,2,UAV-64BD05D89142,ANT,2026-08-02T16:05:02+00:00
504,AR-Drone,Bard Drone Databook 2019,https://dronecenter.bard.edu/files/2019/10/CSD-Drone-Databook-Web.pdf,SRC-0504,France,Parrot,Military / Government,Small / tactical; Rotary-wing,In use or under development as documented in 2019,2,UAV-23D8E0156062,AR Drone,2026-08-02T16:05:02+00:00
466,ASN-104,Bard Drone Databook 2019,https://dronecenter.bard.edu/files/2019/10/CSD-Drone-Databook-Web.pdf,SRC-0466,China,Xi’an ASN Technology Group,Military / Government,Small / tactical; Fixed-wing,In use or under development as documented in 2019,2,UAV-13A55FECA853,ASN-104,2026-08-02T16:05:02+00:00
467,ASN-206,Bard Drone Databook 2019,https://dronecenter.bard.edu/files/2019/10/CSD-Drone-Databook-Web.pdf,SRC-0467,China,Xi’an ASN Technology Group,Military / Government,Medium tactical; Fixed-wing,In use or under development as documented in 2019,2,UAV-0AD9644F87B0,ASN-206,2026-08-02T16:05:02+00:00
468,ASN-207,Bard Drone Databook 2019,https://dronecenter.bard.edu/files/2019/10/CSD-Drone-Databook-Web.pdf,SRC-0468,China,Xi’an ASN Technology Group,Military / Government,Medium tactical; Fixed-wing,In use or under development as documented in 2019,2,UAV-7DD80982222B,ASN-207,2026-08-02T16:05:02+00:00
469,ASN-209,Bard Drone Databook 2019,https://dronecenter.bard.edu/files/2019/10/CSD-Drone-Databook-Web.pdf,SRC-0469,China,Xi’an ASN Technology Group,Military / Government,Medium tactical; Fixed-wing,In use or under development as documented in 2019,2,UAV-9CE19E9211AF,ASN-209,2026-08-02T16:05:02+00:00
609,ASU-1 Valkyrie,Bard Drone Databook 2019,https://dronecenter.bard.edu/files/2019/10/CSD-Drone-Databook-Web.pdf,SRC-0609,Ukraine,Aviation Systems of Ukraine,Military / Government,Small / tactical; Fixed-wing,In use or under development as documented in 2019,2,UAV-502FE1C05337,ASU-1 Valkyrie,2026-08-02T16:05:02+00:00
470,AV500W,Bard Drone Databook 2019,https://dronecenter.bard.edu/files/2019/10/CSD-Drone-Databook-Web.pdf,SRC-0470,China,AVIC,Military / Government,Medium tactical; Rotary-wing,In use or under development as documented in 2019,2,UAV-F3823EA9E1E4,AV500W,2026-08-02T16:05:02+00:00
518,Ababil-3,Bard Drone Databook 2019,https://dronecenter.bard.edu/files/2019/10/CSD-Drone-Databook-Web.pdf,SRC-0518,Iran,Qods Aviation,Military / Government,Medium tactical; Fixed-wing,In use or under development as documented in 2019,2,UAV-59B8AD1FC59B,Ababil-3,2026-08-02T16:05:02+00:00
588,Alpha 800,Bard Drone Databook 2019,https://dronecenter.bard.edu/files/2019/10/CSD-Drone-Databook-Web.pdf,SRC-0588,Spain,Alpha Unmanned Systems,Military / Government,Small / tactical; Rotary-wing,In use or under development as documented in 2019,2,UAV-22C7E3819320,Alpha 800,2026-08-02T16:05:02+00:00
557,Aludra (Mk1),Bard Drone Databook 2019,https://dronecenter.bard.edu/files/2019/10/CSD-Drone-Databook-Web.pdf,SRC-0557,Malaysia,CTRM,Military / Government,Medium tactical; Fixed-wing,In use or under development as documented in 2019,2,UAV-E11B4F1DB8F7,Aludra (Mk1),2026-08-02T16:05:02+00:00
602,Anka,Bard Drone Databook 2019,https://dronecenter.bard.edu/files/2019/10/CSD-Drone-Databook-Web.pdf,SRC-0602,Türkiye,TAI,Military / Government,Large / strategic; Fixed-wing,In use or under development as documented in 2019,2,UAV-B53C5FFA1020,Anka,2026-08-02T16:05:02+00:00
593,Atlante Tucan,Bard Drone Databook 2019,https://dronecenter.bard.edu/files/2019/10/CSD-Drone-Databook-Web.pdf,SRC-0593,Spain,Airbus SCR,Military / Government,Small / tactical; Fixed-wing,In use or under development as documented in 2019,2,UAV-95701279EFD1,Atlante Tucan,2026-08-02T16:05:02+00:00
589,Atlantic,Bard Drone Databook 2019,https://dronecenter.bard.edu/files/2019/10/CSD-Drone-Databook-Web.pdf,SRC-0589,Spain,SCR,Military / Government,Small / tactical; Fixed-wing,In use or under development as documented in 2019,2,UAV-5721AA1BEA61,Atlantic,2026-08-02T16:05:02+00:00
455,Aukán,Bard Drone Databook 2019,https://dronecenter.bard.edu/files/2019/10/CSD-Drone-Databook-Web.pdf,SRC-0455,Argentina,DGIyD,Military / Government,Medium tactical; Fixed-wing,In use or under development as documented in 2019,2,UAV-9E92829F7DC7,Aukán,2026-08-02T16:05:02+00:00
472,BZK-005,Bard Drone Databook 2019,https://dronecenter.bard.edu/files/2019/10/CSD-Drone-Databook-Web.pdf,SRC-0472,China,Beihang,Military / Government,Large / strategic; Fixed-wing,In use or under development as documented in 2019,2,UAV-D60A771E6147,BZK-005,2026-08-02T16:05:02+00:00
473,BZK-007,Bard Drone Databook 2019,https://dronecenter.bard.edu/files/2019/10/CSD-Drone-Databook-Web.pdf,SRC-0473,China,GAIC,Military / Government,Large / strategic; Fixed-wing,In use or under development as documented in 2019,2,UAV-CFE1C76281EF,BZK-007,2026-08-02T16:05:02+00:00
474,BZK-206,Bard Drone Databook 2019,https://dronecenter.bard.edu/files/2019/10/CSD-Drone-Databook-Web.pdf,SRC-0474,China,Beihang,Military / Government,Small / tactical; Fixed-wing,In use or under development as documented in 2019,2,UAV-9D7BF26BBC3C,BZK-206,2026-08-02T16:05:02+00:00
603,Bayraktar Mini,Bard Drone Databook 2019,https://dronecenter.bard.edu/files/2019/10/CSD-Drone-Databook-Web.pdf,SRC-0603,Türkiye,Kale-Baykar,Military / Government,Small / tactical; Fixed-wing,In use or under development as documented in 2019,2,UAV-93181A5F673D,Bayraktar Mini,2026-08-02T16:05:02+00:00
604,Bayraktar-TB2,Bard Drone Databook 2019,https://dronecenter.bard.edu/files/2019/10/CSD-Drone-Databook-Web.pdf,SRC-0604,Türkiye,Baykar Makina,Military / Government,Large / strategic; Fixed-wing,In use or under development as documented in 2019,2,UAV-2EA3572A6DEB,Bayraktar TB2,2026-08-02T16:05:02+00:00
457,Baze,Bard Drone Databook 2019,https://dronecenter.bard.edu/files/2019/10/CSD-Drone-Databook-Web.pdf,SRC-0457,Armenia,Military Aviation Institute,Military / Government,Small / tactical; Fixed-wing,In use or under development as documented in 2019,2,UAV-6B009E0F303F,Baze,2026-08-02T16:05:02+00:00
460,Berkut-2,Bard Drone Databook 2019,https://dronecenter.bard.edu/files/2019/10/CSD-Drone-Databook-Web.pdf,SRC-0460,Belarus,JSC Agat Control Systems,Military / Government,Small / tactical; Fixed-wing,In use or under development as documented in 2019,2,UAV-022CC86DB14C,Berkut-2,2026-08-02T16:05:02+00:00
527,Bird Eye 400,Bard Drone Databook 2019,https://dronecenter.bard.edu/files/2019/10/CSD-Drone-Databook-Web.pdf,SRC-0527,Israel,IAI,Military / Government,Small / tactical; Fixed-wing,In use or under development as documented in 2019,2,UAV-8372B9AC1670,Bird Eye 400,2026-08-02T16:05:02+00:00
619,Black Hornet (PRS),Bard Drone Databook 2019,https://dronecenter.bard.edu/files/2019/10/CSD-Drone-Databook-Web.pdf,SRC-0619,United States,FLIR,Military / Government,Small / tactical; Rotary-wing,In use or under development as documented in 2019,2,UAV-D55CE04D48A9,Black Hornet (PRS),2026-08-02T16:05:02+00:00
471,Blowfish 1,Bard Drone Databook 2019,https://dronecenter.bard.edu/files/2019/10/CSD-Drone-Databook-Web.pdf,SRC-0471,China,Ziyan,Military / Government,Small / tactical; Rotary-wing,In use or under development as documented in 2019,2,UAV-063326331A17,Blowfish 1,2026-08-02T16:05:02+00:00
528,Blue Horizon II,Bard Drone Databook 2019,https://dronecenter.bard.edu/files/2019/10/CSD-Drone-Databook-Web.pdf,SRC-0528,Israel,EMIT Aviation,Military / Government,Medium tactical; Fixed-wing,In use or under development as documented in 2019,2,UAV-059603F59D02,Blue Horizon II,2026-08-02T16:05:02+00:00
579,Bramor,Bard Drone Databook 2019,https://dronecenter.bard.edu/files/2019/10/CSD-Drone-Databook-Web.pdf,SRC-0579,Slovenia,C-Astral,Military / Government,Small / tactical; Fixed-wing,In use or under development as documented in 2019,2,UAV-24D179B222D8,Bramor,2026-08-02T16:05:02+00:00
462,Burevestnik-MB,Bard Drone Databook 2019,https://dronecenter.bard.edu/files/2019/10/CSD-Drone-Databook-Web.pdf,SRC-0462,Belarus,NPT MBK*,Military / Government,Medium tactical; Fixed-wing,In use or under development as documented in 2019,2,UAV-0DEBEDB1D81C,Burevestnik-MB,2026-08-02T16:05:02+00:00
463,Busel (M50),Bard Drone Databook 2019,https://dronecenter.bard.edu/files/2019/10/CSD-Drone-Databook-Web.pdf,SRC-0463,Belarus,NPT MBK*,Military / Government,Medium tactical; Fixed-wing,In use or under development as documented in 2019,2,UAV-43584EDF4F2D,Busel (M50),2026-08-02T16:05:02+00:00
476,CH-3,Bard Drone Databook 2019,https://dronecenter.bard.edu/files/2019/10/CSD-Drone-Databook-Web.pdf,SRC-0476,China,CASC,Military / Government,Medium tactical; Fixed-wing,In use or under development as documented in 2019,2,UAV-D6936580481A,CH-3,2026-08-02T16:05:02+00:00
477,CH-4,Bard Drone Databook 2019,https://dronecenter.bard.edu/files/2019/10/CSD-Drone-Databook-Web.pdf,SRC-0477,China,CASC,Military / Government,Large / strategic; Fixed-wing,In use or under development as documented in 2019,2,UAV-7AF6B8BF6EC1,CH-4,2026-08-02T16:05:02+00:00
478,CH-5,Bard Drone Databook 2019,https://dronecenter.bard.edu/files/2019/10/CSD-Drone-Databook-Web.pdf,SRC-0478,China,CASC,Military / Government,Large / strategic; Fixed-wing,In use or under development as documented in 2019,2,UAV-6795C1B01464,CH-5,2026-08-02T16:05:02+00:00
475,CH-7,Bard Drone Databook 2019,https://dronecenter.bard.edu/files/2019/10/CSD-Drone-Databook-Web.pdf,SRC-0475,China,CASC,Military / Government,Large / strategic; Fixed-wing,In use or under development as documented in 2019,2,UAV-2D3051BF87F8,CH-7,2026-08-02T16:05:02+00:00
479,CH-802,Bard Drone Databook 2019,https://dronecenter.bard.edu/files/2019/10/CSD-Drone-Databook-Web.pdf,SRC-0479,China,CASC,Military / Government,Small / tactical; Fixed-wing,In use or under development as documented in 2019,2,UAV-11AD1DB97510,CH-802,2026-08-02T16:05:02+00:00
459,CamCopter S-100,Bard Drone Databook 2019,https://dronecenter.bard.edu/files/2019/10/CSD-Drone-Databook-Web.pdf,SRC-0459,Austria,Schiebel,Military / Government,Medium tactical; Rotary-wing,In use or under development as documented in 2019,2,UAV-962CC112C981,CamCopter S-100,2026-08-02T16:05:02+00:00
597,Cardinal II,Bard Drone Databook 2019,https://dronecenter.bard.edu/files/2019/10/CSD-Drone-Databook-Web.pdf,SRC-0597,Taiwan,NCSIST,Military / Government,Small / tactical; Fixed-wing,In use or under development as documented in 2019,2,UAV-EF86EDE7D2CE,Cardinal II,2026-08-02T16:05:02+00:00
598,Chung Shyang II,Bard Drone Databook 2019,https://dronecenter.bard.edu/files/2019/10/CSD-Drone-Databook-Web.pdf,SRC-0598,Taiwan,CSIST,Military / Government,Medium tactical; Fixed-wing,In use or under development as documented in 2019,2,UAV-BE71930428AE,Chung Shyang II,2026-08-02T16:05:02+00:00
480,Cloud Shadow,Bard Drone Databook 2019,https://dronecenter.bard.edu/files/2019/10/CSD-Drone-Databook-Web.pdf,SRC-0480,China,AVIC,Military / Government,Large / strategic; Fixed-wing,In use or under development as documented in 2019,2,UAV-43600076269E,Cloud Shadow,2026-08-02T16:05:02+00:00
590,Condor,Bard Drone Databook 2019,https://dronecenter.bard.edu/files/2019/10/CSD-Drone-Databook-Web.pdf,SRC-0590,Spain,Drone Tools,Military / Government,Small / tactical; Fixed-wing,In use or under development as documented in 2019,2,UAV-563864D29FC5,Condor,2026-08-02T16:05:02+00:00
569,Corsair,Bard Drone Databook 2019,https://dronecenter.bard.edu/files/2019/10/CSD-Drone-Databook-Web.pdf,SRC-0569,Russia,OKB Luch,Military / Government,Medium tactical; Fixed-wing,In use or under development as documented in 2019,2,UAV-0FB7EC51FF03,Corsair,2026-08-02T16:05:02+00:00
620,Desert Hawk (3),Bard Drone Databook 2019,https://dronecenter.bard.edu/files/2019/10/CSD-Drone-Databook-Web.pdf,SRC-0620,United States,Lockheed Martin,Military / Government,Small / tactical; Fixed-wing,In use or under development as documented in 2019,2,UAV-2BBE5CF43B5E,Desert Hawk (3),2026-08-02T16:05:02+00:00
482,Divine Eagle,Bard Drone Databook 2019,https://dronecenter.bard.edu/files/2019/10/CSD-Drone-Databook-Web.pdf,SRC-0482,China,Shenyang Aircraft Corporation’s 601 Institute,Military / Government,Large / strategic; Fixed-wing,In use or under development as documented in 2019,2,UAV-9FE364EBD436,Divine Eagle,2026-08-02T16:05:02+00:00
529,Dominator,Bard Drone Databook 2019,https://dronecenter.bard.edu/files/2019/10/CSD-Drone-Databook-Web.pdf,SRC-0529,Israel,Aeronautics,Military / Government,Large / strategic; Fixed-wing,In use or under development as documented in 2019,2,UAV-E945A5C52722,Dominator,2026-08-02T16:05:02+00:00
570,Eleron-3SV,Bard Drone Databook 2019,https://dronecenter.bard.edu/files/2019/10/CSD-Drone-Databook-Web.pdf,SRC-0570,Russia,Eniks,Military / Government,Small / tactical; Fixed-wing,In use or under development as documented in 2019,2,UAV-C4EB7352B9E8,Eleron-3SV,2026-08-02T16:05:02+00:00
594,F-330,Bard Drone Databook 2019,https://dronecenter.bard.edu/files/2019/10/CSD-Drone-Databook-Web.pdf,SRC-0594,Sweden,UMS Skeldar,Military / Government,Small / tactical; Fixed-wing,In use or under development as documented in 2019,2,UAV-EA6F9397D0EB,F-330,2026-08-02T16:05:02+00:00
555,FFOS/FFRS,Bard Drone Databook 2019,https://dronecenter.bard.edu/files/2019/10/CSD-Drone-Databook-Web.pdf,SRC-0555,Japan,Fuji Heavy Industries,Military / Government,Medium tactical; Rotary-wing,In use or under development as documented in 2019,2,UAV-9D1EEF6C675F,FFOS,2026-08-02T16:05:02+00:00
464,FT-100 Horus,Bard Drone Databook 2019,https://dronecenter.bard.edu/files/2019/10/CSD-Drone-Databook-Web.pdf,SRC-0464,Brazil,FT Sistemas,Military / Government,Small / tactical; Fixed-wing,In use or under development as documented in 2019,2,UAV-01B5423E9CD4,FT-100 Horus,2026-08-02T16:05:02+00:00
549,Falco,Bard Drone Databook 2019,https://dronecenter.bard.edu/files/2019/10/CSD-Drone-Databook-Web.pdf,SRC-0549,Italy,Leonardo,Military / Government,Medium tactical; Fixed-wing,In use or under development as documented in 2019,2,UAV-E49E22C54C86,Falco,2026-08-02T16:05:02+00:00
548,Falco Explorer,Bard Drone Databook 2019,https://dronecenter.bard.edu/files/2019/10/CSD-Drone-Databook-Web.pdf,SRC-0548,Italy,Leonardo,Military / Government,Large / strategic; Fixed-wing,In use or under development as documented in 2019,2,UAV-6896A67A52FF,Falco Explorer,2026-08-02T16:05:02+00:00
481,Fei Long 1,Bard Drone Databook 2019,https://dronecenter.bard.edu/files/2019/10/CSD-Drone-Databook-Web.pdf,SRC-0481,China,Guide Control Technology Company,Military / Government,Large / strategic; Fixed-wing,In use or under development as documented in 2019,2,UAV-8E0260829023,Fei Long 1,2026-08-02T16:05:02+00:00
483,Feihong-98,Bard Drone Databook 2019,https://dronecenter.bard.edu/files/2019/10/CSD-Drone-Databook-Web.pdf,SRC-0483,China,AVIC,Military / Government,Large / strategic; Fixed-wing,In use or under development as documented in 2019,2,UAV-41A490C4F008,Feihong-98,2026-08-02T16:05:02+00:00
565,FlyEye,Bard Drone Databook 2019,https://dronecenter.bard.edu/files/2019/10/CSD-Drone-Databook-Web.pdf,SRC-0565,Peru,WB Electronics,Military / Government,Small / tactical; Fixed-wing,In use or under development as documented in 2019,2,UAV-9E6C7BE9EE67,FlyEye,2026-08-02T16:05:02+00:00
591,Fulmar X,Bard Drone Databook 2019,https://dronecenter.bard.edu/files/2019/10/CSD-Drone-Databook-Web.pdf,SRC-0591,Spain,Thales España,Military / Government,Small / tactical; Fixed-wing,In use or under development as documented in 2019,2,UAV-AFAE5EB94732,Fulmar X,2026-08-02T16:05:02+00:00
558,G1 Guerrero,Bard Drone Databook 2019,https://dronecenter.bard.edu/files/2019/10/CSD-Drone-Databook-Web.pdf,SRC-0558,Mexico,Hydra Technologies,Military / Government,Small / tactical; Fixed-wing,In use or under development as documented in 2019,2,UAV-4165AA5C139E,G1 Guerrero,2026-08-02T16:05:02+00:00
571,Granat-1,Bard Drone Databook 2019,https://dronecenter.bard.edu/files/2019/10/CSD-Drone-Databook-Web.pdf,SRC-0571,Russia,Kalashnikov,Military / Government,Small / tactical; Fixed-wing,In use or under development as documented in 2019,2,UAV-461E481DD8B0,Granat-1,2026-08-02T16:05:02+00:00
572,Granat-4,Bard Drone Databook 2019,https://dronecenter.bard.edu/files/2019/10/CSD-Drone-Databook-Web.pdf,SRC-0572,Russia,Kalashnikov,Military / Government,Small / tactical; Fixed-wing,In use or under development as documented in 2019,2,UAV-CB32D8A94535,Granat-4,2026-08-02T16:05:02+00:00
484,HW-350,Bard Drone Databook 2019,https://dronecenter.bard.edu/files/2019/10/CSD-Drone-Databook-Web.pdf,SRC-0484,China,CASIC,Military / Government,Medium tactical; Fixed-wing,In use or under development as documented in 2019,2,UAV-DEC5F2456540,HW-350,2026-08-02T16:05:02+00:00
530,Harop,Bard Drone Databook 2019,https://dronecenter.bard.edu/files/2019/10/CSD-Drone-Databook-Web.pdf,SRC-0530,Israel,IAI,Military / Government,Small / tactical; Fixed-wing,In use or under development as documented in 2019,2,UAV-3E5E250EAC37,Harop,2026-08-02T16:05:02+00:00
531,Harpy,Bard Drone Databook 2019,https://dronecenter.bard.edu/files/2019/10/CSD-Drone-Databook-Web.pdf,SRC-0531,Israel,IAI,Military / Government,Small / tactical; Fixed-wing,In use or under development as documented in 2019,2,UAV-29E2EF5CCEBA,Harpy,2026-08-02T16:05:02+00:00
532,Hermes 450,Bard Drone Databook 2019,https://dronecenter.bard.edu/files/2019/10/CSD-Drone-Databook-Web.pdf,SRC-0532,Israel,Elbit Systems,Military / Government,Medium tactical; Fixed-wing,In use or under development as documented in 2019,2,UAV-21A397A66BF4,Hermes 450,2026-08-02T16:05:02+00:00
533,Hermes 900,Bard Drone Databook 2019,https://dronecenter.bard.edu/files/2019/10/CSD-Drone-Databook-Web.pdf,SRC-0533,Israel,Elbit Systems,Military / Government,Large / strategic; Fixed-wing,In use or under development as documented in 2019,2,UAV-886CBB3D0A84,Hermes 900,2026-08-02T16:05:02+00:00
534,Heron,Bard Drone Databook 2019,https://dronecenter.bard.edu/files/2019/10/CSD-Drone-Databook-Web.pdf,SRC-0534,Israel,IAI,Military / Government,Large / strategic; Fixed-wing,In use or under development as documented in 2019,2,UAV-58C71771B13F,Heron,2026-08-02T16:05:02+00:00
610,Horlytsya,Bard Drone Databook 2019,https://dronecenter.bard.edu/files/2019/10/CSD-Drone-Databook-Web.pdf,SRC-0610,Ukraine,Antonov,Military / Government,Medium tactical; Fixed-wing,In use or under development as documented in 2019,2,UAV-082E169B4F91,Horlytsya,2026-08-02T16:05:02+00:00
535,Hovermast 150,Bard Drone Databook 2019,https://dronecenter.bard.edu/files/2019/10/CSD-Drone-Databook-Web.pdf,SRC-0535,Israel,Sky Sapience,Military / Government,Small / tactical; Rotary-wing,In use or under development as documented in 2019,2,UAV-27B3A8859EBE,Hovermast 150,2026-08-02T16:05:02+00:00
502,Huginn X1,Bard Drone Databook 2019,https://dronecenter.bard.edu/files/2019/10/CSD-Drone-Databook-Web.pdf,SRC-0502,Denmark,Sky-Watch,Military / Government,Small / tactical; Rotary-wing,In use or under development as documented in 2019,2,UAV-433AF40D3DD1,Huginn X1,2026-08-02T16:05:02+00:00
539,Hunter,Bard Drone Databook 2019,https://dronecenter.bard.edu/files/2019/10/CSD-Drone-Databook-Web.pdf,SRC-0539,Israel,"IAI,Northrop Grumman",Military / Government,Large / strategic; Fixed-wing,In use or under development as documented in 2019,2,UAV-6E2F9E6111E7,Hunter,2026-08-02T16:05:02+00:00
547,Hunter,Bard Drone Databook 2019,https://dronecenter.bard.edu/files/2019/10/CSD-Drone-Databook-Web.pdf,SRC-0547,Israel / United States,"IAI,Northrop Grumman",Military / Government,Large / strategic; Fixed-wing,In use or under development as documented in 2019,2,UAV-6E2F9E6111E7,Hunter,2026-08-02T16:05:02+00:00
505,IT180-3EL-1,Bard Drone Databook 2019,https://dronecenter.bard.edu/files/2019/10/CSD-Drone-Databook-Web.pdf,SRC-0505,France,"ECA Group,Infotron",Military / Government,Small / tactical; Rotary-wing,In use or under development as documented in 2019,2,UAV-A9B8B31A5AD2,IT180-3EL-1,2026-08-02T16:05:02+00:00
580,Indiza,Bard Drone Databook 2019,https://dronecenter.bard.edu/files/2019/10/CSD-Drone-Databook-Web.pdf,SRC-0580,South Africa,CSIR,Military / Government,Small / tactical; Fixed-wing,In use or under development as documented in 2019,2,UAV-D7191F5D211C,Indiza,2026-08-02T16:05:02+00:00
485,Inspire,Bard Drone Databook 2019,https://dronecenter.bard.edu/files/2019/10/CSD-Drone-Databook-Web.pdf,SRC-0485,China,DJI,Military / Government,Small / tactical; Rotary-wing,In use or under development as documented in 2019,2,UAV-646247ECF81F,Inspire,2026-08-02T16:05:02+00:00
621,InstantEye (Gen3),Bard Drone Databook 2019,https://dronecenter.bard.edu/files/2019/10/CSD-Drone-Databook-Web.pdf,SRC-0621,United States,Physical Sciences,Military / Government,Small / tactical; Rotary-wing,In use or under development as documented in 2019,2,UAV-72BB3DA76919,InstantEye (Gen3),2026-08-02T16:05:02+00:00
554,JUXS-S1,Bard Drone Databook 2019,https://dronecenter.bard.edu/files/2019/10/CSD-Drone-Databook-Web.pdf,SRC-0554,Japan,Hitachi,Military / Government,Small / tactical; Fixed-wing,In use or under development as documented in 2019,2,UAV-8A10957B68E1,JUXS-S1,2026-08-02T16:05:02+00:00
623,K-MAX,Bard Drone Databook 2019,https://dronecenter.bard.edu/files/2019/10/CSD-Drone-Databook-Web.pdf,SRC-0623,United States,Kaman,Military / Government,Large / strategic; Rotary-wing,In use or under development as documented in 2019,2,UAV-254D7329D62D,K-MAX,2026-08-02T16:05:02+00:00
512,KZO,Bard Drone Databook 2019,https://dronecenter.bard.edu/files/2019/10/CSD-Drone-Databook-Web.pdf,SRC-0512,Germany,Rheinmetall,Military / Government,Medium tactical; Fixed-wing,In use or under development as documented in 2019,2,UAV-97AA3546E8BC,KZO,2026-08-02T16:05:02+00:00
605,Karayel,Bard Drone Databook 2019,https://dronecenter.bard.edu/files/2019/10/CSD-Drone-Databook-Web.pdf,SRC-0605,Türkiye,Vestel Defence,Military / Government,Medium tactical; Fixed-wing,In use or under development as documented in 2019,2,UAV-A73FA6F0E9C3,Karayel,2026-08-02T16:05:02+00:00
606,Kargu,Bard Drone Databook 2019,https://dronecenter.bard.edu/files/2019/10/CSD-Drone-Databook-Web.pdf,SRC-0606,Türkiye,STM,Military / Government,Small / tactical; Rotary-wing,In use or under development as documented in 2019,2,UAV-B179BF7D03ED,Kargu,2026-08-02T16:05:02+00:00
622,Karma,Bard Drone Databook 2019,https://dronecenter.bard.edu/files/2019/10/CSD-Drone-Databook-Web.pdf,SRC-0622,United States,GoPro,Military / Government,Small / tactical; Rotary-wing,In use or under development as documented in 2019,2,UAV-512423CB3A48,Karma,2026-08-02T16:05:02+00:00
458,Krunk,Bard Drone Databook 2019,https://dronecenter.bard.edu/files/2019/10/CSD-Drone-Databook-Web.pdf,SRC-0458,Armenia,,Military / Government,Small / tactical; Fixed-wing,In use or under development as documented in 2019,2,UAV-8AB767383D70,Krunk,2026-08-02T16:05:02+00:00
513,LUNA,Bard Drone Databook 2019,https://dronecenter.bard.edu/files/2019/10/CSD-Drone-Databook-Web.pdf,SRC-0513,Germany,EMT,Military / Government,Small / tactical; Fixed-wing,In use or under development as documented in 2019,2,UAV-4B7FAD4F3F94,LUNA,2026-08-02T16:05:02+00:00
514,LUNA NG,Bard Drone Databook 2019,https://dronecenter.bard.edu/files/2019/10/CSD-Drone-Databook-Web.pdf,SRC-0514,Germany,EMT,Military / Government,Small / tactical; Fixed-wing,In use or under development as documented in 2019,2,UAV-317530D18E59,Luna NG,2026-08-02T16:05:02+00:00
611,Leleka-100,Bard Drone Databook 2019,https://dronecenter.bard.edu/files/2019/10/CSD-Drone-Databook-Web.pdf,SRC-0611,Ukraine,DeViro,Military / Government,Small / tactical; Fixed-wing,In use or under development as documented in 2019,2,UAV-CC54D6424233,Leleka-100,2026-08-02T16:05:02+00:00
515,MIKADO,Bard Drone Databook 2019,https://dronecenter.bard.edu/files/2019/10/CSD-Drone-Databook-Web.pdf,SRC-0515,Germany,AirRobot,Military / Government,Small / tactical; Rotary-wing,In use or under development as documented in 2019,2,UAV-C943535C1552,MIKADO,2026-08-02T16:05:02+00:00
624,MQ-1 Predator,Bard Drone Databook 2019,https://dronecenter.bard.edu/files/2019/10/CSD-Drone-Databook-Web.pdf,SRC-0624,United States,GA-ASI,Military / Government,Large / strategic; Fixed-wing,In use or under development as documented in 2019,2,UAV-8EBB238AD2EF,MQ-1 Predator,2026-08-02T16:05:02+00:00
625,MQ-19 Aerosonde,Bard Drone Databook 2019,https://dronecenter.bard.edu/files/2019/10/CSD-Drone-Databook-Web.pdf,SRC-0625,United States,AAI,Military / Government,Small / tactical; Fixed-wing,In use or under development as documented in 2019,2,UAV-EA2801DE4AAC,MQ-19 Aerosonde,2026-08-02T16:05:02+00:00
626,MQ-1C Gray Eagle,Bard Drone Databook 2019,https://dronecenter.bard.edu/files/2019/10/CSD-Drone-Databook-Web.pdf,SRC-0626,United States,GA-ASI,Military / Government,Large / strategic; Fixed-wing,In use or under development as documented in 2019,2,UAV-864D8FEC9E00,MQ-1C Gray Eagle,2026-08-02T16:05:02+00:00
627,MQ-25 Stingray,Bard Drone Databook 2019,https://dronecenter.bard.edu/files/2019/10/CSD-Drone-Databook-Web.pdf,SRC-0627,United States,Boeing,Military / Government,Large / strategic; Fixed-wing,In use or under development as documented in 2019,2,UAV-0B8FC0E9C9F7,MQ-25 Stingray,2026-08-02T16:05:02+00:00
628,MQ-4C Triton,Bard Drone Databook 2019,https://dronecenter.bard.edu/files/2019/10/CSD-Drone-Databook-Web.pdf,SRC-0628,United States,Northrop Grumman,Military / Government,Large / strategic; Fixed-wing,In use or under development as documented in 2019,2,UAV-6FB05E2123B3,MQ-4C Triton,2026-08-02T16:05:02+00:00
629,MQ-8 Fire Scout ( C ),Bard Drone Databook 2019,https://dronecenter.bard.edu/files/2019/10/CSD-Drone-Databook-Web.pdf,SRC-0629,United States,Northrop Grumman,Military / Government,Large / strategic; Rotary-wing,In use or under development as documented in 2019,2,UAV-C9A6ED45C8EB,MQ-8 Fire Scout ( C ),2026-08-02T16:05:02+00:00
630,MQ-9 Reaper,Bard Drone Databook 2019,https://dronecenter.bard.edu/files/2019/10/CSD-Drone-Databook-Web.pdf,SRC-0630,United States,GA-ASI,Military / Government,Large / strategic; Fixed-wing,In use or under development as documented in 2019,2,UAV-EBFB3D60FFEF,MQ-9 Reaper,2026-08-02T16:05:02+00:00
486,Matrice 210,Bard Drone Databook 2019,https://dronecenter.bard.edu/files/2019/10/CSD-Drone-Databook-Web.pdf,SRC-0486,China,DJI,Military / Government,Small / tactical; Rotary-wing,In use or under development as documented in 2019,2,UAV-51CBFA6F4B07,Matrice 210,2026-08-02T16:05:02+00:00
487,Mavic,Bard Drone Databook 2019,https://dronecenter.bard.edu/files/2019/10/CSD-Drone-Databook-Web.pdf,SRC-0487,China,DJI,Military / Government,Small / tactical; Rotary-wing,In use or under development as documented in 2019,2,UAV-BBA318BBB39B,Mavic,2026-08-02T16:05:02+00:00
536,MicroFalcon,Bard Drone Databook 2019,https://dronecenter.bard.edu/files/2019/10/CSD-Drone-Databook-Web.pdf,SRC-0536,Israel,Innocon,Military / Government,Small / tactical; Fixed-wing,In use or under development as documented in 2019,2,UAV-9E52C92C54CA,MicroFalcon,2026-08-02T16:05:02+00:00
519,Mohajer-2,Bard Drone Databook 2019,https://dronecenter.bard.edu/files/2019/10/CSD-Drone-Databook-Web.pdf,SRC-0519,Iran,Qods Aviation,Military / Government,Small / tactical; Fixed-wing,In use or under development as documented in 2019,2,UAV-E03E34AB1890,Mohajer-2,2026-08-02T16:05:02+00:00
520,Mohajer-4,Bard Drone Databook 2019,https://dronecenter.bard.edu/files/2019/10/CSD-Drone-Databook-Web.pdf,SRC-0520,Iran,Qods Aviation,Military / Government,Medium tactical; Fixed-wing,In use or under development as documented in 2019,2,UAV-9C302D5FB3AA,Mohajer-4,2026-08-02T16:05:02+00:00
521,Mohajer-6,Bard Drone Databook 2019,https://dronecenter.bard.edu/files/2019/10/CSD-Drone-Databook-Web.pdf,SRC-0521,Iran,Qods Aviation,Military / Government,Medium tactical; Fixed-wing,In use or under development as documented in 2019,2,UAV-1D5BDF028878,Mohajer-6,2026-08-02T16:05:02+00:00
461,Mosquito,Bard Drone Databook 2019,https://dronecenter.bard.edu/files/2019/10/CSD-Drone-Databook-Web.pdf,SRC-0461,Belarus,558 Aviation Repair Plant,Military / Government,Small / tactical; Fixed-wing,In use or under development as documented in 2019,2,UAV-A0D889B92D90,Mosquito,2026-08-02T16:05:02+00:00
510,NX70,Bard Drone Databook 2019,https://dronecenter.bard.edu/files/2019/10/CSD-Drone-Databook-Web.pdf,SRC-0510,France,Novadem,Military / Government,Small / tactical; Rotary-wing,In use or under development as documented in 2019,2,UAV-E63D0E7153E3,NX70,2026-08-02T16:05:02+00:00
601,Narai 3.0,Bard Drone Databook 2019,https://dronecenter.bard.edu/files/2019/10/CSD-Drone-Databook-Web.pdf,SRC-0601,Thailand,Naval Research and Development Office (NRDO),Military / Government,Small / tactical; Rotary-wing,In use or under development as documented in 2019,2,UAV-F8BA49AFF2BA,Narai 3.0,2026-08-02T16:05:02+00:00
465,NightHawk IV,Bard Drone Databook 2019,https://dronecenter.bard.edu/files/2019/10/CSD-Drone-Databook-Web.pdf,SRC-0465,Canada,ARA Robotics,Military / Government,Small / tactical; Fixed-wing,In use or under development as documented in 2019,2,UAV-FD98C55ACC3A,NightHawk IV,2026-08-02T16:05:02+00:00
612,Observer-S,Bard Drone Databook 2019,https://dronecenter.bard.edu/files/2019/10/CSD-Drone-Databook-Web.pdf,SRC-0612,Ukraine,Def C,Military / Government,Small / tactical; Fixed-wing,In use or under development as documented in 2019,2,UAV-E093DA4A9788,Observer-S,2026-08-02T16:05:02+00:00
522,Oghab-1,Bard Drone Databook 2019,https://dronecenter.bard.edu/files/2019/10/CSD-Drone-Databook-Web.pdf,SRC-0522,Iran,Farnas Aerospace,Military / Government,Small / tactical; Fixed-wing,In use or under development as documented in 2019,2,UAV-251CDBA79CC7,Oghab-1,2026-08-02T16:05:02+00:00
537,Orbiter (Orbiter 3),Bard Drone Databook 2019,https://dronecenter.bard.edu/files/2019/10/CSD-Drone-Databook-Web.pdf,SRC-0537,Israel,Aeronautics,Military / Government,Small / tactical; Fixed-wing,In use or under development as documented in 2019,2,UAV-3986E1C4FBC5,Orbiter (Orbiter 3),2026-08-02T16:05:02+00:00
538,Orbiter-1K,Bard Drone Databook 2019,https://dronecenter.bard.edu/files/2019/10/CSD-Drone-Databook-Web.pdf,SRC-0538,Israel,Aeronautics,Military / Government,Small / tactical; Fixed-wing,In use or under development as documented in 2019,2,UAV-58E06BBE079A,Orbiter-1K,2026-08-02T16:05:02+00:00
573,Orion,Bard Drone Databook 2019,https://dronecenter.bard.edu/files/2019/10/CSD-Drone-Databook-Web.pdf,SRC-0573,Russia,Kronshtadt Group,Military / Government,Large / strategic; Fixed-wing,In use or under development as documented in 2019,2,UAV-091E17A9B3E1,Orion,2026-08-02T16:05:02+00:00
574,Orlan-10,Bard Drone Databook 2019,https://dronecenter.bard.edu/files/2019/10/CSD-Drone-Databook-Web.pdf,SRC-0574,Russia,Special Technology Center,Military / Government,Small / tactical; Fixed-wing,In use or under development as documented in 2019,2,UAV-0D8B967D09E8,Orlan-10,2026-08-02T16:05:02+00:00
550,P.1HH Hammer- Head,Bard Drone Databook 2019,https://dronecenter.bard.edu/files/2019/10/CSD-Drone-Databook-Web.pdf,SRC-0550,Italy,Piaggio Aerospace,Military / Government,Large / strategic; Fixed-wing,In use or under development as documented in 2019,2,UAV-40D4A58163CF,P.1HH Hammer- Head,2026-08-02T16:05:02+00:00
566,PGZ-19R,Bard Drone Databook 2019,https://dronecenter.bard.edu/files/2019/10/CSD-Drone-Databook-Web.pdf,SRC-0566,Peru,WZL-2,Military / Government,Small / tactical; Fixed-wing,In use or under development as documented in 2019,2,UAV-7D12042571A0,PGZ-19R,2026-08-02T16:05:02+00:00
517,PUNA Wulung,Bard Drone Databook 2019,https://dronecenter.bard.edu/files/2019/10/CSD-Drone-Databook-Web.pdf,SRC-0517,Indonesia,"BPPT,PTDI",Military / Government,Small / tactical; Fixed-wing,In use or under development as documented in 2019,2,UAV-66A5D6E388A2,PUNA Wulung,2026-08-02T16:05:02+00:00
506,Patroller,Bard Drone Databook 2019,https://dronecenter.bard.edu/files/2019/10/CSD-Drone-Databook-Web.pdf,SRC-0506,France,Sagem,Military / Government,Large / strategic; Fixed-wing,In use or under development as documented in 2019,2,UAV-C431C9B05D4C,Patroller,2026-08-02T16:05:02+00:00
516,Pegasus II Block I,Bard Drone Databook 2019,https://dronecenter.bard.edu/files/2019/10/CSD-Drone-Databook-Web.pdf,SRC-0516,Greece,Hellenic Aerospace Industry,Military / Government,Medium tactical; Fixed-wing,In use or under development as documented in 2019,2,UAV-73630FE6B95C,Pegasus II Block I,2026-08-02T16:05:02+00:00
556,Penguin C,Bard Drone Databook 2019,https://dronecenter.bard.edu/files/2019/10/CSD-Drone-Databook-Web.pdf,SRC-0556,Latvia,UAV Factory,Military / Government,Small / tactical; Fixed-wing,In use or under development as documented in 2019,2,UAV-798D7B0BB16C,Penguin C,2026-08-02T16:05:02+00:00
488,Phantom,Bard Drone Databook 2019,https://dronecenter.bard.edu/files/2019/10/CSD-Drone-Databook-Web.pdf,SRC-0488,China,DJI,Military / Government,Small / tactical; Rotary-wing,In use or under development as documented in 2019,2,UAV-D969E7E0B057,Phantom,2026-08-02T16:05:02+00:00
631,Phoenix 30,Bard Drone Databook 2019,https://dronecenter.bard.edu/files/2019/10/CSD-Drone-Databook-Web.pdf,SRC-0631,United States,UAV Solutions,Military / Government,Small / tactical; Rotary-wing,In use or under development as documented in 2019,2,UAV-A6E066A8645A,Phoenix 30,2026-08-02T16:05:02+00:00
575,Ptero-5E,Bard Drone Databook 2019,https://dronecenter.bard.edu/files/2019/10/CSD-Drone-Databook-Web.pdf,SRC-0575,Russia,AFM Servers,Military / Government,Small / tactical; Fixed-wing,In use or under development as documented in 2019,2,UAV-6991821F6538,Ptero-5E,2026-08-02T16:05:02+00:00
489,Qi Mingxing,Bard Drone Databook 2019,https://dronecenter.bard.edu/files/2019/10/CSD-Drone-Databook-Web.pdf,SRC-0489,China,AVIC,Military / Government,Large / strategic; Rotary-wing,In use or under development as documented in 2019,2,UAV-E0D9B7C1B791,Qi Mingxing,2026-08-02T16:05:02+00:00
585,RQ-101 Falcon,Bard Drone Databook 2019,https://dronecenter.bard.edu/files/2019/10/CSD-Drone-Databook-Web.pdf,SRC-0585,South Korea,KAI,Military / Government,Medium tactical; Fixed-wing,In use or under development as documented in 2019,2,UAV-CD89197B617A,RQ-101 Falcon,2026-08-02T16:05:02+00:00
586,RQ-102,Bard Drone Databook 2019,https://dronecenter.bard.edu/files/2019/10/CSD-Drone-Databook-Web.pdf,SRC-0586,South Korea,KAI,Military / Government,Medium tactical; Fixed-wing,In use or under development as documented in 2019,2,UAV-73B323640E03,RQ-102,2026-08-02T16:05:02+00:00
632,RQ-11,Bard Drone Databook 2019,https://dronecenter.bard.edu/files/2019/10/CSD-Drone-Databook-Web.pdf,SRC-0632,United States,AeroVironment,Military / Government,Small / tactical; Fixed-wing,In use or under development as documented in 2019,2,UAV-BECA73270CDB,RQ-11,2026-08-02T16:05:02+00:00
633,RQ-12 Wasp,Bard Drone Databook 2019,https://dronecenter.bard.edu/files/2019/10/CSD-Drone-Databook-Web.pdf,SRC-0633,United States,AeroVironment,Military / Government,Small / tactical; Fixed-wing,In use or under development as documented in 2019,2,UAV-635EF70F8D60,RQ-12 Wasp,2026-08-02T16:05:02+00:00
634,RQ-170 Sentinel,Bard Drone Databook 2019,https://dronecenter.bard.edu/files/2019/10/CSD-Drone-Databook-Web.pdf,SRC-0634,United States,Lockheed Martin,Military / Government,Large / strategic; Fixed-wing,In use or under development as documented in 2019,2,UAV-81280961FB08,RQ-170 Sentinel,2026-08-02T16:05:02+00:00
635,RQ-180,Bard Drone Databook 2019,https://dronecenter.bard.edu/files/2019/10/CSD-Drone-Databook-Web.pdf,SRC-0635,United States,Northrop Grumman,Military / Government,Large / strategic; Fixed-wing,In use or under development as documented in 2019,2,UAV-848F374E7C7E,RQ-180,2026-08-02T16:05:02+00:00
636,RQ-20 Puma (AE),Bard Drone Databook 2019,https://dronecenter.bard.edu/files/2019/10/CSD-Drone-Databook-Web.pdf,SRC-0636,United States,AeroVironment,Military / Government,Small / tactical; Fixed-wing,In use or under development as documented in 2019,2,UAV-DD6531EF2CDD,RQ-20 Puma (AE),2026-08-02T16:05:02+00:00
637,RQ-21 Blackjack,Bard Drone Databook 2019,https://dronecenter.bard.edu/files/2019/10/CSD-Drone-Databook-Web.pdf,SRC-0637,United States,Insitu,Military / Government,Small / tactical; Fixed-wing,In use or under development as documented in 2019,2,UAV-72A1AEC4E0CA,RQ-21 Blackjack,2026-08-02T16:05:02+00:00
638,RQ-23 Tigershark,Bard Drone Databook 2019,https://dronecenter.bard.edu/files/2019/10/CSD-Drone-Databook-Web.pdf,SRC-0638,United States,Navmar Applied Sciences Corporation,Military / Government,Medium tactical; Fixed-wing,In use or under development as documented in 2019,2,UAV-95B4AA3D86A0,RQ-23 Tigershark,2026-08-02T16:05:02+00:00
551,RQ-24A Sixton,Bard Drone Databook 2019,https://dronecenter.bard.edu/files/2019/10/CSD-Drone-Databook-Web.pdf,SRC-0551,Italy,Alpi Aviation,Military / Government,Small / tactical; Rotary-wing,In use or under development as documented in 2019,2,UAV-AF03A149AC35,RQ-24A Sixton,2026-08-02T16:05:02+00:00
639,RQ-4 Global Hawk,Bard Drone Databook 2019,https://dronecenter.bard.edu/files/2019/10/CSD-Drone-Databook-Web.pdf,SRC-0639,United States,Northrop Grumman,Military / Government,Large / strategic; Fixed-wing,In use or under development as documented in 2019,2,UAV-06763535C536,RQ-4 Global Hawk,2026-08-02T16:05:02+00:00
640,RQ-7 Shadow,Bard Drone Databook 2019,https://dronecenter.bard.edu/files/2019/10/CSD-Drone-Databook-Web.pdf,SRC-0640,United States,AAI,Military / Government,Medium tactical; Fixed-wing,In use or under development as documented in 2019,2,UAV-84E1387E15F7,RQ-7 Shadow,2026-08-02T16:05:02+00:00
545,Ranger,Bard Drone Databook 2019,https://dronecenter.bard.edu/files/2019/10/CSD-Drone-Databook-Web.pdf,SRC-0545,Israel / Switzerland,"IAI,RUAG",Military / Government,Medium tactical; Fixed-wing,In use or under development as documented in 2019,2,UAV-E8126C64C348,Ranger,2026-08-02T16:05:02+00:00
613,Raybird-3,Bard Drone Databook 2019,https://dronecenter.bard.edu/files/2019/10/CSD-Drone-Databook-Web.pdf,SRC-0613,Ukraine,AVK Skateon,Military / Government,Small / tactical; Fixed-wing,In use or under development as documented in 2019,2,UAV-B7483DAFE7CD,Raybird-3,2026-08-02T16:05:02+00:00
583,RemoEye-002B,Bard Drone Databook 2019,https://dronecenter.bard.edu/files/2019/10/CSD-Drone-Databook-Web.pdf,SRC-0583,South Korea,UconSystem,Military / Government,Small / tactical; Fixed-wing,In use or under development as documented in 2019,2,UAV-AB800BE58F2B,RemoEye-002B,2026-08-02T16:05:02+00:00
584,Remoeye-006,Bard Drone Databook 2019,https://dronecenter.bard.edu/files/2019/10/CSD-Drone-Databook-Web.pdf,SRC-0584,South Korea,Ucon System,Military / Government,Small / tactical; Fixed-wing,In use or under development as documented in 2019,2,UAV-FE37E546EFF9,Remoeye-006,2026-08-02T16:05:02+00:00
564,Ricuk,Bard Drone Databook 2019,https://dronecenter.bard.edu/files/2019/10/CSD-Drone-Databook-Web.pdf,SRC-0564,Peru,CIDEP,Military / Government,Small / tactical; Fixed-wing,In use or under development as documented in 2019,2,UAV-A3AACA70EC2D,Ricuk,2026-08-02T16:05:02+00:00
559,S4 Ehécatl,Bard Drone Databook 2019,https://dronecenter.bard.edu/files/2019/10/CSD-Drone-Databook-Web.pdf,SRC-0559,Mexico,Hydra Technologies,Military / Government,Small / tactical; Fixed-wing,In use or under development as documented in 2019,2,UAV-D9D97900B563,S4 Ehécatl,2026-08-02T16:05:02+00:00
560,S45 Balaam,Bard Drone Databook 2019,https://dronecenter.bard.edu/files/2019/10/CSD-Drone-Databook-Web.pdf,SRC-0560,Mexico,Hydra Technologies,Military / Government,Medium tactical; Fixed-wing,In use or under development as documented in 2019,2,UAV-65DB94069851,S45 Balaam,2026-08-02T16:05:02+00:00
568,SACT Boreal 5,Bard Drone Databook 2019,https://dronecenter.bard.edu/files/2019/10/CSD-Drone-Databook-Web.pdf,SRC-0568,Romania,Military Equipment and Technologies Research Agency,Military / Government,Small / tactical; Fixed-wing,In use or under development as documented in 2019,2,UAV-134865F6B517,SACT Boreal 5,2026-08-02T16:05:02+00:00
490,SD-40 (Sea Cavalry),Bard Drone Databook 2019,https://dronecenter.bard.edu/files/2019/10/CSD-Drone-Databook-Web.pdf,SRC-0490,China,Han's Eagle,Military / Government,Small / tactical; Hybrid VTOL,In use or under development as documented in 2019,2,UAV-035035705974,SD-40 (Sea Cavalry),2026-08-02T16:05:02+00:00
523,Saegheh,Bard Drone Databook 2019,https://dronecenter.bard.edu/files/2019/10/CSD-Drone-Databook-Web.pdf,SRC-0523,Iran,Shahed Aviation Industries,Military / Government,Large / strategic; Fixed-wing,In use or under development as documented in 2019,2,UAV-DFBA7C6CBDDB,Saegheh,2026-08-02T16:05:02+00:00
578,Saqr-1,Bard Drone Databook 2019,https://dronecenter.bard.edu/files/2019/10/CSD-Drone-Databook-Web.pdf,SRC-0578,Saudi Arabia,KACST,Military / Government,Large / strategic; Fixed-wing,In use or under development as documented in 2019,2,UAV-59502276573E,Saqr-1,2026-08-02T16:05:02+00:00
641,ScanEagle,Bard Drone Databook 2019,https://dronecenter.bard.edu/files/2019/10/CSD-Drone-Databook-Web.pdf,SRC-0641,United States,Insitu,Military / Government,Small / tactical; Fixed-wing,In use or under development as documented in 2019,2,UAV-FFD701E7502F,ScanEagle,2026-08-02T16:05:02+00:00
540,Searcher (Mk 3),Bard Drone Databook 2019,https://dronecenter.bard.edu/files/2019/10/CSD-Drone-Databook-Web.pdf,SRC-0540,Israel,IAI,Military / Government,Medium tactical; Fixed-wing,In use or under development as documented in 2019,2,UAV-1568482E6DEF,Searcher (Mk 3),2026-08-02T16:05:02+00:00
581,Seeker 200,Bard Drone Databook 2019,https://dronecenter.bard.edu/files/2019/10/CSD-Drone-Databook-Web.pdf,SRC-0581,South Africa,Denel Dynamics,Military / Government,Medium tactical; Fixed-wing,In use or under development as documented in 2019,2,UAV-13C35A903172,Seeker 200,2026-08-02T16:05:02+00:00
582,Seeker 400,Bard Drone Databook 2019,https://dronecenter.bard.edu/files/2019/10/CSD-Drone-Databook-Web.pdf,SRC-0582,South Africa,Denel Dynamics,Military / Government,Medium tactical; Fixed-wing,In use or under development as documented in 2019,2,UAV-5C186A3E295D,Seeker 400,2026-08-02T16:05:02+00:00
607,Serçe-1,Bard Drone Databook 2019,https://dronecenter.bard.edu/files/2019/10/CSD-Drone-Databook-Web.pdf,SRC-0607,Türkiye,Aselsan,Military / Government,Small / tactical; Rotary-wing,In use or under development as documented in 2019,2,UAV-6ADADB1E220B,Serçe-1,2026-08-02T16:05:02+00:00
524,Shahed-123,Bard Drone Databook 2019,https://dronecenter.bard.edu/files/2019/10/CSD-Drone-Databook-Web.pdf,SRC-0524,Iran,HESA,Military / Government,Medium tactical; Fixed-wing,In use or under development as documented in 2019,2,UAV-1AFF3237E9B8,Shahed-123,2026-08-02T16:05:02+00:00
525,Shahed-129,Bard Drone Databook 2019,https://dronecenter.bard.edu/files/2019/10/CSD-Drone-Databook-Web.pdf,SRC-0525,Iran,HESA,Military / Government,Large / strategic; Fixed-wing,In use or under development as documented in 2019,2,UAV-7A7608091D3C,Shahed-129,2026-08-02T16:05:02+00:00
562,Shahpar,Bard Drone Databook 2019,https://dronecenter.bard.edu/files/2019/10/CSD-Drone-Databook-Web.pdf,SRC-0562,Pakistan,GIDS,Military / Government,Medium tactical; Fixed-wing,In use or under development as documented in 2019,2,UAV-36FCC0AFA378,Shahpar,2026-08-02T16:05:02+00:00
647,Shikra,Bard Drone Databook 2019,https://dronecenter.bard.edu/files/2019/10/CSD-Drone-Databook-Web.pdf,SRC-0647,Vietnam,Viettel,Military / Government,Small / tactical; Fixed-wing,In use or under development as documented in 2019,2,UAV-70697A773045,Shikra,2026-08-02T16:05:02+00:00
642,Silver Fox,Bard Drone Databook 2019,https://dronecenter.bard.edu/files/2019/10/CSD-Drone-Databook-Web.pdf,SRC-0642,United States,"BAE,Raytheon",Military / Government,Small / tactical; Fixed-wing,In use or under development as documented in 2019,2,UAV-58C3C369D519,Silver Fox,2026-08-02T16:05:02+00:00
592,Sistema integrado de vigilancia aérea (SIVA),Bard Drone Databook 2019,https://dronecenter.bard.edu/files/2019/10/CSD-Drone-Databook-Web.pdf,SRC-0592,Spain,National Institute of Aerospace Technology,Military / Government,Small / tactical; Fixed-wing,In use or under development as documented in 2019,2,UAV-C6AB55A12B25,Sistema integrado de vigilancia aérea (SIVA),2026-08-02T16:05:02+00:00
541,Sky Striker,Bard Drone Databook 2019,https://dronecenter.bard.edu/files/2019/10/CSD-Drone-Databook-Web.pdf,SRC-0541,Israel,Elbit Systems,Military / Government,Small / tactical; Fixed-wing,In use or under development as documented in 2019,2,UAV-84B3BE7CF3CE,Sky Striker,2026-08-02T16:05:02+00:00
491,Sky-09P,Bard Drone Databook 2019,https://dronecenter.bard.edu/files/2019/10/CSD-Drone-Databook-Web.pdf,SRC-0491,China,Taiyuan,Military / Government,Small / tactical; Fixed-wing,In use or under development as documented in 2019,2,UAV-660B103382E0,Sky-09P,2026-08-02T16:05:02+00:00
577,Skyblade III,Bard Drone Databook 2019,https://dronecenter.bard.edu/files/2019/10/CSD-Drone-Databook-Web.pdf,SRC-0577,Singapore,Singapore Technologies,Military / Government,Small / tactical; Fixed-wing,In use or under development as documented in 2019,2,UAV-DE7826EFC6AE,Skyblade III,2026-08-02T16:05:02+00:00
542,Skylark (Skylark 3),Bard Drone Databook 2019,https://dronecenter.bard.edu/files/2019/10/CSD-Drone-Databook-Web.pdf,SRC-0542,Israel,Elbit,Military / Government,Small / tactical; Fixed-wing,In use or under development as documented in 2019,2,UAV-C50F7E7920C2,Skylark (Skylark 3),2026-08-02T16:05:02+00:00
543,Skylark I-LE (Skylark I-LEX),Bard Drone Databook 2019,https://dronecenter.bard.edu/files/2019/10/CSD-Drone-Databook-Web.pdf,SRC-0543,Israel,Elbit,Military / Government,Small / tactical; Fixed-wing,In use or under development as documented in 2019,2,UAV-4C8568D25975,Skylark I-LE (Skylark I-LEX),2026-08-02T16:05:02+00:00
614,Sparrow,Bard Drone Databook 2019,https://dronecenter.bard.edu/files/2019/10/CSD-Drone-Databook-Web.pdf,SRC-0614,Ukraine,Spaitech,Military / Government,Small / tactical; Fixed-wing,In use or under development as documented in 2019,2,UAV-A8B94E8BF25B,Sparrow,2026-08-02T16:05:02+00:00
615,Spectator-M,Bard Drone Databook 2019,https://dronecenter.bard.edu/files/2019/10/CSD-Drone-Databook-Web.pdf,SRC-0615,Ukraine,Politeco Aero,Military / Government,Small / tactical; Fixed-wing,In use or under development as documented in 2019,2,UAV-741FAB3206F9,Spectator-M,2026-08-02T16:05:02+00:00
507,Sperwer,Bard Drone Databook 2019,https://dronecenter.bard.edu/files/2019/10/CSD-Drone-Databook-Web.pdf,SRC-0507,France,Sagem,Military / Government,Medium tactical; Fixed-wing,In use or under development as documented in 2019,2,UAV-2074F01DEB70,Sperwer,2026-08-02T16:05:02+00:00
544,SpyLite,Bard Drone Databook 2019,https://dronecenter.bard.edu/files/2019/10/CSD-Drone-Databook-Web.pdf,SRC-0544,Israel,Bluebird Aero,Military / Government,Small / tactical; Fixed-wing,In use or under development as documented in 2019,2,UAV-FAA77B7962AE,SpyLite,2026-08-02T16:05:02+00:00
508,Spy’Ranger,Bard Drone Databook 2019,https://dronecenter.bard.edu/files/2019/10/CSD-Drone-Databook-Web.pdf,SRC-0508,France,Thales,Military / Government,Small / tactical; Fixed-wing,In use or under development as documented in 2019,2,UAV-31AB96EE1A0C,Spy’Ranger,2026-08-02T16:05:02+00:00
643,Stalker,Bard Drone Databook 2019,https://dronecenter.bard.edu/files/2019/10/CSD-Drone-Databook-Web.pdf,SRC-0643,United States,Lockheed Martin,Military / Government,Small / tactical; Fixed-wing,In use or under development as documented in 2019,2,UAV-CEA6755B2671,Stalker,2026-08-02T16:05:02+00:00
552,Strix-C,Bard Drone Databook 2019,https://dronecenter.bard.edu/files/2019/10/CSD-Drone-Databook-Web.pdf,SRC-0552,Italy,Alpi Aviation,Military / Government,Small / tactical; Fixed-wing,In use or under development as documented in 2019,2,UAV-630D9B9A94C7,Strix-C,2026-08-02T16:05:02+00:00
553,Strix-D,Bard Drone Databook 2019,https://dronecenter.bard.edu/files/2019/10/CSD-Drone-Databook-Web.pdf,SRC-0553,Italy,Alpi Aviation,Military / Government,Small / tactical; Fixed-wing,In use or under development as documented in 2019,2,UAV-4999B0B17E06,Strix-D,2026-08-02T16:05:02+00:00
644,Switchblade,Bard Drone Databook 2019,https://dronecenter.bard.edu/files/2019/10/CSD-Drone-Databook-Web.pdf,SRC-0644,United States,AeroVironment,Military / Government,Small / tactical; Fixed-wing,In use or under development as documented in 2019,2,UAV-1BE1E711CD26,Switchblade,2026-08-02T16:05:02+00:00
645,T-20 JUMP,Bard Drone Databook 2019,https://dronecenter.bard.edu/files/2019/10/CSD-Drone-Databook-Web.pdf,SRC-0645,United States,Arcturus,Military / Government,Small / tactical; Fixed-wing,In use or under development as documented in 2019,2,UAV-936254B7A90A,T-20 JUMP,2026-08-02T16:05:02+00:00
646,T-Hawk,Bard Drone Databook 2019,https://dronecenter.bard.edu/files/2019/10/CSD-Drone-Databook-Web.pdf,SRC-0646,United States,Honeywell,Military / Government,Small / tactical; Rotary-wing,In use or under development as documented in 2019,2,UAV-22503CF02BDE,T-Hawk,2026-08-02T16:05:02+00:00
492,TB-001,Bard Drone Databook 2019,https://dronecenter.bard.edu/files/2019/10/CSD-Drone-Databook-Web.pdf,SRC-0492,China,Tengoen Technology,Military / Government,Large / strategic; Fixed-wing,In use or under development as documented in 2019,2,UAV-E18506D001C1,TB-001,2026-08-02T16:05:02+00:00
493,TB-002,Bard Drone Databook 2019,https://dronecenter.bard.edu/files/2019/10/CSD-Drone-Databook-Web.pdf,SRC-0493,China,Tengoen Technology,Military / Government,Medium tactical; Fixed-wing,In use or under development as documented in 2019,2,UAV-09328D4AADCC,TB-002,2026-08-02T16:05:02+00:00
576,Takhion,Bard Drone Databook 2019,https://dronecenter.bard.edu/files/2019/10/CSD-Drone-Databook-Web.pdf,SRC-0576,Russia,Izhmash-UAV,Military / Government,Small / tactical; Fixed-wing,In use or under development as documented in 2019,2,UAV-F5988C4626F9,Takhion,2026-08-02T16:05:02+00:00
596,Teng Yun,Bard Drone Databook 2019,https://dronecenter.bard.edu/files/2019/10/CSD-Drone-Databook-Web.pdf,SRC-0596,Taiwan,National Chung- Shan Institute of Science and Technology,Military / Government,Large / strategic; Fixed-wing,In use or under development as documented in 2019,2,UAV-BFC5F6D68827,Teng Yun,2026-08-02T16:05:02+00:00
494,Tian Ying,Bard Drone Databook 2019,https://dronecenter.bard.edu/files/2019/10/CSD-Drone-Databook-Web.pdf,SRC-0494,China,CASIC,Military / Government,Large / strategic; Fixed-wing,In use or under development as documented in 2019,2,UAV-582613A5D9A0,Tian Ying,2026-08-02T16:05:02+00:00
599,Tiger Shark II,Bard Drone Databook 2019,https://dronecenter.bard.edu/files/2019/10/CSD-Drone-Databook-Web.pdf,SRC-0599,Thailand,DTI,Military / Government,Small / tactical; Fixed-wing,In use or under development as documented in 2019,2,UAV-6CA879A16F6F,Tiger Shark II,2026-08-02T16:05:02+00:00
509,Tracker,Bard Drone Databook 2019,https://dronecenter.bard.edu/files/2019/10/CSD-Drone-Databook-Web.pdf,SRC-0509,France,EADS Cassidian,Military / Government,Small / tactical; Fixed-wing,In use or under development as documented in 2019,2,UAV-8C6AE142DCAF,Tracker,2026-08-02T16:05:02+00:00
561,Tsaigumi,Bard Drone Databook 2019,https://dronecenter.bard.edu/files/2019/10/CSD-Drone-Databook-Web.pdf,SRC-0561,Mexico,"431 Engineering Group, UAVision",Military / Government,Small / tactical; Fixed-wing,In use or under development as documented in 2019,2,UAV-5EFB919743CE,Tsaigumi,2026-08-02T16:05:02+00:00
495,Typhoon H,Bard Drone Databook 2019,https://dronecenter.bard.edu/files/2019/10/CSD-Drone-Databook-Web.pdf,SRC-0495,China,Yuneec,Military / Government,Small / tactical; Rotary-wing,In use or under development as documented in 2019,2,UAV-07F8A8F5AA4D,Typhoon H,2026-08-02T16:05:02+00:00
600,U-1 Sky Scout,Bard Drone Databook 2019,https://dronecenter.bard.edu/files/2019/10/CSD-Drone-Databook-Web.pdf,SRC-0600,Thailand,RV Connex,Military / Government,Small / tactical; Fixed-wing,In use or under development as documented in 2019,2,UAV-F09F6F985DAA,U-1 Sky Scout,2026-08-02T16:05:02+00:00
526,UAV (Mohajem 92),Bard Drone Databook 2019,https://dronecenter.bard.edu/files/2019/10/CSD-Drone-Databook-Web.pdf,SRC-0526,Iran / Iraq,State Company for Military Industries (Iraq),Military / Government,Medium tactical; Fixed-wing,In use or under development as documented in 2019,2,UAV-4CEDE0E2A819,UAV (Mohajem 92),2026-08-02T16:05:02+00:00
496,UV-10CAM,Bard Drone Databook 2019,https://dronecenter.bard.edu/files/2019/10/CSD-Drone-Databook-Web.pdf,SRC-0496,China,Microfly,Military / Government,Small / tactical; Fixed-wing,In use or under development as documented in 2019,2,UAV-5CBE56ADE8F0,UV-10CAM,2026-08-02T16:05:02+00:00
563,Uqab,Bard Drone Databook 2019,https://dronecenter.bard.edu/files/2019/10/CSD-Drone-Databook-Web.pdf,SRC-0563,Pakistan,GIDS,Military / Government,Medium tactical; Fixed-wing,In use or under development as documented in 2019,2,UAV-04F4509B0901,Uqab,2026-08-02T16:05:02+00:00
595,V-200,Bard Drone Databook 2019,https://dronecenter.bard.edu/files/2019/10/CSD-Drone-Databook-Web.pdf,SRC-0595,Sweden,UMS Skeldar,Military / Government,Medium tactical; Rotary-wing,In use or under development as documented in 2019,2,UAV-6CC4C9B1A6AA,V-200,2026-08-02T16:05:02+00:00
456,Vigía 2B,Bard Drone Databook 2019,https://dronecenter.bard.edu/files/2019/10/CSD-Drone-Databook-Web.pdf,SRC-0456,Argentina,DGIyD,Military / Government,Large / strategic; Fixed-wing,In use or under development as documented in 2019,2,UAV-C4473A90B5AA,Vigía 2B,2026-08-02T16:05:02+00:00
567,Warmate,Bard Drone Databook 2019,https://dronecenter.bard.edu/files/2019/10/CSD-Drone-Databook-Web.pdf,SRC-0567,Peru,WB Electronics,Military / Government,Small / tactical; Fixed-wing,In use or under development as documented in 2019,2,UAV-C996D6862605,Warmate,2026-08-02T16:05:02+00:00
546,Watchkeeper,Bard Drone Databook 2019,https://dronecenter.bard.edu/files/2019/10/CSD-Drone-Databook-Web.pdf,SRC-0546,Israel / United Kingdom,"Thales UK,Elbit Systems",Military / Government,Medium tactical; Fixed-wing,In use or under development as documented in 2019,2,UAV-CD0DE2A33A4F,Watchkeeper,2026-08-02T16:05:02+00:00
499,Wing Loon 1D,Bard Drone Databook 2019,https://dronecenter.bard.edu/files/2019/10/CSD-Drone-Databook-Web.pdf,SRC-0499,China,AVIC,Military / Government,Large / strategic; Fixed-wing,In use or under development as documented in 2019,2,UAV-4B3D85179BB0,Wing Loon 1D,2026-08-02T16:05:02+00:00
497,Wing Loong I,Bard Drone Databook 2019,https://dronecenter.bard.edu/files/2019/10/CSD-Drone-Databook-Web.pdf,SRC-0497,China,AVIC,Military / Government,Large / strategic; Fixed-wing,In use or under development as documented in 2019,2,UAV-A1B88DA1D2E2,Wing Loong I,2026-08-02T16:05:02+00:00
498,Wing Loong II,Bard Drone Databook 2019,https://dronecenter.bard.edu/files/2019/10/CSD-Drone-Databook-Web.pdf,SRC-0498,China,AVIC,Military / Government,Large / strategic; Fixed-wing,In use or under development as documented in 2019,2,UAV-2903DA6D9066,Wing Loong II,2026-08-02T16:05:02+00:00
587,XeFI,Bard Drone Databook 2019,https://dronecenter.bard.edu/files/2019/10/CSD-Drone-Databook-Web.pdf,SRC-0587,South Korea,NESTEC,Military / Government,Small / tactical; Rotary-wing,In use or under development as documented in 2019,2,UAV-FBE74B3C2DE2,XeFI,2026-08-02T16:05:02+00:00
500,Xianglong,Bard Drone Databook 2019,https://dronecenter.bard.edu/files/2019/10/CSD-Drone-Databook-Web.pdf,SRC-0500,China,GAIG,Military / Government,Large / strategic; Fixed-wing,In use or under development as documented in 2019,2,UAV-42AF7972FEC2,Xianglong,2026-08-02T16:05:02+00:00
617,Yabhon Flash-20*,Bard Drone Databook 2019,https://dronecenter.bard.edu/files/2019/10/CSD-Drone-Databook-Web.pdf,SRC-0617,United Arab Emirates,ADCOM Systems,Military / Government,Large / strategic; Fixed-wing,In use or under development as documented in 2019,2,UAV-0C3A9EABA4BC,Yabhon Flash-20*,2026-08-02T16:05:02+00:00
618,Yabhon United-40*,Bard Drone Databook 2019,https://dronecenter.bard.edu/files/2019/10/CSD-Drone-Databook-Web.pdf,SRC-0618,United Arab Emirates,ADCOM Systems,Military / Government,Large / strategic; Fixed-wing,In use or under development as documented in 2019,2,UAV-CD20FB9D76F5,Yabhon United-40*,2026-08-02T16:05:02+00:00
501,Yaoying 2,Bard Drone Databook 2019,https://dronecenter.bard.edu/files/2019/10/CSD-Drone-Databook-Web.pdf,SRC-0501,China,AVIC,Military / Government,Large / strategic; Fixed-wing,In use or under development as documented in 2019,2,UAV-65FD2EE7F763,Yaoying 2,2026-08-02T16:05:02+00:00
119,ACSL SOTEN,Curated UAV Seed 2026,Internal curated seed,SRC-0119,Japan,,Dual-use,Secure quadrotor,Not specified,3,UAV-6914C3470B37,ACSL SOTEN,2026-08-02T16:05:02+00:00
86,AQ-400 Scythe,Curated UAV Seed 2026,Internal curated seed,SRC-0086,Ukraine,,Military,One-way attack UAV,Not specified,3,UAV-CFE99CFE65C9,AQ-400 Scythe,2026-08-02T16:05:02+00:00
41,ASN-209 / Silver Eagle,Curated UAV Seed 2026,Internal curated seed,SRC-0041,China,,Military,Tactical fixed-wing,Not specified,3,UAV-9CE19E9211AF,ASN-209,2026-08-02T16:05:02+00:00
108,AWHero,Curated UAV Seed 2026,Internal curated seed,SRC-0108,Italy,,Dual-use,Unmanned helicopter,Not specified,3,UAV-CC796131038D,AWHero,2026-08-02T16:05:02+00:00
74,Aarok,Curated UAV Seed 2026,Internal curated seed,SRC-0074,France,,Military,Heavy MALE,Not specified,3,UAV-15094ACEC3BB,Aarok,2026-08-02T16:05:02+00:00
55,Ababil family,Curated UAV Seed 2026,Internal curated seed,SRC-0055,Iran,,Military,Tactical fixed-wing,Not specified,3,UAV-A39CDA5F79B3,Ababil family,2026-08-02T16:05:02+00:00
117,AeroVironment Quantix Recon,Curated UAV Seed 2026,Internal curated seed,SRC-0117,United States,,Dual-use,VTOL fixed-wing,Not specified,3,UAV-D521AB6BD3D1,AeroVironment Quantix Recon,2026-08-02T16:05:02+00:00
121,Aeryon SkyRanger R70,Curated UAV Seed 2026,Internal curated seed,SRC-0121,Canada,,Dual-use,Quadrotor,Not specified,3,UAV-D4AE77E6239B,Aeryon SkyRanger R70,2026-08-02T16:05:02+00:00
118,AgEagle eBee VISION,Curated UAV Seed 2026,Internal curated seed,SRC-0118,United States / Switzerland,,Dual-use,Fixed-wing ISR UAV,Not specified,3,UAV-FF3A925D0227,AgEagle eBee VISION,2026-08-02T16:05:02+00:00
75,Aliaca,Curated UAV Seed 2026,Internal curated seed,SRC-0075,France,,Military,Mini fixed-wing,Not specified,3,UAV-977D138A0C57,Aliaca,2026-08-02T16:05:02+00:00
106,Alpha 900,Curated UAV Seed 2026,Internal curated seed,SRC-0106,Spain,,Dual-use,Unmanned helicopter,Not specified,3,UAV-80BE65FC09D4,Alpha 900,2026-08-02T16:05:02+00:00
135,Amazon MK30,Curated UAV Seed 2026,Internal curated seed,SRC-0135,United States,,Civil,Delivery UAV,Not specified,3,UAV-EEC747B4506E,Amazon MK30,2026-08-02T16:05:02+00:00
15,Anduril Ghost / Ghost-X,Curated UAV Seed 2026,Internal curated seed,SRC-0015,United States,,Military,VTOL tactical UAS,Not specified,3,UAV-BE6BA1DC5499,Anduril Ghost,2026-08-02T16:05:02+00:00
140,Archer Midnight,Curated UAV Seed 2026,Internal curated seed,SRC-0140,United States,,Civil,eVTOL aircraft,Not specified,3,UAV-3A0E9AD63F2D,Archer Midnight,2026-08-02T16:05:02+00:00
59,Archer-NG,Curated UAV Seed 2026,Internal curated seed,SRC-0059,India,,Military,MALE fixed-wing,Not specified,3,UAV-3359AB8B4481,Archer-NG,2026-08-02T16:05:02+00:00
101,Autel EVO Max 4T,Curated UAV Seed 2026,Internal curated seed,SRC-0101,China,,Dual-use,Enterprise multirotor,Not specified,3,UAV-A3298C746F55,Autel EVO Max 4T,2026-08-02T16:05:02+00:00
144,AutoFlight Prosperity I,Curated UAV Seed 2026,Internal curated seed,SRC-0144,China,,Civil,eVTOL aircraft,Not specified,3,UAV-60AEB3537CD9,AutoFlight Prosperity I,2026-08-02T16:05:02+00:00
18,Bayraktar Akinci,Curated UAV Seed 2026,Internal curated seed,SRC-0018,Türkiye,,Military,Heavy HALE/MALE UCAV,Not specified,3,UAV-7CEFC0FABB53,Bayraktar Akinci,2026-08-02T16:05:02+00:00
19,Bayraktar Kizilelma,Curated UAV Seed 2026,Internal curated seed,SRC-0019,Türkiye,,Military,Jet UCAV,Not specified,3,UAV-791E2C7C31A5,Bayraktar Kizilelma,2026-08-02T16:05:02+00:00
16,Bayraktar TB2,Curated UAV Seed 2026,Internal curated seed,SRC-0016,Türkiye,,Military,MALE fixed-wing,Not specified,3,UAV-2EA3572A6DEB,Bayraktar TB2,2026-08-02T16:05:02+00:00
17,Bayraktar TB3,Curated UAV Seed 2026,Internal curated seed,SRC-0017,Türkiye,,Military,Ship-capable MALE,Not specified,3,UAV-EA724362D01A,Bayraktar TB3,2026-08-02T16:05:02+00:00
115,Beta ALIA,Curated UAV Seed 2026,Internal curated seed,SRC-0115,United States,,Dual-use,eVTOL/CTOL aircraft,Not specified,3,UAV-5FDF53E08F71,Beta ALIA,2026-08-02T16:05:02+00:00
85,Bober,Curated UAV Seed 2026,Internal curated seed,SRC-0085,Ukraine,,Military,One-way attack UAV,Not specified,3,UAV-3D9730682D0E,Bober,2026-08-02T16:05:02+00:00
35,CH-4,Curated UAV Seed 2026,Internal curated seed,SRC-0035,China,,Military,MALE fixed-wing,Not specified,3,UAV-7AF6B8BF6EC1,CH-4,2026-08-02T16:05:02+00:00
36,CH-5,Curated UAV Seed 2026,Internal curated seed,SRC-0036,China,,Military,Heavy MALE,Not specified,3,UAV-6795C1B01464,CH-5,2026-08-02T16:05:02+00:00
123,DJI Agras T50,Curated UAV Seed 2026,Internal curated seed,SRC-0123,China,,Civil,Agricultural multirotor,Not specified,3,UAV-C95DF2AD2E42,DJI Agras T50,2026-08-02T16:05:02+00:00
124,DJI FlyCart 30,Curated UAV Seed 2026,Internal curated seed,SRC-0124,China,,Civil,Cargo multirotor,Not specified,3,UAV-3EE2A523387C,DJI FlyCart 30,2026-08-02T16:05:02+00:00
99,DJI Matrice 350 RTK,Curated UAV Seed 2026,Internal curated seed,SRC-0099,China,,Dual-use,Enterprise multirotor,Not specified,3,UAV-ABC2B0066B0F,DJI Matrice 350 RTK,2026-08-02T16:05:02+00:00
100,DJI Matrice 400,Curated UAV Seed 2026,Internal curated seed,SRC-0100,China,,Dual-use,Enterprise multirotor,Not specified,3,UAV-03928F0B790D,DJI Matrice 400,2026-08-02T16:05:02+00:00
98,DJI Mavic 3 Enterprise,Curated UAV Seed 2026,Internal curated seed,SRC-0098,China,,Dual-use,Small multirotor,Not specified,3,UAV-CC05792900B4,DJI Mavic 3 Enterprise,2026-08-02T16:05:02+00:00
126,Delair UX11,Curated UAV Seed 2026,Internal curated seed,SRC-0126,France,,Civil,Fixed-wing survey UAV,Not specified,3,UAV-BFA1C1F3B602,Delair UX11,2026-08-02T16:05:02+00:00
120,Draganfly Commander 3 XL,Curated UAV Seed 2026,Internal curated seed,SRC-0120,Canada,,Dual-use,Multirotor,Not specified,3,UAV-6E2FEE9FC17D,Draganfly Commander 3 XL,2026-08-02T16:05:02+00:00
137,Dronamics Black Swan,Curated UAV Seed 2026,Internal curated seed,SRC-0137,Bulgaria,,Civil,Cargo fixed-wing UAV,Not specified,3,UAV-2216996A9142,Dronamics Black Swan,2026-08-02T16:05:02+00:00
125,EHang EH216-S,Curated UAV Seed 2026,Internal curated seed,SRC-0125,China,,Civil,Passenger eVTOL multicopter,Not specified,3,UAV-4E69072BC8AF,EHang EH216-S,2026-08-02T16:05:02+00:00
114,Elroy Air Chaparral,Curated UAV Seed 2026,Internal curated seed,SRC-0114,United States,,Dual-use,Autonomous cargo VTOL,Not specified,3,UAV-982F45E68E0D,Elroy Air Chaparral,2026-08-02T16:05:02+00:00
69,Eurodrone,Curated UAV Seed 2026,Internal curated seed,SRC-0069,European consortium,,Military,Twin-engine MALE,Not specified,3,UAV-B557CE1F03CB,Eurodrone,2026-08-02T16:05:02+00:00
122,FIXAR 025,Curated UAV Seed 2026,Internal curated seed,SRC-0122,Latvia,,Dual-use,VTOL fixed-wing,Not specified,3,UAV-C1721A53C6F0,FIXAR 025,2026-08-02T16:05:02+00:00
76,Falco EVO,Curated UAV Seed 2026,Internal curated seed,SRC-0076,Italy,,Military,MALE fixed-wing,Not specified,3,UAV-D5610DFCE11E,Falco EVO,2026-08-02T16:05:02+00:00
77,Falco Xplorer,Curated UAV Seed 2026,Internal curated seed,SRC-0077,Italy,,Military,MALE fixed-wing,Not specified,3,UAV-844A6003A990,Falco Xplorer,2026-08-02T16:05:02+00:00
79,FlyEye,Curated UAV Seed 2026,Internal curated seed,SRC-0079,Poland,,Military,Mini fixed-wing,Not specified,3,UAV-9E6C7BE9EE67,FlyEye,2026-08-02T16:05:02+00:00
129,Flyability Elios 3,Curated UAV Seed 2026,Internal curated seed,SRC-0129,Switzerland,,Civil,Caged indoor multirotor,Not specified,3,UAV-34E4C32DEC44,Flyability Elios 3,2026-08-02T16:05:02+00:00
43,Forpost-R,Curated UAV Seed 2026,Internal curated seed,SRC-0043,Russia,,Military,Tactical/MALE fixed-wing,Not specified,3,UAV-89D680E8BF46,Forpost-R,2026-08-02T16:05:02+00:00
130,Fotokite Sigma,Curated UAV Seed 2026,Internal curated seed,SRC-0130,Switzerland,,Civil,Tethered multirotor,Not specified,3,UAV-313F8098B17A,Fotokite Sigma,2026-08-02T16:05:02+00:00
131,Freefly Alta X,Curated UAV Seed 2026,Internal curated seed,SRC-0131,United States,,Civil,Heavy-lift multirotor,Not specified,3,UAV-0CE1A17DAA41,Freefly Alta X,2026-08-02T16:05:02+00:00
39,GJ-11 Sharp Sword,Curated UAV Seed 2026,Internal curated seed,SRC-0039,China,,Military,Flying-wing UCAV,Not specified,3,UAV-438231AA4625,GJ-11 Sharp Sword,2026-08-02T16:05:02+00:00
49,Geran-2 / Shahed-136 derivative,Curated UAV Seed 2026,Internal curated seed,SRC-0049,Iran / Russia,,Military,One-way attack UAV,Not specified,3,UAV-96900A8F9FB3,Geran-2,2026-08-02T16:05:02+00:00
57,Ghatak / SWiFT demonstrator,Curated UAV Seed 2026,Internal curated seed,SRC-0057,India,,Military,Flying-wing UCAV demonstrator,Not specified,3,UAV-CB8D963555E5,Ghatak,2026-08-02T16:05:02+00:00
80,Gladius system,Curated UAV Seed 2026,Internal curated seed,SRC-0080,Poland,,Military,Loitering munition system,Not specified,3,UAV-7E18FD931427,Gladius system,2026-08-02T16:05:02+00:00
30,Harop,Curated UAV Seed 2026,Internal curated seed,SRC-0030,Israel,,Military,Loitering munition,Not specified,3,UAV-3E5E250EAC37,Harop,2026-08-02T16:05:02+00:00
31,Harpy,Curated UAV Seed 2026,Internal curated seed,SRC-0031,Israel,,Military,Loitering munition,Not specified,3,UAV-29E2EF5CCEBA,Harpy,2026-08-02T16:05:02+00:00
27,Hermes 450,Curated UAV Seed 2026,Internal curated seed,SRC-0027,Israel,,Military,Tactical/MALE fixed-wing,Not specified,3,UAV-21A397A66BF4,Hermes 450,2026-08-02T16:05:02+00:00
28,Hermes 900,Curated UAV Seed 2026,Internal curated seed,SRC-0028,Israel,,Military,MALE fixed-wing,Not specified,3,UAV-886CBB3D0A84,Hermes 900,2026-08-02T16:05:02+00:00
25,Heron 1,Curated UAV Seed 2026,Internal curated seed,SRC-0025,Israel,,Military,MALE fixed-wing,Not specified,3,UAV-8D2548F30310,Heron 1,2026-08-02T16:05:02+00:00
26,Heron TP / Eitan,Curated UAV Seed 2026,Internal curated seed,SRC-0026,Israel,,Military,HALE/MALE fixed-wing,Not specified,3,UAV-0FB03A96C92E,Heron TP,2026-08-02T16:05:02+00:00
113,Inspired Flight IF1200A,Curated UAV Seed 2026,Internal curated seed,SRC-0113,United States,,Dual-use,Heavy-lift multirotor,Not specified,3,UAV-E257C84EE829,Inspired Flight IF1200A,2026-08-02T16:05:02+00:00
116,JOUAV CW-25E,Curated UAV Seed 2026,Internal curated seed,SRC-0116,China,,Dual-use,VTOL fixed-wing,Not specified,3,UAV-370CC77AB44D,JOUAV CW-25E,2026-08-02T16:05:02+00:00
139,Joby S4,Curated UAV Seed 2026,Internal curated seed,SRC-0139,United States,,Civil,Piloted/autonomous-capable eVTOL,Not specified,3,UAV-70C9E9F85A5B,Joby S4,2026-08-02T16:05:02+00:00
65,KUS-FC,Curated UAV Seed 2026,Internal curated seed,SRC-0065,South Korea,,Military,Low-observable UCAV concept,Not specified,3,UAV-32BE51BF5F07,KUS-FC,2026-08-02T16:05:02+00:00
63,KUS-FS,Curated UAV Seed 2026,Internal curated seed,SRC-0063,South Korea,,Military,MALE fixed-wing,Not specified,3,UAV-49E5C1E433DA,KUS-FS,2026-08-02T16:05:02+00:00
64,KUS-VH,Curated UAV Seed 2026,Internal curated seed,SRC-0064,South Korea,,Military,Unmanned helicopter,Not specified,3,UAV-AB2EFF5E0F8C,KUS-VH,2026-08-02T16:05:02+00:00
92,Karayel,Curated UAV Seed 2026,Internal curated seed,SRC-0092,Turkiye / Saudi Arabia,,Military,Tactical MALE,Not specified,3,UAV-A73FA6F0E9C3,Karayel,2026-08-02T16:05:02+00:00
56,Karrar,Curated UAV Seed 2026,Internal curated seed,SRC-0056,Iran,,Military,Jet target/strike UAV,Not specified,3,UAV-8D62A72ABF2D,Karrar,2026-08-02T16:05:02+00:00
47,Kub-BLA,Curated UAV Seed 2026,Internal curated seed,SRC-0047,Russia,,Military,Loitering munition,Not specified,3,UAV-91563DB38525,Kub-BLA,2026-08-02T16:05:02+00:00
82,Leleka-100,Curated UAV Seed 2026,Internal curated seed,SRC-0082,Ukraine,,Military,Small fixed-wing,Not specified,3,UAV-CC54D6424233,Leleka-100,2026-08-02T16:05:02+00:00
142,Lilium Jet,Curated UAV Seed 2026,Internal curated seed,SRC-0142,Germany,,Civil,Ducted-fan eVTOL,Not specified,3,UAV-D0C29B31D0BE,Lilium Jet,2026-08-02T16:05:02+00:00
72,Luna NG,Curated UAV Seed 2026,Internal curated seed,SRC-0072,Germany,,Military,Tactical fixed-wing,Not specified,3,UAV-317530D18E59,Luna NG,2026-08-02T16:05:02+00:00
3,MQ-1C Gray Eagle,Curated UAV Seed 2026,Internal curated seed,SRC-0003,United States,,Military,MALE fixed-wing,Not specified,3,UAV-864D8FEC9E00,MQ-1C Gray Eagle,2026-08-02T16:05:02+00:00
8,MQ-25 Stingray,Curated UAV Seed 2026,Internal curated seed,SRC-0008,United States,,Military,Carrier fixed-wing,Not specified,3,UAV-0B8FC0E9C9F7,MQ-25 Stingray,2026-08-02T16:05:02+00:00
5,MQ-4C Triton,Curated UAV Seed 2026,Internal curated seed,SRC-0005,United States,,Military,HALE fixed-wing,Not specified,3,UAV-6FB05E2123B3,MQ-4C Triton,2026-08-02T16:05:02+00:00
1,MQ-9A Reaper,Curated UAV Seed 2026,Internal curated seed,SRC-0001,United States,,Military,MALE fixed-wing,Not specified,3,UAV-C39844FFCF4D,MQ-9A Reaper,2026-08-02T16:05:02+00:00
2,MQ-9B SkyGuardian/SeaGuardian,Curated UAV Seed 2026,Internal curated seed,SRC-0002,United States,,Military,MALE fixed-wing,Not specified,3,UAV-3EC58CDDB191,MQ-9B SkyGuardian,2026-08-02T16:05:02+00:00
87,Magura V5,Curated UAV Seed 2026,Internal curated seed,SRC-0087,Ukraine,,Military,Uncrewed surface vessel,Not specified,3,UAV-DED9B03FBEA4,Magura V5,2026-08-02T16:05:02+00:00
105,Malloy T150/T400,Curated UAV Seed 2026,Internal curated seed,SRC-0105,United Kingdom,,Dual-use,Cargo multirotor,Not specified,3,UAV-779C49346FB2,Malloy T150,2026-08-02T16:05:02+00:00
94,Manta Ray,Curated UAV Seed 2026,Internal curated seed,SRC-0094,United States,,Military,Large autonomous UUV,Not specified,3,UAV-6C872E33587B,Manta Ray,2026-08-02T16:05:02+00:00
136,Matternet M2,Curated UAV Seed 2026,Internal curated seed,SRC-0136,United States / Switzerland,,Civil,Delivery multirotor,Not specified,3,UAV-1FBBCEFCB279,Matternet M2,2026-08-02T16:05:02+00:00
148,Microdrones md4-3000,Curated UAV Seed 2026,Internal curated seed,SRC-0148,Germany,,Civil,Heavy multirotor,Not specified,3,UAV-54633801E9F1,Microdrones md4-3000,2026-08-02T16:05:02+00:00
89,Milkor 380,Curated UAV Seed 2026,Internal curated seed,SRC-0089,South Africa,,Military,MALE fixed-wing,Not specified,3,UAV-6AA0344040FE,Milkor 380,2026-08-02T16:05:02+00:00
51,Mohajer-6,Curated UAV Seed 2026,Internal curated seed,SRC-0051,Iran,,Military,Tactical/MALE fixed-wing,Not specified,3,UAV-1D5BDF028878,Mohajer-6,2026-08-02T16:05:02+00:00
102,Netra V-series,Curated UAV Seed 2026,Internal curated seed,SRC-0102,India,,Dual-use,Small multirotor,Not specified,3,UAV-2C7B471A53CB,Netra V-series,2026-08-02T16:05:02+00:00
61,NewSpace BEL VUAV concepts,Curated UAV Seed 2026,Internal curated seed,SRC-0061,India,,Military,Swarm / tactical UAS,Not specified,3,UAV-E14DA18A5F4F,NewSpace BEL VUAV concepts,2026-08-02T16:05:02+00:00
60,Nishant,Curated UAV Seed 2026,Internal curated seed,SRC-0060,India,,Military,Tactical fixed-wing,Not specified,3,UAV-5F2826243549,Nishant,2026-08-02T16:05:02+00:00
97,Orbiter family,Curated UAV Seed 2026,Internal curated seed,SRC-0097,Israel,,Dual-use,Small fixed-wing,Not specified,3,UAV-914D8E5FF726,Orbiter family,2026-08-02T16:05:02+00:00
42,Orion / Inokhodets,Curated UAV Seed 2026,Internal curated seed,SRC-0042,Russia,,Military,MALE fixed-wing,Not specified,3,UAV-091E17A9B3E1,Orion,2026-08-02T16:05:02+00:00
44,Orlan-10,Curated UAV Seed 2026,Internal curated seed,SRC-0044,Russia,,Military,Small fixed-wing,Not specified,3,UAV-0D8B967D09E8,Orlan-10,2026-08-02T16:05:02+00:00
45,Orlan-30,Curated UAV Seed 2026,Internal curated seed,SRC-0045,Russia,,Military,Small fixed-wing,Not specified,3,UAV-31D5CE08FCB1,Orlan-30,2026-08-02T16:05:02+00:00
81,PD-2,Curated UAV Seed 2026,Internal curated seed,SRC-0081,Ukraine,,Military,VTOL fixed-wing,Not specified,3,UAV-9835E962E13F,PD-2,2026-08-02T16:05:02+00:00
109,Parrot Anafi AI,Curated UAV Seed 2026,Internal curated seed,SRC-0109,France,,Dual-use,Enterprise quadrotor,Not specified,3,UAV-734D69D5E6BE,Parrot Anafi AI,2026-08-02T16:05:02+00:00
110,Parrot Anafi USA,Curated UAV Seed 2026,Internal curated seed,SRC-0110,France / United States,,Dual-use,Enterprise quadrotor,Not specified,3,UAV-445FBCEFC9FD,Parrot Anafi USA,2026-08-02T16:05:02+00:00
73,Patroller,Curated UAV Seed 2026,Internal curated seed,SRC-0073,France,,Military,MALE fixed-wing,Not specified,3,UAV-C431C9B05D4C,Patroller,2026-08-02T16:05:02+00:00
14,Phoenix Ghost family,Curated UAV Seed 2026,Internal curated seed,SRC-0014,United States,,Military,Loitering munition,Not specified,3,UAV-1E7FF1E21E37,Phoenix Ghost family,2026-08-02T16:05:02+00:00
67,Protector RG Mk1,Curated UAV Seed 2026,Internal curated seed,SRC-0067,United Kingdom,,Military,MQ-9B MALE,Not specified,3,UAV-228F8945A112,Protector RG Mk1,2026-08-02T16:05:02+00:00
96,Puma AE,Curated UAV Seed 2026,Internal curated seed,SRC-0096,United States,,Dual-use,Small hand-launched fixed-wing,Not specified,3,UAV-69D951181326,Puma AE,2026-08-02T16:05:02+00:00
91,QX-4 / QX-5 families,Curated UAV Seed 2026,Internal curated seed,SRC-0091,United Arab Emirates,,Military,Loitering / tactical UAS,Not specified,3,UAV-52FA7E4BC8C0,QX-4,2026-08-02T16:05:02+00:00
107,Quantum Systems Vector,Curated UAV Seed 2026,Internal curated seed,SRC-0107,Germany,,Dual-use,VTOL fixed-wing,Not specified,3,UAV-F70D1BE1A9A2,Quantum Systems Vector,2026-08-02T16:05:02+00:00
62,RQ-101 Songgolmae,Curated UAV Seed 2026,Internal curated seed,SRC-0062,South Korea,,Military,Tactical fixed-wing,Not specified,3,UAV-07838573A23A,RQ-101 Songgolmae,2026-08-02T16:05:02+00:00
6,RQ-170 Sentinel,Curated UAV Seed 2026,Internal curated seed,SRC-0006,United States,,Military,Low-observable flying wing,Not specified,3,UAV-81280961FB08,RQ-170 Sentinel,2026-08-02T16:05:02+00:00
10,RQ-21A Blackjack,Curated UAV Seed 2026,Internal curated seed,SRC-0010,United States,,Military,Tactical fixed-wing,Not specified,3,UAV-88E36D91D90C,RQ-21A Blackjack,2026-08-02T16:05:02+00:00
4,RQ-4 Global Hawk,Curated UAV Seed 2026,Internal curated seed,SRC-0004,United States,,Military,HALE fixed-wing,Not specified,3,UAV-06763535C536,RQ-4 Global Hawk,2026-08-02T16:05:02+00:00
9,RQ-7B Shadow,Curated UAV Seed 2026,Internal curated seed,SRC-0009,United States,,Military,Tactical fixed-wing,Not specified,3,UAV-9C0EBD6B98F4,RQ-7B Shadow,2026-08-02T16:05:02+00:00
11,Raven RQ-11,Curated UAV Seed 2026,Internal curated seed,SRC-0011,United States,,Military,Mini hand-launched fixed-wing,Not specified,3,UAV-17FDC736A8A7,Raven RQ-11,2026-08-02T16:05:02+00:00
58,Rustom-II / TAPAS BH-201,Curated UAV Seed 2026,Internal curated seed,SRC-0058,India,,Military,MALE fixed-wing,Not specified,3,UAV-2A347F7DEEEC,Rustom-II,2026-08-02T16:05:02+00:00
48,S-70 Okhotnik-B,Curated UAV Seed 2026,Internal curated seed,SRC-0048,Russia,,Military,Heavy flying-wing UCAV,Not specified,3,UAV-2AF96B0C5CEA,S-70 Okhotnik-B,2026-08-02T16:05:02+00:00
71,SIRTAP,Curated UAV Seed 2026,Internal curated seed,SRC-0071,Spain / Colombia,,Military,Tactical MALE,Not specified,3,UAV-BC59470776EC,SIRTAP,2026-08-02T16:05:02+00:00
24,STM Alpagu,Curated UAV Seed 2026,Internal curated seed,SRC-0024,Türkiye,,Military,Fixed-wing loitering munition,Not specified,3,UAV-B42C5EFF320A,STM Alpagu,2026-08-02T16:05:02+00:00
23,STM Kargu,Curated UAV Seed 2026,Internal curated seed,SRC-0023,Türkiye,,Military,Rotary-wing loitering munition,Not specified,3,UAV-B179BF7D03ED,Kargu,2026-08-02T16:05:02+00:00
93,Saqr-1,Curated UAV Seed 2026,Internal curated seed,SRC-0093,Saudi Arabia,,Military,MALE fixed-wing,Not specified,3,UAV-59502276573E,Saqr-1,2026-08-02T16:05:02+00:00
95,ScanEagle,Curated UAV Seed 2026,Internal curated seed,SRC-0095,United States,,Dual-use,Small fixed-wing,Not specified,3,UAV-FFD701E7502F,ScanEagle,2026-08-02T16:05:02+00:00
29,Searcher Mk II,Curated UAV Seed 2026,Internal curated seed,SRC-0029,Israel,,Military,Tactical fixed-wing,Not specified,3,UAV-B8C50EEC73B5,Searcher Mk II,2026-08-02T16:05:02+00:00
88,Seeker 400,Curated UAV Seed 2026,Internal curated seed,SRC-0088,South Africa,,Military,Tactical/MALE fixed-wing,Not specified,3,UAV-5C186A3E295D,Seeker 400,2026-08-02T16:05:02+00:00
50,Shahed-129,Curated UAV Seed 2026,Internal curated seed,SRC-0050,Iran,,Military,MALE fixed-wing,Not specified,3,UAV-7A7608091D3C,Shahed-129,2026-08-02T16:05:02+00:00
53,Shahed-131,Curated UAV Seed 2026,Internal curated seed,SRC-0053,Iran,,Military,One-way attack UAV,Not specified,3,UAV-C78852B880AA,Shahed-131,2026-08-02T16:05:02+00:00
52,Shahed-136,Curated UAV Seed 2026,Internal curated seed,SRC-0052,Iran,,Military,One-way attack UAV,Not specified,3,UAV-6E53B4D01C74,Shahed-136,2026-08-02T16:05:02+00:00
54,Shahed-238,Curated UAV Seed 2026,Internal curated seed,SRC-0054,Iran,,Military,Jet-powered one-way attack UAV,Not specified,3,UAV-5D150D966A83,Shahed-238,2026-08-02T16:05:02+00:00
83,Shark,Curated UAV Seed 2026,Internal curated seed,SRC-0083,Ukraine,,Military,Small fixed-wing,Not specified,3,UAV-4F90AF664B82,Shark,2026-08-02T16:05:02+00:00
32,SkyStriker,Curated UAV Seed 2026,Internal curated seed,SRC-0032,Israel,,Military,Loitering munition,Not specified,3,UAV-02D9E40565A3,SkyStriker,2026-08-02T16:05:02+00:00
111,Skydio X10,Curated UAV Seed 2026,Internal curated seed,SRC-0111,United States,,Dual-use,Autonomous quadrotor,Not specified,3,UAV-093B1BE7EA04,Skydio X10,2026-08-02T16:05:02+00:00
112,Skydio X2D,Curated UAV Seed 2026,Internal curated seed,SRC-0112,United States,,Dual-use,Autonomous quadrotor,Not specified,3,UAV-2DFDC6BE0FEC,Skydio X2D,2026-08-02T16:05:02+00:00
12,Switchblade 300,Curated UAV Seed 2026,Internal curated seed,SRC-0012,United States,,Military,Loitering munition,Not specified,3,UAV-A957715A9B48,Switchblade 300,2026-08-02T16:05:02+00:00
13,Switchblade 600,Curated UAV Seed 2026,Internal curated seed,SRC-0013,United States,,Military,Loitering munition,Not specified,3,UAV-8070D1B65709,Switchblade 600,2026-08-02T16:05:02+00:00
21,TAI Aksungur,Curated UAV Seed 2026,Internal curated seed,SRC-0021,Türkiye,,Military,Twin-engine MALE,Not specified,3,UAV-3B76115ABC15,TAI Aksungur,2026-08-02T16:05:02+00:00
20,TAI Anka,Curated UAV Seed 2026,Internal curated seed,SRC-0020,Türkiye,,Military,MALE fixed-wing,Not specified,3,UAV-B53C5FFA1020,Anka,2026-08-02T16:05:02+00:00
22,TAI Anka-3,Curated UAV Seed 2026,Internal curated seed,SRC-0022,Türkiye,,Military,Flying-wing UCAV,Not specified,3,UAV-4A3D908152F9,TAI Anka-3,2026-08-02T16:05:02+00:00
40,TB-001 Twin-Tailed Scorpion,Curated UAV Seed 2026,Internal curated seed,SRC-0040,China,,Military,Twin-engine MALE,Not specified,3,UAV-1BD8947AA552,TB-001 Twin-Tailed Scorpion,2026-08-02T16:05:02+00:00
68,Taranis demonstrator,Curated UAV Seed 2026,Internal curated seed,SRC-0068,United Kingdom,,Military,Flying-wing UCAV demonstrator,Not specified,3,UAV-BF683F5C0DA9,Taranis demonstrator,2026-08-02T16:05:02+00:00
147,Terra Drone survey platforms,Curated UAV Seed 2026,Internal curated seed,SRC-0147,Japan,,Civil,Multi-platform services,Not specified,3,UAV-18FAE29CEA73,Terra Drone survey platforms,2026-08-02T16:05:02+00:00
149,Trinity Pro,Curated UAV Seed 2026,Internal curated seed,SRC-0149,Germany,,Civil,VTOL fixed-wing,Not specified,3,UAV-40A9FD7C918A,Trinity Pro,2026-08-02T16:05:02+00:00
84,UJ-22 Airborne,Curated UAV Seed 2026,Internal curated seed,SRC-0084,Ukraine,,Military,Long-range fixed-wing,Not specified,3,UAV-101076B0D8AA,UJ-22 Airborne,2026-08-02T16:05:02+00:00
141,Vertical VX4,Curated UAV Seed 2026,Internal curated seed,SRC-0141,United Kingdom,,Civil,eVTOL aircraft,Not specified,3,UAV-BC97FD8701EA,Vertical VX4,2026-08-02T16:05:02+00:00
138,Volocopter VoloDrone,Curated UAV Seed 2026,Internal curated seed,SRC-0138,Germany,,Civil,Heavy-lift multicopter,Not specified,3,UAV-12B89D0F2A42,Volocopter VoloDrone,2026-08-02T16:05:02+00:00
37,WZ-7 Soaring Dragon,Curated UAV Seed 2026,Internal curated seed,SRC-0037,China,,Military,HALE fixed-wing,Not specified,3,UAV-70761227895B,WZ-7 Soaring Dragon,2026-08-02T16:05:02+00:00
38,WZ-8,Curated UAV Seed 2026,Internal curated seed,SRC-0038,China,,Military,High-speed reconnaissance UAV,Not specified,3,UAV-7F9D9F308BC1,WZ-8,2026-08-02T16:05:02+00:00
78,Warmate,Curated UAV Seed 2026,Internal curated seed,SRC-0078,Poland,,Military,Loitering munition,Not specified,3,UAV-C996D6862605,Warmate,2026-08-02T16:05:02+00:00
66,Watchkeeper WK450,Curated UAV Seed 2026,Internal curated seed,SRC-0066,United Kingdom,,Military,Tactical fixed-wing,Not specified,3,UAV-2CCFF02B4959,Watchkeeper WK450,2026-08-02T16:05:02+00:00
33,Wing Loong I,Curated UAV Seed 2026,Internal curated seed,SRC-0033,China,,Military,MALE fixed-wing,Not specified,3,UAV-A1B88DA1D2E2,Wing Loong I,2026-08-02T16:05:02+00:00
34,Wing Loong II,Curated UAV Seed 2026,Internal curated seed,SRC-0034,China,,Military,MALE fixed-wing,Not specified,3,UAV-2903DA6D9066,Wing Loong II,2026-08-02T16:05:02+00:00
132,Wing delivery drone,Curated UAV Seed 2026,Internal curated seed,SRC-0132,United States,,Civil,Hybrid VTOL delivery UAV,Not specified,3,UAV-44554D4781D4,Wing delivery drone,2026-08-02T16:05:02+00:00
127,WingtraOne GEN II,Curated UAV Seed 2026,Internal curated seed,SRC-0127,Switzerland,,Civil,VTOL fixed-wing,Not specified,3,UAV-D6F3ED15BEAA,WingtraOne GEN II,2026-08-02T16:05:02+00:00
143,Wisk Generation 6,Curated UAV Seed 2026,Internal curated seed,SRC-0143,United States,,Civil,Autonomous eVTOL,Not specified,3,UAV-655A51B74BEF,Wisk Generation 6,2026-08-02T16:05:02+00:00
145,XPeng AeroHT flying-car concepts,Curated UAV Seed 2026,Internal curated seed,SRC-0145,China,,Civil,eVTOL / modular aircraft,Not specified,3,UAV-F81B29EFB382,XPeng AeroHT flying-car concepts,2026-08-02T16:05:02+00:00
7,XQ-58A Valkyrie,Curated UAV Seed 2026,Internal curated seed,SRC-0007,United States,,Military,Collaborative combat aircraft,Not specified,3,UAV-0EFDEFE44A2E,XQ-58A Valkyrie,2026-08-02T16:05:02+00:00
90,Yabhon United 40,Curated UAV Seed 2026,Internal curated seed,SRC-0090,United Arab Emirates,,Military,MALE fixed-wing,Not specified,3,UAV-CD20FB9D76F5,Yabhon United-40*,2026-08-02T16:05:02+00:00
146,Yamaha FAZER R G2,Curated UAV Seed 2026,Internal curated seed,SRC-0146,Japan,,Civil,Unmanned helicopter,Not specified,3,UAV-EA12A05604A7,Yamaha FAZER R G2,2026-08-02T16:05:02+00:00
46,ZALA Lancet,Curated UAV Seed 2026,Internal curated seed,SRC-0046,Russia,,Military,Loitering munition,Not specified,3,UAV-F2B074E13083,ZALA Lancet,2026-08-02T16:05:02+00:00
133,Zipline Platform 1,Curated UAV Seed 2026,Internal curated seed,SRC-0133,United States,,Civil,Fixed-wing delivery UAV,Not specified,3,UAV-AA669DC483E4,Zipline Platform 1,2026-08-02T16:05:02+00:00
134,Zipline Platform 2,Curated UAV Seed 2026,Internal curated seed,SRC-0134,United States,,Civil,VTOL delivery system,Not specified,3,UAV-CD6175FCCF25,Zipline Platform 2,2026-08-02T16:05:02+00:00
104,ideaForge NETRA V4+,Curated UAV Seed 2026,Internal curated seed,SRC-0104,India,,Dual-use,Quadrotor,Not specified,3,UAV-27A081DBD0E1,ideaForge NETRA V4+,2026-08-02T16:05:02+00:00
103,ideaForge SWITCH UAV,Curated UAV Seed 2026,Internal curated seed,SRC-0103,India,,Dual-use,VTOL fixed-wing,Not specified,3,UAV-FB84F21B9F80,ideaForge SWITCH UAV,2026-08-02T16:05:02+00:00
70,nEUROn,Curated UAV Seed 2026,Internal curated seed,SRC-0070,European consortium,,Military,Flying-wing UCAV demonstrator,Not specified,3,UAV-62AC829E6E5E,nEUROn,2026-08-02T16:05:02+00:00
128,senseFly eBee X,Curated UAV Seed 2026,Internal curated seed,SRC-0128,Switzerland,,Civil,Fixed-wing survey UAV,Not specified,3,UAV-6A8E8A198036,senseFly eBee X,2026-08-02T16:05:02+00:00
399,ABZ Innovation C10,EASA Drones for EU Operations,https://www.easa.europa.eu/en/domains/drones-air-mobility/drones-evtol-designs/drones-eu-operations/pr-512-abz-innovation-c10,SRC-0399,Hungary,ABZ Innovation Kft.,Civilian / Commercial,Multirotor,EASA-listed for EU operations,1,UAV-F5F5692DD49E,ABZ Innovation C10,2026-08-02T16:05:02+00:00
394,AD405,EASA Drones for EU Operations,https://www.easa.europa.eu/en/domains/drones-air-mobility/drones-evtol-designs/drones-eu-operations/pr-367-ad405,SRC-0394,France,Artech'Drone,Civilian / Commercial,Multirotor,EASA-listed for EU operations,1,UAV-6718FFA915AD,AD405,2026-08-02T16:05:02+00:00
427,AD405 Spray,EASA Drones for EU Operations,https://www.easa.europa.eu/en/domains/drones-air-mobility/drones-evtol-designs/drones-eu-operations/pr-366-ad405-spray,SRC-0427,France,Artech'Drone,Civilian / Commercial,Multirotor,EASA-listed for EU operations,1,UAV-90D117B647A5,AD405 Spray,2026-08-02T16:05:02+00:00
339,AD405PRO Tethered,EASA Drones for EU Operations,https://www.easa.europa.eu/en/domains/drones-air-mobility/drones-evtol-designs/drones-eu-operations/pr-641-ad405pro-tethered,SRC-0339,France,Artech'Drone,Civilian / Commercial,Multirotor,EASA-listed for EU operations,1,UAV-C7C06412DE8B,AD405PRO Tethered,2026-08-02T16:05:02+00:00
396,AD410,EASA Drones for EU Operations,https://www.easa.europa.eu/en/domains/drones-air-mobility/drones-evtol-designs/drones-eu-operations/pr-369-ad410,SRC-0396,France,Artech'Drone,Civilian / Commercial,Multirotor,EASA-listed for EU operations,1,UAV-D3EF59EE1498,AD410,2026-08-02T16:05:02+00:00
395,AD410 Spray,EASA Drones for EU Operations,https://www.easa.europa.eu/en/domains/drones-air-mobility/drones-evtol-designs/drones-eu-operations/pr-368-ad410-spray,SRC-0395,France,Artech'Drone,Civilian / Commercial,Multirotor,EASA-listed for EU operations,1,UAV-F7C3029ECC83,AD410 Spray,2026-08-02T16:05:02+00:00
391,AD420 Tethered,EASA Drones for EU Operations,https://www.easa.europa.eu/en/domains/drones-air-mobility/drones-evtol-designs/drones-eu-operations/pr-342-ad420-tethered,SRC-0391,France,Artech'Drone,Civilian / Commercial,Multirotor,EASA-listed for EU operations,1,UAV-D0AB66623485,AD420 Tethered,2026-08-02T16:05:02+00:00
334,AIR4 LIGHT,EASA Drones for EU Operations,https://www.easa.europa.eu/en/domains/drones-air-mobility/drones-evtol-designs/drones-eu-operations/pr-638-air4-light,SRC-0334,Germany,AIR6 SYSTEMS GmBH,Civilian / Commercial,Multirotor,EASA-listed for EU operations,1,UAV-64D6F1749FAE,AIR4 LIGHT,2026-08-02T16:05:02+00:00
335,AIR4 MICRO,EASA Drones for EU Operations,https://www.easa.europa.eu/en/domains/drones-air-mobility/drones-evtol-designs/drones-eu-operations/pr-639-air4-micro,SRC-0335,Germany,AIR6 SYSTEMS GmBH,Civilian / Commercial,Multirotor,EASA-listed for EU operations,1,UAV-BEEB8CC1FDF7,AIR4 MICRO,2026-08-02T16:05:02+00:00
336,AIR4 NANO,EASA Drones for EU Operations,https://www.easa.europa.eu/en/domains/drones-air-mobility/drones-evtol-designs/drones-eu-operations/pr-640-air4-nano,SRC-0336,Germany,AIR6 SYSTEMS GmBH,Civilian / Commercial,Multirotor,EASA-listed for EU operations,1,UAV-3E036F7B77C6,AIR4 NANO,2026-08-02T16:05:02+00:00
337,AIR4 NANO E,EASA Drones for EU Operations,https://www.easa.europa.eu/en/domains/drones-air-mobility/drones-evtol-designs/drones-eu-operations/pr-643-air4-nano-e,SRC-0337,Germany,AIR6 SYSTEMS GmBH,Civilian / Commercial,Multirotor,EASA-listed for EU operations,1,UAV-80701A29E9B9,AIR4 NANO E,2026-08-02T16:05:02+00:00
406,AIR4 RUGGED,EASA Drones for EU Operations,https://www.easa.europa.eu/en/domains/drones-air-mobility/drones-evtol-designs/drones-eu-operations/pr-541-air4-rugged,SRC-0406,Germany,AIR6 SYSTEMS GmBH,Civilian / Commercial,Multirotor,EASA-listed for EU operations,1,UAV-BE0FF479006B,AIR4 RUGGED,2026-08-02T16:05:02+00:00
338,AIR8 COMPACT,EASA Drones for EU Operations,https://www.easa.europa.eu/en/domains/drones-air-mobility/drones-evtol-designs/drones-eu-operations/pr-584-air8-compact,SRC-0338,Germany,AIR6 SYSTEMS GmBH,Civilian / Commercial,Multirotor,EASA-listed for EU operations,1,UAV-5D3D13F163DC,AIR8 COMPACT,2026-08-02T16:05:02+00:00
418,AIR8 MEDIUM LIFTER,EASA Drones for EU Operations,https://www.easa.europa.eu/en/domains/drones-air-mobility/drones-evtol-designs/drones-eu-operations/pr-478-air8-medium-lifter,SRC-0418,Germany,AIR6 SYSTEMS GmBH,Civilian / Commercial,Multirotor,EASA-listed for EU operations,1,UAV-1AECFA8683E4,AIR8 MEDIUM LIFTER,2026-08-02T16:05:02+00:00
314,AQUILA,EASA Drones for EU Operations,https://www.easa.europa.eu/en/domains/drones-air-mobility/drones-evtol-designs/drones-eu-operations/pr-318-al-200f,SRC-0314,South Korea,"ARGOSDYNE Co., Ltd.",Civilian / Commercial,Multirotor,EASA-listed for EU operations,1,UAV-8849055830A7,AQUILA,2026-08-02T16:05:02+00:00
316,AQUILA3,EASA Drones for EU Operations,https://www.easa.europa.eu/en/domains/drones-air-mobility/drones-evtol-designs/drones-eu-operations/pr-396-al-300fm,SRC-0316,South Korea,"ARGOSDYNE Co., Ltd.",Civilian / Commercial,Multirotor,EASA-listed for EU operations,1,UAV-F814796D1C6F,AQUILA3,2026-08-02T16:05:02+00:00
356,ARES,EASA Drones for EU Operations,https://www.easa.europa.eu/en/domains/drones-air-mobility/drones-evtol-designs/drones-eu-operations/pr-88-ares,SRC-0356,France,OBJECTIF DRONE PRODUCTION,Civilian / Commercial,Multirotor,EASA-listed for EU operations,1,UAV-B1D2FB9E3B13,ARES,2026-08-02T16:05:02+00:00
357,ATLAS,EASA Drones for EU Operations,https://www.easa.europa.eu/en/domains/drones-air-mobility/drones-evtol-designs/drones-eu-operations/pr-93-atlas,SRC-0357,France,OBJECTIF DRONE PRODUCTION,Civilian / Commercial,Multirotor,EASA-listed for EU operations,1,UAV-ECE8F46BF734,ATLAS,2026-08-02T16:05:02+00:00
328,ATOM,EASA Drones for EU Operations,https://www.easa.europa.eu/en/domains/drones-air-mobility/drones-evtol-designs/drones-eu-operations/pr-71-dsdr04c,SRC-0328,China,"Shenzhen Potensic Intelligent Co., Ltd",Civilian / Commercial,Multirotor,EASA-listed for EU operations,1,UAV-C6F57180E462,ATOM,2026-08-02T16:05:02+00:00
325,ATOM 2,EASA Drones for EU Operations,https://www.easa.europa.eu/en/domains/drones-air-mobility/drones-evtol-designs/drones-eu-operations/pr-252-dsdr23a,SRC-0325,China,"Shenzhen Potensic Intelligent Co., Ltd",Civilian / Commercial,Multirotor,EASA-listed for EU operations,1,UAV-C7B9277BCF3C,ATOM 2,2026-08-02T16:05:02+00:00
326,ATOM 3,EASA Drones for EU Operations,https://www.easa.europa.eu/en/domains/drones-air-mobility/drones-evtol-designs/drones-eu-operations/pr-670-dsdr24a,SRC-0326,China,"Shenzhen Potensic Intelligent Co., Ltd",Civilian / Commercial,Multirotor,EASA-listed for EU operations,1,UAV-6D9017837455,ATOM 3,2026-08-02T16:05:02+00:00
330,ATOM LT,EASA Drones for EU Operations,https://www.easa.europa.eu/en/domains/drones-air-mobility/drones-evtol-designs/drones-eu-operations/pr-78-dsdr04d,SRC-0330,China,"Shenzhen Potensic Intelligent Co., Ltd",Civilian / Commercial,Multirotor,EASA-listed for EU operations,1,UAV-60AC1B9A2B2F,ATOM LT,2026-08-02T16:05:02+00:00
329,ATOM SE,EASA Drones for EU Operations,https://www.easa.europa.eu/en/domains/drones-air-mobility/drones-evtol-designs/drones-eu-operations/pr-72-dsdr04b,SRC-0329,China,"Shenzhen Potensic Intelligent Co., Ltd",Civilian / Commercial,Multirotor,EASA-listed for EU operations,1,UAV-966E20CEE5F4,ATOM SE,2026-08-02T16:05:02+00:00
436,AVSS PRS-M350EX,EASA Drones for EU Operations,https://www.easa.europa.eu/en/domains/drones-air-mobility/drones-evtol-designs/drones-eu-operations/pr-190-avss-prs-m350ex,SRC-0436,Canada,AVSS - Aerial Vehicle Safety Solutions Inc.,Civilian / Commercial,Multirotor,EASA-listed for EU operations,1,UAV-A136720C0E92,AVSS PRS-M350EX,2026-08-02T16:05:02+00:00
435,AVSS PRS-M3DTEX,EASA Drones for EU Operations,https://www.easa.europa.eu/en/domains/drones-air-mobility/drones-evtol-designs/drones-eu-operations/pr-189-avss-prs-m3dtex,SRC-0435,Canada,AVSS - Aerial Vehicle Safety Solutions Inc.,Civilian / Commercial,Multirotor,EASA-listed for EU operations,1,UAV-6DCCE74593B5,AVSS PRS-M3DTEX,2026-08-02T16:05:02+00:00
373,Aerobotic Spray-L,EASA Drones for EU Operations,https://www.easa.europa.eu/en/domains/drones-air-mobility/drones-evtol-designs/drones-eu-operations/pr-178-aerobotic-spray-l,SRC-0373,France,Aeotic,Civilian / Commercial,EU-listed drone,EASA-listed for EU operations,1,UAV-D901CDE99CD1,Aerobotic Spray-L,2026-08-02T16:05:02+00:00
405,Antigravity A1 Infinity Bundle,EASA Drones for EU Operations,https://www.easa.europa.eu/en/domains/drones-air-mobility/drones-evtol-designs/drones-eu-operations/pr-538-de001,SRC-0405,Singapore,Yingling Innovations Pte. Ltd.,Civilian / Commercial,Multirotor,EASA-listed for EU operations,1,UAV-BDC5A62CC76E,Antigravity A1 Infinity Bundle,2026-08-02T16:05:02+00:00
407,Antigravity A1 Standard Bundle/Antigravity A1 Explorer Bundle,EASA Drones for EU Operations,https://www.easa.europa.eu/en/domains/drones-air-mobility/drones-evtol-designs/drones-eu-operations/pr-546-de001,SRC-0407,Singapore,Yingling Innovations Pte. Ltd.,Civilian / Commercial,Multirotor,EASA-listed for EU operations,1,UAV-1A46B94812DD,Antigravity A1 Standard Bundle,2026-08-02T16:05:02+00:00
313,C5 Eurosafe Matrice 400,EASA Drones for EU Operations,https://www.easa.europa.eu/en/domains/drones-air-mobility/drones-evtol-designs/drones-eu-operations/pr-2627-c5-eurosafe-matrice-400,SRC-0313,China,"EUROSAFE SYSTEMS, S.L.",Civilian / Commercial,Multirotor,EASA-listed for EU operations,1,UAV-84559C7A1482,C5 Eurosafe Matrice 400,2026-08-02T16:05:02+00:00
320,C5 Eurosafe Matrice 4D,EASA Drones for EU Operations,https://www.easa.europa.eu/en/domains/drones-air-mobility/drones-evtol-designs/drones-eu-operations/pr-677-c5-eurosafe-matrice-4d,SRC-0320,China,"EUROSAFE SYSTEMS, S.L.",Civilian / Commercial,Multirotor,EASA-listed for EU operations,1,UAV-2D6420C887D1,C5 Eurosafe Matrice 4D,2026-08-02T16:05:02+00:00
408,C5 Eurosafe Matrice 4E,EASA Drones for EU Operations,https://www.easa.europa.eu/en/domains/drones-air-mobility/drones-evtol-designs/drones-eu-operations/pr-547-c5-eurosafe-matrice-4e,SRC-0408,China,"EUROSAFE SYSTEMS, S.L.",Civilian / Commercial,Multirotor,EASA-listed for EU operations,1,UAV-B2219B3DEA49,C5 Eurosafe Matrice 4E,2026-08-02T16:05:02+00:00
410,C5 Eurosafe Matrice 4T,EASA Drones for EU Operations,https://www.easa.europa.eu/en/domains/drones-air-mobility/drones-evtol-designs/drones-eu-operations/pr-549-c5-eurosafe-matrice-4t,SRC-0410,China,"EUROSAFE SYSTEMS, S.L.",Civilian / Commercial,Multirotor,EASA-listed for EU operations,1,UAV-4D58C66A71B7,C5 Eurosafe Matrice 4T,2026-08-02T16:05:02+00:00
321,C5 Eurosafe Matrice 4TD,EASA Drones for EU Operations,https://www.easa.europa.eu/en/domains/drones-air-mobility/drones-evtol-designs/drones-eu-operations/pr-678-c5-eurosafe-matrice-4td,SRC-0321,China,"EUROSAFE SYSTEMS, S.L.",Civilian / Commercial,Multirotor,EASA-listed for EU operations,1,UAV-AE02E4751360,C5 Eurosafe Matrice 4TD,2026-08-02T16:05:02+00:00
383,C5 Eurosafe Mavic 3,EASA Drones for EU Operations,https://www.easa.europa.eu/en/domains/drones-air-mobility/drones-evtol-designs/drones-eu-operations/pr-568-c5-eurosafe-mavic-3,SRC-0383,China,"EUROSAFE SYSTEMS, S.L.",Civilian / Commercial,Multirotor,EASA-listed for EU operations,1,UAV-E7715E338694,C5 Eurosafe Mavic 3,2026-08-02T16:05:02+00:00
404,C5 Eurosafe Mavic 3 Cine,EASA Drones for EU Operations,https://www.easa.europa.eu/en/domains/drones-air-mobility/drones-evtol-designs/drones-eu-operations/pr-532-c5-eurosafe-mavic-3,SRC-0404,China,"EUROSAFE SYSTEMS, S.L.",Civilian / Commercial,Multirotor,EASA-listed for EU operations,1,UAV-17D8FB0C38E0,C5 Eurosafe Mavic 3 Cine,2026-08-02T16:05:02+00:00
403,C5 Eurosafe Mavic 3 Classic,EASA Drones for EU Operations,https://www.easa.europa.eu/en/domains/drones-air-mobility/drones-evtol-designs/drones-eu-operations/pr-531-c5-eurosafe-mavic-3,SRC-0403,China,"EUROSAFE SYSTEMS, S.L.",Civilian / Commercial,Multirotor,EASA-listed for EU operations,1,UAV-AAA6EDE2A35A,C5 Eurosafe Mavic 3 Classic,2026-08-02T16:05:02+00:00
402,C5 Eurosafe Mavic 3 Pro,EASA Drones for EU Operations,https://www.easa.europa.eu/en/domains/drones-air-mobility/drones-evtol-designs/drones-eu-operations/pr-530-c5-eurosafe-mavic-3,SRC-0402,China,"EUROSAFE SYSTEMS, S.L.",Civilian / Commercial,Multirotor,EASA-listed for EU operations,1,UAV-CA28A6F8B44F,C5 Eurosafe Mavic 3 Pro,2026-08-02T16:05:02+00:00
384,C5 Eurosafe Mavic 3 Pro Cine,EASA Drones for EU Operations,https://www.easa.europa.eu/en/domains/drones-air-mobility/drones-evtol-designs/drones-eu-operations/pr-569-c5-eurosafe-mavic-3,SRC-0384,China,"EUROSAFE SYSTEMS, S.L.",Civilian / Commercial,Multirotor,EASA-listed for EU operations,1,UAV-467D12F65D76,C5 Eurosafe Mavic 3 Pro Cine,2026-08-02T16:05:02+00:00
422,C5 Eurosafe Mavic 3E,EASA Drones for EU Operations,https://www.easa.europa.eu/en/domains/drones-air-mobility/drones-evtol-designs/drones-eu-operations/pr-405-c5-eurosafe-mavic-3e,SRC-0422,China,"EUROSAFE SYSTEMS, S.L.",Civilian / Commercial,Multirotor,EASA-listed for EU operations,1,UAV-3BFD1FA1BE0B,C5 Eurosafe Mavic 3E,2026-08-02T16:05:02+00:00
424,C5 Eurosafe Mavic 3M,EASA Drones for EU Operations,https://www.easa.europa.eu/en/domains/drones-air-mobility/drones-evtol-designs/drones-eu-operations/pr-407-c5-eurosafe-mavic-3m,SRC-0424,China,"EUROSAFE SYSTEMS, S.L.",Civilian / Commercial,Multirotor,EASA-listed for EU operations,1,UAV-22BCB4826767,C5 Eurosafe Mavic 3M,2026-08-02T16:05:02+00:00
423,C5 Eurosafe Mavic 3T,EASA Drones for EU Operations,https://www.easa.europa.eu/en/domains/drones-air-mobility/drones-evtol-designs/drones-eu-operations/pr-406-c5-eurosafe-mavic-3t,SRC-0423,China,"EUROSAFE SYSTEMS, S.L.",Civilian / Commercial,Multirotor,EASA-listed for EU operations,1,UAV-3774D0BB75B7,C5 Eurosafe Mavic 3T,2026-08-02T16:05:02+00:00
358,CHRONOS,EASA Drones for EU Operations,https://www.easa.europa.eu/en/domains/drones-air-mobility/drones-evtol-designs/drones-eu-operations/pr-94-chronos,SRC-0358,France,OBJECTIF DRONE PRODUCTION,Civilian / Commercial,Multirotor,EASA-listed for EU operations,1,UAV-51531E3FD612,CHRONOS,2026-08-02T16:05:02+00:00
359,CHRONOS MINI,EASA Drones for EU Operations,https://www.easa.europa.eu/en/domains/drones-air-mobility/drones-evtol-designs/drones-eu-operations/pr-95-chronos-mini,SRC-0359,France,OBJECTIF DRONE PRODUCTION,Civilian / Commercial,Multirotor,EASA-listed for EU operations,1,UAV-8037F57BCA5C,CHRONOS MINI,2026-08-02T16:05:02+00:00
331,CK23VE SW C6,EASA Drones for EU Operations,https://www.easa.europa.eu/en/domains/drones-air-mobility/drones-evtol-designs/drones-eu-operations/pr-264-ck23ve-sw-c6,SRC-0331,France,CAVOK UAS,Civilian / Commercial,Fixed wing,EASA-listed for EU operations,1,UAV-A816AE4B9BB2,CK23VE SW C6,2026-08-02T16:05:02+00:00
332,CK25 C5/C6,EASA Drones for EU Operations,https://www.easa.europa.eu/en/domains/drones-air-mobility/drones-evtol-designs/drones-eu-operations/pr-337-ck25-c5c6,SRC-0332,France,CAVOK UAS,Civilian / Commercial,Multirotor,EASA-listed for EU operations,1,UAV-B12CF8568969,CK25 C5,2026-08-02T16:05:02+00:00
360,CK4 C5/C6,EASA Drones for EU Operations,https://www.easa.europa.eu/en/domains/drones-air-mobility/drones-evtol-designs/drones-eu-operations/pr-561-ck4-c5c6,SRC-0360,France,CAVOK UAS,Civilian / Commercial,Multirotor,EASA-listed for EU operations,1,UAV-5FF3218863C7,CK4 C5,2026-08-02T16:05:02+00:00
333,CK7-2 C6,EASA Drones for EU Operations,https://www.easa.europa.eu/en/domains/drones-air-mobility/drones-evtol-designs/drones-eu-operations/pr-586-ck7-c6,SRC-0333,France,CAVOK UAS,Civilian / Commercial,Fixed wing,EASA-listed for EU operations,1,UAV-0B9369C4DF2D,CK7-2 C6,2026-08-02T16:05:02+00:00
346,CK9 C5/C6,EASA Drones for EU Operations,https://www.easa.europa.eu/en/domains/drones-air-mobility/drones-evtol-designs/drones-eu-operations/pr-560-ck9-c5c6,SRC-0346,France,CAVOK UAS,Civilian / Commercial,Multirotor,EASA-listed for EU operations,1,UAV-C5AC8D48857E,CK9 C5,2026-08-02T16:05:02+00:00
388,DEN-S,EASA Drones for EU Operations,https://www.easa.europa.eu/en/domains/drones-air-mobility/drones-evtol-designs/drones-eu-operations/pr-435-den-s,SRC-0388,France,Artech'Drone,Civilian / Commercial,Multirotor,EASA-listed for EU operations,1,UAV-8F92B41D6121,DEN-S,2026-08-02T16:05:02+00:00
387,DEN-S Spray,EASA Drones for EU Operations,https://www.easa.europa.eu/en/domains/drones-air-mobility/drones-evtol-designs/drones-eu-operations/pr-433-den-s-spray,SRC-0387,France,Artech'Drone,Civilian / Commercial,Multirotor,EASA-listed for EU operations,1,UAV-900D39AA89D3,DEN-S Spray,2026-08-02T16:05:02+00:00
431,DJI AIR 3S,EASA Drones for EU Operations,https://www.easa.europa.eu/en/domains/drones-air-mobility/drones-evtol-designs/drones-eu-operations/pr-232-cz3scl,SRC-0431,China,DJI GmbH,Civilian / Commercial,Multirotor,EASA-listed for EU operations,1,UAV-053AFA577E6C,DJI AIR 3S,2026-08-02T16:05:02+00:00
447,DJI Air 2S,EASA Drones for EU Operations,https://www.easa.europa.eu/en/domains/drones-air-mobility/drones-evtol-designs/drones-eu-operations/pr-49-da2sue1a,SRC-0447,China,DJI GmbH,Civilian / Commercial,Multirotor,EASA-listed for EU operations,1,UAV-09C611969BB5,DJI Air 2S,2026-08-02T16:05:02+00:00
453,DJI Air 3,EASA Drones for EU Operations,https://www.easa.europa.eu/en/domains/drones-air-mobility/drones-evtol-designs/drones-eu-operations/pr-36-eb3wbc,SRC-0453,China,DJI GmbH,Civilian / Commercial,Multirotor,EASA-listed for EU operations,1,UAV-11D60BB57704,DJI Air 3,2026-08-02T16:05:02+00:00
448,DJI Avata 2,EASA Drones for EU Operations,https://www.easa.europa.eu/en/domains/drones-air-mobility/drones-evtol-designs/drones-eu-operations/pr-48-qf3w4k,SRC-0448,China,DJI GmbH,Civilian / Commercial,Multirotor,EASA-listed for EU operations,1,UAV-86FC68A8B502,DJI Avata 2,2026-08-02T16:05:02+00:00
322,DJI Avata 360,EASA Drones for EU Operations,https://www.easa.europa.eu/en/domains/drones-air-mobility/drones-evtol-designs/drones-eu-operations/pr-652-dvn3nt,SRC-0322,China,DJI GmbH,Civilian / Commercial,Multirotor,EASA-listed for EU operations,1,UAV-CB7D1BCDF715,DJI Avata 360,2026-08-02T16:05:02+00:00
426,DJI Dock 3 and Matrice 4D Series,EASA Drones for EU Operations,https://www.easa.europa.eu/en/domains/drones-air-mobility/drones-evtol-designs/drones-eu-operations/pr-349-m4d,SRC-0426,China,DJI GmbH,Civilian / Commercial,Multirotor,EASA-listed for EU operations,1,UAV-6D119AB25726,DJI Dock 3 and Matrice 4D Series,2026-08-02T16:05:02+00:00
421,DJI Flip,EASA Drones for EU Operations,https://www.easa.europa.eu/en/domains/drones-air-mobility/drones-evtol-designs/drones-eu-operations/pr-377-dji-flip,SRC-0421,China,DJI GmbH,Civilian / Commercial,EU-listed drone,EASA-listed for EU operations,1,UAV-B77E471369FF,DJI Flip,2026-08-02T16:05:02+00:00
446,DJI Inspire 3,EASA Drones for EU Operations,https://www.easa.europa.eu/en/domains/drones-air-mobility/drones-evtol-designs/drones-eu-operations/pr-92-t740,SRC-0446,China,DJI GmbH,Civilian / Commercial,Multirotor,EASA-listed for EU operations,1,UAV-E60F86F63DAE,DJI Inspire 3,2026-08-02T16:05:02+00:00
324,DJI Lito 1,EASA Drones for EU Operations,https://www.easa.europa.eu/en/domains/drones-air-mobility/drones-evtol-designs/drones-eu-operations/pr-656-dgn12c,SRC-0324,China,DJI GmbH,Civilian / Commercial,Multirotor,EASA-listed for EU operations,1,UAV-DF60461D71A5,DJI Lito 1,2026-08-02T16:05:02+00:00
323,DJI Lito X1,EASA Drones for EU Operations,https://www.easa.europa.eu/en/domains/drones-air-mobility/drones-evtol-designs/drones-eu-operations/pr-654-dgp14c,SRC-0323,China,DJI GmbH,Civilian / Commercial,Multirotor,EASA-listed for EU operations,1,UAV-9EFA009B4E58,DJI Lito X1,2026-08-02T16:05:02+00:00
451,DJI MAVIC 3 Cine V2.0,EASA Drones for EU Operations,https://www.easa.europa.eu/en/domains/drones-air-mobility/drones-evtol-designs/drones-eu-operations/pr-38-l2pa,SRC-0451,China,DJI GmbH,Civilian / Commercial,Multirotor,EASA-listed for EU operations,1,UAV-415FFB33640B,DJI MAVIC 3 Cine V2.0,2026-08-02T16:05:02+00:00
450,DJI MAVIC 3 Classic,EASA Drones for EU Operations,https://www.easa.europa.eu/en/domains/drones-air-mobility/drones-evtol-designs/drones-eu-operations/pr-46-l2c,SRC-0450,China,DJI GmbH,Civilian / Commercial,Multirotor,EASA-listed for EU operations,1,UAV-279BBF7B0B98,DJI MAVIC 3 Classic,2026-08-02T16:05:02+00:00
452,DJI MAVIC 3 V2.0,EASA Drones for EU Operations,https://www.easa.europa.eu/en/domains/drones-air-mobility/drones-evtol-designs/drones-eu-operations/pr-37-l2aa,SRC-0452,China,DJI GmbH,Civilian / Commercial,Multirotor,EASA-listed for EU operations,1,UAV-E71A7CF4DA66,DJI MAVIC 3 V2.0,2026-08-02T16:05:02+00:00
386,DJI MAVIC 3E EU,EASA Drones for EU Operations,https://www.easa.europa.eu/en/domains/drones-air-mobility/drones-evtol-designs/drones-eu-operations/pr-43-m3e-eu,SRC-0386,China,DJI GmbH,Civilian / Commercial,EU-listed drone,EASA-listed for EU operations,1,UAV-39D42AE89532,DJI MAVIC 3E EU,2026-08-02T16:05:02+00:00
390,DJI MAVIC 3M EU,EASA Drones for EU Operations,https://www.easa.europa.eu/en/domains/drones-air-mobility/drones-evtol-designs/drones-eu-operations/pr-45-m3m-eu,SRC-0390,China,DJI GmbH,Civilian / Commercial,Multirotor,EASA-listed for EU operations,1,UAV-71C5F1B54DDE,DJI MAVIC 3M EU,2026-08-02T16:05:02+00:00
389,DJI MAVIC 3T EU,EASA Drones for EU Operations,https://www.easa.europa.eu/en/domains/drones-air-mobility/drones-evtol-designs/drones-eu-operations/pr-44-m3t-eu,SRC-0389,China,DJI GmbH,Civilian / Commercial,Multirotor,EASA-listed for EU operations,1,UAV-E2452621CA07,DJI MAVIC 3T EU,2026-08-02T16:05:02+00:00
312,DJI Matrice 400,EASA Drones for EU Operations,https://www.easa.europa.eu/en/domains/drones-air-mobility/drones-evtol-designs/drones-eu-operations/pr-376-matrice-400,SRC-0312,China,DJI GmbH,Civilian / Commercial,Multirotor,EASA-listed for EU operations,1,UAV-03928F0B790D,DJI Matrice 400,2026-08-02T16:05:02+00:00
310,DJI Matrice 4D,EASA Drones for EU Operations,https://www.easa.europa.eu/en/domains/drones-air-mobility/drones-evtol-designs/drones-eu-operations/pr-682-m4d,SRC-0310,China,DJI GmbH,Civilian / Commercial,Multirotor,EASA-listed for EU operations,1,UAV-DEBE3819F6CF,DJI Matrice 4D,2026-08-02T16:05:02+00:00
392,DJI Matrice 4E,EASA Drones for EU Operations,https://www.easa.europa.eu/en/domains/drones-air-mobility/drones-evtol-designs/drones-eu-operations/pr-356-m4e,SRC-0392,China,DJI GmbH,Civilian / Commercial,Multirotor,EASA-listed for EU operations,1,UAV-801F5538D561,DJI Matrice 4E,2026-08-02T16:05:02+00:00
393,DJI Matrice 4T,EASA Drones for EU Operations,https://www.easa.europa.eu/en/domains/drones-air-mobility/drones-evtol-designs/drones-eu-operations/pr-357-m4t,SRC-0393,China,DJI GmbH,Civilian / Commercial,Multirotor,EASA-listed for EU operations,1,UAV-CDFE02C7C465,DJI Matrice 4T,2026-08-02T16:05:02+00:00
311,DJI Matrice 4TD,EASA Drones for EU Operations,https://www.easa.europa.eu/en/domains/drones-air-mobility/drones-evtol-designs/drones-eu-operations/pr-683-m4td,SRC-0311,China,DJI GmbH,Civilian / Commercial,Multirotor,EASA-listed for EU operations,1,UAV-62486A696D98,DJI Matrice 4TD,2026-08-02T16:05:02+00:00
432,DJI Mavic 3 Pro,EASA Drones for EU Operations,https://www.easa.europa.eu/en/domains/drones-air-mobility/drones-evtol-designs/drones-eu-operations/pr-90-l2s,SRC-0432,China,DJI GmbH,Civilian / Commercial,Multirotor,EASA-listed for EU operations,1,UAV-6D2808925AFD,DJI Mavic 3 Pro,2026-08-02T16:05:02+00:00
433,DJI Mavic 3 Pro Cine,EASA Drones for EU Operations,https://www.easa.europa.eu/en/domains/drones-air-mobility/drones-evtol-designs/drones-eu-operations/pr-91-l2e,SRC-0433,China,DJI GmbH,Civilian / Commercial,Multirotor,EASA-listed for EU operations,1,UAV-3229B7E31701,DJI Mavic 3 Pro Cine,2026-08-02T16:05:02+00:00
425,DJI Mavic 4 Pro,EASA Drones for EU Operations,https://www.easa.europa.eu/en/domains/drones-air-mobility/drones-evtol-designs/drones-eu-operations/pr-345-l3a,SRC-0425,China,DJI GmbH,Civilian / Commercial,Multirotor,EASA-listed for EU operations,1,UAV-789580914BC1,DJI Mavic 4 Pro,2026-08-02T16:05:02+00:00
454,DJI Mini 2 SE,EASA Drones for EU Operations,https://www.easa.europa.eu/en/domains/drones-air-mobility/drones-evtol-designs/drones-eu-operations/pr-31-mt2sd,SRC-0454,China,DJI GmbH,Civilian / Commercial,Multirotor,EASA-listed for EU operations,1,UAV-D377C2F1FBED,DJI Mini 2 SE,2026-08-02T16:05:02+00:00
412,DJI Mini 3,EASA Drones for EU Operations,https://www.easa.europa.eu/en/domains/drones-air-mobility/drones-evtol-designs/drones-eu-operations/pr-418-mt3pd,SRC-0412,China,DJI GmbH,Civilian / Commercial,Multirotor,EASA-listed for EU operations,1,UAV-2276FC3A35FC,DJI Mini 3,2026-08-02T16:05:02+00:00
449,DJI Mini 4 Pro Fly More Combo,EASA Drones for EU Operations,https://www.easa.europa.eu/en/domains/drones-air-mobility/drones-evtol-designs/drones-eu-operations/pr-35-mt4mfvd,SRC-0449,China,DJI GmbH,Civilian / Commercial,Multirotor,EASA-listed for EU operations,1,UAV-D1B06091893E,DJI Mini 4 Pro Fly More Combo,2026-08-02T16:05:02+00:00
309,DJI Mini 5 Pro,EASA Drones for EU Operations,https://www.easa.europa.eu/en/domains/drones-air-mobility/drones-evtol-designs/drones-eu-operations/pr-425-mt5mfnd,SRC-0309,China,DJI GmbH,Civilian / Commercial,Multirotor,EASA-listed for EU operations,1,UAV-4655BBFE1B9C,DJI Mini 5 Pro,2026-08-02T16:05:02+00:00
437,DJI Neo,EASA Drones for EU Operations,https://www.easa.europa.eu/en/domains/drones-air-mobility/drones-evtol-designs/drones-eu-operations/pr-134-dn1a0626,SRC-0437,China,DJI GmbH,Civilian / Commercial,Multirotor,EASA-listed for EU operations,1,UAV-DB521FA9FAFD,DJI Neo,2026-08-02T16:05:02+00:00
420,DJI Neo 2,EASA Drones for EU Operations,https://www.easa.europa.eu/en/domains/drones-air-mobility/drones-evtol-designs/drones-eu-operations/pr-490-den225,SRC-0420,China,DJI GmbH,Civilian / Commercial,Multirotor,EASA-listed for EU operations,1,UAV-E4DD4E76D07C,DJI Neo 2,2026-08-02T16:05:02+00:00
366,Delair UX 11 Caméra AG,EASA Drones for EU Operations,https://www.easa.europa.eu/en/domains/drones-air-mobility/drones-evtol-designs/drones-eu-operations/pr-86-ux11-ag-c6,SRC-0366,France,DELAIR,Civilian / Commercial,Fixed wing,EASA-listed for EU operations,1,UAV-6772BF72DBA7,Delair UX 11 Caméra AG,2026-08-02T16:05:02+00:00
367,Delair UX11 Caméra IR,EASA Drones for EU Operations,https://www.easa.europa.eu/en/domains/drones-air-mobility/drones-evtol-designs/drones-eu-operations/pr-99-ux11-ir-c6,SRC-0367,France,DELAIR,Civilian / Commercial,Fixed wing,EASA-listed for EU operations,1,UAV-F19F2C4C6E1C,Delair UX11 Caméra IR,2026-08-02T16:05:02+00:00
368,Delair UX11 Caméra RGB,EASA Drones for EU Operations,https://www.easa.europa.eu/en/domains/drones-air-mobility/drones-evtol-designs/drones-eu-operations/pr-100-ux11-rgb-c6,SRC-0368,France,DELAIR,Civilian / Commercial,Fixed wing,EASA-listed for EU operations,1,UAV-CC1739F6B9D7,Delair UX11 Caméra RGB,2026-08-02T16:05:02+00:00
369,Delair UX11 Longue Elongation Caméra AG,EASA Drones for EU Operations,https://www.easa.europa.eu/en/domains/drones-air-mobility/drones-evtol-designs/drones-eu-operations/pr-101-ux11-ag-le,SRC-0369,France,DELAIR,Civilian / Commercial,Fixed wing,EASA-listed for EU operations,1,UAV-03DA6D4C1A1D,Delair UX11 Longue Elongation Caméra AG,2026-08-02T16:05:02+00:00
370,Delair UX11 Longue Elongation Caméra IR,EASA Drones for EU Operations,https://www.easa.europa.eu/en/domains/drones-air-mobility/drones-evtol-designs/drones-eu-operations/pr-102-ux11-ir-le,SRC-0370,France,DELAIR,Civilian / Commercial,Fixed wing,EASA-listed for EU operations,1,UAV-5737E965DF6D,Delair UX11 Longue Elongation Caméra IR,2026-08-02T16:05:02+00:00
371,Delair UX11 Longue Elongation Caméra RGB,EASA Drones for EU Operations,https://www.easa.europa.eu/en/domains/drones-air-mobility/drones-evtol-designs/drones-eu-operations/pr-103-ux11-rgb-le,SRC-0371,France,DELAIR,Civilian / Commercial,Fixed wing,EASA-listed for EU operations,1,UAV-EDCF9A5B5E2F,Delair UX11 Longue Elongation Caméra RGB,2026-08-02T16:05:02+00:00
372,Delair UX11-Longue Élongation Caméra IR Radiométrique,EASA Drones for EU Operations,https://www.easa.europa.eu/en/domains/drones-air-mobility/drones-evtol-designs/drones-eu-operations/pr-104-ux11-ir-radiometric,SRC-0372,France,DELAIR,Civilian / Commercial,Fixed wing,EASA-listed for EU operations,1,UAV-793F40DAB11C,Delair UX11-Longue Élongation Caméra IR Radiométrique,2026-08-02T16:05:02+00:00
376,FireHound | FH-0,EASA Drones for EU Operations,https://www.easa.europa.eu/en/domains/drones-air-mobility/drones-evtol-designs/drones-eu-operations/pr-262-vrfh25a,SRC-0376,Italy,Vector Robotics Srl,Civilian / Commercial,Fixed wing,EASA-listed for EU operations,1,UAV-4E2D2132C61D,FireHound | FH-0,2026-08-02T16:05:02+00:00
375,Guardian,EASA Drones for EU Operations,https://www.easa.europa.eu/en/domains/drones-air-mobility/drones-evtol-designs/drones-eu-operations/pr-261-vrgu25a,SRC-0375,Italy,Vector Robotics Srl,Civilian / Commercial,Fixed wing,EASA-listed for EU operations,1,UAV-8060AFDA5144,Guardian,2026-08-02T16:05:02+00:00
378,Guardian 4K,EASA Drones for EU Operations,https://www.easa.europa.eu/en/domains/drones-air-mobility/drones-evtol-designs/drones-eu-operations/pr-324-vrgu25b,SRC-0378,Italy,Vector Robotics Srl,Civilian / Commercial,Fixed wing,EASA-listed for EU operations,1,UAV-AB37D04809E9,Guardian 4K,2026-08-02T16:05:02+00:00
315,HIGHDRA,EASA Drones for EU Operations,https://www.easa.europa.eu/en/domains/drones-air-mobility/drones-evtol-designs/drones-eu-operations/pr-371-highdra,SRC-0315,Germany,Starcopter GmbH,Civilian / Commercial,Multirotor,EASA-listed for EU operations,1,UAV-7E9EE1D5F50B,HIGHDRA,2026-08-02T16:05:02+00:00
411,Hercules 20,EASA Drones for EU Operations,https://www.easa.europa.eu/en/domains/drones-air-mobility/drones-evtol-designs/drones-eu-operations/pr-559-hercules-20,SRC-0411,France,DRONE VOLT,Civilian / Commercial,Multirotor,EASA-listed for EU operations,1,UAV-3EA2634A228F,Hercules 20,2026-08-02T16:05:02+00:00
361,INNOVADRONE 410 SPECIAL,EASA Drones for EU Operations,https://www.easa.europa.eu/en/domains/drones-air-mobility/drones-evtol-designs/drones-eu-operations/pr-587-innovadrone-410,SRC-0361,France,INNOVADRONE LLC,Civilian / Commercial,Multirotor,EASA-listed for EU operations,1,UAV-A7D024BB9019,INNOVADRONE 410 SPECIAL,2026-08-02T16:05:02+00:00
341,Inspire 3 C5,EASA Drones for EU Operations,https://www.easa.europa.eu/en/domains/drones-air-mobility/drones-evtol-designs/drones-eu-operations/pr-238-inspire-3-c5,SRC-0341,China,DRONAVIA,Civilian / Commercial,Multirotor,EASA-listed for EU operations,1,UAV-1032FCDF7D47,Inspire 3 C5,2026-08-02T16:05:02+00:00
430,Inspire 3 Flysafe C5,EASA Drones for EU Operations,https://www.easa.europa.eu/en/domains/drones-air-mobility/drones-evtol-designs/drones-eu-operations/pr-314-inspire-3-flysafe-c5,SRC-0430,China,Flying Eye,Civilian / Commercial,Multirotor,EASA-listed for EU operations,1,UAV-B3ACF32AA3D6,Inspire 3 Flysafe C5,2026-08-02T16:05:02+00:00
363,Kobra,EASA Drones for EU Operations,https://www.easa.europa.eu/en/domains/drones-air-mobility/drones-evtol-designs/drones-eu-operations/pr-574-kobra,SRC-0363,France,DRONE VOLT,Civilian / Commercial,Multirotor,EASA-listed for EU operations,1,UAV-DA398AD78F3E,Kobra,2026-08-02T16:05:02+00:00
342,Kronos AD Matrice 30,EASA Drones for EU Operations,https://www.easa.europa.eu/en/domains/drones-air-mobility/drones-evtol-designs/drones-eu-operations/pr-353-kronos-ad-matrice-30,SRC-0342,China,DRONAVIA,Civilian / Commercial,Multirotor,EASA-listed for EU operations,1,UAV-94FCE0AD964F,Kronos AD Matrice 30,2026-08-02T16:05:02+00:00
343,Kronos AD Matrice 30T,EASA Drones for EU Operations,https://www.easa.europa.eu/en/domains/drones-air-mobility/drones-evtol-designs/drones-eu-operations/pr-354-kronos-ad-matrice-30t,SRC-0343,China,DRONAVIA,Civilian / Commercial,Multirotor,EASA-listed for EU operations,1,UAV-B916F9692BFC,Kronos AD Matrice 30T,2026-08-02T16:05:02+00:00
348,Kronos AD Matrice 4D,EASA Drones for EU Operations,https://www.easa.europa.eu/en/domains/drones-air-mobility/drones-evtol-designs/drones-eu-operations/pr-622-kronos-ad-matrice-4d,SRC-0348,China,DRONAVIA,Civilian / Commercial,Multirotor,EASA-listed for EU operations,1,UAV-E4A23FF4C4E4,Kronos AD Matrice 4D,2026-08-02T16:05:02+00:00
344,Kronos AD Matrice 4E,EASA Drones for EU Operations,https://www.easa.europa.eu/en/domains/drones-air-mobility/drones-evtol-designs/drones-eu-operations/pr-373-kronos-ad-matrice-4e,SRC-0344,China,DRONAVIA,Civilian / Commercial,Multirotor,EASA-listed for EU operations,1,UAV-9266CBC95ED4,Kronos AD Matrice 4E,2026-08-02T16:05:02+00:00
345,Kronos AD Matrice 4T,EASA Drones for EU Operations,https://www.easa.europa.eu/en/domains/drones-air-mobility/drones-evtol-designs/drones-eu-operations/pr-374-kronos-ad-matrice-4t,SRC-0345,China,DRONAVIA,Civilian / Commercial,Multirotor,EASA-listed for EU operations,1,UAV-50B77FF2F91E,Kronos AD Matrice 4T,2026-08-02T16:05:02+00:00
349,Kronos AD Matrice 4TD,EASA Drones for EU Operations,https://www.easa.europa.eu/en/domains/drones-air-mobility/drones-evtol-designs/drones-eu-operations/pr-623-kronos-ad-matrice-4td,SRC-0349,China,DRONAVIA,Civilian / Commercial,Multirotor,EASA-listed for EU operations,1,UAV-46C8AA0F6A68,Kronos AD Matrice 4TD,2026-08-02T16:05:02+00:00
353,Kronos AD Mavic 3 Pro,EASA Drones for EU Operations,https://www.easa.europa.eu/en/domains/drones-air-mobility/drones-evtol-designs/drones-eu-operations/pr-83-kronos-ad-mavic-3-pro,SRC-0353,China,DRONAVIA,Civilian / Commercial,Multirotor,EASA-listed for EU operations,1,UAV-AD1D9895DB16,Kronos AD Mavic 3 Pro,2026-08-02T16:05:02+00:00
354,Kronos AD Mavic 3 Pro Cine,EASA Drones for EU Operations,https://www.easa.europa.eu/en/domains/drones-air-mobility/drones-evtol-designs/drones-eu-operations/pr-85-kronos-ad-mavic-3-pro,SRC-0354,China,DRONAVIA,Civilian / Commercial,Multirotor,EASA-listed for EU operations,1,UAV-9F86A3224EC5,Kronos AD Mavic 3 Pro Cine,2026-08-02T16:05:02+00:00
350,Kronos AD Mavic 3E,EASA Drones for EU Operations,https://www.easa.europa.eu/en/domains/drones-air-mobility/drones-evtol-designs/drones-eu-operations/pr-80-kronos-ad-mavic-3e,SRC-0350,China,DRONAVIA,Civilian / Commercial,Multirotor,EASA-listed for EU operations,1,UAV-8938C9A037DA,Kronos AD Mavic 3E,2026-08-02T16:05:02+00:00
352,Kronos AD Mavic 3M,EASA Drones for EU Operations,https://www.easa.europa.eu/en/domains/drones-air-mobility/drones-evtol-designs/drones-eu-operations/pr-82-kronos-ad-mavic-3m,SRC-0352,China,DRONAVIA,Civilian / Commercial,Multirotor,EASA-listed for EU operations,1,UAV-6A7720F81B54,Kronos AD Mavic 3M,2026-08-02T16:05:02+00:00
351,Kronos AD Mavic 3T,EASA Drones for EU Operations,https://www.easa.europa.eu/en/domains/drones-air-mobility/drones-evtol-designs/drones-eu-operations/pr-81-kronos-ad-mavic-3t,SRC-0351,China,DRONAVIA,Civilian / Commercial,Multirotor,EASA-listed for EU operations,1,UAV-4D68155B275E,Kronos AD Mavic 3T,2026-08-02T16:05:02+00:00
347,Kronos AD Mavic 4 Pro,EASA Drones for EU Operations,https://www.easa.europa.eu/en/domains/drones-air-mobility/drones-evtol-designs/drones-eu-operations/pr-621-kronos-ad-mavic-4-pro,SRC-0347,China,DRONAVIA,Civilian / Commercial,Multirotor,EASA-listed for EU operations,1,UAV-023969022B6B,Kronos AD Mavic 4 Pro,2026-08-02T16:05:02+00:00
397,M30 EU,EASA Drones for EU Operations,https://www.easa.europa.eu/en/domains/drones-air-mobility/drones-evtol-designs/drones-eu-operations/pr-40-m30-rtk-eu,SRC-0397,Germany,DJI GmbH,Civilian / Commercial,Multirotor,EASA-listed for EU operations,1,UAV-B17E8409E998,M30 EU,2026-08-02T16:05:02+00:00
398,M30T EU,EASA Drones for EU Operations,https://www.easa.europa.eu/en/domains/drones-air-mobility/drones-evtol-designs/drones-eu-operations/pr-41-m30t-rtk-eu,SRC-0398,Germany,DJI GmbH,Civilian / Commercial,Multirotor,EASA-listed for EU operations,1,UAV-ED3273E8848C,M30T EU,2026-08-02T16:05:02+00:00
355,MANTA,EASA Drones for EU Operations,https://www.easa.europa.eu/en/domains/drones-air-mobility/drones-evtol-designs/drones-eu-operations/pr-375-manta,SRC-0355,France,OBJECTIF DRONE PRODUCTION,Civilian / Commercial,Multirotor,EASA-listed for EU operations,1,UAV-15CE05ECC41F,MANTA,2026-08-02T16:05:02+00:00
414,MARVIN-5-Mk.3-EC,EASA Drones for EU Operations,https://www.easa.europa.eu/en/domains/drones-air-mobility/drones-evtol-designs/drones-eu-operations/pr-457-marvin-5-mk3-ec,SRC-0414,Spain,FUVEX CIVIL SL,Civilian / Commercial,Multirotor,EASA-listed for EU operations,1,UAV-99A7BBD1B4E3,MARVIN-5-Mk.3-EC,2026-08-02T16:05:02+00:00
438,Matrice 30 Flysafe C5,EASA Drones for EU Operations,https://www.easa.europa.eu/en/domains/drones-air-mobility/drones-evtol-designs/drones-eu-operations/pr-140-matrice-30-flysafe-c5,SRC-0438,China,Flying Eye,Civilian / Commercial,Multirotor,EASA-listed for EU operations,1,UAV-1873737DE18C,Matrice 30 Flysafe C5,2026-08-02T16:05:02+00:00
439,Matrice 30T Flysafe c5,EASA Drones for EU Operations,https://www.easa.europa.eu/en/domains/drones-air-mobility/drones-evtol-designs/drones-eu-operations/pr-141-matrice-30t-flysafe-c5,SRC-0439,China,Flying Eye,Civilian / Commercial,Multirotor,EASA-listed for EU operations,1,UAV-9934639E84BE,Matrice 30T Flysafe c5,2026-08-02T16:05:02+00:00
385,Matrice 350 RTK,EASA Drones for EU Operations,https://www.easa.europa.eu/en/domains/drones-air-mobility/drones-evtol-designs/drones-eu-operations/pr-42-matrice-350,SRC-0385,China,DJI GmbH,Civilian / Commercial,Multirotor,EASA-listed for EU operations,1,UAV-5E73FD2B7018,Matrice 350 RTK,2026-08-02T16:05:02+00:00
340,Matrice 350 RTK C5,EASA Drones for EU Operations,https://www.easa.europa.eu/en/domains/drones-air-mobility/drones-evtol-designs/drones-eu-operations/pr-236-matrice-350-c5,SRC-0340,China,DRONAVIA,Civilian / Commercial,Multirotor,EASA-listed for EU operations,1,UAV-68C4CD8C19F9,Matrice 350 RTK C5,2026-08-02T16:05:02+00:00
442,Matrice 350 RTK Flysafe,EASA Drones for EU Operations,https://www.easa.europa.eu/en/domains/drones-air-mobility/drones-evtol-designs/drones-eu-operations/pr-120-matrice-350-rtk,SRC-0442,China,Flying Eye,Civilian / Commercial,Multirotor,EASA-listed for EU operations,1,UAV-C72F6DA02A24,Matrice 350 RTK Flysafe,2026-08-02T16:05:02+00:00
429,Matrice 4 Flysafe C5,EASA Drones for EU Operations,https://www.easa.europa.eu/en/domains/drones-air-mobility/drones-evtol-designs/drones-eu-operations/pr-326-matrice-4-flysafe-c5,SRC-0429,China,Flying Eye,Civilian / Commercial,Multirotor,EASA-listed for EU operations,1,UAV-44B01E9B37C1,Matrice 4 Flysafe C5,2026-08-02T16:05:02+00:00
409,Matrice 4D Flysafe C5,EASA Drones for EU Operations,https://www.easa.europa.eu/en/domains/drones-air-mobility/drones-evtol-designs/drones-eu-operations/pr-548-matrice-4d-flysafe-c5,SRC-0409,China,Flying Eye,Civilian / Commercial,Multirotor,EASA-listed for EU operations,1,UAV-89B9DD64FD70,Matrice 4D Flysafe C5,2026-08-02T16:05:02+00:00
428,Matrice 4T Flysafe C5,EASA Drones for EU Operations,https://www.easa.europa.eu/en/domains/drones-air-mobility/drones-evtol-designs/drones-eu-operations/pr-327-matrice-4t-flysafe-c5,SRC-0428,China,Flying Eye,Civilian / Commercial,Multirotor,EASA-listed for EU operations,1,UAV-58192873EC03,Matrice 4T Flysafe C5,2026-08-02T16:05:02+00:00
441,Mavic 3 Pro Cine Flysafe C5,EASA Drones for EU Operations,https://www.easa.europa.eu/en/domains/drones-air-mobility/drones-evtol-designs/drones-eu-operations/pr-173-mavic-3-pro-cine,SRC-0441,China,Flying Eye,Civilian / Commercial,Multirotor,EASA-listed for EU operations,1,UAV-3175E146ECAF,Mavic 3 Pro Cine Flysafe C5,2026-08-02T16:05:02+00:00
440,Mavic 3 Pro Flysafe C5,EASA Drones for EU Operations,https://www.easa.europa.eu/en/domains/drones-air-mobility/drones-evtol-designs/drones-eu-operations/pr-151-mavic-3-pro-flysafe-c5,SRC-0440,China,Flying Eye,Civilian / Commercial,Multirotor,EASA-listed for EU operations,1,UAV-8DEB5E594F4A,Mavic 3 Pro Flysafe C5,2026-08-02T16:05:02+00:00
443,Mavic 3E Flysafe,EASA Drones for EU Operations,https://www.easa.europa.eu/en/domains/drones-air-mobility/drones-evtol-designs/drones-eu-operations/pr-116-mavic-3e-flysafe,SRC-0443,China,Flying Eye,Civilian / Commercial,Multirotor,EASA-listed for EU operations,1,UAV-315701B7790D,Mavic 3E Flysafe,2026-08-02T16:05:02+00:00
445,Mavic 3M Flysafe,EASA Drones for EU Operations,https://www.easa.europa.eu/en/domains/drones-air-mobility/drones-evtol-designs/drones-eu-operations/pr-119-mavic-3m-flysafe,SRC-0445,China,Flying Eye,Civilian / Commercial,Multirotor,EASA-listed for EU operations,1,UAV-01334B19BC78,Mavic 3M Flysafe,2026-08-02T16:05:02+00:00
444,Mavic 3T Flysafe,EASA Drones for EU Operations,https://www.easa.europa.eu/en/domains/drones-air-mobility/drones-evtol-designs/drones-eu-operations/pr-118-mavic-3t-flysafe,SRC-0444,China,Flying Eye,Civilian / Commercial,Multirotor,EASA-listed for EU operations,1,UAV-84109C1A7F21,Mavic 3T Flysafe,2026-08-02T16:05:02+00:00
417,MéthoDrone Distribution,EASA Drones for EU Operations,https://www.easa.europa.eu/en/domains/drones-air-mobility/drones-evtol-designs/drones-eu-operations/pr-477-helios,SRC-0417,France,METHODRONE DISTRIBUTION,Civilian / Commercial,Multirotor,EASA-listed for EU operations,1,UAV-5595FF707B57,MéthoDrone Distribution,2026-08-02T16:05:02+00:00
434,NDN Electric Drone,EASA Drones for EU Operations,https://www.easa.europa.eu/en/domains/drones-air-mobility/drones-evtol-designs/drones-eu-operations/pr-202-ndn-electric-drone,SRC-0434,Finland,NOKIA SOLUTIONS AND NETWORKS OY,Civilian / Commercial,Multirotor,EASA-listed for EU operations,1,UAV-7E271331F64B,NDN Electric Drone,2026-08-02T16:05:02+00:00
318,NDN electric drone XLR,EASA Drones for EU Operations,https://www.easa.europa.eu/en/domains/drones-air-mobility/drones-evtol-designs/drones-eu-operations/pr-695-ndn-electric-drone-xlr,SRC-0318,Finland,NOKIA SOLUTIONS AND NETWORKS OY,Civilian / Commercial,Multirotor,EASA-listed for EU operations,1,UAV-2D9937F579CB,NDN electric drone XLR,2026-08-02T16:05:02+00:00
416,PRS-M4EX,EASA Drones for EU Operations,https://www.easa.europa.eu/en/domains/drones-air-mobility/drones-evtol-designs/drones-eu-operations/pr-467-avss-prs-m4ex,SRC-0416,Canada,AVSS - Aerial Vehicle Safety Solutions Inc.,Civilian / Commercial,Multirotor,EASA-listed for EU operations,1,UAV-C503C1DAEDDE,PRS-M4EX,2026-08-02T16:05:02+00:00
377,S-R,EASA Drones for EU Operations,https://www.easa.europa.eu/en/domains/drones-air-mobility/drones-evtol-designs/drones-eu-operations/pr-306-s-r,SRC-0377,France,Aeotic,Civilian / Commercial,Multirotor,EASA-listed for EU operations,1,UAV-D60746E3AEC7,S-R,2026-08-02T16:05:02+00:00
413,SERVICE2DRONE,EASA Drones for EU Operations,https://www.easa.europa.eu/en/domains/drones-air-mobility/drones-evtol-designs/drones-eu-operations/pr-456-titan-x4-c5,SRC-0413,France,"Thibaut, Bessard",Civilian / Commercial,Multirotor,EASA-listed for EU operations,1,UAV-176CA296E0F0,SERVICE2DRONE,2026-08-02T16:05:02+00:00
382,SERVIDRONE1000 C5 CAPTIF,EASA Drones for EU Operations,https://www.easa.europa.eu/en/domains/drones-air-mobility/drones-evtol-designs/drones-eu-operations/pr-424-servidrone1000-c5,SRC-0382,France,"Houssard, Francois",Civilian / Commercial,Multirotor,EASA-listed for EU operations,1,UAV-F2515E06359F,SERVIDRONE1000 C5 CAPTIF,2026-08-02T16:05:02+00:00
381,SERVIDRONE900C5 captif,EASA Drones for EU Operations,https://www.easa.europa.eu/en/domains/drones-air-mobility/drones-evtol-designs/drones-eu-operations/pr-423-servidrone900c5-captif,SRC-0381,France,"Houssard, Francois",Civilian / Commercial,Multirotor,EASA-listed for EU operations,1,UAV-5AD0CA204277,SERVIDRONE900C5 captif,2026-08-02T16:05:02+00:00
362,SURVEYOR,EASA Drones for EU Operations,https://www.easa.europa.eu/en/domains/drones-air-mobility/drones-evtol-designs/drones-eu-operations/pr-588-surveyor,SRC-0362,France,INNOVADRONE LLC,Civilian / Commercial,Multirotor,EASA-listed for EU operations,1,UAV-83499828853A,SURVEYOR,2026-08-02T16:05:02+00:00
364,SURVEYOR TETHERED,EASA Drones for EU Operations,https://www.easa.europa.eu/en/domains/drones-air-mobility/drones-evtol-designs/drones-eu-operations/pr-581-surveyor-tethered,SRC-0364,France,INNOVADRONE LLC,Civilian / Commercial,Multirotor,EASA-listed for EU operations,1,UAV-CA50AF8A988E,SURVEYOR TETHERED,2026-08-02T16:05:02+00:00
365,SURVEYOR XL TETHERED,EASA Drones for EU Operations,https://www.easa.europa.eu/en/domains/drones-air-mobility/drones-evtol-designs/drones-eu-operations/pr-583-surveyor-xl-tethered,SRC-0365,France,INNOVADRONE LLC,Civilian / Commercial,Multirotor,EASA-listed for EU operations,1,UAV-F8FEDD3ED5E3,SURVEYOR XL TETHERED,2026-08-02T16:05:02+00:00
319,SX1.2,EASA Drones for EU Operations,https://www.easa.europa.eu/en/domains/drones-air-mobility/drones-evtol-designs/drones-eu-operations/pr-8-sx12,SRC-0319,France,XSUN,Civilian / Commercial,Fixed wing,EASA-listed for EU operations,1,UAV-1FEBEA01B6EE,SX1.2,2026-08-02T16:05:02+00:00
379,Servidrone1000 C5,EASA Drones for EU Operations,https://www.easa.europa.eu/en/domains/drones-air-mobility/drones-evtol-designs/drones-eu-operations/pr-343-servidrone1000-c5,SRC-0379,France,"Houssard, Francois",Civilian / Commercial,Multirotor,EASA-listed for EU operations,1,UAV-ED0C66794A90,Servidrone1000 C5,2026-08-02T16:05:02+00:00
380,Servidrone900 C5,EASA Drones for EU Operations,https://www.easa.europa.eu/en/domains/drones-air-mobility/drones-evtol-designs/drones-eu-operations/pr-344-servidrone900-c5,SRC-0380,France,"Houssard, Francois",Civilian / Commercial,Multirotor,EASA-listed for EU operations,1,UAV-171866158B73,Servidrone900 C5,2026-08-02T16:05:02+00:00
327,Skydart5 C6,EASA Drones for EU Operations,https://www.easa.europa.eu/en/domains/drones-air-mobility/drones-evtol-designs/drones-eu-operations/pr-671-skydart5-c6,SRC-0327,France,CAVOK UAS,Civilian / Commercial,Fixed wing,EASA-listed for EU operations,1,UAV-A3C6EF3FECE2,Skydart5 C6,2026-08-02T16:05:02+00:00
374,Skyinnov AQ3F,EASA Drones for EU Operations,https://www.easa.europa.eu/en/domains/drones-air-mobility/drones-evtol-designs/drones-eu-operations/pr-254-aq3f,SRC-0374,France,Aeromapping Solutions t/a SKYINNOV,Civilian / Commercial,Multirotor,EASA-listed for EU operations,1,UAV-B7166E2052EE,Skyinnov AQ3F,2026-08-02T16:05:02+00:00
317,Swift,EASA Drones for EU Operations,https://www.easa.europa.eu/en/domains/drones-air-mobility/drones-evtol-designs/drones-eu-operations/pr-680-021-000-01,SRC-0317,Denmark,Upteko Aps,Civilian / Commercial,Multirotor,EASA-listed for EU operations,1,UAV-49DAB5697B64,Swift,2026-08-02T16:05:02+00:00
400,TUNDRA 2.1 C5 C6,EASA Drones for EU Operations,https://www.easa.europa.eu/en/domains/drones-air-mobility/drones-evtol-designs/drones-eu-operations/pr-526-tundra-21-c5-c6,SRC-0400,France,HEXADRONE,Civilian / Commercial,Multirotor,EASA-listed for EU operations,1,UAV-5339A7FD2752,TUNDRA 2.1 C5 C6,2026-08-02T16:05:02+00:00
401,TUNDRA 2.1 C6,EASA Drones for EU Operations,https://www.easa.europa.eu/en/domains/drones-air-mobility/drones-evtol-designs/drones-eu-operations/pr-527-tundra-21-c6,SRC-0401,France,HEXADRONE,Civilian / Commercial,Multirotor,EASA-listed for EU operations,1,UAV-CC6646A07F2B,TUNDRA 2.1 C6,2026-08-02T16:05:02+00:00
419,WingtraRAY,EASA Drones for EU Operations,https://www.easa.europa.eu/en/domains/drones-air-mobility/drones-evtol-designs/drones-eu-operations/pr-487-wingtraray,SRC-0419,Switzerland,WINGTRA AG,Civilian / Commercial,Fixed wing,EASA-listed for EU operations,1,UAV-B3E280E87F10,WingtraRAY,2026-08-02T16:05:02+00:00
415,X6 Mk.2,EASA Drones for EU Operations,https://www.easa.europa.eu/en/domains/drones-air-mobility/drones-evtol-designs/drones-eu-operations/pr-458-x6-mk2,SRC-0415,Spain,FUVEX CIVIL SL,Civilian / Commercial,Multirotor,EASA-listed for EU operations,1,UAV-AE677E6E69C2,X6 Mk.2,2026-08-02T16:05:02+00:00
1119,3S,Global UAV Database 2026 seed package,https://dronecenter.bard.edu/files/2019/10/CSD-Drone-Databook-Web.pdf,UAV-0472,France,Drone Protect Systems,Military / Government,Small / tactical; Rotary-wing,In use or under development as documented in 2019,3,UAV-87319D872852,3S,2026-08-02T16:05:02+00:00
1207,A1-S/M Fury,Global UAV Database 2026 seed package,https://dronecenter.bard.edu/files/2019/10/CSD-Drone-Databook-Web.pdf,UAV-0560,Ukraine,Athlone Air,Military / Government,Small / tactical; Fixed-wing,In use or under development as documented in 2019,3,UAV-E79A0D325185,A1-S,2026-08-02T16:05:02+00:00
927,ABZ Innovation C10,Global UAV Database 2026 seed package,https://www.easa.europa.eu/en/domains/drones-air-mobility/drones-evtol-designs/drones-eu-operations/pr-512-abz-innovation-c10,UAV-0280,Hungary,ABZ Innovation Kft.,Civilian / Commercial,Multirotor,EASA-listed for EU operations,3,UAV-F5F5692DD49E,ABZ Innovation C10,2026-08-02T16:05:02+00:00
970,ACSL SOTEN,Global UAV Database 2026 seed package,Internal curated seed,UAV-0323,Japan,,Dual-use,Secure quadrotor,Not specified,3,UAV-6914C3470B37,ACSL SOTEN,2026-08-02T16:05:02+00:00
866,AD405,Global UAV Database 2026 seed package,https://www.easa.europa.eu/en/domains/drones-air-mobility/drones-evtol-designs/drones-eu-operations/pr-367-ad405,UAV-0219,France,Artech'Drone,Civilian / Commercial,Multirotor,EASA-listed for EU operations,3,UAV-6718FFA915AD,AD405,2026-08-02T16:05:02+00:00
867,AD405 Spray,Global UAV Database 2026 seed package,https://www.easa.europa.eu/en/domains/drones-air-mobility/drones-evtol-designs/drones-eu-operations/pr-366-ad405-spray,UAV-0220,France,Artech'Drone,Civilian / Commercial,Multirotor,EASA-listed for EU operations,3,UAV-90D117B647A5,AD405 Spray,2026-08-02T16:05:02+00:00
868,AD405PRO Tethered,Global UAV Database 2026 seed package,https://www.easa.europa.eu/en/domains/drones-air-mobility/drones-evtol-designs/drones-eu-operations/pr-641-ad405pro-tethered,UAV-0221,France,Artech'Drone,Civilian / Commercial,Multirotor,EASA-listed for EU operations,3,UAV-C7C06412DE8B,AD405PRO Tethered,2026-08-02T16:05:02+00:00
869,AD410,Global UAV Database 2026 seed package,https://www.easa.europa.eu/en/domains/drones-air-mobility/drones-evtol-designs/drones-eu-operations/pr-369-ad410,UAV-0222,France,Artech'Drone,Civilian / Commercial,Multirotor,EASA-listed for EU operations,3,UAV-D3EF59EE1498,AD410,2026-08-02T16:05:02+00:00
870,AD410 Spray,Global UAV Database 2026 seed package,https://www.easa.europa.eu/en/domains/drones-air-mobility/drones-evtol-designs/drones-eu-operations/pr-368-ad410-spray,UAV-0223,France,Artech'Drone,Civilian / Commercial,Multirotor,EASA-listed for EU operations,3,UAV-F7C3029ECC83,AD410 Spray,2026-08-02T16:05:02+00:00
871,AD420 Tethered,Global UAV Database 2026 seed package,https://www.easa.europa.eu/en/domains/drones-air-mobility/drones-evtol-designs/drones-eu-operations/pr-342-ad420-tethered,UAV-0224,France,Artech'Drone,Civilian / Commercial,Multirotor,EASA-listed for EU operations,3,UAV-D0AB66623485,AD420 Tethered,2026-08-02T16:05:02+00:00
916,AIR4 LIGHT,Global UAV Database 2026 seed package,https://www.easa.europa.eu/en/domains/drones-air-mobility/drones-evtol-designs/drones-eu-operations/pr-638-air4-light,UAV-0269,Germany,AIR6 SYSTEMS GmBH,Civilian / Commercial,Multirotor,EASA-listed for EU operations,3,UAV-64D6F1749FAE,AIR4 LIGHT,2026-08-02T16:05:02+00:00
917,AIR4 MICRO,Global UAV Database 2026 seed package,https://www.easa.europa.eu/en/domains/drones-air-mobility/drones-evtol-designs/drones-eu-operations/pr-639-air4-micro,UAV-0270,Germany,AIR6 SYSTEMS GmBH,Civilian / Commercial,Multirotor,EASA-listed for EU operations,3,UAV-BEEB8CC1FDF7,AIR4 MICRO,2026-08-02T16:05:02+00:00
918,AIR4 NANO,Global UAV Database 2026 seed package,https://www.easa.europa.eu/en/domains/drones-air-mobility/drones-evtol-designs/drones-eu-operations/pr-640-air4-nano,UAV-0271,Germany,AIR6 SYSTEMS GmBH,Civilian / Commercial,Multirotor,EASA-listed for EU operations,3,UAV-3E036F7B77C6,AIR4 NANO,2026-08-02T16:05:02+00:00
919,AIR4 NANO E,Global UAV Database 2026 seed package,https://www.easa.europa.eu/en/domains/drones-air-mobility/drones-evtol-designs/drones-eu-operations/pr-643-air4-nano-e,UAV-0272,Germany,AIR6 SYSTEMS GmBH,Civilian / Commercial,Multirotor,EASA-listed for EU operations,3,UAV-80701A29E9B9,AIR4 NANO E,2026-08-02T16:05:02+00:00
920,AIR4 RUGGED,Global UAV Database 2026 seed package,https://www.easa.europa.eu/en/domains/drones-air-mobility/drones-evtol-designs/drones-eu-operations/pr-541-air4-rugged,UAV-0273,Germany,AIR6 SYSTEMS GmBH,Civilian / Commercial,Multirotor,EASA-listed for EU operations,3,UAV-BE0FF479006B,AIR4 RUGGED,2026-08-02T16:05:02+00:00
921,AIR8 COMPACT,Global UAV Database 2026 seed package,https://www.easa.europa.eu/en/domains/drones-air-mobility/drones-evtol-designs/drones-eu-operations/pr-584-air8-compact,UAV-0274,Germany,AIR6 SYSTEMS GmBH,Civilian / Commercial,Multirotor,EASA-listed for EU operations,3,UAV-5D3D13F163DC,AIR8 COMPACT,2026-08-02T16:05:02+00:00
922,AIR8 MEDIUM LIFTER,Global UAV Database 2026 seed package,https://www.easa.europa.eu/en/domains/drones-air-mobility/drones-evtol-designs/drones-eu-operations/pr-478-air8-medium-lifter,UAV-0275,Germany,AIR6 SYSTEMS GmBH,Civilian / Commercial,Multirotor,EASA-listed for EU operations,3,UAV-1AECFA8683E4,AIR8 MEDIUM LIFTER,2026-08-02T16:05:02+00:00
1125,ALADIN,Global UAV Database 2026 seed package,https://dronecenter.bard.edu/files/2019/10/CSD-Drone-Databook-Web.pdf,UAV-0478,Germany,EMT,Military / Government,Small / tactical; Fixed-wing,In use or under development as documented in 2019,3,UAV-2BC75458C712,ALADIN,2026-08-02T16:05:02+00:00
1237,ANT,Global UAV Database 2026 seed package,https://dronecenter.bard.edu/files/2019/10/CSD-Drone-Databook-Web.pdf,UAV-0590,Uruguay,CIACA,Military / Government,Small / tactical; Fixed-wing,In use or under development as documented in 2019,3,UAV-64BD05D89142,ANT,2026-08-02T16:05:02+00:00
1049,AQ-400 Scythe,Global UAV Database 2026 seed package,Internal curated seed,UAV-0402,Ukraine,,Military / Government,One-way attack UAV,Not specified,3,UAV-CFE99CFE65C9,AQ-400 Scythe,2026-08-02T16:05:02+00:00
935,AQUILA,Global UAV Database 2026 seed package,https://www.easa.europa.eu/en/domains/drones-air-mobility/drones-evtol-designs/drones-eu-operations/pr-318-al-200f,UAV-0288,South Korea,"ARGOSDYNE Co., Ltd.",Civilian / Commercial,Multirotor,EASA-listed for EU operations,3,UAV-8849055830A7,AQUILA,2026-08-02T16:05:02+00:00
936,AQUILA3,Global UAV Database 2026 seed package,https://www.easa.europa.eu/en/domains/drones-air-mobility/drones-evtol-designs/drones-eu-operations/pr-396-al-300fm,UAV-0289,South Korea,"ARGOSDYNE Co., Ltd.",Civilian / Commercial,Multirotor,EASA-listed for EU operations,3,UAV-F814796D1C6F,AQUILA3,2026-08-02T16:05:02+00:00
874,AR Drone,Global UAV Database 2026 seed package,https://dronecenter.bard.edu/files/2019/10/CSD-Drone-Databook-Web.pdf | https://github.com/dronetag/opendronelist,UAV-0227,France,Parrot,Civilian / Commercial,Commercial multirotor/fixed-wing,Listed in OpenDroneList,3,UAV-23D8E0156062,AR Drone,2026-08-02T16:05:02+00:00
875,AR Drone 2.0,Global UAV Database 2026 seed package,https://github.com/dronetag/opendronelist,UAV-0228,France,Parrot,Civilian / Commercial,Commercial multirotor/fixed-wing,Listed in OpenDroneList,3,UAV-A0E205416B61,AR Drone 2.0,2026-08-02T16:05:02+00:00
876,ARES,Global UAV Database 2026 seed package,https://www.easa.europa.eu/en/domains/drones-air-mobility/drones-evtol-designs/drones-eu-operations/pr-88-ares,UAV-0229,France,OBJECTIF DRONE PRODUCTION,Civilian / Commercial,Multirotor,EASA-listed for EU operations,3,UAV-B1D2FB9E3B13,ARES,2026-08-02T16:05:02+00:00
928,ARIES,Global UAV Database 2026 seed package,https://github.com/dronetag/opendronelist,UAV-0281,Italy,ANT-X,Civilian / Commercial,Commercial multirotor/fixed-wing,Listed in OpenDroneList,3,UAV-201CEB0536FE,ARIES,2026-08-02T16:05:02+00:00
932,ARS-S1,Global UAV Database 2026 seed package,https://github.com/dronetag/opendronelist,UAV-0285,Japan,Sony,Civilian / Commercial,Commercial multirotor/fixed-wing,Listed in OpenDroneList,3,UAV-B037D68E43AF,ARS-S1,2026-08-02T16:05:02+00:00
1088,ASN-104,Global UAV Database 2026 seed package,https://dronecenter.bard.edu/files/2019/10/CSD-Drone-Databook-Web.pdf,UAV-0441,China,Xi’an ASN Technology Group,Military / Government,Small / tactical; Fixed-wing,In use or under development as documented in 2019,3,UAV-13A55FECA853,ASN-104,2026-08-02T16:05:02+00:00
1089,ASN-206,Global UAV Database 2026 seed package,https://dronecenter.bard.edu/files/2019/10/CSD-Drone-Databook-Web.pdf,UAV-0442,China,Xi’an ASN Technology Group,Military / Government,Medium tactical; Fixed-wing,In use or under development as documented in 2019,3,UAV-0AD9644F87B0,ASN-206,2026-08-02T16:05:02+00:00
1090,ASN-207,Global UAV Database 2026 seed package,https://dronecenter.bard.edu/files/2019/10/CSD-Drone-Databook-Web.pdf,UAV-0443,China,Xi’an ASN Technology Group,Military / Government,Medium tactical; Fixed-wing,In use or under development as documented in 2019,3,UAV-7DD80982222B,ASN-207,2026-08-02T16:05:02+00:00
1091,ASN-209,Global UAV Database 2026 seed package,https://dronecenter.bard.edu/files/2019/10/CSD-Drone-Databook-Web.pdf,UAV-0444,China,Xi’an ASN Technology Group,Military / Government,Medium tactical; Fixed-wing,In use or under development as documented in 2019,3,UAV-9CE19E9211AF,ASN-209,2026-08-02T16:05:02+00:00
983,ASN-209 / Silver Eagle,Global UAV Database 2026 seed package,Internal curated seed,UAV-0336,China,,Military / Government,Tactical fixed-wing,Not specified,3,UAV-9CE19E9211AF,ASN-209,2026-08-02T16:05:02+00:00
1208,ASU-1 Valkyrie,Global UAV Database 2026 seed package,https://dronecenter.bard.edu/files/2019/10/CSD-Drone-Databook-Web.pdf,UAV-0561,Ukraine,Aviation Systems of Ukraine,Military / Government,Small / tactical; Fixed-wing,In use or under development as documented in 2019,3,UAV-502FE1C05337,ASU-1 Valkyrie,2026-08-02T16:05:02+00:00
877,ATLAS,Global UAV Database 2026 seed package,https://www.easa.europa.eu/en/domains/drones-air-mobility/drones-evtol-designs/drones-eu-operations/pr-93-atlas,UAV-0230,France,OBJECTIF DRONE PRODUCTION,Civilian / Commercial,Multirotor,EASA-listed for EU operations,3,UAV-ECE8F46BF734,ATLAS,2026-08-02T16:05:02+00:00
693,ATOM,Global UAV Database 2026 seed package,https://www.easa.europa.eu/en/domains/drones-air-mobility/drones-evtol-designs/drones-eu-operations/pr-71-dsdr04c,UAV-0046,China,"Shenzhen Potensic Intelligent Co., Ltd",Civilian / Commercial,Multirotor,EASA-listed for EU operations,3,UAV-C6F57180E462,ATOM,2026-08-02T16:05:02+00:00
694,ATOM 2,Global UAV Database 2026 seed package,https://www.easa.europa.eu/en/domains/drones-air-mobility/drones-evtol-designs/drones-eu-operations/pr-252-dsdr23a,UAV-0047,China,"Shenzhen Potensic Intelligent Co., Ltd",Civilian / Commercial,Multirotor,EASA-listed for EU operations,3,UAV-C7B9277BCF3C,ATOM 2,2026-08-02T16:05:02+00:00
695,ATOM 3,Global UAV Database 2026 seed package,https://www.easa.europa.eu/en/domains/drones-air-mobility/drones-evtol-designs/drones-eu-operations/pr-670-dsdr24a,UAV-0048,China,"Shenzhen Potensic Intelligent Co., Ltd",Civilian / Commercial,Multirotor,EASA-listed for EU operations,3,UAV-6D9017837455,ATOM 3,2026-08-02T16:05:02+00:00
696,ATOM LT,Global UAV Database 2026 seed package,https://www.easa.europa.eu/en/domains/drones-air-mobility/drones-evtol-designs/drones-eu-operations/pr-78-dsdr04d,UAV-0049,China,"Shenzhen Potensic Intelligent Co., Ltd",Civilian / Commercial,Multirotor,EASA-listed for EU operations,3,UAV-60AC1B9A2B2F,ATOM LT,2026-08-02T16:05:02+00:00
697,ATOM SE,Global UAV Database 2026 seed package,https://www.easa.europa.eu/en/domains/drones-air-mobility/drones-evtol-designs/drones-eu-operations/pr-72-dsdr04b,UAV-0050,China,"Shenzhen Potensic Intelligent Co., Ltd",Civilian / Commercial,Multirotor,EASA-listed for EU operations,3,UAV-966E20CEE5F4,ATOM SE,2026-08-02T16:05:02+00:00
1092,AV500W,Global UAV Database 2026 seed package,https://dronecenter.bard.edu/files/2019/10/CSD-Drone-Databook-Web.pdf,UAV-0445,China,AVIC,Military / Government,Medium tactical; Rotary-wing,In use or under development as documented in 2019,3,UAV-F3823EA9E1E4,AV500W,2026-08-02T16:05:02+00:00
675,AVSS PRS-M350EX,Global UAV Database 2026 seed package,https://www.easa.europa.eu/en/domains/drones-air-mobility/drones-evtol-designs/drones-eu-operations/pr-190-avss-prs-m350ex,UAV-0028,Canada,AVSS - Aerial Vehicle Safety Solutions Inc.,Civilian / Commercial,Multirotor,EASA-listed for EU operations,3,UAV-A136720C0E92,AVSS PRS-M350EX,2026-08-02T16:05:02+00:00
676,AVSS PRS-M3DTEX,Global UAV Database 2026 seed package,https://www.easa.europa.eu/en/domains/drones-air-mobility/drones-evtol-designs/drones-eu-operations/pr-189-avss-prs-m3dtex,UAV-0029,Canada,AVSS - Aerial Vehicle Safety Solutions Inc.,Civilian / Commercial,Multirotor,EASA-listed for EU operations,3,UAV-6DCCE74593B5,AVSS PRS-M3DTEX,2026-08-02T16:05:02+00:00
969,AWHero,Global UAV Database 2026 seed package,Internal curated seed,UAV-0322,Italy,,Dual-use,Unmanned helicopter,Not specified,3,UAV-CC796131038D,AWHero,2026-08-02T16:05:02+00:00
994,Aarok,Global UAV Database 2026 seed package,Internal curated seed,UAV-0347,France,,Military / Government,Heavy MALE,Not specified,3,UAV-15094ACEC3BB,Aarok,2026-08-02T16:05:02+00:00
1003,Ababil family,Global UAV Database 2026 seed package,Internal curated seed,UAV-0356,Iran,,Military / Government,Tactical fixed-wing,Not specified,3,UAV-A39CDA5F79B3,Ababil family,2026-08-02T16:05:02+00:00
1131,Ababil-3,Global UAV Database 2026 seed package,https://dronecenter.bard.edu/files/2019/10/CSD-Drone-Databook-Web.pdf,UAV-0484,Iran,Qods Aviation,Military / Government,Medium tactical; Fixed-wing,In use or under development as documented in 2019,3,UAV-59B8AD1FC59B,Ababil-3,2026-08-02T16:05:02+00:00
942,Aero,Global UAV Database 2026 seed package,https://github.com/dronetag/opendronelist,UAV-0295,United States,3D Robotics,Civilian / Commercial,Commercial multirotor/fixed-wing,Listed in OpenDroneList,3,UAV-862CCCCD978E,Aero,2026-08-02T16:05:02+00:00
943,Aero M,Global UAV Database 2026 seed package,https://github.com/dronetag/opendronelist,UAV-0296,United States,3D Robotics,Civilian / Commercial,Commercial multirotor/fixed-wing,Listed in OpenDroneList,3,UAV-B92FA989A29C,Aero M,2026-08-02T16:05:02+00:00
974,AeroVironment Quantix Recon,Global UAV Database 2026 seed package,Internal curated seed,UAV-0327,United States,,Dual-use,VTOL fixed-wing,Not specified,3,UAV-D521AB6BD3D1,AeroVironment Quantix Recon,2026-08-02T16:05:02+00:00
872,Aerobotic Spray-L,Global UAV Database 2026 seed package,https://www.easa.europa.eu/en/domains/drones-air-mobility/drones-evtol-designs/drones-eu-operations/pr-178-aerobotic-spray-l,UAV-0225,France,Aeotic,Civilian / Commercial,EU-listed drone,EASA-listed for EU operations,3,UAV-D901CDE99CD1,Aerobotic Spray-L,2026-08-02T16:05:02+00:00
955,Aeryon SkyRanger R70,Global UAV Database 2026 seed package,Internal curated seed,UAV-0308,Canada,,Dual-use,Quadrotor,Not specified,3,UAV-D4AE77E6239B,Aeryon SkyRanger R70,2026-08-02T16:05:02+00:00
982,AgEagle eBee VISION,Global UAV Database 2026 seed package,Internal curated seed,UAV-0335,United States / Switzerland,,Dual-use,Fixed-wing ISR UAV,Not specified,3,UAV-FF3A925D0227,AgEagle eBee VISION,2026-08-02T16:05:02+00:00
678,Agras MG-1,Global UAV Database 2026 seed package,https://github.com/dronetag/opendronelist,UAV-0031,China,DJI,Civilian / Commercial,Commercial multirotor/fixed-wing,Listed in OpenDroneList,3,UAV-DE32D1E71DA4,Agras MG-1,2026-08-02T16:05:02+00:00
679,Agras MG-1P,Global UAV Database 2026 seed package,https://github.com/dronetag/opendronelist,UAV-0032,China,DJI,Civilian / Commercial,Commercial multirotor/fixed-wing,Listed in OpenDroneList,3,UAV-F82B597F2D5F,Agras MG-1P,2026-08-02T16:05:02+00:00
680,Agras MG-1P RTK,Global UAV Database 2026 seed package,https://github.com/dronetag/opendronelist,UAV-0033,China,DJI,Civilian / Commercial,Commercial multirotor/fixed-wing,Listed in OpenDroneList,3,UAV-8D3B1799679B,Agras MG-1P RTK,2026-08-02T16:05:02+00:00
681,Agras MG-1S,Global UAV Database 2026 seed package,https://github.com/dronetag/opendronelist,UAV-0034,China,DJI,Civilian / Commercial,Commercial multirotor/fixed-wing,Listed in OpenDroneList,3,UAV-F48CE028B409,Agras MG-1S,2026-08-02T16:05:02+00:00
682,Agras MG-1S RTK,Global UAV Database 2026 seed package,https://github.com/dronetag/opendronelist,UAV-0035,China,DJI,Civilian / Commercial,Commercial multirotor/fixed-wing,Listed in OpenDroneList,3,UAV-4B1A1A6E4DAA,Agras MG-1S RTK,2026-08-02T16:05:02+00:00
683,Agras T10,Global UAV Database 2026 seed package,https://github.com/dronetag/opendronelist,UAV-0036,China,DJI,Civilian / Commercial,Commercial multirotor/fixed-wing,Listed in OpenDroneList,3,UAV-37CA78522FDC,Agras T10,2026-08-02T16:05:02+00:00
684,Agras T100,Global UAV Database 2026 seed package,https://github.com/dronetag/opendronelist,UAV-0037,China,DJI,Civilian / Commercial,Commercial multirotor/fixed-wing,Listed in OpenDroneList,3,UAV-EE97D15CCB67,Agras T100,2026-08-02T16:05:02+00:00
685,Agras T16,Global UAV Database 2026 seed package,https://github.com/dronetag/opendronelist,UAV-0038,China,DJI,Civilian / Commercial,Commercial multirotor/fixed-wing,Listed in OpenDroneList,3,UAV-AC7903BFDD00,Agras T16,2026-08-02T16:05:02+00:00
686,Agras T20,Global UAV Database 2026 seed package,https://github.com/dronetag/opendronelist,UAV-0039,China,DJI,Civilian / Commercial,Commercial multirotor/fixed-wing,Listed in OpenDroneList,3,UAV-9598867F824E,Agras T20,2026-08-02T16:05:02+00:00
687,Agras T20P,Global UAV Database 2026 seed package,https://github.com/dronetag/opendronelist,UAV-0040,China,DJI,Civilian / Commercial,Commercial multirotor/fixed-wing,Listed in OpenDroneList,3,UAV-3E9070FA84BF,Agras T20P,2026-08-02T16:05:02+00:00
688,Agras T25,Global UAV Database 2026 seed package,https://github.com/dronetag/opendronelist,UAV-0041,China,DJI,Civilian / Commercial,Commercial multirotor/fixed-wing,Listed in OpenDroneList,3,UAV-9D8D760A1F15,Agras T25,2026-08-02T16:05:02+00:00
689,Agras T25P,Global UAV Database 2026 seed package,https://github.com/dronetag/opendronelist,UAV-0042,China,DJI,Civilian / Commercial,Commercial multirotor/fixed-wing,Listed in OpenDroneList,3,UAV-ED7A22BC7414,Agras T25P,2026-08-02T16:05:02+00:00
690,Agras T30,Global UAV Database 2026 seed package,https://github.com/dronetag/opendronelist,UAV-0043,China,DJI,Civilian / Commercial,Commercial multirotor/fixed-wing,Listed in OpenDroneList,3,UAV-1DA983958840,Agras T30,2026-08-02T16:05:02+00:00
691,Agras T40,Global UAV Database 2026 seed package,https://github.com/dronetag/opendronelist,UAV-0044,China,DJI,Civilian / Commercial,Commercial multirotor/fixed-wing,Listed in OpenDroneList,3,UAV-79F7DC00223A,Agras T40,2026-08-02T16:05:02+00:00
692,Agras T70P,Global UAV Database 2026 seed package,https://github.com/dronetag/opendronelist,UAV-0045,China,DJI,Civilian / Commercial,Commercial multirotor/fixed-wing,Listed in OpenDroneList,3,UAV-DD521E8E0B4C,Agras T70P,2026-08-02T16:05:02+00:00
995,Aliaca,Global UAV Database 2026 seed package,Internal curated seed,UAV-0348,France,,Military / Government,Mini fixed-wing,Not specified,3,UAV-977D138A0C57,Aliaca,2026-08-02T16:05:02+00:00
944,Alias,Global UAV Database 2026 seed package,https://github.com/dronetag/opendronelist,UAV-0297,United States,LaTrax,Civilian / Commercial,Commercial multirotor/fixed-wing,Listed in OpenDroneList,3,UAV-CDB6FDBE91FA,Alias,2026-08-02T16:05:02+00:00
1189,Alpha 800,Global UAV Database 2026 seed package,https://dronecenter.bard.edu/files/2019/10/CSD-Drone-Databook-Web.pdf,UAV-0542,Spain,Alpha Unmanned Systems,Military / Government,Small / tactical; Rotary-wing,In use or under development as documented in 2019,3,UAV-22C7E3819320,Alpha 800,2026-08-02T16:05:02+00:00
972,Alpha 900,Global UAV Database 2026 seed package,Internal curated seed,UAV-0325,Spain,,Dual-use,Unmanned helicopter,Not specified,3,UAV-80BE65FC09D4,Alpha 900,2026-08-02T16:05:02+00:00
945,Alta X,Global UAV Database 2026 seed package,https://github.com/dronetag/opendronelist,UAV-0298,United States,Freefly,Civilian / Commercial,Commercial multirotor/fixed-wing,Listed in OpenDroneList,3,UAV-0CE1A17DAA41,Freefly Alta X,2026-08-02T16:05:02+00:00
1163,Aludra (Mk1),Global UAV Database 2026 seed package,https://dronecenter.bard.edu/files/2019/10/CSD-Drone-Databook-Web.pdf,UAV-0516,Malaysia,CTRM,Military / Government,Medium tactical; Fixed-wing,In use or under development as documented in 2019,3,UAV-E11B4F1DB8F7,Aludra (Mk1),2026-08-02T16:05:02+00:00
666,Amazon MK30,Global UAV Database 2026 seed package,Internal curated seed,UAV-0019,United States,,Civilian / Commercial,Delivery UAV,Not specified,3,UAV-EEC747B4506E,Amazon MK30,2026-08-02T16:05:02+00:00
873,Anafi,Global UAV Database 2026 seed package,https://github.com/dronetag/opendronelist,UAV-0226,France,Parrot,Civilian / Commercial,Commercial multirotor/fixed-wing,Listed in OpenDroneList,3,UAV-6215201471C7,Anafi,2026-08-02T16:05:02+00:00
1061,Anduril Ghost / Ghost-X,Global UAV Database 2026 seed package,Internal curated seed,UAV-0414,United States,,Military / Government,VTOL tactical UAS,Not specified,3,UAV-BE6BA1DC5499,Anduril Ghost,2026-08-02T16:05:02+00:00
1203,Anka,Global UAV Database 2026 seed package,https://dronecenter.bard.edu/files/2019/10/CSD-Drone-Databook-Web.pdf,UAV-0556,Türkiye,TAI,Military / Government,Large / strategic; Fixed-wing,In use or under development as documented in 2019,3,UAV-B53C5FFA1020,Anka,2026-08-02T16:05:02+00:00
933,Antigravity A1 Infinity Bundle,Global UAV Database 2026 seed package,https://www.easa.europa.eu/en/domains/drones-air-mobility/drones-evtol-designs/drones-eu-operations/pr-538-de001,UAV-0286,Singapore,Yingling Innovations Pte. Ltd.,Civilian / Commercial,Multirotor,EASA-listed for EU operations,3,UAV-BDC5A62CC76E,Antigravity A1 Infinity Bundle,2026-08-02T16:05:02+00:00
934,Antigravity A1 Standard Bundle/Antigravity A1 Explorer Bundle,Global UAV Database 2026 seed package,https://www.easa.europa.eu/en/domains/drones-air-mobility/drones-evtol-designs/drones-eu-operations/pr-546-de001,UAV-0287,Singapore,Yingling Innovations Pte. Ltd.,Civilian / Commercial,Multirotor,EASA-listed for EU operations,3,UAV-1A46B94812DD,Antigravity A1 Standard Bundle,2026-08-02T16:05:02+00:00
952,Aquila 2,Global UAV Database 2026 seed package,https://github.com/dronetag/opendronelist,UAV-0305,Unknown,Codev Dynamics,Civilian / Commercial,Commercial multirotor/fixed-wing,Listed in OpenDroneList,3,UAV-892684D962FF,Aquila 2,2026-08-02T16:05:02+00:00
953,Aquila 3,Global UAV Database 2026 seed package,https://github.com/dronetag/opendronelist,UAV-0306,Unknown,Codev Dynamics,Civilian / Commercial,Commercial multirotor/fixed-wing,Listed in OpenDroneList,3,UAV-71C8AF453713,Aquila 3,2026-08-02T16:05:02+00:00
667,Archer Midnight,Global UAV Database 2026 seed package,Internal curated seed,UAV-0020,United States,,Civilian / Commercial,eVTOL aircraft,Not specified,3,UAV-3A0E9AD63F2D,Archer Midnight,2026-08-02T16:05:02+00:00
998,Archer-NG,Global UAV Database 2026 seed package,Internal curated seed,UAV-0351,India,,Military / Government,MALE fixed-wing,Not specified,3,UAV-3359AB8B4481,Archer-NG,2026-08-02T16:05:02+00:00
946,Astro,Global UAV Database 2026 seed package,https://github.com/dronetag/opendronelist,UAV-0299,United States,Freefly,Civilian / Commercial,Commercial multirotor/fixed-wing,Listed in OpenDroneList,3,UAV-90C9D7BDFB9D,Astro,2026-08-02T16:05:02+00:00
1190,Atlante Tucan,Global UAV Database 2026 seed package,https://dronecenter.bard.edu/files/2019/10/CSD-Drone-Databook-Web.pdf,UAV-0543,Spain,Airbus SCR,Military / Government,Small / tactical; Fixed-wing,In use or under development as documented in 2019,3,UAV-95701279EFD1,Atlante Tucan,2026-08-02T16:05:02+00:00
1191,Atlantic,Global UAV Database 2026 seed package,https://dronecenter.bard.edu/files/2019/10/CSD-Drone-Databook-Web.pdf,UAV-0544,Spain,SCR,Military / Government,Small / tactical; Fixed-wing,In use or under development as documented in 2019,3,UAV-5721AA1BEA61,Atlantic,2026-08-02T16:05:02+00:00
1077,Aukán,Global UAV Database 2026 seed package,https://dronecenter.bard.edu/files/2019/10/CSD-Drone-Databook-Web.pdf,UAV-0430,Argentina,DGIyD,Military / Government,Medium tactical; Fixed-wing,In use or under development as documented in 2019,3,UAV-9E92829F7DC7,Aukán,2026-08-02T16:05:02+00:00
957,Autel EVO Max 4T,Global UAV Database 2026 seed package,Internal curated seed | https://github.com/dronetag/opendronelist,UAV-0310,China,Autel,Dual-use,Enterprise multirotor,Not specified,3,UAV-A3298C746F55,Autel EVO Max 4T,2026-08-02T16:05:02+00:00
649,AutoFlight Prosperity I,Global UAV Database 2026 seed package,Internal curated seed,UAV-0002,China,,Civilian / Commercial,eVTOL aircraft,Not specified,3,UAV-60AEB3537CD9,AutoFlight Prosperity I,2026-08-02T16:05:02+00:00
698,Avata,Global UAV Database 2026 seed package,https://github.com/dronetag/opendronelist,UAV-0051,China,DJI,Civilian / Commercial,Commercial multirotor/fixed-wing,Listed in OpenDroneList,3,UAV-5B5CAB331A9F,Avata,2026-08-02T16:05:02+00:00
1094,BZK-005,Global UAV Database 2026 seed package,https://dronecenter.bard.edu/files/2019/10/CSD-Drone-Databook-Web.pdf,UAV-0447,China,Beihang,Military / Government,Large / strategic; Fixed-wing,In use or under development as documented in 2019,3,UAV-D60A771E6147,BZK-005,2026-08-02T16:05:02+00:00
1095,BZK-007,Global UAV Database 2026 seed package,https://dronecenter.bard.edu/files/2019/10/CSD-Drone-Databook-Web.pdf,UAV-0448,China,GAIC,Military / Government,Large / strategic; Fixed-wing,In use or under development as documented in 2019,3,UAV-CFE1C76281EF,BZK-007,2026-08-02T16:05:02+00:00
1096,BZK-206,Global UAV Database 2026 seed package,https://dronecenter.bard.edu/files/2019/10/CSD-Drone-Databook-Web.pdf,UAV-0449,China,Beihang,Military / Government,Small / tactical; Fixed-wing,In use or under development as documented in 2019,3,UAV-9D7BF26BBC3C,BZK-206,2026-08-02T16:05:02+00:00
1040,Bayraktar Akinci,Global UAV Database 2026 seed package,Internal curated seed,UAV-0393,Türkiye,,Military / Government,Heavy HALE/MALE UCAV,Not specified,3,UAV-7CEFC0FABB53,Bayraktar Akinci,2026-08-02T16:05:02+00:00
1041,Bayraktar Kizilelma,Global UAV Database 2026 seed package,Internal curated seed,UAV-0394,Türkiye,,Military / Government,Jet UCAV,Not specified,3,UAV-791E2C7C31A5,Bayraktar Kizilelma,2026-08-02T16:05:02+00:00
1204,Bayraktar Mini,Global UAV Database 2026 seed package,https://dronecenter.bard.edu/files/2019/10/CSD-Drone-Databook-Web.pdf,UAV-0557,Türkiye,Kale-Baykar,Military / Government,Small / tactical; Fixed-wing,In use or under development as documented in 2019,3,UAV-93181A5F673D,Bayraktar Mini,2026-08-02T16:05:02+00:00
1042,Bayraktar TB2,Global UAV Database 2026 seed package,Internal curated seed | https://dronecenter.bard.edu/files/2019/10/CSD-Drone-Databook-Web.pdf,UAV-0395,Türkiye,Baykar Makina,Military / Government,MALE fixed-wing,Not specified,3,UAV-2EA3572A6DEB,Bayraktar TB2,2026-08-02T16:05:02+00:00
1043,Bayraktar TB3,Global UAV Database 2026 seed package,Internal curated seed,UAV-0396,Türkiye,,Military / Government,Ship-capable MALE,Not specified,3,UAV-EA724362D01A,Bayraktar TB3,2026-08-02T16:05:02+00:00
1079,Baze,Global UAV Database 2026 seed package,https://dronecenter.bard.edu/files/2019/10/CSD-Drone-Databook-Web.pdf,UAV-0432,Armenia,Military Aviation Institute,Military / Government,Small / tactical; Fixed-wing,In use or under development as documented in 2019,3,UAV-6B009E0F303F,Baze,2026-08-02T16:05:02+00:00
878,Bebop,Global UAV Database 2026 seed package,https://github.com/dronetag/opendronelist,UAV-0231,France,Parrot,Civilian / Commercial,Commercial multirotor/fixed-wing,Listed in OpenDroneList,3,UAV-8FB7A40DDE4F,Bebop,2026-08-02T16:05:02+00:00
879,Bebop 2,Global UAV Database 2026 seed package,https://github.com/dronetag/opendronelist,UAV-0232,France,Parrot,Civilian / Commercial,Commercial multirotor/fixed-wing,Listed in OpenDroneList,3,UAV-B4A998A7BA91,Bebop 2,2026-08-02T16:05:02+00:00
1082,Berkut-2,Global UAV Database 2026 seed package,https://dronecenter.bard.edu/files/2019/10/CSD-Drone-Databook-Web.pdf,UAV-0435,Belarus,JSC Agat Control Systems,Military / Government,Small / tactical; Fixed-wing,In use or under development as documented in 2019,3,UAV-022CC86DB14C,Berkut-2,2026-08-02T16:05:02+00:00
975,Beta ALIA,Global UAV Database 2026 seed package,Internal curated seed,UAV-0328,United States,,Dual-use,eVTOL/CTOL aircraft,Not specified,3,UAV-5FDF53E08F71,Beta ALIA,2026-08-02T16:05:02+00:00
1138,Bird Eye 400,Global UAV Database 2026 seed package,https://dronecenter.bard.edu/files/2019/10/CSD-Drone-Databook-Web.pdf,UAV-0491,Israel,IAI,Military / Government,Small / tactical; Fixed-wing,In use or under development as documented in 2019,3,UAV-8372B9AC1670,Bird Eye 400,2026-08-02T16:05:02+00:00
1216,Black Hornet (PRS),Global UAV Database 2026 seed package,https://dronecenter.bard.edu/files/2019/10/CSD-Drone-Databook-Web.pdf,UAV-0569,United States,FLIR,Military / Government,Small / tactical; Rotary-wing,In use or under development as documented in 2019,3,UAV-D55CE04D48A9,Black Hornet (PRS),2026-08-02T16:05:02+00:00
1093,Blowfish 1,Global UAV Database 2026 seed package,https://dronecenter.bard.edu/files/2019/10/CSD-Drone-Databook-Web.pdf,UAV-0446,China,Ziyan,Military / Government,Small / tactical; Rotary-wing,In use or under development as documented in 2019,3,UAV-063326331A17,Blowfish 1,2026-08-02T16:05:02+00:00
1139,Blue Horizon II,Global UAV Database 2026 seed package,https://dronecenter.bard.edu/files/2019/10/CSD-Drone-Databook-Web.pdf,UAV-0492,Israel,EMIT Aviation,Military / Government,Medium tactical; Fixed-wing,In use or under development as documented in 2019,3,UAV-059603F59D02,Blue Horizon II,2026-08-02T16:05:02+00:00
1050,Bober,Global UAV Database 2026 seed package,Internal curated seed,UAV-0403,Ukraine,,Military / Government,One-way attack UAV,Not specified,3,UAV-3D9730682D0E,Bober,2026-08-02T16:05:02+00:00
1181,Bramor,Global UAV Database 2026 seed package,https://dronecenter.bard.edu/files/2019/10/CSD-Drone-Databook-Web.pdf,UAV-0534,Slovenia,C-Astral,Military / Government,Small / tactical; Fixed-wing,In use or under development as documented in 2019,3,UAV-24D179B222D8,Bramor,2026-08-02T16:05:02+00:00
699,Breeze,Global UAV Database 2026 seed package,https://github.com/dronetag/opendronelist,UAV-0052,China,Yuneec,Civilian / Commercial,Commercial multirotor/fixed-wing,Listed in OpenDroneList,3,UAV-6E2AD22E6CC8,Breeze,2026-08-02T16:05:02+00:00
1083,Burevestnik-MB,Global UAV Database 2026 seed package,https://dronecenter.bard.edu/files/2019/10/CSD-Drone-Databook-Web.pdf,UAV-0436,Belarus,NPT MBK*,Military / Government,Medium tactical; Fixed-wing,In use or under development as documented in 2019,3,UAV-0DEBEDB1D81C,Burevestnik-MB,2026-08-02T16:05:02+00:00
1084,Busel (M50),Global UAV Database 2026 seed package,https://dronecenter.bard.edu/files/2019/10/CSD-Drone-Databook-Web.pdf,UAV-0437,Belarus,NPT MBK*,Military / Government,Medium tactical; Fixed-wing,In use or under development as documented in 2019,3,UAV-43584EDF4F2D,Busel (M50),2026-08-02T16:05:02+00:00
700,C5 Eurosafe Matrice 400,Global UAV Database 2026 seed package,https://www.easa.europa.eu/en/domains/drones-air-mobility/drones-evtol-designs/drones-eu-operations/pr-2627-c5-eurosafe-matrice-400,UAV-0053,China,"EUROSAFE SYSTEMS, S.L.",Civilian / Commercial,Multirotor,EASA-listed for EU operations,3,UAV-84559C7A1482,C5 Eurosafe Matrice 400,2026-08-02T16:05:02+00:00
701,C5 Eurosafe Matrice 4D,Global UAV Database 2026 seed package,https://www.easa.europa.eu/en/domains/drones-air-mobility/drones-evtol-designs/drones-eu-operations/pr-677-c5-eurosafe-matrice-4d,UAV-0054,China,"EUROSAFE SYSTEMS, S.L.",Civilian / Commercial,Multirotor,EASA-listed for EU operations,3,UAV-2D6420C887D1,C5 Eurosafe Matrice 4D,2026-08-02T16:05:02+00:00
702,C5 Eurosafe Matrice 4E,Global UAV Database 2026 seed package,https://www.easa.europa.eu/en/domains/drones-air-mobility/drones-evtol-designs/drones-eu-operations/pr-547-c5-eurosafe-matrice-4e,UAV-0055,China,"EUROSAFE SYSTEMS, S.L.",Civilian / Commercial,Multirotor,EASA-listed for EU operations,3,UAV-B2219B3DEA49,C5 Eurosafe Matrice 4E,2026-08-02T16:05:02+00:00
703,C5 Eurosafe Matrice 4T,Global UAV Database 2026 seed package,https://www.easa.europa.eu/en/domains/drones-air-mobility/drones-evtol-designs/drones-eu-operations/pr-549-c5-eurosafe-matrice-4t,UAV-0056,China,"EUROSAFE SYSTEMS, S.L.",Civilian / Commercial,Multirotor,EASA-listed for EU operations,3,UAV-4D58C66A71B7,C5 Eurosafe Matrice 4T,2026-08-02T16:05:02+00:00
704,C5 Eurosafe Matrice 4TD,Global UAV Database 2026 seed package,https://www.easa.europa.eu/en/domains/drones-air-mobility/drones-evtol-designs/drones-eu-operations/pr-678-c5-eurosafe-matrice-4td,UAV-0057,China,"EUROSAFE SYSTEMS, S.L.",Civilian / Commercial,Multirotor,EASA-listed for EU operations,3,UAV-AE02E4751360,C5 Eurosafe Matrice 4TD,2026-08-02T16:05:02+00:00
705,C5 Eurosafe Mavic 3,Global UAV Database 2026 seed package,https://www.easa.europa.eu/en/domains/drones-air-mobility/drones-evtol-designs/drones-eu-operations/pr-568-c5-eurosafe-mavic-3,UAV-0058,China,"EUROSAFE SYSTEMS, S.L.",Civilian / Commercial,Multirotor,EASA-listed for EU operations,3,UAV-E7715E338694,C5 Eurosafe Mavic 3,2026-08-02T16:05:02+00:00
706,C5 Eurosafe Mavic 3 Cine,Global UAV Database 2026 seed package,https://www.easa.europa.eu/en/domains/drones-air-mobility/drones-evtol-designs/drones-eu-operations/pr-532-c5-eurosafe-mavic-3,UAV-0059,China,"EUROSAFE SYSTEMS, S.L.",Civilian / Commercial,Multirotor,EASA-listed for EU operations,3,UAV-17D8FB0C38E0,C5 Eurosafe Mavic 3 Cine,2026-08-02T16:05:02+00:00
707,C5 Eurosafe Mavic 3 Classic,Global UAV Database 2026 seed package,https://www.easa.europa.eu/en/domains/drones-air-mobility/drones-evtol-designs/drones-eu-operations/pr-531-c5-eurosafe-mavic-3,UAV-0060,China,"EUROSAFE SYSTEMS, S.L.",Civilian / Commercial,Multirotor,EASA-listed for EU operations,3,UAV-AAA6EDE2A35A,C5 Eurosafe Mavic 3 Classic,2026-08-02T16:05:02+00:00
708,C5 Eurosafe Mavic 3 Pro,Global UAV Database 2026 seed package,https://www.easa.europa.eu/en/domains/drones-air-mobility/drones-evtol-designs/drones-eu-operations/pr-530-c5-eurosafe-mavic-3,UAV-0061,China,"EUROSAFE SYSTEMS, S.L.",Civilian / Commercial,Multirotor,EASA-listed for EU operations,3,UAV-CA28A6F8B44F,C5 Eurosafe Mavic 3 Pro,2026-08-02T16:05:02+00:00
709,C5 Eurosafe Mavic 3 Pro Cine,Global UAV Database 2026 seed package,https://www.easa.europa.eu/en/domains/drones-air-mobility/drones-evtol-designs/drones-eu-operations/pr-569-c5-eurosafe-mavic-3,UAV-0062,China,"EUROSAFE SYSTEMS, S.L.",Civilian / Commercial,Multirotor,EASA-listed for EU operations,3,UAV-467D12F65D76,C5 Eurosafe Mavic 3 Pro Cine,2026-08-02T16:05:02+00:00
710,C5 Eurosafe Mavic 3E,Global UAV Database 2026 seed package,https://www.easa.europa.eu/en/domains/drones-air-mobility/drones-evtol-designs/drones-eu-operations/pr-405-c5-eurosafe-mavic-3e,UAV-0063,China,"EUROSAFE SYSTEMS, S.L.",Civilian / Commercial,Multirotor,EASA-listed for EU operations,3,UAV-3BFD1FA1BE0B,C5 Eurosafe Mavic 3E,2026-08-02T16:05:02+00:00
711,C5 Eurosafe Mavic 3M,Global UAV Database 2026 seed package,https://www.easa.europa.eu/en/domains/drones-air-mobility/drones-evtol-designs/drones-eu-operations/pr-407-c5-eurosafe-mavic-3m,UAV-0064,China,"EUROSAFE SYSTEMS, S.L.",Civilian / Commercial,Multirotor,EASA-listed for EU operations,3,UAV-22BCB4826767,C5 Eurosafe Mavic 3M,2026-08-02T16:05:02+00:00
712,C5 Eurosafe Mavic 3T,Global UAV Database 2026 seed package,https://www.easa.europa.eu/en/domains/drones-air-mobility/drones-evtol-designs/drones-eu-operations/pr-406-c5-eurosafe-mavic-3t,UAV-0065,China,"EUROSAFE SYSTEMS, S.L.",Civilian / Commercial,Multirotor,EASA-listed for EU operations,3,UAV-3774D0BB75B7,C5 Eurosafe Mavic 3T,2026-08-02T16:05:02+00:00
1097,CH-3,Global UAV Database 2026 seed package,https://dronecenter.bard.edu/files/2019/10/CSD-Drone-Databook-Web.pdf,UAV-0450,China,CASC,Military / Government,Medium tactical; Fixed-wing,In use or under development as documented in 2019,3,UAV-D6936580481A,CH-3,2026-08-02T16:05:02+00:00
984,CH-4,Global UAV Database 2026 seed package,Internal curated seed | https://dronecenter.bard.edu/files/2019/10/CSD-Drone-Databook-Web.pdf,UAV-0337,China,CASC,Military / Government,MALE fixed-wing,Not specified,3,UAV-7AF6B8BF6EC1,CH-4,2026-08-02T16:05:02+00:00
985,CH-5,Global UAV Database 2026 seed package,Internal curated seed | https://dronecenter.bard.edu/files/2019/10/CSD-Drone-Databook-Web.pdf,UAV-0338,China,CASC,Military / Government,Heavy MALE,Not specified,3,UAV-6795C1B01464,CH-5,2026-08-02T16:05:02+00:00
1098,CH-7,Global UAV Database 2026 seed package,https://dronecenter.bard.edu/files/2019/10/CSD-Drone-Databook-Web.pdf,UAV-0451,China,CASC,Military / Government,Large / strategic; Fixed-wing,In use or under development as documented in 2019,3,UAV-2D3051BF87F8,CH-7,2026-08-02T16:05:02+00:00
1099,CH-802,Global UAV Database 2026 seed package,https://dronecenter.bard.edu/files/2019/10/CSD-Drone-Databook-Web.pdf,UAV-0452,China,CASC,Military / Government,Small / tactical; Fixed-wing,In use or under development as documented in 2019,3,UAV-11AD1DB97510,CH-802,2026-08-02T16:05:02+00:00
880,CHRONOS,Global UAV Database 2026 seed package,https://www.easa.europa.eu/en/domains/drones-air-mobility/drones-evtol-designs/drones-eu-operations/pr-94-chronos,UAV-0233,France,OBJECTIF DRONE PRODUCTION,Civilian / Commercial,Multirotor,EASA-listed for EU operations,3,UAV-51531E3FD612,CHRONOS,2026-08-02T16:05:02+00:00
881,CHRONOS MINI,Global UAV Database 2026 seed package,https://www.easa.europa.eu/en/domains/drones-air-mobility/drones-evtol-designs/drones-eu-operations/pr-95-chronos-mini,UAV-0234,France,OBJECTIF DRONE PRODUCTION,Civilian / Commercial,Multirotor,EASA-listed for EU operations,3,UAV-8037F57BCA5C,CHRONOS MINI,2026-08-02T16:05:02+00:00
882,CK23VE SW C6,Global UAV Database 2026 seed package,https://www.easa.europa.eu/en/domains/drones-air-mobility/drones-evtol-designs/drones-eu-operations/pr-264-ck23ve-sw-c6,UAV-0235,France,CAVOK UAS,Civilian / Commercial,Fixed wing,EASA-listed for EU operations,3,UAV-A816AE4B9BB2,CK23VE SW C6,2026-08-02T16:05:02+00:00
883,CK25 C5/C6,Global UAV Database 2026 seed package,https://www.easa.europa.eu/en/domains/drones-air-mobility/drones-evtol-designs/drones-eu-operations/pr-337-ck25-c5c6,UAV-0236,France,CAVOK UAS,Civilian / Commercial,Multirotor,EASA-listed for EU operations,3,UAV-B12CF8568969,CK25 C5,2026-08-02T16:05:02+00:00
884,CK4 C5/C6,Global UAV Database 2026 seed package,https://www.easa.europa.eu/en/domains/drones-air-mobility/drones-evtol-designs/drones-eu-operations/pr-561-ck4-c5c6,UAV-0237,France,CAVOK UAS,Civilian / Commercial,Multirotor,EASA-listed for EU operations,3,UAV-5FF3218863C7,CK4 C5,2026-08-02T16:05:02+00:00
885,CK7-2 C6,Global UAV Database 2026 seed package,https://www.easa.europa.eu/en/domains/drones-air-mobility/drones-evtol-designs/drones-eu-operations/pr-586-ck7-c6,UAV-0238,France,CAVOK UAS,Civilian / Commercial,Fixed wing,EASA-listed for EU operations,3,UAV-0B9369C4DF2D,CK7-2 C6,2026-08-02T16:05:02+00:00
886,CK9 C5/C6,Global UAV Database 2026 seed package,https://www.easa.europa.eu/en/domains/drones-air-mobility/drones-evtol-designs/drones-eu-operations/pr-560-ck9-c5c6,UAV-0239,France,CAVOK UAS,Civilian / Commercial,Multirotor,EASA-listed for EU operations,3,UAV-C5AC8D48857E,CK9 C5,2026-08-02T16:05:02+00:00
954,CUBEE,Global UAV Database 2026 seed package,https://github.com/dronetag/opendronelist,UAV-0307,Unknown,AirWood,Civilian / Commercial,Commercial multirotor/fixed-wing,Listed in OpenDroneList,3,UAV-4D47CDED864C,CUBEE,2026-08-02T16:05:02+00:00
1081,CamCopter S-100,Global UAV Database 2026 seed package,https://dronecenter.bard.edu/files/2019/10/CSD-Drone-Databook-Web.pdf,UAV-0434,Austria,Schiebel,Military / Government,Medium tactical; Rotary-wing,In use or under development as documented in 2019,3,UAV-962CC112C981,CamCopter S-100,2026-08-02T16:05:02+00:00
1197,Cardinal II,Global UAV Database 2026 seed package,https://dronecenter.bard.edu/files/2019/10/CSD-Drone-Databook-Web.pdf,UAV-0550,Taiwan,NCSIST,Military / Government,Small / tactical; Fixed-wing,In use or under development as documented in 2019,3,UAV-EF86EDE7D2CE,Cardinal II,2026-08-02T16:05:02+00:00
1198,Chung Shyang II,Global UAV Database 2026 seed package,https://dronecenter.bard.edu/files/2019/10/CSD-Drone-Databook-Web.pdf,UAV-0551,Taiwan,CSIST,Military / Government,Medium tactical; Fixed-wing,In use or under development as documented in 2019,3,UAV-BE71930428AE,Chung Shyang II,2026-08-02T16:05:02+00:00
1100,Cloud Shadow,Global UAV Database 2026 seed package,https://dronecenter.bard.edu/files/2019/10/CSD-Drone-Databook-Web.pdf,UAV-0453,China,AVIC,Military / Government,Large / strategic; Fixed-wing,In use or under development as documented in 2019,3,UAV-43600076269E,Cloud Shadow,2026-08-02T16:05:02+00:00
1192,Condor,Global UAV Database 2026 seed package,https://dronecenter.bard.edu/files/2019/10/CSD-Drone-Databook-Web.pdf,UAV-0545,Spain,Drone Tools,Military / Government,Small / tactical; Fixed-wing,In use or under development as documented in 2019,3,UAV-563864D29FC5,Condor,2026-08-02T16:05:02+00:00
1173,Corsair,Global UAV Database 2026 seed package,https://dronecenter.bard.edu/files/2019/10/CSD-Drone-Databook-Web.pdf,UAV-0526,Russia,OKB Luch,Military / Government,Medium tactical; Fixed-wing,In use or under development as documented in 2019,3,UAV-0FB7EC51FF03,Corsair,2026-08-02T16:05:02+00:00
894,DEN-S,Global UAV Database 2026 seed package,https://www.easa.europa.eu/en/domains/drones-air-mobility/drones-evtol-designs/drones-eu-operations/pr-435-den-s,UAV-0247,France,Artech'Drone,Civilian / Commercial,Multirotor,EASA-listed for EU operations,3,UAV-8F92B41D6121,DEN-S,2026-08-02T16:05:02+00:00
895,DEN-S Spray,Global UAV Database 2026 seed package,https://www.easa.europa.eu/en/domains/drones-air-mobility/drones-evtol-designs/drones-eu-operations/pr-433-den-s-spray,UAV-0248,France,Artech'Drone,Civilian / Commercial,Multirotor,EASA-listed for EU operations,3,UAV-900D39AA89D3,DEN-S Spray,2026-08-02T16:05:02+00:00
715,DJI AIR 3S,Global UAV Database 2026 seed package,https://github.com/dronetag/opendronelist | https://www.easa.europa.eu/en/domains/drones-air-mobility/drones-evtol-designs/drones-eu-operations/pr-232-cz3scl,UAV-0068,China,DJI,Civilian / Commercial,Multirotor,EASA-listed for EU operations,3,UAV-053AFA577E6C,DJI AIR 3S,2026-08-02T16:05:02+00:00
650,DJI Agras T50,Global UAV Database 2026 seed package,Internal curated seed,UAV-0003,China,,Civilian / Commercial,Agricultural multirotor,Not specified,3,UAV-C95DF2AD2E42,DJI Agras T50,2026-08-02T16:05:02+00:00
713,DJI Air 2S,Global UAV Database 2026 seed package,https://github.com/dronetag/opendronelist | https://www.easa.europa.eu/en/domains/drones-air-mobility/drones-evtol-designs/drones-eu-operations/pr-49-da2sue1a,UAV-0066,China,DJI,Civilian / Commercial,Multirotor,EASA-listed for EU operations,3,UAV-09C611969BB5,DJI Air 2S,2026-08-02T16:05:02+00:00
714,DJI Air 3,Global UAV Database 2026 seed package,https://github.com/dronetag/opendronelist | https://www.easa.europa.eu/en/domains/drones-air-mobility/drones-evtol-designs/drones-eu-operations/pr-36-eb3wbc,UAV-0067,China,DJI,Civilian / Commercial,Multirotor,EASA-listed for EU operations,3,UAV-11D60BB57704,DJI Air 3,2026-08-02T16:05:02+00:00
716,DJI Avata 2,Global UAV Database 2026 seed package,https://github.com/dronetag/opendronelist | https://www.easa.europa.eu/en/domains/drones-air-mobility/drones-evtol-designs/drones-eu-operations/pr-48-qf3w4k,UAV-0069,China,DJI,Civilian / Commercial,Multirotor,EASA-listed for EU operations,3,UAV-86FC68A8B502,DJI Avata 2,2026-08-02T16:05:02+00:00
717,DJI Avata 360,Global UAV Database 2026 seed package,https://www.easa.europa.eu/en/domains/drones-air-mobility/drones-evtol-designs/drones-eu-operations/pr-652-dvn3nt,UAV-0070,China,DJI GmbH,Civilian / Commercial,Multirotor,EASA-listed for EU operations,3,UAV-CB7D1BCDF715,DJI Avata 360,2026-08-02T16:05:02+00:00
718,DJI Dock 3 and Matrice 4D Series,Global UAV Database 2026 seed package,https://www.easa.europa.eu/en/domains/drones-air-mobility/drones-evtol-designs/drones-eu-operations/pr-349-m4d,UAV-0071,China,DJI GmbH,Civilian / Commercial,Multirotor,EASA-listed for EU operations,3,UAV-6D119AB25726,DJI Dock 3 and Matrice 4D Series,2026-08-02T16:05:02+00:00
719,DJI Flip,Global UAV Database 2026 seed package,https://www.easa.europa.eu/en/domains/drones-air-mobility/drones-evtol-designs/drones-eu-operations/pr-377-dji-flip,UAV-0072,China,DJI GmbH,Civilian / Commercial,EU-listed drone,EASA-listed for EU operations,3,UAV-B77E471369FF,DJI Flip,2026-08-02T16:05:02+00:00
651,DJI FlyCart 30,Global UAV Database 2026 seed package,Internal curated seed | https://github.com/dronetag/opendronelist,UAV-0004,China,DJI,Civilian / Commercial,Cargo multirotor,Not specified,3,UAV-3EE2A523387C,DJI FlyCart 30,2026-08-02T16:05:02+00:00
720,DJI Inspire 3,Global UAV Database 2026 seed package,https://github.com/dronetag/opendronelist | https://www.easa.europa.eu/en/domains/drones-air-mobility/drones-evtol-designs/drones-eu-operations/pr-92-t740,UAV-0073,China,DJI,Civilian / Commercial,Multirotor,EASA-listed for EU operations,3,UAV-E60F86F63DAE,DJI Inspire 3,2026-08-02T16:05:02+00:00
721,DJI Lito 1,Global UAV Database 2026 seed package,https://www.easa.europa.eu/en/domains/drones-air-mobility/drones-evtol-designs/drones-eu-operations/pr-656-dgn12c,UAV-0074,China,DJI GmbH,Civilian / Commercial,Multirotor,EASA-listed for EU operations,3,UAV-DF60461D71A5,DJI Lito 1,2026-08-02T16:05:02+00:00
722,DJI Lito X1,Global UAV Database 2026 seed package,https://www.easa.europa.eu/en/domains/drones-air-mobility/drones-evtol-designs/drones-eu-operations/pr-654-dgp14c,UAV-0075,China,DJI GmbH,Civilian / Commercial,Multirotor,EASA-listed for EU operations,3,UAV-9EFA009B4E58,DJI Lito X1,2026-08-02T16:05:02+00:00
727,DJI MAVIC 3 Cine V2.0,Global UAV Database 2026 seed package,https://www.easa.europa.eu/en/domains/drones-air-mobility/drones-evtol-designs/drones-eu-operations/pr-38-l2pa,UAV-0080,China,DJI GmbH,Civilian / Commercial,Multirotor,EASA-listed for EU operations,3,UAV-415FFB33640B,DJI MAVIC 3 Cine V2.0,2026-08-02T16:05:02+00:00
728,DJI MAVIC 3 Classic,Global UAV Database 2026 seed package,https://github.com/dronetag/opendronelist | https://www.easa.europa.eu/en/domains/drones-air-mobility/drones-evtol-designs/drones-eu-operations/pr-46-l2c,UAV-0081,China,DJI,Civilian / Commercial,Multirotor,EASA-listed for EU operations,3,UAV-279BBF7B0B98,DJI MAVIC 3 Classic,2026-08-02T16:05:02+00:00
731,DJI MAVIC 3 V2.0,Global UAV Database 2026 seed package,https://www.easa.europa.eu/en/domains/drones-air-mobility/drones-evtol-designs/drones-eu-operations/pr-37-l2aa,UAV-0084,China,DJI GmbH,Civilian / Commercial,Multirotor,EASA-listed for EU operations,3,UAV-E71A7CF4DA66,DJI MAVIC 3 V2.0,2026-08-02T16:05:02+00:00
732,DJI MAVIC 3E EU,Global UAV Database 2026 seed package,https://www.easa.europa.eu/en/domains/drones-air-mobility/drones-evtol-designs/drones-eu-operations/pr-43-m3e-eu,UAV-0085,China,DJI GmbH,Civilian / Commercial,EU-listed drone,EASA-listed for EU operations,3,UAV-39D42AE89532,DJI MAVIC 3E EU,2026-08-02T16:05:02+00:00
733,DJI MAVIC 3M EU,Global UAV Database 2026 seed package,https://www.easa.europa.eu/en/domains/drones-air-mobility/drones-evtol-designs/drones-eu-operations/pr-45-m3m-eu,UAV-0086,China,DJI GmbH,Civilian / Commercial,Multirotor,EASA-listed for EU operations,3,UAV-71C5F1B54DDE,DJI MAVIC 3M EU,2026-08-02T16:05:02+00:00
734,DJI MAVIC 3T EU,Global UAV Database 2026 seed package,https://www.easa.europa.eu/en/domains/drones-air-mobility/drones-evtol-designs/drones-eu-operations/pr-44-m3t-eu,UAV-0087,China,DJI GmbH,Civilian / Commercial,Multirotor,EASA-listed for EU operations,3,UAV-E2452621CA07,DJI MAVIC 3T EU,2026-08-02T16:05:02+00:00
958,DJI Matrice 350 RTK,Global UAV Database 2026 seed package,Internal curated seed | https://github.com/dronetag/opendronelist | https://www.easa.europa.eu/en/domains/drones-air-mobility/drones-evtol-designs/drones-eu-operations/pr-42-matrice-350,UAV-0311,China,DJI,Dual-use,Enterprise multirotor,Not specified,3,UAV-ABC2B0066B0F,DJI Matrice 350 RTK,2026-08-02T16:05:02+00:00
959,DJI Matrice 400,Global UAV Database 2026 seed package,Internal curated seed | https://github.com/dronetag/opendronelist | https://www.easa.europa.eu/en/domains/drones-air-mobility/drones-evtol-designs/drones-eu-operations/pr-376-matrice-400,UAV-0312,China,DJI,Dual-use,Enterprise multirotor,Not specified,3,UAV-03928F0B790D,DJI Matrice 400,2026-08-02T16:05:02+00:00
723,DJI Matrice 4D,Global UAV Database 2026 seed package,https://www.easa.europa.eu/en/domains/drones-air-mobility/drones-evtol-designs/drones-eu-operations/pr-682-m4d,UAV-0076,China,DJI GmbH,Civilian / Commercial,Multirotor,EASA-listed for EU operations,3,UAV-DEBE3819F6CF,DJI Matrice 4D,2026-08-02T16:05:02+00:00
724,DJI Matrice 4E,Global UAV Database 2026 seed package,https://github.com/dronetag/opendronelist | https://www.easa.europa.eu/en/domains/drones-air-mobility/drones-evtol-designs/drones-eu-operations/pr-356-m4e,UAV-0077,China,DJI,Civilian / Commercial,Multirotor,EASA-listed for EU operations,3,UAV-801F5538D561,DJI Matrice 4E,2026-08-02T16:05:02+00:00
725,DJI Matrice 4T,Global UAV Database 2026 seed package,https://github.com/dronetag/opendronelist | https://www.easa.europa.eu/en/domains/drones-air-mobility/drones-evtol-designs/drones-eu-operations/pr-357-m4t,UAV-0078,China,DJI,Civilian / Commercial,Multirotor,EASA-listed for EU operations,3,UAV-CDFE02C7C465,DJI Matrice 4T,2026-08-02T16:05:02+00:00
726,DJI Matrice 4TD,Global UAV Database 2026 seed package,https://www.easa.europa.eu/en/domains/drones-air-mobility/drones-evtol-designs/drones-eu-operations/pr-683-m4td,UAV-0079,China,DJI GmbH,Civilian / Commercial,Multirotor,EASA-listed for EU operations,3,UAV-62486A696D98,DJI Matrice 4TD,2026-08-02T16:05:02+00:00
960,DJI Mavic 3 Enterprise,Global UAV Database 2026 seed package,Internal curated seed,UAV-0313,China,,Dual-use,Small multirotor,Not specified,3,UAV-CC05792900B4,DJI Mavic 3 Enterprise,2026-08-02T16:05:02+00:00
729,DJI Mavic 3 Pro,Global UAV Database 2026 seed package,https://github.com/dronetag/opendronelist | https://www.easa.europa.eu/en/domains/drones-air-mobility/drones-evtol-designs/drones-eu-operations/pr-90-l2s,UAV-0082,China,DJI,Civilian / Commercial,Multirotor,EASA-listed for EU operations,3,UAV-6D2808925AFD,DJI Mavic 3 Pro,2026-08-02T16:05:02+00:00
730,DJI Mavic 3 Pro Cine,Global UAV Database 2026 seed package,https://github.com/dronetag/opendronelist | https://www.easa.europa.eu/en/domains/drones-air-mobility/drones-evtol-designs/drones-eu-operations/pr-91-l2e,UAV-0083,China,DJI,Civilian / Commercial,Multirotor,EASA-listed for EU operations,3,UAV-3229B7E31701,DJI Mavic 3 Pro Cine,2026-08-02T16:05:02+00:00
735,DJI Mavic 4 Pro,Global UAV Database 2026 seed package,https://github.com/dronetag/opendronelist | https://www.easa.europa.eu/en/domains/drones-air-mobility/drones-evtol-designs/drones-eu-operations/pr-345-l3a,UAV-0088,China,DJI,Civilian / Commercial,Multirotor,EASA-listed for EU operations,3,UAV-789580914BC1,DJI Mavic 4 Pro,2026-08-02T16:05:02+00:00
736,DJI Mini 2 SE,Global UAV Database 2026 seed package,https://github.com/dronetag/opendronelist | https://www.easa.europa.eu/en/domains/drones-air-mobility/drones-evtol-designs/drones-eu-operations/pr-31-mt2sd,UAV-0089,China,DJI,Civilian / Commercial,Multirotor,EASA-listed for EU operations,3,UAV-D377C2F1FBED,DJI Mini 2 SE,2026-08-02T16:05:02+00:00
737,DJI Mini 3,Global UAV Database 2026 seed package,https://github.com/dronetag/opendronelist | https://www.easa.europa.eu/en/domains/drones-air-mobility/drones-evtol-designs/drones-eu-operations/pr-418-mt3pd,UAV-0090,China,DJI,Civilian / Commercial,Multirotor,EASA-listed for EU operations,3,UAV-2276FC3A35FC,DJI Mini 3,2026-08-02T16:05:02+00:00
738,DJI Mini 4 Pro Fly More Combo,Global UAV Database 2026 seed package,https://www.easa.europa.eu/en/domains/drones-air-mobility/drones-evtol-designs/drones-eu-operations/pr-35-mt4mfvd,UAV-0091,China,DJI GmbH,Civilian / Commercial,Multirotor,EASA-listed for EU operations,3,UAV-D1B06091893E,DJI Mini 4 Pro Fly More Combo,2026-08-02T16:05:02+00:00
739,DJI Mini 5 Pro,Global UAV Database 2026 seed package,https://github.com/dronetag/opendronelist | https://www.easa.europa.eu/en/domains/drones-air-mobility/drones-evtol-designs/drones-eu-operations/pr-425-mt5mfnd,UAV-0092,China,DJI,Civilian / Commercial,Multirotor,EASA-listed for EU operations,3,UAV-4655BBFE1B9C,DJI Mini 5 Pro,2026-08-02T16:05:02+00:00
740,DJI Neo,Global UAV Database 2026 seed package,https://github.com/dronetag/opendronelist | https://www.easa.europa.eu/en/domains/drones-air-mobility/drones-evtol-designs/drones-eu-operations/pr-134-dn1a0626,UAV-0093,China,DJI,Civilian / Commercial,Multirotor,EASA-listed for EU operations,3,UAV-DB521FA9FAFD,DJI Neo,2026-08-02T16:05:02+00:00
741,DJI Neo 2,Global UAV Database 2026 seed package,https://www.easa.europa.eu/en/domains/drones-air-mobility/drones-evtol-designs/drones-eu-operations/pr-490-den225,UAV-0094,China,DJI GmbH,Civilian / Commercial,Multirotor,EASA-listed for EU operations,3,UAV-E4DD4E76D07C,DJI Neo 2,2026-08-02T16:05:02+00:00
887,Delair UX 11 Caméra AG,Global UAV Database 2026 seed package,https://www.easa.europa.eu/en/domains/drones-air-mobility/drones-evtol-designs/drones-eu-operations/pr-86-ux11-ag-c6,UAV-0240,France,DELAIR,Civilian / Commercial,Fixed wing,EASA-listed for EU operations,3,UAV-6772BF72DBA7,Delair UX 11 Caméra AG,2026-08-02T16:05:02+00:00
654,Delair UX11,Global UAV Database 2026 seed package,Internal curated seed | https://github.com/dronetag/opendronelist,UAV-0007,France,Delair,Civilian / Commercial,Fixed-wing survey UAV,Not specified,3,UAV-BFA1C1F3B602,Delair UX11,2026-08-02T16:05:02+00:00
888,Delair UX11 Caméra IR,Global UAV Database 2026 seed package,https://www.easa.europa.eu/en/domains/drones-air-mobility/drones-evtol-designs/drones-eu-operations/pr-99-ux11-ir-c6,UAV-0241,France,DELAIR,Civilian / Commercial,Fixed wing,EASA-listed for EU operations,3,UAV-F19F2C4C6E1C,Delair UX11 Caméra IR,2026-08-02T16:05:02+00:00
889,Delair UX11 Caméra RGB,Global UAV Database 2026 seed package,https://www.easa.europa.eu/en/domains/drones-air-mobility/drones-evtol-designs/drones-eu-operations/pr-100-ux11-rgb-c6,UAV-0242,France,DELAIR,Civilian / Commercial,Fixed wing,EASA-listed for EU operations,3,UAV-CC1739F6B9D7,Delair UX11 Caméra RGB,2026-08-02T16:05:02+00:00
890,Delair UX11 Longue Elongation Caméra AG,Global UAV Database 2026 seed package,https://www.easa.europa.eu/en/domains/drones-air-mobility/drones-evtol-designs/drones-eu-operations/pr-101-ux11-ag-le,UAV-0243,France,DELAIR,Civilian / Commercial,Fixed wing,EASA-listed for EU operations,3,UAV-03DA6D4C1A1D,Delair UX11 Longue Elongation Caméra AG,2026-08-02T16:05:02+00:00
891,Delair UX11 Longue Elongation Caméra IR,Global UAV Database 2026 seed package,https://www.easa.europa.eu/en/domains/drones-air-mobility/drones-evtol-designs/drones-eu-operations/pr-102-ux11-ir-le,UAV-0244,France,DELAIR,Civilian / Commercial,Fixed wing,EASA-listed for EU operations,3,UAV-5737E965DF6D,Delair UX11 Longue Elongation Caméra IR,2026-08-02T16:05:02+00:00
892,Delair UX11 Longue Elongation Caméra RGB,Global UAV Database 2026 seed package,https://www.easa.europa.eu/en/domains/drones-air-mobility/drones-evtol-designs/drones-eu-operations/pr-103-ux11-rgb-le,UAV-0245,France,DELAIR,Civilian / Commercial,Fixed wing,EASA-listed for EU operations,3,UAV-EDCF9A5B5E2F,Delair UX11 Longue Elongation Caméra RGB,2026-08-02T16:05:02+00:00
893,Delair UX11-Longue Élongation Caméra IR Radiométrique,Global UAV Database 2026 seed package,https://www.easa.europa.eu/en/domains/drones-air-mobility/drones-evtol-designs/drones-eu-operations/pr-104-ux11-ir-radiometric,UAV-0246,France,DELAIR,Civilian / Commercial,Fixed wing,EASA-listed for EU operations,3,UAV-793F40DAB11C,Delair UX11-Longue Élongation Caméra IR Radiométrique,2026-08-02T16:05:02+00:00
1217,Desert Hawk (3),Global UAV Database 2026 seed package,https://dronecenter.bard.edu/files/2019/10/CSD-Drone-Databook-Web.pdf,UAV-0570,United States,Lockheed Martin,Military / Government,Small / tactical; Fixed-wing,In use or under development as documented in 2019,3,UAV-2BBE5CF43B5E,Desert Hawk (3),2026-08-02T16:05:02+00:00
896,Disco,Global UAV Database 2026 seed package,https://github.com/dronetag/opendronelist,UAV-0249,France,Parrot,Civilian / Commercial,Commercial multirotor/fixed-wing,Listed in OpenDroneList,3,UAV-9A1C2A67FCD8,Disco,2026-08-02T16:05:02+00:00
1101,Divine Eagle,Global UAV Database 2026 seed package,https://dronecenter.bard.edu/files/2019/10/CSD-Drone-Databook-Web.pdf,UAV-0454,China,Shenyang Aircraft Corporation’s 601 Institute,Military / Government,Large / strategic; Fixed-wing,In use or under development as documented in 2019,3,UAV-9FE364EBD436,Divine Eagle,2026-08-02T16:05:02+00:00
1140,Dominator,Global UAV Database 2026 seed package,https://dronecenter.bard.edu/files/2019/10/CSD-Drone-Databook-Web.pdf,UAV-0493,Israel,Aeronautics,Military / Government,Large / strategic; Fixed-wing,In use or under development as documented in 2019,3,UAV-E945A5C52722,Dominator,2026-08-02T16:05:02+00:00
956,Draganfly Commander 3 XL,Global UAV Database 2026 seed package,Internal curated seed,UAV-0309,Canada,,Dual-use,Multirotor,Not specified,3,UAV-6E2FEE9FC17D,Draganfly Commander 3 XL,2026-08-02T16:05:02+00:00
742,Dragonfish,Global UAV Database 2026 seed package,https://github.com/dronetag/opendronelist,UAV-0095,China,Autel,Civilian / Commercial,Commercial multirotor/fixed-wing,Listed in OpenDroneList,3,UAV-543C3A3E7380,Dragonfish,2026-08-02T16:05:02+00:00
648,Dronamics Black Swan,Global UAV Database 2026 seed package,Internal curated seed,UAV-0001,Bulgaria,,Civilian / Commercial,Cargo fixed-wing UAV,Not specified,3,UAV-2216996A9142,Dronamics Black Swan,2026-08-02T16:05:02+00:00
652,EHang EH216-S,Global UAV Database 2026 seed package,Internal curated seed,UAV-0005,China,,Civilian / Commercial,Passenger eVTOL multicopter,Not specified,3,UAV-4E69072BC8AF,EHang EH216-S,2026-08-02T16:05:02+00:00
749,EVO Nano,Global UAV Database 2026 seed package,https://github.com/dronetag/opendronelist,UAV-0102,China,Autel,Civilian / Commercial,Commercial multirotor/fixed-wing,Listed in OpenDroneList,3,UAV-9B5FFD026933,EVO Nano,2026-08-02T16:05:02+00:00
1174,Eleron-3SV,Global UAV Database 2026 seed package,https://dronecenter.bard.edu/files/2019/10/CSD-Drone-Databook-Web.pdf,UAV-0527,Russia,Eniks,Military / Government,Small / tactical; Fixed-wing,In use or under development as documented in 2019,3,UAV-C4EB7352B9E8,Eleron-3SV,2026-08-02T16:05:02+00:00
976,Elroy Air Chaparral,Global UAV Database 2026 seed package,Internal curated seed,UAV-0329,United States,,Dual-use,Autonomous cargo VTOL,Not specified,3,UAV-982F45E68E0D,Elroy Air Chaparral,2026-08-02T16:05:02+00:00
992,Eurodrone,Global UAV Database 2026 seed package,Internal curated seed,UAV-0345,European consortium,,Military / Government,Twin-engine MALE,Not specified,3,UAV-B557CE1F03CB,Eurodrone,2026-08-02T16:05:02+00:00
743,Evo,Global UAV Database 2026 seed package,https://github.com/dronetag/opendronelist,UAV-0096,China,Autel,Civilian / Commercial,Commercial multirotor/fixed-wing,Listed in OpenDroneList,3,UAV-261679FD18AD,Evo,2026-08-02T16:05:02+00:00
744,Evo 2 Dual,Global UAV Database 2026 seed package,https://github.com/dronetag/opendronelist,UAV-0097,China,Autel,Civilian / Commercial,Commercial multirotor/fixed-wing,Listed in OpenDroneList,3,UAV-099C85094AA5,Evo 2 Dual,2026-08-02T16:05:02+00:00
745,Evo 2 Dual 640T,Global UAV Database 2026 seed package,https://github.com/dronetag/opendronelist,UAV-0098,China,Autel,Civilian / Commercial,Commercial multirotor/fixed-wing,Listed in OpenDroneList,3,UAV-126C43849BCB,Evo 2 Dual 640T,2026-08-02T16:05:02+00:00
746,Evo 2 Pro,Global UAV Database 2026 seed package,https://github.com/dronetag/opendronelist,UAV-0099,China,Autel,Civilian / Commercial,Commercial multirotor/fixed-wing,Listed in OpenDroneList,3,UAV-14D4286CF220,Evo 2 Pro,2026-08-02T16:05:02+00:00
747,Evo II,Global UAV Database 2026 seed package,https://github.com/dronetag/opendronelist,UAV-0100,China,Autel,Civilian / Commercial,Commercial multirotor/fixed-wing,Listed in OpenDroneList,3,UAV-BE2A95ECCACD,Evo II,2026-08-02T16:05:02+00:00
748,Evo Lite,Global UAV Database 2026 seed package,https://github.com/dronetag/opendronelist,UAV-0101,China,Autel,Civilian / Commercial,Commercial multirotor/fixed-wing,Listed in OpenDroneList,3,UAV-1AA4D39A8CD2,Evo Lite,2026-08-02T16:05:02+00:00
1195,F-330,Global UAV Database 2026 seed package,https://dronecenter.bard.edu/files/2019/10/CSD-Drone-Databook-Web.pdf,UAV-0548,Sweden,UMS Skeldar,Military / Government,Small / tactical; Fixed-wing,In use or under development as documented in 2019,3,UAV-EA6F9397D0EB,F-330,2026-08-02T16:05:02+00:00
1160,FFOS/FFRS,Global UAV Database 2026 seed package,https://dronecenter.bard.edu/files/2019/10/CSD-Drone-Databook-Web.pdf,UAV-0513,Japan,Fuji Heavy Industries,Military / Government,Medium tactical; Rotary-wing,In use or under development as documented in 2019,3,UAV-9D1EEF6C675F,FFOS,2026-08-02T16:05:02+00:00
750,FIMI X8,Global UAV Database 2026 seed package,https://github.com/dronetag/opendronelist,UAV-0103,China,Xiaomi,Civilian / Commercial,Commercial multirotor/fixed-wing,Listed in OpenDroneList,3,UAV-C71E376EC051,FIMI X8,2026-08-02T16:05:02+00:00
971,FIXAR 025,Global UAV Database 2026 seed package,Internal curated seed,UAV-0324,Latvia,,Dual-use,VTOL fixed-wing,Not specified,3,UAV-C1721A53C6F0,FIXAR 025,2026-08-02T16:05:02+00:00
755,FPV,Global UAV Database 2026 seed package,https://github.com/dronetag/opendronelist,UAV-0108,China,DJI,Civilian / Commercial,Commercial multirotor/fixed-wing,Listed in OpenDroneList,3,UAV-240EAF9B7DD8,FPV,2026-08-02T16:05:02+00:00
1086,FT-100 Horus,Global UAV Database 2026 seed package,https://dronecenter.bard.edu/files/2019/10/CSD-Drone-Databook-Web.pdf,UAV-0439,Brazil,FT Sistemas,Military / Government,Small / tactical; Fixed-wing,In use or under development as documented in 2019,3,UAV-01B5423E9CD4,FT-100 Horus,2026-08-02T16:05:02+00:00
1154,Falco,Global UAV Database 2026 seed package,https://dronecenter.bard.edu/files/2019/10/CSD-Drone-Databook-Web.pdf,UAV-0507,Italy,Leonardo,Military / Government,Medium tactical; Fixed-wing,In use or under development as documented in 2019,3,UAV-E49E22C54C86,Falco,2026-08-02T16:05:02+00:00
1019,Falco EVO,Global UAV Database 2026 seed package,Internal curated seed,UAV-0372,Italy,,Military / Government,MALE fixed-wing,Not specified,3,UAV-D5610DFCE11E,Falco EVO,2026-08-02T16:05:02+00:00
1155,Falco Explorer,Global UAV Database 2026 seed package,https://dronecenter.bard.edu/files/2019/10/CSD-Drone-Databook-Web.pdf,UAV-0508,Italy,Leonardo,Military / Government,Large / strategic; Fixed-wing,In use or under development as documented in 2019,3,UAV-6896A67A52FF,Falco Explorer,2026-08-02T16:05:02+00:00
1020,Falco Xplorer,Global UAV Database 2026 seed package,Internal curated seed,UAV-0373,Italy,,Military / Government,MALE fixed-wing,Not specified,3,UAV-844A6003A990,Falco Xplorer,2026-08-02T16:05:02+00:00
1102,Fei Long 1,Global UAV Database 2026 seed package,https://dronecenter.bard.edu/files/2019/10/CSD-Drone-Databook-Web.pdf,UAV-0455,China,Guide Control Technology Company,Military / Government,Large / strategic; Fixed-wing,In use or under development as documented in 2019,3,UAV-8E0260829023,Fei Long 1,2026-08-02T16:05:02+00:00
1103,Feihong-98,Global UAV Database 2026 seed package,https://dronecenter.bard.edu/files/2019/10/CSD-Drone-Databook-Web.pdf,UAV-0456,China,AVIC,Military / Government,Large / strategic; Fixed-wing,In use or under development as documented in 2019,3,UAV-41A490C4F008,Feihong-98,2026-08-02T16:05:02+00:00
929,FireHound | FH-0,Global UAV Database 2026 seed package,https://www.easa.europa.eu/en/domains/drones-air-mobility/drones-evtol-designs/drones-eu-operations/pr-262-vrfh25a,UAV-0282,Italy,Vector Robotics Srl,Civilian / Commercial,Fixed wing,EASA-listed for EU operations,3,UAV-4E2D2132C61D,FireHound | FH-0,2026-08-02T16:05:02+00:00
751,Flame Wheel F330,Global UAV Database 2026 seed package,https://github.com/dronetag/opendronelist,UAV-0104,China,DJI,Civilian / Commercial,Commercial multirotor/fixed-wing,Listed in OpenDroneList,3,UAV-58C735BA2624,Flame Wheel F330,2026-08-02T16:05:02+00:00
752,Flame Wheel F450,Global UAV Database 2026 seed package,https://github.com/dronetag/opendronelist,UAV-0105,China,DJI,Civilian / Commercial,Commercial multirotor/fixed-wing,Listed in OpenDroneList,3,UAV-7F9CB69166D5,Flame Wheel F450,2026-08-02T16:05:02+00:00
753,Flame Wheel F550,Global UAV Database 2026 seed package,https://github.com/dronetag/opendronelist,UAV-0106,China,DJI,Civilian / Commercial,Commercial multirotor/fixed-wing,Listed in OpenDroneList,3,UAV-B94458C90C22,Flame Wheel F550,2026-08-02T16:05:02+00:00
754,FlyCart 100 Ultimate,Global UAV Database 2026 seed package,https://github.com/dronetag/opendronelist,UAV-0107,China,DJI,Civilian / Commercial,Commercial multirotor/fixed-wing,Listed in OpenDroneList,3,UAV-F84042779E59,FlyCart 100 Ultimate,2026-08-02T16:05:02+00:00
1021,FlyEye,Global UAV Database 2026 seed package,Internal curated seed | https://dronecenter.bard.edu/files/2019/10/CSD-Drone-Databook-Web.pdf,UAV-0374,Poland,WB Electronics,Military / Government,Mini fixed-wing,Not specified,3,UAV-9E6C7BE9EE67,FlyEye,2026-08-02T16:05:02+00:00
661,Flyability Elios 3,Global UAV Database 2026 seed package,Internal curated seed,UAV-0014,Switzerland,,Civilian / Commercial,Caged indoor multirotor,Not specified,3,UAV-34E4C32DEC44,Flyability Elios 3,2026-08-02T16:05:02+00:00
1024,Forpost-R,Global UAV Database 2026 seed package,Internal curated seed,UAV-0377,Russia,,Military / Government,Tactical/MALE fixed-wing,Not specified,3,UAV-89D680E8BF46,Forpost-R,2026-08-02T16:05:02+00:00
662,Fotokite Sigma,Global UAV Database 2026 seed package,Internal curated seed,UAV-0015,Switzerland,,Civilian / Commercial,Tethered multirotor,Not specified,3,UAV-313F8098B17A,Fotokite Sigma,2026-08-02T16:05:02+00:00
668,Freefly Alta X,Global UAV Database 2026 seed package,Internal curated seed,UAV-0021,United States,,Civilian / Commercial,Heavy-lift multirotor,Not specified,3,UAV-0CE1A17DAA41,Freefly Alta X,2026-08-02T16:05:02+00:00
1193,Fulmar X,Global UAV Database 2026 seed package,https://dronecenter.bard.edu/files/2019/10/CSD-Drone-Databook-Web.pdf,UAV-0546,Spain,Thales España,Military / Government,Small / tactical; Fixed-wing,In use or under development as documented in 2019,3,UAV-AFAE5EB94732,Fulmar X,2026-08-02T16:05:02+00:00
1164,G1 Guerrero,Global UAV Database 2026 seed package,https://dronecenter.bard.edu/files/2019/10/CSD-Drone-Databook-Web.pdf,UAV-0517,Mexico,Hydra Technologies,Military / Government,Small / tactical; Fixed-wing,In use or under development as documented in 2019,3,UAV-4165AA5C139E,G1 Guerrero,2026-08-02T16:05:02+00:00
756,GEMINI,Global UAV Database 2026 seed package,https://github.com/dronetag/opendronelist,UAV-0109,China,TBS,Civilian / Commercial,Commercial multirotor/fixed-wing,Listed in OpenDroneList,3,UAV-468DA084E995,GEMINI,2026-08-02T16:05:02+00:00
986,GJ-11 Sharp Sword,Global UAV Database 2026 seed package,Internal curated seed,UAV-0339,China,,Military / Government,Flying-wing UCAV,Not specified,3,UAV-438231AA4625,GJ-11 Sharp Sword,2026-08-02T16:05:02+00:00
1010,Geran-2 / Shahed-136 derivative,Global UAV Database 2026 seed package,Internal curated seed,UAV-0363,Iran / Russia,,Military / Government,One-way attack UAV,Not specified,3,UAV-96900A8F9FB3,Geran-2,2026-08-02T16:05:02+00:00
999,Ghatak / SWiFT demonstrator,Global UAV Database 2026 seed package,Internal curated seed,UAV-0352,India,,Military / Government,Flying-wing UCAV demonstrator,Not specified,3,UAV-CB8D963555E5,Ghatak,2026-08-02T16:05:02+00:00
1022,Gladius system,Global UAV Database 2026 seed package,Internal curated seed,UAV-0375,Poland,,Military / Government,Loitering munition system,Not specified,3,UAV-7E18FD931427,Gladius system,2026-08-02T16:05:02+00:00
1175,Granat-1,Global UAV Database 2026 seed package,https://dronecenter.bard.edu/files/2019/10/CSD-Drone-Databook-Web.pdf,UAV-0528,Russia,Kalashnikov,Military / Government,Small / tactical; Fixed-wing,In use or under development as documented in 2019,3,UAV-461E481DD8B0,Granat-1,2026-08-02T16:05:02+00:00
1176,Granat-4,Global UAV Database 2026 seed package,https://dronecenter.bard.edu/files/2019/10/CSD-Drone-Databook-Web.pdf,UAV-0529,Russia,Kalashnikov,Military / Government,Small / tactical; Fixed-wing,In use or under development as documented in 2019,3,UAV-CB32D8A94535,Granat-4,2026-08-02T16:05:02+00:00
930,Guardian,Global UAV Database 2026 seed package,https://www.easa.europa.eu/en/domains/drones-air-mobility/drones-evtol-designs/drones-eu-operations/pr-261-vrgu25a,UAV-0283,Italy,Vector Robotics Srl,Civilian / Commercial,Fixed wing,EASA-listed for EU operations,3,UAV-8060AFDA5144,Guardian,2026-08-02T16:05:02+00:00
931,Guardian 4K,Global UAV Database 2026 seed package,https://www.easa.europa.eu/en/domains/drones-air-mobility/drones-evtol-designs/drones-eu-operations/pr-324-vrgu25b,UAV-0284,Italy,Vector Robotics Srl,Civilian / Commercial,Fixed wing,EASA-listed for EU operations,3,UAV-AB37D04809E9,Guardian 4K,2026-08-02T16:05:02+00:00
757,H109S X4 Pro,Global UAV Database 2026 seed package,https://github.com/dronetag/opendronelist,UAV-0110,China,Hubsan,Civilian / Commercial,Commercial multirotor/fixed-wing,Listed in OpenDroneList,3,UAV-193B6886C645,H109S X4 Pro,2026-08-02T16:05:02+00:00
758,H520,Global UAV Database 2026 seed package,https://github.com/dronetag/opendronelist,UAV-0111,China,Yuneec,Civilian / Commercial,Commercial multirotor/fixed-wing,Listed in OpenDroneList,3,UAV-F6BD05BDF583,H520,2026-08-02T16:05:02+00:00
759,H520E,Global UAV Database 2026 seed package,https://github.com/dronetag/opendronelist,UAV-0112,China,Yuneec,Civilian / Commercial,Commercial multirotor/fixed-wing,Listed in OpenDroneList,3,UAV-4F26EAC55E70,H520E,2026-08-02T16:05:02+00:00
760,H520E-RTK,Global UAV Database 2026 seed package,https://github.com/dronetag/opendronelist,UAV-0113,China,Yuneec,Civilian / Commercial,Commercial multirotor/fixed-wing,Listed in OpenDroneList,3,UAV-804BA88A64CB,H520E-RTK,2026-08-02T16:05:02+00:00
761,H850-RTK,Global UAV Database 2026 seed package,https://github.com/dronetag/opendronelist,UAV-0114,China,Yuneec,Civilian / Commercial,Commercial multirotor/fixed-wing,Listed in OpenDroneList,3,UAV-25E54AC358B9,H850-RTK,2026-08-02T16:05:02+00:00
923,HIGHDRA,Global UAV Database 2026 seed package,https://www.easa.europa.eu/en/domains/drones-air-mobility/drones-evtol-designs/drones-eu-operations/pr-371-highdra,UAV-0276,Germany,Starcopter GmbH,Civilian / Commercial,Multirotor,EASA-listed for EU operations,3,UAV-7E9EE1D5F50B,HIGHDRA,2026-08-02T16:05:02+00:00
1104,HW-350,Global UAV Database 2026 seed package,https://dronecenter.bard.edu/files/2019/10/CSD-Drone-Databook-Web.pdf,UAV-0457,China,CASIC,Military / Government,Medium tactical; Fixed-wing,In use or under development as documented in 2019,3,UAV-DEC5F2456540,HW-350,2026-08-02T16:05:02+00:00
1011,Harop,Global UAV Database 2026 seed package,Internal curated seed | https://dronecenter.bard.edu/files/2019/10/CSD-Drone-Databook-Web.pdf,UAV-0364,Israel,IAI,Military / Government,Loitering munition,Not specified,3,UAV-3E5E250EAC37,Harop,2026-08-02T16:05:02+00:00
1012,Harpy,Global UAV Database 2026 seed package,Internal curated seed | https://dronecenter.bard.edu/files/2019/10/CSD-Drone-Databook-Web.pdf,UAV-0365,Israel,IAI,Military / Government,Loitering munition,Not specified,3,UAV-29E2EF5CCEBA,Harpy,2026-08-02T16:05:02+00:00
897,Hercules 20,Global UAV Database 2026 seed package,https://www.easa.europa.eu/en/domains/drones-air-mobility/drones-evtol-designs/drones-eu-operations/pr-559-hercules-20,UAV-0250,France,DRONE VOLT,Civilian / Commercial,Multirotor,EASA-listed for EU operations,3,UAV-3EA2634A228F,Hercules 20,2026-08-02T16:05:02+00:00
1013,Hermes 450,Global UAV Database 2026 seed package,Internal curated seed | https://dronecenter.bard.edu/files/2019/10/CSD-Drone-Databook-Web.pdf,UAV-0366,Israel,Elbit Systems,Military / Government,Tactical/MALE fixed-wing,Not specified,3,UAV-21A397A66BF4,Hermes 450,2026-08-02T16:05:02+00:00
1014,Hermes 900,Global UAV Database 2026 seed package,Internal curated seed | https://dronecenter.bard.edu/files/2019/10/CSD-Drone-Databook-Web.pdf,UAV-0367,Israel,Elbit Systems,Military / Government,MALE fixed-wing,Not specified,3,UAV-886CBB3D0A84,Hermes 900,2026-08-02T16:05:02+00:00
1141,Heron,Global UAV Database 2026 seed package,https://dronecenter.bard.edu/files/2019/10/CSD-Drone-Databook-Web.pdf,UAV-0494,Israel,IAI,Military / Government,Large / strategic; Fixed-wing,In use or under development as documented in 2019,3,UAV-58C71771B13F,Heron,2026-08-02T16:05:02+00:00
1015,Heron 1,Global UAV Database 2026 seed package,Internal curated seed,UAV-0368,Israel,,Military / Government,MALE fixed-wing,Not specified,3,UAV-8D2548F30310,Heron 1,2026-08-02T16:05:02+00:00
1016,Heron TP / Eitan,Global UAV Database 2026 seed package,Internal curated seed,UAV-0369,Israel,,Military / Government,HALE/MALE fixed-wing,Not specified,3,UAV-0FB03A96C92E,Heron TP,2026-08-02T16:05:02+00:00
1209,Horlytsya,Global UAV Database 2026 seed package,https://dronecenter.bard.edu/files/2019/10/CSD-Drone-Databook-Web.pdf,UAV-0562,Ukraine,Antonov,Military / Government,Medium tactical; Fixed-wing,In use or under development as documented in 2019,3,UAV-082E169B4F91,Horlytsya,2026-08-02T16:05:02+00:00
1142,Hovermast 150,Global UAV Database 2026 seed package,https://dronecenter.bard.edu/files/2019/10/CSD-Drone-Databook-Web.pdf,UAV-0495,Israel,Sky Sapience,Military / Government,Small / tactical; Rotary-wing,In use or under development as documented in 2019,3,UAV-27B3A8859EBE,Hovermast 150,2026-08-02T16:05:02+00:00
1118,Huginn X1,Global UAV Database 2026 seed package,https://dronecenter.bard.edu/files/2019/10/CSD-Drone-Databook-Web.pdf,UAV-0471,Denmark,Sky-Watch,Military / Government,Small / tactical; Rotary-wing,In use or under development as documented in 2019,3,UAV-433AF40D3DD1,Huginn X1,2026-08-02T16:05:02+00:00
1143,Hunter,Global UAV Database 2026 seed package,https://dronecenter.bard.edu/files/2019/10/CSD-Drone-Databook-Web.pdf,UAV-0496,Israel,"IAI,Northrop Grumman",Military / Government,Large / strategic; Fixed-wing,In use or under development as documented in 2019,3,UAV-6E2F9E6111E7,Hunter,2026-08-02T16:05:02+00:00
898,INNOVADRONE 410 SPECIAL,Global UAV Database 2026 seed package,https://www.easa.europa.eu/en/domains/drones-air-mobility/drones-evtol-designs/drones-eu-operations/pr-587-innovadrone-410,UAV-0251,France,INNOVADRONE LLC,Civilian / Commercial,Multirotor,EASA-listed for EU operations,3,UAV-A7D024BB9019,INNOVADRONE 410 SPECIAL,2026-08-02T16:05:02+00:00
947,IRIS+,Global UAV Database 2026 seed package,https://github.com/dronetag/opendronelist,UAV-0300,United States,3D Robotics,Civilian / Commercial,Commercial multirotor/fixed-wing,Listed in OpenDroneList,3,UAV-3E9AFE235A0E,IRIS+,2026-08-02T16:05:02+00:00
1120,IT180-3EL-1,Global UAV Database 2026 seed package,https://dronecenter.bard.edu/files/2019/10/CSD-Drone-Databook-Web.pdf,UAV-0473,France,"ECA Group,Infotron",Military / Government,Small / tactical; Rotary-wing,In use or under development as documented in 2019,3,UAV-A9B8B31A5AD2,IT180-3EL-1,2026-08-02T16:05:02+00:00
1182,Indiza,Global UAV Database 2026 seed package,https://dronecenter.bard.edu/files/2019/10/CSD-Drone-Databook-Web.pdf,UAV-0535,South Africa,CSIR,Military / Government,Small / tactical; Fixed-wing,In use or under development as documented in 2019,3,UAV-D7191F5D211C,Indiza,2026-08-02T16:05:02+00:00
1105,Inspire,Global UAV Database 2026 seed package,https://dronecenter.bard.edu/files/2019/10/CSD-Drone-Databook-Web.pdf,UAV-0458,China,DJI,Military / Government,Small / tactical; Rotary-wing,In use or under development as documented in 2019,3,UAV-646247ECF81F,Inspire,2026-08-02T16:05:02+00:00
762,Inspire 1,Global UAV Database 2026 seed package,https://github.com/dronetag/opendronelist,UAV-0115,China,DJI,Civilian / Commercial,Commercial multirotor/fixed-wing,Listed in OpenDroneList,3,UAV-ED9993670390,Inspire 1,2026-08-02T16:05:02+00:00
763,Inspire 1 Pro,Global UAV Database 2026 seed package,https://github.com/dronetag/opendronelist,UAV-0116,China,DJI,Civilian / Commercial,Commercial multirotor/fixed-wing,Listed in OpenDroneList,3,UAV-88A450BFE04C,Inspire 1 Pro,2026-08-02T16:05:02+00:00
764,Inspire 1 Raw,Global UAV Database 2026 seed package,https://github.com/dronetag/opendronelist,UAV-0117,China,DJI,Civilian / Commercial,Commercial multirotor/fixed-wing,Listed in OpenDroneList,3,UAV-39B7B995C2F3,Inspire 1 Raw,2026-08-02T16:05:02+00:00
765,Inspire 2,Global UAV Database 2026 seed package,https://github.com/dronetag/opendronelist,UAV-0118,China,DJI,Civilian / Commercial,Commercial multirotor/fixed-wing,Listed in OpenDroneList,3,UAV-30B603083FED,Inspire 2,2026-08-02T16:05:02+00:00
766,Inspire 3 C5,Global UAV Database 2026 seed package,https://www.easa.europa.eu/en/domains/drones-air-mobility/drones-evtol-designs/drones-eu-operations/pr-238-inspire-3-c5,UAV-0119,China,DRONAVIA,Civilian / Commercial,Multirotor,EASA-listed for EU operations,3,UAV-1032FCDF7D47,Inspire 3 C5,2026-08-02T16:05:02+00:00
767,Inspire 3 Flysafe C5,Global UAV Database 2026 seed package,https://www.easa.europa.eu/en/domains/drones-air-mobility/drones-evtol-designs/drones-eu-operations/pr-314-inspire-3-flysafe-c5,UAV-0120,China,Flying Eye,Civilian / Commercial,Multirotor,EASA-listed for EU operations,3,UAV-B3ACF32AA3D6,Inspire 3 Flysafe C5,2026-08-02T16:05:02+00:00
977,Inspired Flight IF1200A,Global UAV Database 2026 seed package,Internal curated seed,UAV-0330,United States,,Dual-use,Heavy-lift multirotor,Not specified,3,UAV-E257C84EE829,Inspired Flight IF1200A,2026-08-02T16:05:02+00:00
1218,InstantEye (Gen3),Global UAV Database 2026 seed package,https://dronecenter.bard.edu/files/2019/10/CSD-Drone-Databook-Web.pdf,UAV-0571,United States,Physical Sciences,Military / Government,Small / tactical; Rotary-wing,In use or under development as documented in 2019,3,UAV-72BB3DA76919,InstantEye (Gen3),2026-08-02T16:05:02+00:00
961,JOUAV CW-25E,Global UAV Database 2026 seed package,Internal curated seed,UAV-0314,China,,Dual-use,VTOL fixed-wing,Not specified,3,UAV-370CC77AB44D,JOUAV CW-25E,2026-08-02T16:05:02+00:00
1161,JUXS-S1,Global UAV Database 2026 seed package,https://dronecenter.bard.edu/files/2019/10/CSD-Drone-Databook-Web.pdf,UAV-0514,Japan,Hitachi,Military / Government,Small / tactical; Fixed-wing,In use or under development as documented in 2019,3,UAV-8A10957B68E1,JUXS-S1,2026-08-02T16:05:02+00:00
669,Joby S4,Global UAV Database 2026 seed package,Internal curated seed,UAV-0022,United States,,Civilian / Commercial,Piloted/autonomous-capable eVTOL,Not specified,3,UAV-70C9E9F85A5B,Joby S4,2026-08-02T16:05:02+00:00
1219,K-MAX,Global UAV Database 2026 seed package,https://dronecenter.bard.edu/files/2019/10/CSD-Drone-Databook-Web.pdf,UAV-0572,United States,Kaman,Military / Government,Large / strategic; Rotary-wing,In use or under development as documented in 2019,3,UAV-254D7329D62D,K-MAX,2026-08-02T16:05:02+00:00
1034,KUS-FC,Global UAV Database 2026 seed package,Internal curated seed,UAV-0387,South Korea,,Military / Government,Low-observable UCAV concept,Not specified,3,UAV-32BE51BF5F07,KUS-FC,2026-08-02T16:05:02+00:00
1035,KUS-FS,Global UAV Database 2026 seed package,Internal curated seed,UAV-0388,South Korea,,Military / Government,MALE fixed-wing,Not specified,3,UAV-49E5C1E433DA,KUS-FS,2026-08-02T16:05:02+00:00
1036,KUS-VH,Global UAV Database 2026 seed package,Internal curated seed,UAV-0389,South Korea,,Military / Government,Unmanned helicopter,Not specified,3,UAV-AB2EFF5E0F8C,KUS-VH,2026-08-02T16:05:02+00:00
1126,KZO,Global UAV Database 2026 seed package,https://dronecenter.bard.edu/files/2019/10/CSD-Drone-Databook-Web.pdf,UAV-0479,Germany,Rheinmetall,Military / Government,Medium tactical; Fixed-wing,In use or under development as documented in 2019,3,UAV-97AA3546E8BC,KZO,2026-08-02T16:05:02+00:00
1039,Karayel,Global UAV Database 2026 seed package,Internal curated seed | https://dronecenter.bard.edu/files/2019/10/CSD-Drone-Databook-Web.pdf,UAV-0392,Turkiye / Saudi Arabia,Vestel Defence,Military / Government,Tactical MALE,Not specified,3,UAV-A73FA6F0E9C3,Karayel,2026-08-02T16:05:02+00:00
1205,Kargu,Global UAV Database 2026 seed package,https://dronecenter.bard.edu/files/2019/10/CSD-Drone-Databook-Web.pdf,UAV-0558,Türkiye,STM,Military / Government,Small / tactical; Rotary-wing,In use or under development as documented in 2019,3,UAV-B179BF7D03ED,Kargu,2026-08-02T16:05:02+00:00
948,Karma,Global UAV Database 2026 seed package,https://dronecenter.bard.edu/files/2019/10/CSD-Drone-Databook-Web.pdf | https://github.com/dronetag/opendronelist,UAV-0301,United States,GoPro,Civilian / Commercial,Commercial multirotor/fixed-wing,Listed in OpenDroneList,3,UAV-512423CB3A48,Karma,2026-08-02T16:05:02+00:00
1004,Karrar,Global UAV Database 2026 seed package,Internal curated seed,UAV-0357,Iran,,Military / Government,Jet target/strike UAV,Not specified,3,UAV-8D62A72ABF2D,Karrar,2026-08-02T16:05:02+00:00
768,Kestrel,Global UAV Database 2026 seed package,https://github.com/dronetag/opendronelist,UAV-0121,China,Autel,Civilian / Commercial,Commercial multirotor/fixed-wing,Listed in OpenDroneList,3,UAV-9D65C9C5A1ED,Kestrel,2026-08-02T16:05:02+00:00
899,Kobra,Global UAV Database 2026 seed package,https://www.easa.europa.eu/en/domains/drones-air-mobility/drones-evtol-designs/drones-eu-operations/pr-574-kobra,UAV-0252,France,DRONE VOLT,Civilian / Commercial,Multirotor,EASA-listed for EU operations,3,UAV-DA398AD78F3E,Kobra,2026-08-02T16:05:02+00:00
769,Kronos AD Matrice 30,Global UAV Database 2026 seed package,https://www.easa.europa.eu/en/domains/drones-air-mobility/drones-evtol-designs/drones-eu-operations/pr-353-kronos-ad-matrice-30,UAV-0122,China,DRONAVIA,Civilian / Commercial,Multirotor,EASA-listed for EU operations,3,UAV-94FCE0AD964F,Kronos AD Matrice 30,2026-08-02T16:05:02+00:00
770,Kronos AD Matrice 30T,Global UAV Database 2026 seed package,https://www.easa.europa.eu/en/domains/drones-air-mobility/drones-evtol-designs/drones-eu-operations/pr-354-kronos-ad-matrice-30t,UAV-0123,China,DRONAVIA,Civilian / Commercial,Multirotor,EASA-listed for EU operations,3,UAV-B916F9692BFC,Kronos AD Matrice 30T,2026-08-02T16:05:02+00:00
771,Kronos AD Matrice 4D,Global UAV Database 2026 seed package,https://www.easa.europa.eu/en/domains/drones-air-mobility/drones-evtol-designs/drones-eu-operations/pr-622-kronos-ad-matrice-4d,UAV-0124,China,DRONAVIA,Civilian / Commercial,Multirotor,EASA-listed for EU operations,3,UAV-E4A23FF4C4E4,Kronos AD Matrice 4D,2026-08-02T16:05:02+00:00
772,Kronos AD Matrice 4E,Global UAV Database 2026 seed package,https://www.easa.europa.eu/en/domains/drones-air-mobility/drones-evtol-designs/drones-eu-operations/pr-373-kronos-ad-matrice-4e,UAV-0125,China,DRONAVIA,Civilian / Commercial,Multirotor,EASA-listed for EU operations,3,UAV-9266CBC95ED4,Kronos AD Matrice 4E,2026-08-02T16:05:02+00:00
773,Kronos AD Matrice 4T,Global UAV Database 2026 seed package,https://www.easa.europa.eu/en/domains/drones-air-mobility/drones-evtol-designs/drones-eu-operations/pr-374-kronos-ad-matrice-4t,UAV-0126,China,DRONAVIA,Civilian / Commercial,Multirotor,EASA-listed for EU operations,3,UAV-50B77FF2F91E,Kronos AD Matrice 4T,2026-08-02T16:05:02+00:00
774,Kronos AD Matrice 4TD,Global UAV Database 2026 seed package,https://www.easa.europa.eu/en/domains/drones-air-mobility/drones-evtol-designs/drones-eu-operations/pr-623-kronos-ad-matrice-4td,UAV-0127,China,DRONAVIA,Civilian / Commercial,Multirotor,EASA-listed for EU operations,3,UAV-46C8AA0F6A68,Kronos AD Matrice 4TD,2026-08-02T16:05:02+00:00
775,Kronos AD Mavic 3 Pro,Global UAV Database 2026 seed package,https://www.easa.europa.eu/en/domains/drones-air-mobility/drones-evtol-designs/drones-eu-operations/pr-83-kronos-ad-mavic-3-pro,UAV-0128,China,DRONAVIA,Civilian / Commercial,Multirotor,EASA-listed for EU operations,3,UAV-AD1D9895DB16,Kronos AD Mavic 3 Pro,2026-08-02T16:05:02+00:00
776,Kronos AD Mavic 3 Pro Cine,Global UAV Database 2026 seed package,https://www.easa.europa.eu/en/domains/drones-air-mobility/drones-evtol-designs/drones-eu-operations/pr-85-kronos-ad-mavic-3-pro,UAV-0129,China,DRONAVIA,Civilian / Commercial,Multirotor,EASA-listed for EU operations,3,UAV-9F86A3224EC5,Kronos AD Mavic 3 Pro Cine,2026-08-02T16:05:02+00:00
777,Kronos AD Mavic 3E,Global UAV Database 2026 seed package,https://www.easa.europa.eu/en/domains/drones-air-mobility/drones-evtol-designs/drones-eu-operations/pr-80-kronos-ad-mavic-3e,UAV-0130,China,DRONAVIA,Civilian / Commercial,Multirotor,EASA-listed for EU operations,3,UAV-8938C9A037DA,Kronos AD Mavic 3E,2026-08-02T16:05:02+00:00
778,Kronos AD Mavic 3M,Global UAV Database 2026 seed package,https://www.easa.europa.eu/en/domains/drones-air-mobility/drones-evtol-designs/drones-eu-operations/pr-82-kronos-ad-mavic-3m,UAV-0131,China,DRONAVIA,Civilian / Commercial,Multirotor,EASA-listed for EU operations,3,UAV-6A7720F81B54,Kronos AD Mavic 3M,2026-08-02T16:05:02+00:00
779,Kronos AD Mavic 3T,Global UAV Database 2026 seed package,https://www.easa.europa.eu/en/domains/drones-air-mobility/drones-evtol-designs/drones-eu-operations/pr-81-kronos-ad-mavic-3t,UAV-0132,China,DRONAVIA,Civilian / Commercial,Multirotor,EASA-listed for EU operations,3,UAV-4D68155B275E,Kronos AD Mavic 3T,2026-08-02T16:05:02+00:00
780,Kronos AD Mavic 4 Pro,Global UAV Database 2026 seed package,https://www.easa.europa.eu/en/domains/drones-air-mobility/drones-evtol-designs/drones-eu-operations/pr-621-kronos-ad-mavic-4-pro,UAV-0133,China,DRONAVIA,Civilian / Commercial,Multirotor,EASA-listed for EU operations,3,UAV-023969022B6B,Kronos AD Mavic 4 Pro,2026-08-02T16:05:02+00:00
1080,Krunk,Global UAV Database 2026 seed package,https://dronecenter.bard.edu/files/2019/10/CSD-Drone-Databook-Web.pdf,UAV-0433,Armenia,,Military / Government,Small / tactical; Fixed-wing,In use or under development as documented in 2019,3,UAV-8AB767383D70,Krunk,2026-08-02T16:05:02+00:00
1025,Kub-BLA,Global UAV Database 2026 seed package,Internal curated seed,UAV-0378,Russia,,Military / Government,Loitering munition,Not specified,3,UAV-91563DB38525,Kub-BLA,2026-08-02T16:05:02+00:00
1127,LUNA,Global UAV Database 2026 seed package,https://dronecenter.bard.edu/files/2019/10/CSD-Drone-Databook-Web.pdf,UAV-0480,Germany,EMT,Military / Government,Small / tactical; Fixed-wing,In use or under development as documented in 2019,3,UAV-4B7FAD4F3F94,LUNA,2026-08-02T16:05:02+00:00
1051,Leleka-100,Global UAV Database 2026 seed package,Internal curated seed | https://dronecenter.bard.edu/files/2019/10/CSD-Drone-Databook-Web.pdf,UAV-0404,Ukraine,DeViro,Military / Government,Small fixed-wing,Not specified,3,UAV-CC54D6424233,Leleka-100,2026-08-02T16:05:02+00:00
655,Lilium Jet,Global UAV Database 2026 seed package,Internal curated seed,UAV-0008,Germany,,Civilian / Commercial,Ducted-fan eVTOL,Not specified,3,UAV-D0C29B31D0BE,Lilium Jet,2026-08-02T16:05:02+00:00
997,Luna NG,Global UAV Database 2026 seed package,Internal curated seed | https://dronecenter.bard.edu/files/2019/10/CSD-Drone-Databook-Web.pdf,UAV-0350,Germany,EMT,Military / Government,Tactical fixed-wing,Not specified,3,UAV-317530D18E59,Luna NG,2026-08-02T16:05:02+00:00
924,M30 EU,Global UAV Database 2026 seed package,https://www.easa.europa.eu/en/domains/drones-air-mobility/drones-evtol-designs/drones-eu-operations/pr-40-m30-rtk-eu,UAV-0277,Germany,DJI GmbH,Civilian / Commercial,Multirotor,EASA-listed for EU operations,3,UAV-B17E8409E998,M30 EU,2026-08-02T16:05:02+00:00
925,M30T EU,Global UAV Database 2026 seed package,https://www.easa.europa.eu/en/domains/drones-air-mobility/drones-evtol-designs/drones-eu-operations/pr-41-m30t-rtk-eu,UAV-0278,Germany,DJI GmbH,Civilian / Commercial,Multirotor,EASA-listed for EU operations,3,UAV-ED3273E8848C,M30T EU,2026-08-02T16:05:02+00:00
900,MANTA,Global UAV Database 2026 seed package,https://www.easa.europa.eu/en/domains/drones-air-mobility/drones-evtol-designs/drones-eu-operations/pr-375-manta,UAV-0253,France,OBJECTIF DRONE PRODUCTION,Civilian / Commercial,Multirotor,EASA-listed for EU operations,3,UAV-15CE05ECC41F,MANTA,2026-08-02T16:05:02+00:00
937,MARVIN-5-Mk.3-EC,Global UAV Database 2026 seed package,https://www.easa.europa.eu/en/domains/drones-air-mobility/drones-evtol-designs/drones-eu-operations/pr-457-marvin-5-mk3-ec,UAV-0290,Spain,FUVEX CIVIL SL,Civilian / Commercial,Multirotor,EASA-listed for EU operations,3,UAV-99A7BBD1B4E3,MARVIN-5-Mk.3-EC,2026-08-02T16:05:02+00:00
1128,MIKADO,Global UAV Database 2026 seed package,https://dronecenter.bard.edu/files/2019/10/CSD-Drone-Databook-Web.pdf,UAV-0481,Germany,AirRobot,Military / Government,Small / tactical; Rotary-wing,In use or under development as documented in 2019,3,UAV-C943535C1552,MIKADO,2026-08-02T16:05:02+00:00
1220,MQ-1 Predator,Global UAV Database 2026 seed package,https://dronecenter.bard.edu/files/2019/10/CSD-Drone-Databook-Web.pdf,UAV-0573,United States,GA-ASI,Military / Government,Large / strategic; Fixed-wing,In use or under development as documented in 2019,3,UAV-8EBB238AD2EF,MQ-1 Predator,2026-08-02T16:05:02+00:00
1221,MQ-19 Aerosonde,Global UAV Database 2026 seed package,https://dronecenter.bard.edu/files/2019/10/CSD-Drone-Databook-Web.pdf,UAV-0574,United States,AAI,Military / Government,Small / tactical; Fixed-wing,In use or under development as documented in 2019,3,UAV-EA2801DE4AAC,MQ-19 Aerosonde,2026-08-02T16:05:02+00:00
1063,MQ-1C Gray Eagle,Global UAV Database 2026 seed package,Internal curated seed | https://dronecenter.bard.edu/files/2019/10/CSD-Drone-Databook-Web.pdf,UAV-0416,United States,GA-ASI,Military / Government,MALE fixed-wing,Not specified,3,UAV-864D8FEC9E00,MQ-1C Gray Eagle,2026-08-02T16:05:02+00:00
1064,MQ-25 Stingray,Global UAV Database 2026 seed package,Internal curated seed | https://dronecenter.bard.edu/files/2019/10/CSD-Drone-Databook-Web.pdf,UAV-0417,United States,Boeing,Military / Government,Carrier fixed-wing,Not specified,3,UAV-0B8FC0E9C9F7,MQ-25 Stingray,2026-08-02T16:05:02+00:00
1065,MQ-4C Triton,Global UAV Database 2026 seed package,Internal curated seed | https://dronecenter.bard.edu/files/2019/10/CSD-Drone-Databook-Web.pdf,UAV-0418,United States,Northrop Grumman,Military / Government,HALE fixed-wing,Not specified,3,UAV-6FB05E2123B3,MQ-4C Triton,2026-08-02T16:05:02+00:00
1222,MQ-8 Fire Scout ( C ),Global UAV Database 2026 seed package,https://dronecenter.bard.edu/files/2019/10/CSD-Drone-Databook-Web.pdf,UAV-0575,United States,Northrop Grumman,Military / Government,Large / strategic; Rotary-wing,In use or under development as documented in 2019,3,UAV-C9A6ED45C8EB,MQ-8 Fire Scout ( C ),2026-08-02T16:05:02+00:00
1223,MQ-9 Reaper,Global UAV Database 2026 seed package,https://dronecenter.bard.edu/files/2019/10/CSD-Drone-Databook-Web.pdf,UAV-0576,United States,GA-ASI,Military / Government,Large / strategic; Fixed-wing,In use or under development as documented in 2019,3,UAV-EBFB3D60FFEF,MQ-9 Reaper,2026-08-02T16:05:02+00:00
1066,MQ-9A Reaper,Global UAV Database 2026 seed package,Internal curated seed,UAV-0419,United States,,Military / Government,MALE fixed-wing,Not specified,3,UAV-C39844FFCF4D,MQ-9A Reaper,2026-08-02T16:05:02+00:00
1067,MQ-9B SkyGuardian/SeaGuardian,Global UAV Database 2026 seed package,Internal curated seed,UAV-0420,United States,,Military / Government,MALE fixed-wing,Not specified,3,UAV-3EC58CDDB191,MQ-9B SkyGuardian,2026-08-02T16:05:02+00:00
1052,Magura V5,Global UAV Database 2026 seed package,Internal curated seed,UAV-0405,Ukraine,,Military / Government,Uncrewed surface vessel,Not specified,3,UAV-DED9B03FBEA4,Magura V5,2026-08-02T16:05:02+00:00
973,Malloy T150/T400,Global UAV Database 2026 seed package,Internal curated seed,UAV-0326,United Kingdom,,Dual-use,Cargo multirotor,Not specified,3,UAV-779C49346FB2,Malloy T150,2026-08-02T16:05:02+00:00
1062,Manta Ray,Global UAV Database 2026 seed package,Internal curated seed,UAV-0415,United States,,Military / Government,Large autonomous UUV,Not specified,3,UAV-6C872E33587B,Manta Ray,2026-08-02T16:05:02+00:00
781,Mantis G,Global UAV Database 2026 seed package,https://github.com/dronetag/opendronelist,UAV-0134,China,Yuneec,Civilian / Commercial,Commercial multirotor/fixed-wing,Listed in OpenDroneList,3,UAV-49159A898967,Mantis G,2026-08-02T16:05:02+00:00
782,Mantis Q,Global UAV Database 2026 seed package,https://github.com/dronetag/opendronelist,UAV-0135,China,Yuneec,Civilian / Commercial,Commercial multirotor/fixed-wing,Listed in OpenDroneList,3,UAV-59376C70E9A7,Mantis Q,2026-08-02T16:05:02+00:00
783,Matrice 100,Global UAV Database 2026 seed package,https://github.com/dronetag/opendronelist,UAV-0136,China,DJI,Civilian / Commercial,Commercial multirotor/fixed-wing,Listed in OpenDroneList,3,UAV-B65D5828A6F1,Matrice 100,2026-08-02T16:05:02+00:00
784,Matrice 200,Global UAV Database 2026 seed package,https://github.com/dronetag/opendronelist,UAV-0137,China,DJI,Civilian / Commercial,Commercial multirotor/fixed-wing,Listed in OpenDroneList,3,UAV-7844C2248776,Matrice 200,2026-08-02T16:05:02+00:00
785,Matrice 200 V2,Global UAV Database 2026 seed package,https://github.com/dronetag/opendronelist,UAV-0138,China,DJI,Civilian / Commercial,Commercial multirotor/fixed-wing,Listed in OpenDroneList,3,UAV-8EB67B463C0E,Matrice 200 V2,2026-08-02T16:05:02+00:00
786,Matrice 210,Global UAV Database 2026 seed package,https://dronecenter.bard.edu/files/2019/10/CSD-Drone-Databook-Web.pdf | https://github.com/dronetag/opendronelist,UAV-0139,China,DJI,Civilian / Commercial,Commercial multirotor/fixed-wing,Listed in OpenDroneList,3,UAV-51CBFA6F4B07,Matrice 210,2026-08-02T16:05:02+00:00
787,Matrice 210 RTK,Global UAV Database 2026 seed package,https://github.com/dronetag/opendronelist,UAV-0140,China,DJI,Civilian / Commercial,Commercial multirotor/fixed-wing,Listed in OpenDroneList,3,UAV-4E3CC254A0AF,Matrice 210 RTK,2026-08-02T16:05:02+00:00
788,Matrice 210 RTK V2,Global UAV Database 2026 seed package,https://github.com/dronetag/opendronelist,UAV-0141,China,DJI,Civilian / Commercial,Commercial multirotor/fixed-wing,Listed in OpenDroneList,3,UAV-9D22B618484A,Matrice 210 RTK V2,2026-08-02T16:05:02+00:00
789,Matrice 210 V2,Global UAV Database 2026 seed package,https://github.com/dronetag/opendronelist,UAV-0142,China,DJI,Civilian / Commercial,Commercial multirotor/fixed-wing,Listed in OpenDroneList,3,UAV-DFFB2247B167,Matrice 210 V2,2026-08-02T16:05:02+00:00
790,Matrice 30,Global UAV Database 2026 seed package,https://github.com/dronetag/opendronelist,UAV-0143,China,DJI,Civilian / Commercial,Commercial multirotor/fixed-wing,Listed in OpenDroneList,3,UAV-CFE071A57EB3,Matrice 30,2026-08-02T16:05:02+00:00
791,Matrice 30 Flysafe C5,Global UAV Database 2026 seed package,https://www.easa.europa.eu/en/domains/drones-air-mobility/drones-evtol-designs/drones-eu-operations/pr-140-matrice-30-flysafe-c5,UAV-0144,China,Flying Eye,Civilian / Commercial,Multirotor,EASA-listed for EU operations,3,UAV-1873737DE18C,Matrice 30 Flysafe C5,2026-08-02T16:05:02+00:00
792,Matrice 300 RTK,Global UAV Database 2026 seed package,https://github.com/dronetag/opendronelist,UAV-0145,China,DJI,Civilian / Commercial,Commercial multirotor/fixed-wing,Listed in OpenDroneList,3,UAV-ED54B955280F,Matrice 300 RTK,2026-08-02T16:05:02+00:00
793,Matrice 30T,Global UAV Database 2026 seed package,https://github.com/dronetag/opendronelist,UAV-0146,China,DJI,Civilian / Commercial,Commercial multirotor/fixed-wing,Listed in OpenDroneList,3,UAV-680F8BA92BE3,Matrice 30T,2026-08-02T16:05:02+00:00
794,Matrice 30T Flysafe c5,Global UAV Database 2026 seed package,https://www.easa.europa.eu/en/domains/drones-air-mobility/drones-evtol-designs/drones-eu-operations/pr-141-matrice-30t-flysafe-c5,UAV-0147,China,Flying Eye,Civilian / Commercial,Multirotor,EASA-listed for EU operations,3,UAV-9934639E84BE,Matrice 30T Flysafe c5,2026-08-02T16:05:02+00:00
795,Matrice 350 RTK C5,Global UAV Database 2026 seed package,https://www.easa.europa.eu/en/domains/drones-air-mobility/drones-evtol-designs/drones-eu-operations/pr-236-matrice-350-c5,UAV-0148,China,DRONAVIA,Civilian / Commercial,Multirotor,EASA-listed for EU operations,3,UAV-68C4CD8C19F9,Matrice 350 RTK C5,2026-08-02T16:05:02+00:00
796,Matrice 350 RTK Flysafe,Global UAV Database 2026 seed package,https://www.easa.europa.eu/en/domains/drones-air-mobility/drones-evtol-designs/drones-eu-operations/pr-120-matrice-350-rtk,UAV-0149,China,Flying Eye,Civilian / Commercial,Multirotor,EASA-listed for EU operations,3,UAV-C72F6DA02A24,Matrice 350 RTK Flysafe,2026-08-02T16:05:02+00:00
797,Matrice 4 Flysafe C5,Global UAV Database 2026 seed package,https://www.easa.europa.eu/en/domains/drones-air-mobility/drones-evtol-designs/drones-eu-operations/pr-326-matrice-4-flysafe-c5,UAV-0150,China,Flying Eye,Civilian / Commercial,Multirotor,EASA-listed for EU operations,3,UAV-44B01E9B37C1,Matrice 4 Flysafe C5,2026-08-02T16:05:02+00:00
798,Matrice 4D Flysafe C5,Global UAV Database 2026 seed package,https://www.easa.europa.eu/en/domains/drones-air-mobility/drones-evtol-designs/drones-eu-operations/pr-548-matrice-4d-flysafe-c5,UAV-0151,China,Flying Eye,Civilian / Commercial,Multirotor,EASA-listed for EU operations,3,UAV-89B9DD64FD70,Matrice 4D Flysafe C5,2026-08-02T16:05:02+00:00
799,Matrice 4T Flysafe C5,Global UAV Database 2026 seed package,https://www.easa.europa.eu/en/domains/drones-air-mobility/drones-evtol-designs/drones-eu-operations/pr-327-matrice-4t-flysafe-c5,UAV-0152,China,Flying Eye,Civilian / Commercial,Multirotor,EASA-listed for EU operations,3,UAV-58192873EC03,Matrice 4T Flysafe C5,2026-08-02T16:05:02+00:00
800,Matrice 600,Global UAV Database 2026 seed package,https://github.com/dronetag/opendronelist,UAV-0153,China,DJI,Civilian / Commercial,Commercial multirotor/fixed-wing,Listed in OpenDroneList,3,UAV-6CE53F35505D,Matrice 600,2026-08-02T16:05:02+00:00
801,Matrice 600 Pro,Global UAV Database 2026 seed package,https://github.com/dronetag/opendronelist,UAV-0154,China,DJI,Civilian / Commercial,Commercial multirotor/fixed-wing,Listed in OpenDroneList,3,UAV-49F82E86B55B,Matrice 600 Pro,2026-08-02T16:05:02+00:00
674,Matternet M2,Global UAV Database 2026 seed package,Internal curated seed,UAV-0027,United States / Switzerland,,Civilian / Commercial,Delivery multirotor,Not specified,3,UAV-1FBBCEFCB279,Matternet M2,2026-08-02T16:05:02+00:00
1106,Mavic,Global UAV Database 2026 seed package,https://dronecenter.bard.edu/files/2019/10/CSD-Drone-Databook-Web.pdf,UAV-0459,China,DJI,Military / Government,Small / tactical; Rotary-wing,In use or under development as documented in 2019,3,UAV-BBA318BBB39B,Mavic,2026-08-02T16:05:02+00:00
802,Mavic 2 Enterprise,Global UAV Database 2026 seed package,https://github.com/dronetag/opendronelist,UAV-0155,China,DJI,Civilian / Commercial,Commercial multirotor/fixed-wing,Listed in OpenDroneList,3,UAV-5640FA5E64E7,Mavic 2 Enterprise,2026-08-02T16:05:02+00:00
803,Mavic 2 Enterprise Advanced,Global UAV Database 2026 seed package,https://github.com/dronetag/opendronelist,UAV-0156,China,DJI,Civilian / Commercial,Commercial multirotor/fixed-wing,Listed in OpenDroneList,3,UAV-4FA8E734CB80,Mavic 2 Enterprise Advanced,2026-08-02T16:05:02+00:00
804,Mavic 2 Enterprise Dual,Global UAV Database 2026 seed package,https://github.com/dronetag/opendronelist,UAV-0157,China,DJI,Civilian / Commercial,Commercial multirotor/fixed-wing,Listed in OpenDroneList,3,UAV-E69FE3043436,Mavic 2 Enterprise Dual,2026-08-02T16:05:02+00:00
805,Mavic 2 Pro,Global UAV Database 2026 seed package,https://github.com/dronetag/opendronelist,UAV-0158,China,DJI,Civilian / Commercial,Commercial multirotor/fixed-wing,Listed in OpenDroneList,3,UAV-B3ABC8FDA762,Mavic 2 Pro,2026-08-02T16:05:02+00:00
806,Mavic 2 Zoom,Global UAV Database 2026 seed package,https://github.com/dronetag/opendronelist,UAV-0159,China,DJI,Civilian / Commercial,Commercial multirotor/fixed-wing,Listed in OpenDroneList,3,UAV-4E8A21A25A7E,Mavic 2 Zoom,2026-08-02T16:05:02+00:00
807,Mavic 3,Global UAV Database 2026 seed package,https://github.com/dronetag/opendronelist,UAV-0160,China,DJI,Civilian / Commercial,Commercial multirotor/fixed-wing,Listed in OpenDroneList,3,UAV-CB174CE425A5,Mavic 3,2026-08-02T16:05:02+00:00
808,Mavic 3 3E,Global UAV Database 2026 seed package,https://github.com/dronetag/opendronelist,UAV-0161,China,DJI,Civilian / Commercial,Commercial multirotor/fixed-wing,Listed in OpenDroneList,3,UAV-88E6FF949394,Mavic 3 3E,2026-08-02T16:05:02+00:00
809,Mavic 3 3M,Global UAV Database 2026 seed package,https://github.com/dronetag/opendronelist,UAV-0162,China,DJI,Civilian / Commercial,Commercial multirotor/fixed-wing,Listed in OpenDroneList,3,UAV-818D7582B68C,Mavic 3 3M,2026-08-02T16:05:02+00:00
810,Mavic 3 3T,Global UAV Database 2026 seed package,https://github.com/dronetag/opendronelist,UAV-0163,China,DJI,Civilian / Commercial,Commercial multirotor/fixed-wing,Listed in OpenDroneList,3,UAV-CD42D555D3BB,Mavic 3 3T,2026-08-02T16:05:02+00:00
811,Mavic 3 Cine,Global UAV Database 2026 seed package,https://github.com/dronetag/opendronelist,UAV-0164,China,DJI,Civilian / Commercial,Commercial multirotor/fixed-wing,Listed in OpenDroneList,3,UAV-6002FFBDF6DD,Mavic 3 Cine,2026-08-02T16:05:02+00:00
812,Mavic 3 Pro Cine Flysafe C5,Global UAV Database 2026 seed package,https://www.easa.europa.eu/en/domains/drones-air-mobility/drones-evtol-designs/drones-eu-operations/pr-173-mavic-3-pro-cine,UAV-0165,China,Flying Eye,Civilian / Commercial,Multirotor,EASA-listed for EU operations,3,UAV-3175E146ECAF,Mavic 3 Pro Cine Flysafe C5,2026-08-02T16:05:02+00:00
813,Mavic 3 Pro Flysafe C5,Global UAV Database 2026 seed package,https://www.easa.europa.eu/en/domains/drones-air-mobility/drones-evtol-designs/drones-eu-operations/pr-151-mavic-3-pro-flysafe-c5,UAV-0166,China,Flying Eye,Civilian / Commercial,Multirotor,EASA-listed for EU operations,3,UAV-8DEB5E594F4A,Mavic 3 Pro Flysafe C5,2026-08-02T16:05:02+00:00
814,Mavic 3E Flysafe,Global UAV Database 2026 seed package,https://www.easa.europa.eu/en/domains/drones-air-mobility/drones-evtol-designs/drones-eu-operations/pr-116-mavic-3e-flysafe,UAV-0167,China,Flying Eye,Civilian / Commercial,Multirotor,EASA-listed for EU operations,3,UAV-315701B7790D,Mavic 3E Flysafe,2026-08-02T16:05:02+00:00
815,Mavic 3M Flysafe,Global UAV Database 2026 seed package,https://www.easa.europa.eu/en/domains/drones-air-mobility/drones-evtol-designs/drones-eu-operations/pr-119-mavic-3m-flysafe,UAV-0168,China,Flying Eye,Civilian / Commercial,Multirotor,EASA-listed for EU operations,3,UAV-01334B19BC78,Mavic 3M Flysafe,2026-08-02T16:05:02+00:00
816,Mavic 3T Flysafe,Global UAV Database 2026 seed package,https://www.easa.europa.eu/en/domains/drones-air-mobility/drones-evtol-designs/drones-eu-operations/pr-118-mavic-3t-flysafe,UAV-0169,China,Flying Eye,Civilian / Commercial,Multirotor,EASA-listed for EU operations,3,UAV-84109C1A7F21,Mavic 3T Flysafe,2026-08-02T16:05:02+00:00
817,Mavic Air,Global UAV Database 2026 seed package,https://github.com/dronetag/opendronelist,UAV-0170,China,DJI,Civilian / Commercial,Commercial multirotor/fixed-wing,Listed in OpenDroneList,3,UAV-1DE44A51588D,Mavic Air,2026-08-02T16:05:02+00:00
818,Mavic Air 2,Global UAV Database 2026 seed package,https://github.com/dronetag/opendronelist,UAV-0171,China,DJI,Civilian / Commercial,Commercial multirotor/fixed-wing,Listed in OpenDroneList,3,UAV-E95F0F16D59A,Mavic Air 2,2026-08-02T16:05:02+00:00
819,Mavic Mini,Global UAV Database 2026 seed package,https://github.com/dronetag/opendronelist,UAV-0172,China,DJI,Civilian / Commercial,Commercial multirotor/fixed-wing,Listed in OpenDroneList,3,UAV-8E4481AAC75A,Mavic Mini,2026-08-02T16:05:02+00:00
820,Mavic Pro,Global UAV Database 2026 seed package,https://github.com/dronetag/opendronelist,UAV-0173,China,DJI,Civilian / Commercial,Commercial multirotor/fixed-wing,Listed in OpenDroneList,3,UAV-F88296E43318,Mavic Pro,2026-08-02T16:05:02+00:00
821,Mavic Pro Platinum,Global UAV Database 2026 seed package,https://github.com/dronetag/opendronelist,UAV-0174,China,DJI,Civilian / Commercial,Commercial multirotor/fixed-wing,Listed in OpenDroneList,3,UAV-0799E483E893,Mavic Pro Platinum,2026-08-02T16:05:02+00:00
822,Mi Drone 4K,Global UAV Database 2026 seed package,https://github.com/dronetag/opendronelist,UAV-0175,China,Xiaomi,Civilian / Commercial,Commercial multirotor/fixed-wing,Listed in OpenDroneList,3,UAV-70794A9A87C6,Mi Drone 4K,2026-08-02T16:05:02+00:00
823,Mi Drone Mini,Global UAV Database 2026 seed package,https://github.com/dronetag/opendronelist,UAV-0176,China,Xiaomi,Civilian / Commercial,Commercial multirotor/fixed-wing,Listed in OpenDroneList,3,UAV-E9FD7B3CED3B,Mi Drone Mini,2026-08-02T16:05:02+00:00
1144,MicroFalcon,Global UAV Database 2026 seed package,https://dronecenter.bard.edu/files/2019/10/CSD-Drone-Databook-Web.pdf,UAV-0497,Israel,Innocon,Military / Government,Small / tactical; Fixed-wing,In use or under development as documented in 2019,3,UAV-9E52C92C54CA,MicroFalcon,2026-08-02T16:05:02+00:00
656,Microdrones md4-3000,Global UAV Database 2026 seed package,Internal curated seed,UAV-0009,Germany,,Civilian / Commercial,Heavy multirotor,Not specified,3,UAV-54633801E9F1,Microdrones md4-3000,2026-08-02T16:05:02+00:00
1032,Milkor 380,Global UAV Database 2026 seed package,Internal curated seed,UAV-0385,South Africa,,Military / Government,MALE fixed-wing,Not specified,3,UAV-6AA0344040FE,Milkor 380,2026-08-02T16:05:02+00:00
824,Mini 2,Global UAV Database 2026 seed package,https://github.com/dronetag/opendronelist,UAV-0177,China,DJI,Civilian / Commercial,Commercial multirotor/fixed-wing,Listed in OpenDroneList,3,UAV-B95A493A456C,Mini 2,2026-08-02T16:05:02+00:00
825,Mini 3 Pro,Global UAV Database 2026 seed package,https://github.com/dronetag/opendronelist,UAV-0178,China,DJI,Civilian / Commercial,Commercial multirotor/fixed-wing,Listed in OpenDroneList,3,UAV-C83D7BF6BB8A,Mini 3 Pro,2026-08-02T16:05:02+00:00
826,Mini 4 Pro,Global UAV Database 2026 seed package,https://github.com/dronetag/opendronelist,UAV-0179,China,DJI,Civilian / Commercial,Commercial multirotor/fixed-wing,Listed in OpenDroneList,3,UAV-8E968C9EE576,Mini 4 Pro,2026-08-02T16:05:02+00:00
1132,Mohajer-2,Global UAV Database 2026 seed package,https://dronecenter.bard.edu/files/2019/10/CSD-Drone-Databook-Web.pdf,UAV-0485,Iran,Qods Aviation,Military / Government,Small / tactical; Fixed-wing,In use or under development as documented in 2019,3,UAV-E03E34AB1890,Mohajer-2,2026-08-02T16:05:02+00:00
1133,Mohajer-4,Global UAV Database 2026 seed package,https://dronecenter.bard.edu/files/2019/10/CSD-Drone-Databook-Web.pdf,UAV-0486,Iran,Qods Aviation,Military / Government,Medium tactical; Fixed-wing,In use or under development as documented in 2019,3,UAV-9C302D5FB3AA,Mohajer-4,2026-08-02T16:05:02+00:00
1005,Mohajer-6,Global UAV Database 2026 seed package,Internal curated seed | https://dronecenter.bard.edu/files/2019/10/CSD-Drone-Databook-Web.pdf,UAV-0358,Iran,Qods Aviation,Military / Government,Tactical/MALE fixed-wing,Not specified,3,UAV-1D5BDF028878,Mohajer-6,2026-08-02T16:05:02+00:00
1085,Mosquito,Global UAV Database 2026 seed package,https://dronecenter.bard.edu/files/2019/10/CSD-Drone-Databook-Web.pdf,UAV-0438,Belarus,558 Aviation Repair Plant,Military / Government,Small / tactical; Fixed-wing,In use or under development as documented in 2019,3,UAV-A0D889B92D90,Mosquito,2026-08-02T16:05:02+00:00
901,MéthoDrone Distribution,Global UAV Database 2026 seed package,https://www.easa.europa.eu/en/domains/drones-air-mobility/drones-evtol-designs/drones-eu-operations/pr-477-helios,UAV-0254,France,METHODRONE DISTRIBUTION,Civilian / Commercial,Multirotor,EASA-listed for EU operations,3,UAV-5595FF707B57,MéthoDrone Distribution,2026-08-02T16:05:02+00:00
864,NDN Electric Drone,Global UAV Database 2026 seed package,https://www.easa.europa.eu/en/domains/drones-air-mobility/drones-evtol-designs/drones-eu-operations/pr-202-ndn-electric-drone,UAV-0217,Finland,NOKIA SOLUTIONS AND NETWORKS OY,Civilian / Commercial,Multirotor,EASA-listed for EU operations,3,UAV-7E271331F64B,NDN Electric Drone,2026-08-02T16:05:02+00:00
865,NDN electric drone XLR,Global UAV Database 2026 seed package,https://www.easa.europa.eu/en/domains/drones-air-mobility/drones-evtol-designs/drones-eu-operations/pr-695-ndn-electric-drone-xlr,UAV-0218,Finland,NOKIA SOLUTIONS AND NETWORKS OY,Civilian / Commercial,Multirotor,EASA-listed for EU operations,3,UAV-2D9937F579CB,NDN electric drone XLR,2026-08-02T16:05:02+00:00
1121,NX70,Global UAV Database 2026 seed package,https://dronecenter.bard.edu/files/2019/10/CSD-Drone-Databook-Web.pdf,UAV-0474,France,Novadem,Military / Government,Small / tactical; Rotary-wing,In use or under development as documented in 2019,3,UAV-E63D0E7153E3,NX70,2026-08-02T16:05:02+00:00
1200,Narai 3.0,Global UAV Database 2026 seed package,https://dronecenter.bard.edu/files/2019/10/CSD-Drone-Databook-Web.pdf,UAV-0553,Thailand,Naval Research and Development Office (NRDO),Military / Government,Small / tactical; Rotary-wing,In use or under development as documented in 2019,3,UAV-F8BA49AFF2BA,Narai 3.0,2026-08-02T16:05:02+00:00
967,Netra V-series,Global UAV Database 2026 seed package,Internal curated seed,UAV-0320,India,,Dual-use,Small multirotor,Not specified,3,UAV-2C7B471A53CB,Netra V-series,2026-08-02T16:05:02+00:00
1000,NewSpace BEL VUAV concepts,Global UAV Database 2026 seed package,Internal curated seed,UAV-0353,India,,Military / Government,Swarm / tactical UAS,Not specified,3,UAV-E14DA18A5F4F,NewSpace BEL VUAV concepts,2026-08-02T16:05:02+00:00
1087,NightHawk IV,Global UAV Database 2026 seed package,https://dronecenter.bard.edu/files/2019/10/CSD-Drone-Databook-Web.pdf,UAV-0440,Canada,ARA Robotics,Military / Government,Small / tactical; Fixed-wing,In use or under development as documented in 2019,3,UAV-FD98C55ACC3A,NightHawk IV,2026-08-02T16:05:02+00:00
1001,Nishant,Global UAV Database 2026 seed package,Internal curated seed,UAV-0354,India,,Military / Government,Tactical fixed-wing,Not specified,3,UAV-5F2826243549,Nishant,2026-08-02T16:05:02+00:00
1210,Observer-S,Global UAV Database 2026 seed package,https://dronecenter.bard.edu/files/2019/10/CSD-Drone-Databook-Web.pdf,UAV-0563,Ukraine,Def C,Military / Government,Small / tactical; Fixed-wing,In use or under development as documented in 2019,3,UAV-E093DA4A9788,Observer-S,2026-08-02T16:05:02+00:00
1134,Oghab-1,Global UAV Database 2026 seed package,https://dronecenter.bard.edu/files/2019/10/CSD-Drone-Databook-Web.pdf,UAV-0487,Iran,Farnas Aerospace,Military / Government,Small / tactical; Fixed-wing,In use or under development as documented in 2019,3,UAV-251CDBA79CC7,Oghab-1,2026-08-02T16:05:02+00:00
1145,Orbiter (Orbiter 3),Global UAV Database 2026 seed package,https://dronecenter.bard.edu/files/2019/10/CSD-Drone-Databook-Web.pdf,UAV-0498,Israel,Aeronautics,Military / Government,Small / tactical; Fixed-wing,In use or under development as documented in 2019,3,UAV-3986E1C4FBC5,Orbiter (Orbiter 3),2026-08-02T16:05:02+00:00
968,Orbiter family,Global UAV Database 2026 seed package,Internal curated seed,UAV-0321,Israel,,Dual-use,Small fixed-wing,Not specified,3,UAV-914D8E5FF726,Orbiter family,2026-08-02T16:05:02+00:00
1146,Orbiter-1K,Global UAV Database 2026 seed package,https://dronecenter.bard.edu/files/2019/10/CSD-Drone-Databook-Web.pdf,UAV-0499,Israel,Aeronautics,Military / Government,Small / tactical; Fixed-wing,In use or under development as documented in 2019,3,UAV-58E06BBE079A,Orbiter-1K,2026-08-02T16:05:02+00:00
1177,Orion,Global UAV Database 2026 seed package,https://dronecenter.bard.edu/files/2019/10/CSD-Drone-Databook-Web.pdf,UAV-0530,Russia,Kronshtadt Group,Military / Government,Large / strategic; Fixed-wing,In use or under development as documented in 2019,3,UAV-091E17A9B3E1,Orion,2026-08-02T16:05:02+00:00
1026,Orion / Inokhodets,Global UAV Database 2026 seed package,Internal curated seed,UAV-0379,Russia,,Military / Government,MALE fixed-wing,Not specified,3,UAV-091E17A9B3E1,Orion,2026-08-02T16:05:02+00:00
1027,Orlan-10,Global UAV Database 2026 seed package,Internal curated seed | https://dronecenter.bard.edu/files/2019/10/CSD-Drone-Databook-Web.pdf,UAV-0380,Russia,Special Technology Center,Military / Government,Small fixed-wing,Not specified,3,UAV-0D8B967D09E8,Orlan-10,2026-08-02T16:05:02+00:00
1028,Orlan-30,Global UAV Database 2026 seed package,Internal curated seed,UAV-0381,Russia,,Military / Government,Small fixed-wing,Not specified,3,UAV-31D5CE08FCB1,Orlan-30,2026-08-02T16:05:02+00:00
1156,P.1HH Hammer- Head,Global UAV Database 2026 seed package,https://dronecenter.bard.edu/files/2019/10/CSD-Drone-Databook-Web.pdf,UAV-0509,Italy,Piaggio Aerospace,Military / Government,Large / strategic; Fixed-wing,In use or under development as documented in 2019,3,UAV-40D4A58163CF,P.1HH Hammer- Head,2026-08-02T16:05:02+00:00
1053,PD-2,Global UAV Database 2026 seed package,Internal curated seed,UAV-0406,Ukraine,,Military / Government,VTOL fixed-wing,Not specified,3,UAV-9835E962E13F,PD-2,2026-08-02T16:05:02+00:00
1170,PGZ-19R,Global UAV Database 2026 seed package,https://dronecenter.bard.edu/files/2019/10/CSD-Drone-Databook-Web.pdf,UAV-0523,Peru,WZL-2,Military / Government,Small / tactical; Fixed-wing,In use or under development as documented in 2019,3,UAV-7D12042571A0,PGZ-19R,2026-08-02T16:05:02+00:00
677,PRS-M4EX,Global UAV Database 2026 seed package,https://www.easa.europa.eu/en/domains/drones-air-mobility/drones-evtol-designs/drones-eu-operations/pr-467-avss-prs-m4ex,UAV-0030,Canada,AVSS - Aerial Vehicle Safety Solutions Inc.,Civilian / Commercial,Multirotor,EASA-listed for EU operations,3,UAV-C503C1DAEDDE,PRS-M4EX,2026-08-02T16:05:02+00:00
1130,PUNA Wulung,Global UAV Database 2026 seed package,https://dronecenter.bard.edu/files/2019/10/CSD-Drone-Databook-Web.pdf,UAV-0483,Indonesia,"BPPT,PTDI",Military / Government,Small / tactical; Fixed-wing,In use or under development as documented in 2019,3,UAV-66A5D6E388A2,PUNA Wulung,2026-08-02T16:05:02+00:00
962,Parrot Anafi AI,Global UAV Database 2026 seed package,Internal curated seed,UAV-0315,France,,Dual-use,Enterprise quadrotor,Not specified,3,UAV-734D69D5E6BE,Parrot Anafi AI,2026-08-02T16:05:02+00:00
963,Parrot Anafi USA,Global UAV Database 2026 seed package,Internal curated seed,UAV-0316,France / United States,,Dual-use,Enterprise quadrotor,Not specified,3,UAV-445FBCEFC9FD,Parrot Anafi USA,2026-08-02T16:05:02+00:00
996,Patroller,Global UAV Database 2026 seed package,Internal curated seed | https://dronecenter.bard.edu/files/2019/10/CSD-Drone-Databook-Web.pdf,UAV-0349,France,Sagem,Military / Government,MALE fixed-wing,Not specified,3,UAV-C431C9B05D4C,Patroller,2026-08-02T16:05:02+00:00
1129,Pegasus II Block I,Global UAV Database 2026 seed package,https://dronecenter.bard.edu/files/2019/10/CSD-Drone-Databook-Web.pdf,UAV-0482,Greece,Hellenic Aerospace Industry,Military / Government,Medium tactical; Fixed-wing,In use or under development as documented in 2019,3,UAV-73630FE6B95C,Pegasus II Block I,2026-08-02T16:05:02+00:00
1162,Penguin C,Global UAV Database 2026 seed package,https://dronecenter.bard.edu/files/2019/10/CSD-Drone-Databook-Web.pdf,UAV-0515,Latvia,UAV Factory,Military / Government,Small / tactical; Fixed-wing,In use or under development as documented in 2019,3,UAV-798D7B0BB16C,Penguin C,2026-08-02T16:05:02+00:00
1107,Phantom,Global UAV Database 2026 seed package,https://dronecenter.bard.edu/files/2019/10/CSD-Drone-Databook-Web.pdf,UAV-0460,China,DJI,Military / Government,Small / tactical; Rotary-wing,In use or under development as documented in 2019,3,UAV-D969E7E0B057,Phantom,2026-08-02T16:05:02+00:00
827,Phantom 1,Global UAV Database 2026 seed package,https://github.com/dronetag/opendronelist,UAV-0180,China,DJI,Civilian / Commercial,Commercial multirotor/fixed-wing,Listed in OpenDroneList,3,UAV-057FB7A29280,Phantom 1,2026-08-02T16:05:02+00:00
828,Phantom 2,Global UAV Database 2026 seed package,https://github.com/dronetag/opendronelist,UAV-0181,China,DJI,Civilian / Commercial,Commercial multirotor/fixed-wing,Listed in OpenDroneList,3,UAV-E97E698229F1,Phantom 2,2026-08-02T16:05:02+00:00
829,Phantom 2 Vision,Global UAV Database 2026 seed package,https://github.com/dronetag/opendronelist,UAV-0182,China,DJI,Civilian / Commercial,Commercial multirotor/fixed-wing,Listed in OpenDroneList,3,UAV-90DA8CEDC0C0,Phantom 2 Vision,2026-08-02T16:05:02+00:00
830,Phantom 3 4k,Global UAV Database 2026 seed package,https://github.com/dronetag/opendronelist,UAV-0183,China,DJI,Civilian / Commercial,Commercial multirotor/fixed-wing,Listed in OpenDroneList,3,UAV-22B9CC1F89D3,Phantom 3 4k,2026-08-02T16:05:02+00:00
831,Phantom 3 Advanced,Global UAV Database 2026 seed package,https://github.com/dronetag/opendronelist,UAV-0184,China,DJI,Civilian / Commercial,Commercial multirotor/fixed-wing,Listed in OpenDroneList,3,UAV-B971D4C1FCF0,Phantom 3 Advanced,2026-08-02T16:05:02+00:00
832,Phantom 3 Professional,Global UAV Database 2026 seed package,https://github.com/dronetag/opendronelist,UAV-0185,China,DJI,Civilian / Commercial,Commercial multirotor/fixed-wing,Listed in OpenDroneList,3,UAV-4435E8ECFBEE,Phantom 3 Professional,2026-08-02T16:05:02+00:00
833,Phantom 3 SE,Global UAV Database 2026 seed package,https://github.com/dronetag/opendronelist,UAV-0186,China,DJI,Civilian / Commercial,Commercial multirotor/fixed-wing,Listed in OpenDroneList,3,UAV-5DEBF68F623B,Phantom 3 SE,2026-08-02T16:05:02+00:00
834,Phantom 3 Standard,Global UAV Database 2026 seed package,https://github.com/dronetag/opendronelist,UAV-0187,China,DJI,Civilian / Commercial,Commercial multirotor/fixed-wing,Listed in OpenDroneList,3,UAV-D057E3549F58,Phantom 3 Standard,2026-08-02T16:05:02+00:00
835,Phantom 4,Global UAV Database 2026 seed package,https://github.com/dronetag/opendronelist,UAV-0188,China,DJI,Civilian / Commercial,Commercial multirotor/fixed-wing,Listed in OpenDroneList,3,UAV-D40E291EB72B,Phantom 4,2026-08-02T16:05:02+00:00
836,Phantom 4 Advanced,Global UAV Database 2026 seed package,https://github.com/dronetag/opendronelist,UAV-0189,China,DJI,Civilian / Commercial,Commercial multirotor/fixed-wing,Listed in OpenDroneList,3,UAV-2DE7DF0D23F1,Phantom 4 Advanced,2026-08-02T16:05:02+00:00
837,Phantom 4 Multispectral,Global UAV Database 2026 seed package,https://github.com/dronetag/opendronelist,UAV-0190,China,DJI,Civilian / Commercial,Commercial multirotor/fixed-wing,Listed in OpenDroneList,3,UAV-38D6EC0511FE,Phantom 4 Multispectral,2026-08-02T16:05:02+00:00
838,Phantom 4 Pro,Global UAV Database 2026 seed package,https://github.com/dronetag/opendronelist,UAV-0191,China,DJI,Civilian / Commercial,Commercial multirotor/fixed-wing,Listed in OpenDroneList,3,UAV-1B9591BBC42B,Phantom 4 Pro,2026-08-02T16:05:02+00:00
839,Phantom 4 Pro V2.0,Global UAV Database 2026 seed package,https://github.com/dronetag/opendronelist,UAV-0192,China,DJI,Civilian / Commercial,Commercial multirotor/fixed-wing,Listed in OpenDroneList,3,UAV-C34EB3C5BC65,Phantom 4 Pro V2.0,2026-08-02T16:05:02+00:00
840,Phantom 4 RTK,Global UAV Database 2026 seed package,https://github.com/dronetag/opendronelist,UAV-0193,China,DJI,Civilian / Commercial,Commercial multirotor/fixed-wing,Listed in OpenDroneList,3,UAV-F88FF750D153,Phantom 4 RTK,2026-08-02T16:05:02+00:00
841,Phantom FC40,Global UAV Database 2026 seed package,https://github.com/dronetag/opendronelist,UAV-0194,China,DJI,Civilian / Commercial,Commercial multirotor/fixed-wing,Listed in OpenDroneList,3,UAV-DB5F238393FC,Phantom FC40,2026-08-02T16:05:02+00:00
1224,Phoenix 30,Global UAV Database 2026 seed package,https://dronecenter.bard.edu/files/2019/10/CSD-Drone-Databook-Web.pdf,UAV-0577,United States,UAV Solutions,Military / Government,Small / tactical; Rotary-wing,In use or under development as documented in 2019,3,UAV-A6E066A8645A,Phoenix 30,2026-08-02T16:05:02+00:00
1068,Phoenix Ghost family,Global UAV Database 2026 seed package,Internal curated seed,UAV-0421,United States,,Military / Government,Loitering munition,Not specified,3,UAV-1E7FF1E21E37,Phoenix Ghost family,2026-08-02T16:05:02+00:00
1058,Protector RG Mk1,Global UAV Database 2026 seed package,Internal curated seed,UAV-0411,United Kingdom,,Military / Government,MQ-9B MALE,Not specified,3,UAV-228F8945A112,Protector RG Mk1,2026-08-02T16:05:02+00:00
1178,Ptero-5E,Global UAV Database 2026 seed package,https://dronecenter.bard.edu/files/2019/10/CSD-Drone-Databook-Web.pdf,UAV-0531,Russia,AFM Servers,Military / Government,Small / tactical; Fixed-wing,In use or under development as documented in 2019,3,UAV-6991821F6538,Ptero-5E,2026-08-02T16:05:02+00:00
978,Puma AE,Global UAV Database 2026 seed package,Internal curated seed,UAV-0331,United States,,Dual-use,Small hand-launched fixed-wing,Not specified,3,UAV-69D951181326,Puma AE,2026-08-02T16:05:02+00:00
1056,QX-4 / QX-5 families,Global UAV Database 2026 seed package,Internal curated seed,UAV-0409,United Arab Emirates,,Military / Government,Loitering / tactical UAS,Not specified,3,UAV-52FA7E4BC8C0,QX-4,2026-08-02T16:05:02+00:00
1108,Qi Mingxing,Global UAV Database 2026 seed package,https://dronecenter.bard.edu/files/2019/10/CSD-Drone-Databook-Web.pdf,UAV-0461,China,AVIC,Military / Government,Large / strategic; Rotary-wing,In use or under development as documented in 2019,3,UAV-E0D9B7C1B791,Qi Mingxing,2026-08-02T16:05:02+00:00
964,Quantum Systems Vector,Global UAV Database 2026 seed package,Internal curated seed,UAV-0317,Germany,,Dual-use,VTOL fixed-wing,Not specified,3,UAV-F70D1BE1A9A2,Quantum Systems Vector,2026-08-02T16:05:02+00:00
1186,RQ-101 Falcon,Global UAV Database 2026 seed package,https://dronecenter.bard.edu/files/2019/10/CSD-Drone-Databook-Web.pdf,UAV-0539,South Korea,KAI,Military / Government,Medium tactical; Fixed-wing,In use or under development as documented in 2019,3,UAV-CD89197B617A,RQ-101 Falcon,2026-08-02T16:05:02+00:00
1037,RQ-101 Songgolmae,Global UAV Database 2026 seed package,Internal curated seed,UAV-0390,South Korea,,Military / Government,Tactical fixed-wing,Not specified,3,UAV-07838573A23A,RQ-101 Songgolmae,2026-08-02T16:05:02+00:00
1187,RQ-102,Global UAV Database 2026 seed package,https://dronecenter.bard.edu/files/2019/10/CSD-Drone-Databook-Web.pdf,UAV-0540,South Korea,KAI,Military / Government,Medium tactical; Fixed-wing,In use or under development as documented in 2019,3,UAV-73B323640E03,RQ-102,2026-08-02T16:05:02+00:00
1225,RQ-11,Global UAV Database 2026 seed package,https://dronecenter.bard.edu/files/2019/10/CSD-Drone-Databook-Web.pdf,UAV-0578,United States,AeroVironment,Military / Government,Small / tactical; Fixed-wing,In use or under development as documented in 2019,3,UAV-BECA73270CDB,RQ-11,2026-08-02T16:05:02+00:00
1226,RQ-12 Wasp,Global UAV Database 2026 seed package,https://dronecenter.bard.edu/files/2019/10/CSD-Drone-Databook-Web.pdf,UAV-0579,United States,AeroVironment,Military / Government,Small / tactical; Fixed-wing,In use or under development as documented in 2019,3,UAV-635EF70F8D60,RQ-12 Wasp,2026-08-02T16:05:02+00:00
1070,RQ-170 Sentinel,Global UAV Database 2026 seed package,Internal curated seed | https://dronecenter.bard.edu/files/2019/10/CSD-Drone-Databook-Web.pdf,UAV-0423,United States,Lockheed Martin,Military / Government,Low-observable flying wing,Not specified,3,UAV-81280961FB08,RQ-170 Sentinel,2026-08-02T16:05:02+00:00
1227,RQ-180,Global UAV Database 2026 seed package,https://dronecenter.bard.edu/files/2019/10/CSD-Drone-Databook-Web.pdf,UAV-0580,United States,Northrop Grumman,Military / Government,Large / strategic; Fixed-wing,In use or under development as documented in 2019,3,UAV-848F374E7C7E,RQ-180,2026-08-02T16:05:02+00:00
1228,RQ-20 Puma (AE),Global UAV Database 2026 seed package,https://dronecenter.bard.edu/files/2019/10/CSD-Drone-Databook-Web.pdf,UAV-0581,United States,AeroVironment,Military / Government,Small / tactical; Fixed-wing,In use or under development as documented in 2019,3,UAV-DD6531EF2CDD,RQ-20 Puma (AE),2026-08-02T16:05:02+00:00
1229,RQ-21 Blackjack,Global UAV Database 2026 seed package,https://dronecenter.bard.edu/files/2019/10/CSD-Drone-Databook-Web.pdf,UAV-0582,United States,Insitu,Military / Government,Small / tactical; Fixed-wing,In use or under development as documented in 2019,3,UAV-72A1AEC4E0CA,RQ-21 Blackjack,2026-08-02T16:05:02+00:00
1071,RQ-21A Blackjack,Global UAV Database 2026 seed package,Internal curated seed,UAV-0424,United States,,Military / Government,Tactical fixed-wing,Not specified,3,UAV-88E36D91D90C,RQ-21A Blackjack,2026-08-02T16:05:02+00:00
1230,RQ-23 Tigershark,Global UAV Database 2026 seed package,https://dronecenter.bard.edu/files/2019/10/CSD-Drone-Databook-Web.pdf,UAV-0583,United States,Navmar Applied Sciences Corporation,Military / Government,Medium tactical; Fixed-wing,In use or under development as documented in 2019,3,UAV-95B4AA3D86A0,RQ-23 Tigershark,2026-08-02T16:05:02+00:00
1157,RQ-24A Sixton,Global UAV Database 2026 seed package,https://dronecenter.bard.edu/files/2019/10/CSD-Drone-Databook-Web.pdf,UAV-0510,Italy,Alpi Aviation,Military / Government,Small / tactical; Rotary-wing,In use or under development as documented in 2019,3,UAV-AF03A149AC35,RQ-24A Sixton,2026-08-02T16:05:02+00:00
1072,RQ-4 Global Hawk,Global UAV Database 2026 seed package,Internal curated seed | https://dronecenter.bard.edu/files/2019/10/CSD-Drone-Databook-Web.pdf,UAV-0425,United States,Northrop Grumman,Military / Government,HALE fixed-wing,Not specified,3,UAV-06763535C536,RQ-4 Global Hawk,2026-08-02T16:05:02+00:00
1231,RQ-7 Shadow,Global UAV Database 2026 seed package,https://dronecenter.bard.edu/files/2019/10/CSD-Drone-Databook-Web.pdf,UAV-0584,United States,AAI,Military / Government,Medium tactical; Fixed-wing,In use or under development as documented in 2019,3,UAV-84E1387E15F7,RQ-7 Shadow,2026-08-02T16:05:02+00:00
1073,RQ-7B Shadow,Global UAV Database 2026 seed package,Internal curated seed,UAV-0426,United States,,Military / Government,Tactical fixed-wing,Not specified,3,UAV-9C0EBD6B98F4,RQ-7B Shadow,2026-08-02T16:05:02+00:00
1152,Ranger,Global UAV Database 2026 seed package,https://dronecenter.bard.edu/files/2019/10/CSD-Drone-Databook-Web.pdf,UAV-0505,Israel / Switzerland,"IAI,RUAG",Military / Government,Medium tactical; Fixed-wing,In use or under development as documented in 2019,3,UAV-E8126C64C348,Ranger,2026-08-02T16:05:02+00:00
1069,Raven RQ-11,Global UAV Database 2026 seed package,Internal curated seed,UAV-0422,United States,,Military / Government,Mini hand-launched fixed-wing,Not specified,3,UAV-17FDC736A8A7,Raven RQ-11,2026-08-02T16:05:02+00:00
1211,Raybird-3,Global UAV Database 2026 seed package,https://dronecenter.bard.edu/files/2019/10/CSD-Drone-Databook-Web.pdf,UAV-0564,Ukraine,AVK Skateon,Military / Government,Small / tactical; Fixed-wing,In use or under development as documented in 2019,3,UAV-B7483DAFE7CD,Raybird-3,2026-08-02T16:05:02+00:00
1184,RemoEye-002B,Global UAV Database 2026 seed package,https://dronecenter.bard.edu/files/2019/10/CSD-Drone-Databook-Web.pdf,UAV-0537,South Korea,UconSystem,Military / Government,Small / tactical; Fixed-wing,In use or under development as documented in 2019,3,UAV-AB800BE58F2B,RemoEye-002B,2026-08-02T16:05:02+00:00
1185,Remoeye-006,Global UAV Database 2026 seed package,https://dronecenter.bard.edu/files/2019/10/CSD-Drone-Databook-Web.pdf,UAV-0538,South Korea,Ucon System,Military / Government,Small / tactical; Fixed-wing,In use or under development as documented in 2019,3,UAV-FE37E546EFF9,Remoeye-006,2026-08-02T16:05:02+00:00
1171,Ricuk,Global UAV Database 2026 seed package,https://dronecenter.bard.edu/files/2019/10/CSD-Drone-Databook-Web.pdf,UAV-0524,Peru,CIDEP,Military / Government,Small / tactical; Fixed-wing,In use or under development as documented in 2019,3,UAV-A3AACA70EC2D,Ricuk,2026-08-02T16:05:02+00:00
1002,Rustom-II / TAPAS BH-201,Global UAV Database 2026 seed package,Internal curated seed,UAV-0355,India,,Military / Government,MALE fixed-wing,Not specified,3,UAV-2A347F7DEEEC,Rustom-II,2026-08-02T16:05:02+00:00
1029,S-70 Okhotnik-B,Global UAV Database 2026 seed package,Internal curated seed,UAV-0382,Russia,,Military / Government,Heavy flying-wing UCAV,Not specified,3,UAV-2AF96B0C5CEA,S-70 Okhotnik-B,2026-08-02T16:05:02+00:00
902,S-R,Global UAV Database 2026 seed package,https://www.easa.europa.eu/en/domains/drones-air-mobility/drones-evtol-designs/drones-eu-operations/pr-306-s-r,UAV-0255,France,Aeotic,Civilian / Commercial,Multirotor,EASA-listed for EU operations,3,UAV-D60746E3AEC7,S-R,2026-08-02T16:05:02+00:00
1165,S4 Ehécatl,Global UAV Database 2026 seed package,https://dronecenter.bard.edu/files/2019/10/CSD-Drone-Databook-Web.pdf,UAV-0518,Mexico,Hydra Technologies,Military / Government,Small / tactical; Fixed-wing,In use or under development as documented in 2019,3,UAV-D9D97900B563,S4 Ehécatl,2026-08-02T16:05:02+00:00
1166,S45 Balaam,Global UAV Database 2026 seed package,https://dronecenter.bard.edu/files/2019/10/CSD-Drone-Databook-Web.pdf,UAV-0519,Mexico,Hydra Technologies,Military / Government,Medium tactical; Fixed-wing,In use or under development as documented in 2019,3,UAV-65DB94069851,S45 Balaam,2026-08-02T16:05:02+00:00
1172,SACT Boreal 5,Global UAV Database 2026 seed package,https://dronecenter.bard.edu/files/2019/10/CSD-Drone-Databook-Web.pdf,UAV-0525,Romania,Military Equipment and Technologies Research Agency,Military / Government,Small / tactical; Fixed-wing,In use or under development as documented in 2019,3,UAV-134865F6B517,SACT Boreal 5,2026-08-02T16:05:02+00:00
1109,SD-40 (Sea Cavalry),Global UAV Database 2026 seed package,https://dronecenter.bard.edu/files/2019/10/CSD-Drone-Databook-Web.pdf,UAV-0462,China,Han's Eagle,Military / Government,Small / tactical; Hybrid VTOL,In use or under development as documented in 2019,3,UAV-035035705974,SD-40 (Sea Cavalry),2026-08-02T16:05:02+00:00
941,SENSEFLY eBee,Global UAV Database 2026 seed package,https://github.com/dronetag/opendronelist,UAV-0294,Switzerland / United States,AgEagle,Civilian / Commercial,Commercial multirotor/fixed-wing,Listed in OpenDroneList,3,UAV-87A644E1911D,SENSEFLY eBee,2026-08-02T16:05:02+00:00
903,SERVICE2DRONE,Global UAV Database 2026 seed package,https://www.easa.europa.eu/en/domains/drones-air-mobility/drones-evtol-designs/drones-eu-operations/pr-456-titan-x4-c5,UAV-0256,France,"Thibaut, Bessard",Civilian / Commercial,Multirotor,EASA-listed for EU operations,3,UAV-176CA296E0F0,SERVICE2DRONE,2026-08-02T16:05:02+00:00
905,SERVIDRONE1000 C5 CAPTIF,Global UAV Database 2026 seed package,https://www.easa.europa.eu/en/domains/drones-air-mobility/drones-evtol-designs/drones-eu-operations/pr-424-servidrone1000-c5,UAV-0258,France,"Houssard, Francois",Civilian / Commercial,Multirotor,EASA-listed for EU operations,3,UAV-F2515E06359F,SERVIDRONE1000 C5 CAPTIF,2026-08-02T16:05:02+00:00
907,SERVIDRONE900C5 captif,Global UAV Database 2026 seed package,https://www.easa.europa.eu/en/domains/drones-air-mobility/drones-evtol-designs/drones-eu-operations/pr-423-servidrone900c5-captif,UAV-0260,France,"Houssard, Francois",Civilian / Commercial,Multirotor,EASA-listed for EU operations,3,UAV-5AD0CA204277,SERVIDRONE900C5 captif,2026-08-02T16:05:02+00:00
1038,SIRTAP,Global UAV Database 2026 seed package,Internal curated seed,UAV-0391,Spain / Colombia,,Military / Government,Tactical MALE,Not specified,3,UAV-BC59470776EC,SIRTAP,2026-08-02T16:05:02+00:00
1044,STM Alpagu,Global UAV Database 2026 seed package,Internal curated seed,UAV-0397,Türkiye,,Military / Government,Fixed-wing loitering munition,Not specified,3,UAV-B42C5EFF320A,STM Alpagu,2026-08-02T16:05:02+00:00
1045,STM Kargu,Global UAV Database 2026 seed package,Internal curated seed,UAV-0398,Türkiye,,Military / Government,Rotary-wing loitering munition,Not specified,3,UAV-B179BF7D03ED,Kargu,2026-08-02T16:05:02+00:00
910,SURVEYOR,Global UAV Database 2026 seed package,https://www.easa.europa.eu/en/domains/drones-air-mobility/drones-evtol-designs/drones-eu-operations/pr-588-surveyor,UAV-0263,France,INNOVADRONE LLC,Civilian / Commercial,Multirotor,EASA-listed for EU operations,3,UAV-83499828853A,SURVEYOR,2026-08-02T16:05:02+00:00
911,SURVEYOR TETHERED,Global UAV Database 2026 seed package,https://www.easa.europa.eu/en/domains/drones-air-mobility/drones-evtol-designs/drones-eu-operations/pr-581-surveyor-tethered,UAV-0264,France,INNOVADRONE LLC,Civilian / Commercial,Multirotor,EASA-listed for EU operations,3,UAV-CA50AF8A988E,SURVEYOR TETHERED,2026-08-02T16:05:02+00:00
912,SURVEYOR XL TETHERED,Global UAV Database 2026 seed package,https://www.easa.europa.eu/en/domains/drones-air-mobility/drones-evtol-designs/drones-eu-operations/pr-583-surveyor-xl-tethered,UAV-0265,France,INNOVADRONE LLC,Civilian / Commercial,Multirotor,EASA-listed for EU operations,3,UAV-F8FEDD3ED5E3,SURVEYOR XL TETHERED,2026-08-02T16:05:02+00:00
913,SX1.2,Global UAV Database 2026 seed package,https://www.easa.europa.eu/en/domains/drones-air-mobility/drones-evtol-designs/drones-eu-operations/pr-8-sx12,UAV-0266,France,XSUN,Civilian / Commercial,Fixed wing,EASA-listed for EU operations,3,UAV-1FEBEA01B6EE,SX1.2,2026-08-02T16:05:02+00:00
1135,Saegheh,Global UAV Database 2026 seed package,https://dronecenter.bard.edu/files/2019/10/CSD-Drone-Databook-Web.pdf,UAV-0488,Iran,Shahed Aviation Industries,Military / Government,Large / strategic; Fixed-wing,In use or under development as documented in 2019,3,UAV-DFBA7C6CBDDB,Saegheh,2026-08-02T16:05:02+00:00
1031,Saqr-1,Global UAV Database 2026 seed package,Internal curated seed | https://dronecenter.bard.edu/files/2019/10/CSD-Drone-Databook-Web.pdf,UAV-0384,Saudi Arabia,KACST,Military / Government,MALE fixed-wing,Not specified,3,UAV-59502276573E,Saqr-1,2026-08-02T16:05:02+00:00
979,ScanEagle,Global UAV Database 2026 seed package,Internal curated seed | https://dronecenter.bard.edu/files/2019/10/CSD-Drone-Databook-Web.pdf,UAV-0332,United States,Insitu,Dual-use,Small fixed-wing,Not specified,3,UAV-FFD701E7502F,ScanEagle,2026-08-02T16:05:02+00:00
1147,Searcher (Mk 3),Global UAV Database 2026 seed package,https://dronecenter.bard.edu/files/2019/10/CSD-Drone-Databook-Web.pdf,UAV-0500,Israel,IAI,Military / Government,Medium tactical; Fixed-wing,In use or under development as documented in 2019,3,UAV-1568482E6DEF,Searcher (Mk 3),2026-08-02T16:05:02+00:00
1017,Searcher Mk II,Global UAV Database 2026 seed package,Internal curated seed,UAV-0370,Israel,,Military / Government,Tactical fixed-wing,Not specified,3,UAV-B8C50EEC73B5,Searcher Mk II,2026-08-02T16:05:02+00:00
1183,Seeker 200,Global UAV Database 2026 seed package,https://dronecenter.bard.edu/files/2019/10/CSD-Drone-Databook-Web.pdf,UAV-0536,South Africa,Denel Dynamics,Military / Government,Medium tactical; Fixed-wing,In use or under development as documented in 2019,3,UAV-13C35A903172,Seeker 200,2026-08-02T16:05:02+00:00
1033,Seeker 400,Global UAV Database 2026 seed package,Internal curated seed | https://dronecenter.bard.edu/files/2019/10/CSD-Drone-Databook-Web.pdf,UAV-0386,South Africa,Denel Dynamics,Military / Government,Tactical/MALE fixed-wing,Not specified,3,UAV-5C186A3E295D,Seeker 400,2026-08-02T16:05:02+00:00
904,Servidrone1000 C5,Global UAV Database 2026 seed package,https://www.easa.europa.eu/en/domains/drones-air-mobility/drones-evtol-designs/drones-eu-operations/pr-343-servidrone1000-c5,UAV-0257,France,"Houssard, Francois",Civilian / Commercial,Multirotor,EASA-listed for EU operations,3,UAV-ED0C66794A90,Servidrone1000 C5,2026-08-02T16:05:02+00:00
906,Servidrone900 C5,Global UAV Database 2026 seed package,https://www.easa.europa.eu/en/domains/drones-air-mobility/drones-evtol-designs/drones-eu-operations/pr-344-servidrone900-c5,UAV-0259,France,"Houssard, Francois",Civilian / Commercial,Multirotor,EASA-listed for EU operations,3,UAV-171866158B73,Servidrone900 C5,2026-08-02T16:05:02+00:00
1206,Serçe-1,Global UAV Database 2026 seed package,https://dronecenter.bard.edu/files/2019/10/CSD-Drone-Databook-Web.pdf,UAV-0559,Türkiye,Aselsan,Military / Government,Small / tactical; Rotary-wing,In use or under development as documented in 2019,3,UAV-6ADADB1E220B,Serçe-1,2026-08-02T16:05:02+00:00
1136,Shahed-123,Global UAV Database 2026 seed package,https://dronecenter.bard.edu/files/2019/10/CSD-Drone-Databook-Web.pdf,UAV-0489,Iran,HESA,Military / Government,Medium tactical; Fixed-wing,In use or under development as documented in 2019,3,UAV-1AFF3237E9B8,Shahed-123,2026-08-02T16:05:02+00:00
1006,Shahed-129,Global UAV Database 2026 seed package,Internal curated seed | https://dronecenter.bard.edu/files/2019/10/CSD-Drone-Databook-Web.pdf,UAV-0359,Iran,HESA,Military / Government,MALE fixed-wing,Not specified,3,UAV-7A7608091D3C,Shahed-129,2026-08-02T16:05:02+00:00
1007,Shahed-131,Global UAV Database 2026 seed package,Internal curated seed,UAV-0360,Iran,,Military / Government,One-way attack UAV,Not specified,3,UAV-C78852B880AA,Shahed-131,2026-08-02T16:05:02+00:00
1008,Shahed-136,Global UAV Database 2026 seed package,Internal curated seed,UAV-0361,Iran,,Military / Government,One-way attack UAV,Not specified,3,UAV-6E53B4D01C74,Shahed-136,2026-08-02T16:05:02+00:00
1009,Shahed-238,Global UAV Database 2026 seed package,Internal curated seed,UAV-0362,Iran,,Military / Government,Jet-powered one-way attack UAV,Not specified,3,UAV-5D150D966A83,Shahed-238,2026-08-02T16:05:02+00:00
1168,Shahpar,Global UAV Database 2026 seed package,https://dronecenter.bard.edu/files/2019/10/CSD-Drone-Databook-Web.pdf,UAV-0521,Pakistan,GIDS,Military / Government,Medium tactical; Fixed-wing,In use or under development as documented in 2019,3,UAV-36FCC0AFA378,Shahpar,2026-08-02T16:05:02+00:00
1054,Shark,Global UAV Database 2026 seed package,Internal curated seed,UAV-0407,Ukraine,,Military / Government,Small fixed-wing,Not specified,3,UAV-4F90AF664B82,Shark,2026-08-02T16:05:02+00:00
1238,Shikra,Global UAV Database 2026 seed package,https://dronecenter.bard.edu/files/2019/10/CSD-Drone-Databook-Web.pdf,UAV-0591,Vietnam,Viettel,Military / Government,Small / tactical; Fixed-wing,In use or under development as documented in 2019,3,UAV-70697A773045,Shikra,2026-08-02T16:05:02+00:00
1232,Silver Fox,Global UAV Database 2026 seed package,https://dronecenter.bard.edu/files/2019/10/CSD-Drone-Databook-Web.pdf,UAV-0585,United States,"BAE,Raytheon",Military / Government,Small / tactical; Fixed-wing,In use or under development as documented in 2019,3,UAV-58C3C369D519,Silver Fox,2026-08-02T16:05:02+00:00
1194,Sistema integrado de vigilancia aérea (SIVA),Global UAV Database 2026 seed package,https://dronecenter.bard.edu/files/2019/10/CSD-Drone-Databook-Web.pdf,UAV-0547,Spain,National Institute of Aerospace Technology,Military / Government,Small / tactical; Fixed-wing,In use or under development as documented in 2019,3,UAV-C6AB55A12B25,Sistema integrado de vigilancia aérea (SIVA),2026-08-02T16:05:02+00:00
1148,Sky Striker,Global UAV Database 2026 seed package,https://dronecenter.bard.edu/files/2019/10/CSD-Drone-Databook-Web.pdf,UAV-0501,Israel,Elbit Systems,Military / Government,Small / tactical; Fixed-wing,In use or under development as documented in 2019,3,UAV-84B3BE7CF3CE,Sky Striker,2026-08-02T16:05:02+00:00
1110,Sky-09P,Global UAV Database 2026 seed package,https://dronecenter.bard.edu/files/2019/10/CSD-Drone-Databook-Web.pdf,UAV-0463,China,Taiyuan,Military / Government,Small / tactical; Fixed-wing,In use or under development as documented in 2019,3,UAV-660B103382E0,Sky-09P,2026-08-02T16:05:02+00:00
1018,SkyStriker,Global UAV Database 2026 seed package,Internal curated seed,UAV-0371,Israel,,Military / Government,Loitering munition,Not specified,3,UAV-02D9E40565A3,SkyStriker,2026-08-02T16:05:02+00:00
1180,Skyblade III,Global UAV Database 2026 seed package,https://dronecenter.bard.edu/files/2019/10/CSD-Drone-Databook-Web.pdf,UAV-0533,Singapore,Singapore Technologies,Military / Government,Small / tactical; Fixed-wing,In use or under development as documented in 2019,3,UAV-DE7826EFC6AE,Skyblade III,2026-08-02T16:05:02+00:00
908,Skydart5 C6,Global UAV Database 2026 seed package,https://www.easa.europa.eu/en/domains/drones-air-mobility/drones-evtol-designs/drones-eu-operations/pr-671-skydart5-c6,UAV-0261,France,CAVOK UAS,Civilian / Commercial,Fixed wing,EASA-listed for EU operations,3,UAV-A3C6EF3FECE2,Skydart5 C6,2026-08-02T16:05:02+00:00
980,Skydio X10,Global UAV Database 2026 seed package,Internal curated seed,UAV-0333,United States,,Dual-use,Autonomous quadrotor,Not specified,3,UAV-093B1BE7EA04,Skydio X10,2026-08-02T16:05:02+00:00
981,Skydio X2D,Global UAV Database 2026 seed package,Internal curated seed,UAV-0334,United States,,Dual-use,Autonomous quadrotor,Not specified,3,UAV-2DFDC6BE0FEC,Skydio X2D,2026-08-02T16:05:02+00:00
909,Skyinnov AQ3F,Global UAV Database 2026 seed package,https://www.easa.europa.eu/en/domains/drones-air-mobility/drones-evtol-designs/drones-eu-operations/pr-254-aq3f,UAV-0262,France,Aeromapping Solutions t/a SKYINNOV,Civilian / Commercial,Multirotor,EASA-listed for EU operations,3,UAV-B7166E2052EE,Skyinnov AQ3F,2026-08-02T16:05:02+00:00
1149,Skylark (Skylark 3),Global UAV Database 2026 seed package,https://dronecenter.bard.edu/files/2019/10/CSD-Drone-Databook-Web.pdf,UAV-0502,Israel,Elbit,Military / Government,Small / tactical; Fixed-wing,In use or under development as documented in 2019,3,UAV-C50F7E7920C2,Skylark (Skylark 3),2026-08-02T16:05:02+00:00
1150,Skylark I-LE (Skylark I-LEX),Global UAV Database 2026 seed package,https://dronecenter.bard.edu/files/2019/10/CSD-Drone-Databook-Web.pdf,UAV-0503,Israel,Elbit,Military / Government,Small / tactical; Fixed-wing,In use or under development as documented in 2019,3,UAV-4C8568D25975,Skylark I-LE (Skylark I-LEX),2026-08-02T16:05:02+00:00
949,Solo,Global UAV Database 2026 seed package,https://github.com/dronetag/opendronelist,UAV-0302,United States,3D Robotics,Civilian / Commercial,Commercial multirotor/fixed-wing,Listed in OpenDroneList,3,UAV-49F25741FF0D,Solo,2026-08-02T16:05:02+00:00
842,Spark,Global UAV Database 2026 seed package,https://github.com/dronetag/opendronelist,UAV-0195,China,DJI,Civilian / Commercial,Commercial multirotor/fixed-wing,Listed in OpenDroneList,3,UAV-7187DADEAA98,Spark,2026-08-02T16:05:02+00:00
1212,Sparrow,Global UAV Database 2026 seed package,https://dronecenter.bard.edu/files/2019/10/CSD-Drone-Databook-Web.pdf,UAV-0565,Ukraine,Spaitech,Military / Government,Small / tactical; Fixed-wing,In use or under development as documented in 2019,3,UAV-A8B94E8BF25B,Sparrow,2026-08-02T16:05:02+00:00
1213,Spectator-M,Global UAV Database 2026 seed package,https://dronecenter.bard.edu/files/2019/10/CSD-Drone-Databook-Web.pdf,UAV-0566,Ukraine,Politeco Aero,Military / Government,Small / tactical; Fixed-wing,In use or under development as documented in 2019,3,UAV-741FAB3206F9,Spectator-M,2026-08-02T16:05:02+00:00
1122,Sperwer,Global UAV Database 2026 seed package,https://dronecenter.bard.edu/files/2019/10/CSD-Drone-Databook-Web.pdf,UAV-0475,France,Sagem,Military / Government,Medium tactical; Fixed-wing,In use or under development as documented in 2019,3,UAV-2074F01DEB70,Sperwer,2026-08-02T16:05:02+00:00
843,Spreading Wings S1000+,Global UAV Database 2026 seed package,https://github.com/dronetag/opendronelist,UAV-0196,China,DJI,Civilian / Commercial,Commercial multirotor/fixed-wing,Listed in OpenDroneList,3,UAV-8EBBBD5F1134,Spreading Wings S1000+,2026-08-02T16:05:02+00:00
844,Spreading Wings S800,Global UAV Database 2026 seed package,https://github.com/dronetag/opendronelist,UAV-0197,China,DJI,Civilian / Commercial,Commercial multirotor/fixed-wing,Listed in OpenDroneList,3,UAV-9B56C6C11CFC,Spreading Wings S800,2026-08-02T16:05:02+00:00
845,Spreading Wings S800 EVO,Global UAV Database 2026 seed package,https://github.com/dronetag/opendronelist,UAV-0198,China,DJI,Civilian / Commercial,Commercial multirotor/fixed-wing,Listed in OpenDroneList,3,UAV-FCECA4872367,Spreading Wings S800 EVO,2026-08-02T16:05:02+00:00
846,Spreading Wings S900,Global UAV Database 2026 seed package,https://github.com/dronetag/opendronelist,UAV-0199,China,DJI,Civilian / Commercial,Commercial multirotor/fixed-wing,Listed in OpenDroneList,3,UAV-5E48913F3B92,Spreading Wings S900,2026-08-02T16:05:02+00:00
1151,SpyLite,Global UAV Database 2026 seed package,https://dronecenter.bard.edu/files/2019/10/CSD-Drone-Databook-Web.pdf,UAV-0504,Israel,Bluebird Aero,Military / Government,Small / tactical; Fixed-wing,In use or under development as documented in 2019,3,UAV-FAA77B7962AE,SpyLite,2026-08-02T16:05:02+00:00
1123,Spy’Ranger,Global UAV Database 2026 seed package,https://dronecenter.bard.edu/files/2019/10/CSD-Drone-Databook-Web.pdf,UAV-0476,France,Thales,Military / Government,Small / tactical; Fixed-wing,In use or under development as documented in 2019,3,UAV-31AB96EE1A0C,Spy’Ranger,2026-08-02T16:05:02+00:00
1233,Stalker,Global UAV Database 2026 seed package,https://dronecenter.bard.edu/files/2019/10/CSD-Drone-Databook-Web.pdf,UAV-0586,United States,Lockheed Martin,Military / Government,Small / tactical; Fixed-wing,In use or under development as documented in 2019,3,UAV-CEA6755B2671,Stalker,2026-08-02T16:05:02+00:00
1158,Strix-C,Global UAV Database 2026 seed package,https://dronecenter.bard.edu/files/2019/10/CSD-Drone-Databook-Web.pdf,UAV-0511,Italy,Alpi Aviation,Military / Government,Small / tactical; Fixed-wing,In use or under development as documented in 2019,3,UAV-630D9B9A94C7,Strix-C,2026-08-02T16:05:02+00:00
1159,Strix-D,Global UAV Database 2026 seed package,https://dronecenter.bard.edu/files/2019/10/CSD-Drone-Databook-Web.pdf,UAV-0512,Italy,Alpi Aviation,Military / Government,Small / tactical; Fixed-wing,In use or under development as documented in 2019,3,UAV-4999B0B17E06,Strix-D,2026-08-02T16:05:02+00:00
863,Swift,Global UAV Database 2026 seed package,https://www.easa.europa.eu/en/domains/drones-air-mobility/drones-evtol-designs/drones-eu-operations/pr-680-021-000-01,UAV-0216,Denmark,Upteko Aps,Civilian / Commercial,Multirotor,EASA-listed for EU operations,3,UAV-49DAB5697B64,Swift,2026-08-02T16:05:02+00:00
1234,Switchblade,Global UAV Database 2026 seed package,https://dronecenter.bard.edu/files/2019/10/CSD-Drone-Databook-Web.pdf,UAV-0587,United States,AeroVironment,Military / Government,Small / tactical; Fixed-wing,In use or under development as documented in 2019,3,UAV-1BE1E711CD26,Switchblade,2026-08-02T16:05:02+00:00
1074,Switchblade 300,Global UAV Database 2026 seed package,Internal curated seed,UAV-0427,United States,,Military / Government,Loitering munition,Not specified,3,UAV-A957715A9B48,Switchblade 300,2026-08-02T16:05:02+00:00
1075,Switchblade 600,Global UAV Database 2026 seed package,Internal curated seed,UAV-0428,United States,,Military / Government,Loitering munition,Not specified,3,UAV-8070D1B65709,Switchblade 600,2026-08-02T16:05:02+00:00
1235,T-20 JUMP,Global UAV Database 2026 seed package,https://dronecenter.bard.edu/files/2019/10/CSD-Drone-Databook-Web.pdf,UAV-0588,United States,Arcturus,Military / Government,Small / tactical; Fixed-wing,In use or under development as documented in 2019,3,UAV-936254B7A90A,T-20 JUMP,2026-08-02T16:05:02+00:00
1236,T-Hawk,Global UAV Database 2026 seed package,https://dronecenter.bard.edu/files/2019/10/CSD-Drone-Databook-Web.pdf,UAV-0589,United States,Honeywell,Military / Government,Small / tactical; Rotary-wing,In use or under development as documented in 2019,3,UAV-22503CF02BDE,T-Hawk,2026-08-02T16:05:02+00:00
1046,TAI Aksungur,Global UAV Database 2026 seed package,Internal curated seed,UAV-0399,Türkiye,,Military / Government,Twin-engine MALE,Not specified,3,UAV-3B76115ABC15,TAI Aksungur,2026-08-02T16:05:02+00:00
1047,TAI Anka,Global UAV Database 2026 seed package,Internal curated seed,UAV-0400,Türkiye,,Military / Government,MALE fixed-wing,Not specified,3,UAV-B53C5FFA1020,Anka,2026-08-02T16:05:02+00:00
1048,TAI Anka-3,Global UAV Database 2026 seed package,Internal curated seed,UAV-0401,Türkiye,,Military / Government,Flying-wing UCAV,Not specified,3,UAV-4A3D908152F9,TAI Anka-3,2026-08-02T16:05:02+00:00
1111,TB-001,Global UAV Database 2026 seed package,https://dronecenter.bard.edu/files/2019/10/CSD-Drone-Databook-Web.pdf,UAV-0464,China,Tengoen Technology,Military / Government,Large / strategic; Fixed-wing,In use or under development as documented in 2019,3,UAV-E18506D001C1,TB-001,2026-08-02T16:05:02+00:00
987,TB-001 Twin-Tailed Scorpion,Global UAV Database 2026 seed package,Internal curated seed,UAV-0340,China,,Military / Government,Twin-engine MALE,Not specified,3,UAV-1BD8947AA552,TB-001 Twin-Tailed Scorpion,2026-08-02T16:05:02+00:00
1112,TB-002,Global UAV Database 2026 seed package,https://dronecenter.bard.edu/files/2019/10/CSD-Drone-Databook-Web.pdf,UAV-0465,China,Tengoen Technology,Military / Government,Medium tactical; Fixed-wing,In use or under development as documented in 2019,3,UAV-09328D4AADCC,TB-002,2026-08-02T16:05:02+00:00
914,TUNDRA 2.1 C5 C6,Global UAV Database 2026 seed package,https://www.easa.europa.eu/en/domains/drones-air-mobility/drones-evtol-designs/drones-eu-operations/pr-526-tundra-21-c5-c6,UAV-0267,France,HEXADRONE,Civilian / Commercial,Multirotor,EASA-listed for EU operations,3,UAV-5339A7FD2752,TUNDRA 2.1 C5 C6,2026-08-02T16:05:02+00:00
915,TUNDRA 2.1 C6,Global UAV Database 2026 seed package,https://www.easa.europa.eu/en/domains/drones-air-mobility/drones-evtol-designs/drones-eu-operations/pr-527-tundra-21-c6,UAV-0268,France,HEXADRONE,Civilian / Commercial,Multirotor,EASA-listed for EU operations,3,UAV-CC6646A07F2B,TUNDRA 2.1 C6,2026-08-02T16:05:02+00:00
1179,Takhion,Global UAV Database 2026 seed package,https://dronecenter.bard.edu/files/2019/10/CSD-Drone-Databook-Web.pdf,UAV-0532,Russia,Izhmash-UAV,Military / Government,Small / tactical; Fixed-wing,In use or under development as documented in 2019,3,UAV-F5988C4626F9,Takhion,2026-08-02T16:05:02+00:00
1059,Taranis demonstrator,Global UAV Database 2026 seed package,Internal curated seed,UAV-0412,United Kingdom,,Military / Government,Flying-wing UCAV demonstrator,Not specified,3,UAV-BF683F5C0DA9,Taranis demonstrator,2026-08-02T16:05:02+00:00
847,Tello,Global UAV Database 2026 seed package,https://github.com/dronetag/opendronelist,UAV-0200,China,DJI,Civilian / Commercial,Commercial multirotor/fixed-wing,Listed in OpenDroneList,3,UAV-7DC3022215B6,Tello,2026-08-02T16:05:02+00:00
848,Tello EDU,Global UAV Database 2026 seed package,https://github.com/dronetag/opendronelist,UAV-0201,China,DJI,Civilian / Commercial,Commercial multirotor/fixed-wing,Listed in OpenDroneList,3,UAV-F00DCE8C2F08,Tello EDU,2026-08-02T16:05:02+00:00
849,Tello Iron Man,Global UAV Database 2026 seed package,https://github.com/dronetag/opendronelist,UAV-0202,China,DJI,Civilian / Commercial,Commercial multirotor/fixed-wing,Listed in OpenDroneList,3,UAV-3895066907D5,Tello Iron Man,2026-08-02T16:05:02+00:00
1199,Teng Yun,Global UAV Database 2026 seed package,https://dronecenter.bard.edu/files/2019/10/CSD-Drone-Databook-Web.pdf,UAV-0552,Taiwan,National Chung- Shan Institute of Science and Technology,Military / Government,Large / strategic; Fixed-wing,In use or under development as documented in 2019,3,UAV-BFC5F6D68827,Teng Yun,2026-08-02T16:05:02+00:00
659,Terra Drone survey platforms,Global UAV Database 2026 seed package,Internal curated seed,UAV-0012,Japan,,Civilian / Commercial,Multi-platform services,Not specified,3,UAV-18FAE29CEA73,Terra Drone survey platforms,2026-08-02T16:05:02+00:00
1113,Tian Ying,Global UAV Database 2026 seed package,https://dronecenter.bard.edu/files/2019/10/CSD-Drone-Databook-Web.pdf,UAV-0466,China,CASIC,Military / Government,Large / strategic; Fixed-wing,In use or under development as documented in 2019,3,UAV-582613A5D9A0,Tian Ying,2026-08-02T16:05:02+00:00
1201,Tiger Shark II,Global UAV Database 2026 seed package,https://dronecenter.bard.edu/files/2019/10/CSD-Drone-Databook-Web.pdf,UAV-0554,Thailand,DTI,Military / Government,Small / tactical; Fixed-wing,In use or under development as documented in 2019,3,UAV-6CA879A16F6F,Tiger Shark II,2026-08-02T16:05:02+00:00
1124,Tracker,Global UAV Database 2026 seed package,https://dronecenter.bard.edu/files/2019/10/CSD-Drone-Databook-Web.pdf,UAV-0477,France,EADS Cassidian,Military / Government,Small / tactical; Fixed-wing,In use or under development as documented in 2019,3,UAV-8C6AE142DCAF,Tracker,2026-08-02T16:05:02+00:00
926,Trinity F90+,Global UAV Database 2026 seed package,https://github.com/dronetag/opendronelist,UAV-0279,Germany,Quantum-Systems,Civilian / Commercial,Commercial multirotor/fixed-wing,Listed in OpenDroneList,3,UAV-286F1BEDFCCD,Trinity F90+,2026-08-02T16:05:02+00:00
657,Trinity Pro,Global UAV Database 2026 seed package,Internal curated seed,UAV-0010,Germany,,Civilian / Commercial,VTOL fixed-wing,Not specified,3,UAV-40A9FD7C918A,Trinity Pro,2026-08-02T16:05:02+00:00
1167,Tsaigumi,Global UAV Database 2026 seed package,https://dronecenter.bard.edu/files/2019/10/CSD-Drone-Databook-Web.pdf,UAV-0520,Mexico,"431 Engineering Group, UAVision",Military / Government,Small / tactical; Fixed-wing,In use or under development as documented in 2019,3,UAV-5EFB919743CE,Tsaigumi,2026-08-02T16:05:02+00:00
850,Typhoon 4K,Global UAV Database 2026 seed package,https://github.com/dronetag/opendronelist,UAV-0203,China,Yuneec,Civilian / Commercial,Commercial multirotor/fixed-wing,Listed in OpenDroneList,3,UAV-42D635727CC3,Typhoon 4K,2026-08-02T16:05:02+00:00
851,Typhoon H,Global UAV Database 2026 seed package,https://dronecenter.bard.edu/files/2019/10/CSD-Drone-Databook-Web.pdf | https://github.com/dronetag/opendronelist,UAV-0204,China,Yuneec,Civilian / Commercial,Commercial multirotor/fixed-wing,Listed in OpenDroneList,3,UAV-07F8A8F5AA4D,Typhoon H,2026-08-02T16:05:02+00:00
852,Typhoon H Plus,Global UAV Database 2026 seed package,https://github.com/dronetag/opendronelist,UAV-0205,China,Yuneec,Civilian / Commercial,Commercial multirotor/fixed-wing,Listed in OpenDroneList,3,UAV-684E380F5475,Typhoon H Plus,2026-08-02T16:05:02+00:00
853,Typhoon H3,Global UAV Database 2026 seed package,https://github.com/dronetag/opendronelist,UAV-0206,China,Yuneec,Civilian / Commercial,Commercial multirotor/fixed-wing,Listed in OpenDroneList,3,UAV-E790AC5B12A9,Typhoon H3,2026-08-02T16:05:02+00:00
854,Typhoon Q500,Global UAV Database 2026 seed package,https://github.com/dronetag/opendronelist,UAV-0207,China,Yuneec,Civilian / Commercial,Commercial multirotor/fixed-wing,Listed in OpenDroneList,3,UAV-FD4BF1467D22,Typhoon Q500,2026-08-02T16:05:02+00:00
1202,U-1 Sky Scout,Global UAV Database 2026 seed package,https://dronecenter.bard.edu/files/2019/10/CSD-Drone-Databook-Web.pdf,UAV-0555,Thailand,RV Connex,Military / Government,Small / tactical; Fixed-wing,In use or under development as documented in 2019,3,UAV-F09F6F985DAA,U-1 Sky Scout,2026-08-02T16:05:02+00:00
1137,UAV (Mohajem 92),Global UAV Database 2026 seed package,https://dronecenter.bard.edu/files/2019/10/CSD-Drone-Databook-Web.pdf,UAV-0490,Iran / Iraq,State Company for Military Industries (Iraq),Military / Government,Medium tactical; Fixed-wing,In use or under development as documented in 2019,3,UAV-4CEDE0E2A819,UAV (Mohajem 92),2026-08-02T16:05:02+00:00
1055,UJ-22 Airborne,Global UAV Database 2026 seed package,Internal curated seed,UAV-0408,Ukraine,,Military / Government,Long-range fixed-wing,Not specified,3,UAV-101076B0D8AA,UJ-22 Airborne,2026-08-02T16:05:02+00:00
1114,UV-10CAM,Global UAV Database 2026 seed package,https://dronecenter.bard.edu/files/2019/10/CSD-Drone-Databook-Web.pdf,UAV-0467,China,Microfly,Military / Government,Small / tactical; Fixed-wing,In use or under development as documented in 2019,3,UAV-5CBE56ADE8F0,UV-10CAM,2026-08-02T16:05:02+00:00
1169,Uqab,Global UAV Database 2026 seed package,https://dronecenter.bard.edu/files/2019/10/CSD-Drone-Databook-Web.pdf,UAV-0522,Pakistan,GIDS,Military / Government,Medium tactical; Fixed-wing,In use or under development as documented in 2019,3,UAV-04F4509B0901,Uqab,2026-08-02T16:05:02+00:00
1196,V-200,Global UAV Database 2026 seed package,https://dronecenter.bard.edu/files/2019/10/CSD-Drone-Databook-Web.pdf,UAV-0549,Sweden,UMS Skeldar,Military / Government,Medium tactical; Rotary-wing,In use or under development as documented in 2019,3,UAV-6CC4C9B1A6AA,V-200,2026-08-02T16:05:02+00:00
665,Vertical VX4,Global UAV Database 2026 seed package,Internal curated seed,UAV-0018,United Kingdom,,Civilian / Commercial,eVTOL aircraft,Not specified,3,UAV-BC97FD8701EA,Vertical VX4,2026-08-02T16:05:02+00:00
1078,Vigía 2B,Global UAV Database 2026 seed package,https://dronecenter.bard.edu/files/2019/10/CSD-Drone-Databook-Web.pdf,UAV-0431,Argentina,DGIyD,Military / Government,Large / strategic; Fixed-wing,In use or under development as documented in 2019,3,UAV-C4473A90B5AA,Vigía 2B,2026-08-02T16:05:02+00:00
855,Vitus 320,Global UAV Database 2026 seed package,https://github.com/dronetag/opendronelist,UAV-0208,China,Walkera,Civilian / Commercial,Commercial multirotor/fixed-wing,Listed in OpenDroneList,3,UAV-1854760748FF,Vitus 320,2026-08-02T16:05:02+00:00
658,Volocopter VoloDrone,Global UAV Database 2026 seed package,Internal curated seed,UAV-0011,Germany,,Civilian / Commercial,Heavy-lift multicopter,Not specified,3,UAV-12B89D0F2A42,Volocopter VoloDrone,2026-08-02T16:05:02+00:00
990,WZ-7 Soaring Dragon,Global UAV Database 2026 seed package,Internal curated seed,UAV-0343,China,,Military / Government,HALE fixed-wing,Not specified,3,UAV-70761227895B,WZ-7 Soaring Dragon,2026-08-02T16:05:02+00:00
991,WZ-8,Global UAV Database 2026 seed package,Internal curated seed,UAV-0344,China,,Military / Government,High-speed reconnaissance UAV,Not specified,3,UAV-7F9D9F308BC1,WZ-8,2026-08-02T16:05:02+00:00
1023,Warmate,Global UAV Database 2026 seed package,Internal curated seed | https://dronecenter.bard.edu/files/2019/10/CSD-Drone-Databook-Web.pdf,UAV-0376,Poland,WB Electronics,Military / Government,Loitering munition,Not specified,3,UAV-C996D6862605,Warmate,2026-08-02T16:05:02+00:00
1153,Watchkeeper,Global UAV Database 2026 seed package,https://dronecenter.bard.edu/files/2019/10/CSD-Drone-Databook-Web.pdf,UAV-0506,Israel / United Kingdom,"Thales UK,Elbit Systems",Military / Government,Medium tactical; Fixed-wing,In use or under development as documented in 2019,3,UAV-CD0DE2A33A4F,Watchkeeper,2026-08-02T16:05:02+00:00
1060,Watchkeeper WK450,Global UAV Database 2026 seed package,Internal curated seed,UAV-0413,United Kingdom,,Military / Government,Tactical fixed-wing,Not specified,3,UAV-2CCFF02B4959,Watchkeeper WK450,2026-08-02T16:05:02+00:00
1115,Wing Loon 1D,Global UAV Database 2026 seed package,https://dronecenter.bard.edu/files/2019/10/CSD-Drone-Databook-Web.pdf,UAV-0468,China,AVIC,Military / Government,Large / strategic; Fixed-wing,In use or under development as documented in 2019,3,UAV-4B3D85179BB0,Wing Loon 1D,2026-08-02T16:05:02+00:00
988,Wing Loong I,Global UAV Database 2026 seed package,Internal curated seed | https://dronecenter.bard.edu/files/2019/10/CSD-Drone-Databook-Web.pdf,UAV-0341,China,AVIC,Military / Government,MALE fixed-wing,Not specified,3,UAV-A1B88DA1D2E2,Wing Loong I,2026-08-02T16:05:02+00:00
989,Wing Loong II,Global UAV Database 2026 seed package,Internal curated seed | https://dronecenter.bard.edu/files/2019/10/CSD-Drone-Databook-Web.pdf,UAV-0342,China,AVIC,Military / Government,MALE fixed-wing,Not specified,3,UAV-2903DA6D9066,Wing Loong II,2026-08-02T16:05:02+00:00
670,Wing delivery drone,Global UAV Database 2026 seed package,Internal curated seed,UAV-0023,United States,,Civilian / Commercial,Hybrid VTOL delivery UAV,Not specified,3,UAV-44554D4781D4,Wing delivery drone,2026-08-02T16:05:02+00:00
939,WingtraOne,Global UAV Database 2026 seed package,https://github.com/dronetag/opendronelist,UAV-0292,Switzerland,Wingtra,Civilian / Commercial,Commercial multirotor/fixed-wing,Listed in OpenDroneList,3,UAV-1634CDACABD1,WingtraOne,2026-08-02T16:05:02+00:00
664,WingtraOne GEN II,Global UAV Database 2026 seed package,Internal curated seed,UAV-0017,Switzerland,,Civilian / Commercial,VTOL fixed-wing,Not specified,3,UAV-D6F3ED15BEAA,WingtraOne GEN II,2026-08-02T16:05:02+00:00
940,WingtraRAY,Global UAV Database 2026 seed package,https://www.easa.europa.eu/en/domains/drones-air-mobility/drones-evtol-designs/drones-eu-operations/pr-487-wingtraray,UAV-0293,Switzerland,WINGTRA AG,Civilian / Commercial,Fixed wing,EASA-listed for EU operations,3,UAV-B3E280E87F10,WingtraRAY,2026-08-02T16:05:02+00:00
671,Wisk Generation 6,Global UAV Database 2026 seed package,Internal curated seed,UAV-0024,United States,,Civilian / Commercial,Autonomous eVTOL,Not specified,3,UAV-655A51B74BEF,Wisk Generation 6,2026-08-02T16:05:02+00:00
856,X-Star,Global UAV Database 2026 seed package,https://github.com/dronetag/opendronelist,UAV-0209,China,Autel,Civilian / Commercial,Commercial multirotor/fixed-wing,Listed in OpenDroneList,3,UAV-326C0C4DB35E,X-Star,2026-08-02T16:05:02+00:00
857,X-Star Premium,Global UAV Database 2026 seed package,https://github.com/dronetag/opendronelist,UAV-0210,China,Autel,Civilian / Commercial,Commercial multirotor/fixed-wing,Listed in OpenDroneList,3,UAV-EC8A7E65B929,X-Star Premium,2026-08-02T16:05:02+00:00
858,X25 Pro,Global UAV Database 2026 seed package,https://github.com/dronetag/opendronelist,UAV-0211,China,Syma,Civilian / Commercial,Commercial multirotor/fixed-wing,Listed in OpenDroneList,3,UAV-361FE72A650F,X25 Pro,2026-08-02T16:05:02+00:00
859,X5C,Global UAV Database 2026 seed package,https://github.com/dronetag/opendronelist,UAV-0212,China,Syma,Civilian / Commercial,Commercial multirotor/fixed-wing,Listed in OpenDroneList,3,UAV-062329C6FEBE,X5C,2026-08-02T16:05:02+00:00
938,X6 Mk.2,Global UAV Database 2026 seed package,https://www.easa.europa.eu/en/domains/drones-air-mobility/drones-evtol-designs/drones-eu-operations/pr-458-x6-mk2,UAV-0291,Spain,FUVEX CIVIL SL,Civilian / Commercial,Multirotor,EASA-listed for EU operations,3,UAV-AE677E6E69C2,X6 Mk.2,2026-08-02T16:05:02+00:00
860,X8 Pro,Global UAV Database 2026 seed package,https://github.com/dronetag/opendronelist,UAV-0213,China,Syma,Civilian / Commercial,Commercial multirotor/fixed-wing,Listed in OpenDroneList,3,UAV-353842F224A5,X8 Pro,2026-08-02T16:05:02+00:00
950,X8+,Global UAV Database 2026 seed package,https://github.com/dronetag/opendronelist,UAV-0303,United States,3D Robotics,Civilian / Commercial,Commercial multirotor/fixed-wing,Listed in OpenDroneList,3,UAV-35B7B3BC3A74,X8+,2026-08-02T16:05:02+00:00
951,X8-M,Global UAV Database 2026 seed package,https://github.com/dronetag/opendronelist,UAV-0304,United States,3D Robotics,Civilian / Commercial,Commercial multirotor/fixed-wing,Listed in OpenDroneList,3,UAV-11391C93594F,X8-M,2026-08-02T16:05:02+00:00
653,XPeng AeroHT flying-car concepts,Global UAV Database 2026 seed package,Internal curated seed,UAV-0006,China,,Civilian / Commercial,eVTOL / modular aircraft,Not specified,3,UAV-F81B29EFB382,XPeng AeroHT flying-car concepts,2026-08-02T16:05:02+00:00
1076,XQ-58A Valkyrie,Global UAV Database 2026 seed package,Internal curated seed,UAV-0429,United States,,Military / Government,Collaborative combat aircraft,Not specified,3,UAV-0EFDEFE44A2E,XQ-58A Valkyrie,2026-08-02T16:05:02+00:00
1188,XeFI,Global UAV Database 2026 seed package,https://dronecenter.bard.edu/files/2019/10/CSD-Drone-Databook-Web.pdf,UAV-0541,South Korea,NESTEC,Military / Government,Small / tactical; Rotary-wing,In use or under development as documented in 2019,3,UAV-FBE74B3C2DE2,XeFI,2026-08-02T16:05:02+00:00
1116,Xianglong,Global UAV Database 2026 seed package,https://dronecenter.bard.edu/files/2019/10/CSD-Drone-Databook-Web.pdf,UAV-0469,China,GAIG,Military / Government,Large / strategic; Fixed-wing,In use or under development as documented in 2019,3,UAV-42AF7972FEC2,Xianglong,2026-08-02T16:05:02+00:00
1214,Yabhon Flash-20*,Global UAV Database 2026 seed package,https://dronecenter.bard.edu/files/2019/10/CSD-Drone-Databook-Web.pdf,UAV-0567,United Arab Emirates,ADCOM Systems,Military / Government,Large / strategic; Fixed-wing,In use or under development as documented in 2019,3,UAV-0C3A9EABA4BC,Yabhon Flash-20*,2026-08-02T16:05:02+00:00
1057,Yabhon United 40,Global UAV Database 2026 seed package,Internal curated seed,UAV-0410,United Arab Emirates,,Military / Government,MALE fixed-wing,Not specified,3,UAV-CD20FB9D76F5,Yabhon United-40*,2026-08-02T16:05:02+00:00
1215,Yabhon United-40*,Global UAV Database 2026 seed package,https://dronecenter.bard.edu/files/2019/10/CSD-Drone-Databook-Web.pdf,UAV-0568,United Arab Emirates,ADCOM Systems,Military / Government,Large / strategic; Fixed-wing,In use or under development as documented in 2019,3,UAV-CD20FB9D76F5,Yabhon United-40*,2026-08-02T16:05:02+00:00
660,Yamaha FAZER R G2,Global UAV Database 2026 seed package,Internal curated seed,UAV-0013,Japan,,Civilian / Commercial,Unmanned helicopter,Not specified,3,UAV-EA12A05604A7,Yamaha FAZER R G2,2026-08-02T16:05:02+00:00
1117,Yaoying 2,Global UAV Database 2026 seed package,https://dronecenter.bard.edu/files/2019/10/CSD-Drone-Databook-Web.pdf,UAV-0470,China,AVIC,Military / Government,Large / strategic; Fixed-wing,In use or under development as documented in 2019,3,UAV-65FD2EE7F763,Yaoying 2,2026-08-02T16:05:02+00:00
1030,ZALA Lancet,Global UAV Database 2026 seed package,Internal curated seed,UAV-0383,Russia,,Military / Government,Loitering munition,Not specified,3,UAV-F2B074E13083,ZALA Lancet,2026-08-02T16:05:02+00:00
861,Zino,Global UAV Database 2026 seed package,https://github.com/dronetag/opendronelist,UAV-0214,China,Hubsan,Civilian / Commercial,Commercial multirotor/fixed-wing,Listed in OpenDroneList,3,UAV-660D909924FC,Zino,2026-08-02T16:05:02+00:00
862,Zino Pro,Global UAV Database 2026 seed package,https://github.com/dronetag/opendronelist,UAV-0215,China,Hubsan,Civilian / Commercial,Commercial multirotor/fixed-wing,Listed in OpenDroneList,3,UAV-D57D603F0BC5,Zino Pro,2026-08-02T16:05:02+00:00
672,Zipline Platform 1,Global UAV Database 2026 seed package,Internal curated seed,UAV-0025,United States,,Civilian / Commercial,Fixed-wing delivery UAV,Not specified,3,UAV-AA669DC483E4,Zipline Platform 1,2026-08-02T16:05:02+00:00
673,Zipline Platform 2,Global UAV Database 2026 seed package,Internal curated seed,UAV-0026,United States,,Civilian / Commercial,VTOL delivery system,Not specified,3,UAV-CD6175FCCF25,Zipline Platform 2,2026-08-02T16:05:02+00:00
965,ideaForge NETRA V4+,Global UAV Database 2026 seed package,Internal curated seed,UAV-0318,India,,Dual-use,Quadrotor,Not specified,3,UAV-27A081DBD0E1,ideaForge NETRA V4+,2026-08-02T16:05:02+00:00
966,ideaForge SWITCH UAV,Global UAV Database 2026 seed package,Internal curated seed,UAV-0319,India,,Dual-use,VTOL fixed-wing,Not specified,3,UAV-FB84F21B9F80,ideaForge SWITCH UAV,2026-08-02T16:05:02+00:00
993,nEUROn,Global UAV Database 2026 seed package,Internal curated seed,UAV-0346,European consortium,,Military / Government,Flying-wing UCAV demonstrator,Not specified,3,UAV-62AC829E6E5E,nEUROn,2026-08-02T16:05:02+00:00
663,senseFly eBee X,Global UAV Database 2026 seed package,Internal curated seed,UAV-0016,Switzerland,,Civilian / Commercial,Fixed-wing survey UAV,Not specified,3,UAV-6A8E8A198036,senseFly eBee X,2026-08-02T16:05:02+00:00
281,AR Drone,OpenDroneList,https://github.com/dronetag/opendronelist,SRC-0281,France,Parrot,Civilian / Commercial,Commercial multirotor/fixed-wing,Listed in OpenDroneList,3,UAV-23D8E0156062,AR Drone,2026-08-02T16:05:02+00:00
282,AR Drone 2.0,OpenDroneList,https://github.com/dronetag/opendronelist,SRC-0282,France,Parrot,Civilian / Commercial,Commercial multirotor/fixed-wing,Listed in OpenDroneList,3,UAV-A0E205416B61,AR Drone 2.0,2026-08-02T16:05:02+00:00
158,ARIES,OpenDroneList,https://github.com/dronetag/opendronelist,SRC-0158,Italy,ANT-X,Civilian / Commercial,Commercial multirotor/fixed-wing,Listed in OpenDroneList,3,UAV-201CEB0536FE,ARIES,2026-08-02T16:05:02+00:00
287,ARS-S1,OpenDroneList,https://github.com/dronetag/opendronelist,SRC-0287,Japan,Sony,Civilian / Commercial,Commercial multirotor/fixed-wing,Listed in OpenDroneList,3,UAV-B037D68E43AF,ARS-S1,2026-08-02T16:05:02+00:00
150,Aero,OpenDroneList,https://github.com/dronetag/opendronelist,SRC-0150,United States,3D Robotics,Civilian / Commercial,Commercial multirotor/fixed-wing,Listed in OpenDroneList,3,UAV-862CCCCD978E,Aero,2026-08-02T16:05:02+00:00
151,Aero M,OpenDroneList,https://github.com/dronetag/opendronelist,SRC-0151,United States,3D Robotics,Civilian / Commercial,Commercial multirotor/fixed-wing,Listed in OpenDroneList,3,UAV-B92FA989A29C,Aero M,2026-08-02T16:05:02+00:00
175,Agras MG-1,OpenDroneList,https://github.com/dronetag/opendronelist,SRC-0175,China,DJI,Civilian / Commercial,Commercial multirotor/fixed-wing,Listed in OpenDroneList,3,UAV-DE32D1E71DA4,Agras MG-1,2026-08-02T16:05:02+00:00
176,Agras MG-1P,OpenDroneList,https://github.com/dronetag/opendronelist,SRC-0176,China,DJI,Civilian / Commercial,Commercial multirotor/fixed-wing,Listed in OpenDroneList,3,UAV-F82B597F2D5F,Agras MG-1P,2026-08-02T16:05:02+00:00
177,Agras MG-1P RTK,OpenDroneList,https://github.com/dronetag/opendronelist,SRC-0177,China,DJI,Civilian / Commercial,Commercial multirotor/fixed-wing,Listed in OpenDroneList,3,UAV-8D3B1799679B,Agras MG-1P RTK,2026-08-02T16:05:02+00:00
178,Agras MG-1S,OpenDroneList,https://github.com/dronetag/opendronelist,SRC-0178,China,DJI,Civilian / Commercial,Commercial multirotor/fixed-wing,Listed in OpenDroneList,3,UAV-F48CE028B409,Agras MG-1S,2026-08-02T16:05:02+00:00
179,Agras MG-1S RTK,OpenDroneList,https://github.com/dronetag/opendronelist,SRC-0179,China,DJI,Civilian / Commercial,Commercial multirotor/fixed-wing,Listed in OpenDroneList,3,UAV-4B1A1A6E4DAA,Agras MG-1S RTK,2026-08-02T16:05:02+00:00
180,Agras T10,OpenDroneList,https://github.com/dronetag/opendronelist,SRC-0180,China,DJI,Civilian / Commercial,Commercial multirotor/fixed-wing,Listed in OpenDroneList,3,UAV-37CA78522FDC,Agras T10,2026-08-02T16:05:02+00:00
189,Agras T100,OpenDroneList,https://github.com/dronetag/opendronelist,SRC-0189,China,DJI,Civilian / Commercial,Commercial multirotor/fixed-wing,Listed in OpenDroneList,3,UAV-EE97D15CCB67,Agras T100,2026-08-02T16:05:02+00:00
181,Agras T16,OpenDroneList,https://github.com/dronetag/opendronelist,SRC-0181,China,DJI,Civilian / Commercial,Commercial multirotor/fixed-wing,Listed in OpenDroneList,3,UAV-AC7903BFDD00,Agras T16,2026-08-02T16:05:02+00:00
182,Agras T20,OpenDroneList,https://github.com/dronetag/opendronelist,SRC-0182,China,DJI,Civilian / Commercial,Commercial multirotor/fixed-wing,Listed in OpenDroneList,3,UAV-9598867F824E,Agras T20,2026-08-02T16:05:02+00:00
183,Agras T20P,OpenDroneList,https://github.com/dronetag/opendronelist,SRC-0183,China,DJI,Civilian / Commercial,Commercial multirotor/fixed-wing,Listed in OpenDroneList,3,UAV-3E9070FA84BF,Agras T20P,2026-08-02T16:05:02+00:00
184,Agras T25,OpenDroneList,https://github.com/dronetag/opendronelist,SRC-0184,China,DJI,Civilian / Commercial,Commercial multirotor/fixed-wing,Listed in OpenDroneList,3,UAV-9D8D760A1F15,Agras T25,2026-08-02T16:05:02+00:00
185,Agras T25P,OpenDroneList,https://github.com/dronetag/opendronelist,SRC-0185,China,DJI,Civilian / Commercial,Commercial multirotor/fixed-wing,Listed in OpenDroneList,3,UAV-ED7A22BC7414,Agras T25P,2026-08-02T16:05:02+00:00
186,Agras T30,OpenDroneList,https://github.com/dronetag/opendronelist,SRC-0186,China,DJI,Civilian / Commercial,Commercial multirotor/fixed-wing,Listed in OpenDroneList,3,UAV-1DA983958840,Agras T30,2026-08-02T16:05:02+00:00
187,Agras T40,OpenDroneList,https://github.com/dronetag/opendronelist,SRC-0187,China,DJI,Civilian / Commercial,Commercial multirotor/fixed-wing,Listed in OpenDroneList,3,UAV-79F7DC00223A,Agras T40,2026-08-02T16:05:02+00:00
188,Agras T70P,OpenDroneList,https://github.com/dronetag/opendronelist,SRC-0188,China,DJI,Civilian / Commercial,Commercial multirotor/fixed-wing,Listed in OpenDroneList,3,UAV-DD521E8E0B4C,Agras T70P,2026-08-02T16:05:02+00:00
190,Air 2S,OpenDroneList,https://github.com/dronetag/opendronelist,SRC-0190,China,DJI,Civilian / Commercial,Commercial multirotor/fixed-wing,Listed in OpenDroneList,3,UAV-09C611969BB5,DJI Air 2S,2026-08-02T16:05:02+00:00
191,Air 3,OpenDroneList,https://github.com/dronetag/opendronelist,SRC-0191,China,DJI,Civilian / Commercial,Commercial multirotor/fixed-wing,Listed in OpenDroneList,3,UAV-11D60BB57704,DJI Air 3,2026-08-02T16:05:02+00:00
192,Air 3S,OpenDroneList,https://github.com/dronetag/opendronelist,SRC-0192,China,DJI,Civilian / Commercial,Commercial multirotor/fixed-wing,Listed in OpenDroneList,3,UAV-053AFA577E6C,DJI AIR 3S,2026-08-02T16:05:02+00:00
279,Alias,OpenDroneList,https://github.com/dronetag/opendronelist,SRC-0279,United States,LaTrax,Civilian / Commercial,Commercial multirotor/fixed-wing,Listed in OpenDroneList,3,UAV-CDB6FDBE91FA,Alias,2026-08-02T16:05:02+00:00
273,Alta X,OpenDroneList,https://github.com/dronetag/opendronelist,SRC-0273,United States,Freefly,Civilian / Commercial,Commercial multirotor/fixed-wing,Listed in OpenDroneList,3,UAV-0CE1A17DAA41,Freefly Alta X,2026-08-02T16:05:02+00:00
280,Anafi,OpenDroneList,https://github.com/dronetag/opendronelist,SRC-0280,France,Parrot,Civilian / Commercial,Commercial multirotor/fixed-wing,Listed in OpenDroneList,3,UAV-6215201471C7,Anafi,2026-08-02T16:05:02+00:00
172,Aquila 2,OpenDroneList,https://github.com/dronetag/opendronelist,SRC-0172,Unknown,Codev Dynamics,Civilian / Commercial,Commercial multirotor/fixed-wing,Listed in OpenDroneList,3,UAV-892684D962FF,Aquila 2,2026-08-02T16:05:02+00:00
173,Aquila 3,OpenDroneList,https://github.com/dronetag/opendronelist,SRC-0173,Unknown,Codev Dynamics,Civilian / Commercial,Commercial multirotor/fixed-wing,Listed in OpenDroneList,3,UAV-71C8AF453713,Aquila 3,2026-08-02T16:05:02+00:00
274,Astro,OpenDroneList,https://github.com/dronetag/opendronelist,SRC-0274,United States,Freefly,Civilian / Commercial,Commercial multirotor/fixed-wing,Listed in OpenDroneList,3,UAV-90C9D7BDFB9D,Astro,2026-08-02T16:05:02+00:00
193,Avata,OpenDroneList,https://github.com/dronetag/opendronelist,SRC-0193,China,DJI,Civilian / Commercial,Commercial multirotor/fixed-wing,Listed in OpenDroneList,3,UAV-5B5CAB331A9F,Avata,2026-08-02T16:05:02+00:00
194,Avata 2,OpenDroneList,https://github.com/dronetag/opendronelist,SRC-0194,China,DJI,Civilian / Commercial,Commercial multirotor/fixed-wing,Listed in OpenDroneList,3,UAV-86FC68A8B502,DJI Avata 2,2026-08-02T16:05:02+00:00
283,Bebop,OpenDroneList,https://github.com/dronetag/opendronelist,SRC-0283,France,Parrot,Civilian / Commercial,Commercial multirotor/fixed-wing,Listed in OpenDroneList,3,UAV-8FB7A40DDE4F,Bebop,2026-08-02T16:05:02+00:00
284,Bebop 2,OpenDroneList,https://github.com/dronetag/opendronelist,SRC-0284,France,Parrot,Civilian / Commercial,Commercial multirotor/fixed-wing,Listed in OpenDroneList,3,UAV-B4A998A7BA91,Bebop 2,2026-08-02T16:05:02+00:00
297,Breeze,OpenDroneList,https://github.com/dronetag/opendronelist,SRC-0297,China,Yuneec,Civilian / Commercial,Commercial multirotor/fixed-wing,Listed in OpenDroneList,3,UAV-6E2AD22E6CC8,Breeze,2026-08-02T16:05:02+00:00
157,CUBEE,OpenDroneList,https://github.com/dronetag/opendronelist,SRC-0157,Unknown,AirWood,Civilian / Commercial,Commercial multirotor/fixed-wing,Listed in OpenDroneList,3,UAV-4D47CDED864C,CUBEE,2026-08-02T16:05:02+00:00
285,Disco,OpenDroneList,https://github.com/dronetag/opendronelist,SRC-0285,France,Parrot,Civilian / Commercial,Commercial multirotor/fixed-wing,Listed in OpenDroneList,3,UAV-9A1C2A67FCD8,Disco,2026-08-02T16:05:02+00:00
159,Dragonfish,OpenDroneList,https://github.com/dronetag/opendronelist,SRC-0159,China,Autel,Civilian / Commercial,Commercial multirotor/fixed-wing,Listed in OpenDroneList,3,UAV-543C3A3E7380,Dragonfish,2026-08-02T16:05:02+00:00
167,EVO MAX 4T,OpenDroneList,https://github.com/dronetag/opendronelist,SRC-0167,China,Autel,Civilian / Commercial,Commercial multirotor/fixed-wing,Listed in OpenDroneList,3,UAV-A3298C746F55,Autel EVO Max 4T,2026-08-02T16:05:02+00:00
168,EVO Nano,OpenDroneList,https://github.com/dronetag/opendronelist,SRC-0168,China,Autel,Civilian / Commercial,Commercial multirotor/fixed-wing,Listed in OpenDroneList,3,UAV-9B5FFD026933,EVO Nano,2026-08-02T16:05:02+00:00
160,Evo,OpenDroneList,https://github.com/dronetag/opendronelist,SRC-0160,China,Autel,Civilian / Commercial,Commercial multirotor/fixed-wing,Listed in OpenDroneList,3,UAV-261679FD18AD,Evo,2026-08-02T16:05:02+00:00
161,Evo 2 Dual,OpenDroneList,https://github.com/dronetag/opendronelist,SRC-0161,China,Autel,Civilian / Commercial,Commercial multirotor/fixed-wing,Listed in OpenDroneList,3,UAV-099C85094AA5,Evo 2 Dual,2026-08-02T16:05:02+00:00
162,Evo 2 Dual 640T,OpenDroneList,https://github.com/dronetag/opendronelist,SRC-0162,China,Autel,Civilian / Commercial,Commercial multirotor/fixed-wing,Listed in OpenDroneList,3,UAV-126C43849BCB,Evo 2 Dual 640T,2026-08-02T16:05:02+00:00
163,Evo 2 Pro,OpenDroneList,https://github.com/dronetag/opendronelist,SRC-0163,China,Autel,Civilian / Commercial,Commercial multirotor/fixed-wing,Listed in OpenDroneList,3,UAV-14D4286CF220,Evo 2 Pro,2026-08-02T16:05:02+00:00
164,Evo II,OpenDroneList,https://github.com/dronetag/opendronelist,SRC-0164,China,Autel,Civilian / Commercial,Commercial multirotor/fixed-wing,Listed in OpenDroneList,3,UAV-BE2A95ECCACD,Evo II,2026-08-02T16:05:02+00:00
165,Evo Lite,OpenDroneList,https://github.com/dronetag/opendronelist,SRC-0165,China,Autel,Civilian / Commercial,Commercial multirotor/fixed-wing,Listed in OpenDroneList,3,UAV-1AA4D39A8CD2,Evo Lite,2026-08-02T16:05:02+00:00
166,Evo Lite+,OpenDroneList,https://github.com/dronetag/opendronelist,SRC-0166,China,Autel,Civilian / Commercial,Commercial multirotor/fixed-wing,Listed in OpenDroneList,3,UAV-1AA4D39A8CD2,Evo Lite,2026-08-02T16:05:02+00:00
294,FIMI X8,OpenDroneList,https://github.com/dronetag/opendronelist,SRC-0294,China,Xiaomi,Civilian / Commercial,Commercial multirotor/fixed-wing,Listed in OpenDroneList,3,UAV-C71E376EC051,FIMI X8,2026-08-02T16:05:02+00:00
200,FPV,OpenDroneList,https://github.com/dronetag/opendronelist,SRC-0200,China,DJI,Civilian / Commercial,Commercial multirotor/fixed-wing,Listed in OpenDroneList,3,UAV-240EAF9B7DD8,FPV,2026-08-02T16:05:02+00:00
195,Flame Wheel F330,OpenDroneList,https://github.com/dronetag/opendronelist,SRC-0195,China,DJI,Civilian / Commercial,Commercial multirotor/fixed-wing,Listed in OpenDroneList,3,UAV-58C735BA2624,Flame Wheel F330,2026-08-02T16:05:02+00:00
196,Flame Wheel F450,OpenDroneList,https://github.com/dronetag/opendronelist,SRC-0196,China,DJI,Civilian / Commercial,Commercial multirotor/fixed-wing,Listed in OpenDroneList,3,UAV-7F9CB69166D5,Flame Wheel F450,2026-08-02T16:05:02+00:00
197,Flame Wheel F550,OpenDroneList,https://github.com/dronetag/opendronelist,SRC-0197,China,DJI,Civilian / Commercial,Commercial multirotor/fixed-wing,Listed in OpenDroneList,3,UAV-B94458C90C22,Flame Wheel F550,2026-08-02T16:05:02+00:00
199,FlyCart 100 Ultimate,OpenDroneList,https://github.com/dronetag/opendronelist,SRC-0199,China,DJI,Civilian / Commercial,Commercial multirotor/fixed-wing,Listed in OpenDroneList,3,UAV-F84042779E59,FlyCart 100 Ultimate,2026-08-02T16:05:02+00:00
198,FlyCart 30,OpenDroneList,https://github.com/dronetag/opendronelist,SRC-0198,China,DJI,Civilian / Commercial,Commercial multirotor/fixed-wing,Listed in OpenDroneList,3,UAV-3EE2A523387C,DJI FlyCart 30,2026-08-02T16:05:02+00:00
291,GEMINI,OpenDroneList,https://github.com/dronetag/opendronelist,SRC-0291,China,TBS,Civilian / Commercial,Commercial multirotor/fixed-wing,Listed in OpenDroneList,3,UAV-468DA084E995,GEMINI,2026-08-02T16:05:02+00:00
278,H109S X4 Pro,OpenDroneList,https://github.com/dronetag/opendronelist,SRC-0278,China,Hubsan,Civilian / Commercial,Commercial multirotor/fixed-wing,Listed in OpenDroneList,3,UAV-193B6886C645,H109S X4 Pro,2026-08-02T16:05:02+00:00
298,H520,OpenDroneList,https://github.com/dronetag/opendronelist,SRC-0298,China,Yuneec,Civilian / Commercial,Commercial multirotor/fixed-wing,Listed in OpenDroneList,3,UAV-F6BD05BDF583,H520,2026-08-02T16:05:02+00:00
299,H520E,OpenDroneList,https://github.com/dronetag/opendronelist,SRC-0299,China,Yuneec,Civilian / Commercial,Commercial multirotor/fixed-wing,Listed in OpenDroneList,3,UAV-4F26EAC55E70,H520E,2026-08-02T16:05:02+00:00
300,H520E-RTK,OpenDroneList,https://github.com/dronetag/opendronelist,SRC-0300,China,Yuneec,Civilian / Commercial,Commercial multirotor/fixed-wing,Listed in OpenDroneList,3,UAV-804BA88A64CB,H520E-RTK,2026-08-02T16:05:02+00:00
301,H850-RTK,OpenDroneList,https://github.com/dronetag/opendronelist,SRC-0301,China,Yuneec,Civilian / Commercial,Commercial multirotor/fixed-wing,Listed in OpenDroneList,3,UAV-25E54AC358B9,H850-RTK,2026-08-02T16:05:02+00:00
152,IRIS+,OpenDroneList,https://github.com/dronetag/opendronelist,SRC-0152,United States,3D Robotics,Civilian / Commercial,Commercial multirotor/fixed-wing,Listed in OpenDroneList,3,UAV-3E9AFE235A0E,IRIS+,2026-08-02T16:05:02+00:00
201,Inspire 1,OpenDroneList,https://github.com/dronetag/opendronelist,SRC-0201,China,DJI,Civilian / Commercial,Commercial multirotor/fixed-wing,Listed in OpenDroneList,3,UAV-ED9993670390,Inspire 1,2026-08-02T16:05:02+00:00
202,Inspire 1 Pro,OpenDroneList,https://github.com/dronetag/opendronelist,SRC-0202,China,DJI,Civilian / Commercial,Commercial multirotor/fixed-wing,Listed in OpenDroneList,3,UAV-88A450BFE04C,Inspire 1 Pro,2026-08-02T16:05:02+00:00
203,Inspire 1 Raw,OpenDroneList,https://github.com/dronetag/opendronelist,SRC-0203,China,DJI,Civilian / Commercial,Commercial multirotor/fixed-wing,Listed in OpenDroneList,3,UAV-39B7B995C2F3,Inspire 1 Raw,2026-08-02T16:05:02+00:00
204,Inspire 2,OpenDroneList,https://github.com/dronetag/opendronelist,SRC-0204,China,DJI,Civilian / Commercial,Commercial multirotor/fixed-wing,Listed in OpenDroneList,3,UAV-30B603083FED,Inspire 2,2026-08-02T16:05:02+00:00
205,Inspire 3,OpenDroneList,https://github.com/dronetag/opendronelist,SRC-0205,China,DJI,Civilian / Commercial,Commercial multirotor/fixed-wing,Listed in OpenDroneList,3,UAV-E60F86F63DAE,DJI Inspire 3,2026-08-02T16:05:02+00:00
275,Karma,OpenDroneList,https://github.com/dronetag/opendronelist,SRC-0275,United States,GoPro,Civilian / Commercial,Commercial multirotor/fixed-wing,Listed in OpenDroneList,3,UAV-512423CB3A48,Karma,2026-08-02T16:05:02+00:00
169,Kestrel,OpenDroneList,https://github.com/dronetag/opendronelist,SRC-0169,China,Autel,Civilian / Commercial,Commercial multirotor/fixed-wing,Listed in OpenDroneList,3,UAV-9D65C9C5A1ED,Kestrel,2026-08-02T16:05:02+00:00
302,Mantis G,OpenDroneList,https://github.com/dronetag/opendronelist,SRC-0302,China,Yuneec,Civilian / Commercial,Commercial multirotor/fixed-wing,Listed in OpenDroneList,3,UAV-49159A898967,Mantis G,2026-08-02T16:05:02+00:00
303,Mantis Q,OpenDroneList,https://github.com/dronetag/opendronelist,SRC-0303,China,Yuneec,Civilian / Commercial,Commercial multirotor/fixed-wing,Listed in OpenDroneList,3,UAV-59376C70E9A7,Mantis Q,2026-08-02T16:05:02+00:00
206,Matrice 100,OpenDroneList,https://github.com/dronetag/opendronelist,SRC-0206,China,DJI,Civilian / Commercial,Commercial multirotor/fixed-wing,Listed in OpenDroneList,3,UAV-B65D5828A6F1,Matrice 100,2026-08-02T16:05:02+00:00
207,Matrice 200,OpenDroneList,https://github.com/dronetag/opendronelist,SRC-0207,China,DJI,Civilian / Commercial,Commercial multirotor/fixed-wing,Listed in OpenDroneList,3,UAV-7844C2248776,Matrice 200,2026-08-02T16:05:02+00:00
208,Matrice 200 V2,OpenDroneList,https://github.com/dronetag/opendronelist,SRC-0208,China,DJI,Civilian / Commercial,Commercial multirotor/fixed-wing,Listed in OpenDroneList,3,UAV-8EB67B463C0E,Matrice 200 V2,2026-08-02T16:05:02+00:00
209,Matrice 210,OpenDroneList,https://github.com/dronetag/opendronelist,SRC-0209,China,DJI,Civilian / Commercial,Commercial multirotor/fixed-wing,Listed in OpenDroneList,3,UAV-51CBFA6F4B07,Matrice 210,2026-08-02T16:05:02+00:00
210,Matrice 210 RTK,OpenDroneList,https://github.com/dronetag/opendronelist,SRC-0210,China,DJI,Civilian / Commercial,Commercial multirotor/fixed-wing,Listed in OpenDroneList,3,UAV-4E3CC254A0AF,Matrice 210 RTK,2026-08-02T16:05:02+00:00
211,Matrice 210 RTK V2,OpenDroneList,https://github.com/dronetag/opendronelist,SRC-0211,China,DJI,Civilian / Commercial,Commercial multirotor/fixed-wing,Listed in OpenDroneList,3,UAV-9D22B618484A,Matrice 210 RTK V2,2026-08-02T16:05:02+00:00
212,Matrice 210 V2,OpenDroneList,https://github.com/dronetag/opendronelist,SRC-0212,China,DJI,Civilian / Commercial,Commercial multirotor/fixed-wing,Listed in OpenDroneList,3,UAV-DFFB2247B167,Matrice 210 V2,2026-08-02T16:05:02+00:00
213,Matrice 30,OpenDroneList,https://github.com/dronetag/opendronelist,SRC-0213,China,DJI,Civilian / Commercial,Commercial multirotor/fixed-wing,Listed in OpenDroneList,3,UAV-CFE071A57EB3,Matrice 30,2026-08-02T16:05:02+00:00
215,Matrice 300 RTK,OpenDroneList,https://github.com/dronetag/opendronelist,SRC-0215,China,DJI,Civilian / Commercial,Commercial multirotor/fixed-wing,Listed in OpenDroneList,3,UAV-ED54B955280F,Matrice 300 RTK,2026-08-02T16:05:02+00:00
214,Matrice 30T,OpenDroneList,https://github.com/dronetag/opendronelist,SRC-0214,China,DJI,Civilian / Commercial,Commercial multirotor/fixed-wing,Listed in OpenDroneList,3,UAV-680F8BA92BE3,Matrice 30T,2026-08-02T16:05:02+00:00
216,Matrice 350 RTK,OpenDroneList,https://github.com/dronetag/opendronelist,SRC-0216,China,DJI,Civilian / Commercial,Commercial multirotor/fixed-wing,Listed in OpenDroneList,3,UAV-5E73FD2B7018,Matrice 350 RTK,2026-08-02T16:05:02+00:00
217,Matrice 400,OpenDroneList,https://github.com/dronetag/opendronelist,SRC-0217,China,DJI,Civilian / Commercial,Commercial multirotor/fixed-wing,Listed in OpenDroneList,3,UAV-03928F0B790D,DJI Matrice 400,2026-08-02T16:05:02+00:00
218,Matrice 4E,OpenDroneList,https://github.com/dronetag/opendronelist,SRC-0218,China,DJI,Civilian / Commercial,Commercial multirotor/fixed-wing,Listed in OpenDroneList,3,UAV-801F5538D561,DJI Matrice 4E,2026-08-02T16:05:02+00:00
219,Matrice 4T,OpenDroneList,https://github.com/dronetag/opendronelist,SRC-0219,China,DJI,Civilian / Commercial,Commercial multirotor/fixed-wing,Listed in OpenDroneList,3,UAV-CDFE02C7C465,DJI Matrice 4T,2026-08-02T16:05:02+00:00
220,Matrice 600,OpenDroneList,https://github.com/dronetag/opendronelist,SRC-0220,China,DJI,Civilian / Commercial,Commercial multirotor/fixed-wing,Listed in OpenDroneList,3,UAV-6CE53F35505D,Matrice 600,2026-08-02T16:05:02+00:00
221,Matrice 600 Pro,OpenDroneList,https://github.com/dronetag/opendronelist,SRC-0221,China,DJI,Civilian / Commercial,Commercial multirotor/fixed-wing,Listed in OpenDroneList,3,UAV-49F82E86B55B,Matrice 600 Pro,2026-08-02T16:05:02+00:00
222,Mavic 2 Enterprise,OpenDroneList,https://github.com/dronetag/opendronelist,SRC-0222,China,DJI,Civilian / Commercial,Commercial multirotor/fixed-wing,Listed in OpenDroneList,3,UAV-5640FA5E64E7,Mavic 2 Enterprise,2026-08-02T16:05:02+00:00
223,Mavic 2 Enterprise Advanced,OpenDroneList,https://github.com/dronetag/opendronelist,SRC-0223,China,DJI,Civilian / Commercial,Commercial multirotor/fixed-wing,Listed in OpenDroneList,3,UAV-4FA8E734CB80,Mavic 2 Enterprise Advanced,2026-08-02T16:05:02+00:00
224,Mavic 2 Enterprise Dual,OpenDroneList,https://github.com/dronetag/opendronelist,SRC-0224,China,DJI,Civilian / Commercial,Commercial multirotor/fixed-wing,Listed in OpenDroneList,3,UAV-E69FE3043436,Mavic 2 Enterprise Dual,2026-08-02T16:05:02+00:00
225,Mavic 2 Pro,OpenDroneList,https://github.com/dronetag/opendronelist,SRC-0225,China,DJI,Civilian / Commercial,Commercial multirotor/fixed-wing,Listed in OpenDroneList,3,UAV-B3ABC8FDA762,Mavic 2 Pro,2026-08-02T16:05:02+00:00
226,Mavic 2 Zoom,OpenDroneList,https://github.com/dronetag/opendronelist,SRC-0226,China,DJI,Civilian / Commercial,Commercial multirotor/fixed-wing,Listed in OpenDroneList,3,UAV-4E8A21A25A7E,Mavic 2 Zoom,2026-08-02T16:05:02+00:00
230,Mavic 3,OpenDroneList,https://github.com/dronetag/opendronelist,SRC-0230,China,DJI,Civilian / Commercial,Commercial multirotor/fixed-wing,Listed in OpenDroneList,3,UAV-CB174CE425A5,Mavic 3,2026-08-02T16:05:02+00:00
227,Mavic 3 3E,OpenDroneList,https://github.com/dronetag/opendronelist,SRC-0227,China,DJI,Civilian / Commercial,Commercial multirotor/fixed-wing,Listed in OpenDroneList,3,UAV-88E6FF949394,Mavic 3 3E,2026-08-02T16:05:02+00:00
228,Mavic 3 3M,OpenDroneList,https://github.com/dronetag/opendronelist,SRC-0228,China,DJI,Civilian / Commercial,Commercial multirotor/fixed-wing,Listed in OpenDroneList,3,UAV-818D7582B68C,Mavic 3 3M,2026-08-02T16:05:02+00:00
229,Mavic 3 3T,OpenDroneList,https://github.com/dronetag/opendronelist,SRC-0229,China,DJI,Civilian / Commercial,Commercial multirotor/fixed-wing,Listed in OpenDroneList,3,UAV-CD42D555D3BB,Mavic 3 3T,2026-08-02T16:05:02+00:00
231,Mavic 3 Cine,OpenDroneList,https://github.com/dronetag/opendronelist,SRC-0231,China,DJI,Civilian / Commercial,Commercial multirotor/fixed-wing,Listed in OpenDroneList,3,UAV-6002FFBDF6DD,Mavic 3 Cine,2026-08-02T16:05:02+00:00
232,Mavic 3 Classic,OpenDroneList,https://github.com/dronetag/opendronelist,SRC-0232,China,DJI,Civilian / Commercial,Commercial multirotor/fixed-wing,Listed in OpenDroneList,3,UAV-279BBF7B0B98,DJI MAVIC 3 Classic,2026-08-02T16:05:02+00:00
233,Mavic 3 Pro,OpenDroneList,https://github.com/dronetag/opendronelist,SRC-0233,China,DJI,Civilian / Commercial,Commercial multirotor/fixed-wing,Listed in OpenDroneList,3,UAV-6D2808925AFD,DJI Mavic 3 Pro,2026-08-02T16:05:02+00:00
234,Mavic 3 Pro Cine,OpenDroneList,https://github.com/dronetag/opendronelist,SRC-0234,China,DJI,Civilian / Commercial,Commercial multirotor/fixed-wing,Listed in OpenDroneList,3,UAV-3229B7E31701,DJI Mavic 3 Pro Cine,2026-08-02T16:05:02+00:00
235,Mavic 4 Pro,OpenDroneList,https://github.com/dronetag/opendronelist,SRC-0235,China,DJI,Civilian / Commercial,Commercial multirotor/fixed-wing,Listed in OpenDroneList,3,UAV-789580914BC1,DJI Mavic 4 Pro,2026-08-02T16:05:02+00:00
236,Mavic Air,OpenDroneList,https://github.com/dronetag/opendronelist,SRC-0236,China,DJI,Civilian / Commercial,Commercial multirotor/fixed-wing,Listed in OpenDroneList,3,UAV-1DE44A51588D,Mavic Air,2026-08-02T16:05:02+00:00
237,Mavic Air 2,OpenDroneList,https://github.com/dronetag/opendronelist,SRC-0237,China,DJI,Civilian / Commercial,Commercial multirotor/fixed-wing,Listed in OpenDroneList,3,UAV-E95F0F16D59A,Mavic Air 2,2026-08-02T16:05:02+00:00
238,Mavic Mini,OpenDroneList,https://github.com/dronetag/opendronelist,SRC-0238,China,DJI,Civilian / Commercial,Commercial multirotor/fixed-wing,Listed in OpenDroneList,3,UAV-8E4481AAC75A,Mavic Mini,2026-08-02T16:05:02+00:00
239,Mavic Pro,OpenDroneList,https://github.com/dronetag/opendronelist,SRC-0239,China,DJI,Civilian / Commercial,Commercial multirotor/fixed-wing,Listed in OpenDroneList,3,UAV-F88296E43318,Mavic Pro,2026-08-02T16:05:02+00:00
240,Mavic Pro Platinum,OpenDroneList,https://github.com/dronetag/opendronelist,SRC-0240,China,DJI,Civilian / Commercial,Commercial multirotor/fixed-wing,Listed in OpenDroneList,3,UAV-0799E483E893,Mavic Pro Platinum,2026-08-02T16:05:02+00:00
295,Mi Drone 4K,OpenDroneList,https://github.com/dronetag/opendronelist,SRC-0295,China,Xiaomi,Civilian / Commercial,Commercial multirotor/fixed-wing,Listed in OpenDroneList,3,UAV-70794A9A87C6,Mi Drone 4K,2026-08-02T16:05:02+00:00
296,Mi Drone Mini,OpenDroneList,https://github.com/dronetag/opendronelist,SRC-0296,China,Xiaomi,Civilian / Commercial,Commercial multirotor/fixed-wing,Listed in OpenDroneList,3,UAV-E9FD7B3CED3B,Mi Drone Mini,2026-08-02T16:05:02+00:00
241,Mini 2,OpenDroneList,https://github.com/dronetag/opendronelist,SRC-0241,China,DJI,Civilian / Commercial,Commercial multirotor/fixed-wing,Listed in OpenDroneList,3,UAV-B95A493A456C,Mini 2,2026-08-02T16:05:02+00:00
242,Mini 2 SE,OpenDroneList,https://github.com/dronetag/opendronelist,SRC-0242,China,DJI,Civilian / Commercial,Commercial multirotor/fixed-wing,Listed in OpenDroneList,3,UAV-D377C2F1FBED,DJI Mini 2 SE,2026-08-02T16:05:02+00:00
243,Mini 3,OpenDroneList,https://github.com/dronetag/opendronelist,SRC-0243,China,DJI,Civilian / Commercial,Commercial multirotor/fixed-wing,Listed in OpenDroneList,3,UAV-2276FC3A35FC,DJI Mini 3,2026-08-02T16:05:02+00:00
244,Mini 3 Pro,OpenDroneList,https://github.com/dronetag/opendronelist,SRC-0244,China,DJI,Civilian / Commercial,Commercial multirotor/fixed-wing,Listed in OpenDroneList,3,UAV-C83D7BF6BB8A,Mini 3 Pro,2026-08-02T16:05:02+00:00
245,Mini 4 Pro,OpenDroneList,https://github.com/dronetag/opendronelist,SRC-0245,China,DJI,Civilian / Commercial,Commercial multirotor/fixed-wing,Listed in OpenDroneList,3,UAV-8E968C9EE576,Mini 4 Pro,2026-08-02T16:05:02+00:00
246,Mini 5 Pro,OpenDroneList,https://github.com/dronetag/opendronelist,SRC-0246,China,DJI,Civilian / Commercial,Commercial multirotor/fixed-wing,Listed in OpenDroneList,3,UAV-4655BBFE1B9C,DJI Mini 5 Pro,2026-08-02T16:05:02+00:00
247,Neo,OpenDroneList,https://github.com/dronetag/opendronelist,SRC-0247,China,DJI,Civilian / Commercial,Commercial multirotor/fixed-wing,Listed in OpenDroneList,3,UAV-DB521FA9FAFD,DJI Neo,2026-08-02T16:05:02+00:00
248,Phantom 1,OpenDroneList,https://github.com/dronetag/opendronelist,SRC-0248,China,DJI,Civilian / Commercial,Commercial multirotor/fixed-wing,Listed in OpenDroneList,3,UAV-057FB7A29280,Phantom 1,2026-08-02T16:05:02+00:00
249,Phantom 2,OpenDroneList,https://github.com/dronetag/opendronelist,SRC-0249,China,DJI,Civilian / Commercial,Commercial multirotor/fixed-wing,Listed in OpenDroneList,3,UAV-E97E698229F1,Phantom 2,2026-08-02T16:05:02+00:00
250,Phantom 2 Vision,OpenDroneList,https://github.com/dronetag/opendronelist,SRC-0250,China,DJI,Civilian / Commercial,Commercial multirotor/fixed-wing,Listed in OpenDroneList,3,UAV-90DA8CEDC0C0,Phantom 2 Vision,2026-08-02T16:05:02+00:00
251,Phantom 2 Vision+,OpenDroneList,https://github.com/dronetag/opendronelist,SRC-0251,China,DJI,Civilian / Commercial,Commercial multirotor/fixed-wing,Listed in OpenDroneList,3,UAV-90DA8CEDC0C0,Phantom 2 Vision,2026-08-02T16:05:02+00:00
252,Phantom 3 4k,OpenDroneList,https://github.com/dronetag/opendronelist,SRC-0252,China,DJI,Civilian / Commercial,Commercial multirotor/fixed-wing,Listed in OpenDroneList,3,UAV-22B9CC1F89D3,Phantom 3 4k,2026-08-02T16:05:02+00:00
253,Phantom 3 Advanced,OpenDroneList,https://github.com/dronetag/opendronelist,SRC-0253,China,DJI,Civilian / Commercial,Commercial multirotor/fixed-wing,Listed in OpenDroneList,3,UAV-B971D4C1FCF0,Phantom 3 Advanced,2026-08-02T16:05:02+00:00
254,Phantom 3 Professional,OpenDroneList,https://github.com/dronetag/opendronelist,SRC-0254,China,DJI,Civilian / Commercial,Commercial multirotor/fixed-wing,Listed in OpenDroneList,3,UAV-4435E8ECFBEE,Phantom 3 Professional,2026-08-02T16:05:02+00:00
255,Phantom 3 SE,OpenDroneList,https://github.com/dronetag/opendronelist,SRC-0255,China,DJI,Civilian / Commercial,Commercial multirotor/fixed-wing,Listed in OpenDroneList,3,UAV-5DEBF68F623B,Phantom 3 SE,2026-08-02T16:05:02+00:00
256,Phantom 3 Standard,OpenDroneList,https://github.com/dronetag/opendronelist,SRC-0256,China,DJI,Civilian / Commercial,Commercial multirotor/fixed-wing,Listed in OpenDroneList,3,UAV-D057E3549F58,Phantom 3 Standard,2026-08-02T16:05:02+00:00
257,Phantom 4,OpenDroneList,https://github.com/dronetag/opendronelist,SRC-0257,China,DJI,Civilian / Commercial,Commercial multirotor/fixed-wing,Listed in OpenDroneList,3,UAV-D40E291EB72B,Phantom 4,2026-08-02T16:05:02+00:00
258,Phantom 4 Advanced,OpenDroneList,https://github.com/dronetag/opendronelist,SRC-0258,China,DJI,Civilian / Commercial,Commercial multirotor/fixed-wing,Listed in OpenDroneList,3,UAV-2DE7DF0D23F1,Phantom 4 Advanced,2026-08-02T16:05:02+00:00
259,Phantom 4 Multispectral,OpenDroneList,https://github.com/dronetag/opendronelist,SRC-0259,China,DJI,Civilian / Commercial,Commercial multirotor/fixed-wing,Listed in OpenDroneList,3,UAV-38D6EC0511FE,Phantom 4 Multispectral,2026-08-02T16:05:02+00:00
260,Phantom 4 Pro,OpenDroneList,https://github.com/dronetag/opendronelist,SRC-0260,China,DJI,Civilian / Commercial,Commercial multirotor/fixed-wing,Listed in OpenDroneList,3,UAV-1B9591BBC42B,Phantom 4 Pro,2026-08-02T16:05:02+00:00
261,Phantom 4 Pro V2.0,OpenDroneList,https://github.com/dronetag/opendronelist,SRC-0261,China,DJI,Civilian / Commercial,Commercial multirotor/fixed-wing,Listed in OpenDroneList,3,UAV-C34EB3C5BC65,Phantom 4 Pro V2.0,2026-08-02T16:05:02+00:00
262,Phantom 4 Pro+,OpenDroneList,https://github.com/dronetag/opendronelist,SRC-0262,China,DJI,Civilian / Commercial,Commercial multirotor/fixed-wing,Listed in OpenDroneList,3,UAV-1B9591BBC42B,Phantom 4 Pro,2026-08-02T16:05:02+00:00
263,Phantom 4 RTK,OpenDroneList,https://github.com/dronetag/opendronelist,SRC-0263,China,DJI,Civilian / Commercial,Commercial multirotor/fixed-wing,Listed in OpenDroneList,3,UAV-F88FF750D153,Phantom 4 RTK,2026-08-02T16:05:02+00:00
264,Phantom FC40,OpenDroneList,https://github.com/dronetag/opendronelist,SRC-0264,China,DJI,Civilian / Commercial,Commercial multirotor/fixed-wing,Listed in OpenDroneList,3,UAV-DB5F238393FC,Phantom FC40,2026-08-02T16:05:02+00:00
156,SENSEFLY eBee,OpenDroneList,https://github.com/dronetag/opendronelist,SRC-0156,Switzerland / United States,AgEagle,Civilian / Commercial,Commercial multirotor/fixed-wing,Listed in OpenDroneList,3,UAV-87A644E1911D,SENSEFLY eBee,2026-08-02T16:05:02+00:00
153,Solo,OpenDroneList,https://github.com/dronetag/opendronelist,SRC-0153,United States,3D Robotics,Civilian / Commercial,Commercial multirotor/fixed-wing,Listed in OpenDroneList,3,UAV-49F25741FF0D,Solo,2026-08-02T16:05:02+00:00
265,Spark,OpenDroneList,https://github.com/dronetag/opendronelist,SRC-0265,China,DJI,Civilian / Commercial,Commercial multirotor/fixed-wing,Listed in OpenDroneList,3,UAV-7187DADEAA98,Spark,2026-08-02T16:05:02+00:00
266,Spreading Wings S1000+,OpenDroneList,https://github.com/dronetag/opendronelist,SRC-0266,China,DJI,Civilian / Commercial,Commercial multirotor/fixed-wing,Listed in OpenDroneList,3,UAV-8EBBBD5F1134,Spreading Wings S1000+,2026-08-02T16:05:02+00:00
267,Spreading Wings S800,OpenDroneList,https://github.com/dronetag/opendronelist,SRC-0267,China,DJI,Civilian / Commercial,Commercial multirotor/fixed-wing,Listed in OpenDroneList,3,UAV-9B56C6C11CFC,Spreading Wings S800,2026-08-02T16:05:02+00:00
268,Spreading Wings S800 EVO,OpenDroneList,https://github.com/dronetag/opendronelist,SRC-0268,China,DJI,Civilian / Commercial,Commercial multirotor/fixed-wing,Listed in OpenDroneList,3,UAV-FCECA4872367,Spreading Wings S800 EVO,2026-08-02T16:05:02+00:00
269,Spreading Wings S900,OpenDroneList,https://github.com/dronetag/opendronelist,SRC-0269,China,DJI,Civilian / Commercial,Commercial multirotor/fixed-wing,Listed in OpenDroneList,3,UAV-5E48913F3B92,Spreading Wings S900,2026-08-02T16:05:02+00:00
270,Tello,OpenDroneList,https://github.com/dronetag/opendronelist,SRC-0270,China,DJI,Civilian / Commercial,Commercial multirotor/fixed-wing,Listed in OpenDroneList,3,UAV-7DC3022215B6,Tello,2026-08-02T16:05:02+00:00
271,Tello EDU,OpenDroneList,https://github.com/dronetag/opendronelist,SRC-0271,China,DJI,Civilian / Commercial,Commercial multirotor/fixed-wing,Listed in OpenDroneList,3,UAV-F00DCE8C2F08,Tello EDU,2026-08-02T16:05:02+00:00
272,Tello Iron Man,OpenDroneList,https://github.com/dronetag/opendronelist,SRC-0272,China,DJI,Civilian / Commercial,Commercial multirotor/fixed-wing,Listed in OpenDroneList,3,UAV-3895066907D5,Tello Iron Man,2026-08-02T16:05:02+00:00
286,Trinity F90+,OpenDroneList,https://github.com/dronetag/opendronelist,SRC-0286,Germany,Quantum-Systems,Civilian / Commercial,Commercial multirotor/fixed-wing,Listed in OpenDroneList,3,UAV-286F1BEDFCCD,Trinity F90+,2026-08-02T16:05:02+00:00
304,Typhoon 4K,OpenDroneList,https://github.com/dronetag/opendronelist,SRC-0304,China,Yuneec,Civilian / Commercial,Commercial multirotor/fixed-wing,Listed in OpenDroneList,3,UAV-42D635727CC3,Typhoon 4K,2026-08-02T16:05:02+00:00
305,Typhoon H,OpenDroneList,https://github.com/dronetag/opendronelist,SRC-0305,China,Yuneec,Civilian / Commercial,Commercial multirotor/fixed-wing,Listed in OpenDroneList,3,UAV-07F8A8F5AA4D,Typhoon H,2026-08-02T16:05:02+00:00
306,Typhoon H Plus,OpenDroneList,https://github.com/dronetag/opendronelist,SRC-0306,China,Yuneec,Civilian / Commercial,Commercial multirotor/fixed-wing,Listed in OpenDroneList,3,UAV-684E380F5475,Typhoon H Plus,2026-08-02T16:05:02+00:00
307,Typhoon H3,OpenDroneList,https://github.com/dronetag/opendronelist,SRC-0307,China,Yuneec,Civilian / Commercial,Commercial multirotor/fixed-wing,Listed in OpenDroneList,3,UAV-E790AC5B12A9,Typhoon H3,2026-08-02T16:05:02+00:00
308,Typhoon Q500,OpenDroneList,https://github.com/dronetag/opendronelist,SRC-0308,China,Yuneec,Civilian / Commercial,Commercial multirotor/fixed-wing,Listed in OpenDroneList,3,UAV-FD4BF1467D22,Typhoon Q500,2026-08-02T16:05:02+00:00
174,UX11 UAV,OpenDroneList,https://github.com/dronetag/opendronelist,SRC-0174,France,Delair,Civilian / Commercial,Commercial multirotor/fixed-wing,Listed in OpenDroneList,3,UAV-BFA1C1F3B602,Delair UX11,2026-08-02T16:05:02+00:00
292,Vitus 320,OpenDroneList,https://github.com/dronetag/opendronelist,SRC-0292,China,Walkera,Civilian / Commercial,Commercial multirotor/fixed-wing,Listed in OpenDroneList,3,UAV-1854760748FF,Vitus 320,2026-08-02T16:05:02+00:00
293,WingtraOne,OpenDroneList,https://github.com/dronetag/opendronelist,SRC-0293,Switzerland,Wingtra,Civilian / Commercial,Commercial multirotor/fixed-wing,Listed in OpenDroneList,3,UAV-1634CDACABD1,WingtraOne,2026-08-02T16:05:02+00:00
170,X-Star,OpenDroneList,https://github.com/dronetag/opendronelist,SRC-0170,China,Autel,Civilian / Commercial,Commercial multirotor/fixed-wing,Listed in OpenDroneList,3,UAV-326C0C4DB35E,X-Star,2026-08-02T16:05:02+00:00
171,X-Star Premium,OpenDroneList,https://github.com/dronetag/opendronelist,SRC-0171,China,Autel,Civilian / Commercial,Commercial multirotor/fixed-wing,Listed in OpenDroneList,3,UAV-EC8A7E65B929,X-Star Premium,2026-08-02T16:05:02+00:00
289,X25 Pro,OpenDroneList,https://github.com/dronetag/opendronelist,SRC-0289,China,Syma,Civilian / Commercial,Commercial multirotor/fixed-wing,Listed in OpenDroneList,3,UAV-361FE72A650F,X25 Pro,2026-08-02T16:05:02+00:00
288,X5C,OpenDroneList,https://github.com/dronetag/opendronelist,SRC-0288,China,Syma,Civilian / Commercial,Commercial multirotor/fixed-wing,Listed in OpenDroneList,3,UAV-062329C6FEBE,X5C,2026-08-02T16:05:02+00:00
290,X8 Pro,OpenDroneList,https://github.com/dronetag/opendronelist,SRC-0290,China,Syma,Civilian / Commercial,Commercial multirotor/fixed-wing,Listed in OpenDroneList,3,UAV-353842F224A5,X8 Pro,2026-08-02T16:05:02+00:00
155,X8+,OpenDroneList,https://github.com/dronetag/opendronelist,SRC-0155,United States,3D Robotics,Civilian / Commercial,Commercial multirotor/fixed-wing,Listed in OpenDroneList,3,UAV-35B7B3BC3A74,X8+,2026-08-02T16:05:02+00:00
154,X8-M,OpenDroneList,https://github.com/dronetag/opendronelist,SRC-0154,United States,3D Robotics,Civilian / Commercial,Commercial multirotor/fixed-wing,Listed in OpenDroneList,3,UAV-11391C93594F,X8-M,2026-08-02T16:05:02+00:00
276,Zino,OpenDroneList,https://github.com/dronetag/opendronelist,SRC-0276,China,Hubsan,Civilian / Commercial,Commercial multirotor/fixed-wing,Listed in OpenDroneList,3,UAV-660D909924FC,Zino,2026-08-02T16:05:02+00:00
277,Zino Pro,OpenDroneList,https://github.com/dronetag/opendronelist,SRC-0277,China,Hubsan,Civilian / Commercial,Commercial multirotor/fixed-wing,Listed in OpenDroneList,3,UAV-D57D603F0BC5,Zino Pro,2026-08-02T16:05:02+00:00
1239,3D Robotics Aero,OpenDroneList community drone registry,https://github.com/dronetag/opendronelist,,,3D Robotics,Civilian / Commercial,Consumer / commercial UAS,,3,UAV-862CCCCD978E,Aero,2026-08-02T16:05:02+00:00
1240,3D Robotics Aero M,OpenDroneList community drone registry,https://github.com/dronetag/opendronelist,,,3D Robotics,Civilian / Commercial,Consumer / commercial UAS,,3,UAV-B92FA989A29C,Aero M,2026-08-02T16:05:02+00:00
1241,3D Robotics IRIS+,OpenDroneList community drone registry,https://github.com/dronetag/opendronelist,,,3D Robotics,Civilian / Commercial,Consumer / commercial UAS,,3,UAV-3E9AFE235A0E,IRIS+,2026-08-02T16:05:02+00:00
1242,3D Robotics Solo,OpenDroneList community drone registry,https://github.com/dronetag/opendronelist,,,3D Robotics,Civilian / Commercial,Consumer / commercial UAS,,3,UAV-49F25741FF0D,Solo,2026-08-02T16:05:02+00:00
1244,3D Robotics X8+,OpenDroneList community drone registry,https://github.com/dronetag/opendronelist,,,3D Robotics,Civilian / Commercial,Consumer / commercial UAS,,3,UAV-35B7B3BC3A74,X8+,2026-08-02T16:05:02+00:00
1243,3D Robotics X8-M,OpenDroneList community drone registry,https://github.com/dronetag/opendronelist,,,3D Robotics,Civilian / Commercial,Consumer / commercial UAS,,3,UAV-11391C93594F,X8-M,2026-08-02T16:05:02+00:00
1247,ANT-X ARIES,OpenDroneList community drone registry,https://github.com/dronetag/opendronelist,,,ANT-X,Civilian / Commercial,Consumer / commercial UAS,,3,UAV-201CEB0536FE,ARIES,2026-08-02T16:05:02+00:00
1245,AgEagle SENSEFLY eBee,OpenDroneList community drone registry,https://github.com/dronetag/opendronelist,,,AgEagle,Civilian / Commercial,Consumer / commercial UAS,,3,UAV-87A644E1911D,SENSEFLY eBee,2026-08-02T16:05:02+00:00
1246,AirWood CUBEE,OpenDroneList community drone registry,https://github.com/dronetag/opendronelist,,,AirWood,Civilian / Commercial,Consumer / commercial UAS,,3,UAV-4D47CDED864C,CUBEE,2026-08-02T16:05:02+00:00
1248,Autel Dragonfish,OpenDroneList community drone registry,https://github.com/dronetag/opendronelist,,,Autel,Civilian / Commercial,Consumer / commercial UAS,,3,UAV-543C3A3E7380,Dragonfish,2026-08-02T16:05:02+00:00
1256,Autel EVO MAX 4T,OpenDroneList community drone registry,https://github.com/dronetag/opendronelist,,,Autel,Civilian / Commercial,Consumer / commercial UAS,,3,UAV-A3298C746F55,Autel EVO Max 4T,2026-08-02T16:05:02+00:00
1257,Autel EVO Nano,OpenDroneList community drone registry,https://github.com/dronetag/opendronelist,,,Autel,Civilian / Commercial,Consumer / commercial UAS,,3,UAV-9B5FFD026933,EVO Nano,2026-08-02T16:05:02+00:00
1249,Autel Evo,OpenDroneList community drone registry,https://github.com/dronetag/opendronelist,,,Autel,Civilian / Commercial,Consumer / commercial UAS,,3,UAV-261679FD18AD,Evo,2026-08-02T16:05:02+00:00
1250,Autel Evo 2 Dual,OpenDroneList community drone registry,https://github.com/dronetag/opendronelist,,,Autel,Civilian / Commercial,Consumer / commercial UAS,,3,UAV-099C85094AA5,Evo 2 Dual,2026-08-02T16:05:02+00:00
1251,Autel Evo 2 Dual 640T,OpenDroneList community drone registry,https://github.com/dronetag/opendronelist,,,Autel,Civilian / Commercial,Consumer / commercial UAS,,3,UAV-126C43849BCB,Evo 2 Dual 640T,2026-08-02T16:05:02+00:00
1252,Autel Evo 2 Pro,OpenDroneList community drone registry,https://github.com/dronetag/opendronelist,,,Autel,Civilian / Commercial,Consumer / commercial UAS,,3,UAV-14D4286CF220,Evo 2 Pro,2026-08-02T16:05:02+00:00
1253,Autel Evo II,OpenDroneList community drone registry,https://github.com/dronetag/opendronelist,,,Autel,Civilian / Commercial,Consumer / commercial UAS,,3,UAV-BE2A95ECCACD,Evo II,2026-08-02T16:05:02+00:00
1254,Autel Evo Lite,OpenDroneList community drone registry,https://github.com/dronetag/opendronelist,,,Autel,Civilian / Commercial,Consumer / commercial UAS,,3,UAV-1AA4D39A8CD2,Evo Lite,2026-08-02T16:05:02+00:00
1258,Autel Kestrel,OpenDroneList community drone registry,https://github.com/dronetag/opendronelist,,,Autel,Civilian / Commercial,Consumer / commercial UAS,,3,UAV-9D65C9C5A1ED,Kestrel,2026-08-02T16:05:02+00:00
1259,Autel X-Star,OpenDroneList community drone registry,https://github.com/dronetag/opendronelist,,,Autel,Civilian / Commercial,Consumer / commercial UAS,,3,UAV-326C0C4DB35E,X-Star,2026-08-02T16:05:02+00:00
1260,Autel X-Star Premium,OpenDroneList community drone registry,https://github.com/dronetag/opendronelist,,,Autel,Civilian / Commercial,Consumer / commercial UAS,,3,UAV-EC8A7E65B929,X-Star Premium,2026-08-02T16:05:02+00:00
1261,Codev Dynamics Aquila 2,OpenDroneList community drone registry,https://github.com/dronetag/opendronelist,,,Codev Dynamics,Civilian / Commercial,Consumer / commercial UAS,,3,UAV-892684D962FF,Aquila 2,2026-08-02T16:05:02+00:00
1262,Codev Dynamics Aquila 3,OpenDroneList community drone registry,https://github.com/dronetag/opendronelist,,,Codev Dynamics,Civilian / Commercial,Consumer / commercial UAS,,3,UAV-71C8AF453713,Aquila 3,2026-08-02T16:05:02+00:00
1264,DJI Agras MG-1,OpenDroneList community drone registry,https://github.com/dronetag/opendronelist,,,DJI,Civilian / Commercial,Consumer / commercial UAS,,3,UAV-DE32D1E71DA4,Agras MG-1,2026-08-02T16:05:02+00:00
1265,DJI Agras MG-1P,OpenDroneList community drone registry,https://github.com/dronetag/opendronelist,,,DJI,Civilian / Commercial,Consumer / commercial UAS,,3,UAV-F82B597F2D5F,Agras MG-1P,2026-08-02T16:05:02+00:00
1266,DJI Agras MG-1P RTK,OpenDroneList community drone registry,https://github.com/dronetag/opendronelist,,,DJI,Civilian / Commercial,Consumer / commercial UAS,,3,UAV-8D3B1799679B,Agras MG-1P RTK,2026-08-02T16:05:02+00:00
1267,DJI Agras MG-1S,OpenDroneList community drone registry,https://github.com/dronetag/opendronelist,,,DJI,Civilian / Commercial,Consumer / commercial UAS,,3,UAV-F48CE028B409,Agras MG-1S,2026-08-02T16:05:02+00:00
1268,DJI Agras MG-1S RTK,OpenDroneList community drone registry,https://github.com/dronetag/opendronelist,,,DJI,Civilian / Commercial,Consumer / commercial UAS,,3,UAV-4B1A1A6E4DAA,Agras MG-1S RTK,2026-08-02T16:05:02+00:00
1269,DJI Agras T10,OpenDroneList community drone registry,https://github.com/dronetag/opendronelist,,,DJI,Civilian / Commercial,Consumer / commercial UAS,,3,UAV-37CA78522FDC,Agras T10,2026-08-02T16:05:02+00:00
1278,DJI Agras T100,OpenDroneList community drone registry,https://github.com/dronetag/opendronelist,,,DJI,Civilian / Commercial,Consumer / commercial UAS,,3,UAV-EE97D15CCB67,Agras T100,2026-08-02T16:05:02+00:00
1270,DJI Agras T16,OpenDroneList community drone registry,https://github.com/dronetag/opendronelist,,,DJI,Civilian / Commercial,Consumer / commercial UAS,,3,UAV-AC7903BFDD00,Agras T16,2026-08-02T16:05:02+00:00
1271,DJI Agras T20,OpenDroneList community drone registry,https://github.com/dronetag/opendronelist,,,DJI,Civilian / Commercial,Consumer / commercial UAS,,3,UAV-9598867F824E,Agras T20,2026-08-02T16:05:02+00:00
1272,DJI Agras T20P,OpenDroneList community drone registry,https://github.com/dronetag/opendronelist,,,DJI,Civilian / Commercial,Consumer / commercial UAS,,3,UAV-3E9070FA84BF,Agras T20P,2026-08-02T16:05:02+00:00
1273,DJI Agras T25,OpenDroneList community drone registry,https://github.com/dronetag/opendronelist,,,DJI,Civilian / Commercial,Consumer / commercial UAS,,3,UAV-9D8D760A1F15,Agras T25,2026-08-02T16:05:02+00:00
1274,DJI Agras T25P,OpenDroneList community drone registry,https://github.com/dronetag/opendronelist,,,DJI,Civilian / Commercial,Consumer / commercial UAS,,3,UAV-ED7A22BC7414,Agras T25P,2026-08-02T16:05:02+00:00
1275,DJI Agras T30,OpenDroneList community drone registry,https://github.com/dronetag/opendronelist,,,DJI,Civilian / Commercial,Consumer / commercial UAS,,3,UAV-1DA983958840,Agras T30,2026-08-02T16:05:02+00:00
1276,DJI Agras T40,OpenDroneList community drone registry,https://github.com/dronetag/opendronelist,,,DJI,Civilian / Commercial,Consumer / commercial UAS,,3,UAV-79F7DC00223A,Agras T40,2026-08-02T16:05:02+00:00
1277,DJI Agras T70P,OpenDroneList community drone registry,https://github.com/dronetag/opendronelist,,,DJI,Civilian / Commercial,Consumer / commercial UAS,,3,UAV-DD521E8E0B4C,Agras T70P,2026-08-02T16:05:02+00:00
1279,DJI Air 2S,OpenDroneList community drone registry,https://github.com/dronetag/opendronelist,,,DJI,Civilian / Commercial,Consumer / commercial UAS,,3,UAV-09C611969BB5,DJI Air 2S,2026-08-02T16:05:02+00:00
1280,DJI Air 3,OpenDroneList community drone registry,https://github.com/dronetag/opendronelist,,,DJI,Civilian / Commercial,Consumer / commercial UAS,,3,UAV-11D60BB57704,DJI Air 3,2026-08-02T16:05:02+00:00
1281,DJI Air 3S,OpenDroneList community drone registry,https://github.com/dronetag/opendronelist,,,DJI,Civilian / Commercial,Consumer / commercial UAS,,3,UAV-053AFA577E6C,DJI AIR 3S,2026-08-02T16:05:02+00:00
1282,DJI Avata,OpenDroneList community drone registry,https://github.com/dronetag/opendronelist,,,DJI,Civilian / Commercial,Consumer / commercial UAS,,3,UAV-5B5CAB331A9F,Avata,2026-08-02T16:05:02+00:00
1283,DJI Avata 2,OpenDroneList community drone registry,https://github.com/dronetag/opendronelist,,,DJI,Civilian / Commercial,Consumer / commercial UAS,,3,UAV-86FC68A8B502,DJI Avata 2,2026-08-02T16:05:02+00:00
1289,DJI FPV,OpenDroneList community drone registry,https://github.com/dronetag/opendronelist,,,DJI,Civilian / Commercial,Consumer / commercial UAS,,3,UAV-240EAF9B7DD8,FPV,2026-08-02T16:05:02+00:00
1284,DJI Flame Wheel F330,OpenDroneList community drone registry,https://github.com/dronetag/opendronelist,,,DJI,Civilian / Commercial,Consumer / commercial UAS,,3,UAV-58C735BA2624,Flame Wheel F330,2026-08-02T16:05:02+00:00
1285,DJI Flame Wheel F450,OpenDroneList community drone registry,https://github.com/dronetag/opendronelist,,,DJI,Civilian / Commercial,Consumer / commercial UAS,,3,UAV-7F9CB69166D5,Flame Wheel F450,2026-08-02T16:05:02+00:00
1286,DJI Flame Wheel F550,OpenDroneList community drone registry,https://github.com/dronetag/opendronelist,,,DJI,Civilian / Commercial,Consumer / commercial UAS,,3,UAV-B94458C90C22,Flame Wheel F550,2026-08-02T16:05:02+00:00
1288,DJI FlyCart 100 Ultimate,OpenDroneList community drone registry,https://github.com/dronetag/opendronelist,,,DJI,Civilian / Commercial,Consumer / commercial UAS,,3,UAV-F84042779E59,FlyCart 100 Ultimate,2026-08-02T16:05:02+00:00
1287,DJI FlyCart 30,OpenDroneList community drone registry,https://github.com/dronetag/opendronelist,,,DJI,Civilian / Commercial,Consumer / commercial UAS,,3,UAV-3EE2A523387C,DJI FlyCart 30,2026-08-02T16:05:02+00:00
1290,DJI Inspire 1,OpenDroneList community drone registry,https://github.com/dronetag/opendronelist,,,DJI,Civilian / Commercial,Consumer / commercial UAS,,3,UAV-ED9993670390,Inspire 1,2026-08-02T16:05:02+00:00
1291,DJI Inspire 1 Pro,OpenDroneList community drone registry,https://github.com/dronetag/opendronelist,,,DJI,Civilian / Commercial,Consumer / commercial UAS,,3,UAV-88A450BFE04C,Inspire 1 Pro,2026-08-02T16:05:02+00:00
1292,DJI Inspire 1 Raw,OpenDroneList community drone registry,https://github.com/dronetag/opendronelist,,,DJI,Civilian / Commercial,Consumer / commercial UAS,,3,UAV-39B7B995C2F3,Inspire 1 Raw,2026-08-02T16:05:02+00:00
1293,DJI Inspire 2,OpenDroneList community drone registry,https://github.com/dronetag/opendronelist,,,DJI,Civilian / Commercial,Consumer / commercial UAS,,3,UAV-30B603083FED,Inspire 2,2026-08-02T16:05:02+00:00
1294,DJI Inspire 3,OpenDroneList community drone registry,https://github.com/dronetag/opendronelist,,,DJI,Civilian / Commercial,Consumer / commercial UAS,,3,UAV-E60F86F63DAE,DJI Inspire 3,2026-08-02T16:05:02+00:00
1295,DJI Matrice 100,OpenDroneList community drone registry,https://github.com/dronetag/opendronelist,,,DJI,Civilian / Commercial,Consumer / commercial UAS,,3,UAV-B65D5828A6F1,Matrice 100,2026-08-02T16:05:02+00:00
1296,DJI Matrice 200,OpenDroneList community drone registry,https://github.com/dronetag/opendronelist,,,DJI,Civilian / Commercial,Consumer / commercial UAS,,3,UAV-7844C2248776,Matrice 200,2026-08-02T16:05:02+00:00
1297,DJI Matrice 200 V2,OpenDroneList community drone registry,https://github.com/dronetag/opendronelist,,,DJI,Civilian / Commercial,Consumer / commercial UAS,,3,UAV-8EB67B463C0E,Matrice 200 V2,2026-08-02T16:05:02+00:00
1298,DJI Matrice 210,OpenDroneList community drone registry,https://github.com/dronetag/opendronelist,,,DJI,Civilian / Commercial,Consumer / commercial UAS,,3,UAV-51CBFA6F4B07,Matrice 210,2026-08-02T16:05:02+00:00
1299,DJI Matrice 210 RTK,OpenDroneList community drone registry,https://github.com/dronetag/opendronelist,,,DJI,Civilian / Commercial,Consumer / commercial UAS,,3,UAV-4E3CC254A0AF,Matrice 210 RTK,2026-08-02T16:05:02+00:00
1300,DJI Matrice 210 RTK V2,OpenDroneList community drone registry,https://github.com/dronetag/opendronelist,,,DJI,Civilian / Commercial,Consumer / commercial UAS,,3,UAV-9D22B618484A,Matrice 210 RTK V2,2026-08-02T16:05:02+00:00
1301,DJI Matrice 210 V2,OpenDroneList community drone registry,https://github.com/dronetag/opendronelist,,,DJI,Civilian / Commercial,Consumer / commercial UAS,,3,UAV-DFFB2247B167,Matrice 210 V2,2026-08-02T16:05:02+00:00
1302,DJI Matrice 30,OpenDroneList community drone registry,https://github.com/dronetag/opendronelist,,,DJI,Civilian / Commercial,Consumer / commercial UAS,,3,UAV-CFE071A57EB3,Matrice 30,2026-08-02T16:05:02+00:00
1304,DJI Matrice 300 RTK,OpenDroneList community drone registry,https://github.com/dronetag/opendronelist,,,DJI,Civilian / Commercial,Consumer / commercial UAS,,3,UAV-ED54B955280F,Matrice 300 RTK,2026-08-02T16:05:02+00:00
1303,DJI Matrice 30T,OpenDroneList community drone registry,https://github.com/dronetag/opendronelist,,,DJI,Civilian / Commercial,Consumer / commercial UAS,,3,UAV-680F8BA92BE3,Matrice 30T,2026-08-02T16:05:02+00:00
1305,DJI Matrice 350 RTK,OpenDroneList community drone registry,https://github.com/dronetag/opendronelist,,,DJI,Civilian / Commercial,Consumer / commercial UAS,,3,UAV-ABC2B0066B0F,DJI Matrice 350 RTK,2026-08-02T16:05:02+00:00
1306,DJI Matrice 400,OpenDroneList community drone registry,https://github.com/dronetag/opendronelist,,,DJI,Civilian / Commercial,Consumer / commercial UAS,,3,UAV-03928F0B790D,DJI Matrice 400,2026-08-02T16:05:02+00:00
1307,DJI Matrice 4E,OpenDroneList community drone registry,https://github.com/dronetag/opendronelist,,,DJI,Civilian / Commercial,Consumer / commercial UAS,,3,UAV-801F5538D561,DJI Matrice 4E,2026-08-02T16:05:02+00:00
1308,DJI Matrice 4T,OpenDroneList community drone registry,https://github.com/dronetag/opendronelist,,,DJI,Civilian / Commercial,Consumer / commercial UAS,,3,UAV-CDFE02C7C465,DJI Matrice 4T,2026-08-02T16:05:02+00:00
1309,DJI Matrice 600,OpenDroneList community drone registry,https://github.com/dronetag/opendronelist,,,DJI,Civilian / Commercial,Consumer / commercial UAS,,3,UAV-6CE53F35505D,Matrice 600,2026-08-02T16:05:02+00:00
1310,DJI Matrice 600 Pro,OpenDroneList community drone registry,https://github.com/dronetag/opendronelist,,,DJI,Civilian / Commercial,Consumer / commercial UAS,,3,UAV-49F82E86B55B,Matrice 600 Pro,2026-08-02T16:05:02+00:00
1311,DJI Mavic 2 Enterprise,OpenDroneList community drone registry,https://github.com/dronetag/opendronelist,,,DJI,Civilian / Commercial,Consumer / commercial UAS,,3,UAV-5640FA5E64E7,Mavic 2 Enterprise,2026-08-02T16:05:02+00:00
1312,DJI Mavic 2 Enterprise Advanced,OpenDroneList community drone registry,https://github.com/dronetag/opendronelist,,,DJI,Civilian / Commercial,Consumer / commercial UAS,,3,UAV-4FA8E734CB80,Mavic 2 Enterprise Advanced,2026-08-02T16:05:02+00:00
1313,DJI Mavic 2 Enterprise Dual,OpenDroneList community drone registry,https://github.com/dronetag/opendronelist,,,DJI,Civilian / Commercial,Consumer / commercial UAS,,3,UAV-E69FE3043436,Mavic 2 Enterprise Dual,2026-08-02T16:05:02+00:00
1314,DJI Mavic 2 Pro,OpenDroneList community drone registry,https://github.com/dronetag/opendronelist,,,DJI,Civilian / Commercial,Consumer / commercial UAS,,3,UAV-B3ABC8FDA762,Mavic 2 Pro,2026-08-02T16:05:02+00:00
1315,DJI Mavic 2 Zoom,OpenDroneList community drone registry,https://github.com/dronetag/opendronelist,,,DJI,Civilian / Commercial,Consumer / commercial UAS,,3,UAV-4E8A21A25A7E,Mavic 2 Zoom,2026-08-02T16:05:02+00:00
1319,DJI Mavic 3,OpenDroneList community drone registry,https://github.com/dronetag/opendronelist,,,DJI,Civilian / Commercial,Consumer / commercial UAS,,3,UAV-CB174CE425A5,Mavic 3,2026-08-02T16:05:02+00:00
1316,DJI Mavic 3 3E,OpenDroneList community drone registry,https://github.com/dronetag/opendronelist,,,DJI,Civilian / Commercial,Consumer / commercial UAS,,3,UAV-88E6FF949394,Mavic 3 3E,2026-08-02T16:05:02+00:00
1317,DJI Mavic 3 3M,OpenDroneList community drone registry,https://github.com/dronetag/opendronelist,,,DJI,Civilian / Commercial,Consumer / commercial UAS,,3,UAV-818D7582B68C,Mavic 3 3M,2026-08-02T16:05:02+00:00
1318,DJI Mavic 3 3T,OpenDroneList community drone registry,https://github.com/dronetag/opendronelist,,,DJI,Civilian / Commercial,Consumer / commercial UAS,,3,UAV-CD42D555D3BB,Mavic 3 3T,2026-08-02T16:05:02+00:00
1320,DJI Mavic 3 Cine,OpenDroneList community drone registry,https://github.com/dronetag/opendronelist,,,DJI,Civilian / Commercial,Consumer / commercial UAS,,3,UAV-6002FFBDF6DD,Mavic 3 Cine,2026-08-02T16:05:02+00:00
1321,DJI Mavic 3 Classic,OpenDroneList community drone registry,https://github.com/dronetag/opendronelist,,,DJI,Civilian / Commercial,Consumer / commercial UAS,,3,UAV-279BBF7B0B98,DJI MAVIC 3 Classic,2026-08-02T16:05:02+00:00
1322,DJI Mavic 3 Pro,OpenDroneList community drone registry,https://github.com/dronetag/opendronelist,,,DJI,Civilian / Commercial,Consumer / commercial UAS,,3,UAV-6D2808925AFD,DJI Mavic 3 Pro,2026-08-02T16:05:02+00:00
1323,DJI Mavic 3 Pro Cine,OpenDroneList community drone registry,https://github.com/dronetag/opendronelist,,,DJI,Civilian / Commercial,Consumer / commercial UAS,,3,UAV-3229B7E31701,DJI Mavic 3 Pro Cine,2026-08-02T16:05:02+00:00
1324,DJI Mavic 4 Pro,OpenDroneList community drone registry,https://github.com/dronetag/opendronelist,,,DJI,Civilian / Commercial,Consumer / commercial UAS,,3,UAV-789580914BC1,DJI Mavic 4 Pro,2026-08-02T16:05:02+00:00
1325,DJI Mavic Air,OpenDroneList community drone registry,https://github.com/dronetag/opendronelist,,,DJI,Civilian / Commercial,Consumer / commercial UAS,,3,UAV-1DE44A51588D,Mavic Air,2026-08-02T16:05:02+00:00
1326,DJI Mavic Air 2,OpenDroneList community drone registry,https://github.com/dronetag/opendronelist,,,DJI,Civilian / Commercial,Consumer / commercial UAS,,3,UAV-E95F0F16D59A,Mavic Air 2,2026-08-02T16:05:02+00:00
1327,DJI Mavic Mini,OpenDroneList community drone registry,https://github.com/dronetag/opendronelist,,,DJI,Civilian / Commercial,Consumer / commercial UAS,,3,UAV-8E4481AAC75A,Mavic Mini,2026-08-02T16:05:02+00:00
1328,DJI Mavic Pro,OpenDroneList community drone registry,https://github.com/dronetag/opendronelist,,,DJI,Civilian / Commercial,Consumer / commercial UAS,,3,UAV-F88296E43318,Mavic Pro,2026-08-02T16:05:02+00:00
1329,DJI Mavic Pro Platinum,OpenDroneList community drone registry,https://github.com/dronetag/opendronelist,,,DJI,Civilian / Commercial,Consumer / commercial UAS,,3,UAV-0799E483E893,Mavic Pro Platinum,2026-08-02T16:05:02+00:00
1330,DJI Mini 2,OpenDroneList community drone registry,https://github.com/dronetag/opendronelist,,,DJI,Civilian / Commercial,Consumer / commercial UAS,,3,UAV-B95A493A456C,Mini 2,2026-08-02T16:05:02+00:00
1331,DJI Mini 2 SE,OpenDroneList community drone registry,https://github.com/dronetag/opendronelist,,,DJI,Civilian / Commercial,Consumer / commercial UAS,,3,UAV-D377C2F1FBED,DJI Mini 2 SE,2026-08-02T16:05:02+00:00
1332,DJI Mini 3,OpenDroneList community drone registry,https://github.com/dronetag/opendronelist,,,DJI,Civilian / Commercial,Consumer / commercial UAS,,3,UAV-2276FC3A35FC,DJI Mini 3,2026-08-02T16:05:02+00:00
1333,DJI Mini 3 Pro,OpenDroneList community drone registry,https://github.com/dronetag/opendronelist,,,DJI,Civilian / Commercial,Consumer / commercial UAS,,3,UAV-C83D7BF6BB8A,Mini 3 Pro,2026-08-02T16:05:02+00:00
1334,DJI Mini 4 Pro,OpenDroneList community drone registry,https://github.com/dronetag/opendronelist,,,DJI,Civilian / Commercial,Consumer / commercial UAS,,3,UAV-8E968C9EE576,Mini 4 Pro,2026-08-02T16:05:02+00:00
1335,DJI Mini 5 Pro,OpenDroneList community drone registry,https://github.com/dronetag/opendronelist,,,DJI,Civilian / Commercial,Consumer / commercial UAS,,3,UAV-4655BBFE1B9C,DJI Mini 5 Pro,2026-08-02T16:05:02+00:00
1336,DJI Neo,OpenDroneList community drone registry,https://github.com/dronetag/opendronelist,,,DJI,Civilian / Commercial,Consumer / commercial UAS,,3,UAV-DB521FA9FAFD,DJI Neo,2026-08-02T16:05:02+00:00
1337,DJI Phantom 1,OpenDroneList community drone registry,https://github.com/dronetag/opendronelist,,,DJI,Civilian / Commercial,Consumer / commercial UAS,,3,UAV-057FB7A29280,Phantom 1,2026-08-02T16:05:02+00:00
1338,DJI Phantom 2,OpenDroneList community drone registry,https://github.com/dronetag/opendronelist,,,DJI,Civilian / Commercial,Consumer / commercial UAS,,3,UAV-E97E698229F1,Phantom 2,2026-08-02T16:05:02+00:00
1339,DJI Phantom 2 Vision,OpenDroneList community drone registry,https://github.com/dronetag/opendronelist,,,DJI,Civilian / Commercial,Consumer / commercial UAS,,3,UAV-90DA8CEDC0C0,Phantom 2 Vision,2026-08-02T16:05:02+00:00
1341,DJI Phantom 3 4k,OpenDroneList community drone registry,https://github.com/dronetag/opendronelist,,,DJI,Civilian / Commercial,Consumer / commercial UAS,,3,UAV-22B9CC1F89D3,Phantom 3 4k,2026-08-02T16:05:02+00:00
1342,DJI Phantom 3 Advanced,OpenDroneList community drone registry,https://github.com/dronetag/opendronelist,,,DJI,Civilian / Commercial,Consumer / commercial UAS,,3,UAV-B971D4C1FCF0,Phantom 3 Advanced,2026-08-02T16:05:02+00:00
1343,DJI Phantom 3 Professional,OpenDroneList community drone registry,https://github.com/dronetag/opendronelist,,,DJI,Civilian / Commercial,Consumer / commercial UAS,,3,UAV-4435E8ECFBEE,Phantom 3 Professional,2026-08-02T16:05:02+00:00
1344,DJI Phantom 3 SE,OpenDroneList community drone registry,https://github.com/dronetag/opendronelist,,,DJI,Civilian / Commercial,Consumer / commercial UAS,,3,UAV-5DEBF68F623B,Phantom 3 SE,2026-08-02T16:05:02+00:00
1345,DJI Phantom 3 Standard,OpenDroneList community drone registry,https://github.com/dronetag/opendronelist,,,DJI,Civilian / Commercial,Consumer / commercial UAS,,3,UAV-D057E3549F58,Phantom 3 Standard,2026-08-02T16:05:02+00:00
1346,DJI Phantom 4,OpenDroneList community drone registry,https://github.com/dronetag/opendronelist,,,DJI,Civilian / Commercial,Consumer / commercial UAS,,3,UAV-D40E291EB72B,Phantom 4,2026-08-02T16:05:02+00:00
1347,DJI Phantom 4 Advanced,OpenDroneList community drone registry,https://github.com/dronetag/opendronelist,,,DJI,Civilian / Commercial,Consumer / commercial UAS,,3,UAV-2DE7DF0D23F1,Phantom 4 Advanced,2026-08-02T16:05:02+00:00
1348,DJI Phantom 4 Multispectral,OpenDroneList community drone registry,https://github.com/dronetag/opendronelist,,,DJI,Civilian / Commercial,Consumer / commercial UAS,,3,UAV-38D6EC0511FE,Phantom 4 Multispectral,2026-08-02T16:05:02+00:00
1349,DJI Phantom 4 Pro,OpenDroneList community drone registry,https://github.com/dronetag/opendronelist,,,DJI,Civilian / Commercial,Consumer / commercial UAS,,3,UAV-1B9591BBC42B,Phantom 4 Pro,2026-08-02T16:05:02+00:00
1350,DJI Phantom 4 Pro V2.0,OpenDroneList community drone registry,https://github.com/dronetag/opendronelist,,,DJI,Civilian / Commercial,Consumer / commercial UAS,,3,UAV-C34EB3C5BC65,Phantom 4 Pro V2.0,2026-08-02T16:05:02+00:00
1352,DJI Phantom 4 RTK,OpenDroneList community drone registry,https://github.com/dronetag/opendronelist,,,DJI,Civilian / Commercial,Consumer / commercial UAS,,3,UAV-F88FF750D153,Phantom 4 RTK,2026-08-02T16:05:02+00:00
1353,DJI Phantom FC40,OpenDroneList community drone registry,https://github.com/dronetag/opendronelist,,,DJI,Civilian / Commercial,Consumer / commercial UAS,,3,UAV-DB5F238393FC,Phantom FC40,2026-08-02T16:05:02+00:00
1354,DJI Spark,OpenDroneList community drone registry,https://github.com/dronetag/opendronelist,,,DJI,Civilian / Commercial,Consumer / commercial UAS,,3,UAV-7187DADEAA98,Spark,2026-08-02T16:05:02+00:00
1355,DJI Spreading Wings S1000+,OpenDroneList community drone registry,https://github.com/dronetag/opendronelist,,,DJI,Civilian / Commercial,Consumer / commercial UAS,,3,UAV-8EBBBD5F1134,Spreading Wings S1000+,2026-08-02T16:05:02+00:00
1356,DJI Spreading Wings S800,OpenDroneList community drone registry,https://github.com/dronetag/opendronelist,,,DJI,Civilian / Commercial,Consumer / commercial UAS,,3,UAV-9B56C6C11CFC,Spreading Wings S800,2026-08-02T16:05:02+00:00
1357,DJI Spreading Wings S800 EVO,OpenDroneList community drone registry,https://github.com/dronetag/opendronelist,,,DJI,Civilian / Commercial,Consumer / commercial UAS,,3,UAV-FCECA4872367,Spreading Wings S800 EVO,2026-08-02T16:05:02+00:00
1358,DJI Spreading Wings S900,OpenDroneList community drone registry,https://github.com/dronetag/opendronelist,,,DJI,Civilian / Commercial,Consumer / commercial UAS,,3,UAV-5E48913F3B92,Spreading Wings S900,2026-08-02T16:05:02+00:00
1359,DJI Tello,OpenDroneList community drone registry,https://github.com/dronetag/opendronelist,,,DJI,Civilian / Commercial,Consumer / commercial UAS,,3,UAV-7DC3022215B6,Tello,2026-08-02T16:05:02+00:00
1360,DJI Tello EDU,OpenDroneList community drone registry,https://github.com/dronetag/opendronelist,,,DJI,Civilian / Commercial,Consumer / commercial UAS,,3,UAV-F00DCE8C2F08,Tello EDU,2026-08-02T16:05:02+00:00
1361,DJI Tello Iron Man,OpenDroneList community drone registry,https://github.com/dronetag/opendronelist,,,DJI,Civilian / Commercial,Consumer / commercial UAS,,3,UAV-3895066907D5,Tello Iron Man,2026-08-02T16:05:02+00:00
1263,Delair UX11 UAV,OpenDroneList community drone registry,https://github.com/dronetag/opendronelist,,,Delair,Civilian / Commercial,Consumer / commercial UAS,,3,UAV-BFA1C1F3B602,Delair UX11,2026-08-02T16:05:02+00:00
1362,Freefly Alta X,OpenDroneList community drone registry,https://github.com/dronetag/opendronelist,,,Freefly,Civilian / Commercial,Consumer / commercial UAS,,3,UAV-0CE1A17DAA41,Freefly Alta X,2026-08-02T16:05:02+00:00
1363,Freefly Astro,OpenDroneList community drone registry,https://github.com/dronetag/opendronelist,,,Freefly,Civilian / Commercial,Consumer / commercial UAS,,3,UAV-90C9D7BDFB9D,Astro,2026-08-02T16:05:02+00:00
1364,GoPro Karma,OpenDroneList community drone registry,https://github.com/dronetag/opendronelist,,,GoPro,Civilian / Commercial,Consumer / commercial UAS,,3,UAV-512423CB3A48,Karma,2026-08-02T16:05:02+00:00
1367,Hubsan H109S X4 Pro,OpenDroneList community drone registry,https://github.com/dronetag/opendronelist,,,Hubsan,Civilian / Commercial,Consumer / commercial UAS,,3,UAV-193B6886C645,H109S X4 Pro,2026-08-02T16:05:02+00:00
1365,Hubsan Zino,OpenDroneList community drone registry,https://github.com/dronetag/opendronelist,,,Hubsan,Civilian / Commercial,Consumer / commercial UAS,,3,UAV-660D909924FC,Zino,2026-08-02T16:05:02+00:00
1366,Hubsan Zino Pro,OpenDroneList community drone registry,https://github.com/dronetag/opendronelist,,,Hubsan,Civilian / Commercial,Consumer / commercial UAS,,3,UAV-D57D603F0BC5,Zino Pro,2026-08-02T16:05:02+00:00
1368,LaTrax Alias,OpenDroneList community drone registry,https://github.com/dronetag/opendronelist,,,LaTrax,Civilian / Commercial,Consumer / commercial UAS,,3,UAV-CDB6FDBE91FA,Alias,2026-08-02T16:05:02+00:00
1370,Parrot AR Drone,OpenDroneList community drone registry,https://github.com/dronetag/opendronelist,,,Parrot,Civilian / Commercial,Consumer / commercial UAS,,3,UAV-23D8E0156062,AR Drone,2026-08-02T16:05:02+00:00
1371,Parrot AR Drone 2.0,OpenDroneList community drone registry,https://github.com/dronetag/opendronelist,,,Parrot,Civilian / Commercial,Consumer / commercial UAS,,3,UAV-A0E205416B61,AR Drone 2.0,2026-08-02T16:05:02+00:00
1369,Parrot Anafi,OpenDroneList community drone registry,https://github.com/dronetag/opendronelist,,,Parrot,Civilian / Commercial,Consumer / commercial UAS,,3,UAV-6215201471C7,Anafi,2026-08-02T16:05:02+00:00
1372,Parrot Bebop,OpenDroneList community drone registry,https://github.com/dronetag/opendronelist,,,Parrot,Civilian / Commercial,Consumer / commercial UAS,,3,UAV-8FB7A40DDE4F,Bebop,2026-08-02T16:05:02+00:00
1373,Parrot Bebop 2,OpenDroneList community drone registry,https://github.com/dronetag/opendronelist,,,Parrot,Civilian / Commercial,Consumer / commercial UAS,,3,UAV-B4A998A7BA91,Bebop 2,2026-08-02T16:05:02+00:00
1374,Parrot Disco,OpenDroneList community drone registry,https://github.com/dronetag/opendronelist,,,Parrot,Civilian / Commercial,Consumer / commercial UAS,,3,UAV-9A1C2A67FCD8,Disco,2026-08-02T16:05:02+00:00
1375,Quantum-Systems Trinity F90+,OpenDroneList community drone registry,https://github.com/dronetag/opendronelist,,,Quantum-Systems,Civilian / Commercial,Consumer / commercial UAS,,3,UAV-286F1BEDFCCD,Trinity F90+,2026-08-02T16:05:02+00:00
1376,Sony ARS-S1,OpenDroneList community drone registry,https://github.com/dronetag/opendronelist,,,Sony,Civilian / Commercial,Consumer / commercial UAS,,3,UAV-B037D68E43AF,ARS-S1,2026-08-02T16:05:02+00:00
1378,Syma X25 Pro,OpenDroneList community drone registry,https://github.com/dronetag/opendronelist,,,Syma,Civilian / Commercial,Consumer / commercial UAS,,3,UAV-361FE72A650F,X25 Pro,2026-08-02T16:05:02+00:00
1377,Syma X5C,OpenDroneList community drone registry,https://github.com/dronetag/opendronelist,,,Syma,Civilian / Commercial,Consumer / commercial UAS,,3,UAV-062329C6FEBE,X5C,2026-08-02T16:05:02+00:00
1379,Syma X8 Pro,OpenDroneList community drone registry,https://github.com/dronetag/opendronelist,,,Syma,Civilian / Commercial,Consumer / commercial UAS,,3,UAV-353842F224A5,X8 Pro,2026-08-02T16:05:02+00:00
1380,TBS GEMINI,OpenDroneList community drone registry,https://github.com/dronetag/opendronelist,,,TBS,Civilian / Commercial,Consumer / commercial UAS,,3,UAV-468DA084E995,GEMINI,2026-08-02T16:05:02+00:00
1381,Walkera Vitus 320,OpenDroneList community drone registry,https://github.com/dronetag/opendronelist,,,Walkera,Civilian / Commercial,Consumer / commercial UAS,,3,UAV-1854760748FF,Vitus 320,2026-08-02T16:05:02+00:00
1382,WingtraOne,OpenDroneList community drone registry,https://github.com/dronetag/opendronelist,,,Wingtra,Civilian / Commercial,Consumer / commercial UAS,,3,UAV-1634CDACABD1,WingtraOne,2026-08-02T16:05:02+00:00
1383,Xiaomi FIMI X8,OpenDroneList community drone registry,https://github.com/dronetag/opendronelist,,,Xiaomi,Civilian / Commercial,Consumer / commercial UAS,,3,UAV-C71E376EC051,FIMI X8,2026-08-02T16:05:02+00:00
1384,Xiaomi Mi Drone 4K,OpenDroneList community drone registry,https://github.com/dronetag/opendronelist,,,Xiaomi,Civilian / Commercial,Consumer / commercial UAS,,3,UAV-70794A9A87C6,Mi Drone 4K,2026-08-02T16:05:02+00:00
1385,Xiaomi Mi Drone Mini,OpenDroneList community drone registry,https://github.com/dronetag/opendronelist,,,Xiaomi,Civilian / Commercial,Consumer / commercial UAS,,3,UAV-E9FD7B3CED3B,Mi Drone Mini,2026-08-02T16:05:02+00:00
1386,Yuneec Breeze,OpenDroneList community drone registry,https://github.com/dronetag/opendronelist,,,Yuneec,Civilian / Commercial,Consumer / commercial UAS,,3,UAV-6E2AD22E6CC8,Breeze,2026-08-02T16:05:02+00:00
1387,Yuneec H520,OpenDroneList community drone registry,https://github.com/dronetag/opendronelist,,,Yuneec,Civilian / Commercial,Consumer / commercial UAS,,3,UAV-F6BD05BDF583,H520,2026-08-02T16:05:02+00:00
1388,Yuneec H520E,OpenDroneList community drone registry,https://github.com/dronetag/opendronelist,,,Yuneec,Civilian / Commercial,Consumer / commercial UAS,,3,UAV-4F26EAC55E70,H520E,2026-08-02T16:05:02+00:00
1389,Yuneec H520E-RTK,OpenDroneList community drone registry,https://github.com/dronetag/opendronelist,,,Yuneec,Civilian / Commercial,Consumer / commercial UAS,,3,UAV-804BA88A64CB,H520E-RTK,2026-08-02T16:05:02+00:00
1390,Yuneec H850-RTK,OpenDroneList community drone registry,https://github.com/dronetag/opendronelist,,,Yuneec,Civilian / Commercial,Consumer / commercial UAS,,3,UAV-25E54AC358B9,H850-RTK,2026-08-02T16:05:02+00:00
1391,Yuneec Mantis G,OpenDroneList community drone registry,https://github.com/dronetag/opendronelist,,,Yuneec,Civilian / Commercial,Consumer / commercial UAS,,3,UAV-49159A898967,Mantis G,2026-08-02T16:05:02+00:00
1392,Yuneec Mantis Q,OpenDroneList community drone registry,https://github.com/dronetag/opendronelist,,,Yuneec,Civilian / Commercial,Consumer / commercial UAS,,3,UAV-59376C70E9A7,Mantis Q,2026-08-02T16:05:02+00:00
1393,Yuneec Typhoon 4K,OpenDroneList community drone registry,https://github.com/dronetag/opendronelist,,,Yuneec,Civilian / Commercial,Consumer / commercial UAS,,3,UAV-42D635727CC3,Typhoon 4K,2026-08-02T16:05:02+00:00
1394,Yuneec Typhoon H,OpenDroneList community drone registry,https://github.com/dronetag/opendronelist,,,Yuneec,Civilian / Commercial,Consumer / commercial UAS,,3,UAV-07F8A8F5AA4D,Typhoon H,2026-08-02T16:05:02+00:00
1395,Yuneec Typhoon H Plus,OpenDroneList community drone registry,https://github.com/dronetag/opendronelist,,,Yuneec,Civilian / Commercial,Consumer / commercial UAS,,3,UAV-684E380F5475,Typhoon H Plus,2026-08-02T16:05:02+00:00
1396,Yuneec Typhoon H3,OpenDroneList community drone registry,https://github.com/dronetag/opendronelist,,,Yuneec,Civilian / Commercial,Consumer / commercial UAS,,3,UAV-E790AC5B12A9,Typhoon H3,2026-08-02T16:05:02+00:00
1397,Yuneec Typhoon Q500,OpenDroneList community drone registry,https://github.com/dronetag/opendronelist,,,Yuneec,Civilian / Commercial,Consumer / commercial UAS,,3,UAV-FD4BF1467D22,Typhoon Q500,2026-08-02T16:05:02+00:00
