record_id,uav_name,country_of_origin,country_iso3,manufacturer,family,domain,category,airframe_type,status,introduced_year,retired_year,description_short,verification_status,confidence_score,origin_confidence,participating_countries,production_country,aliases,source_count,sources,photo_path,photo_source_page,photo_license,photo_identity_status,created_at,updated_at
UAV-9E92829F7DC7,Aukán,Argentina,ARG,DGIyD,,Military,Medium tactical; Fixed-wing,Fixed-wing,In use or under development as documented in 2019,,,Databook systems specification page 303.,Probable,0.7,Medium,,,,2,"Bard Drone Databook 2019,Global UAV Database 2026 seed package",,,,no image,2026-08-02T15:46:52+00:00,2026-08-02T15:46:52+00:00
UAV-C4473A90B5AA,Vigía 2B,Argentina,ARG,DGIyD,,Military,Large / strategic; Fixed-wing,Fixed-wing,In use or under development as documented in 2019,,,Databook systems specification page 303.,Probable,0.7,Medium,,,,2,"Bard Drone Databook 2019,Global UAV Database 2026 seed package",,,,no image,2026-08-02T15:46:52+00:00,2026-08-02T15:46:52+00:00
UAV-8AB767383D70,Krunk,Armenia,ARM,,,Military,Small / tactical; Fixed-wing,Fixed-wing,In use or under development as documented in 2019,,,Databook systems specification page 303.,Probable,0.6,Medium,,,,2,"Bard Drone Databook 2019,Global UAV Database 2026 seed package",,,,no image,2026-08-02T15:46:52+00:00,2026-08-02T15:46:52+00:00
UAV-6B009E0F303F,Baze,Armenia,ARM,Military Aviation Institute,,Military,Small / tactical; Fixed-wing,Fixed-wing,In use or under development as documented in 2019,,,Databook systems specification page 303.,Probable,0.7,Medium,,,,2,"Bard Drone Databook 2019,Global UAV Database 2026 seed package",,,,no image,2026-08-02T15:46:52+00:00,2026-08-02T15:46:52+00:00
UAV-962CC112C981,CamCopter S-100,Austria,AUT,Schiebel,,Military,Medium tactical; Rotary-wing,Rotary-wing,In use or under development as documented in 2019,,,Databook systems specification page 303.,Probable,0.7,Medium,,,s-100,2,"Bard Drone Databook 2019,Global UAV Database 2026 seed package",,,,no image,2026-08-02T15:46:52+00:00,2026-08-02T15:46:52+00:00
UAV-A0D889B92D90,Mosquito,Belarus,BLR,558 Aviation Repair Plant,,Military,Small / tactical; Fixed-wing,Fixed-wing,In use or under development as documented in 2019,,,Databook systems specification page 303.,Probable,0.7,Medium,,,,2,"Bard Drone Databook 2019,Global UAV Database 2026 seed package",,,,no image,2026-08-02T15:46:52+00:00,2026-08-02T15:46:52+00:00
UAV-022CC86DB14C,Berkut-2,Belarus,BLR,JSC Agat Control Systems,,Military,Small / tactical; Fixed-wing,Fixed-wing,In use or under development as documented in 2019,,,Databook systems specification page 303.,Probable,0.7,Medium,,,,2,"Bard Drone Databook 2019,Global UAV Database 2026 seed package",,,,no image,2026-08-02T15:46:52+00:00,2026-08-02T15:46:52+00:00
UAV-0DEBEDB1D81C,Burevestnik-MB,Belarus,BLR,NPT MBK*,,Military,Medium tactical; Fixed-wing,Fixed-wing,In use or under development as documented in 2019,,,Databook systems specification page 304.,Probable,0.7,Medium,,,,2,"Bard Drone Databook 2019,Global UAV Database 2026 seed package",,,,no image,2026-08-02T15:46:52+00:00,2026-08-02T15:46:52+00:00
UAV-43584EDF4F2D,Busel (M50),Belarus,BLR,NPT MBK*,,Military,Medium tactical; Fixed-wing,Fixed-wing,In use or under development as documented in 2019,,,Databook systems specification page 304.,Probable,0.7,Medium,,,m50,2,"Bard Drone Databook 2019,Global UAV Database 2026 seed package",,,,no image,2026-08-02T15:46:52+00:00,2026-08-02T15:46:52+00:00
UAV-01B5423E9CD4,FT-100 Horus,Brazil,BRA,FT Sistemas,,Military,Small / tactical; Fixed-wing,Fixed-wing,In use or under development as documented in 2019,,,Databook systems specification page 304.,Probable,0.7,Medium,,,ft-100,2,"Bard Drone Databook 2019,Global UAV Database 2026 seed package",,,,no image,2026-08-02T15:46:52+00:00,2026-08-02T15:46:52+00:00
UAV-2216996A9142,Dronamics Black Swan,Bulgaria,BGR,,,Civilian / Commercial,Cargo fixed-wing UAV,,Not specified,,,Long-range freight,Needs Verification,0.47,Medium,,,,2,"Curated UAV Seed 2026,Global UAV Database 2026 seed package",,,,no image,2026-08-02T15:46:52+00:00,2026-08-02T15:46:52+00:00
UAV-D4AE77E6239B,Aeryon SkyRanger R70,Canada,CAN,,,Dual-use,Quadrotor,,Not specified,,,ISR / public safety,Needs Verification,0.47,Medium,,,r70,2,"Curated UAV Seed 2026,Global UAV Database 2026 seed package",,,,no image,2026-08-02T15:46:52+00:00,2026-08-02T15:46:52+00:00
UAV-6E2FEE9FC17D,Draganfly Commander 3 XL,Canada,CAN,,,Dual-use,Multirotor,,Not specified,,,Public safety / delivery,Needs Verification,0.47,Medium,,,,2,"Curated UAV Seed 2026,Global UAV Database 2026 seed package",,,,no image,2026-08-02T15:46:52+00:00,2026-08-02T15:46:52+00:00
UAV-FD98C55ACC3A,NightHawk IV,Canada,CAN,ARA Robotics,,Military,Small / tactical; Fixed-wing,Fixed-wing,In use or under development as documented in 2019,,,Databook systems specification page 304.,Probable,0.7,Medium,,,,2,"Bard Drone Databook 2019,Global UAV Database 2026 seed package",,,,no image,2026-08-02T15:46:52+00:00,2026-08-02T15:46:52+00:00
UAV-A136720C0E92,AVSS PRS-M350EX,Canada,CAN,AVSS - Aerial Vehicle Safety Solutions Inc.,,Civilian / Commercial,Multirotor,Multirotor,EASA-listed for EU operations,,,Operations: Open / Standard,Probable,0.8,High,,,,2,"EASA Drones for EU Operations,Global UAV Database 2026 seed package",,,,no image,2026-08-02T15:46:52+00:00,2026-08-02T15:46:52+00:00
UAV-6DCCE74593B5,AVSS PRS-M3DTEX,Canada,CAN,AVSS - Aerial Vehicle Safety Solutions Inc.,,Civilian / Commercial,Multirotor,Multirotor,EASA-listed for EU operations,,,Operations: Open / Standard,Probable,0.8,High,,,,2,"EASA Drones for EU Operations,Global UAV Database 2026 seed package",,,,no image,2026-08-02T15:46:52+00:00,2026-08-02T15:46:52+00:00
UAV-C503C1DAEDDE,PRS-M4EX,Canada,CAN,AVSS - Aerial Vehicle Safety Solutions Inc.,,Civilian / Commercial,Multirotor,Multirotor,EASA-listed for EU operations,,,Operations: Open / Standard,Probable,0.8,High,,,AVSS PRS-M4EX,2,"EASA Drones for EU Operations,Global UAV Database 2026 seed package",,,,no image,2026-08-02T15:46:52+00:00,2026-08-02T15:46:52+00:00
UAV-60AEB3537CD9,AutoFlight Prosperity I,China,CHN,,,Civilian / Commercial,eVTOL aircraft,,Not specified,,,Urban air mobility,Needs Verification,0.47,Medium,,,,2,"Curated UAV Seed 2026,Global UAV Database 2026 seed package",,,,no image,2026-08-02T15:46:52+00:00,2026-08-02T15:46:52+00:00
UAV-C95DF2AD2E42,DJI Agras T50,China,CHN,,,Civilian / Commercial,Agricultural multirotor,,Not specified,,,Spraying / spreading,Needs Verification,0.47,Medium,,,t50,2,"Curated UAV Seed 2026,Global UAV Database 2026 seed package",,,,no image,2026-08-02T15:46:52+00:00,2026-08-02T15:46:52+00:00
UAV-CC05792900B4,DJI Mavic 3 Enterprise,China,CHN,,,Dual-use,Small multirotor,,Not specified,,,Survey / inspection / public safety,Needs Verification,0.47,Medium,,,,2,"Curated UAV Seed 2026,Global UAV Database 2026 seed package",,,,no image,2026-08-02T15:46:52+00:00,2026-08-02T15:46:52+00:00
UAV-4E69072BC8AF,EHang EH216-S,China,CHN,,,Civilian / Commercial,Passenger eVTOL multicopter,,Not specified,,,Urban air mobility,Needs Verification,0.47,Medium,,,eh216,2,"Curated UAV Seed 2026,Global UAV Database 2026 seed package",,,,no image,2026-08-02T15:46:52+00:00,2026-08-02T15:46:52+00:00
UAV-438231AA4625,GJ-11 Sharp Sword,China,CHN,,,Military,Flying-wing UCAV,,Not specified,,,Low-observable strike,Needs Verification,0.47,Medium,,,gj-11,2,"Curated UAV Seed 2026,Global UAV Database 2026 seed package",,,,no image,2026-08-02T15:46:52+00:00,2026-08-02T15:46:52+00:00
UAV-370CC77AB44D,JOUAV CW-25E,China,CHN,,,Dual-use,VTOL fixed-wing,,Not specified,,,Survey / surveillance,Needs Verification,0.47,Medium,,,cw-25e,2,"Curated UAV Seed 2026,Global UAV Database 2026 seed package",,,,no image,2026-08-02T15:46:52+00:00,2026-08-02T15:46:52+00:00
UAV-1BD8947AA552,TB-001 Twin-Tailed Scorpion,China,CHN,,,Military,Twin-engine MALE,,Not specified,,,ISR / strike,Needs Verification,0.47,Medium,,,tb-001,2,"Curated UAV Seed 2026,Global UAV Database 2026 seed package",,,,no image,2026-08-02T15:46:52+00:00,2026-08-02T15:46:52+00:00
UAV-70761227895B,WZ-7 Soaring Dragon,China,CHN,,,Military,HALE fixed-wing,,Not specified,,,Strategic ISR,Needs Verification,0.47,Medium,,,wz-7,2,"Curated UAV Seed 2026,Global UAV Database 2026 seed package",,,,no image,2026-08-02T15:46:52+00:00,2026-08-02T15:46:52+00:00
UAV-7F9D9F308BC1,WZ-8,China,CHN,,,Military,High-speed reconnaissance UAV,,Not specified,,,Strategic ISR,Needs Verification,0.47,Medium,,,wz-8,2,"Curated UAV Seed 2026,Global UAV Database 2026 seed package",,,,no image,2026-08-02T15:46:52+00:00,2026-08-02T15:46:52+00:00
UAV-F81B29EFB382,XPeng AeroHT flying-car concepts,China,CHN,,,Civilian / Commercial,eVTOL / modular aircraft,,Not specified,,,Personal air mobility,Needs Verification,0.47,Medium,,,,2,"Curated UAV Seed 2026,Global UAV Database 2026 seed package",,,,no image,2026-08-02T15:46:52+00:00,2026-08-02T15:46:52+00:00
UAV-F3823EA9E1E4,AV500W,China,CHN,AVIC,,Military,Medium tactical; Rotary-wing,Rotary-wing,In use or under development as documented in 2019,,,Databook systems specification page 304.,Probable,0.7,Medium,,,av500w,2,"Bard Drone Databook 2019,Global UAV Database 2026 seed package",,,,no image,2026-08-02T15:46:52+00:00,2026-08-02T15:46:52+00:00
UAV-43600076269E,Cloud Shadow,China,CHN,AVIC,,Military,Large / strategic; Fixed-wing,Fixed-wing,In use or under development as documented in 2019,,,Databook systems specification page 304.,Probable,0.7,Medium,,,,2,"Bard Drone Databook 2019,Global UAV Database 2026 seed package",,,,no image,2026-08-02T15:46:52+00:00,2026-08-02T15:46:52+00:00
UAV-41A490C4F008,Feihong-98,China,CHN,AVIC,,Military,Large / strategic; Fixed-wing,Fixed-wing,In use or under development as documented in 2019,,,Databook systems specification page 305.,Probable,0.7,Medium,,,,2,"Bard Drone Databook 2019,Global UAV Database 2026 seed package",,,,no image,2026-08-02T15:46:52+00:00,2026-08-02T15:46:52+00:00
UAV-E0D9B7C1B791,Qi Mingxing,China,CHN,AVIC,,Military,Large / strategic; Rotary-wing,Rotary-wing,In use or under development as documented in 2019,,,Databook systems specification page 305.,Probable,0.7,Medium,,,,2,"Bard Drone Databook 2019,Global UAV Database 2026 seed package",,,,no image,2026-08-02T15:46:52+00:00,2026-08-02T15:46:52+00:00
UAV-4B3D85179BB0,Wing Loon 1D,China,CHN,AVIC,,Military,Large / strategic; Fixed-wing,Fixed-wing,In use or under development as documented in 2019,,,Databook systems specification page 305.,Probable,0.7,Medium,,,loon-1d,2,"Bard Drone Databook 2019,Global UAV Database 2026 seed package",,,,no image,2026-08-02T15:46:52+00:00,2026-08-02T15:46:52+00:00
UAV-A1B88DA1D2E2,Wing Loong I,China,CHN,AVIC,,Military,MALE fixed-wing,Fixed-wing,Not specified,,,Databook systems specification page 305.,Verified,0.8,High,,,,3,"Curated UAV Seed 2026,Bard Drone Databook 2019,Global UAV Database 2026 seed package",,,,no image,2026-08-02T15:46:52+00:00,2026-08-02T15:46:52+00:00
UAV-2903DA6D9066,Wing Loong II,China,CHN,AVIC,,Military,MALE fixed-wing,Fixed-wing,Not specified,,,Databook systems specification page 305.,Verified,0.8,High,,,,3,"Curated UAV Seed 2026,Bard Drone Databook 2019,Global UAV Database 2026 seed package",,,,no image,2026-08-02T15:46:52+00:00,2026-08-02T15:46:52+00:00
UAV-65FD2EE7F763,Yaoying 2,China,CHN,AVIC,,Military,Large / strategic; Fixed-wing,Fixed-wing,In use or under development as documented in 2019,,,Databook systems specification page 305.,Probable,0.7,Medium,,,,2,"Bard Drone Databook 2019,Global UAV Database 2026 seed package",,,,no image,2026-08-02T15:46:52+00:00,2026-08-02T15:46:52+00:00
UAV-A3298C746F55,Autel EVO Max 4T,China,CHN,Autel,,Dual-use,Enterprise multirotor,,Not specified,,,Inspection / public safety,Probable,0.77,High,,,EVO MAX 4T | max-4t,4,"Curated UAV Seed 2026,OpenDroneList,Global UAV Database 2026 seed package,OpenDroneList community drone registry",,,,no image,2026-08-02T15:46:52+00:00,2026-08-02T15:46:54+00:00
UAV-543C3A3E7380,Dragonfish,China,CHN,Autel,,Civilian / Commercial,Commercial multirotor/fixed-wing,,Listed in OpenDroneList,,,,Probable,0.67,Medium,,,Autel Dragonfish,3,"OpenDroneList,Global UAV Database 2026 seed package,OpenDroneList community drone registry",,,,no image,2026-08-02T15:46:52+00:00,2026-08-02T15:46:54+00:00
UAV-9B5FFD026933,EVO Nano,China,CHN,Autel,,Civilian / Commercial,Commercial multirotor/fixed-wing,,Listed in OpenDroneList,,,,Probable,0.67,Medium,,,Autel EVO Nano,3,"OpenDroneList,Global UAV Database 2026 seed package,OpenDroneList community drone registry",,,,no image,2026-08-02T15:46:52+00:00,2026-08-02T15:46:54+00:00
UAV-261679FD18AD,Evo,China,CHN,Autel,,Civilian / Commercial,Commercial multirotor/fixed-wing,,Listed in OpenDroneList,,,,Probable,0.67,Medium,,,Autel Evo,3,"OpenDroneList,Global UAV Database 2026 seed package,OpenDroneList community drone registry",,,,no image,2026-08-02T15:46:52+00:00,2026-08-02T15:46:54+00:00
UAV-099C85094AA5,Evo 2 Dual,China,CHN,Autel,,Civilian / Commercial,Commercial multirotor/fixed-wing,,Listed in OpenDroneList,,,,Probable,0.67,Medium,,,Autel Evo 2 Dual | evo-2,3,"OpenDroneList,Global UAV Database 2026 seed package,OpenDroneList community drone registry",,,,no image,2026-08-02T15:46:52+00:00,2026-08-02T15:46:54+00:00
UAV-126C43849BCB,Evo 2 Dual 640T,China,CHN,Autel,,Civilian / Commercial,Commercial multirotor/fixed-wing,,Listed in OpenDroneList,,,,Probable,0.67,Medium,,,Autel Evo 2 Dual 640T | dual-640t | evo-2,3,"OpenDroneList,Global UAV Database 2026 seed package,OpenDroneList community drone registry",,,,no image,2026-08-02T15:46:52+00:00,2026-08-02T15:46:54+00:00
UAV-14D4286CF220,Evo 2 Pro,China,CHN,Autel,,Civilian / Commercial,Commercial multirotor/fixed-wing,,Listed in OpenDroneList,,,,Probable,0.67,Medium,,,Autel Evo 2 Pro | evo-2,3,"OpenDroneList,Global UAV Database 2026 seed package,OpenDroneList community drone registry",,,,no image,2026-08-02T15:46:52+00:00,2026-08-02T15:46:54+00:00
UAV-BE2A95ECCACD,Evo II,China,CHN,Autel,,Civilian / Commercial,Commercial multirotor/fixed-wing,,Listed in OpenDroneList,,,,Probable,0.67,Medium,,,Autel Evo II,3,"OpenDroneList,Global UAV Database 2026 seed package,OpenDroneList community drone registry",,,,no image,2026-08-02T15:46:52+00:00,2026-08-02T15:46:54+00:00
UAV-1AA4D39A8CD2,Evo Lite,China,CHN,Autel,,Civilian / Commercial,Commercial multirotor/fixed-wing,,Listed in OpenDroneList,,,,Probable,0.67,Medium,,,Autel Evo Lite | Evo Lite+,3,"OpenDroneList,Global UAV Database 2026 seed package,OpenDroneList community drone registry",,,,no image,2026-08-02T15:46:52+00:00,2026-08-02T15:46:54+00:00
UAV-9D65C9C5A1ED,Kestrel,China,CHN,Autel,,Civilian / Commercial,Commercial multirotor/fixed-wing,,Listed in OpenDroneList,,,,Probable,0.67,Medium,,,Autel Kestrel,3,"OpenDroneList,Global UAV Database 2026 seed package,OpenDroneList community drone registry",,,,no image,2026-08-02T15:46:52+00:00,2026-08-02T15:46:54+00:00
UAV-326C0C4DB35E,X-Star,China,CHN,Autel,,Civilian / Commercial,Commercial multirotor/fixed-wing,,Listed in OpenDroneList,,,,Probable,0.67,Medium,,,Autel X-Star,3,"OpenDroneList,Global UAV Database 2026 seed package,OpenDroneList community drone registry",,,,no image,2026-08-02T15:46:52+00:00,2026-08-02T15:46:54+00:00
UAV-EC8A7E65B929,X-Star Premium,China,CHN,Autel,,Civilian / Commercial,Commercial multirotor/fixed-wing,,Listed in OpenDroneList,,,,Probable,0.67,Medium,,,Autel X-Star Premium,3,"OpenDroneList,Global UAV Database 2026 seed package,OpenDroneList community drone registry",,,,no image,2026-08-02T15:46:52+00:00,2026-08-02T15:46:54+00:00
UAV-D60A771E6147,BZK-005,China,CHN,Beihang,,Military,Large / strategic; Fixed-wing,Fixed-wing,In use or under development as documented in 2019,,,Databook systems specification page 304.,Probable,0.7,Medium,,,bzk-005,2,"Bard Drone Databook 2019,Global UAV Database 2026 seed package",,,,no image,2026-08-02T15:46:52+00:00,2026-08-02T15:46:52+00:00
UAV-9D7BF26BBC3C,BZK-206,China,CHN,Beihang,,Military,Small / tactical; Fixed-wing,Fixed-wing,In use or under development as documented in 2019,,,Databook systems specification page 304.,Probable,0.7,Medium,,,bzk-206,2,"Bard Drone Databook 2019,Global UAV Database 2026 seed package",,,,no image,2026-08-02T15:46:52+00:00,2026-08-02T15:46:52+00:00
UAV-D6936580481A,CH-3,China,CHN,CASC,,Military,Medium tactical; Fixed-wing,Fixed-wing,In use or under development as documented in 2019,,,Databook systems specification page 304.,Probable,0.7,Medium,,,ch-3,2,"Bard Drone Databook 2019,Global UAV Database 2026 seed package",,,,no image,2026-08-02T15:46:52+00:00,2026-08-02T15:46:52+00:00
UAV-7AF6B8BF6EC1,CH-4,China,CHN,CASC,,Military,MALE fixed-wing,Fixed-wing,Not specified,,,Databook systems specification page 304.,Verified,0.8,High,,,ch-4,3,"Curated UAV Seed 2026,Bard Drone Databook 2019,Global UAV Database 2026 seed package",,,,no image,2026-08-02T15:46:52+00:00,2026-08-02T15:46:52+00:00
UAV-6795C1B01464,CH-5,China,CHN,CASC,,Military,Heavy MALE,Fixed-wing,Not specified,,,Databook systems specification page 304.,Verified,0.8,High,,,ch-5,3,"Curated UAV Seed 2026,Bard Drone Databook 2019,Global UAV Database 2026 seed package",,,,no image,2026-08-02T15:46:52+00:00,2026-08-02T15:46:52+00:00
UAV-2D3051BF87F8,CH-7,China,CHN,CASC,,Military,Large / strategic; Fixed-wing,Fixed-wing,In use or under development as documented in 2019,,,Databook systems specification page 304.,Probable,0.7,Medium,,,ch-7,2,"Bard Drone Databook 2019,Global UAV Database 2026 seed package",,,,no image,2026-08-02T15:46:52+00:00,2026-08-02T15:46:52+00:00
UAV-11AD1DB97510,CH-802,China,CHN,CASC,,Military,Small / tactical; Fixed-wing,Fixed-wing,In use or under development as documented in 2019,,,Databook systems specification page 304.,Probable,0.7,Medium,,,ch-802,2,"Bard Drone Databook 2019,Global UAV Database 2026 seed package",,,,no image,2026-08-02T15:46:52+00:00,2026-08-02T15:46:52+00:00
UAV-DEC5F2456540,HW-350,China,CHN,CASIC,,Military,Medium tactical; Fixed-wing,Fixed-wing,In use or under development as documented in 2019,,,Databook systems specification page 305.,Probable,0.7,Medium,,,hw-350,2,"Bard Drone Databook 2019,Global UAV Database 2026 seed package",,,,no image,2026-08-02T15:46:52+00:00,2026-08-02T15:46:52+00:00
UAV-582613A5D9A0,Tian Ying,China,CHN,CASIC,,Military,Large / strategic; Fixed-wing,Fixed-wing,In use or under development as documented in 2019,,,Databook systems specification page 305.,Probable,0.7,Medium,,,,2,"Bard Drone Databook 2019,Global UAV Database 2026 seed package",,,,no image,2026-08-02T15:46:52+00:00,2026-08-02T15:46:52+00:00
UAV-DE32D1E71DA4,Agras MG-1,China,CHN,DJI,,Civilian / Commercial,Commercial multirotor/fixed-wing,,Listed in OpenDroneList,,,,Probable,0.67,Medium,,,DJI Agras MG-1 | mg-1,3,"OpenDroneList,Global UAV Database 2026 seed package,OpenDroneList community drone registry",,,,no image,2026-08-02T15:46:52+00:00,2026-08-02T15:46:54+00:00
UAV-F82B597F2D5F,Agras MG-1P,China,CHN,DJI,,Civilian / Commercial,Commercial multirotor/fixed-wing,,Listed in OpenDroneList,,,,Probable,0.67,Medium,,,DJI Agras MG-1P | mg-1p,3,"OpenDroneList,Global UAV Database 2026 seed package,OpenDroneList community drone registry",,,,no image,2026-08-02T15:46:52+00:00,2026-08-02T15:46:54+00:00
UAV-8D3B1799679B,Agras MG-1P RTK,China,CHN,DJI,,Civilian / Commercial,Commercial multirotor/fixed-wing,,Listed in OpenDroneList,,,,Probable,0.67,Medium,,,DJI Agras MG-1P RTK | mg-1p,3,"OpenDroneList,Global UAV Database 2026 seed package,OpenDroneList community drone registry",,,,no image,2026-08-02T15:46:52+00:00,2026-08-02T15:46:54+00:00
UAV-F48CE028B409,Agras MG-1S,China,CHN,DJI,,Civilian / Commercial,Commercial multirotor/fixed-wing,,Listed in OpenDroneList,,,,Probable,0.67,Medium,,,DJI Agras MG-1S | mg-1s,3,"OpenDroneList,Global UAV Database 2026 seed package,OpenDroneList community drone registry",,,,no image,2026-08-02T15:46:52+00:00,2026-08-02T15:46:54+00:00
UAV-4B1A1A6E4DAA,Agras MG-1S RTK,China,CHN,DJI,,Civilian / Commercial,Commercial multirotor/fixed-wing,,Listed in OpenDroneList,,,,Probable,0.67,Medium,,,DJI Agras MG-1S RTK | mg-1s,3,"OpenDroneList,Global UAV Database 2026 seed package,OpenDroneList community drone registry",,,,no image,2026-08-02T15:46:52+00:00,2026-08-02T15:46:54+00:00
UAV-37CA78522FDC,Agras T10,China,CHN,DJI,,Civilian / Commercial,Commercial multirotor/fixed-wing,,Listed in OpenDroneList,,,,Probable,0.67,Medium,,,DJI Agras T10 | t10,3,"OpenDroneList,Global UAV Database 2026 seed package,OpenDroneList community drone registry",,,,no image,2026-08-02T15:46:52+00:00,2026-08-02T15:46:54+00:00
UAV-EE97D15CCB67,Agras T100,China,CHN,DJI,,Civilian / Commercial,Commercial multirotor/fixed-wing,,Listed in OpenDroneList,,,,Probable,0.67,Medium,,,DJI Agras T100 | t100,3,"OpenDroneList,Global UAV Database 2026 seed package,OpenDroneList community drone registry",,,,no image,2026-08-02T15:46:52+00:00,2026-08-02T15:46:54+00:00
UAV-AC7903BFDD00,Agras T16,China,CHN,DJI,,Civilian / Commercial,Commercial multirotor/fixed-wing,,Listed in OpenDroneList,,,,Probable,0.67,Medium,,,DJI Agras T16 | t16,3,"OpenDroneList,Global UAV Database 2026 seed package,OpenDroneList community drone registry",,,,no image,2026-08-02T15:46:52+00:00,2026-08-02T15:46:54+00:00
UAV-9598867F824E,Agras T20,China,CHN,DJI,,Civilian / Commercial,Commercial multirotor/fixed-wing,,Listed in OpenDroneList,,,,Probable,0.67,Medium,,,DJI Agras T20 | t20,3,"OpenDroneList,Global UAV Database 2026 seed package,OpenDroneList community drone registry",,,,no image,2026-08-02T15:46:52+00:00,2026-08-02T15:46:54+00:00
UAV-3E9070FA84BF,Agras T20P,China,CHN,DJI,,Civilian / Commercial,Commercial multirotor/fixed-wing,,Listed in OpenDroneList,,,,Probable,0.67,Medium,,,DJI Agras T20P | t20p,3,"OpenDroneList,Global UAV Database 2026 seed package,OpenDroneList community drone registry",,,,no image,2026-08-02T15:46:52+00:00,2026-08-02T15:46:54+00:00
UAV-9D8D760A1F15,Agras T25,China,CHN,DJI,,Civilian / Commercial,Commercial multirotor/fixed-wing,,Listed in OpenDroneList,,,,Probable,0.67,Medium,,,DJI Agras T25 | t25,3,"OpenDroneList,Global UAV Database 2026 seed package,OpenDroneList community drone registry",,,,no image,2026-08-02T15:46:52+00:00,2026-08-02T15:46:54+00:00
UAV-ED7A22BC7414,Agras T25P,China,CHN,DJI,,Civilian / Commercial,Commercial multirotor/fixed-wing,,Listed in OpenDroneList,,,,Probable,0.67,Medium,,,DJI Agras T25P | t25p,3,"OpenDroneList,Global UAV Database 2026 seed package,OpenDroneList community drone registry",,,,no image,2026-08-02T15:46:52+00:00,2026-08-02T15:46:54+00:00
UAV-1DA983958840,Agras T30,China,CHN,DJI,,Civilian / Commercial,Commercial multirotor/fixed-wing,,Listed in OpenDroneList,,,,Probable,0.67,Medium,,,DJI Agras T30 | t30,3,"OpenDroneList,Global UAV Database 2026 seed package,OpenDroneList community drone registry",,,,no image,2026-08-02T15:46:52+00:00,2026-08-02T15:46:54+00:00
UAV-79F7DC00223A,Agras T40,China,CHN,DJI,,Civilian / Commercial,Commercial multirotor/fixed-wing,,Listed in OpenDroneList,,,,Probable,0.67,Medium,,,DJI Agras T40 | t40,3,"OpenDroneList,Global UAV Database 2026 seed package,OpenDroneList community drone registry",,,,no image,2026-08-02T15:46:52+00:00,2026-08-02T15:46:54+00:00
UAV-DD521E8E0B4C,Agras T70P,China,CHN,DJI,,Civilian / Commercial,Commercial multirotor/fixed-wing,,Listed in OpenDroneList,,,,Probable,0.67,Medium,,,DJI Agras T70P | t70p,3,"OpenDroneList,Global UAV Database 2026 seed package,OpenDroneList community drone registry",,,,no image,2026-08-02T15:46:52+00:00,2026-08-02T15:46:54+00:00
UAV-5B5CAB331A9F,Avata,China,CHN,DJI,,Civilian / Commercial,Commercial multirotor/fixed-wing,,Listed in OpenDroneList,,,,Probable,0.67,Medium,,,DJI Avata,3,"OpenDroneList,Global UAV Database 2026 seed package,OpenDroneList community drone registry",,,,no image,2026-08-02T15:46:52+00:00,2026-08-02T15:46:54+00:00
UAV-FB9C2B63EAAE,DJI AIR 3S,China,CHN,DJI,,Civilian / Commercial,Multirotor,Multirotor,EASA-listed for EU operations,,,Operations: Open / Standard,Verified,0.9,High,,,Air 3S | CZ3SCL,3,"EASA Drones for EU Operations,Global UAV Database 2026 seed package,OpenDroneList community drone registry",,,,no image,2026-08-02T15:46:52+00:00,2026-08-02T15:46:52+00:00
UAV-4BC446F1E640,DJI Air 2S,China,CHN,DJI,,Civilian / Commercial,Multirotor,Multirotor,EASA-listed for EU operations,,,Operations: Open / Standard,Verified,1.0,High,,,Air 2S | DA2SUE1A,4,"EASA Drones for EU Operations,OpenDroneList,Global UAV Database 2026 seed package,OpenDroneList community drone registry",,,,no image,2026-08-02T15:46:52+00:00,2026-08-02T15:46:54+00:00
UAV-B5C28A6107DB,DJI Air 3,China,CHN,DJI,,Civilian / Commercial,Multirotor,Multirotor,EASA-listed for EU operations,,,Operations: Open / Standard,Verified,1.0,High,,,Air 3 | EB3WBC,4,"EASA Drones for EU Operations,OpenDroneList,Global UAV Database 2026 seed package,OpenDroneList community drone registry",,,,no image,2026-08-02T15:46:52+00:00,2026-08-02T15:46:54+00:00
UAV-86FC68A8B502,DJI Avata 2,China,CHN,DJI,,Civilian / Commercial,Multirotor,Multirotor,EASA-listed for EU operations,,,Operations: Open / Standard,Verified,1.0,High,,,Avata 2 | QF3W4K,4,"EASA Drones for EU Operations,OpenDroneList,Global UAV Database 2026 seed package,OpenDroneList community drone registry",,,,no image,2026-08-02T15:46:52+00:00,2026-08-02T15:46:54+00:00
UAV-3EE2A523387C,DJI FlyCart 30,China,CHN,DJI,,Civilian / Commercial,Cargo multirotor,,Not specified,,,Logistics / delivery,Probable,0.77,High,,,FlyCart 30,4,"Curated UAV Seed 2026,OpenDroneList,Global UAV Database 2026 seed package,OpenDroneList community drone registry",,,,no image,2026-08-02T15:46:52+00:00,2026-08-02T15:46:54+00:00
UAV-E60F86F63DAE,DJI Inspire 3,China,CHN,DJI,,Civilian / Commercial,Multirotor,Multirotor,EASA-listed for EU operations,,,Operations: Open / Standard,Verified,1.0,High,,,Inspire 3 | T740,4,"EASA Drones for EU Operations,OpenDroneList,Global UAV Database 2026 seed package,OpenDroneList community drone registry",,,,no image,2026-08-02T15:46:52+00:00,2026-08-02T15:46:54+00:00
UAV-279BBF7B0B98,DJI MAVIC 3 Classic,China,CHN,DJI,,Civilian / Commercial,Multirotor,Multirotor,EASA-listed for EU operations,,,Operations: Open / Standard,Verified,1.0,High,,,L2C | Mavic 3 Classic,4,"EASA Drones for EU Operations,OpenDroneList,Global UAV Database 2026 seed package,OpenDroneList community drone registry",,,,no image,2026-08-02T15:46:52+00:00,2026-08-02T15:46:54+00:00
UAV-ABC2B0066B0F,DJI Matrice 350 RTK,China,CHN,DJI,,Dual-use,Enterprise multirotor,Multirotor,Not specified,,,Inspection / mapping / emergency response,Probable,0.67,Medium,,,Matrice 350 | Matrice 350 RTK,3,"Curated UAV Seed 2026,Global UAV Database 2026 seed package,OpenDroneList community drone registry",,,,no image,2026-08-02T15:46:52+00:00,2026-08-02T15:46:54+00:00
UAV-03928F0B790D,DJI Matrice 400,China,CHN,DJI,,Dual-use,Enterprise multirotor,Multirotor,Not specified,,,Operations: Open / Standard,Verified,1.0,High,,,Matrice 400,5,"Curated UAV Seed 2026,EASA Drones for EU Operations,OpenDroneList,Global UAV Database 2026 seed package,OpenDroneList community drone registry",,,,no image,2026-08-02T15:46:52+00:00,2026-08-02T15:46:52+00:00
UAV-801F5538D561,DJI Matrice 4E,China,CHN,DJI,,Civilian / Commercial,Multirotor,Multirotor,EASA-listed for EU operations,,,Operations: Open / Standard,Verified,1.0,High,,,M4E | Matrice 4E,4,"EASA Drones for EU Operations,OpenDroneList,Global UAV Database 2026 seed package,OpenDroneList community drone registry",,,,no image,2026-08-02T15:46:52+00:00,2026-08-02T15:46:54+00:00
UAV-CDFE02C7C465,DJI Matrice 4T,China,CHN,DJI,,Civilian / Commercial,Multirotor,Multirotor,EASA-listed for EU operations,,,Operations: Open / Standard,Verified,1.0,High,,,M4T | Matrice 4T,4,"EASA Drones for EU Operations,OpenDroneList,Global UAV Database 2026 seed package,OpenDroneList community drone registry",,,,no image,2026-08-02T15:46:52+00:00,2026-08-02T15:46:54+00:00
UAV-6D2808925AFD,DJI Mavic 3 Pro,China,CHN,DJI,,Civilian / Commercial,Multirotor,Multirotor,EASA-listed for EU operations,,,Operations: Open / Standard,Verified,1.0,High,,,L2S | Mavic 3 Pro,4,"EASA Drones for EU Operations,OpenDroneList,Global UAV Database 2026 seed package,OpenDroneList community drone registry",,,,no image,2026-08-02T15:46:52+00:00,2026-08-02T15:46:54+00:00
UAV-3229B7E31701,DJI Mavic 3 Pro Cine,China,CHN,DJI,,Civilian / Commercial,Multirotor,Multirotor,EASA-listed for EU operations,,,Operations: Open / Standard,Verified,1.0,High,,,L2E | Mavic 3 Pro Cine,4,"EASA Drones for EU Operations,OpenDroneList,Global UAV Database 2026 seed package,OpenDroneList community drone registry",,,,no image,2026-08-02T15:46:52+00:00,2026-08-02T15:46:54+00:00
UAV-789580914BC1,DJI Mavic 4 Pro,China,CHN,DJI,,Civilian / Commercial,Multirotor,Multirotor,EASA-listed for EU operations,,,Operations: Open / Standard,Verified,1.0,High,,,L3A | L3B | Mavic 4 Pro,4,"EASA Drones for EU Operations,OpenDroneList,Global UAV Database 2026 seed package,OpenDroneList community drone registry",,,,no image,2026-08-02T15:46:52+00:00,2026-08-02T15:46:54+00:00
UAV-D377C2F1FBED,DJI Mini 2 SE,China,CHN,DJI,,Civilian / Commercial,Multirotor,Multirotor,EASA-listed for EU operations,,,Operations: Open / Standard,Verified,1.0,High,,,mini-2 | Mini 2 SE | MT2SD | MT2SDCE,4,"EASA Drones for EU Operations,OpenDroneList,Global UAV Database 2026 seed package,OpenDroneList community drone registry",,,,no image,2026-08-02T15:46:52+00:00,2026-08-02T15:46:54+00:00
UAV-2276FC3A35FC,DJI Mini 3,China,CHN,DJI,,Civilian / Commercial,Multirotor,Multirotor,EASA-listed for EU operations,,,Operations: Open / Standard,Verified,1.0,High,,,Mini 3 | MT3PD | MT3PDCE,4,"EASA Drones for EU Operations,OpenDroneList,Global UAV Database 2026 seed package,OpenDroneList community drone registry",,,,no image,2026-08-02T15:46:52+00:00,2026-08-02T15:46:54+00:00
UAV-4655BBFE1B9C,DJI Mini 5 Pro,China,CHN,DJI,,Civilian / Commercial,Multirotor,Multirotor,EASA-listed for EU operations,,,Operations: Open / Standard,Verified,1.0,High,,,mini-5 | Mini 5 Pro | MT5MFND | MT5MFNDB | MT5MFNDC,4,"EASA Drones for EU Operations,OpenDroneList,Global UAV Database 2026 seed package,OpenDroneList community drone registry",,,,no image,2026-08-02T15:46:52+00:00,2026-08-02T15:46:54+00:00
UAV-DB521FA9FAFD,DJI Neo,China,CHN,DJI,,Civilian / Commercial,Multirotor,Multirotor,EASA-listed for EU operations,,,Operations: Open / Standard,Verified,1.0,High,,,DN1A0626 | Neo,4,"EASA Drones for EU Operations,OpenDroneList,Global UAV Database 2026 seed package,OpenDroneList community drone registry",,,,no image,2026-08-02T15:46:52+00:00,2026-08-02T15:46:54+00:00
UAV-240EAF9B7DD8,FPV,China,CHN,DJI,,Civilian / Commercial,Commercial multirotor/fixed-wing,,Listed in OpenDroneList,,,,Probable,0.67,Medium,,,DJI FPV,3,"OpenDroneList,Global UAV Database 2026 seed package,OpenDroneList community drone registry",,,,no image,2026-08-02T15:46:52+00:00,2026-08-02T15:46:54+00:00
UAV-58C735BA2624,Flame Wheel F330,China,CHN,DJI,,Civilian / Commercial,Commercial multirotor/fixed-wing,,Listed in OpenDroneList,,,,Probable,0.67,Medium,,,DJI Flame Wheel F330 | f330,3,"OpenDroneList,Global UAV Database 2026 seed package,OpenDroneList community drone registry",,,,no image,2026-08-02T15:46:52+00:00,2026-08-02T15:46:54+00:00
UAV-7F9CB69166D5,Flame Wheel F450,China,CHN,DJI,,Civilian / Commercial,Commercial multirotor/fixed-wing,,Listed in OpenDroneList,,,,Probable,0.67,Medium,,,DJI Flame Wheel F450 | f450,3,"OpenDroneList,Global UAV Database 2026 seed package,OpenDroneList community drone registry",,,,no image,2026-08-02T15:46:52+00:00,2026-08-02T15:46:54+00:00
UAV-B94458C90C22,Flame Wheel F550,China,CHN,DJI,,Civilian / Commercial,Commercial multirotor/fixed-wing,,Listed in OpenDroneList,,,,Probable,0.67,Medium,,,DJI Flame Wheel F550 | f550,3,"OpenDroneList,Global UAV Database 2026 seed package,OpenDroneList community drone registry",,,,no image,2026-08-02T15:46:52+00:00,2026-08-02T15:46:54+00:00
UAV-F84042779E59,FlyCart 100 Ultimate,China,CHN,DJI,,Civilian / Commercial,Commercial multirotor/fixed-wing,,Listed in OpenDroneList,,,,Probable,0.67,Medium,,,DJI FlyCart 100 Ultimate,3,"OpenDroneList,Global UAV Database 2026 seed package,OpenDroneList community drone registry",,,,no image,2026-08-02T15:46:52+00:00,2026-08-02T15:46:54+00:00
UAV-646247ECF81F,Inspire,China,CHN,DJI,,Military,Small / tactical; Rotary-wing,Rotary-wing,In use or under development as documented in 2019,,,Databook systems specification page 305.,Probable,0.7,Medium,,,,2,"Bard Drone Databook 2019,Global UAV Database 2026 seed package",,,,no image,2026-08-02T15:46:52+00:00,2026-08-02T15:46:52+00:00
UAV-ED9993670390,Inspire 1,China,CHN,DJI,,Civilian / Commercial,Commercial multirotor/fixed-wing,,Listed in OpenDroneList,,,,Probable,0.67,Medium,,,DJI Inspire 1,3,"OpenDroneList,Global UAV Database 2026 seed package,OpenDroneList community drone registry",,,,no image,2026-08-02T15:46:52+00:00,2026-08-02T15:46:54+00:00
UAV-88A450BFE04C,Inspire 1 Pro,China,CHN,DJI,,Civilian / Commercial,Commercial multirotor/fixed-wing,,Listed in OpenDroneList,,,,Probable,0.67,Medium,,,DJI Inspire 1 Pro,3,"OpenDroneList,Global UAV Database 2026 seed package,OpenDroneList community drone registry",,,,no image,2026-08-02T15:46:52+00:00,2026-08-02T15:46:54+00:00
UAV-39B7B995C2F3,Inspire 1 Raw,China,CHN,DJI,,Civilian / Commercial,Commercial multirotor/fixed-wing,,Listed in OpenDroneList,,,,Probable,0.67,Medium,,,DJI Inspire 1 Raw,3,"OpenDroneList,Global UAV Database 2026 seed package,OpenDroneList community drone registry",,,,no image,2026-08-02T15:46:52+00:00,2026-08-02T15:46:54+00:00
UAV-30B603083FED,Inspire 2,China,CHN,DJI,,Civilian / Commercial,Commercial multirotor/fixed-wing,,Listed in OpenDroneList,,,,Probable,0.67,Medium,,,DJI Inspire 2,3,"OpenDroneList,Global UAV Database 2026 seed package,OpenDroneList community drone registry",,,,no image,2026-08-02T15:46:52+00:00,2026-08-02T15:46:54+00:00
UAV-B65D5828A6F1,Matrice 100,China,CHN,DJI,,Civilian / Commercial,Commercial multirotor/fixed-wing,,Listed in OpenDroneList,,,,Probable,0.67,Medium,,,DJI Matrice 100,3,"OpenDroneList,Global UAV Database 2026 seed package,OpenDroneList community drone registry",,,,no image,2026-08-02T15:46:52+00:00,2026-08-02T15:46:54+00:00
UAV-7844C2248776,Matrice 200,China,CHN,DJI,,Civilian / Commercial,Commercial multirotor/fixed-wing,,Listed in OpenDroneList,,,,Probable,0.67,Medium,,,DJI Matrice 200,3,"OpenDroneList,Global UAV Database 2026 seed package,OpenDroneList community drone registry",,,,no image,2026-08-02T15:46:52+00:00,2026-08-02T15:46:54+00:00
UAV-8EB67B463C0E,Matrice 200 V2,China,CHN,DJI,,Civilian / Commercial,Commercial multirotor/fixed-wing,,Listed in OpenDroneList,,,,Probable,0.67,Medium,,,DJI Matrice 200 V2 | v2,3,"OpenDroneList,Global UAV Database 2026 seed package,OpenDroneList community drone registry",,,,no image,2026-08-02T15:46:52+00:00,2026-08-02T15:46:54+00:00
UAV-51CBFA6F4B07,Matrice 210,China,CHN,DJI,,Civilian / Commercial,Commercial multirotor/fixed-wing,Rotary-wing,Listed in OpenDroneList,,,Databook systems specification page 305.,Verified,0.9,High,,,DJI Matrice 210,4,"OpenDroneList,Bard Drone Databook 2019,Global UAV Database 2026 seed package,OpenDroneList community drone registry",,,,no image,2026-08-02T15:46:52+00:00,2026-08-02T15:46:54+00:00
UAV-4E3CC254A0AF,Matrice 210 RTK,China,CHN,DJI,,Civilian / Commercial,Commercial multirotor/fixed-wing,,Listed in OpenDroneList,,,,Probable,0.67,Medium,,,DJI Matrice 210 RTK,3,"OpenDroneList,Global UAV Database 2026 seed package,OpenDroneList community drone registry",,,,no image,2026-08-02T15:46:52+00:00,2026-08-02T15:46:54+00:00
UAV-9D22B618484A,Matrice 210 RTK V2,China,CHN,DJI,,Civilian / Commercial,Commercial multirotor/fixed-wing,,Listed in OpenDroneList,,,,Probable,0.67,Medium,,,DJI Matrice 210 RTK V2 | v2,3,"OpenDroneList,Global UAV Database 2026 seed package,OpenDroneList community drone registry",,,,no image,2026-08-02T15:46:52+00:00,2026-08-02T15:46:54+00:00
UAV-DFFB2247B167,Matrice 210 V2,China,CHN,DJI,,Civilian / Commercial,Commercial multirotor/fixed-wing,,Listed in OpenDroneList,,,,Probable,0.67,Medium,,,DJI Matrice 210 V2 | v2,3,"OpenDroneList,Global UAV Database 2026 seed package,OpenDroneList community drone registry",,,,no image,2026-08-02T15:46:52+00:00,2026-08-02T15:46:54+00:00
UAV-CFE071A57EB3,Matrice 30,China,CHN,DJI,,Civilian / Commercial,Commercial multirotor/fixed-wing,,Listed in OpenDroneList,,,,Probable,0.67,Medium,,,DJI Matrice 30,3,"OpenDroneList,Global UAV Database 2026 seed package,OpenDroneList community drone registry",,,,no image,2026-08-02T15:46:52+00:00,2026-08-02T15:46:54+00:00
UAV-ED54B955280F,Matrice 300 RTK,China,CHN,DJI,,Civilian / Commercial,Commercial multirotor/fixed-wing,,Listed in OpenDroneList,,,,Probable,0.67,Medium,,,DJI Matrice 300 RTK,3,"OpenDroneList,Global UAV Database 2026 seed package,OpenDroneList community drone registry",,,,no image,2026-08-02T15:46:52+00:00,2026-08-02T15:46:54+00:00
UAV-680F8BA92BE3,Matrice 30T,China,CHN,DJI,,Civilian / Commercial,Commercial multirotor/fixed-wing,,Listed in OpenDroneList,,,,Probable,0.67,Medium,,,DJI Matrice 30T,3,"OpenDroneList,Global UAV Database 2026 seed package,OpenDroneList community drone registry",,,,no image,2026-08-02T15:46:52+00:00,2026-08-02T15:46:54+00:00
UAV-6CE53F35505D,Matrice 600,China,CHN,DJI,,Civilian / Commercial,Commercial multirotor/fixed-wing,,Listed in OpenDroneList,,,,Probable,0.67,Medium,,,DJI Matrice 600,3,"OpenDroneList,Global UAV Database 2026 seed package,OpenDroneList community drone registry",,,,no image,2026-08-02T15:46:52+00:00,2026-08-02T15:46:54+00:00
UAV-49F82E86B55B,Matrice 600 Pro,China,CHN,DJI,,Civilian / Commercial,Commercial multirotor/fixed-wing,,Listed in OpenDroneList,,,,Probable,0.67,Medium,,,DJI Matrice 600 Pro,3,"OpenDroneList,Global UAV Database 2026 seed package,OpenDroneList community drone registry",,,,no image,2026-08-02T15:46:52+00:00,2026-08-02T15:46:54+00:00
UAV-BBA318BBB39B,Mavic,China,CHN,DJI,,Military,Small / tactical; Rotary-wing,Rotary-wing,In use or under development as documented in 2019,,,Databook systems specification page 305.,Verified,0.9,High,,,DJI Mavic Air,4,"OpenDroneList,Bard Drone Databook 2019,Global UAV Database 2026 seed package,OpenDroneList community drone registry",,,,no image,2026-08-02T15:46:52+00:00,2026-08-02T15:46:54+00:00
UAV-5640FA5E64E7,Mavic 2 Enterprise,China,CHN,DJI,,Civilian / Commercial,Commercial multirotor/fixed-wing,,Listed in OpenDroneList,,,,Probable,0.67,Medium,,,DJI Mavic 2 Enterprise,3,"OpenDroneList,Global UAV Database 2026 seed package,OpenDroneList community drone registry",,,,no image,2026-08-02T15:46:52+00:00,2026-08-02T15:46:54+00:00
UAV-4FA8E734CB80,Mavic 2 Enterprise Advanced,China,CHN,DJI,,Civilian / Commercial,Commercial multirotor/fixed-wing,,Listed in OpenDroneList,,,,Probable,0.67,Medium,,,DJI Mavic 2 Enterprise Advanced,3,"OpenDroneList,Global UAV Database 2026 seed package,OpenDroneList community drone registry",,,,no image,2026-08-02T15:46:52+00:00,2026-08-02T15:46:54+00:00
UAV-E69FE3043436,Mavic 2 Enterprise Dual,China,CHN,DJI,,Civilian / Commercial,Commercial multirotor/fixed-wing,,Listed in OpenDroneList,,,,Probable,0.67,Medium,,,DJI Mavic 2 Enterprise Dual,3,"OpenDroneList,Global UAV Database 2026 seed package,OpenDroneList community drone registry",,,,no image,2026-08-02T15:46:52+00:00,2026-08-02T15:46:54+00:00
UAV-B3ABC8FDA762,Mavic 2 Pro,China,CHN,DJI,,Civilian / Commercial,Commercial multirotor/fixed-wing,,Listed in OpenDroneList,,,,Probable,0.67,Medium,,,DJI Mavic 2 Pro,3,"OpenDroneList,Global UAV Database 2026 seed package,OpenDroneList community drone registry",,,,no image,2026-08-02T15:46:52+00:00,2026-08-02T15:46:54+00:00
UAV-4E8A21A25A7E,Mavic 2 Zoom,China,CHN,DJI,,Civilian / Commercial,Commercial multirotor/fixed-wing,,Listed in OpenDroneList,,,,Probable,0.67,Medium,,,DJI Mavic 2 Zoom,3,"OpenDroneList,Global UAV Database 2026 seed package,OpenDroneList community drone registry",,,,no image,2026-08-02T15:46:52+00:00,2026-08-02T15:46:54+00:00
UAV-CB174CE425A5,Mavic 3,China,CHN,DJI,,Civilian / Commercial,Commercial multirotor/fixed-wing,,Listed in OpenDroneList,,,,Probable,0.67,Medium,,,DJI Mavic 3,3,"OpenDroneList,Global UAV Database 2026 seed package,OpenDroneList community drone registry",,,,no image,2026-08-02T15:46:52+00:00,2026-08-02T15:46:54+00:00
UAV-88E6FF949394,Mavic 3 3E,China,CHN,DJI,,Civilian / Commercial,Commercial multirotor/fixed-wing,,Listed in OpenDroneList,,,,Probable,0.67,Medium,,,DJI Mavic 3 3E,3,"OpenDroneList,Global UAV Database 2026 seed package,OpenDroneList community drone registry",,,,no image,2026-08-02T15:46:52+00:00,2026-08-02T15:46:54+00:00
UAV-818D7582B68C,Mavic 3 3M,China,CHN,DJI,,Civilian / Commercial,Commercial multirotor/fixed-wing,,Listed in OpenDroneList,,,,Probable,0.67,Medium,,,DJI Mavic 3 3M,3,"OpenDroneList,Global UAV Database 2026 seed package,OpenDroneList community drone registry",,,,no image,2026-08-02T15:46:52+00:00,2026-08-02T15:46:54+00:00
UAV-CD42D555D3BB,Mavic 3 3T,China,CHN,DJI,,Civilian / Commercial,Commercial multirotor/fixed-wing,,Listed in OpenDroneList,,,,Probable,0.67,Medium,,,DJI Mavic 3 3T,3,"OpenDroneList,Global UAV Database 2026 seed package,OpenDroneList community drone registry",,,,no image,2026-08-02T15:46:52+00:00,2026-08-02T15:46:54+00:00
UAV-6002FFBDF6DD,Mavic 3 Cine,China,CHN,DJI,,Civilian / Commercial,Commercial multirotor/fixed-wing,,Listed in OpenDroneList,,,,Probable,0.67,Medium,,,DJI Mavic 3 Cine,3,"OpenDroneList,Global UAV Database 2026 seed package,OpenDroneList community drone registry",,,,no image,2026-08-02T15:46:52+00:00,2026-08-02T15:46:54+00:00
UAV-E6C8E6673300,Mavic Air 2,China,CHN,DJI,,Civilian / Commercial,Commercial multirotor/fixed-wing,,Listed in OpenDroneList,,,,Probable,0.67,Medium,,,air-2 | DJI Mavic Air 2,3,"OpenDroneList,Global UAV Database 2026 seed package,OpenDroneList community drone registry",,,,no image,2026-08-02T15:46:52+00:00,2026-08-02T15:46:54+00:00
UAV-8E4481AAC75A,Mavic Mini,China,CHN,DJI,,Civilian / Commercial,Commercial multirotor/fixed-wing,,Listed in OpenDroneList,,,,Probable,0.67,Medium,,,DJI Mavic Mini,3,"OpenDroneList,Global UAV Database 2026 seed package,OpenDroneList community drone registry",,,,no image,2026-08-02T15:46:52+00:00,2026-08-02T15:46:54+00:00
UAV-F88296E43318,Mavic Pro,China,CHN,DJI,,Civilian / Commercial,Commercial multirotor/fixed-wing,,Listed in OpenDroneList,,,,Probable,0.67,Medium,,,DJI Mavic Pro,3,"OpenDroneList,Global UAV Database 2026 seed package,OpenDroneList community drone registry",,,,no image,2026-08-02T15:46:52+00:00,2026-08-02T15:46:54+00:00
UAV-0799E483E893,Mavic Pro Platinum,China,CHN,DJI,,Civilian / Commercial,Commercial multirotor/fixed-wing,,Listed in OpenDroneList,,,,Probable,0.67,Medium,,,DJI Mavic Pro Platinum,3,"OpenDroneList,Global UAV Database 2026 seed package,OpenDroneList community drone registry",,,,no image,2026-08-02T15:46:52+00:00,2026-08-02T15:46:54+00:00
UAV-B95A493A456C,Mini 2,China,CHN,DJI,,Civilian / Commercial,Commercial multirotor/fixed-wing,,Listed in OpenDroneList,,,,Probable,0.67,Medium,,,DJI Mini 2 | mini-2,3,"OpenDroneList,Global UAV Database 2026 seed package,OpenDroneList community drone registry",,,,no image,2026-08-02T15:46:52+00:00,2026-08-02T15:46:54+00:00
UAV-C83D7BF6BB8A,Mini 3 Pro,China,CHN,DJI,,Civilian / Commercial,Commercial multirotor/fixed-wing,,Listed in OpenDroneList,,,,Probable,0.67,Medium,,,DJI Mini 3 Pro | mini-3,3,"OpenDroneList,Global UAV Database 2026 seed package,OpenDroneList community drone registry",,,,no image,2026-08-02T15:46:52+00:00,2026-08-02T15:46:54+00:00
UAV-8E968C9EE576,Mini 4 Pro,China,CHN,DJI,,Civilian / Commercial,Commercial multirotor/fixed-wing,,Listed in OpenDroneList,,,,Probable,0.67,Medium,,,DJI Mini 4 Pro | mini-4,3,"OpenDroneList,Global UAV Database 2026 seed package,OpenDroneList community drone registry",,,,no image,2026-08-02T15:46:52+00:00,2026-08-02T15:46:54+00:00
UAV-D969E7E0B057,Phantom,China,CHN,DJI,,Military,Small / tactical; Rotary-wing,Rotary-wing,In use or under development as documented in 2019,,,Databook systems specification page 305.,Probable,0.7,Medium,,,,2,"Bard Drone Databook 2019,Global UAV Database 2026 seed package",,,,no image,2026-08-02T15:46:52+00:00,2026-08-02T15:46:52+00:00
UAV-057FB7A29280,Phantom 1,China,CHN,DJI,,Civilian / Commercial,Commercial multirotor/fixed-wing,,Listed in OpenDroneList,,,,Probable,0.67,Medium,,,DJI Phantom 1,3,"OpenDroneList,Global UAV Database 2026 seed package,OpenDroneList community drone registry",,,,no image,2026-08-02T15:46:52+00:00,2026-08-02T15:46:54+00:00
UAV-E97E698229F1,Phantom 2,China,CHN,DJI,,Civilian / Commercial,Commercial multirotor/fixed-wing,,Listed in OpenDroneList,,,,Probable,0.67,Medium,,,DJI Phantom 2,3,"OpenDroneList,Global UAV Database 2026 seed package,OpenDroneList community drone registry",,,,no image,2026-08-02T15:46:52+00:00,2026-08-02T15:46:54+00:00
UAV-90DA8CEDC0C0,Phantom 2 Vision,China,CHN,DJI,,Civilian / Commercial,Commercial multirotor/fixed-wing,,Listed in OpenDroneList,,,,Probable,0.67,Medium,,,DJI Phantom 2 Vision | Phantom 2 Vision+,3,"OpenDroneList,Global UAV Database 2026 seed package,OpenDroneList community drone registry",,,,no image,2026-08-02T15:46:52+00:00,2026-08-02T15:46:54+00:00
UAV-22B9CC1F89D3,Phantom 3 4k,China,CHN,DJI,,Civilian / Commercial,Commercial multirotor/fixed-wing,,Listed in OpenDroneList,,,,Probable,0.67,Medium,,,DJI Phantom 3 4k,3,"OpenDroneList,Global UAV Database 2026 seed package,OpenDroneList community drone registry",,,,no image,2026-08-02T15:46:52+00:00,2026-08-02T15:46:54+00:00
UAV-B971D4C1FCF0,Phantom 3 Advanced,China,CHN,DJI,,Civilian / Commercial,Commercial multirotor/fixed-wing,,Listed in OpenDroneList,,,,Probable,0.67,Medium,,,DJI Phantom 3 Advanced,3,"OpenDroneList,Global UAV Database 2026 seed package,OpenDroneList community drone registry",,,,no image,2026-08-02T15:46:52+00:00,2026-08-02T15:46:54+00:00
UAV-4435E8ECFBEE,Phantom 3 Professional,China,CHN,DJI,,Civilian / Commercial,Commercial multirotor/fixed-wing,,Listed in OpenDroneList,,,,Probable,0.67,Medium,,,DJI Phantom 3 Professional,3,"OpenDroneList,Global UAV Database 2026 seed package,OpenDroneList community drone registry",,,,no image,2026-08-02T15:46:52+00:00,2026-08-02T15:46:54+00:00
UAV-5DEBF68F623B,Phantom 3 SE,China,CHN,DJI,,Civilian / Commercial,Commercial multirotor/fixed-wing,,Listed in OpenDroneList,,,,Probable,0.67,Medium,,,DJI Phantom 3 SE,3,"OpenDroneList,Global UAV Database 2026 seed package,OpenDroneList community drone registry",,,,no image,2026-08-02T15:46:52+00:00,2026-08-02T15:46:54+00:00
UAV-D057E3549F58,Phantom 3 Standard,China,CHN,DJI,,Civilian / Commercial,Commercial multirotor/fixed-wing,,Listed in OpenDroneList,,,,Probable,0.67,Medium,,,DJI Phantom 3 Standard,3,"OpenDroneList,Global UAV Database 2026 seed package,OpenDroneList community drone registry",,,,no image,2026-08-02T15:46:52+00:00,2026-08-02T15:46:54+00:00
UAV-D40E291EB72B,Phantom 4,China,CHN,DJI,,Civilian / Commercial,Commercial multirotor/fixed-wing,,Listed in OpenDroneList,,,,Probable,0.67,Medium,,,DJI Phantom 4,3,"OpenDroneList,Global UAV Database 2026 seed package,OpenDroneList community drone registry",,,,no image,2026-08-02T15:46:52+00:00,2026-08-02T15:46:54+00:00
UAV-2DE7DF0D23F1,Phantom 4 Advanced,China,CHN,DJI,,Civilian / Commercial,Commercial multirotor/fixed-wing,,Listed in OpenDroneList,,,,Probable,0.67,Medium,,,DJI Phantom 4 Advanced,3,"OpenDroneList,Global UAV Database 2026 seed package,OpenDroneList community drone registry",,,,no image,2026-08-02T15:46:52+00:00,2026-08-02T15:46:54+00:00
UAV-38D6EC0511FE,Phantom 4 Multispectral,China,CHN,DJI,,Civilian / Commercial,Commercial multirotor/fixed-wing,,Listed in OpenDroneList,,,,Probable,0.67,Medium,,,DJI Phantom 4 Multispectral,3,"OpenDroneList,Global UAV Database 2026 seed package,OpenDroneList community drone registry",,,,no image,2026-08-02T15:46:52+00:00,2026-08-02T15:46:54+00:00
UAV-1B9591BBC42B,Phantom 4 Pro,China,CHN,DJI,,Civilian / Commercial,Commercial multirotor/fixed-wing,,Listed in OpenDroneList,,,,Probable,0.67,Medium,,,DJI Phantom 4 Pro | Phantom 4 Pro+,3,"OpenDroneList,Global UAV Database 2026 seed package,OpenDroneList community drone registry",,,,no image,2026-08-02T15:46:52+00:00,2026-08-02T15:46:54+00:00
UAV-C34EB3C5BC65,Phantom 4 Pro V2.0,China,CHN,DJI,,Civilian / Commercial,Commercial multirotor/fixed-wing,,Listed in OpenDroneList,,,,Probable,0.67,Medium,,,DJI Phantom 4 Pro V2.0 | v2,3,"OpenDroneList,Global UAV Database 2026 seed package,OpenDroneList community drone registry",,,,no image,2026-08-02T15:46:52+00:00,2026-08-02T15:46:54+00:00
UAV-F88FF750D153,Phantom 4 RTK,China,CHN,DJI,,Civilian / Commercial,Commercial multirotor/fixed-wing,,Listed in OpenDroneList,,,,Probable,0.67,Medium,,,DJI Phantom 4 RTK,3,"OpenDroneList,Global UAV Database 2026 seed package,OpenDroneList community drone registry",,,,no image,2026-08-02T15:46:52+00:00,2026-08-02T15:46:54+00:00
UAV-DB5F238393FC,Phantom FC40,China,CHN,DJI,,Civilian / Commercial,Commercial multirotor/fixed-wing,,Listed in OpenDroneList,,,,Probable,0.67,Medium,,,DJI Phantom FC40 | fc40,3,"OpenDroneList,Global UAV Database 2026 seed package,OpenDroneList community drone registry",,,,no image,2026-08-02T15:46:52+00:00,2026-08-02T15:46:54+00:00
UAV-7187DADEAA98,Spark,China,CHN,DJI,,Civilian / Commercial,Commercial multirotor/fixed-wing,,Listed in OpenDroneList,,,,Probable,0.67,Medium,,,DJI Spark,3,"OpenDroneList,Global UAV Database 2026 seed package,OpenDroneList community drone registry",,,,no image,2026-08-02T15:46:52+00:00,2026-08-02T15:46:54+00:00
UAV-8EBBBD5F1134,Spreading Wings S1000+,China,CHN,DJI,,Civilian / Commercial,Commercial multirotor/fixed-wing,,Listed in OpenDroneList,,,,Probable,0.67,Medium,,,DJI Spreading Wings S1000+ | s1000,3,"OpenDroneList,Global UAV Database 2026 seed package,OpenDroneList community drone registry",,,,no image,2026-08-02T15:46:52+00:00,2026-08-02T15:46:54+00:00
UAV-9B56C6C11CFC,Spreading Wings S800,China,CHN,DJI,,Civilian / Commercial,Commercial multirotor/fixed-wing,,Listed in OpenDroneList,,,,Probable,0.67,Medium,,,DJI Spreading Wings S800 | s800,3,"OpenDroneList,Global UAV Database 2026 seed package,OpenDroneList community drone registry",,,,no image,2026-08-02T15:46:52+00:00,2026-08-02T15:46:54+00:00
UAV-FCECA4872367,Spreading Wings S800 EVO,China,CHN,DJI,,Civilian / Commercial,Commercial multirotor/fixed-wing,,Listed in OpenDroneList,,,,Probable,0.67,Medium,,,DJI Spreading Wings S800 EVO | s800,3,"OpenDroneList,Global UAV Database 2026 seed package,OpenDroneList community drone registry",,,,no image,2026-08-02T15:46:52+00:00,2026-08-02T15:46:54+00:00
UAV-5E48913F3B92,Spreading Wings S900,China,CHN,DJI,,Civilian / Commercial,Commercial multirotor/fixed-wing,,Listed in OpenDroneList,,,,Probable,0.67,Medium,,,DJI Spreading Wings S900 | s900,3,"OpenDroneList,Global UAV Database 2026 seed package,OpenDroneList community drone registry",,,,no image,2026-08-02T15:46:52+00:00,2026-08-02T15:46:54+00:00
UAV-7DC3022215B6,Tello,China,CHN,DJI,,Civilian / Commercial,Commercial multirotor/fixed-wing,,Listed in OpenDroneList,,,,Probable,0.67,Medium,,,DJI Tello,3,"OpenDroneList,Global UAV Database 2026 seed package,OpenDroneList community drone registry",,,,no image,2026-08-02T15:46:52+00:00,2026-08-02T15:46:54+00:00
UAV-F00DCE8C2F08,Tello EDU,China,CHN,DJI,,Civilian / Commercial,Commercial multirotor/fixed-wing,,Listed in OpenDroneList,,,,Probable,0.67,Medium,,,DJI Tello EDU,3,"OpenDroneList,Global UAV Database 2026 seed package,OpenDroneList community drone registry",,,,no image,2026-08-02T15:46:52+00:00,2026-08-02T15:46:54+00:00
UAV-3895066907D5,Tello Iron Man,China,CHN,DJI,,Civilian / Commercial,Commercial multirotor/fixed-wing,,Listed in OpenDroneList,,,,Probable,0.67,Medium,,,DJI Tello Iron Man,3,"OpenDroneList,Global UAV Database 2026 seed package,OpenDroneList community drone registry",,,,no image,2026-08-02T15:46:52+00:00,2026-08-02T15:46:54+00:00
UAV-CB7D1BCDF715,DJI Avata 360,China,CHN,DJI GmbH,,Civilian / Commercial,Multirotor,Multirotor,EASA-listed for EU operations,,,Operations: Open / Standard,Probable,0.8,High,,,DVN3NT | DVN3XT,2,"EASA Drones for EU Operations,Global UAV Database 2026 seed package",,,,no image,2026-08-02T15:46:52+00:00,2026-08-02T15:46:52+00:00
UAV-6D119AB25726,DJI Dock 3 and Matrice 4D Series,China,CHN,DJI GmbH,,Civilian / Commercial,Multirotor,Multirotor,EASA-listed for EU operations,,,Operations: Open / Standard,Probable,0.8,High,,,dock-3 | M4D | M4TD,2,"EASA Drones for EU Operations,Global UAV Database 2026 seed package",,,,no image,2026-08-02T15:46:52+00:00,2026-08-02T15:46:52+00:00
UAV-B77E471369FF,DJI Flip,China,CHN,DJI GmbH,,Civilian / Commercial,EU-listed drone,,EASA-listed for EU operations,,,Operations: Open / Standard,Probable,0.8,High,,,,2,"EASA Drones for EU Operations,Global UAV Database 2026 seed package",,,,no image,2026-08-02T15:46:52+00:00,2026-08-02T15:46:52+00:00
UAV-DF60461D71A5,DJI Lito 1,China,CHN,DJI GmbH,,Civilian / Commercial,Multirotor,Multirotor,EASA-listed for EU operations,,,Operations: Open / Standard,Probable,0.8,High,,,DGN12C | DGN12D | lito-1,2,"EASA Drones for EU Operations,Global UAV Database 2026 seed package",,,,no image,2026-08-02T15:46:52+00:00,2026-08-02T15:46:52+00:00
UAV-9EFA009B4E58,DJI Lito X1,China,CHN,DJI GmbH,,Civilian / Commercial,Multirotor,Multirotor,EASA-listed for EU operations,,,Operations: Open / Standard,Probable,0.8,High,,,DGP14C | DGP14D | x1,2,"EASA Drones for EU Operations,Global UAV Database 2026 seed package",,,,no image,2026-08-02T15:46:52+00:00,2026-08-02T15:46:52+00:00
UAV-415FFB33640B,DJI MAVIC 3 Cine V2.0,China,CHN,DJI GmbH,,Civilian / Commercial,Multirotor,Multirotor,EASA-listed for EU operations,,,Operations: Open / Standard,Probable,0.8,High,,,L2PA | v2,2,"EASA Drones for EU Operations,Global UAV Database 2026 seed package",,,,no image,2026-08-02T15:46:52+00:00,2026-08-02T15:46:52+00:00
UAV-E71A7CF4DA66,DJI MAVIC 3 V2.0,China,CHN,DJI GmbH,,Civilian / Commercial,Multirotor,Multirotor,EASA-listed for EU operations,,,Operations: Open / Standard,Probable,0.8,High,,,L2AA | v2,2,"EASA Drones for EU Operations,Global UAV Database 2026 seed package",,,,no image,2026-08-02T15:46:52+00:00,2026-08-02T15:46:52+00:00
UAV-39D42AE89532,DJI MAVIC 3E EU,China,CHN,DJI GmbH,,Civilian / Commercial,EU-listed drone,,EASA-listed for EU operations,,,Operations: Open / Standard,Probable,0.8,High,,,M3E-EU,2,"EASA Drones for EU Operations,Global UAV Database 2026 seed package",,,,no image,2026-08-02T15:46:52+00:00,2026-08-02T15:46:52+00:00
UAV-71C5F1B54DDE,DJI MAVIC 3M EU,China,CHN,DJI GmbH,,Civilian / Commercial,Multirotor,Multirotor,EASA-listed for EU operations,,,Operations: Open / Standard,Probable,0.8,High,,,M3M-EU,2,"EASA Drones for EU Operations,Global UAV Database 2026 seed package",,,,no image,2026-08-02T15:46:52+00:00,2026-08-02T15:46:52+00:00
UAV-E2452621CA07,DJI MAVIC 3T EU,China,CHN,DJI GmbH,,Civilian / Commercial,Multirotor,Multirotor,EASA-listed for EU operations,,,Operations: Open / Standard,Probable,0.8,High,,,M3T-EU,2,"EASA Drones for EU Operations,Global UAV Database 2026 seed package",,,,no image,2026-08-02T15:46:52+00:00,2026-08-02T15:46:52+00:00
UAV-DEBE3819F6CF,DJI Matrice 4D,China,CHN,DJI GmbH,,Civilian / Commercial,Multirotor,Multirotor,EASA-listed for EU operations,,,Operations: Open / Standard,Probable,0.8,High,,,M4D,2,"EASA Drones for EU Operations,Global UAV Database 2026 seed package",,,,no image,2026-08-02T15:46:52+00:00,2026-08-02T15:46:52+00:00
UAV-62486A696D98,DJI Matrice 4TD,China,CHN,DJI GmbH,,Civilian / Commercial,Multirotor,Multirotor,EASA-listed for EU operations,,,Operations: Open / Standard,Probable,0.8,High,,,M4TD,2,"EASA Drones for EU Operations,Global UAV Database 2026 seed package",,,,no image,2026-08-02T15:46:52+00:00,2026-08-02T15:46:52+00:00
UAV-D1B06091893E,DJI Mini 4 Pro Fly More Combo,China,CHN,DJI GmbH,,Civilian / Commercial,Multirotor,Multirotor,EASA-listed for EU operations,,,Operations: Open / Standard,Probable,0.8,High,,,mini-4 | MT4MFVD | MT4MFVDB,2,"EASA Drones for EU Operations,Global UAV Database 2026 seed package",,,,no image,2026-08-02T15:46:52+00:00,2026-08-02T15:46:52+00:00
UAV-E4DD4E76D07C,DJI Neo 2,China,CHN,DJI GmbH,,Civilian / Commercial,Multirotor,Multirotor,EASA-listed for EU operations,,,Operations: Open / Standard,Probable,0.8,High,,,DEN225 | neo-2,2,"EASA Drones for EU Operations,Global UAV Database 2026 seed package",,,,no image,2026-08-02T15:46:52+00:00,2026-08-02T15:46:52+00:00
UAV-5E73FD2B7018,Matrice 350 RTK,China,CHN,DJI GmbH,,Civilian / Commercial,Multirotor,Multirotor,EASA-listed for EU operations,,,Operations: Open / Standard,Verified,0.9,High,,,,2,"EASA Drones for EU Operations,OpenDroneList",,,,no image,2026-08-02T15:46:52+00:00,2026-08-02T15:46:52+00:00
UAV-1032FCDF7D47,Inspire 3 C5,China,CHN,DRONAVIA,,Civilian / Commercial,Multirotor,Multirotor,EASA-listed for EU operations,,,Operations: Open / Standard,Probable,0.8,High,,,c5,2,"EASA Drones for EU Operations,Global UAV Database 2026 seed package",,,,no image,2026-08-02T15:46:52+00:00,2026-08-02T15:46:52+00:00
UAV-94FCE0AD964F,Kronos AD Matrice 30,China,CHN,DRONAVIA,,Civilian / Commercial,Multirotor,Multirotor,EASA-listed for EU operations,,,Operations: Open / Standard,Probable,0.8,High,,,,2,"EASA Drones for EU Operations,Global UAV Database 2026 seed package",,,,no image,2026-08-02T15:46:52+00:00,2026-08-02T15:46:52+00:00
UAV-B916F9692BFC,Kronos AD Matrice 30T,China,CHN,DRONAVIA,,Civilian / Commercial,Multirotor,Multirotor,EASA-listed for EU operations,,,Operations: Open / Standard,Probable,0.8,High,,,,2,"EASA Drones for EU Operations,Global UAV Database 2026 seed package",,,,no image,2026-08-02T15:46:52+00:00,2026-08-02T15:46:52+00:00
UAV-E4A23FF4C4E4,Kronos AD Matrice 4D,China,CHN,DRONAVIA,,Civilian / Commercial,Multirotor,Multirotor,EASA-listed for EU operations,,,Operations: Open / Standard,Probable,0.8,High,,,,2,"EASA Drones for EU Operations,Global UAV Database 2026 seed package",,,,no image,2026-08-02T15:46:52+00:00,2026-08-02T15:46:52+00:00
UAV-9266CBC95ED4,Kronos AD Matrice 4E,China,CHN,DRONAVIA,,Civilian / Commercial,Multirotor,Multirotor,EASA-listed for EU operations,,,Operations: Open / Standard,Probable,0.8,High,,,,2,"EASA Drones for EU Operations,Global UAV Database 2026 seed package",,,,no image,2026-08-02T15:46:52+00:00,2026-08-02T15:46:52+00:00
UAV-50B77FF2F91E,Kronos AD Matrice 4T,China,CHN,DRONAVIA,,Civilian / Commercial,Multirotor,Multirotor,EASA-listed for EU operations,,,Operations: Open / Standard,Probable,0.8,High,,,,2,"EASA Drones for EU Operations,Global UAV Database 2026 seed package",,,,no image,2026-08-02T15:46:52+00:00,2026-08-02T15:46:52+00:00
UAV-46C8AA0F6A68,Kronos AD Matrice 4TD,China,CHN,DRONAVIA,,Civilian / Commercial,Multirotor,Multirotor,EASA-listed for EU operations,,,Operations: Open / Standard,Probable,0.8,High,,,,2,"EASA Drones for EU Operations,Global UAV Database 2026 seed package",,,,no image,2026-08-02T15:46:52+00:00,2026-08-02T15:46:52+00:00
UAV-AD1D9895DB16,Kronos AD Mavic 3 Pro,China,CHN,DRONAVIA,,Civilian / Commercial,Multirotor,Multirotor,EASA-listed for EU operations,,,Operations: Open / Standard,Probable,0.8,High,,,,2,"EASA Drones for EU Operations,Global UAV Database 2026 seed package",,,,no image,2026-08-02T15:46:52+00:00,2026-08-02T15:46:52+00:00
UAV-9F86A3224EC5,Kronos AD Mavic 3 Pro Cine,China,CHN,DRONAVIA,,Civilian / Commercial,Multirotor,Multirotor,EASA-listed for EU operations,,,Operations: Open / Standard,Probable,0.8,High,,,,2,"EASA Drones for EU Operations,Global UAV Database 2026 seed package",,,,no image,2026-08-02T15:46:52+00:00,2026-08-02T15:46:52+00:00
UAV-8938C9A037DA,Kronos AD Mavic 3E,China,CHN,DRONAVIA,,Civilian / Commercial,Multirotor,Multirotor,EASA-listed for EU operations,,,Operations: Open / Standard,Probable,0.8,High,,,,2,"EASA Drones for EU Operations,Global UAV Database 2026 seed package",,,,no image,2026-08-02T15:46:52+00:00,2026-08-02T15:46:52+00:00
UAV-6A7720F81B54,Kronos AD Mavic 3M,China,CHN,DRONAVIA,,Civilian / Commercial,Multirotor,Multirotor,EASA-listed for EU operations,,,Operations: Open / Standard,Probable,0.8,High,,,,2,"EASA Drones for EU Operations,Global UAV Database 2026 seed package",,,,no image,2026-08-02T15:46:52+00:00,2026-08-02T15:46:52+00:00
UAV-4D68155B275E,Kronos AD Mavic 3T,China,CHN,DRONAVIA,,Civilian / Commercial,Multirotor,Multirotor,EASA-listed for EU operations,,,Operations: Open / Standard,Probable,0.8,High,,,,2,"EASA Drones for EU Operations,Global UAV Database 2026 seed package",,,,no image,2026-08-02T15:46:52+00:00,2026-08-02T15:46:52+00:00
UAV-023969022B6B,Kronos AD Mavic 4 Pro,China,CHN,DRONAVIA,,Civilian / Commercial,Multirotor,Multirotor,EASA-listed for EU operations,,,Operations: Open / Standard,Probable,0.8,High,,,,2,"EASA Drones for EU Operations,Global UAV Database 2026 seed package",,,,no image,2026-08-02T15:46:52+00:00,2026-08-02T15:46:52+00:00
UAV-68C4CD8C19F9,Matrice 350 RTK C5,China,CHN,DRONAVIA,,Civilian / Commercial,Multirotor,Multirotor,EASA-listed for EU operations,,,Operations: Open / Standard,Probable,0.8,High,,,c5 | Matrice 350 C5,2,"EASA Drones for EU Operations,Global UAV Database 2026 seed package",,,,no image,2026-08-02T15:46:52+00:00,2026-08-02T15:46:52+00:00
UAV-84559C7A1482,C5 Eurosafe Matrice 400,China,CHN,"EUROSAFE SYSTEMS, S.L.",,Civilian / Commercial,Multirotor,Multirotor,EASA-listed for EU operations,,,Operations: Open / Standard,Probable,0.8,High,,,c5,2,"EASA Drones for EU Operations,Global UAV Database 2026 seed package",,,,no image,2026-08-02T15:46:52+00:00,2026-08-02T15:46:52+00:00
UAV-2D6420C887D1,C5 Eurosafe Matrice 4D,China,CHN,"EUROSAFE SYSTEMS, S.L.",,Civilian / Commercial,Multirotor,Multirotor,EASA-listed for EU operations,,,Operations: Open / Standard,Probable,0.8,High,,,c5,2,"EASA Drones for EU Operations,Global UAV Database 2026 seed package",,,,no image,2026-08-02T15:46:52+00:00,2026-08-02T15:46:52+00:00
UAV-B2219B3DEA49,C5 Eurosafe Matrice 4E,China,CHN,"EUROSAFE SYSTEMS, S.L.",,Civilian / Commercial,Multirotor,Multirotor,EASA-listed for EU operations,,,Operations: Open / Standard,Probable,0.8,High,,,c5,2,"EASA Drones for EU Operations,Global UAV Database 2026 seed package",,,,no image,2026-08-02T15:46:52+00:00,2026-08-02T15:46:52+00:00
UAV-4D58C66A71B7,C5 Eurosafe Matrice 4T,China,CHN,"EUROSAFE SYSTEMS, S.L.",,Civilian / Commercial,Multirotor,Multirotor,EASA-listed for EU operations,,,Operations: Open / Standard,Probable,0.8,High,,,c5,2,"EASA Drones for EU Operations,Global UAV Database 2026 seed package",,,,no image,2026-08-02T15:46:52+00:00,2026-08-02T15:46:52+00:00
UAV-AE02E4751360,C5 Eurosafe Matrice 4TD,China,CHN,"EUROSAFE SYSTEMS, S.L.",,Civilian / Commercial,Multirotor,Multirotor,EASA-listed for EU operations,,,Operations: Open / Standard,Probable,0.8,High,,,c5,2,"EASA Drones for EU Operations,Global UAV Database 2026 seed package",,,,no image,2026-08-02T15:46:52+00:00,2026-08-02T15:46:52+00:00
UAV-E7715E338694,C5 Eurosafe Mavic 3,China,CHN,"EUROSAFE SYSTEMS, S.L.",,Civilian / Commercial,Multirotor,Multirotor,EASA-listed for EU operations,,,Operations: Open / Standard,Probable,0.8,High,,,c5,2,"EASA Drones for EU Operations,Global UAV Database 2026 seed package",,,,no image,2026-08-02T15:46:52+00:00,2026-08-02T15:46:52+00:00
UAV-17D8FB0C38E0,C5 Eurosafe Mavic 3 Cine,China,CHN,"EUROSAFE SYSTEMS, S.L.",,Civilian / Commercial,Multirotor,Multirotor,EASA-listed for EU operations,,,Operations: Open / Standard,Probable,0.8,High,,,c5,2,"EASA Drones for EU Operations,Global UAV Database 2026 seed package",,,,no image,2026-08-02T15:46:52+00:00,2026-08-02T15:46:52+00:00
UAV-AAA6EDE2A35A,C5 Eurosafe Mavic 3 Classic,China,CHN,"EUROSAFE SYSTEMS, S.L.",,Civilian / Commercial,Multirotor,Multirotor,EASA-listed for EU operations,,,Operations: Open / Standard,Probable,0.8,High,,,c5,2,"EASA Drones for EU Operations,Global UAV Database 2026 seed package",,,,no image,2026-08-02T15:46:52+00:00,2026-08-02T15:46:52+00:00
UAV-CA28A6F8B44F,C5 Eurosafe Mavic 3 Pro,China,CHN,"EUROSAFE SYSTEMS, S.L.",,Civilian / Commercial,Multirotor,Multirotor,EASA-listed for EU operations,,,Operations: Open / Standard,Probable,0.8,High,,,c5,2,"EASA Drones for EU Operations,Global UAV Database 2026 seed package",,,,no image,2026-08-02T15:46:52+00:00,2026-08-02T15:46:52+00:00
UAV-467D12F65D76,C5 Eurosafe Mavic 3 Pro Cine,China,CHN,"EUROSAFE SYSTEMS, S.L.",,Civilian / Commercial,Multirotor,Multirotor,EASA-listed for EU operations,,,Operations: Open / Standard,Probable,0.8,High,,,c5,2,"EASA Drones for EU Operations,Global UAV Database 2026 seed package",,,,no image,2026-08-02T15:46:52+00:00,2026-08-02T15:46:52+00:00
UAV-3BFD1FA1BE0B,C5 Eurosafe Mavic 3E,China,CHN,"EUROSAFE SYSTEMS, S.L.",,Civilian / Commercial,Multirotor,Multirotor,EASA-listed for EU operations,,,Operations: Open / Standard,Probable,0.8,High,,,c5,2,"EASA Drones for EU Operations,Global UAV Database 2026 seed package",,,,no image,2026-08-02T15:46:52+00:00,2026-08-02T15:46:52+00:00
UAV-22BCB4826767,C5 Eurosafe Mavic 3M,China,CHN,"EUROSAFE SYSTEMS, S.L.",,Civilian / Commercial,Multirotor,Multirotor,EASA-listed for EU operations,,,Operations: Open / Standard,Probable,0.8,High,,,c5,2,"EASA Drones for EU Operations,Global UAV Database 2026 seed package",,,,no image,2026-08-02T15:46:52+00:00,2026-08-02T15:46:52+00:00
UAV-3774D0BB75B7,C5 Eurosafe Mavic 3T,China,CHN,"EUROSAFE SYSTEMS, S.L.",,Civilian / Commercial,Multirotor,Multirotor,EASA-listed for EU operations,,,Operations: Open / Standard,Probable,0.8,High,,,c5,2,"EASA Drones for EU Operations,Global UAV Database 2026 seed package",,,,no image,2026-08-02T15:46:52+00:00,2026-08-02T15:46:52+00:00
UAV-B3ACF32AA3D6,Inspire 3 Flysafe C5,China,CHN,Flying Eye,,Civilian / Commercial,Multirotor,Multirotor,EASA-listed for EU operations,,,Operations: Open / Standard,Probable,0.8,High,,,c5,2,"EASA Drones for EU Operations,Global UAV Database 2026 seed package",,,,no image,2026-08-02T15:46:52+00:00,2026-08-02T15:46:52+00:00
UAV-1873737DE18C,Matrice 30 Flysafe C5,China,CHN,Flying Eye,,Civilian / Commercial,Multirotor,Multirotor,EASA-listed for EU operations,,,Operations: Open / Standard,Probable,0.8,High,,,c5,2,"EASA Drones for EU Operations,Global UAV Database 2026 seed package",,,,no image,2026-08-02T15:46:52+00:00,2026-08-02T15:46:52+00:00
UAV-9934639E84BE,Matrice 30T Flysafe c5,China,CHN,Flying Eye,,Civilian / Commercial,Multirotor,Multirotor,EASA-listed for EU operations,,,Operations: Open / Standard,Probable,0.8,High,,,c5 | Matrice 30T Flysafe C5,2,"EASA Drones for EU Operations,Global UAV Database 2026 seed package",,,,no image,2026-08-02T15:46:52+00:00,2026-08-02T15:46:52+00:00
UAV-C72F6DA02A24,Matrice 350 RTK Flysafe,China,CHN,Flying Eye,,Civilian / Commercial,Multirotor,Multirotor,EASA-listed for EU operations,,,Operations: Open / Standard,Probable,0.8,High,,,,2,"EASA Drones for EU Operations,Global UAV Database 2026 seed package",,,,no image,2026-08-02T15:46:52+00:00,2026-08-02T15:46:52+00:00
UAV-44B01E9B37C1,Matrice 4 Flysafe C5,China,CHN,Flying Eye,,Civilian / Commercial,Multirotor,Multirotor,EASA-listed for EU operations,,,Operations: Open / Standard,Probable,0.8,High,,,c5,2,"EASA Drones for EU Operations,Global UAV Database 2026 seed package",,,,no image,2026-08-02T15:46:52+00:00,2026-08-02T15:46:52+00:00
UAV-89B9DD64FD70,Matrice 4D Flysafe C5,China,CHN,Flying Eye,,Civilian / Commercial,Multirotor,Multirotor,EASA-listed for EU operations,,,Operations: Open / Standard,Probable,0.8,High,,,c5,2,"EASA Drones for EU Operations,Global UAV Database 2026 seed package",,,,no image,2026-08-02T15:46:52+00:00,2026-08-02T15:46:52+00:00
UAV-58192873EC03,Matrice 4T Flysafe C5,China,CHN,Flying Eye,,Civilian / Commercial,Multirotor,Multirotor,EASA-listed for EU operations,,,Operations: Open / Standard,Probable,0.8,High,,,c5,2,"EASA Drones for EU Operations,Global UAV Database 2026 seed package",,,,no image,2026-08-02T15:46:52+00:00,2026-08-02T15:46:52+00:00
UAV-3175E146ECAF,Mavic 3 Pro Cine Flysafe C5,China,CHN,Flying Eye,,Civilian / Commercial,Multirotor,Multirotor,EASA-listed for EU operations,,,Operations: Open / Standard,Probable,0.8,High,,,c5,2,"EASA Drones for EU Operations,Global UAV Database 2026 seed package",,,,no image,2026-08-02T15:46:52+00:00,2026-08-02T15:46:52+00:00
UAV-8DEB5E594F4A,Mavic 3 Pro Flysafe C5,China,CHN,Flying Eye,,Civilian / Commercial,Multirotor,Multirotor,EASA-listed for EU operations,,,Operations: Open / Standard,Probable,0.8,High,,,c5,2,"EASA Drones for EU Operations,Global UAV Database 2026 seed package",,,,no image,2026-08-02T15:46:52+00:00,2026-08-02T15:46:52+00:00
UAV-315701B7790D,Mavic 3E Flysafe,China,CHN,Flying Eye,,Civilian / Commercial,Multirotor,Multirotor,EASA-listed for EU operations,,,Operations: Open / Standard,Probable,0.8,High,,,,2,"EASA Drones for EU Operations,Global UAV Database 2026 seed package",,,,no image,2026-08-02T15:46:52+00:00,2026-08-02T15:46:52+00:00
UAV-01334B19BC78,Mavic 3M Flysafe,China,CHN,Flying Eye,,Civilian / Commercial,Multirotor,Multirotor,EASA-listed for EU operations,,,Operations: Open / Standard,Probable,0.8,High,,,,2,"EASA Drones for EU Operations,Global UAV Database 2026 seed package",,,,no image,2026-08-02T15:46:52+00:00,2026-08-02T15:46:52+00:00
UAV-84109C1A7F21,Mavic 3T Flysafe,China,CHN,Flying Eye,,Civilian / Commercial,Multirotor,Multirotor,EASA-listed for EU operations,,,Operations: Open / Standard,Probable,0.8,High,,,,2,"EASA Drones for EU Operations,Global UAV Database 2026 seed package",,,,no image,2026-08-02T15:46:52+00:00,2026-08-02T15:46:52+00:00
UAV-CFE1C76281EF,BZK-007,China,CHN,GAIC,,Military,Large / strategic; Fixed-wing,Fixed-wing,In use or under development as documented in 2019,,,Databook systems specification page 304.,Probable,0.7,Medium,,,bzk-007,2,"Bard Drone Databook 2019,Global UAV Database 2026 seed package",,,,no image,2026-08-02T15:46:52+00:00,2026-08-02T15:46:52+00:00
UAV-42AF7972FEC2,Xianglong,China,CHN,GAIG,,Military,Large / strategic; Fixed-wing,Fixed-wing,In use or under development as documented in 2019,,,Databook systems specification page 305.,Probable,0.7,Medium,,,,2,"Bard Drone Databook 2019,Global UAV Database 2026 seed package",,,,no image,2026-08-02T15:46:52+00:00,2026-08-02T15:46:52+00:00
UAV-8E0260829023,Fei Long 1,China,CHN,Guide Control Technology Company,,Military,Large / strategic; Fixed-wing,Fixed-wing,In use or under development as documented in 2019,,,Databook systems specification page 305.,Probable,0.7,Medium,,,long-1,2,"Bard Drone Databook 2019,Global UAV Database 2026 seed package",,,,no image,2026-08-02T15:46:52+00:00,2026-08-02T15:46:52+00:00
UAV-035035705974,SD-40 (Sea Cavalry),China,CHN,Han's Eagle,,Military,Small / tactical; Hybrid VTOL,Hybrid VTOL,In use or under development as documented in 2019,,,Databook systems specification page 305.,Probable,0.7,Medium,,,sd-40,2,"Bard Drone Databook 2019,Global UAV Database 2026 seed package",,,,no image,2026-08-02T15:46:52+00:00,2026-08-02T15:46:52+00:00
UAV-193B6886C645,H109S X4 Pro,China,CHN,Hubsan,,Civilian / Commercial,Commercial multirotor/fixed-wing,,Listed in OpenDroneList,,,,Probable,0.67,Medium,,,h109s | Hubsan H109S X4 Pro | x4,3,"OpenDroneList,Global UAV Database 2026 seed package,OpenDroneList community drone registry",,,,no image,2026-08-02T15:46:52+00:00,2026-08-02T15:46:54+00:00
UAV-660D909924FC,Zino,China,CHN,Hubsan,,Civilian / Commercial,Commercial multirotor/fixed-wing,,Listed in OpenDroneList,,,,Probable,0.67,Medium,,,Hubsan Zino,3,"OpenDroneList,Global UAV Database 2026 seed package,OpenDroneList community drone registry",,,,no image,2026-08-02T15:46:52+00:00,2026-08-02T15:46:54+00:00
UAV-D57D603F0BC5,Zino Pro,China,CHN,Hubsan,,Civilian / Commercial,Commercial multirotor/fixed-wing,,Listed in OpenDroneList,,,,Probable,0.67,Medium,,,Hubsan Zino Pro,3,"OpenDroneList,Global UAV Database 2026 seed package,OpenDroneList community drone registry",,,,no image,2026-08-02T15:46:52+00:00,2026-08-02T15:46:54+00:00
UAV-5CBE56ADE8F0,UV-10CAM,China,CHN,Microfly,,Military,Small / tactical; Fixed-wing,Fixed-wing,In use or under development as documented in 2019,,,Databook systems specification page 305.,Probable,0.7,Medium,,,,2,"Bard Drone Databook 2019,Global UAV Database 2026 seed package",,,,no image,2026-08-02T15:46:52+00:00,2026-08-02T15:46:52+00:00
UAV-9FE364EBD436,Divine Eagle,China,CHN,Shenyang Aircraft Corporation’s 601 Institute,,Military,Large / strategic; Fixed-wing,Fixed-wing,In use or under development as documented in 2019,,,Databook systems specification page 305.,Probable,0.7,Medium,,,,2,"Bard Drone Databook 2019,Global UAV Database 2026 seed package",,,,no image,2026-08-02T15:46:52+00:00,2026-08-02T15:46:52+00:00
UAV-C6F57180E462,ATOM,China,CHN,"Shenzhen Potensic Intelligent Co., Ltd",,Civilian / Commercial,Multirotor,Multirotor,EASA-listed for EU operations,,,Operations: Open / Standard,Probable,0.8,High,,,DSDR04C,2,"EASA Drones for EU Operations,Global UAV Database 2026 seed package",,,,no image,2026-08-02T15:46:52+00:00,2026-08-02T15:46:52+00:00
UAV-C7B9277BCF3C,ATOM 2,China,CHN,"Shenzhen Potensic Intelligent Co., Ltd",,Civilian / Commercial,Multirotor,Multirotor,EASA-listed for EU operations,,,Operations: Open / Standard,Probable,0.8,High,,,atom-2 | DSDR23A,2,"EASA Drones for EU Operations,Global UAV Database 2026 seed package",,,,no image,2026-08-02T15:46:52+00:00,2026-08-02T15:46:52+00:00
UAV-6D9017837455,ATOM 3,China,CHN,"Shenzhen Potensic Intelligent Co., Ltd",,Civilian / Commercial,Multirotor,Multirotor,EASA-listed for EU operations,,,Operations: Open / Standard,Probable,0.8,High,,,atom-3 | DSDR24A,2,"EASA Drones for EU Operations,Global UAV Database 2026 seed package",,,,no image,2026-08-02T15:46:52+00:00,2026-08-02T15:46:52+00:00
UAV-60AC1B9A2B2F,ATOM LT,China,CHN,"Shenzhen Potensic Intelligent Co., Ltd",,Civilian / Commercial,Multirotor,Multirotor,EASA-listed for EU operations,,,Operations: Open / Standard,Probable,0.8,High,,,DSDR04D,2,"EASA Drones for EU Operations,Global UAV Database 2026 seed package",,,,no image,2026-08-02T15:46:52+00:00,2026-08-02T15:46:52+00:00
UAV-966E20CEE5F4,ATOM SE,China,CHN,"Shenzhen Potensic Intelligent Co., Ltd",,Civilian / Commercial,Multirotor,Multirotor,EASA-listed for EU operations,,,Operations: Open / Standard,Probable,0.8,High,,,DSDR04B,2,"EASA Drones for EU Operations,Global UAV Database 2026 seed package",,,,no image,2026-08-02T15:46:52+00:00,2026-08-02T15:46:52+00:00
UAV-361FE72A650F,X25 Pro,China,CHN,Syma,,Civilian / Commercial,Commercial multirotor/fixed-wing,,Listed in OpenDroneList,,,,Probable,0.67,Medium,,,Syma X25 Pro | x25,3,"OpenDroneList,Global UAV Database 2026 seed package,OpenDroneList community drone registry",,,,no image,2026-08-02T15:46:52+00:00,2026-08-02T15:46:54+00:00
UAV-062329C6FEBE,X5C,China,CHN,Syma,,Civilian / Commercial,Commercial multirotor/fixed-wing,,Listed in OpenDroneList,,,,Probable,0.67,Medium,,,Syma X5C | x5c,3,"OpenDroneList,Global UAV Database 2026 seed package,OpenDroneList community drone registry",,,,no image,2026-08-02T15:46:52+00:00,2026-08-02T15:46:54+00:00
UAV-353842F224A5,X8 Pro,China,CHN,Syma,,Civilian / Commercial,Commercial multirotor/fixed-wing,,Listed in OpenDroneList,,,,Probable,0.67,Medium,,,Syma X8 Pro | x8,3,"OpenDroneList,Global UAV Database 2026 seed package,OpenDroneList community drone registry",,,,no image,2026-08-02T15:46:52+00:00,2026-08-02T15:46:54+00:00
UAV-468DA084E995,GEMINI,China,CHN,TBS,,Civilian / Commercial,Commercial multirotor/fixed-wing,,Listed in OpenDroneList,,,,Probable,0.67,Medium,,,TBS GEMINI,3,"OpenDroneList,Global UAV Database 2026 seed package,OpenDroneList community drone registry",,,,no image,2026-08-02T15:46:52+00:00,2026-08-02T15:46:54+00:00
UAV-660B103382E0,Sky-09P,China,CHN,Taiyuan,,Military,Small / tactical; Fixed-wing,Fixed-wing,In use or under development as documented in 2019,,,Databook systems specification page 305.,Probable,0.7,Medium,,,sky-09p,2,"Bard Drone Databook 2019,Global UAV Database 2026 seed package",,,,no image,2026-08-02T15:46:52+00:00,2026-08-02T15:46:52+00:00
UAV-E18506D001C1,TB-001,China,CHN,Tengoen Technology,,Military,Large / strategic; Fixed-wing,Fixed-wing,In use or under development as documented in 2019,,,Databook systems specification page 305.,Probable,0.7,Medium,,,tb-001,2,"Bard Drone Databook 2019,Global UAV Database 2026 seed package",,,,no image,2026-08-02T15:46:52+00:00,2026-08-02T15:46:52+00:00
UAV-09328D4AADCC,TB-002,China,CHN,Tengoen Technology,,Military,Medium tactical; Fixed-wing,Fixed-wing,In use or under development as documented in 2019,,,Databook systems specification page 305.,Probable,0.7,Medium,,,tb-002,2,"Bard Drone Databook 2019,Global UAV Database 2026 seed package",,,,no image,2026-08-02T15:46:52+00:00,2026-08-02T15:46:52+00:00
UAV-1854760748FF,Vitus 320,China,CHN,Walkera,,Civilian / Commercial,Commercial multirotor/fixed-wing,,Listed in OpenDroneList,,,,Probable,0.67,Medium,,,Walkera Vitus 320,3,"OpenDroneList,Global UAV Database 2026 seed package,OpenDroneList community drone registry",,,,no image,2026-08-02T15:46:52+00:00,2026-08-02T15:46:54+00:00
UAV-C71E376EC051,FIMI X8,China,CHN,Xiaomi,,Civilian / Commercial,Commercial multirotor/fixed-wing,,Listed in OpenDroneList,,,,Probable,0.67,Medium,,,x8 | Xiaomi FIMI X8,3,"OpenDroneList,Global UAV Database 2026 seed package,OpenDroneList community drone registry",,,,no image,2026-08-02T15:46:52+00:00,2026-08-02T15:46:54+00:00
UAV-70794A9A87C6,Mi Drone 4K,China,CHN,Xiaomi,,Civilian / Commercial,Commercial multirotor/fixed-wing,,Listed in OpenDroneList,,,,Probable,0.67,Medium,,,Xiaomi Mi Drone 4K,3,"OpenDroneList,Global UAV Database 2026 seed package,OpenDroneList community drone registry",,,,no image,2026-08-02T15:46:52+00:00,2026-08-02T15:46:54+00:00
UAV-E9FD7B3CED3B,Mi Drone Mini,China,CHN,Xiaomi,,Civilian / Commercial,Commercial multirotor/fixed-wing,,Listed in OpenDroneList,,,,Probable,0.67,Medium,,,Xiaomi Mi Drone Mini,3,"OpenDroneList,Global UAV Database 2026 seed package,OpenDroneList community drone registry",,,,no image,2026-08-02T15:46:52+00:00,2026-08-02T15:46:54+00:00
UAV-13A55FECA853,ASN-104,China,CHN,Xi’an ASN Technology Group,,Military,Small / tactical; Fixed-wing,Fixed-wing,In use or under development as documented in 2019,,,Databook systems specification page 304.,Probable,0.7,Medium,,,asn-104,2,"Bard Drone Databook 2019,Global UAV Database 2026 seed package",,,,no image,2026-08-02T15:46:52+00:00,2026-08-02T15:46:52+00:00
UAV-0AD9644F87B0,ASN-206,China,CHN,Xi’an ASN Technology Group,,Military,Medium tactical; Fixed-wing,Fixed-wing,In use or under development as documented in 2019,,,Databook systems specification page 304.,Probable,0.7,Medium,,,asn-206,2,"Bard Drone Databook 2019,Global UAV Database 2026 seed package",,,,no image,2026-08-02T15:46:52+00:00,2026-08-02T15:46:52+00:00
UAV-7DD80982222B,ASN-207,China,CHN,Xi’an ASN Technology Group,,Military,Medium tactical; Fixed-wing,Fixed-wing,In use or under development as documented in 2019,,,Databook systems specification page 304.,Probable,0.7,Medium,,,asn-207,2,"Bard Drone Databook 2019,Global UAV Database 2026 seed package",,,,no image,2026-08-02T15:46:52+00:00,2026-08-02T15:46:52+00:00
UAV-9CE19E9211AF,ASN-209,China,CHN,Xi’an ASN Technology Group,,Military,Medium tactical; Fixed-wing,Fixed-wing,In use or under development as documented in 2019,,,Databook systems specification page 304.,Verified,0.8,High,,,asn-209 | ASN-209 / Silver Eagle | Silver Eagle,3,"Curated UAV Seed 2026,Bard Drone Databook 2019,Global UAV Database 2026 seed package",,,,no image,2026-08-02T15:46:52+00:00,2026-08-02T15:46:54+00:00
UAV-6E2AD22E6CC8,Breeze,China,CHN,Yuneec,,Civilian / Commercial,Commercial multirotor/fixed-wing,,Listed in OpenDroneList,,,,Probable,0.67,Medium,,,Yuneec Breeze,3,"OpenDroneList,Global UAV Database 2026 seed package,OpenDroneList community drone registry",,,,no image,2026-08-02T15:46:52+00:00,2026-08-02T15:46:54+00:00
UAV-F6BD05BDF583,H520,China,CHN,Yuneec,,Civilian / Commercial,Commercial multirotor/fixed-wing,,Listed in OpenDroneList,,,,Probable,0.67,Medium,,,h520 | Yuneec H520,3,"OpenDroneList,Global UAV Database 2026 seed package,OpenDroneList community drone registry",,,,no image,2026-08-02T15:46:52+00:00,2026-08-02T15:46:54+00:00
UAV-4F26EAC55E70,H520E,China,CHN,Yuneec,,Civilian / Commercial,Commercial multirotor/fixed-wing,,Listed in OpenDroneList,,,,Probable,0.67,Medium,,,h520e | Yuneec H520E,3,"OpenDroneList,Global UAV Database 2026 seed package,OpenDroneList community drone registry",,,,no image,2026-08-02T15:46:52+00:00,2026-08-02T15:46:54+00:00
UAV-804BA88A64CB,H520E-RTK,China,CHN,Yuneec,,Civilian / Commercial,Commercial multirotor/fixed-wing,,Listed in OpenDroneList,,,,Probable,0.67,Medium,,,h520e | Yuneec H520E-RTK,3,"OpenDroneList,Global UAV Database 2026 seed package,OpenDroneList community drone registry",,,,no image,2026-08-02T15:46:52+00:00,2026-08-02T15:46:54+00:00
UAV-25E54AC358B9,H850-RTK,China,CHN,Yuneec,,Civilian / Commercial,Commercial multirotor/fixed-wing,,Listed in OpenDroneList,,,,Probable,0.67,Medium,,,h850 | Yuneec H850-RTK,3,"OpenDroneList,Global UAV Database 2026 seed package,OpenDroneList community drone registry",,,,no image,2026-08-02T15:46:52+00:00,2026-08-02T15:46:54+00:00
UAV-49159A898967,Mantis G,China,CHN,Yuneec,,Civilian / Commercial,Commercial multirotor/fixed-wing,,Listed in OpenDroneList,,,,Probable,0.67,Medium,,,Yuneec Mantis G,3,"OpenDroneList,Global UAV Database 2026 seed package,OpenDroneList community drone registry",,,,no image,2026-08-02T15:46:52+00:00,2026-08-02T15:46:54+00:00
UAV-59376C70E9A7,Mantis Q,China,CHN,Yuneec,,Civilian / Commercial,Commercial multirotor/fixed-wing,,Listed in OpenDroneList,,,,Probable,0.67,Medium,,,Yuneec Mantis Q,3,"OpenDroneList,Global UAV Database 2026 seed package,OpenDroneList community drone registry",,,,no image,2026-08-02T15:46:52+00:00,2026-08-02T15:46:54+00:00
UAV-42D635727CC3,Typhoon 4K,China,CHN,Yuneec,,Civilian / Commercial,Commercial multirotor/fixed-wing,,Listed in OpenDroneList,,,,Probable,0.67,Medium,,,Yuneec Typhoon 4K,3,"OpenDroneList,Global UAV Database 2026 seed package,OpenDroneList community drone registry",,,,no image,2026-08-02T15:46:52+00:00,2026-08-02T15:46:54+00:00
UAV-07F8A8F5AA4D,Typhoon H,China,CHN,Yuneec,,Civilian / Commercial,Commercial multirotor/fixed-wing,Rotary-wing,Listed in OpenDroneList,,,Databook systems specification page 305.,Verified,0.9,High,,,Yuneec Typhoon H,4,"OpenDroneList,Bard Drone Databook 2019,Global UAV Database 2026 seed package,OpenDroneList community drone registry",,,,no image,2026-08-02T15:46:52+00:00,2026-08-02T15:46:54+00:00
UAV-684E380F5475,Typhoon H Plus,China,CHN,Yuneec,,Civilian / Commercial,Commercial multirotor/fixed-wing,,Listed in OpenDroneList,,,,Probable,0.67,Medium,,,Yuneec Typhoon H Plus,3,"OpenDroneList,Global UAV Database 2026 seed package,OpenDroneList community drone registry",,,,no image,2026-08-02T15:46:52+00:00,2026-08-02T15:46:54+00:00
UAV-E790AC5B12A9,Typhoon H3,China,CHN,Yuneec,,Civilian / Commercial,Commercial multirotor/fixed-wing,,Listed in OpenDroneList,,,,Probable,0.67,Medium,,,h3 | Yuneec Typhoon H3,3,"OpenDroneList,Global UAV Database 2026 seed package,OpenDroneList community drone registry",,,,no image,2026-08-02T15:46:52+00:00,2026-08-02T15:46:54+00:00
UAV-FD4BF1467D22,Typhoon Q500,China,CHN,Yuneec,,Civilian / Commercial,Commercial multirotor/fixed-wing,,Listed in OpenDroneList,,,,Probable,0.67,Medium,,,q500 | Yuneec Typhoon Q500,3,"OpenDroneList,Global UAV Database 2026 seed package,OpenDroneList community drone registry",,,,no image,2026-08-02T15:46:52+00:00,2026-08-02T15:46:54+00:00
UAV-063326331A17,Blowfish 1,China,CHN,Ziyan,,Military,Small / tactical; Rotary-wing,Rotary-wing,In use or under development as documented in 2019,,,Databook systems specification page 304.,Probable,0.7,Medium,,,,2,"Bard Drone Databook 2019,Global UAV Database 2026 seed package",,,,no image,2026-08-02T15:46:52+00:00,2026-08-02T15:46:52+00:00
UAV-433AF40D3DD1,Huginn X1,Denmark,DNK,Sky-Watch,,Military,Small / tactical; Rotary-wing,Rotary-wing,In use or under development as documented in 2019,,,Databook systems specification page 306.,Probable,0.7,Medium,,,x1,2,"Bard Drone Databook 2019,Global UAV Database 2026 seed package",,,,no image,2026-08-02T15:46:52+00:00,2026-08-02T15:46:52+00:00
UAV-49DAB5697B64,Swift,Denmark,DNK,Upteko Aps,,Civilian / Commercial,Multirotor,Multirotor,EASA-listed for EU operations,,,Operations: Open / Standard,Probable,0.8,High,,,021-000-01,2,"EASA Drones for EU Operations,Global UAV Database 2026 seed package",,,,no image,2026-08-02T15:46:52+00:00,2026-08-02T15:46:52+00:00
UAV-7E271331F64B,NDN Electric Drone,Finland,FIN,NOKIA SOLUTIONS AND NETWORKS OY,,Civilian / Commercial,Multirotor,Multirotor,EASA-listed for EU operations,,,Operations: Open / Standard,Probable,0.8,High,,,,2,"EASA Drones for EU Operations,Global UAV Database 2026 seed package",,,,no image,2026-08-02T15:46:52+00:00,2026-08-02T15:46:52+00:00
UAV-2D9937F579CB,NDN electric drone XLR,Finland,FIN,NOKIA SOLUTIONS AND NETWORKS OY,,Civilian / Commercial,Multirotor,Multirotor,EASA-listed for EU operations,,,Operations: Open / Standard,Probable,0.8,High,,,,2,"EASA Drones for EU Operations,Global UAV Database 2026 seed package",,,,no image,2026-08-02T15:46:52+00:00,2026-08-02T15:46:52+00:00
UAV-15094ACEC3BB,Aarok,France,FRA,,,Military,Heavy MALE,,Not specified,,,ISR / strike development,Needs Verification,0.47,Medium,,,,2,"Curated UAV Seed 2026,Global UAV Database 2026 seed package",,,,no image,2026-08-02T15:46:52+00:00,2026-08-02T15:46:52+00:00
UAV-977D138A0C57,Aliaca,France,FRA,,,Military,Mini fixed-wing,,Not specified,,,Naval ISR,Needs Verification,0.47,Medium,,,,2,"Curated UAV Seed 2026,Global UAV Database 2026 seed package",,,,no image,2026-08-02T15:46:52+00:00,2026-08-02T15:46:52+00:00
UAV-734D69D5E6BE,Parrot Anafi AI,France,FRA,,,Dual-use,Enterprise quadrotor,,Not specified,,,Mapping / inspection,Needs Verification,0.47,Medium,,,,2,"Curated UAV Seed 2026,Global UAV Database 2026 seed package",,,,no image,2026-08-02T15:46:52+00:00,2026-08-02T15:46:52+00:00
UAV-D901CDE99CD1,Aerobotic Spray-L,France,FRA,Aeotic,,Civilian / Commercial,EU-listed drone,,EASA-listed for EU operations,,,Operations: Open / Standard,Probable,0.8,High,,,,2,"EASA Drones for EU Operations,Global UAV Database 2026 seed package",,,,no image,2026-08-02T15:46:52+00:00,2026-08-02T15:46:52+00:00
UAV-D60746E3AEC7,S-R,France,FRA,Aeotic,,Civilian / Commercial,Multirotor,Multirotor,EASA-listed for EU operations,,,Operations: Open / Standard,Probable,0.8,High,,,,2,"EASA Drones for EU Operations,Global UAV Database 2026 seed package",,,,no image,2026-08-02T15:46:52+00:00,2026-08-02T15:46:52+00:00
UAV-B7166E2052EE,Skyinnov AQ3F,France,FRA,Aeromapping Solutions t/a SKYINNOV,,Civilian / Commercial,Multirotor,Multirotor,EASA-listed for EU operations,,,Operations: Open / Standard,Probable,0.8,High,,,aq3f,2,"EASA Drones for EU Operations,Global UAV Database 2026 seed package",,,,no image,2026-08-02T15:46:52+00:00,2026-08-02T15:46:52+00:00
UAV-6718FFA915AD,AD405,France,FRA,Artech'Drone,,Civilian / Commercial,Multirotor,Multirotor,EASA-listed for EU operations,,,Operations: Open / Standard,Probable,0.8,High,,,ad405,2,"EASA Drones for EU Operations,Global UAV Database 2026 seed package",,,,no image,2026-08-02T15:46:52+00:00,2026-08-02T15:46:52+00:00
UAV-90D117B647A5,AD405 Spray,France,FRA,Artech'Drone,,Civilian / Commercial,Multirotor,Multirotor,EASA-listed for EU operations,,,Operations: Open / Standard,Probable,0.8,High,,,ad405,2,"EASA Drones for EU Operations,Global UAV Database 2026 seed package",,,,no image,2026-08-02T15:46:52+00:00,2026-08-02T15:46:52+00:00
UAV-C7C06412DE8B,AD405PRO Tethered,France,FRA,Artech'Drone,,Civilian / Commercial,Multirotor,Multirotor,EASA-listed for EU operations,,,Operations: Open / Standard,Probable,0.8,High,,,,2,"EASA Drones for EU Operations,Global UAV Database 2026 seed package",,,,no image,2026-08-02T15:46:52+00:00,2026-08-02T15:46:52+00:00
UAV-D3EF59EE1498,AD410,France,FRA,Artech'Drone,,Civilian / Commercial,Multirotor,Multirotor,EASA-listed for EU operations,,,Operations: Open / Standard,Probable,0.8,High,,,ad410,2,"EASA Drones for EU Operations,Global UAV Database 2026 seed package",,,,no image,2026-08-02T15:46:52+00:00,2026-08-02T15:46:52+00:00
UAV-F7C3029ECC83,AD410 Spray,France,FRA,Artech'Drone,,Civilian / Commercial,Multirotor,Multirotor,EASA-listed for EU operations,,,Operations: Open / Standard,Probable,0.8,High,,,ad410,2,"EASA Drones for EU Operations,Global UAV Database 2026 seed package",,,,no image,2026-08-02T15:46:52+00:00,2026-08-02T15:46:52+00:00
UAV-D0AB66623485,AD420 Tethered,France,FRA,Artech'Drone,,Civilian / Commercial,Multirotor,Multirotor,EASA-listed for EU operations,,,Operations: Open / Standard,Probable,0.8,High,,,ad420,2,"EASA Drones for EU Operations,Global UAV Database 2026 seed package",,,,no image,2026-08-02T15:46:52+00:00,2026-08-02T15:46:52+00:00
UAV-8F92B41D6121,DEN-S,France,FRA,Artech'Drone,,Civilian / Commercial,Multirotor,Multirotor,EASA-listed for EU operations,,,Operations: Open / Standard,Probable,0.8,High,,,,2,"EASA Drones for EU Operations,Global UAV Database 2026 seed package",,,,no image,2026-08-02T15:46:52+00:00,2026-08-02T15:46:52+00:00
UAV-900D39AA89D3,DEN-S Spray,France,FRA,Artech'Drone,,Civilian / Commercial,Multirotor,Multirotor,EASA-listed for EU operations,,,Operations: Open / Standard,Probable,0.8,High,,,,2,"EASA Drones for EU Operations,Global UAV Database 2026 seed package",,,,no image,2026-08-02T15:46:52+00:00,2026-08-02T15:46:52+00:00
UAV-A816AE4B9BB2,CK23VE SW C6,France,FRA,CAVOK UAS,,Civilian / Commercial,Fixed wing,Fixed wing,EASA-listed for EU operations,,,Operations: Open / Standard,Probable,0.8,High,,,c6,2,"EASA Drones for EU Operations,Global UAV Database 2026 seed package",,,,no image,2026-08-02T15:46:52+00:00,2026-08-02T15:46:52+00:00
UAV-B12CF8568969,CK25 C5,France,FRA,CAVOK UAS,CK25,Civilian / Commercial,Multirotor,Multirotor,EASA-listed for EU operations,,,Operations: Open / Standard,Probable,0.8,High,,,c5 | ck25 | CK25 C5/C6,2,"EASA Drones for EU Operations,Global UAV Database 2026 seed package",,,,no image,2026-08-02T15:46:52+00:00,2026-08-02T15:46:52+00:00
UAV-DB809BF24C57,CK25 C6,France,FRA,CAVOK UAS,CK25,Civilian / Commercial,Multirotor,Multirotor,EASA-listed for EU operations,,,Operations: Open / Standard,Probable,0.8,High,,,c6 | ck25 | CK25 C5/C6,2,"EASA Drones for EU Operations,Global UAV Database 2026 seed package",,,,no image,2026-08-02T15:46:52+00:00,2026-08-02T15:46:52+00:00
UAV-5FF3218863C7,CK4 C5,France,FRA,CAVOK UAS,CK4,Civilian / Commercial,Multirotor,Multirotor,EASA-listed for EU operations,,,Operations: Open / Standard,Probable,0.8,High,,,c5 | ck4 | CK4 C5/C6,2,"EASA Drones for EU Operations,Global UAV Database 2026 seed package",,,,no image,2026-08-02T15:46:52+00:00,2026-08-02T15:46:52+00:00
UAV-3100EF3B0CBB,CK4 C6,France,FRA,CAVOK UAS,CK4,Civilian / Commercial,Multirotor,Multirotor,EASA-listed for EU operations,,,Operations: Open / Standard,Probable,0.8,High,,,c6 | ck4 | CK4 C5/C6,2,"EASA Drones for EU Operations,Global UAV Database 2026 seed package",,,,no image,2026-08-02T15:46:52+00:00,2026-08-02T15:46:52+00:00
UAV-0B9369C4DF2D,CK7-2 C6,France,FRA,CAVOK UAS,,Civilian / Commercial,Fixed wing,Fixed wing,EASA-listed for EU operations,,,Operations: Open / Standard,Probable,0.8,High,,,c6 | ck7 | CK7 C6,2,"EASA Drones for EU Operations,Global UAV Database 2026 seed package",,,,no image,2026-08-02T15:46:52+00:00,2026-08-02T15:46:52+00:00
UAV-C5AC8D48857E,CK9 C5,France,FRA,CAVOK UAS,CK9,Civilian / Commercial,Multirotor,Multirotor,EASA-listed for EU operations,,,Operations: Open / Standard,Probable,0.8,High,,,c5 | ck9 | CK9 C5/C6,2,"EASA Drones for EU Operations,Global UAV Database 2026 seed package",,,,no image,2026-08-02T15:46:52+00:00,2026-08-02T15:46:52+00:00
UAV-12BEE26D3DFB,CK9 C6,France,FRA,CAVOK UAS,CK9,Civilian / Commercial,Multirotor,Multirotor,EASA-listed for EU operations,,,Operations: Open / Standard,Probable,0.8,High,,,c6 | ck9 | CK9 C5/C6,2,"EASA Drones for EU Operations,Global UAV Database 2026 seed package",,,,no image,2026-08-02T15:46:52+00:00,2026-08-02T15:46:52+00:00
UAV-A3C6EF3FECE2,Skydart5 C6,France,FRA,CAVOK UAS,,Civilian / Commercial,Fixed wing,Fixed wing,EASA-listed for EU operations,,,Operations: Open / Standard,Probable,0.8,High,,,c6,2,"EASA Drones for EU Operations,Global UAV Database 2026 seed package",,,,no image,2026-08-02T15:46:52+00:00,2026-08-02T15:46:52+00:00
UAV-3EA2634A228F,Hercules 20,France,FRA,DRONE VOLT,,Civilian / Commercial,Multirotor,Multirotor,EASA-listed for EU operations,,,Operations: Open / Standard,Probable,0.8,High,,,,2,"EASA Drones for EU Operations,Global UAV Database 2026 seed package",,,,no image,2026-08-02T15:46:52+00:00,2026-08-02T15:46:52+00:00
UAV-DA398AD78F3E,Kobra,France,FRA,DRONE VOLT,,Civilian / Commercial,Multirotor,Multirotor,EASA-listed for EU operations,,,Operations: Open / Standard,Probable,0.8,High,,,,2,"EASA Drones for EU Operations,Global UAV Database 2026 seed package",,,,no image,2026-08-02T15:46:52+00:00,2026-08-02T15:46:52+00:00
UAV-6772BF72DBA7,Delair UX 11 Caméra AG,France,FRA,Delair,,Civilian / Commercial,Fixed wing,Fixed wing,EASA-listed for EU operations,,,Operations: Open / Standard,Probable,0.8,High,,,ux-11 | UX11-AG-C6,2,"EASA Drones for EU Operations,Global UAV Database 2026 seed package",,,,no image,2026-08-02T15:46:52+00:00,2026-08-02T15:46:52+00:00
UAV-BFA1C1F3B602,Delair UX11,France,FRA,Delair,,Civilian / Commercial,Fixed-wing survey UAV,,Not specified,,,Mapping / photogrammetry,Probable,0.77,High,,,UX11 UAV,4,"Curated UAV Seed 2026,OpenDroneList,Global UAV Database 2026 seed package,OpenDroneList community drone registry",,,,no image,2026-08-02T15:46:52+00:00,2026-08-02T15:46:54+00:00
UAV-F19F2C4C6E1C,Delair UX11 Caméra IR,France,FRA,Delair,,Civilian / Commercial,Fixed wing,Fixed wing,EASA-listed for EU operations,,,Operations: Open / Standard,Probable,0.8,High,,,ux11 | UX11-IR-C6,2,"EASA Drones for EU Operations,Global UAV Database 2026 seed package",,,,no image,2026-08-02T15:46:52+00:00,2026-08-02T15:46:52+00:00
UAV-CC1739F6B9D7,Delair UX11 Caméra RGB,France,FRA,Delair,,Civilian / Commercial,Fixed wing,Fixed wing,EASA-listed for EU operations,,,Operations: Open / Standard,Probable,0.8,High,,,ux11 | UX11-RGB- C6,2,"EASA Drones for EU Operations,Global UAV Database 2026 seed package",,,,no image,2026-08-02T15:46:52+00:00,2026-08-02T15:46:52+00:00
UAV-03DA6D4C1A1D,Delair UX11 Longue Elongation Caméra AG,France,FRA,Delair,,Civilian / Commercial,Fixed wing,Fixed wing,EASA-listed for EU operations,,,Operations: Open / Standard,Probable,0.8,High,,,ux11 | UX11-AG-LE,2,"EASA Drones for EU Operations,Global UAV Database 2026 seed package",,,,no image,2026-08-02T15:46:52+00:00,2026-08-02T15:46:52+00:00
UAV-5737E965DF6D,Delair UX11 Longue Elongation Caméra IR,France,FRA,Delair,,Civilian / Commercial,Fixed wing,Fixed wing,EASA-listed for EU operations,,,Operations: Open / Standard,Probable,0.8,High,,,ux11 | UX11-IR-LE,2,"EASA Drones for EU Operations,Global UAV Database 2026 seed package",,,,no image,2026-08-02T15:46:52+00:00,2026-08-02T15:46:52+00:00
UAV-EDCF9A5B5E2F,Delair UX11 Longue Elongation Caméra RGB,France,FRA,Delair,,Civilian / Commercial,Fixed wing,Fixed wing,EASA-listed for EU operations,,,Operations: Open / Standard,Probable,0.8,High,,,ux11 | UX11-RGB-LE,2,"EASA Drones for EU Operations,Global UAV Database 2026 seed package",,,,no image,2026-08-02T15:46:52+00:00,2026-08-02T15:46:52+00:00
UAV-793F40DAB11C,Delair UX11-Longue Élongation Caméra IR Radiométrique,France,FRA,Delair,,Civilian / Commercial,Fixed wing,Fixed wing,EASA-listed for EU operations,,,Operations: Open / Standard,Probable,0.8,High,,,ux11 | UX11 IR Radiometric,2,"EASA Drones for EU Operations,Global UAV Database 2026 seed package",,,,no image,2026-08-02T15:46:52+00:00,2026-08-02T15:46:52+00:00
UAV-87319D872852,3S,France,FRA,Drone Protect Systems,,Military,Small / tactical; Rotary-wing,Rotary-wing,In use or under development as documented in 2019,,,Databook systems specification page 306.,Verified,0.8,Medium,,,,3,"OpenDroneList,Bard Drone Databook 2019,Global UAV Database 2026 seed package",,,,no image,2026-08-02T15:46:52+00:00,2026-08-02T15:46:52+00:00
UAV-8C6AE142DCAF,Tracker,France,FRA,EADS Cassidian,,Military,Small / tactical; Fixed-wing,Fixed-wing,In use or under development as documented in 2019,,,Databook systems specification page 306.,Probable,0.7,Medium,,,,2,"Bard Drone Databook 2019,Global UAV Database 2026 seed package",,,,no image,2026-08-02T15:46:52+00:00,2026-08-02T15:46:52+00:00
UAV-A9B8B31A5AD2,IT180-3EL-1,France,FRA,"ECA Group,Infotron",,Military,Small / tactical; Rotary-wing,Rotary-wing,In use or under development as documented in 2019,,,Databook systems specification page 306.,Probable,0.7,Medium,,,it180,2,"Bard Drone Databook 2019,Global UAV Database 2026 seed package",,,,no image,2026-08-02T15:46:52+00:00,2026-08-02T15:46:52+00:00
UAV-5339A7FD2752,TUNDRA 2.1 C5 C6,France,FRA,HEXADRONE,,Civilian / Commercial,Multirotor,Multirotor,EASA-listed for EU operations,,,Operations: Open / Standard,Probable,0.8,High,,,c5 | c6,2,"EASA Drones for EU Operations,Global UAV Database 2026 seed package",,,,no image,2026-08-02T15:46:52+00:00,2026-08-02T15:46:52+00:00
UAV-CC6646A07F2B,TUNDRA 2.1 C6,France,FRA,HEXADRONE,,Civilian / Commercial,Multirotor,Multirotor,EASA-listed for EU operations,,,Operations: Open / Standard,Probable,0.8,High,,,c6,2,"EASA Drones for EU Operations,Global UAV Database 2026 seed package",,,,no image,2026-08-02T15:46:52+00:00,2026-08-02T15:46:52+00:00
UAV-F2515E06359F,SERVIDRONE1000 C5 CAPTIF,France,FRA,"Houssard, Francois",,Civilian / Commercial,Multirotor,Multirotor,EASA-listed for EU operations,,,Operations: Open / Standard,Probable,0.8,High,,,c5,2,"EASA Drones for EU Operations,Global UAV Database 2026 seed package",,,,no image,2026-08-02T15:46:52+00:00,2026-08-02T15:46:52+00:00
UAV-5AD0CA204277,SERVIDRONE900C5 captif,France,FRA,"Houssard, Francois",,Civilian / Commercial,Multirotor,Multirotor,EASA-listed for EU operations,,,Operations: Open / Standard,Probable,0.8,High,,,,2,"EASA Drones for EU Operations,Global UAV Database 2026 seed package",,,,no image,2026-08-02T15:46:52+00:00,2026-08-02T15:46:52+00:00
UAV-ED0C66794A90,Servidrone1000 C5,France,FRA,"Houssard, Francois",,Civilian / Commercial,Multirotor,Multirotor,EASA-listed for EU operations,,,Operations: Open / Standard,Probable,0.8,High,,,c5,2,"EASA Drones for EU Operations,Global UAV Database 2026 seed package",,,,no image,2026-08-02T15:46:52+00:00,2026-08-02T15:46:52+00:00
UAV-171866158B73,Servidrone900 C5,France,FRA,"Houssard, Francois",,Civilian / Commercial,Multirotor,Multirotor,EASA-listed for EU operations,,,Operations: Open / Standard,Probable,0.8,High,,,c5,2,"EASA Drones for EU Operations,Global UAV Database 2026 seed package",,,,no image,2026-08-02T15:46:52+00:00,2026-08-02T15:46:52+00:00
UAV-A7D024BB9019,INNOVADRONE 410 SPECIAL,France,FRA,INNOVADRONE LLC,,Civilian / Commercial,Multirotor,Multirotor,EASA-listed for EU operations,,,Operations: Open / Standard,Probable,0.8,High,,,,2,"EASA Drones for EU Operations,Global UAV Database 2026 seed package",,,,no image,2026-08-02T15:46:52+00:00,2026-08-02T15:46:52+00:00
UAV-83499828853A,SURVEYOR,France,FRA,INNOVADRONE LLC,,Civilian / Commercial,Multirotor,Multirotor,EASA-listed for EU operations,,,Operations: Open / Standard,Probable,0.8,High,,,,2,"EASA Drones for EU Operations,Global UAV Database 2026 seed package",,,,no image,2026-08-02T15:46:52+00:00,2026-08-02T15:46:52+00:00
UAV-CA50AF8A988E,SURVEYOR TETHERED,France,FRA,INNOVADRONE LLC,,Civilian / Commercial,Multirotor,Multirotor,EASA-listed for EU operations,,,Operations: Open / Standard,Probable,0.8,High,,,,2,"EASA Drones for EU Operations,Global UAV Database 2026 seed package",,,,no image,2026-08-02T15:46:52+00:00,2026-08-02T15:46:52+00:00
UAV-F8FEDD3ED5E3,SURVEYOR XL TETHERED,France,FRA,INNOVADRONE LLC,,Civilian / Commercial,Multirotor,Multirotor,EASA-listed for EU operations,,,Operations: Open / Standard,Probable,0.8,High,,,,2,"EASA Drones for EU Operations,Global UAV Database 2026 seed package",,,,no image,2026-08-02T15:46:52+00:00,2026-08-02T15:46:52+00:00
UAV-5595FF707B57,MéthoDrone Distribution,France,FRA,METHODRONE DISTRIBUTION,,Civilian / Commercial,Multirotor,Multirotor,EASA-listed for EU operations,,,Operations: Open / Standard,Probable,0.8,High,,,Hélios,2,"EASA Drones for EU Operations,Global UAV Database 2026 seed package",,,,no image,2026-08-02T15:46:52+00:00,2026-08-02T15:46:52+00:00
UAV-E63D0E7153E3,NX70,France,FRA,Novadem,,Military,Small / tactical; Rotary-wing,Rotary-wing,In use or under development as documented in 2019,,,Databook systems specification page 306.,Probable,0.7,Medium,,,nx70,2,"Bard Drone Databook 2019,Global UAV Database 2026 seed package",,,,no image,2026-08-02T15:46:52+00:00,2026-08-02T15:46:52+00:00
UAV-B1D2FB9E3B13,ARES,France,FRA,OBJECTIF DRONE PRODUCTION,,Civilian / Commercial,Multirotor,Multirotor,EASA-listed for EU operations,,,Operations: Open / Standard,Probable,0.8,High,,,,2,"EASA Drones for EU Operations,Global UAV Database 2026 seed package",,,,no image,2026-08-02T15:46:52+00:00,2026-08-02T15:46:52+00:00
UAV-ECE8F46BF734,ATLAS,France,FRA,OBJECTIF DRONE PRODUCTION,,Civilian / Commercial,Multirotor,Multirotor,EASA-listed for EU operations,,,Operations: Open / Standard,Probable,0.8,High,,,,2,"EASA Drones for EU Operations,Global UAV Database 2026 seed package",,,,no image,2026-08-02T15:46:52+00:00,2026-08-02T15:46:52+00:00
UAV-51531E3FD612,CHRONOS,France,FRA,OBJECTIF DRONE PRODUCTION,,Civilian / Commercial,Multirotor,Multirotor,EASA-listed for EU operations,,,Operations: Open / Standard,Probable,0.8,High,,,,2,"EASA Drones for EU Operations,Global UAV Database 2026 seed package",,,,no image,2026-08-02T15:46:52+00:00,2026-08-02T15:46:52+00:00
UAV-8037F57BCA5C,CHRONOS MINI,France,FRA,OBJECTIF DRONE PRODUCTION,,Civilian / Commercial,Multirotor,Multirotor,EASA-listed for EU operations,,,Operations: Open / Standard,Probable,0.8,High,,,CHRONOS MINI +,2,"EASA Drones for EU Operations,Global UAV Database 2026 seed package",,,,no image,2026-08-02T15:46:52+00:00,2026-08-02T15:46:52+00:00
UAV-15CE05ECC41F,MANTA,France,FRA,OBJECTIF DRONE PRODUCTION,,Civilian / Commercial,Multirotor,Multirotor,EASA-listed for EU operations,,,Operations: Open / Standard,Probable,0.8,High,,,,2,"EASA Drones for EU Operations,Global UAV Database 2026 seed package",,,,no image,2026-08-02T15:46:52+00:00,2026-08-02T15:46:52+00:00
UAV-23D8E0156062,AR Drone,France,FRA,Parrot,,Civilian / Commercial,Commercial multirotor/fixed-wing,Rotary-wing,Listed in OpenDroneList,,,Databook systems specification page 306.,Verified,0.9,High,,,AR-Drone | Parrot AR Drone,4,"OpenDroneList,Bard Drone Databook 2019,Global UAV Database 2026 seed package,OpenDroneList community drone registry",,,,no image,2026-08-02T15:46:52+00:00,2026-08-02T15:46:54+00:00
UAV-A0E205416B61,AR Drone 2.0,France,FRA,Parrot,,Civilian / Commercial,Commercial multirotor/fixed-wing,,Listed in OpenDroneList,,,,Probable,0.67,Medium,,,Parrot AR Drone 2.0,3,"OpenDroneList,Global UAV Database 2026 seed package,OpenDroneList community drone registry",,,,no image,2026-08-02T15:46:52+00:00,2026-08-02T15:46:54+00:00
UAV-6215201471C7,Anafi,France,FRA,Parrot,,Civilian / Commercial,Commercial multirotor/fixed-wing,,Listed in OpenDroneList,,,,Probable,0.67,Medium,,,Parrot Anafi,3,"OpenDroneList,Global UAV Database 2026 seed package,OpenDroneList community drone registry",,,,no image,2026-08-02T15:46:52+00:00,2026-08-02T15:46:54+00:00
UAV-8FB7A40DDE4F,Bebop,France,FRA,Parrot,,Civilian / Commercial,Commercial multirotor/fixed-wing,,Listed in OpenDroneList,,,,Probable,0.67,Medium,,,Parrot Bebop,3,"OpenDroneList,Global UAV Database 2026 seed package,OpenDroneList community drone registry",,,,no image,2026-08-02T15:46:52+00:00,2026-08-02T15:46:54+00:00
UAV-B4A998A7BA91,Bebop 2,France,FRA,Parrot,,Civilian / Commercial,Commercial multirotor/fixed-wing,,Listed in OpenDroneList,,,,Probable,0.67,Medium,,,Parrot Bebop 2,3,"OpenDroneList,Global UAV Database 2026 seed package,OpenDroneList community drone registry",,,,no image,2026-08-02T15:46:52+00:00,2026-08-02T15:46:54+00:00
UAV-9A1C2A67FCD8,Disco,France,FRA,Parrot,,Civilian / Commercial,Commercial multirotor/fixed-wing,,Listed in OpenDroneList,,,,Probable,0.67,Medium,,,Parrot Disco,3,"OpenDroneList,Global UAV Database 2026 seed package,OpenDroneList community drone registry",,,,no image,2026-08-02T15:46:52+00:00,2026-08-02T15:46:54+00:00
UAV-C431C9B05D4C,Patroller,France,FRA,Sagem,,Military,MALE fixed-wing,Fixed-wing,Not specified,,,Databook systems specification page 306.,Verified,0.8,High,,,,3,"Curated UAV Seed 2026,Bard Drone Databook 2019,Global UAV Database 2026 seed package",,,,no image,2026-08-02T15:46:52+00:00,2026-08-02T15:46:52+00:00
UAV-2074F01DEB70,Sperwer,France,FRA,Sagem,,Military,Medium tactical; Fixed-wing,Fixed-wing,In use or under development as documented in 2019,,,Databook systems specification page 306.,Probable,0.7,Medium,,,,2,"Bard Drone Databook 2019,Global UAV Database 2026 seed package",,,,no image,2026-08-02T15:46:52+00:00,2026-08-02T15:46:52+00:00
UAV-31AB96EE1A0C,Spy’Ranger,France,FRA,Thales,,Military,Small / tactical; Fixed-wing,Fixed-wing,In use or under development as documented in 2019,,,Databook systems specification page 306.,Probable,0.7,Medium,,,,2,"Bard Drone Databook 2019,Global UAV Database 2026 seed package",,,,no image,2026-08-02T15:46:52+00:00,2026-08-02T15:46:52+00:00
UAV-176CA296E0F0,SERVICE2DRONE,France,FRA,"Thibaut, Bessard",,Civilian / Commercial,Multirotor,Multirotor,EASA-listed for EU operations,,,Operations: Open / Standard,Probable,0.8,High,,,TITAN MINI C5 | TITAN X4 C5 | TITAN X8 C5,2,"EASA Drones for EU Operations,Global UAV Database 2026 seed package",,,,no image,2026-08-02T15:46:52+00:00,2026-08-02T15:46:52+00:00
UAV-1FEBEA01B6EE,SX1.2,France,FRA,XSUN,,Civilian / Commercial,Fixed wing,Fixed wing,EASA-listed for EU operations,,,Operations: Specific,Probable,0.8,High,,,sx1,2,"EASA Drones for EU Operations,Global UAV Database 2026 seed package",,,,no image,2026-08-02T15:46:52+00:00,2026-08-02T15:46:52+00:00
UAV-D0C29B31D0BE,Lilium Jet,Germany,DEU,,,Civilian / Commercial,Ducted-fan eVTOL,,Not specified,,,Regional air mobility,Needs Verification,0.47,Medium,,,,2,"Curated UAV Seed 2026,Global UAV Database 2026 seed package",,,,no image,2026-08-02T15:46:52+00:00,2026-08-02T15:46:52+00:00
UAV-54633801E9F1,Microdrones md4-3000,Germany,DEU,,,Civilian / Commercial,Heavy multirotor,,Not specified,,,Mapping / LiDAR,Needs Verification,0.47,Medium,,,md4,2,"Curated UAV Seed 2026,Global UAV Database 2026 seed package",,,,no image,2026-08-02T15:46:52+00:00,2026-08-02T15:46:52+00:00
UAV-F70D1BE1A9A2,Quantum Systems Vector,Germany,DEU,,,Dual-use,VTOL fixed-wing,,Not specified,,,ISR / mapping,Needs Verification,0.47,Medium,,,,2,"Curated UAV Seed 2026,Global UAV Database 2026 seed package",,,,no image,2026-08-02T15:46:52+00:00,2026-08-02T15:46:52+00:00
UAV-40A9FD7C918A,Trinity Pro,Germany,DEU,,,Civilian / Commercial,VTOL fixed-wing,,Not specified,,,Survey / mapping,Needs Verification,0.47,Medium,,,,2,"Curated UAV Seed 2026,Global UAV Database 2026 seed package",,,,no image,2026-08-02T15:46:52+00:00,2026-08-02T15:46:52+00:00
UAV-12B89D0F2A42,Volocopter VoloDrone,Germany,DEU,,,Civilian / Commercial,Heavy-lift multicopter,,Not specified,,,Cargo logistics,Needs Verification,0.47,Medium,,,,2,"Curated UAV Seed 2026,Global UAV Database 2026 seed package",,,,no image,2026-08-02T15:46:52+00:00,2026-08-02T15:46:52+00:00
UAV-64D6F1749FAE,AIR4 LIGHT,Germany,DEU,AIR6 SYSTEMS GmBH,,Civilian / Commercial,Multirotor,Multirotor,EASA-listed for EU operations,,,Operations: Open / Standard,Probable,0.8,High,,,air4,2,"EASA Drones for EU Operations,Global UAV Database 2026 seed package",,,,no image,2026-08-02T15:46:52+00:00,2026-08-02T15:46:52+00:00
UAV-BEEB8CC1FDF7,AIR4 MICRO,Germany,DEU,AIR6 SYSTEMS GmBH,,Civilian / Commercial,Multirotor,Multirotor,EASA-listed for EU operations,,,Operations: Open / Standard,Probable,0.8,High,,,air4,2,"EASA Drones for EU Operations,Global UAV Database 2026 seed package",,,,no image,2026-08-02T15:46:52+00:00,2026-08-02T15:46:52+00:00
UAV-3E036F7B77C6,AIR4 NANO,Germany,DEU,AIR6 SYSTEMS GmBH,,Civilian / Commercial,Multirotor,Multirotor,EASA-listed for EU operations,,,Operations: Open / Standard,Probable,0.8,High,,,air4,2,"EASA Drones for EU Operations,Global UAV Database 2026 seed package",,,,no image,2026-08-02T15:46:52+00:00,2026-08-02T15:46:52+00:00
UAV-80701A29E9B9,AIR4 NANO E,Germany,DEU,AIR6 SYSTEMS GmBH,,Civilian / Commercial,Multirotor,Multirotor,EASA-listed for EU operations,,,Operations: Open / Standard,Probable,0.8,High,,,air4,2,"EASA Drones for EU Operations,Global UAV Database 2026 seed package",,,,no image,2026-08-02T15:46:52+00:00,2026-08-02T15:46:52+00:00
UAV-BE0FF479006B,AIR4 RUGGED,Germany,DEU,AIR6 SYSTEMS GmBH,,Civilian / Commercial,Multirotor,Multirotor,EASA-listed for EU operations,,,Operations: Open / Standard,Probable,0.8,High,,,air4,2,"EASA Drones for EU Operations,Global UAV Database 2026 seed package",,,,no image,2026-08-02T15:46:52+00:00,2026-08-02T15:46:52+00:00
UAV-5D3D13F163DC,AIR8 COMPACT,Germany,DEU,AIR6 SYSTEMS GmBH,,Civilian / Commercial,Multirotor,Multirotor,EASA-listed for EU operations,,,Operations: Open / Standard,Probable,0.8,High,,,air8,2,"EASA Drones for EU Operations,Global UAV Database 2026 seed package",,,,no image,2026-08-02T15:46:52+00:00,2026-08-02T15:46:52+00:00
UAV-1AECFA8683E4,AIR8 MEDIUM LIFTER,Germany,DEU,AIR6 SYSTEMS GmBH,,Civilian / Commercial,Multirotor,Multirotor,EASA-listed for EU operations,,,Operations: Open / Standard,Probable,0.8,High,,,air8,2,"EASA Drones for EU Operations,Global UAV Database 2026 seed package",,,,no image,2026-08-02T15:46:52+00:00,2026-08-02T15:46:52+00:00
UAV-C943535C1552,MIKADO,Germany,DEU,AirRobot,,Military,Small / tactical; Rotary-wing,Rotary-wing,In use or under development as documented in 2019,,,Databook systems specification page 306.,Probable,0.7,Medium,,,,2,"Bard Drone Databook 2019,Global UAV Database 2026 seed package",,,,no image,2026-08-02T15:46:52+00:00,2026-08-02T15:46:52+00:00
UAV-B17E8409E998,M30 EU,Germany,DEU,DJI GmbH,,Civilian / Commercial,Multirotor,Multirotor,EASA-listed for EU operations,,,Operations: Open / Standard,Probable,0.8,High,,,m30 | M30 RTK EU,2,"EASA Drones for EU Operations,Global UAV Database 2026 seed package",,,,no image,2026-08-02T15:46:52+00:00,2026-08-02T15:46:52+00:00
UAV-ED3273E8848C,M30T EU,Germany,DEU,DJI GmbH,,Civilian / Commercial,Multirotor,Multirotor,EASA-listed for EU operations,,,Operations: Open / Standard,Probable,0.8,High,,,m30t | M30T RTK EU,2,"EASA Drones for EU Operations,Global UAV Database 2026 seed package",,,,no image,2026-08-02T15:46:52+00:00,2026-08-02T15:46:52+00:00
UAV-2BC75458C712,ALADIN,Germany,DEU,EMT,,Military,Small / tactical; Fixed-wing,Fixed-wing,In use or under development as documented in 2019,,,Databook systems specification page 306.,Probable,0.7,Medium,,,,2,"Bard Drone Databook 2019,Global UAV Database 2026 seed package",,,,no image,2026-08-02T15:46:52+00:00,2026-08-02T15:46:52+00:00
UAV-4B7FAD4F3F94,LUNA,Germany,DEU,EMT,,Military,Small / tactical; Fixed-wing,Fixed-wing,In use or under development as documented in 2019,,,Databook systems specification page 306.,Probable,0.7,Medium,,,,2,"Bard Drone Databook 2019,Global UAV Database 2026 seed package",,,,no image,2026-08-02T15:46:52+00:00,2026-08-02T15:46:52+00:00
UAV-317530D18E59,Luna NG,Germany,DEU,EMT,,Military,Tactical fixed-wing,Fixed-wing,Not specified,,,Databook systems specification page 306.,Verified,0.8,High,,,LUNA NG,3,"Curated UAV Seed 2026,Bard Drone Databook 2019,Global UAV Database 2026 seed package",,,,no image,2026-08-02T15:46:52+00:00,2026-08-02T15:46:52+00:00
UAV-286F1BEDFCCD,Trinity F90+,Germany,DEU,Quantum-Systems,,Civilian / Commercial,Commercial multirotor/fixed-wing,,Listed in OpenDroneList,,,,Probable,0.67,Medium,,,f90 | Quantum-Systems Trinity F90+,3,"OpenDroneList,Global UAV Database 2026 seed package,OpenDroneList community drone registry",,,,no image,2026-08-02T15:46:52+00:00,2026-08-02T15:46:54+00:00
UAV-97AA3546E8BC,KZO,Germany,DEU,Rheinmetall,,Military,Medium tactical; Fixed-wing,Fixed-wing,In use or under development as documented in 2019,,,Databook systems specification page 306.,Probable,0.7,Medium,,,,2,"Bard Drone Databook 2019,Global UAV Database 2026 seed package",,,,no image,2026-08-02T15:46:52+00:00,2026-08-02T15:46:52+00:00
UAV-7E9EE1D5F50B,HIGHDRA,Germany,DEU,Starcopter GmbH,,Civilian / Commercial,Multirotor,Multirotor,EASA-listed for EU operations,,,Operations: Open / Standard,Probable,0.8,High,,,,2,"EASA Drones for EU Operations,Global UAV Database 2026 seed package",,,,no image,2026-08-02T15:46:52+00:00,2026-08-02T15:46:52+00:00
UAV-73630FE6B95C,Pegasus II Block I,Greece,GRC,Hellenic Aerospace Industry,,Military,Medium tactical; Fixed-wing,Fixed-wing,In use or under development as documented in 2019,,,Databook systems specification page 306.,Probable,0.7,Medium,,,,2,"Bard Drone Databook 2019,Global UAV Database 2026 seed package",,,,no image,2026-08-02T15:46:52+00:00,2026-08-02T15:46:52+00:00
UAV-F5F5692DD49E,ABZ Innovation C10,Hungary,HUN,ABZ Innovation Kft.,,Civilian / Commercial,Multirotor,Multirotor,EASA-listed for EU operations,,,Operations: Open / Standard,Probable,0.8,High,,,c10,2,"EASA Drones for EU Operations,Global UAV Database 2026 seed package",,,,no image,2026-08-02T15:46:52+00:00,2026-08-02T15:46:52+00:00
UAV-3359AB8B4481,Archer-NG,India,IND,,,Military,MALE fixed-wing,,Not specified,,,ISR / strike development,Needs Verification,0.47,Medium,,,,2,"Curated UAV Seed 2026,Global UAV Database 2026 seed package",,,,no image,2026-08-02T15:46:52+00:00,2026-08-02T15:46:52+00:00
UAV-CB8D963555E5,Ghatak,India,IND,,,Military,Flying-wing UCAV demonstrator,,Not specified,,,Technology development,Needs Verification,0.47,Medium,,,Ghatak / SWiFT demonstrator | SWiFT demonstrator,2,"Curated UAV Seed 2026,Global UAV Database 2026 seed package",,,,no image,2026-08-02T15:46:52+00:00,2026-08-02T15:46:52+00:00
UAV-2C7B471A53CB,Netra V-series,India,IND,,,Dual-use,Small multirotor,,Not specified,,,ISR / public safety,Needs Verification,0.47,Medium,,,,2,"Curated UAV Seed 2026,Global UAV Database 2026 seed package",,,,no image,2026-08-02T15:46:52+00:00,2026-08-02T15:46:52+00:00
UAV-E14DA18A5F4F,NewSpace BEL VUAV concepts,India,IND,,,Military,Swarm / tactical UAS,,Not specified,,,Collaborative missions,Needs Verification,0.47,Medium,,,,2,"Curated UAV Seed 2026,Global UAV Database 2026 seed package",,,,no image,2026-08-02T15:46:52+00:00,2026-08-02T15:46:52+00:00
UAV-5F2826243549,Nishant,India,IND,,,Military,Tactical fixed-wing,,Not specified,,,ISR,Needs Verification,0.47,Medium,,,,2,"Curated UAV Seed 2026,Global UAV Database 2026 seed package",,,,no image,2026-08-02T15:46:52+00:00,2026-08-02T15:46:52+00:00
UAV-2A347F7DEEEC,Rustom-II,India,IND,,,Military,MALE fixed-wing,,Not specified,,,ISR development,Needs Verification,0.47,Medium,,,Rustom-II / TAPAS BH-201 | TAPAS BH-201,2,"Curated UAV Seed 2026,Global UAV Database 2026 seed package",,,,no image,2026-08-02T15:46:52+00:00,2026-08-02T15:46:52+00:00
UAV-27A081DBD0E1,ideaForge NETRA V4+,India,IND,,,Dual-use,Quadrotor,,Not specified,,,ISR / inspection,Needs Verification,0.47,Medium,,,v4,2,"Curated UAV Seed 2026,Global UAV Database 2026 seed package",,,,no image,2026-08-02T15:46:52+00:00,2026-08-02T15:46:52+00:00
UAV-FB84F21B9F80,ideaForge SWITCH UAV,India,IND,,,Dual-use,VTOL fixed-wing,,Not specified,,,Mapping / surveillance,Needs Verification,0.47,Medium,,,,2,"Curated UAV Seed 2026,Global UAV Database 2026 seed package",,,,no image,2026-08-02T15:46:52+00:00,2026-08-02T15:46:52+00:00
UAV-66A5D6E388A2,PUNA Wulung,Indonesia,IDN,"BPPT,PTDI",,Military,Small / tactical; Fixed-wing,Fixed-wing,In use or under development as documented in 2019,,,Databook systems specification page 306.,Probable,0.7,Medium,,,,2,"Bard Drone Databook 2019,Global UAV Database 2026 seed package",,,,no image,2026-08-02T15:46:52+00:00,2026-08-02T15:46:52+00:00
UAV-A39CDA5F79B3,Ababil family,Iran,IRN,,,Military,Tactical fixed-wing,,Not specified,,,ISR / strike variants,Needs Verification,0.47,Medium,,,,2,"Curated UAV Seed 2026,Global UAV Database 2026 seed package",,,,no image,2026-08-02T15:46:52+00:00,2026-08-02T15:46:52+00:00
UAV-8D62A72ABF2D,Karrar,Iran,IRN,,,Military,Jet target/strike UAV,,Not specified,,,Strike / target drone,Needs Verification,0.47,Medium,,,,2,"Curated UAV Seed 2026,Global UAV Database 2026 seed package",,,,no image,2026-08-02T15:46:52+00:00,2026-08-02T15:46:52+00:00
UAV-C78852B880AA,Shahed-131,Iran,IRN,,,Military,One-way attack UAV,,Not specified,,,Long-range strike,Needs Verification,0.47,Medium,,,,2,"Curated UAV Seed 2026,Global UAV Database 2026 seed package",,,,no image,2026-08-02T15:46:52+00:00,2026-08-02T15:46:52+00:00
UAV-6E53B4D01C74,Shahed-136,Iran,IRN,,,Military,One-way attack UAV,,Not specified,,,Long-range strike,Needs Verification,0.47,Medium,,,,2,"Curated UAV Seed 2026,Global UAV Database 2026 seed package",,,,no image,2026-08-02T15:46:52+00:00,2026-08-02T15:46:52+00:00
UAV-5D150D966A83,Shahed-238,Iran,IRN,,,Military,Jet-powered one-way attack UAV,,Not specified,,,High-speed strike,Needs Verification,0.47,Medium,,,,2,"Curated UAV Seed 2026,Global UAV Database 2026 seed package",,,,no image,2026-08-02T15:46:52+00:00,2026-08-02T15:46:52+00:00
UAV-251CDBA79CC7,Oghab-1,Iran,IRN,Farnas Aerospace,,Military,Small / tactical; Fixed-wing,Fixed-wing,In use or under development as documented in 2019,,,Databook systems specification page 307.,Probable,0.7,Medium,,,,2,"Bard Drone Databook 2019,Global UAV Database 2026 seed package",,,,no image,2026-08-02T15:46:52+00:00,2026-08-02T15:46:52+00:00
UAV-1AFF3237E9B8,Shahed-123,Iran,IRN,HESA,,Military,Medium tactical; Fixed-wing,Fixed-wing,In use or under development as documented in 2019,,,Databook systems specification page 307.,Probable,0.7,Medium,,,,2,"Bard Drone Databook 2019,Global UAV Database 2026 seed package",,,,no image,2026-08-02T15:46:52+00:00,2026-08-02T15:46:52+00:00
UAV-7A7608091D3C,Shahed-129,Iran,IRN,HESA,,Military,MALE fixed-wing,Fixed-wing,Not specified,,,Databook systems specification page 307.,Verified,0.8,High,,,,3,"Curated UAV Seed 2026,Bard Drone Databook 2019,Global UAV Database 2026 seed package",,,,no image,2026-08-02T15:46:52+00:00,2026-08-02T15:46:52+00:00
UAV-59B8AD1FC59B,Ababil-3,Iran,IRN,Qods Aviation,,Military,Medium tactical; Fixed-wing,Fixed-wing,In use or under development as documented in 2019,,,Databook systems specification page 306.,Probable,0.7,Medium,,,,2,"Bard Drone Databook 2019,Global UAV Database 2026 seed package",,,,no image,2026-08-02T15:46:52+00:00,2026-08-02T15:46:52+00:00
UAV-E03E34AB1890,Mohajer-2,Iran,IRN,Qods Aviation,,Military,Small / tactical; Fixed-wing,Fixed-wing,In use or under development as documented in 2019,,,Databook systems specification page 306.,Probable,0.7,Medium,,,,2,"Bard Drone Databook 2019,Global UAV Database 2026 seed package",,,,no image,2026-08-02T15:46:52+00:00,2026-08-02T15:46:52+00:00
UAV-9C302D5FB3AA,Mohajer-4,Iran,IRN,Qods Aviation,,Military,Medium tactical; Fixed-wing,Fixed-wing,In use or under development as documented in 2019,,,Databook systems specification page 306.,Probable,0.7,Medium,,,,2,"Bard Drone Databook 2019,Global UAV Database 2026 seed package",,,,no image,2026-08-02T15:46:52+00:00,2026-08-02T15:46:52+00:00
UAV-1D5BDF028878,Mohajer-6,Iran,IRN,Qods Aviation,,Military,Tactical/MALE fixed-wing,Fixed-wing,Not specified,,,Databook systems specification page 307.,Verified,0.8,High,,,,3,"Curated UAV Seed 2026,Bard Drone Databook 2019,Global UAV Database 2026 seed package",,,,no image,2026-08-02T15:46:52+00:00,2026-08-02T15:46:52+00:00
UAV-DFBA7C6CBDDB,Saegheh,Iran,IRN,Shahed Aviation Industries,,Military,Large / strategic; Fixed-wing,Fixed-wing,In use or under development as documented in 2019,,,Databook systems specification page 307.,Probable,0.7,Medium,,,,2,"Bard Drone Databook 2019,Global UAV Database 2026 seed package",,,,no image,2026-08-02T15:46:52+00:00,2026-08-02T15:46:52+00:00
UAV-8D2548F30310,Heron 1,Israel,ISR,,,Military,MALE fixed-wing,,Not specified,,,ISR,Needs Verification,0.47,Medium,,,,2,"Curated UAV Seed 2026,Global UAV Database 2026 seed package",,,,no image,2026-08-02T15:46:52+00:00,2026-08-02T15:46:52+00:00
UAV-0FB03A96C92E,Heron TP,Israel,ISR,,,Military,HALE/MALE fixed-wing,,Not specified,,,Strategic ISR / strike capable,Needs Verification,0.47,Medium,,,Eitan | Heron TP / Eitan,2,"Curated UAV Seed 2026,Global UAV Database 2026 seed package",,,,no image,2026-08-02T15:46:52+00:00,2026-08-02T15:46:52+00:00
UAV-914D8E5FF726,Orbiter family,Israel,ISR,,,Dual-use,Small fixed-wing,,Not specified,,,ISR / mapping,Needs Verification,0.47,Medium,,,,2,"Curated UAV Seed 2026,Global UAV Database 2026 seed package",,,,no image,2026-08-02T15:46:52+00:00,2026-08-02T15:46:52+00:00
UAV-B8C50EEC73B5,Searcher Mk II,Israel,ISR,,,Military,Tactical fixed-wing,,Not specified,,,ISR,Needs Verification,0.47,Medium,,,,2,"Curated UAV Seed 2026,Global UAV Database 2026 seed package",,,,no image,2026-08-02T15:46:52+00:00,2026-08-02T15:46:52+00:00
UAV-02D9E40565A3,SkyStriker,Israel,ISR,,,Military,Loitering munition,,Not specified,,,Precision strike,Needs Verification,0.47,Medium,,,,2,"Curated UAV Seed 2026,Global UAV Database 2026 seed package",,,,no image,2026-08-02T15:46:52+00:00,2026-08-02T15:46:52+00:00
UAV-E945A5C52722,Dominator,Israel,ISR,Aeronautics,,Military,Large / strategic; Fixed-wing,Fixed-wing,In use or under development as documented in 2019,,,Databook systems specification page 307.,Probable,0.7,Medium,,,,2,"Bard Drone Databook 2019,Global UAV Database 2026 seed package",,,,no image,2026-08-02T15:46:52+00:00,2026-08-02T15:46:52+00:00
UAV-3986E1C4FBC5,Orbiter (Orbiter 3),Israel,ISR,Aeronautics,,Military,Small / tactical; Fixed-wing,Fixed-wing,In use or under development as documented in 2019,,,Databook systems specification page 307.,Probable,0.7,Medium,,,,2,"Bard Drone Databook 2019,Global UAV Database 2026 seed package",,,,no image,2026-08-02T15:46:52+00:00,2026-08-02T15:46:52+00:00
UAV-58E06BBE079A,Orbiter-1K,Israel,ISR,Aeronautics,,Military,Small / tactical; Fixed-wing,Fixed-wing,In use or under development as documented in 2019,,,Databook systems specification page 307.,Probable,0.7,Medium,,,,2,"Bard Drone Databook 2019,Global UAV Database 2026 seed package",,,,no image,2026-08-02T15:46:52+00:00,2026-08-02T15:46:52+00:00
UAV-FAA77B7962AE,SpyLite,Israel,ISR,Bluebird Aero,,Military,Small / tactical; Fixed-wing,Fixed-wing,In use or under development as documented in 2019,,,Databook systems specification page 308.,Probable,0.7,Medium,,,,2,"Bard Drone Databook 2019,Global UAV Database 2026 seed package",,,,no image,2026-08-02T15:46:53+00:00,2026-08-02T15:46:53+00:00
UAV-059603F59D02,Blue Horizon II,Israel,ISR,EMIT Aviation,,Military,Medium tactical; Fixed-wing,Fixed-wing,In use or under development as documented in 2019,,,Databook systems specification page 307.,Probable,0.7,Medium,,,,2,"Bard Drone Databook 2019,Global UAV Database 2026 seed package",,,,no image,2026-08-02T15:46:52+00:00,2026-08-02T15:46:52+00:00
UAV-21A397A66BF4,Hermes 450,Israel,ISR,Elbit Systems,,Military,Tactical/MALE fixed-wing,Fixed-wing,Not specified,,,Databook systems specification page 307.,Verified,0.8,High,,,,3,"Curated UAV Seed 2026,Bard Drone Databook 2019,Global UAV Database 2026 seed package",,,,no image,2026-08-02T15:46:52+00:00,2026-08-02T15:46:52+00:00
UAV-886CBB3D0A84,Hermes 900,Israel,ISR,Elbit Systems,,Military,MALE fixed-wing,Fixed-wing,Not specified,,,Databook systems specification page 307.,Verified,0.8,High,,,,3,"Curated UAV Seed 2026,Bard Drone Databook 2019,Global UAV Database 2026 seed package",,,,no image,2026-08-02T15:46:52+00:00,2026-08-02T15:46:52+00:00
UAV-84B3BE7CF3CE,Sky Striker,Israel,ISR,Elbit Systems,,Military,Small / tactical; Fixed-wing,Fixed-wing,In use or under development as documented in 2019,,,Databook systems specification page 307.,Probable,0.7,Medium,,,,2,"Bard Drone Databook 2019,Global UAV Database 2026 seed package",,,,no image,2026-08-02T15:46:53+00:00,2026-08-02T15:46:53+00:00
UAV-C50F7E7920C2,Skylark (Skylark 3),Israel,ISR,Elbit Systems,,Military,Small / tactical; Fixed-wing,Fixed-wing,In use or under development as documented in 2019,,,Databook systems specification page 308.,Probable,0.7,Medium,,,,2,"Bard Drone Databook 2019,Global UAV Database 2026 seed package",,,,no image,2026-08-02T15:46:53+00:00,2026-08-02T15:46:53+00:00
UAV-4C8568D25975,Skylark I-LE (Skylark I-LEX),Israel,ISR,Elbit Systems,,Military,Small / tactical; Fixed-wing,Fixed-wing,In use or under development as documented in 2019,,,Databook systems specification page 308.,Probable,0.7,Medium,,,,2,"Bard Drone Databook 2019,Global UAV Database 2026 seed package",,,,no image,2026-08-02T15:46:53+00:00,2026-08-02T15:46:53+00:00
UAV-8372B9AC1670,Bird Eye 400,Israel,ISR,IAI,,Military,Small / tactical; Fixed-wing,Fixed-wing,In use or under development as documented in 2019,,,Databook systems specification page 307.,Probable,0.7,Medium,,,eye-400,2,"Bard Drone Databook 2019,Global UAV Database 2026 seed package",,,,no image,2026-08-02T15:46:52+00:00,2026-08-02T15:46:52+00:00
UAV-3E5E250EAC37,Harop,Israel,ISR,IAI,,Military,Loitering munition,Fixed-wing,Not specified,,,Databook systems specification page 307.,Verified,0.8,High,,,,3,"Curated UAV Seed 2026,Bard Drone Databook 2019,Global UAV Database 2026 seed package",,,,no image,2026-08-02T15:46:52+00:00,2026-08-02T15:46:52+00:00
UAV-29E2EF5CCEBA,Harpy,Israel,ISR,IAI,,Military,Loitering munition,Fixed-wing,Not specified,,,Databook systems specification page 307.,Verified,0.8,High,,,,3,"Curated UAV Seed 2026,Bard Drone Databook 2019,Global UAV Database 2026 seed package",,,,no image,2026-08-02T15:46:52+00:00,2026-08-02T15:46:52+00:00
UAV-58C71771B13F,Heron,Israel,ISR,IAI,,Military,Large / strategic; Fixed-wing,Fixed-wing,In use or under development as documented in 2019,,,Databook systems specification page 307.,Probable,0.7,Medium,,,,2,"Bard Drone Databook 2019,Global UAV Database 2026 seed package",,,,no image,2026-08-02T15:46:52+00:00,2026-08-02T15:46:52+00:00
UAV-1568482E6DEF,Searcher (Mk 3),Israel,ISR,IAI,,Military,Medium tactical; Fixed-wing,Fixed-wing,In use or under development as documented in 2019,,,Databook systems specification page 307.,Probable,0.7,Medium,,,mk-3,2,"Bard Drone Databook 2019,Global UAV Database 2026 seed package",,,,no image,2026-08-02T15:46:53+00:00,2026-08-02T15:46:53+00:00
UAV-9E52C92C54CA,MicroFalcon,Israel,ISR,Innocon,,Military,Small / tactical; Fixed-wing,Fixed-wing,In use or under development as documented in 2019,,,Databook systems specification page 307.,Probable,0.7,Medium,,,,2,"Bard Drone Databook 2019,Global UAV Database 2026 seed package",,,,no image,2026-08-02T15:46:52+00:00,2026-08-02T15:46:52+00:00
UAV-27B3A8859EBE,Hovermast 150,Israel,ISR,Sky Sapience,,Military,Small / tactical; Rotary-wing,Rotary-wing,In use or under development as documented in 2019,,,Databook systems specification page 307.,Probable,0.7,Medium,,,,2,"Bard Drone Databook 2019,Global UAV Database 2026 seed package",,,,no image,2026-08-02T15:46:52+00:00,2026-08-02T15:46:52+00:00
UAV-CC796131038D,AWHero,Italy,ITA,,,Dual-use,Unmanned helicopter,,Not specified,,,Maritime ISR / civil missions,Needs Verification,0.47,Medium,,,,2,"Curated UAV Seed 2026,Global UAV Database 2026 seed package",,,,no image,2026-08-02T15:46:52+00:00,2026-08-02T15:46:52+00:00
UAV-D5610DFCE11E,Falco EVO,Italy,ITA,,,Military,MALE fixed-wing,,Not specified,,,ISR,Needs Verification,0.47,Medium,,,,2,"Curated UAV Seed 2026,Global UAV Database 2026 seed package",,,,no image,2026-08-02T15:46:52+00:00,2026-08-02T15:46:52+00:00
UAV-844A6003A990,Falco Xplorer,Italy,ITA,,,Military,MALE fixed-wing,,Not specified,,,Persistent ISR,Needs Verification,0.47,Medium,,,,2,"Curated UAV Seed 2026,Global UAV Database 2026 seed package",,,,no image,2026-08-02T15:46:52+00:00,2026-08-02T15:46:52+00:00
UAV-201CEB0536FE,ARIES,Italy,ITA,ANT-X,,Civilian / Commercial,Commercial multirotor/fixed-wing,,Listed in OpenDroneList,,,,Probable,0.67,Medium,,,ANT-X ARIES,3,"OpenDroneList,Global UAV Database 2026 seed package,OpenDroneList community drone registry",,,,no image,2026-08-02T15:46:52+00:00,2026-08-02T15:46:54+00:00
UAV-AF03A149AC35,RQ-24A Sixton,Italy,ITA,Alpi Aviation,,Military,Small / tactical; Rotary-wing,Rotary-wing,In use or under development as documented in 2019,,,Databook systems specification page 308.,Probable,0.7,Medium,,,rq-24a,2,"Bard Drone Databook 2019,Global UAV Database 2026 seed package",,,,no image,2026-08-02T15:46:53+00:00,2026-08-02T15:46:53+00:00
UAV-630D9B9A94C7,Strix-C,Italy,ITA,Alpi Aviation,,Military,Small / tactical; Fixed-wing,Fixed-wing,In use or under development as documented in 2019,,,Databook systems specification page 308.,Probable,0.7,Medium,,,,2,"Bard Drone Databook 2019,Global UAV Database 2026 seed package",,,,no image,2026-08-02T15:46:53+00:00,2026-08-02T15:46:53+00:00
UAV-4999B0B17E06,Strix-D,Italy,ITA,Alpi Aviation,,Military,Small / tactical; Fixed-wing,Fixed-wing,In use or under development as documented in 2019,,,Databook systems specification page 308.,Probable,0.7,Medium,,,,2,"Bard Drone Databook 2019,Global UAV Database 2026 seed package",,,,no image,2026-08-02T15:46:53+00:00,2026-08-02T15:46:53+00:00
UAV-E49E22C54C86,Falco,Italy,ITA,Leonardo,,Military,Medium tactical; Fixed-wing,Fixed-wing,In use or under development as documented in 2019,,,Databook systems specification page 308.,Probable,0.7,Medium,,,,2,"Bard Drone Databook 2019,Global UAV Database 2026 seed package",,,,no image,2026-08-02T15:46:53+00:00,2026-08-02T15:46:53+00:00
UAV-6896A67A52FF,Falco Explorer,Italy,ITA,Leonardo,,Military,Large / strategic; Fixed-wing,Fixed-wing,In use or under development as documented in 2019,,,Databook systems specification page 308.,Probable,0.7,Medium,,,,2,"Bard Drone Databook 2019,Global UAV Database 2026 seed package",,,,no image,2026-08-02T15:46:53+00:00,2026-08-02T15:46:53+00:00
UAV-40D4A58163CF,P.1HH Hammer- Head,Italy,ITA,Piaggio Aerospace,,Military,Large / strategic; Fixed-wing,Fixed-wing,In use or under development as documented in 2019,,,Databook systems specification page 308.,Probable,0.7,Medium,,,,2,"Bard Drone Databook 2019,Global UAV Database 2026 seed package",,,,no image,2026-08-02T15:46:53+00:00,2026-08-02T15:46:53+00:00
UAV-4E2D2132C61D,FireHound | FH-0,Italy,ITA,Vector Robotics Srl,,Civilian / Commercial,Fixed wing,Fixed wing,EASA-listed for EU operations,,,Operations: Open / Standard,Probable,0.8,High,,,fh-0 | VRFH25A,2,"EASA Drones for EU Operations,Global UAV Database 2026 seed package",,,,no image,2026-08-02T15:46:52+00:00,2026-08-02T15:46:52+00:00
UAV-8060AFDA5144,Guardian,Italy,ITA,Vector Robotics Srl,,Civilian / Commercial,Fixed wing,Fixed wing,EASA-listed for EU operations,,,Operations: Open / Standard,Probable,0.8,High,,,VRGU25A,2,"EASA Drones for EU Operations,Global UAV Database 2026 seed package",,,,no image,2026-08-02T15:46:52+00:00,2026-08-02T15:46:52+00:00
UAV-AB37D04809E9,Guardian 4K,Italy,ITA,Vector Robotics Srl,,Civilian / Commercial,Fixed wing,Fixed wing,EASA-listed for EU operations,,,Operations: Open / Standard,Probable,0.8,High,,,VRGU25B,2,"EASA Drones for EU Operations,Global UAV Database 2026 seed package",,,,no image,2026-08-02T15:46:52+00:00,2026-08-02T15:46:52+00:00
UAV-6914C3470B37,ACSL SOTEN,Japan,JPN,,,Dual-use,Secure quadrotor,,Not specified,,,Inspection / public safety,Needs Verification,0.47,Medium,,,,2,"Curated UAV Seed 2026,Global UAV Database 2026 seed package",,,,no image,2026-08-02T15:46:52+00:00,2026-08-02T15:46:52+00:00
UAV-18FAE29CEA73,Terra Drone survey platforms,Japan,JPN,,,Civilian / Commercial,Multi-platform services,,Not specified,,,Survey / inspection,Needs Verification,0.47,Medium,,,,2,"Curated UAV Seed 2026,Global UAV Database 2026 seed package",,,,no image,2026-08-02T15:46:52+00:00,2026-08-02T15:46:52+00:00
UAV-EA12A05604A7,Yamaha FAZER R G2,Japan,JPN,,,Civilian / Commercial,Unmanned helicopter,,Not specified,,,Agriculture / cargo,Needs Verification,0.47,Medium,,,g2,2,"Curated UAV Seed 2026,Global UAV Database 2026 seed package",,,,no image,2026-08-02T15:46:52+00:00,2026-08-02T15:46:52+00:00
UAV-9D1EEF6C675F,FFOS,Japan,JPN,Fuji Heavy Industries,FFOS,Military,Medium tactical; Rotary-wing,Rotary-wing,In use or under development as documented in 2019,,,Databook systems specification page 308.,Probable,0.7,Medium,,,FFOS/FFRS,2,"Bard Drone Databook 2019,Global UAV Database 2026 seed package",,,,no image,2026-08-02T15:46:53+00:00,2026-08-02T15:46:53+00:00
UAV-2FD7C9525BC5,FFRS,Japan,JPN,Fuji Heavy Industries,FFOS,Military,Medium tactical; Rotary-wing,Rotary-wing,In use or under development as documented in 2019,,,Databook systems specification page 308.,Probable,0.7,Medium,,,FFOS/FFRS,2,"Bard Drone Databook 2019,Global UAV Database 2026 seed package",,,,no image,2026-08-02T15:46:53+00:00,2026-08-02T15:46:53+00:00
UAV-8A10957B68E1,JUXS-S1,Japan,JPN,Hitachi,,Military,Small / tactical; Fixed-wing,Fixed-wing,In use or under development as documented in 2019,,,Databook systems specification page 308.,Probable,0.7,Medium,,,s1,2,"Bard Drone Databook 2019,Global UAV Database 2026 seed package",,,,no image,2026-08-02T15:46:53+00:00,2026-08-02T15:46:53+00:00
UAV-B037D68E43AF,ARS-S1,Japan,JPN,Sony,,Civilian / Commercial,Commercial multirotor/fixed-wing,,Listed in OpenDroneList,,,,Probable,0.67,Medium,,,s1 | Sony ARS-S1,3,"OpenDroneList,Global UAV Database 2026 seed package,OpenDroneList community drone registry",,,,no image,2026-08-02T15:46:52+00:00,2026-08-02T15:46:54+00:00
UAV-C1721A53C6F0,FIXAR 025,Latvia,LVA,,,Dual-use,VTOL fixed-wing,,Not specified,,,Mapping / delivery,Needs Verification,0.47,Medium,,,,2,"Curated UAV Seed 2026,Global UAV Database 2026 seed package",,,,no image,2026-08-02T15:46:52+00:00,2026-08-02T15:46:52+00:00
UAV-798D7B0BB16C,Penguin C,Latvia,LVA,UAV Factory,,Military,Small / tactical; Fixed-wing,Fixed-wing,In use or under development as documented in 2019,,,Databook systems specification page 308.,Probable,0.7,Medium,,,,2,"Bard Drone Databook 2019,Global UAV Database 2026 seed package",,,,no image,2026-08-02T15:46:53+00:00,2026-08-02T15:46:53+00:00
UAV-E11B4F1DB8F7,Aludra (Mk1),Malaysia,MYS,CTRM,,Military,Medium tactical; Fixed-wing,Fixed-wing,In use or under development as documented in 2019,,,Databook systems specification page 308.,Probable,0.7,Medium,,,mk1,2,"Bard Drone Databook 2019,Global UAV Database 2026 seed package",,,,no image,2026-08-02T15:46:53+00:00,2026-08-02T15:46:53+00:00
UAV-5EFB919743CE,Tsaigumi,Mexico,MEX,"431 Engineering Group, UAVision",,Military,Small / tactical; Fixed-wing,Fixed-wing,In use or under development as documented in 2019,,,Databook systems specification page 309.,Probable,0.7,Medium,,,,2,"Bard Drone Databook 2019,Global UAV Database 2026 seed package",,,,no image,2026-08-02T15:46:53+00:00,2026-08-02T15:46:53+00:00
UAV-4165AA5C139E,G1 Guerrero,Mexico,MEX,Hydra Technologies,,Military,Small / tactical; Fixed-wing,Fixed-wing,In use or under development as documented in 2019,,,Databook systems specification page 309.,Probable,0.7,Medium,,,g1,2,"Bard Drone Databook 2019,Global UAV Database 2026 seed package",,,,no image,2026-08-02T15:46:53+00:00,2026-08-02T15:46:53+00:00
UAV-D9D97900B563,S4 Ehécatl,Mexico,MEX,Hydra Technologies,,Military,Small / tactical; Fixed-wing,Fixed-wing,In use or under development as documented in 2019,,,Databook systems specification page 309.,Probable,0.7,Medium,,,s4,2,"Bard Drone Databook 2019,Global UAV Database 2026 seed package",,,,no image,2026-08-02T15:46:53+00:00,2026-08-02T15:46:53+00:00
UAV-65DB94069851,S45 Balaam,Mexico,MEX,Hydra Technologies,,Military,Medium tactical; Fixed-wing,Fixed-wing,In use or under development as documented in 2019,,,Databook systems specification page 309.,Probable,0.7,Medium,,,s45,2,"Bard Drone Databook 2019,Global UAV Database 2026 seed package",,,,no image,2026-08-02T15:46:53+00:00,2026-08-02T15:46:53+00:00
UAV-FF3A925D0227,AgEagle eBee VISION,Multinational,,,,Dual-use,Fixed-wing ISR UAV,,Not specified,,,Reconnaissance / mapping,Needs Verification,0.47,Medium,"United States, Switzerland",,,2,"Curated UAV Seed 2026,Global UAV Database 2026 seed package",,,,no image,2026-08-02T15:46:52+00:00,2026-08-02T15:46:52+00:00
UAV-B557CE1F03CB,Eurodrone,Multinational,,,,Military,Twin-engine MALE,,Not specified,,,ISR / strike development,Needs Verification,0.47,Medium,,,,2,"Curated UAV Seed 2026,Global UAV Database 2026 seed package",,,,no image,2026-08-02T15:46:52+00:00,2026-08-02T15:46:52+00:00
UAV-96900A8F9FB3,Geran-2,Multinational,,,,Military,One-way attack UAV,,Not specified,,,Long-range strike,Needs Verification,0.47,Medium,"Iran, Russia",,Geran-2 / Shahed-136 derivative | Shahed-136 derivative,2,"Curated UAV Seed 2026,Global UAV Database 2026 seed package",,,,no image,2026-08-02T15:46:52+00:00,2026-08-02T15:46:52+00:00
UAV-1FBBCEFCB279,Matternet M2,Multinational,,,,Civilian / Commercial,Delivery multirotor,,Not specified,,,Medical logistics,Needs Verification,0.47,Medium,"United States, Switzerland",,m2,2,"Curated UAV Seed 2026,Global UAV Database 2026 seed package",,,,no image,2026-08-02T15:46:52+00:00,2026-08-02T15:46:52+00:00
UAV-445FBCEFC9FD,Parrot Anafi USA,Multinational,,,,Dual-use,Enterprise quadrotor,,Not specified,,,Public safety / inspection,Needs Verification,0.47,Medium,"France, United States",,,2,"Curated UAV Seed 2026,Global UAV Database 2026 seed package",,,,no image,2026-08-02T15:46:52+00:00,2026-08-02T15:46:52+00:00
UAV-BC59470776EC,SIRTAP,Multinational,,,,Military,Tactical MALE,,Not specified,,,ISR development,Needs Verification,0.47,Medium,"Spain, Colombia",,,2,"Curated UAV Seed 2026,Global UAV Database 2026 seed package",,,,no image,2026-08-02T15:46:52+00:00,2026-08-02T15:46:52+00:00
UAV-62AC829E6E5E,nEUROn,Multinational,,,,Military,Flying-wing UCAV demonstrator,,Not specified,,,Low-observable technology,Needs Verification,0.47,Medium,,,,2,"Curated UAV Seed 2026,Global UAV Database 2026 seed package",,,,no image,2026-08-02T15:46:52+00:00,2026-08-02T15:46:52+00:00
UAV-87A644E1911D,SENSEFLY eBee,Multinational,,AgEagle,,Civilian / Commercial,Commercial multirotor/fixed-wing,,Listed in OpenDroneList,,,,Probable,0.67,Medium,"Switzerland, United States",,AgEagle SENSEFLY eBee,3,"OpenDroneList,Global UAV Database 2026 seed package,OpenDroneList community drone registry",,,,no image,2026-08-02T15:46:52+00:00,2026-08-02T15:46:54+00:00
UAV-E8126C64C348,Ranger,Multinational,,"IAI,RUAG",,Military,Medium tactical; Fixed-wing,Fixed-wing,In use or under development as documented in 2019,,,Databook systems specification page 308.,Probable,0.7,Medium,"Israel, Switzerland",,,2,"Bard Drone Databook 2019,Global UAV Database 2026 seed package",,,,no image,2026-08-02T15:46:53+00:00,2026-08-02T15:46:53+00:00
UAV-4CEDE0E2A819,UAV (Mohajem 92),Multinational,,State Company for Military Industries (Iraq),,Military,Medium tactical; Fixed-wing,Fixed-wing,In use or under development as documented in 2019,,,Databook systems specification page 307.,Probable,0.7,Medium,"Iran, Iraq",,,2,"Bard Drone Databook 2019,Global UAV Database 2026 seed package",,,,no image,2026-08-02T15:46:52+00:00,2026-08-02T15:46:52+00:00
UAV-CD0DE2A33A4F,Watchkeeper,Multinational,,"Thales UK,Elbit Systems",,Military,Medium tactical; Fixed-wing,Fixed-wing,In use or under development as documented in 2019,,,Databook systems specification page 308.,Probable,0.7,Medium,"Israel, United Kingdom",,,2,"Bard Drone Databook 2019,Global UAV Database 2026 seed package",,,,no image,2026-08-02T15:46:53+00:00,2026-08-02T15:46:53+00:00
UAV-36FCC0AFA378,Shahpar,Pakistan,PAK,GIDS,,Military,Medium tactical; Fixed-wing,Fixed-wing,In use or under development as documented in 2019,,,Databook systems specification page 309.,Probable,0.7,Medium,,,,2,"Bard Drone Databook 2019,Global UAV Database 2026 seed package",,,,no image,2026-08-02T15:46:53+00:00,2026-08-02T15:46:53+00:00
UAV-04F4509B0901,Uqab,Pakistan,PAK,GIDS,,Military,Medium tactical; Fixed-wing,Fixed-wing,In use or under development as documented in 2019,,,Databook systems specification page 309.,Probable,0.7,Medium,,,,2,"Bard Drone Databook 2019,Global UAV Database 2026 seed package",,,,no image,2026-08-02T15:46:53+00:00,2026-08-02T15:46:53+00:00
UAV-A3AACA70EC2D,Ricuk,Peru,PER,CIDEP,,Military,Small / tactical; Fixed-wing,Fixed-wing,In use or under development as documented in 2019,,,Databook systems specification page 309.,Probable,0.7,Medium,,,,2,"Bard Drone Databook 2019,Global UAV Database 2026 seed package",,,,no image,2026-08-02T15:46:53+00:00,2026-08-02T15:46:53+00:00
UAV-9E6C7BE9EE67,FlyEye,Peru,PER,WB Electronics,,Military,Mini fixed-wing,Fixed-wing,Not specified,,,Databook systems specification page 309.,Verified,0.8,Medium,,,,3,"Curated UAV Seed 2026,Bard Drone Databook 2019,Global UAV Database 2026 seed package",,,,no image,2026-08-02T15:46:52+00:00,2026-08-02T15:46:52+00:00
UAV-C996D6862605,Warmate,Peru,PER,WB Electronics,,Military,Loitering munition,Fixed-wing,Not specified,,,Databook systems specification page 309.,Verified,0.8,Medium,,,,3,"Curated UAV Seed 2026,Bard Drone Databook 2019,Global UAV Database 2026 seed package",,,,no image,2026-08-02T15:46:52+00:00,2026-08-02T15:46:52+00:00
UAV-7D12042571A0,PGZ-19R,Peru,PER,WZL-2,,Military,Small / tactical; Fixed-wing,Fixed-wing,In use or under development as documented in 2019,,,Databook systems specification page 309.,Probable,0.7,Medium,,,pgz-19r,2,"Bard Drone Databook 2019,Global UAV Database 2026 seed package",,,,no image,2026-08-02T15:46:53+00:00,2026-08-02T15:46:53+00:00
UAV-7E18FD931427,Gladius system,Poland,POL,,,Military,Loitering munition system,,Not specified,,,Recon-strike,Needs Verification,0.47,Medium,,,,2,"Curated UAV Seed 2026,Global UAV Database 2026 seed package",,,,no image,2026-08-02T15:46:52+00:00,2026-08-02T15:46:52+00:00
UAV-134865F6B517,SACT Boreal 5,Romania,ROU,Military Equipment and Technologies Research Agency,,Military,Small / tactical; Fixed-wing,Fixed-wing,In use or under development as documented in 2019,,,Databook systems specification page 309.,Probable,0.7,Medium,,,,2,"Bard Drone Databook 2019,Global UAV Database 2026 seed package",,,,no image,2026-08-02T15:46:53+00:00,2026-08-02T15:46:53+00:00
UAV-89D680E8BF46,Forpost-R,Russia,RUS,,,Military,Tactical/MALE fixed-wing,,Not specified,,,ISR / strike,Needs Verification,0.47,Medium,,,,2,"Curated UAV Seed 2026,Global UAV Database 2026 seed package",,,,no image,2026-08-02T15:46:52+00:00,2026-08-02T15:46:52+00:00
UAV-91563DB38525,Kub-BLA,Russia,RUS,,,Military,Loitering munition,,Not specified,,,Tactical strike,Needs Verification,0.47,Medium,,,,2,"Curated UAV Seed 2026,Global UAV Database 2026 seed package",,,,no image,2026-08-02T15:46:52+00:00,2026-08-02T15:46:52+00:00
UAV-31D5CE08FCB1,Orlan-30,Russia,RUS,,,Military,Small fixed-wing,,Not specified,,,ISR / laser designation,Needs Verification,0.47,Medium,,,,2,"Curated UAV Seed 2026,Global UAV Database 2026 seed package",,,,no image,2026-08-02T15:46:52+00:00,2026-08-02T15:46:52+00:00
UAV-2AF96B0C5CEA,S-70 Okhotnik-B,Russia,RUS,,,Military,Heavy flying-wing UCAV,,Not specified,,,Collaborative / strike,Needs Verification,0.47,Medium,,,s-70,2,"Curated UAV Seed 2026,Global UAV Database 2026 seed package",,,,no image,2026-08-02T15:46:52+00:00,2026-08-02T15:46:52+00:00
UAV-F2B074E13083,ZALA Lancet,Russia,RUS,,,Military,Loitering munition,,Not specified,,,Precision strike,Needs Verification,0.47,Medium,,,,2,"Curated UAV Seed 2026,Global UAV Database 2026 seed package",,,,no image,2026-08-02T15:46:52+00:00,2026-08-02T15:46:52+00:00
UAV-6991821F6538,Ptero-5E,Russia,RUS,AFM Servers,,Military,Small / tactical; Fixed-wing,Fixed-wing,In use or under development as documented in 2019,,,Databook systems specification page 310.,Probable,0.7,Medium,,,,2,"Bard Drone Databook 2019,Global UAV Database 2026 seed package",,,,no image,2026-08-02T15:46:53+00:00,2026-08-02T15:46:53+00:00
UAV-C4EB7352B9E8,Eleron-3SV,Russia,RUS,Eniks,,Military,Small / tactical; Fixed-wing,Fixed-wing,In use or under development as documented in 2019,,,Databook systems specification page 309.,Probable,0.7,Medium,,,,2,"Bard Drone Databook 2019,Global UAV Database 2026 seed package",,,,no image,2026-08-02T15:46:53+00:00,2026-08-02T15:46:53+00:00
UAV-F5988C4626F9,Takhion,Russia,RUS,Izhmash-UAV,,Military,Small / tactical; Fixed-wing,Fixed-wing,In use or under development as documented in 2019,,,Databook systems specification page 310.,Probable,0.7,Medium,,,,2,"Bard Drone Databook 2019,Global UAV Database 2026 seed package",,,,no image,2026-08-02T15:46:53+00:00,2026-08-02T15:46:53+00:00
UAV-461E481DD8B0,Granat-1,Russia,RUS,Kalashnikov,,Military,Small / tactical; Fixed-wing,Fixed-wing,In use or under development as documented in 2019,,,Databook systems specification page 309.,Probable,0.7,Medium,,,,2,"Bard Drone Databook 2019,Global UAV Database 2026 seed package",,,,no image,2026-08-02T15:46:53+00:00,2026-08-02T15:46:53+00:00
UAV-CB32D8A94535,Granat-4,Russia,RUS,Kalashnikov,,Military,Small / tactical; Fixed-wing,Fixed-wing,In use or under development as documented in 2019,,,Databook systems specification page 309.,Probable,0.7,Medium,,,,2,"Bard Drone Databook 2019,Global UAV Database 2026 seed package",,,,no image,2026-08-02T15:46:53+00:00,2026-08-02T15:46:53+00:00
UAV-091E17A9B3E1,Orion,Russia,RUS,Kronshtadt Group,,Military,Large / strategic; Fixed-wing,Fixed-wing,In use or under development as documented in 2019,,,Databook systems specification page 310.,Verified,0.8,High,,,Inokhodets | Orion / Inokhodets,3,"Curated UAV Seed 2026,Bard Drone Databook 2019,Global UAV Database 2026 seed package",,,,no image,2026-08-02T15:46:52+00:00,2026-08-02T15:46:54+00:00
UAV-0FB7EC51FF03,Corsair,Russia,RUS,OKB Luch,,Military,Medium tactical; Fixed-wing,Fixed-wing,In use or under development as documented in 2019,,,Databook systems specification page 309.,Probable,0.7,Medium,,,,2,"Bard Drone Databook 2019,Global UAV Database 2026 seed package",,,,no image,2026-08-02T15:46:53+00:00,2026-08-02T15:46:53+00:00
UAV-0D8B967D09E8,Orlan-10,Russia,RUS,Special Technology Center,,Military,Small fixed-wing,Fixed-wing,Not specified,,,Databook systems specification page 310.,Verified,0.8,High,,,,3,"Curated UAV Seed 2026,Bard Drone Databook 2019,Global UAV Database 2026 seed package",,,,no image,2026-08-02T15:46:52+00:00,2026-08-02T15:46:52+00:00
UAV-59502276573E,Saqr-1,Saudi Arabia,SAU,KACST,,Military,MALE fixed-wing,Fixed-wing,Not specified,,,Databook systems specification page 310.,Verified,0.8,High,,,saqr-1,3,"Curated UAV Seed 2026,Bard Drone Databook 2019,Global UAV Database 2026 seed package",,,,no image,2026-08-02T15:46:52+00:00,2026-08-02T15:46:52+00:00
UAV-DE7826EFC6AE,Skyblade III,Singapore,SGP,Singapore Technologies,,Military,Small / tactical; Fixed-wing,Fixed-wing,In use or under development as documented in 2019,,,Databook systems specification page 310.,Probable,0.7,Medium,,,,2,"Bard Drone Databook 2019,Global UAV Database 2026 seed package",,,,no image,2026-08-02T15:46:53+00:00,2026-08-02T15:46:53+00:00
UAV-BDC5A62CC76E,Antigravity A1 Infinity Bundle,Singapore,SGP,Yingling Innovations Pte. Ltd.,,Civilian / Commercial,Multirotor,Multirotor,EASA-listed for EU operations,,,Operations: Open / Standard,Probable,0.8,High,,,a1 | DE001,2,"EASA Drones for EU Operations,Global UAV Database 2026 seed package",,,,no image,2026-08-02T15:46:52+00:00,2026-08-02T15:46:52+00:00
UAV-1A46B94812DD,Antigravity A1 Standard Bundle,Singapore,SGP,Yingling Innovations Pte. Ltd.,,Civilian / Commercial,Multirotor,Multirotor,EASA-listed for EU operations,,,Operations: Open / Standard,Probable,0.8,High,,,a1 | Antigravity A1 Explorer Bundle | Antigravity A1 Standard Bundle/Antigravity A1 Explorer Bundle | DE001,2,"EASA Drones for EU Operations,Global UAV Database 2026 seed package",,,,no image,2026-08-02T15:46:52+00:00,2026-08-02T15:46:52+00:00
UAV-24D179B222D8,Bramor,Slovenia,SVN,C-Astral,,Military,Small / tactical; Fixed-wing,Fixed-wing,In use or under development as documented in 2019,,,Databook systems specification page 310.,Probable,0.7,Medium,,,,2,"Bard Drone Databook 2019,Global UAV Database 2026 seed package",,,,no image,2026-08-02T15:46:53+00:00,2026-08-02T15:46:53+00:00
UAV-6AA0344040FE,Milkor 380,South Africa,ZAF,,,Military,MALE fixed-wing,,Not specified,,,ISR / strike,Needs Verification,0.47,Medium,,,,2,"Curated UAV Seed 2026,Global UAV Database 2026 seed package",,,,no image,2026-08-02T15:46:52+00:00,2026-08-02T15:46:52+00:00
UAV-D7191F5D211C,Indiza,South Africa,ZAF,CSIR,,Military,Small / tactical; Fixed-wing,Fixed-wing,In use or under development as documented in 2019,,,Databook systems specification page 310.,Probable,0.7,Medium,,,,2,"Bard Drone Databook 2019,Global UAV Database 2026 seed package",,,,no image,2026-08-02T15:46:53+00:00,2026-08-02T15:46:53+00:00
UAV-13C35A903172,Seeker 200,South Africa,ZAF,Denel Dynamics,,Military,Medium tactical; Fixed-wing,Fixed-wing,In use or under development as documented in 2019,,,Databook systems specification page 310.,Probable,0.7,Medium,,,,2,"Bard Drone Databook 2019,Global UAV Database 2026 seed package",,,,no image,2026-08-02T15:46:53+00:00,2026-08-02T15:46:53+00:00
UAV-5C186A3E295D,Seeker 400,South Africa,ZAF,Denel Dynamics,,Military,Tactical/MALE fixed-wing,Fixed-wing,Not specified,,,Databook systems specification page 310.,Verified,0.8,High,,,,3,"Curated UAV Seed 2026,Bard Drone Databook 2019,Global UAV Database 2026 seed package",,,,no image,2026-08-02T15:46:52+00:00,2026-08-02T15:46:52+00:00
UAV-32BE51BF5F07,KUS-FC,South Korea,KOR,,,Military,Low-observable UCAV concept,,Not specified,,,Collaborative combat,Needs Verification,0.47,Medium,,,,2,"Curated UAV Seed 2026,Global UAV Database 2026 seed package",,,,no image,2026-08-02T15:46:52+00:00,2026-08-02T15:46:52+00:00
UAV-49E5C1E433DA,KUS-FS,South Korea,KOR,,,Military,MALE fixed-wing,,Not specified,,,ISR development,Needs Verification,0.47,Medium,,,,2,"Curated UAV Seed 2026,Global UAV Database 2026 seed package",,,,no image,2026-08-02T15:46:52+00:00,2026-08-02T15:46:52+00:00
UAV-AB2EFF5E0F8C,KUS-VH,South Korea,KOR,,,Military,Unmanned helicopter,,Not specified,,,Maritime / tactical ISR,Needs Verification,0.47,Medium,,,,2,"Curated UAV Seed 2026,Global UAV Database 2026 seed package",,,,no image,2026-08-02T15:46:52+00:00,2026-08-02T15:46:52+00:00
UAV-07838573A23A,RQ-101 Songgolmae,South Korea,KOR,,,Military,Tactical fixed-wing,,Not specified,,,ISR,Needs Verification,0.47,Medium,,,rq-101,2,"Curated UAV Seed 2026,Global UAV Database 2026 seed package",,,,no image,2026-08-02T15:46:52+00:00,2026-08-02T15:46:52+00:00
UAV-8849055830A7,AQUILA,South Korea,KOR,"ARGOSDYNE Co., Ltd.",,Civilian / Commercial,Multirotor,Multirotor,EASA-listed for EU operations,,,Operations: Open / Standard,Probable,0.8,High,,,AL-200F,2,"EASA Drones for EU Operations,Global UAV Database 2026 seed package",,,,no image,2026-08-02T15:46:52+00:00,2026-08-02T15:46:52+00:00
UAV-F814796D1C6F,AQUILA3,South Korea,KOR,"ARGOSDYNE Co., Ltd.",,Civilian / Commercial,Multirotor,Multirotor,EASA-listed for EU operations,,,Operations: Open / Standard,Probable,0.8,High,,,AL-300FM,2,"EASA Drones for EU Operations,Global UAV Database 2026 seed package",,,,no image,2026-08-02T15:46:52+00:00,2026-08-02T15:46:52+00:00
UAV-CD89197B617A,RQ-101 Falcon,South Korea,KOR,KAI,,Military,Medium tactical; Fixed-wing,Fixed-wing,In use or under development as documented in 2019,,,Databook systems specification page 310.,Probable,0.7,Medium,,,rq-101,2,"Bard Drone Databook 2019,Global UAV Database 2026 seed package",,,,no image,2026-08-02T15:46:53+00:00,2026-08-02T15:46:53+00:00
UAV-73B323640E03,RQ-102,South Korea,KOR,KAI,,Military,Medium tactical; Fixed-wing,Fixed-wing,In use or under development as documented in 2019,,,Databook systems specification page 310.,Probable,0.7,Medium,,,rq-102,2,"Bard Drone Databook 2019,Global UAV Database 2026 seed package",,,,no image,2026-08-02T15:46:53+00:00,2026-08-02T15:46:53+00:00
UAV-FBE74B3C2DE2,XeFI,South Korea,KOR,NESTEC,,Military,Small / tactical; Rotary-wing,Rotary-wing,In use or under development as documented in 2019,,,Databook systems specification page 310.,Probable,0.7,Medium,,,,2,"Bard Drone Databook 2019,Global UAV Database 2026 seed package",,,,no image,2026-08-02T15:46:53+00:00,2026-08-02T15:46:53+00:00
UAV-FE37E546EFF9,Remoeye-006,South Korea,KOR,Ucon System,,Military,Small / tactical; Fixed-wing,Fixed-wing,In use or under development as documented in 2019,,,Databook systems specification page 310.,Probable,0.7,Medium,,,,2,"Bard Drone Databook 2019,Global UAV Database 2026 seed package",,,,no image,2026-08-02T15:46:53+00:00,2026-08-02T15:46:53+00:00
UAV-AB800BE58F2B,RemoEye-002B,South Korea,KOR,UconSystem,,Military,Small / tactical; Fixed-wing,Fixed-wing,In use or under development as documented in 2019,,,Databook systems specification page 310.,Probable,0.7,Medium,,,,2,"Bard Drone Databook 2019,Global UAV Database 2026 seed package",,,,no image,2026-08-02T15:46:53+00:00,2026-08-02T15:46:53+00:00
UAV-80BE65FC09D4,Alpha 900,Spain,ESP,,,Dual-use,Unmanned helicopter,,Not specified,,,Maritime / inspection,Needs Verification,0.47,Medium,,,,2,"Curated UAV Seed 2026,Global UAV Database 2026 seed package",,,,no image,2026-08-02T15:46:52+00:00,2026-08-02T15:46:52+00:00
UAV-95701279EFD1,Atlante Tucan,Spain,ESP,Airbus SCR,,Military,Small / tactical; Fixed-wing,Fixed-wing,In use or under development as documented in 2019,,,Databook systems specification page 311.,Probable,0.7,Medium,,,,2,"Bard Drone Databook 2019,Global UAV Database 2026 seed package",,,,no image,2026-08-02T15:46:53+00:00,2026-08-02T15:46:53+00:00
UAV-22C7E3819320,Alpha 800,Spain,ESP,Alpha Unmanned Systems,,Military,Small / tactical; Rotary-wing,Rotary-wing,In use or under development as documented in 2019,,,Databook systems specification page 310.,Probable,0.7,Medium,,,,2,"Bard Drone Databook 2019,Global UAV Database 2026 seed package",,,,no image,2026-08-02T15:46:53+00:00,2026-08-02T15:46:53+00:00
UAV-563864D29FC5,Condor,Spain,ESP,Drone Tools,,Military,Small / tactical; Fixed-wing,Fixed-wing,In use or under development as documented in 2019,,,Databook systems specification page 310.,Probable,0.7,Medium,,,,2,"Bard Drone Databook 2019,Global UAV Database 2026 seed package",,,,no image,2026-08-02T15:46:53+00:00,2026-08-02T15:46:53+00:00
UAV-99A7BBD1B4E3,MARVIN-5-Mk.3-EC,Spain,ESP,FUVEX CIVIL SL,,Civilian / Commercial,Multirotor,Multirotor,EASA-listed for EU operations,,,Operations: Specific,Probable,0.8,High,,,,2,"EASA Drones for EU Operations,Global UAV Database 2026 seed package",,,,no image,2026-08-02T15:46:52+00:00,2026-08-02T15:46:52+00:00
UAV-AE677E6E69C2,X6 Mk.2,Spain,ESP,FUVEX CIVIL SL,,Civilian / Commercial,Multirotor,Multirotor,EASA-listed for EU operations,,,Operations: Specific,Probable,0.8,High,,,x6,2,"EASA Drones for EU Operations,Global UAV Database 2026 seed package",,,,no image,2026-08-02T15:46:52+00:00,2026-08-02T15:46:52+00:00
UAV-C6AB55A12B25,Sistema integrado de vigilancia aérea (SIVA),Spain,ESP,National Institute of Aerospace Technology,,Military,Small / tactical; Fixed-wing,Fixed-wing,In use or under development as documented in 2019,,,Databook systems specification page 311.,Probable,0.7,Medium,,,,2,"Bard Drone Databook 2019,Global UAV Database 2026 seed package",,,,no image,2026-08-02T15:46:53+00:00,2026-08-02T15:46:53+00:00
UAV-5721AA1BEA61,Atlantic,Spain,ESP,SCR,,Military,Small / tactical; Fixed-wing,Fixed-wing,In use or under development as documented in 2019,,,Databook systems specification page 310.,Probable,0.7,Medium,,,,2,"Bard Drone Databook 2019,Global UAV Database 2026 seed package",,,,no image,2026-08-02T15:46:53+00:00,2026-08-02T15:46:53+00:00
UAV-AFAE5EB94732,Fulmar X,Spain,ESP,Thales España,,Military,Small / tactical; Fixed-wing,Fixed-wing,In use or under development as documented in 2019,,,Databook systems specification page 311.,Probable,0.7,Medium,,,,2,"Bard Drone Databook 2019,Global UAV Database 2026 seed package",,,,no image,2026-08-02T15:46:53+00:00,2026-08-02T15:46:53+00:00
UAV-EA6F9397D0EB,F-330,Sweden,SWE,UMS Skeldar,,Military,Small / tactical; Fixed-wing,Fixed-wing,In use or under development as documented in 2019,,,Databook systems specification page 311.,Probable,0.7,Medium,,,f-330,2,"Bard Drone Databook 2019,Global UAV Database 2026 seed package",,,,no image,2026-08-02T15:46:53+00:00,2026-08-02T15:46:53+00:00
UAV-6CC4C9B1A6AA,V-200,Sweden,SWE,UMS Skeldar,,Military,Medium tactical; Rotary-wing,Rotary-wing,In use or under development as documented in 2019,,,Databook systems specification page 311.,Probable,0.7,Medium,,,v-200,2,"Bard Drone Databook 2019,Global UAV Database 2026 seed package",,,,no image,2026-08-02T15:46:53+00:00,2026-08-02T15:46:53+00:00
UAV-34E4C32DEC44,Flyability Elios 3,Switzerland,CHE,,,Civilian / Commercial,Caged indoor multirotor,,Not specified,,,Confined-space inspection,Needs Verification,0.47,Medium,,,,2,"Curated UAV Seed 2026,Global UAV Database 2026 seed package",,,,no image,2026-08-02T15:46:52+00:00,2026-08-02T15:46:52+00:00
UAV-313F8098B17A,Fotokite Sigma,Switzerland,CHE,,,Civilian / Commercial,Tethered multirotor,,Not specified,,,Public safety situational awareness,Needs Verification,0.47,Medium,,,,2,"Curated UAV Seed 2026,Global UAV Database 2026 seed package",,,,no image,2026-08-02T15:46:52+00:00,2026-08-02T15:46:52+00:00
UAV-D6F3ED15BEAA,WingtraOne GEN II,Switzerland,CHE,,,Civilian / Commercial,VTOL fixed-wing,,Not specified,,,Survey / mapping,Needs Verification,0.47,Medium,,,,2,"Curated UAV Seed 2026,Global UAV Database 2026 seed package",,,,no image,2026-08-02T15:46:52+00:00,2026-08-02T15:46:52+00:00
UAV-6A8E8A198036,senseFly eBee X,Switzerland,CHE,,,Civilian / Commercial,Fixed-wing survey UAV,,Not specified,,,Mapping / agriculture,Needs Verification,0.47,Medium,,,,2,"Curated UAV Seed 2026,Global UAV Database 2026 seed package",,,,no image,2026-08-02T15:46:52+00:00,2026-08-02T15:46:52+00:00
UAV-B3E280E87F10,WingtraRAY,Switzerland,CHE,WINGTRA AG,,Civilian / Commercial,Fixed wing,Fixed wing,EASA-listed for EU operations,,,Operations: Open / Standard,Probable,0.8,High,,,,2,"EASA Drones for EU Operations,Global UAV Database 2026 seed package",,,,no image,2026-08-02T15:46:52+00:00,2026-08-02T15:46:52+00:00
UAV-1634CDACABD1,WingtraOne,Switzerland,CHE,Wingtra,,Civilian / Commercial,Commercial multirotor/fixed-wing,,Listed in OpenDroneList,,,,Probable,0.67,Medium,,,,3,"OpenDroneList,Global UAV Database 2026 seed package,OpenDroneList community drone registry",,,,no image,2026-08-02T15:46:52+00:00,2026-08-02T15:46:52+00:00
UAV-BE71930428AE,Chung Shyang II,Taiwan,TWN,CSIST,,Military,Medium tactical; Fixed-wing,Fixed-wing,In use or under development as documented in 2019,,,Databook systems specification page 311.,Probable,0.7,Medium,,,,2,"Bard Drone Databook 2019,Global UAV Database 2026 seed package",,,,no image,2026-08-02T15:46:53+00:00,2026-08-02T15:46:53+00:00
UAV-EF86EDE7D2CE,Cardinal II,Taiwan,TWN,NCSIST,,Military,Small / tactical; Fixed-wing,Fixed-wing,In use or under development as documented in 2019,,,Databook systems specification page 311.,Probable,0.7,Medium,,,,2,"Bard Drone Databook 2019,Global UAV Database 2026 seed package",,,,no image,2026-08-02T15:46:53+00:00,2026-08-02T15:46:53+00:00
UAV-BFC5F6D68827,Teng Yun,Taiwan,TWN,National Chung- Shan Institute of Science and Technology,,Military,Large / strategic; Fixed-wing,Fixed-wing,In use or under development as documented in 2019,,,Databook systems specification page 311.,Probable,0.7,Medium,,,,2,"Bard Drone Databook 2019,Global UAV Database 2026 seed package",,,,no image,2026-08-02T15:46:53+00:00,2026-08-02T15:46:53+00:00
UAV-6CA879A16F6F,Tiger Shark II,Thailand,THA,DTI,,Military,Small / tactical; Fixed-wing,Fixed-wing,In use or under development as documented in 2019,,,Databook systems specification page 311.,Probable,0.7,Medium,,,,2,"Bard Drone Databook 2019,Global UAV Database 2026 seed package",,,,no image,2026-08-02T15:46:53+00:00,2026-08-02T15:46:53+00:00
UAV-F8BA49AFF2BA,Narai 3.0,Thailand,THA,Naval Research and Development Office (NRDO),,Military,Small / tactical; Rotary-wing,Rotary-wing,In use or under development as documented in 2019,,,Databook systems specification page 311.,Probable,0.7,Medium,,,,2,"Bard Drone Databook 2019,Global UAV Database 2026 seed package",,,,no image,2026-08-02T15:46:53+00:00,2026-08-02T15:46:53+00:00
UAV-F09F6F985DAA,U-1 Sky Scout,Thailand,THA,RV Connex,,Military,Small / tactical; Fixed-wing,Fixed-wing,In use or under development as documented in 2019,,,Databook systems specification page 311.,Probable,0.7,Medium,,,u-1,2,"Bard Drone Databook 2019,Global UAV Database 2026 seed package",,,,no image,2026-08-02T15:46:53+00:00,2026-08-02T15:46:53+00:00
UAV-7CEFC0FABB53,Bayraktar Akinci,Türkiye,TUR,,,Military,Heavy HALE/MALE UCAV,,Not specified,,,ISR / heavy strike,Needs Verification,0.47,Medium,,,,2,"Curated UAV Seed 2026,Global UAV Database 2026 seed package",,,,no image,2026-08-02T15:46:52+00:00,2026-08-02T15:46:52+00:00
UAV-791E2C7C31A5,Bayraktar Kizilelma,Türkiye,TUR,,,Military,Jet UCAV,,Not specified,,,Collaborative / strike,Needs Verification,0.47,Medium,,,,2,"Curated UAV Seed 2026,Global UAV Database 2026 seed package",,,,no image,2026-08-02T15:46:52+00:00,2026-08-02T15:46:52+00:00
UAV-EA724362D01A,Bayraktar TB3,Türkiye,TUR,,,Military,Ship-capable MALE,,Not specified,,,Naval ISR / strike,Needs Verification,0.47,Medium,,,tb3,2,"Curated UAV Seed 2026,Global UAV Database 2026 seed package",,,,no image,2026-08-02T15:46:52+00:00,2026-08-02T15:46:52+00:00
UAV-B42C5EFF320A,STM Alpagu,Türkiye,TUR,,,Military,Fixed-wing loitering munition,,Not specified,,,Tactical strike,Needs Verification,0.47,Medium,,,,2,"Curated UAV Seed 2026,Global UAV Database 2026 seed package",,,,no image,2026-08-02T15:46:52+00:00,2026-08-02T15:46:52+00:00
UAV-3B76115ABC15,TAI Aksungur,Türkiye,TUR,,,Military,Twin-engine MALE,,Not specified,,,ISR / strike / maritime,Needs Verification,0.47,Medium,,,,2,"Curated UAV Seed 2026,Global UAV Database 2026 seed package",,,,no image,2026-08-02T15:46:52+00:00,2026-08-02T15:46:52+00:00
UAV-4A3D908152F9,TAI Anka-3,Türkiye,TUR,,,Military,Flying-wing UCAV,,Not specified,,,Low-observable strike,Needs Verification,0.47,Medium,,,anka-3,2,"Curated UAV Seed 2026,Global UAV Database 2026 seed package",,,,no image,2026-08-02T15:46:52+00:00,2026-08-02T15:46:52+00:00
UAV-6ADADB1E220B,Serçe-1,Türkiye,TUR,Aselsan,,Military,Small / tactical; Rotary-wing,Rotary-wing,In use or under development as documented in 2019,,,Databook systems specification page 311.,Probable,0.7,Medium,,,,2,"Bard Drone Databook 2019,Global UAV Database 2026 seed package",,,,no image,2026-08-02T15:46:53+00:00,2026-08-02T15:46:53+00:00
UAV-2EA3572A6DEB,Bayraktar TB2,Türkiye,TUR,Baykar Makina,,Military,MALE fixed-wing,Fixed-wing,Not specified,,,Databook systems specification page 311.,Verified,0.8,High,,,Bayraktar-TB2 | tb2,3,"Curated UAV Seed 2026,Bard Drone Databook 2019,Global UAV Database 2026 seed package",,,,no image,2026-08-02T15:46:52+00:00,2026-08-02T15:46:52+00:00
UAV-93181A5F673D,Bayraktar Mini,Türkiye,TUR,Kale-Baykar,,Military,Small / tactical; Fixed-wing,Fixed-wing,In use or under development as documented in 2019,,,Databook systems specification page 311.,Probable,0.7,Medium,,,,2,"Bard Drone Databook 2019,Global UAV Database 2026 seed package",,,,no image,2026-08-02T15:46:53+00:00,2026-08-02T15:46:53+00:00
UAV-B179BF7D03ED,Kargu,Türkiye,TUR,STM,,Military,Small / tactical; Rotary-wing,Rotary-wing,In use or under development as documented in 2019,,,Databook systems specification page 311.,Verified,0.8,High,,,STM Kargu,3,"Curated UAV Seed 2026,Bard Drone Databook 2019,Global UAV Database 2026 seed package",,,,no image,2026-08-02T15:46:53+00:00,2026-08-02T15:46:54+00:00
UAV-B53C5FFA1020,Anka,Türkiye,TUR,TAI,,Military,Large / strategic; Fixed-wing,Fixed-wing,In use or under development as documented in 2019,,,Databook systems specification page 311.,Verified,0.8,High,,,TAI Anka,3,"Curated UAV Seed 2026,Bard Drone Databook 2019,Global UAV Database 2026 seed package",,,,no image,2026-08-02T15:46:53+00:00,2026-08-02T15:46:54+00:00
UAV-A73FA6F0E9C3,Karayel,Türkiye,TUR,Vestel Defence,,Military,Tactical MALE,Fixed-wing,Not specified,,,Databook systems specification page 311.,Verified,0.8,Medium,"Türkiye, Saudi Arabia",,,3,"Curated UAV Seed 2026,Bard Drone Databook 2019,Global UAV Database 2026 seed package",,,,no image,2026-08-02T15:46:52+00:00,2026-08-02T15:46:52+00:00
UAV-CFE99CFE65C9,AQ-400 Scythe,Ukraine,UKR,,,Military,One-way attack UAV,,Not specified,,,Long-range strike,Needs Verification,0.47,Medium,,,aq-400,2,"Curated UAV Seed 2026,Global UAV Database 2026 seed package",,,,no image,2026-08-02T15:46:52+00:00,2026-08-02T15:46:52+00:00
UAV-3D9730682D0E,Bober,Ukraine,UKR,,,Military,One-way attack UAV,,Not specified,,,Long-range strike,Needs Verification,0.47,Medium,,,,2,"Curated UAV Seed 2026,Global UAV Database 2026 seed package",,,,no image,2026-08-02T15:46:52+00:00,2026-08-02T15:46:52+00:00
UAV-DED9B03FBEA4,Magura V5,Ukraine,UKR,,,Military,Uncrewed surface vessel,,Not specified,,,Maritime strike (included as adjacent unmanned system),Needs Verification,0.47,Medium,,,v5,2,"Curated UAV Seed 2026,Global UAV Database 2026 seed package",,,,no image,2026-08-02T15:46:52+00:00,2026-08-02T15:46:52+00:00
UAV-9835E962E13F,PD-2,Ukraine,UKR,,,Military,VTOL fixed-wing,,Not specified,,,ISR / targeting,Needs Verification,0.47,Medium,,,pd-2,2,"Curated UAV Seed 2026,Global UAV Database 2026 seed package",,,,no image,2026-08-02T15:46:52+00:00,2026-08-02T15:46:52+00:00
UAV-4F90AF664B82,Shark,Ukraine,UKR,,,Military,Small fixed-wing,,Not specified,,,ISR / targeting,Needs Verification,0.47,Medium,,,,2,"Curated UAV Seed 2026,Global UAV Database 2026 seed package",,,,no image,2026-08-02T15:46:52+00:00,2026-08-02T15:46:52+00:00
UAV-101076B0D8AA,UJ-22 Airborne,Ukraine,UKR,,,Military,Long-range fixed-wing,,Not specified,,,Strike / ISR,Needs Verification,0.47,Medium,,,uj-22,2,"Curated UAV Seed 2026,Global UAV Database 2026 seed package",,,,no image,2026-08-02T15:46:52+00:00,2026-08-02T15:46:52+00:00
UAV-B7483DAFE7CD,Raybird-3,Ukraine,UKR,AVK Skateon,,Military,Small / tactical; Fixed-wing,Fixed-wing,In use or under development as documented in 2019,,,Databook systems specification page 312.,Probable,0.7,Medium,,,,2,"Bard Drone Databook 2019,Global UAV Database 2026 seed package",,,,no image,2026-08-02T15:46:53+00:00,2026-08-02T15:46:53+00:00
UAV-082E169B4F91,Horlytsya,Ukraine,UKR,Antonov,,Military,Medium tactical; Fixed-wing,Fixed-wing,In use or under development as documented in 2019,,,Databook systems specification page 312.,Probable,0.7,Medium,,,,2,"Bard Drone Databook 2019,Global UAV Database 2026 seed package",,,,no image,2026-08-02T15:46:53+00:00,2026-08-02T15:46:53+00:00
UAV-E79A0D325185,A1-S,Ukraine,UKR,Athlone Air,,Military,Small / tactical; Fixed-wing,Fixed-wing,In use or under development as documented in 2019,,,Databook systems specification page 312.,Probable,0.7,Medium,,,a1 | A1-S/M Fury | M Fury,2,"Bard Drone Databook 2019,Global UAV Database 2026 seed package",,,,no image,2026-08-02T15:46:53+00:00,2026-08-02T15:46:53+00:00
UAV-502FE1C05337,ASU-1 Valkyrie,Ukraine,UKR,Aviation Systems of Ukraine,,Military,Small / tactical; Fixed-wing,Fixed-wing,In use or under development as documented in 2019,,,Databook systems specification page 312.,Probable,0.7,Medium,,,asu-1,2,"Bard Drone Databook 2019,Global UAV Database 2026 seed package",,,,no image,2026-08-02T15:46:53+00:00,2026-08-02T15:46:53+00:00
UAV-CC54D6424233,Leleka-100,Ukraine,UKR,DeViro,,Military,Small fixed-wing,Fixed-wing,Not specified,,,Databook systems specification page 312.,Verified,0.8,High,,,,3,"Curated UAV Seed 2026,Bard Drone Databook 2019,Global UAV Database 2026 seed package",,,,no image,2026-08-02T15:46:52+00:00,2026-08-02T15:46:52+00:00
UAV-E093DA4A9788,Observer-S,Ukraine,UKR,Def C,,Military,Small / tactical; Fixed-wing,Fixed-wing,In use or under development as documented in 2019,,,Databook systems specification page 312.,Probable,0.7,Medium,,,,2,"Bard Drone Databook 2019,Global UAV Database 2026 seed package",,,,no image,2026-08-02T15:46:53+00:00,2026-08-02T15:46:53+00:00
UAV-741FAB3206F9,Spectator-M,Ukraine,UKR,Politeco Aero,,Military,Small / tactical; Fixed-wing,Fixed-wing,In use or under development as documented in 2019,,,Databook systems specification page 312.,Probable,0.7,Medium,,,,2,"Bard Drone Databook 2019,Global UAV Database 2026 seed package",,,,no image,2026-08-02T15:46:53+00:00,2026-08-02T15:46:53+00:00
UAV-A8B94E8BF25B,Sparrow,Ukraine,UKR,Spaitech,,Military,Small / tactical; Fixed-wing,Fixed-wing,In use or under development as documented in 2019,,,Databook systems specification page 312.,Probable,0.7,Medium,,,,2,"Bard Drone Databook 2019,Global UAV Database 2026 seed package",,,,no image,2026-08-02T15:46:53+00:00,2026-08-02T15:46:53+00:00
UAV-52FA7E4BC8C0,QX-4,United Arab Emirates,ARE,,,Military,Loitering / tactical UAS,,Not specified,,,Strike / ISR,Needs Verification,0.47,Medium,,,qx-4 | QX-4 / QX-5 families | QX-5 families,2,"Curated UAV Seed 2026,Global UAV Database 2026 seed package",,,,no image,2026-08-02T15:46:52+00:00,2026-08-02T15:46:52+00:00
UAV-0C3A9EABA4BC,Yabhon Flash-20*,United Arab Emirates,ARE,ADCOM Systems,,Military,Large / strategic; Fixed-wing,Fixed-wing,In use or under development as documented in 2019,,,Databook systems specification page 312.,Probable,0.7,Medium,,,,2,"Bard Drone Databook 2019,Global UAV Database 2026 seed package",,,,no image,2026-08-02T15:46:53+00:00,2026-08-02T15:46:53+00:00
UAV-CD20FB9D76F5,Yabhon United-40*,United Arab Emirates,ARE,ADCOM Systems,,Military,Large / strategic; Fixed-wing,Fixed-wing,In use or under development as documented in 2019,,,Databook systems specification page 312.,Verified,0.8,High,,,,3,"Curated UAV Seed 2026,Bard Drone Databook 2019,Global UAV Database 2026 seed package",,,,no image,2026-08-02T15:46:52+00:00,2026-08-02T15:46:52+00:00
UAV-779C49346FB2,Malloy T150,United Kingdom,GBR,,Malloy,Dual-use,Cargo multirotor,,Not specified,,,Resupply / logistics,Needs Verification,0.47,Medium,,,Malloy T150/T400 | t150,2,"Curated UAV Seed 2026,Global UAV Database 2026 seed package",,,,no image,2026-08-02T15:46:52+00:00,2026-08-02T15:46:52+00:00
UAV-2CC7CCD578A9,Malloy T400,United Kingdom,GBR,,Malloy,Dual-use,Cargo multirotor,,Not specified,,,Resupply / logistics,Needs Verification,0.47,Medium,,,Malloy T150/T400 | t400,2,"Curated UAV Seed 2026,Global UAV Database 2026 seed package",,,,no image,2026-08-02T15:46:52+00:00,2026-08-02T15:46:52+00:00
UAV-228F8945A112,Protector RG Mk1,United Kingdom,GBR,,,Military,MQ-9B MALE,,Not specified,,,ISR / strike,Needs Verification,0.47,Medium,,,mk1,2,"Curated UAV Seed 2026,Global UAV Database 2026 seed package",,,,no image,2026-08-02T15:46:52+00:00,2026-08-02T15:46:52+00:00
UAV-BF683F5C0DA9,Taranis demonstrator,United Kingdom,GBR,,,Military,Flying-wing UCAV demonstrator,,Not specified,,,Autonomy / low observability,Needs Verification,0.47,Medium,,,,2,"Curated UAV Seed 2026,Global UAV Database 2026 seed package",,,,no image,2026-08-02T15:46:52+00:00,2026-08-02T15:46:52+00:00
UAV-BC97FD8701EA,Vertical VX4,United Kingdom,GBR,,,Civilian / Commercial,eVTOL aircraft,,Not specified,,,Urban air mobility,Needs Verification,0.47,Medium,,,vx4,2,"Curated UAV Seed 2026,Global UAV Database 2026 seed package",,,,no image,2026-08-02T15:46:52+00:00,2026-08-02T15:46:52+00:00
UAV-2CCFF02B4959,Watchkeeper WK450,United Kingdom,GBR,,,Military,Tactical fixed-wing,,Not specified,,,ISR,Needs Verification,0.47,Medium,,,wk450,2,"Curated UAV Seed 2026,Global UAV Database 2026 seed package",,,,no image,2026-08-02T15:46:52+00:00,2026-08-02T15:46:52+00:00
UAV-D521AB6BD3D1,AeroVironment Quantix Recon,United States,USA,,,Dual-use,VTOL fixed-wing,,Not specified,,,Mapping / reconnaissance,Needs Verification,0.47,Medium,,,,2,"Curated UAV Seed 2026,Global UAV Database 2026 seed package",,,,no image,2026-08-02T15:46:52+00:00,2026-08-02T15:46:52+00:00
UAV-EEC747B4506E,Amazon MK30,United States,USA,,,Civilian / Commercial,Delivery UAV,,Not specified,,,Parcel delivery,Needs Verification,0.47,Medium,,,mk30,2,"Curated UAV Seed 2026,Global UAV Database 2026 seed package",,,,no image,2026-08-02T15:46:52+00:00,2026-08-02T15:46:52+00:00
UAV-BE6BA1DC5499,Anduril Ghost,United States,USA,,Anduril,Military,VTOL tactical UAS,,Not specified,,,ISR / autonomy,Needs Verification,0.47,Medium,,,Anduril Ghost / Ghost-X,2,"Curated UAV Seed 2026,Global UAV Database 2026 seed package",,,,no image,2026-08-02T15:46:52+00:00,2026-08-02T15:46:52+00:00
UAV-127447B1DF69,Anduril Ghost-X,United States,USA,,Anduril,Military,VTOL tactical UAS,,Not specified,,,ISR / autonomy,Needs Verification,0.47,Medium,,,Anduril Ghost / Ghost-X,2,"Curated UAV Seed 2026,Global UAV Database 2026 seed package",,,,no image,2026-08-02T15:46:52+00:00,2026-08-02T15:46:52+00:00
UAV-3A0E9AD63F2D,Archer Midnight,United States,USA,,,Civilian / Commercial,eVTOL aircraft,,Not specified,,,Urban air mobility,Needs Verification,0.47,Medium,,,,2,"Curated UAV Seed 2026,Global UAV Database 2026 seed package",,,,no image,2026-08-02T15:46:52+00:00,2026-08-02T15:46:52+00:00
UAV-5FDF53E08F71,Beta ALIA,United States,USA,,,Dual-use,eVTOL/CTOL aircraft,,Not specified,,,Cargo / passenger,Needs Verification,0.47,Medium,,,,2,"Curated UAV Seed 2026,Global UAV Database 2026 seed package",,,,no image,2026-08-02T15:46:52+00:00,2026-08-02T15:46:52+00:00
UAV-A4BB5205351D,Elroy Air Chaparral,United States,USA,,,Dual-use,Autonomous cargo VTOL,,Not specified,,,Middle-mile logistics,Needs Verification,0.47,Medium,,,,2,"Curated UAV Seed 2026,Global UAV Database 2026 seed package",,,,no image,2026-08-02T15:46:52+00:00,2026-08-02T15:46:52+00:00
UAV-E257C84EE829,Inspired Flight IF1200A,United States,USA,,,Dual-use,Heavy-lift multirotor,,Not specified,,,Mapping / public safety,Needs Verification,0.47,Medium,,,if1200a,2,"Curated UAV Seed 2026,Global UAV Database 2026 seed package",,,,no image,2026-08-02T15:46:52+00:00,2026-08-02T15:46:52+00:00
UAV-70C9E9F85A5B,Joby S4,United States,USA,,,Civilian / Commercial,Piloted/autonomous-capable eVTOL,,Not specified,,,Urban air mobility,Needs Verification,0.47,Medium,,,s4,2,"Curated UAV Seed 2026,Global UAV Database 2026 seed package",,,,no image,2026-08-02T15:46:52+00:00,2026-08-02T15:46:52+00:00
UAV-C39844FFCF4D,MQ-9A Reaper,United States,USA,,,Military,MALE fixed-wing,,Not specified,,,ISR / strike,Needs Verification,0.47,Medium,,,mq-9a,2,"Curated UAV Seed 2026,Global UAV Database 2026 seed package",,,,no image,2026-08-02T15:46:52+00:00,2026-08-02T15:46:52+00:00
UAV-AF13FE79393A,MQ-9B SeaGuardian,United States,USA,,MQ-9B,Military,MALE fixed-wing,,Not specified,,,ISR / maritime / strike,Needs Verification,0.47,Medium,,,mq-9b | MQ-9B SkyGuardian/SeaGuardian,2,"Curated UAV Seed 2026,Global UAV Database 2026 seed package",,,,no image,2026-08-02T15:46:52+00:00,2026-08-02T15:46:52+00:00
UAV-3EC58CDDB191,MQ-9B SkyGuardian,United States,USA,,MQ-9B,Military,MALE fixed-wing,,Not specified,,,ISR / maritime / strike,Needs Verification,0.47,Medium,,,mq-9b | MQ-9B SkyGuardian/SeaGuardian,2,"Curated UAV Seed 2026,Global UAV Database 2026 seed package",,,,no image,2026-08-02T15:46:52+00:00,2026-08-02T15:46:52+00:00
UAV-6C872E33587B,Manta Ray,United States,USA,,,Military,Large autonomous UUV,,Not specified,,,Undersea mission (adjacent unmanned system),Needs Verification,0.47,Medium,,,,2,"Curated UAV Seed 2026,Global UAV Database 2026 seed package",,,,no image,2026-08-02T15:46:52+00:00,2026-08-02T15:46:52+00:00
UAV-1E7FF1E21E37,Phoenix Ghost family,United States,USA,,,Military,Loitering munition,,Not specified,,,Tactical strike,Needs Verification,0.47,Medium,,,,2,"Curated UAV Seed 2026,Global UAV Database 2026 seed package",,,,no image,2026-08-02T15:46:52+00:00,2026-08-02T15:46:52+00:00
UAV-69D951181326,Puma AE,United States,USA,,,Dual-use,Small hand-launched fixed-wing,,Not specified,,,ISR / mapping,Needs Verification,0.47,Medium,,,,2,"Curated UAV Seed 2026,Global UAV Database 2026 seed package",,,,no image,2026-08-02T15:46:52+00:00,2026-08-02T15:46:52+00:00
UAV-88E36D91D90C,RQ-21A Blackjack,United States,USA,,,Military,Tactical fixed-wing,,Not specified,,,Maritime / land ISR,Needs Verification,0.47,Medium,,,rq-21a,2,"Curated UAV Seed 2026,Global UAV Database 2026 seed package",,,,no image,2026-08-02T15:46:52+00:00,2026-08-02T15:46:52+00:00
UAV-9C0EBD6B98F4,RQ-7B Shadow,United States,USA,,,Military,Tactical fixed-wing,,Not specified,,,Brigade ISR,Needs Verification,0.47,Medium,,,rq-7b,2,"Curated UAV Seed 2026,Global UAV Database 2026 seed package",,,,no image,2026-08-02T15:46:52+00:00,2026-08-02T15:46:52+00:00
UAV-17FDC736A8A7,Raven RQ-11,United States,USA,,,Military,Mini hand-launched fixed-wing,,Not specified,,,Tactical ISR,Needs Verification,0.47,Medium,,,rq-11,2,"Curated UAV Seed 2026,Global UAV Database 2026 seed package",,,,no image,2026-08-02T15:46:52+00:00,2026-08-02T15:46:52+00:00
UAV-093B1BE7EA04,Skydio X10,United States,USA,,,Dual-use,Autonomous quadrotor,,Not specified,,,Inspection / public safety,Needs Verification,0.47,Medium,,,x10,2,"Curated UAV Seed 2026,Global UAV Database 2026 seed package",,,,no image,2026-08-02T15:46:52+00:00,2026-08-02T15:46:52+00:00
UAV-2DFDC6BE0FEC,Skydio X2D,United States,USA,,,Dual-use,Autonomous quadrotor,,Not specified,,,Defense / public safety,Needs Verification,0.47,Medium,,,x2d,2,"Curated UAV Seed 2026,Global UAV Database 2026 seed package",,,,no image,2026-08-02T15:46:52+00:00,2026-08-02T15:46:52+00:00
UAV-A957715A9B48,Switchblade 300,United States,USA,,,Military,Loitering munition,,Not specified,,,Anti-personnel / light target,Needs Verification,0.47,Medium,,,,2,"Curated UAV Seed 2026,Global UAV Database 2026 seed package",,,,no image,2026-08-02T15:46:52+00:00,2026-08-02T15:46:52+00:00
UAV-8070D1B65709,Switchblade 600,United States,USA,,,Military,Loitering munition,,Not specified,,,Anti-armour,Needs Verification,0.47,Medium,,,,2,"Curated UAV Seed 2026,Global UAV Database 2026 seed package",,,,no image,2026-08-02T15:46:52+00:00,2026-08-02T15:46:52+00:00
UAV-44554D4781D4,Wing delivery drone,United States,USA,,,Civilian / Commercial,Hybrid VTOL delivery UAV,,Not specified,,,Parcel delivery,Needs Verification,0.47,Medium,,,,2,"Curated UAV Seed 2026,Global UAV Database 2026 seed package",,,,no image,2026-08-02T15:46:52+00:00,2026-08-02T15:46:52+00:00
UAV-655A51B74BEF,Wisk Generation 6,United States,USA,,,Civilian / Commercial,Autonomous eVTOL,,Not specified,,,Urban air mobility,Needs Verification,0.47,Medium,,,,2,"Curated UAV Seed 2026,Global UAV Database 2026 seed package",,,,no image,2026-08-02T15:46:52+00:00,2026-08-02T15:46:52+00:00
UAV-0EFDEFE44A2E,XQ-58A Valkyrie,United States,USA,,,Military,Collaborative combat aircraft,,Not specified,,,Attritable combat support,Needs Verification,0.47,Medium,,,xq-58a,2,"Curated UAV Seed 2026,Global UAV Database 2026 seed package",,,,no image,2026-08-02T15:46:52+00:00,2026-08-02T15:46:52+00:00
UAV-AA669DC483E4,Zipline Platform 1,United States,USA,,,Civilian / Commercial,Fixed-wing delivery UAV,,Not specified,,,Medical logistics,Needs Verification,0.47,Medium,,,,2,"Curated UAV Seed 2026,Global UAV Database 2026 seed package",,,,no image,2026-08-02T15:46:52+00:00,2026-08-02T15:46:52+00:00
UAV-CD6175FCCF25,Zipline Platform 2,United States,USA,,,Civilian / Commercial,VTOL delivery system,,Not specified,,,Precision delivery,Needs Verification,0.47,Medium,,,,2,"Curated UAV Seed 2026,Global UAV Database 2026 seed package",,,,no image,2026-08-02T15:46:52+00:00,2026-08-02T15:46:52+00:00
UAV-862CCCCD978E,Aero,United States,USA,3D Robotics,,Civilian / Commercial,Commercial multirotor/fixed-wing,,Listed in OpenDroneList,,,,Probable,0.67,Medium,,,3D Robotics Aero,3,"OpenDroneList,Global UAV Database 2026 seed package,OpenDroneList community drone registry",,,,no image,2026-08-02T15:46:52+00:00,2026-08-02T15:46:54+00:00
UAV-B92FA989A29C,Aero M,United States,USA,3D Robotics,,Civilian / Commercial,Commercial multirotor/fixed-wing,,Listed in OpenDroneList,,,,Probable,0.67,Medium,,,3D Robotics Aero M,3,"OpenDroneList,Global UAV Database 2026 seed package,OpenDroneList community drone registry",,,,no image,2026-08-02T15:46:52+00:00,2026-08-02T15:46:54+00:00
UAV-3E9AFE235A0E,IRIS+,United States,USA,3D Robotics,,Civilian / Commercial,Commercial multirotor/fixed-wing,,Listed in OpenDroneList,,,,Probable,0.67,Medium,,,3D Robotics IRIS+,3,"OpenDroneList,Global UAV Database 2026 seed package,OpenDroneList community drone registry",,,,no image,2026-08-02T15:46:52+00:00,2026-08-02T15:46:54+00:00
UAV-49F25741FF0D,Solo,United States,USA,3D Robotics,,Civilian / Commercial,Commercial multirotor/fixed-wing,,Listed in OpenDroneList,,,,Probable,0.67,Medium,,,3D Robotics Solo,3,"OpenDroneList,Global UAV Database 2026 seed package,OpenDroneList community drone registry",,,,no image,2026-08-02T15:46:52+00:00,2026-08-02T15:46:54+00:00
UAV-35B7B3BC3A74,X8+,United States,USA,3D Robotics,,Civilian / Commercial,Commercial multirotor/fixed-wing,,Listed in OpenDroneList,,,,Probable,0.67,Medium,,,3D Robotics X8+ | x8,3,"OpenDroneList,Global UAV Database 2026 seed package,OpenDroneList community drone registry",,,,no image,2026-08-02T15:46:52+00:00,2026-08-02T15:46:54+00:00
UAV-11391C93594F,X8-M,United States,USA,3D Robotics,,Civilian / Commercial,Commercial multirotor/fixed-wing,,Listed in OpenDroneList,,,,Probable,0.67,Medium,,,3D Robotics X8-M | x8,3,"OpenDroneList,Global UAV Database 2026 seed package,OpenDroneList community drone registry",,,,no image,2026-08-02T15:46:52+00:00,2026-08-02T15:46:54+00:00
UAV-EA2801DE4AAC,MQ-19 Aerosonde,United States,USA,AAI,,Military,Small / tactical; Fixed-wing,Fixed-wing,In use or under development as documented in 2019,,,Databook systems specification page 312.,Probable,0.7,Medium,,,mq-19,2,"Bard Drone Databook 2019,Global UAV Database 2026 seed package",,,,no image,2026-08-02T15:46:53+00:00,2026-08-02T15:46:53+00:00
UAV-84E1387E15F7,RQ-7 Shadow,United States,USA,AAI,,Military,Medium tactical; Fixed-wing,Fixed-wing,In use or under development as documented in 2019,,,Databook systems specification page 313.,Probable,0.7,Medium,,,rq-7,2,"Bard Drone Databook 2019,Global UAV Database 2026 seed package",,,,no image,2026-08-02T15:46:53+00:00,2026-08-02T15:46:53+00:00
UAV-BECA73270CDB,RQ-11,United States,USA,AeroVironment,,Military,Small / tactical; Fixed-wing,Fixed-wing,In use or under development as documented in 2019,,,Databook systems specification page 313.,Probable,0.7,Medium,,,rq-11,2,"Bard Drone Databook 2019,Global UAV Database 2026 seed package",,,,no image,2026-08-02T15:46:53+00:00,2026-08-02T15:46:53+00:00
UAV-635EF70F8D60,RQ-12 Wasp,United States,USA,AeroVironment,,Military,Small / tactical; Fixed-wing,Fixed-wing,In use or under development as documented in 2019,,,Databook systems specification page 313.,Probable,0.7,Medium,,,rq-12,2,"Bard Drone Databook 2019,Global UAV Database 2026 seed package",,,,no image,2026-08-02T15:46:53+00:00,2026-08-02T15:46:53+00:00
UAV-DD6531EF2CDD,RQ-20 Puma (AE),United States,USA,AeroVironment,,Military,Small / tactical; Fixed-wing,Fixed-wing,In use or under development as documented in 2019,,,Databook systems specification page 313.,Probable,0.7,Medium,,,rq-20,2,"Bard Drone Databook 2019,Global UAV Database 2026 seed package",,,,no image,2026-08-02T15:46:53+00:00,2026-08-02T15:46:53+00:00
UAV-1BE1E711CD26,Switchblade,United States,USA,AeroVironment,,Military,Small / tactical; Fixed-wing,Fixed-wing,In use or under development as documented in 2019,,,Databook systems specification page 313.,Probable,0.7,Medium,,,,2,"Bard Drone Databook 2019,Global UAV Database 2026 seed package",,,,no image,2026-08-02T15:46:53+00:00,2026-08-02T15:46:53+00:00
UAV-936254B7A90A,T-20 JUMP,United States,USA,Arcturus,,Military,Small / tactical; Fixed-wing,Fixed-wing,In use or under development as documented in 2019,,,Databook systems specification page 313.,Probable,0.7,Medium,,,t-20,2,"Bard Drone Databook 2019,Global UAV Database 2026 seed package",,,,no image,2026-08-02T15:46:53+00:00,2026-08-02T15:46:53+00:00
UAV-58C3C369D519,Silver Fox,United States,USA,"BAE,Raytheon",,Military,Small / tactical; Fixed-wing,Fixed-wing,In use or under development as documented in 2019,,,Databook systems specification page 313.,Probable,0.7,Medium,,,,2,"Bard Drone Databook 2019,Global UAV Database 2026 seed package",,,,no image,2026-08-02T15:46:53+00:00,2026-08-02T15:46:53+00:00
UAV-0B8FC0E9C9F7,MQ-25 Stingray,United States,USA,Boeing,,Military,Carrier fixed-wing,Fixed-wing,Not specified,,,Databook systems specification page 313.,Verified,0.8,High,,,mq-25,3,"Curated UAV Seed 2026,Bard Drone Databook 2019,Global UAV Database 2026 seed package",,,,no image,2026-08-02T15:46:52+00:00,2026-08-02T15:46:52+00:00
UAV-D55CE04D48A9,Black Hornet (PRS),United States,USA,FLIR,,Military,Small / tactical; Rotary-wing,Rotary-wing,In use or under development as documented in 2019,,,Databook systems specification page 312.,Probable,0.7,Medium,,,,2,"Bard Drone Databook 2019,Global UAV Database 2026 seed package",,,,no image,2026-08-02T15:46:53+00:00,2026-08-02T15:46:53+00:00
UAV-90C9D7BDFB9D,Astro,United States,USA,Freefly,,Civilian / Commercial,Commercial multirotor/fixed-wing,,Listed in OpenDroneList,,,,Probable,0.67,Medium,,,Freefly Astro,3,"OpenDroneList,Global UAV Database 2026 seed package,OpenDroneList community drone registry",,,,no image,2026-08-02T15:46:52+00:00,2026-08-02T15:46:54+00:00
UAV-0CE1A17DAA41,Freefly Alta X,United States,USA,Freefly,,Civilian / Commercial,Heavy-lift multirotor,,Not specified,,,Cinema / sensors / cargo,Probable,0.77,High,,,Alta X,4,"Curated UAV Seed 2026,OpenDroneList,Global UAV Database 2026 seed package,OpenDroneList community drone registry",,,,no image,2026-08-02T15:46:52+00:00,2026-08-02T15:46:54+00:00
UAV-8EBB238AD2EF,MQ-1 Predator,United States,USA,GA-ASI,,Military,Large / strategic; Fixed-wing,Fixed-wing,In use or under development as documented in 2019,,,Databook systems specification page 312.,Probable,0.7,Medium,,,mq-1,2,"Bard Drone Databook 2019,Global UAV Database 2026 seed package",,,,no image,2026-08-02T15:46:53+00:00,2026-08-02T15:46:53+00:00
UAV-864D8FEC9E00,MQ-1C Gray Eagle,United States,USA,GA-ASI,,Military,MALE fixed-wing,Fixed-wing,Not specified,,,Databook systems specification page 313.,Verified,0.8,High,,,mq-1c,3,"Curated UAV Seed 2026,Bard Drone Databook 2019,Global UAV Database 2026 seed package",,,,no image,2026-08-02T15:46:52+00:00,2026-08-02T15:46:52+00:00
UAV-EBFB3D60FFEF,MQ-9 Reaper,United States,USA,GA-ASI,,Military,Large / strategic; Fixed-wing,Fixed-wing,In use or under development as documented in 2019,,,Databook systems specification page 313.,Probable,0.7,Medium,,,mq-9,2,"Bard Drone Databook 2019,Global UAV Database 2026 seed package",,,,no image,2026-08-02T15:46:53+00:00,2026-08-02T15:46:53+00:00
UAV-512423CB3A48,Karma,United States,USA,GoPro,,Civilian / Commercial,Commercial multirotor/fixed-wing,Rotary-wing,Listed in OpenDroneList,,,Databook systems specification page 312.,Verified,0.9,High,,,GoPro Karma,4,"OpenDroneList,Bard Drone Databook 2019,Global UAV Database 2026 seed package,OpenDroneList community drone registry",,,,no image,2026-08-02T15:46:52+00:00,2026-08-02T15:46:54+00:00
UAV-22503CF02BDE,T-Hawk,United States,USA,Honeywell,,Military,Small / tactical; Rotary-wing,Rotary-wing,In use or under development as documented in 2019,,,Databook systems specification page 313.,Probable,0.7,Medium,,,,2,"Bard Drone Databook 2019,Global UAV Database 2026 seed package",,,,no image,2026-08-02T15:46:53+00:00,2026-08-02T15:46:53+00:00
UAV-72A1AEC4E0CA,RQ-21 Blackjack,United States,USA,Insitu,,Military,Small / tactical; Fixed-wing,Fixed-wing,In use or under development as documented in 2019,,,Databook systems specification page 313.,Probable,0.7,Medium,,,rq-21,2,"Bard Drone Databook 2019,Global UAV Database 2026 seed package",,,,no image,2026-08-02T15:46:53+00:00,2026-08-02T15:46:53+00:00
UAV-FFD701E7502F,ScanEagle,United States,USA,Insitu,,Dual-use,Small fixed-wing,Fixed-wing,Not specified,,,Databook systems specification page 313.,Verified,0.8,High,,,,3,"Curated UAV Seed 2026,Bard Drone Databook 2019,Global UAV Database 2026 seed package",,,,no image,2026-08-02T15:46:52+00:00,2026-08-02T15:46:52+00:00
UAV-254D7329D62D,K-MAX,United States,USA,Kaman,,Military,Large / strategic; Rotary-wing,Rotary-wing,In use or under development as documented in 2019,,,Databook systems specification page 312.,Probable,0.7,Medium,,,,2,"Bard Drone Databook 2019,Global UAV Database 2026 seed package",,,,no image,2026-08-02T15:46:53+00:00,2026-08-02T15:46:53+00:00
UAV-CDB6FDBE91FA,Alias,United States,USA,LaTrax,,Civilian / Commercial,Commercial multirotor/fixed-wing,,Listed in OpenDroneList,,,,Probable,0.67,Medium,,,LaTrax Alias,3,"OpenDroneList,Global UAV Database 2026 seed package,OpenDroneList community drone registry",,,,no image,2026-08-02T15:46:52+00:00,2026-08-02T15:46:54+00:00
UAV-2BBE5CF43B5E,Desert Hawk (3),United States,USA,Lockheed Martin,,Military,Small / tactical; Fixed-wing,Fixed-wing,In use or under development as documented in 2019,,,Databook systems specification page 312.,Probable,0.7,Medium,,,,2,"Bard Drone Databook 2019,Global UAV Database 2026 seed package",,,,no image,2026-08-02T15:46:53+00:00,2026-08-02T15:46:53+00:00
UAV-81280961FB08,RQ-170 Sentinel,United States,USA,Lockheed Martin,,Military,Low-observable flying wing,Fixed-wing,Not specified,,,Databook systems specification page 313.,Verified,0.8,High,,,rq-170,3,"Curated UAV Seed 2026,Bard Drone Databook 2019,Global UAV Database 2026 seed package",,,,no image,2026-08-02T15:46:52+00:00,2026-08-02T15:46:52+00:00
UAV-CEA6755B2671,Stalker,United States,USA,Lockheed Martin,,Military,Small / tactical; Fixed-wing,Fixed-wing,In use or under development as documented in 2019,,,Databook systems specification page 313.,Probable,0.7,Medium,,,,2,"Bard Drone Databook 2019,Global UAV Database 2026 seed package",,,,no image,2026-08-02T15:46:53+00:00,2026-08-02T15:46:53+00:00
UAV-95B4AA3D86A0,RQ-23 Tigershark,United States,USA,Navmar Applied Sciences Corporation,,Military,Medium tactical; Fixed-wing,Fixed-wing,In use or under development as documented in 2019,,,Databook systems specification page 313.,Probable,0.7,Medium,,,rq-23,2,"Bard Drone Databook 2019,Global UAV Database 2026 seed package",,,,no image,2026-08-02T15:46:53+00:00,2026-08-02T15:46:53+00:00
UAV-6FB05E2123B3,MQ-4C Triton,United States,USA,Northrop Grumman,,Military,HALE fixed-wing,Fixed-wing,Not specified,,,Databook systems specification page 313.,Verified,0.8,High,,,mq-4c,3,"Curated UAV Seed 2026,Bard Drone Databook 2019,Global UAV Database 2026 seed package",,,,no image,2026-08-02T15:46:52+00:00,2026-08-02T15:46:52+00:00
UAV-C9A6ED45C8EB,MQ-8 Fire Scout ( C ),United States,USA,Northrop Grumman,,Military,Large / strategic; Rotary-wing,Rotary-wing,In use or under development as documented in 2019,,,Databook systems specification page 313.,Probable,0.7,Medium,,,mq-8,2,"Bard Drone Databook 2019,Global UAV Database 2026 seed package",,,,no image,2026-08-02T15:46:53+00:00,2026-08-02T15:46:53+00:00
UAV-848F374E7C7E,RQ-180,United States,USA,Northrop Grumman,,Military,Large / strategic; Fixed-wing,Fixed-wing,In use or under development as documented in 2019,,,Databook systems specification page 313.,Probable,0.7,Medium,,,rq-180,2,"Bard Drone Databook 2019,Global UAV Database 2026 seed package",,,,no image,2026-08-02T15:46:53+00:00,2026-08-02T15:46:53+00:00
UAV-06763535C536,RQ-4 Global Hawk,United States,USA,Northrop Grumman,,Military,HALE fixed-wing,Fixed-wing,Not specified,,,Databook systems specification page 313.,Verified,0.8,High,,,rq-4,3,"Curated UAV Seed 2026,Bard Drone Databook 2019,Global UAV Database 2026 seed package",,,,no image,2026-08-02T15:46:52+00:00,2026-08-02T15:46:52+00:00
UAV-72BB3DA76919,InstantEye (Gen3),United States,USA,Physical Sciences,,Military,Small / tactical; Rotary-wing,Rotary-wing,In use or under development as documented in 2019,,,Databook systems specification page 312.,Probable,0.7,Medium,,,gen3,2,"Bard Drone Databook 2019,Global UAV Database 2026 seed package",,,,no image,2026-08-02T15:46:53+00:00,2026-08-02T15:46:53+00:00
UAV-A6E066A8645A,Phoenix 30,United States,USA,UAV Solutions,,Military,Small / tactical; Rotary-wing,Rotary-wing,In use or under development as documented in 2019,,,Databook systems specification page 313.,Probable,0.7,Medium,,,,2,"Bard Drone Databook 2019,Global UAV Database 2026 seed package",,,,no image,2026-08-02T15:46:53+00:00,2026-08-02T15:46:53+00:00
UAV-4D47CDED864C,CUBEE,Unknown,,AirWood,,Civilian / Commercial,Commercial multirotor/fixed-wing,,Listed in OpenDroneList,,,,Probable,0.52,None,,,AirWood CUBEE,3,"OpenDroneList,Global UAV Database 2026 seed package,OpenDroneList community drone registry",,,,no image,2026-08-02T15:46:52+00:00,2026-08-02T15:46:54+00:00
UAV-892684D962FF,Aquila 2,Unknown,,Codev Dynamics,,Civilian / Commercial,Commercial multirotor/fixed-wing,,Listed in OpenDroneList,,,,Probable,0.52,None,,,Codev Dynamics Aquila 2,3,"OpenDroneList,Global UAV Database 2026 seed package,OpenDroneList community drone registry",,,,no image,2026-08-02T15:46:52+00:00,2026-08-02T15:46:54+00:00
UAV-71C8AF453713,Aquila 3,Unknown,,Codev Dynamics,,Civilian / Commercial,Commercial multirotor/fixed-wing,,Listed in OpenDroneList,,,,Probable,0.52,None,,,Codev Dynamics Aquila 3,3,"OpenDroneList,Global UAV Database 2026 seed package,OpenDroneList community drone registry",,,,no image,2026-08-02T15:46:52+00:00,2026-08-02T15:46:54+00:00
UAV-6E2F9E6111E7,Hunter,Unknown,,"IAI,Northrop Grumman",,Military,Large / strategic; Fixed-wing,Fixed-wing,In use or under development as documented in 2019,,,Databook systems specification page 307.,Needs Verification,0.55,None,"Israel, Multinational",,,2,"Bard Drone Databook 2019,Global UAV Database 2026 seed package",,,,no image,2026-08-02T15:46:52+00:00,2026-08-02T15:46:52+00:00
UAV-64BD05D89142,ANT,Uruguay,URY,CIACA,,Military,Small / tactical; Fixed-wing,Fixed-wing,In use or under development as documented in 2019,,,Databook systems specification page 312.,Probable,0.7,Medium,,,,2,"Bard Drone Databook 2019,Global UAV Database 2026 seed package",,,,no image,2026-08-02T15:46:53+00:00,2026-08-02T15:46:53+00:00
UAV-70697A773045,Shikra,Vietnam,VNM,Viettel,,Military,Small / tactical; Fixed-wing,Fixed-wing,In use or under development as documented in 2019,,,Databook systems specification page 314.,Probable,0.7,Medium,,,,2,"Bard Drone Databook 2019,Global UAV Database 2026 seed package",,,,no image,2026-08-02T15:46:53+00:00,2026-08-02T15:46:53+00:00
