week,chokepoint_id,chokepoint,events_within,fatalities_within,threat_events,events_weighted,threat_weighted,admin_units,events_4w,escalation_z,escalating
2014-12-27,somali_basin,Somali Basin / Horn approaches,4,1,3.0,1.6220824557809954,1.0823836056510232,3,4.0,,False
2014-12-27,gulf_of_aden,Gulf of Aden,15,27,11.0,13.107309030812361,9.559205704862812,8,15.0,,False
2014-12-27,southern_red_sea,Southern Red Sea,11,23,7.0,5.176518064618045,2.550596759995055,5,11.0,,False
2014-12-27,bab_el_mandeb,Bab-el-Mandeb,12,23,8.0,4.876306142076573,3.3198676973842383,6,12.0,,False
2015-01-03,southern_red_sea,Southern Red Sea,53,83,27.0,30.86081116835924,15.35835776306838,13,64.0,,False
2015-01-03,bab_el_mandeb,Bab-el-Mandeb,52,83,27.0,25.513374377036676,12.004053066862381,12,64.0,,False
2015-01-03,somali_basin,Somali Basin / Horn approaches,21,7,8.0,7.961970160802053,2.446942315652763,6,25.0,,False
2015-01-03,gulf_of_aden,Gulf of Aden,68,87,37.0,55.007759042557566,30.470868422931375,16,83.0,,False
2015-01-10,southern_red_sea,Southern Red Sea,45,20,23.0,24.003599277724298,13.643570307132471,10,109.0,,False
2015-01-10,gulf_of_aden,Gulf of Aden,55,27,31.0,49.716661219274165,27.424255206416472,13,138.0,,False
2015-01-10,somali_basin,Somali Basin / Horn approaches,34,7,16.0,13.277613105403539,4.796600665382576,5,59.0,,False
2015-01-10,bab_el_mandeb,Bab-el-Mandeb,48,22,26.0,28.419357195051262,14.512897181993365,11,112.0,,False
2015-01-17,somali_basin,Somali Basin / Horn approaches,19,2,7.0,7.2877307353143586,2.023769595115354,6,78.0,-0.04431333960293286,False
2015-01-17,southern_red_sea,Southern Red Sea,55,52,29.0,34.27964411429374,18.35291310605364,13,164.0,0.8370337857783313,False
2015-01-17,gulf_of_aden,Gulf of Aden,66,59,35.0,55.10435171007633,28.714488859735305,16,204.0,0.7240486142559965,False
2015-01-17,bab_el_mandeb,Bab-el-Mandeb,55,48,29.0,25.996721747546577,12.439029156490262,12,167.0,0.8019264807861631,False
2015-01-24,persian_gulf,Persian Gulf,1,0,1.0,0.7753129895853472,0.7753129895853472,1,1.0,,False
2015-01-24,bab_el_mandeb,Bab-el-Mandeb,81,77,40.0,39.774155062431255,18.42683334797132,12,236.0,1.9586273784769386,False
2015-01-24,somali_basin,Somali Basin / Horn approaches,42,22,18.0,15.107154909819034,6.310408045313022,6,116.0,1.831024032235109,False
2015-01-24,southern_red_sea,Southern Red Sea,69,68,35.0,40.949578376234015,19.374569299135043,11,222.0,1.3684339461472568,False
2015-01-24,gulf_of_aden,Gulf of Aden,92,85,49.0,78.18797063635739,40.55656100292013,14,281.0,1.6618587094600146,False
2015-01-31,bab_el_mandeb,Bab-el-Mandeb,46,54,25.0,26.406607300168044,15.061473929190022,12,230.0,-0.14584344411739478,False
2015-01-31,somali_basin,Somali Basin / Horn approaches,21,21,15.0,7.241301870852271,5.422363233897138,6,116.0,-0.20483662259967567,False
2015-01-31,southern_red_sea,Southern Red Sea,47,52,26.0,27.82404012112663,12.929537542391577,13,216.0,0.018434941519273367,False
2015-01-31,gulf_of_aden,Gulf of Aden,56,62,35.0,46.94734982850488,29.702721595883204,16,269.0,-0.11365683268060384,False
2015-02-07,somali_basin,Somali Basin / Horn approaches,24,48,13.0,8.346823620817752,3.9929962186440546,5,106.0,0.03800331403348188,False
2015-02-07,southern_red_sea,Southern Red Sea,64,82,35.0,38.090227766099204,21.039492721813623,12,235.0,0.8931070025445442,False
2015-02-07,bab_el_mandeb,Bab-el-Mandeb,63,81,34.0,33.31582502024125,17.837019313916706,11,245.0,0.6327138353044137,False
2015-02-07,gulf_of_aden,Gulf of Aden,79,117,48.0,67.09881456665552,39.219711696713965,14,293.0,0.8063536400195442,False
2015-02-14,southern_red_sea,Southern Red Sea,54,92,37.0,30.631977797358,19.14642191520459,13,234.0,0.25713586639623864,False
2015-02-14,bab_el_mandeb,Bab-el-Mandeb,56,89,39.0,27.60033693318044,18.65381149788225,12,246.0,0.23945657130528783,False
2015-02-14,gulf_of_aden,Gulf of Aden,68,124,48.0,59.66217748609306,42.34177978053979,16,295.0,0.26489537935442853,False
2015-02-14,somali_basin,Somali Basin / Horn approaches,26,15,18.0,10.3046433142962,7.193552909805201,6,113.0,0.2021804759054168,False
2015-02-21,bab_el_mandeb,Bab-el-Mandeb,56,43,25.0,31.974457768388547,13.94078143124416,12,221.0,0.2253720065687673,False
2015-02-21,somali_basin,Somali Basin / Horn approaches,29,12,14.0,10.756198094004159,6.003622311916907,6,100.0,0.45947827078791476,False
2015-02-21,southern_red_sea,Southern Red Sea,55,43,25.0,32.76245978246113,13.311953098577819,11,220.0,0.29876567726193864,False
2015-02-21,gulf_of_aden,Gulf of Aden,59,45,28.0,52.1601519743371,24.389597042842695,14,262.0,-0.14945012838161056,False
2015-02-28,bab_el_mandeb,Bab-el-Mandeb,38,58,25.0,20.645698220855245,13.492891499077949,11,213.0,-1.7408214691585566,False
2015-02-28,persian_gulf,Persian Gulf,1,0,0.0,0.7753129895853472,0.0,1,2.0,,False
2015-02-28,somali_basin,Somali Basin / Horn approaches,15,4,9.0,4.886706317397838,3.0804089512447552,5,94.0,-1.54186850625014,False
2015-02-28,southern_red_sea,Southern Red Sea,41,63,27.0,23.858624874079073,13.85899180537818,12,214.0,-1.7862409035895928,False
2015-02-28,gulf_of_aden,Gulf of Aden,51,73,35.0,44.39861721341975,30.572920615997475,14,257.0,-1.3493062494188854,False
2015-03-07,somali_basin,Somali Basin / Horn approaches,18,26,13.0,6.620596741085045,4.888179008531912,6,88.0,-0.9503678509570394,False
2015-03-07,bab_el_mandeb,Bab-el-Mandeb,44,68,31.0,22.742355552049677,16.093284993670718,10,194.0,-0.883679604427151,False
2015-03-07,southern_red_sea,Southern Red Sea,46,62,31.0,26.0537262295638,15.32100591535496,11,196.0,-0.8198550299802111,False
2015-03-07,gulf_of_aden,Gulf of Aden,49,70,34.0,42.28127405699666,30.11130307607434,13,227.0,-1.2090520451103977,False
2015-03-14,gulf_of_aden,Gulf of Aden,66,229,42.0,56.59858803774803,36.84455093265696,16,225.0,0.06822210286372692,False
2015-03-14,northern_red_sea,Northern & Central Red Sea,1,1,1.0,1.0,1.0,1,1.0,,False
2015-03-14,somali_basin,Somali Basin / Horn approaches,33,42,21.0,12.742222376912782,8.375176282896907,6,95.0,1.0317092767720746,False
2015-03-14,bab_el_mandeb,Bab-el-Mandeb,59,224,37.0,32.19432497874025,20.208097529386706,12,197.0,0.3108232161246068,False
2015-03-14,southern_red_sea,Southern Red Sea,59,228,37.0,32.611586101229044,18.12522868162861,14,201.0,0.5495140721208492,False
2015-03-21,gulf_of_aden,Gulf of Aden,132,296,89.0,105.28649136632983,65.9756100759744,16,298.0,4.570880891869703,True
2015-03-21,somali_basin,Somali Basin / Horn approaches,57,129,24.0,20.262927973687955,9.015269742547815,6,123.0,3.569387945156747,True
2015-03-21,bab_el_mandeb,Bab-el-Mandeb,104,250,62.0,55.91738795778593,28.200309358759707,11,245.0,3.6418587052780698,True
2015-03-21,southern_red_sea,Southern Red Sea,119,256,80.0,72.49864254616666,51.04305764863909,13,265.0,6.8019586839876185,True
2015-03-28,persian_gulf,Persian Gulf,1,0,1.0,0.2289057093851113,0.2289057093851113,1,3.0,,False
2015-03-28,somali_basin,Somali Basin / Horn approaches,79,452,62.0,29.336329744107555,22.574450084995586,6,187.0,3.896828962404784,True
2015-03-28,bab_el_mandeb,Bab-el-Mandeb,159,533,135.0,81.97640572445238,67.8086054069896,13,366.0,4.958870026157286,True
2015-03-28,southern_red_sea,Southern Red Sea,199,563,176.0,134.7778739093943,120.401208068818,16,423.0,5.594865640004565,True
2015-03-28,gulf_of_aden,Gulf of Aden,223,719,192.0,164.56190868720395,140.03710633648663,19,470.0,5.688445510178935,True
2015-04-04,persian_gulf,Persian Gulf,1,2,1.0,0.2289057093851113,0.2289057093851113,1,4.0,,False
2015-04-04,southern_red_sea,Southern Red Sea,184,341,153.0,116.78560203031188,95.67548894663908,15,561.0,1.9355331808821756,False
2015-04-04,gulf_of_aden,Gulf of Aden,218,558,174.0,175.07889788007202,139.20053124485875,18,639.0,2.1361613752352744,True
2015-04-04,somali_basin,Somali Basin / Horn approaches,91,365,75.0,33.871793795897545,27.694116477410343,6,260.0,2.5538032920573723,True
2015-04-04,bab_el_mandeb,Bab-el-Mandeb,164,404,132.0,83.0384959236963,67.20195227306354,13,486.0,2.2810852659627274,True
2015-04-11,southern_red_sea,Southern Red Sea,154,558,141.0,94.7866185930906,86.69857479522209,15,656.0,0.9192159078180554,False
2015-04-11,bab_el_mandeb,Bab-el-Mandeb,129,499,115.0,70.35098315781575,63.66398755257636,12,556.0,0.8599394154935147,False
2015-04-11,gulf_of_aden,Gulf of Aden,178,645,153.0,140.3419569467845,120.49495329187238,18,751.0,0.9417878172340889,False
2015-04-11,somali_basin,Somali Basin / Horn approaches,76,395,67.0,28.86106517912053,25.807649810996224,6,303.0,1.1302333546992132,False
2015-04-18,gulf_of_aden,Gulf of Aden,181,656,169.0,149.35345415995934,139.87707865021318,16,800.0,0.7792508312823455,False
2015-04-18,southern_red_sea,Southern Red Sea,153,552,145.0,89.77488908726596,84.55143168114094,13,690.0,0.7027358362975901,False
2015-04-18,somali_basin,Somali Basin / Horn approaches,92,357,87.0,33.12154615642319,31.171390006899248,6,338.0,1.4167349719990219,False
2015-04-18,bab_el_mandeb,Bab-el-Mandeb,142,547,134.0,78.52873685526166,74.920567048568,11,594.0,0.924912651468231,False
2015-04-25,southern_red_sea,Southern Red Sea,233,761,203.0,146.68627612703997,130.58539734183395,16,724.0,1.7959958116988821,False
2015-04-25,gulf_of_aden,Gulf of Aden,245,797,213.0,191.33151173955437,163.31820311828903,19,822.0,1.4666895439546601,False
2015-04-25,bab_el_mandeb,Bab-el-Mandeb,198,750,170.0,114.87156208061305,98.6426566778351,13,633.0,1.8032512082033134,False
2015-04-25,somali_basin,Somali Basin / Horn approaches,115,469,96.0,43.02634367113047,36.125490576814656,6,374.0,1.8035835849142752,False
2015-05-02,gulf_of_aden,Gulf of Aden,169,426,155.0,123.33945204604292,113.07974274049413,18,773.0,0.1028183106482705,False
2015-05-02,bab_el_mandeb,Bab-el-Mandeb,114,303,104.0,57.68421815980149,51.83342873956909,13,583.0,-0.20515803251225767,False
2015-05-02,somali_basin,Somali Basin / Horn approaches,61,243,55.0,23.95518958070238,21.84169413375568,6,344.0,-0.2823947548340154,False
2015-05-02,southern_red_sea,Southern Red Sea,154,370,143.0,99.633262728169,92.29069892473409,17,694.0,0.16182053440385988,False
2015-05-09,somali_basin,Somali Basin / Horn approaches,67,146,61.0,25.36102109026543,22.87116609061151,6,335.0,-0.33735016009044855,False
2015-05-09,bab_el_mandeb,Bab-el-Mandeb,114,326,102.0,67.40646511361524,62.105889149706414,12,568.0,-0.46194513491842604,False
2015-05-09,gulf_of_aden,Gulf of Aden,170,455,152.0,126.5524992281247,110.88834939926834,18,765.0,-0.11377773670414461,False
2015-05-09,southern_red_sea,Southern Red Sea,159,410,147.0,102.62557517396614,95.32808959325808,17,699.0,0.04041640218894036,False
2015-05-16,gulf_of_aden,Gulf of Aden,199,309,190.0,144.8554891498046,139.04933372012079,18,783.0,0.26027048402622155,False
2015-05-16,southern_red_sea,Southern Red Sea,184,256,175.0,120.59177256269109,113.64450877814814,16,730.0,0.4190592334462281,False
2015-05-16,persian_gulf,Persian Gulf,2,25,0.0,1.5506259791706944,0.0,1,5.0,,False
2015-05-16,bab_el_mandeb,Bab-el-Mandeb,137,198,131.0,72.59684792792872,69.00507884997734,12,563.0,-0.11011486187354486,False
2015-05-16,somali_basin,Somali Basin / Horn approaches,73,139,70.0,26.061025986878775,25.21733400338453,6,316.0,-0.3525873959175098,False
2015-05-23,gulf_of_aden,Gulf of Aden,177,523,167.0,125.96789754300711,119.4747830063673,17,715.0,-0.7414349146712526,False
2015-05-23,persian_gulf,Persian Gulf,1,4,0.0,0.7753129895853472,0.0,1,5.0,-0.44721359549995787,False
2015-05-23,southern_red_sea,Southern Red Sea,169,445,160.0,117.50963406322407,110.9263005787953,17,666.0,-0.29855426521389,False
2015-05-23,somali_basin,Somali Basin / Horn approaches,56,258,53.0,20.107417474724432,19.43019214384566,6,257.0,-1.5004951078762672,False
2015-05-23,bab_el_mandeb,Bab-el-Mandeb,123,381,118.0,67.16043996287796,64.32643524581626,12,488.0,-0.7634778113765964,False
2015-05-23,northern_red_sea,Northern & Central Red Sea,1,0,1.0,0.49561405823320354,0.49561405823320354,1,2.0,,False
2015-05-30,northern_red_sea,Northern & Central Red Sea,1,12,1.0,0.49561405823320354,0.49561405823320354,1,3.0,,False
2015-05-30,southern_red_sea,Southern Red Sea,214,387,210.0,143.48843156034087,141.84029921140285,18,726.0,1.4808348965088451,False
2015-05-30,somali_basin,Somali Basin / Horn approaches,78,148,78.0,26.955405690840895,26.955405690840895,6,274.0,-0.044963742118984885,False
2015-05-30,bab_el_mandeb,Bab-el-Mandeb,160,261,157.0,85.73252377989473,84.96183545507981,12,534.0,0.6955891346098774,False
2015-05-30,gulf_of_aden,Gulf of Aden,219,423,213.0,162.63842400818191,158.2480497327238,18,765.0,0.9967508192728336,False
2015-06-06,gulf_of_aden,Gulf of Aden,181,426,172.0,126.91242225188246,119.5970580248924,17,776.0,-0.415103717140263,False
2015-06-06,bab_el_mandeb,Bab-el-Mandeb,114,275,107.0,56.00787771504251,53.38688766010726,11,534.0,-0.9110481272448907,False
2015-06-06,southern_red_sea,Southern Red Sea,184,403,176.0,114.52893820009739,110.2015134590913,17,751.0,0.21210334945209686,False
2015-06-06,somali_basin,Somali Basin / Horn approaches,54,171,50.0,20.073827520636527,18.861699093550765,6,261.0,-1.2343544727365827,False
2015-06-06,northern_red_sea,Northern & Central Red Sea,4,2,3.0,1.9824562329328141,1.4868421746996106,1,7.0,,False
2015-06-13,bab_el_mandeb,Bab-el-Mandeb,124,347,116.0,70.02397456266742,66.37784724222436,13,521.0,-0.4675719448185478,False
2015-06-13,somali_basin,Somali Basin / Horn approaches,61,214,59.0,20.726426368135122,20.21080807838383,6,249.0,-0.656281650148322,False
2015-06-13,northern_red_sea,Northern & Central Red Sea,2,6,2.0,0.9912281164664071,0.9912281164664071,1,8.0,0.16666666666666666,False
2015-06-13,gulf_of_aden,Gulf of Aden,200,440,189.0,135.72387162621175,127.26609349384793,19,777.0,0.27420132956335147,False
2015-06-13,southern_red_sea,Southern Red Sea,201,429,191.0,136.0499481802417,130.82501499179617,19,768.0,0.6773340384530723,False
2015-06-20,southern_red_sea,Southern Red Sea,228,429,217.0,144.7353328355056,138.94817509014874,18,827.0,1.4872008085279913,False
2015-06-20,bab_el_mandeb,Bab-el-Mandeb,144,342,135.0,73.3704180080954,67.69031209934539,13,542.0,0.2859783823780756,False
2015-06-20,somali_basin,Somali Basin / Horn approaches,66,141,61.0,26.122297103293402,24.37964658428917,6,259.0,-0.23471779554402977,False
2015-06-20,gulf_of_aden,Gulf of Aden,231,414,222.0,159.13202572531404,150.40830606199555,19,831.0,1.3554265177269793,False
2015-06-27,southern_red_sea,Southern Red Sea,190,385,180.0,118.68732854227878,113.9522087144997,20,803.0,0.12861893510519798,False
2015-06-27,persian_gulf,Persian Gulf,1,0,1.0,0.2289057093851113,0.2289057093851113,1,5.0,-0.4082482904638632,False
2015-06-27,somali_basin,Somali Basin / Horn approaches,81,167,75.0,30.528664510849826,27.557961754291803,6,262.0,2.013650226340848,True
2015-06-27,northern_red_sea,Northern & Central Red Sea,1,0,1.0,0.49561405823320354,0.49561405823320354,1,8.0,-0.6135719910778964,False
2015-06-27,gulf_of_aden,Gulf of Aden,188,348,179.0,137.7975079684489,130.18784844877035,20,800.0,-0.2280607959465999,False
2015-06-27,bab_el_mandeb,Bab-el-Mandeb,134,297,126.0,77.73768439479305,72.41010214584412,14,516.0,0.3117262518729759,False
2015-07-04,northern_red_sea,Northern & Central Red Sea,2,0,2.0,0.9912281164664071,0.9912281164664071,1,9.0,0.2752409412815901,False
2015-07-04,gulf_of_aden,Gulf of Aden,142,461,134.0,107.03163427377551,99.98882983969497,19,761.0,-2.5466204000840076,False
2015-07-04,somali_basin,Somali Basin / Horn approaches,43,172,41.0,17.262370478716118,16.592926807151407,6,251.0,-2.4350383497402825,False
2015-07-04,bab_el_mandeb,Bab-el-Mandeb,98,276,92.0,48.36018496362733,46.074993712735896,13,500.0,-2.105623616980249,False
2015-07-04,southern_red_sea,Southern Red Sea,141,396,136.0,93.05922053686032,89.33326892025067,19,760.0,-2.20880969884782,False
2015-07-11,bab_el_mandeb,Bab-el-Mandeb,95,182,81.0,52.25677447711773,42.92170179838674,12,471.0,-1.8045964952883669,False
2015-07-11,somali_basin,Somali Basin / Horn approaches,57,106,45.0,24.126675738866428,18.354800375993566,6,247.0,-0.5382340995755898,False
2015-07-11,southern_red_sea,Southern Red Sea,126,223,112.0,76.33100934140964,69.5128685687883,17,685.0,-2.342080472584778,False
2015-07-11,gulf_of_aden,Gulf of Aden,124,234,109.0,97.71127864378482,83.88414140397843,18,685.0,-2.493547139953611,False
2015-07-18,somali_basin,Somali Basin / Horn approaches,27,282,23.0,10.012344513769644,8.388529801693377,5,208.0,-2.7669929526473314,False
2015-07-18,gulf_of_aden,Gulf of Aden,46,311,41.0,38.358082358304635,34.02564622662924,12,500.0,-3.7895366121963243,False
2015-07-18,southern_red_sea,Southern Red Sea,44,300,39.0,25.25857525799684,22.41007222339364,10,501.0,-3.936995353524331,False
2015-07-18,bab_el_mandeb,Bab-el-Mandeb,40,309,35.0,25.588862071523423,21.980479613649266,8,367.0,-3.8036149672358617,False
2015-07-25,somali_basin,Somali Basin / Horn approaches,48,212,44.0,17.67279388994849,16.093482668367013,6,175.0,-0.5847142070053185,False
2015-07-25,bab_el_mandeb,Bab-el-Mandeb,81,282,73.0,42.25594631760281,38.71645343313743,12,314.0,-0.8806145731605101,False
2015-07-25,northern_red_sea,Northern & Central Red Sea,2,3,2.0,0.9912281164664071,0.9912281164664071,1,7.0,0.25677629550654785,False
2015-07-25,southern_red_sea,Southern Red Sea,116,268,108.0,74.78342907708885,69.68889064505606,18,427.0,-0.8303402767415663,False
2015-07-25,gulf_of_aden,Gulf of Aden,114,328,105.0,86.21779735714448,78.739930615066,18,426.0,-0.8654301937432695,False
2015-08-01,somali_basin,Somali Basin / Horn approaches,58,304,50.0,19.876659057255843,16.363947773232447,6,190.0,0.209661708086899,False
2015-08-01,northern_red_sea,Northern & Central Red Sea,4,16,3.0,1.9824562329328141,1.4868421746996106,1,9.0,2.173706511928416,True
2015-08-01,southern_red_sea,Southern Red Sea,158,423,143.0,101.4297292222904,93.16375945395573,19,444.0,0.07201838323185922,False
2015-08-01,gulf_of_aden,Gulf of Aden,144,426,129.0,106.55895798655048,93.58242268187767,19,428.0,-0.15721090987535324,False
2015-08-01,bab_el_mandeb,Bab-el-Mandeb,103,393,90.0,58.49537540778073,51.35250168867078,13,319.0,-0.022552657493247898,False
2015-08-08,northern_red_sea,Northern & Central Red Sea,1,0,1.0,0.49561405823320354,0.49561405823320354,1,9.0,-0.9025825017214733,False
2015-08-08,gulf_of_aden,Gulf of Aden,143,407,122.0,110.10083891468031,89.9364570215991,18,447.0,-0.0973349994389611,False
2015-08-08,somali_basin,Somali Basin / Horn approaches,64,182,50.0,16.7070387698014,13.5828048634679,6,197.0,0.5499699205678906,False
2015-08-08,southern_red_sea,Southern Red Sea,132,352,113.0,90.93461774095843,77.74814050351569,18,450.0,-0.31999997328603075,False
2015-08-08,bab_el_mandeb,Bab-el-Mandeb,112,348,91.0,67.10557520621018,54.015243203275986,12,336.0,0.29168819108768906,False
2015-08-15,bab_el_mandeb,Bab-el-Mandeb,120,271,113.0,68.89626916610301,63.08933267997476,11,416.0,0.5951344714985389,False
2015-08-15,gulf_of_aden,Gulf of Aden,162,368,153.0,118.55103888141126,111.59782629353461,18,563.0,0.3800767789361334,False
2015-08-15,northern_red_sea,Northern & Central Red Sea,1,0,1.0,0.49561405823320354,0.49561405823320354,1,8.0,-0.9025825017214733,False
2015-08-15,somali_basin,Somali Basin / Horn approaches,54,202,48.0,15.17384086415345,13.51352336293472,5,224.0,-0.09187227258239218,False
2015-08-15,southern_red_sea,Southern Red Sea,162,338,155.0,104.96043107669996,99.98446851736664,16,568.0,0.3710448579567211,False
2015-08-22,gulf_of_aden,Gulf of Aden,143,228,137.0,98.30280010373828,92.45343232842177,18,592.0,0.24273950689632398,False
2015-08-22,bab_el_mandeb,Bab-el-Mandeb,98,169,92.0,48.43533787832129,45.16140940214437,12,433.0,0.0043948144659621555,False
2015-08-22,somali_basin,Somali Basin / Horn approaches,31,56,28.0,9.877728748412245,8.55492126430917,6,207.0,-1.4588217572891586,False
2015-08-22,southern_red_sea,Southern Red Sea,148,307,140.0,99.50432853634159,94.48103172406232,17,600.0,0.3331093167551857,False
2015-08-29,somali_basin,Somali Basin / Horn approaches,41,29,39.0,12.535636685275163,11.99121967345884,5,190.0,-0.5097321688008192,False
2015-08-29,southern_red_sea,Southern Red Sea,176,311,171.0,120.36938345956567,116.23828228147035,15,618.0,1.2699919365847314,False
2015-08-29,northern_red_sea,Northern & Central Red Sea,1,0,1.0,0.49561405823320354,0.49561405823320354,1,7.0,-0.9025825017214733,False
2015-08-29,gulf_of_aden,Gulf of Aden,179,332,175.0,122.98883016621521,120.27814257028868,15,627.0,1.444081172292911,False
2015-08-29,bab_el_mandeb,Bab-el-Mandeb,114,225,111.0,58.89219743400334,56.59129854770124,10,444.0,0.8424258919938618,False
2015-09-05,northern_red_sea,Northern & Central Red Sea,1,0,1.0,0.49561405823320354,0.49561405823320354,1,4.0,-0.724568837309472,False
2015-09-05,bab_el_mandeb,Bab-el-Mandeb,154,257,146.0,63.84387109173397,58.516660209082374,10,486.0,2.294958149765588,True
2015-09-05,southern_red_sea,Southern Red Sea,208,319,200.0,141.4746186669723,136.63154033366467,16,694.0,1.832836487126413,False
2015-09-05,gulf_of_aden,Gulf of Aden,212,357,204.0,159.06608803765755,152.59123800060843,16,696.0,1.9961086230028098,False
2015-09-05,india_west_coast,India West Coast corridor,1,0,1.0,1.0,1.0,1,1.0,,False
2015-09-05,somali_basin,Somali Basin / Horn approaches,26,54,21.0,8.283582291815925,6.387559073831495,4,152.0,-1.608912676312794,False
2015-09-05,arabian_sea,Arabian Sea (open),1,0,1.0,0.7111250849101136,0.7111250849101136,1,1.0,,False
2015-09-12,southern_red_sea,Southern Red Sea,238,386,235.0,149.95002735913306,148.18440134650749,18,770.0,1.9522379742511182,False
2015-09-12,somali_basin,Somali Basin / Horn approaches,29,54,28.0,9.154340741079928,8.784172041193138,5,127.0,-0.998453860906727,False
2015-09-12,northern_red_sea,Northern & Central Red Sea,4,10,4.0,1.9824562329328141,1.9824562329328141,1,7.0,2.2391714737574007,True
2015-09-12,bab_el_mandeb,Bab-el-Mandeb,192,281,190.0,77.77837443270633,76.87691569861632,12,558.0,2.7140862706072615,True
2015-09-12,gulf_of_aden,Gulf of Aden,231,363,227.0,182.79207402129114,180.13904693549162,18,765.0,1.8059054352281496,False
2015-09-19,bab_el_mandeb,Bab-el-Mandeb,154,181,151.0,69.15628849751964,67.90074893912941,11,614.0,0.9142861211432832,False
2015-09-19,somali_basin,Somali Basin / Horn approaches,30,54,29.0,8.390182346088864,7.850483495958891,4,126.0,-0.9677662632401649,False
2015-09-19,southern_red_sea,Southern Red Sea,225,362,217.0,157.00377171921218,150.13359054004553,17,847.0,1.4505328534750295,False
2015-09-19,gulf_of_aden,Gulf of Aden,216,319,213.0,149.39091716658862,146.69218161595558,17,838.0,1.27459101294435,False
2015-09-19,northern_red_sea,Northern & Central Red Sea,1,5,1.0,0.49561405823320354,0.49561405823320354,1,7.0,-0.7637626158259734,False
2015-09-26,northern_red_sea,Northern & Central Red Sea,4,0,4.0,1.9824562329328141,1.9824562329328141,1,10.0,1.5668749431204267,False
2015-09-26,bab_el_mandeb,Bab-el-Mandeb,167,295,160.0,87.45975166376078,81.92395805820227,11,667.0,1.1093556566258915,False
2015-09-26,somali_basin,Somali Basin / Horn approaches,55,219,50.0,16.030180928984304,14.669138399443494,4,140.0,0.8919852897487194,False
2015-09-26,gulf_of_aden,Gulf of Aden,192,328,185.0,148.96983253954568,143.50661525426867,15,851.0,0.3641527558122924,False
2015-09-26,southern_red_sea,Southern Red Sea,200,341,191.0,130.68601831151827,124.18498078207952,15,871.0,0.4981203539824899,False
2015-10-03,northern_red_sea,Northern & Central Red Sea,2,0,2.0,0.9912281164664071,0.9912281164664071,1,11.0,-0.08050764858994133,False
2015-10-03,gulf_of_aden,Gulf of Aden,239,343,210.0,167.86327154845318,143.4405703470564,18,878.0,1.6100282421583028,False
2015-10-03,somali_basin,Somali Basin / Horn approaches,79,229,70.0,24.60358275527376,20.718294287012622,6,193.0,2.59311752727865,True
2015-10-03,bab_el_mandeb,Bab-el-Mandeb,186,311,159.0,105.82965623008846,94.15104214677694,12,699.0,1.4455953836886972,False
2015-10-03,southern_red_sea,Southern Red Sea,245,350,216.0,162.0478042098441,148.31274805690788,18,908.0,1.5623115149055746,False
2015-10-10,gulf_of_aden,Gulf of Aden,242,353,231.0,158.647083093117,150.42696574728285,17,889.0,1.338889666614058,False
2015-10-10,southern_red_sea,Southern Red Sea,251,329,241.0,176.30756579176972,170.70140343528834,16,921.0,1.4247606320892428,False
2015-10-10,northern_red_sea,Northern & Central Red Sea,6,0,6.0,2.973684349399221,2.973684349399221,1,13.0,3.041580771939652,True
2015-10-10,somali_basin,Somali Basin / Horn approaches,63,124,58.0,18.84543495002168,16.496233786309276,5,227.0,1.0817721182058917,False
2015-10-10,bab_el_mandeb,Bab-el-Mandeb,156,251,149.0,87.36231078755607,83.06591376443791,11,663.0,0.22934905174132947,False
2015-10-10,persian_gulf,Persian Gulf,2,6,2.0,1.5506259791706944,1.5506259791706944,1,6.0,2.267786838055364,True
2015-10-17,gulf_of_aden,Gulf of Aden,213,449,202.0,147.4300492124635,138.73240716672976,17,886.0,0.18446865644163934,False
2015-10-17,northern_red_sea,Northern & Central Red Sea,1,5,1.0,0.49561405823320354,0.49561405823320354,1,13.0,-0.7783117824941562,False
2015-10-17,southern_red_sea,Southern Red Sea,215,478,205.0,139.34136250486242,133.3838431178445,18,911.0,0.1010746630856332,False
2015-10-17,bab_el_mandeb,Bab-el-Mandeb,148,355,138.0,88.95031994413404,82.66846838939429,11,657.0,-0.1426154371625168,False
2015-10-17,somali_basin,Somali Basin / Horn approaches,70,237,64.0,21.382930008134625,18.94720794002022,5,267.0,1.3285859818475496,False
2015-10-24,northern_red_sea,Northern & Central Red Sea,3,0,3.0,1.4868421746996106,1.4868421746996106,1,12.0,0.2594372608313854,False
2015-10-24,bab_el_mandeb,Bab-el-Mandeb,147,181,135.0,80.84113509451784,73.76926158169383,12,637.0,-0.4914586246595492,False
2015-10-24,gulf_of_aden,Gulf of Aden,217,238,205.0,148.97417443879647,137.9257422486483,17,911.0,0.06808141786497308,False
2015-10-24,somali_basin,Somali Basin / Horn approaches,62,62,55.0,18.68756763457759,15.783716672597766,6,274.0,0.6296426965046005,False
2015-10-24,southern_red_sea,Southern Red Sea,231,245,218.0,153.52677525753808,147.02661064751035,18,942.0,0.4467190903852307,False
2015-10-31,gulf_of_aden,Gulf of Aden,177,418,162.0,129.13059288787804,116.85293645726853,17,849.0,-2.6338537222981424,False
2015-10-31,somali_basin,Somali Basin / Horn approaches,85,300,77.0,24.218371205655114,21.97021044514378,6,280.0,1.6138114867366644,False
2015-10-31,bab_el_mandeb,Bab-el-Mandeb,128,377,116.0,87.68020787141398,79.9431390907606,12,579.0,-2.031394595801085,False
2015-10-31,southern_red_sea,Southern Red Sea,184,404,171.0,124.49579023948138,115.97657094712976,16,881.0,-2.3649944100837454,False
2015-11-07,gulf_of_aden,Gulf of Aden,150,272,136.0,108.38084994421862,95.54506824331528,19,757.0,-2.9306219128199507,False
2015-11-07,southern_red_sea,Southern Red Sea,156,261,143.0,97.98920479759337,90.42367521227091,19,786.0,-2.9526526119421046,False
2015-11-07,somali_basin,Somali Basin / Horn approaches,55,185,46.0,15.791056988338381,12.66960905918938,6,272.0,-0.19996170587189607,False
2015-11-07,persian_gulf,Persian Gulf,1,0,1.0,0.7753129895853472,0.7753129895853472,1,5.0,-0.5400617248673217,False
2015-11-07,northern_red_sea,Northern & Central Red Sea,2,0,2.0,0.9912281164664071,0.9912281164664071,1,12.0,-0.40933261718236147,False
2015-11-07,bab_el_mandeb,Bab-el-Mandeb,108,234,95.0,61.66538448143031,54.07878932277817,13,531.0,-2.444373162870708,False
2015-11-14,somali_basin,Somali Basin / Horn approaches,68,291,59.0,20.182981150758497,17.55201041955832,5,270.0,0.33245757537408704,False
2015-11-14,gulf_of_aden,Gulf of Aden,176,455,160.0,109.61394093333631,96.05613769045951,17,720.0,-0.9525880644356803,False
2015-11-14,bab_el_mandeb,Bab-el-Mandeb,107,358,92.0,74.00328221755491,64.46262623911537,11,490.0,-1.7914539286934092,False
2015-11-14,northern_red_sea,Northern & Central Red Sea,1,0,1.0,0.49561405823320354,0.49561405823320354,1,7.0,-1.0857680302757409,False
2015-11-14,persian_gulf,Persian Gulf,1,2,1.0,0.7753129895853472,0.7753129895853472,1,5.0,-0.5400617248673217,False
2015-11-14,southern_red_sea,Southern Red Sea,186,407,171.0,124.2535774914345,115.06304789210567,18,757.0,-0.853691579446594,False
2015-11-21,bab_el_mandeb,Bab-el-Mandeb,115,310,103.0,73.75216649566396,66.9427765942327,11,458.0,-1.0235258077421845,False
2015-11-21,somali_basin,Somali Basin / Horn approaches,67,220,59.0,20.70893555587655,17.294184465831783,5,275.0,-0.011642758875671415,False
2015-11-21,northern_red_sea,Northern & Central Red Sea,4,0,4.0,1.9824562329328141,1.9824562329328141,1,10.0,0.8461141122266493,False
2015-11-21,gulf_of_aden,Gulf of Aden,172,355,160.0,114.88580896923429,103.48254977761171,14,675.0,-0.8837939798689053,False
2015-11-21,southern_red_sea,Southern Red Sea,195,405,180.0,126.40781713809767,119.58500590014023,17,721.0,-0.4091177444026304,False
2015-11-28,bab_el_mandeb,Bab-el-Mandeb,128,240,116.0,74.37035036227905,67.45361265718877,12,458.0,-0.3228759747741912,False
2015-11-28,northern_red_sea,Northern & Central Red Sea,3,12,3.0,1.4868421746996106,1.4868421746996106,1,10.0,0.07238453535171606,False
2015-11-28,gulf_of_aden,Gulf of Aden,167,299,154.0,124.62822270271553,112.78144549064112,17,665.0,-0.9182386375545305,False
2015-11-28,somali_basin,Somali Basin / Horn approaches,64,171,55.0,18.223242518472883,15.538138855733193,6,254.0,-0.4829870946443489,False
2015-11-28,southern_red_sea,Southern Red Sea,171,310,160.0,108.80375111265283,102.94360508418437,17,708.0,-1.1097442597168123,False
2015-12-05,southern_red_sea,Southern Red Sea,189,446,174.0,122.81977763049503,113.50162477816552,17,741.0,-0.3038082399938077,False
2015-12-05,gulf_of_aden,Gulf of Aden,165,407,150.0,116.9816162643856,106.58041156314803,17,680.0,-0.7794532785709634,False
2015-12-05,northern_red_sea,Northern & Central Red Sea,3,0,3.0,1.4868421746996106,1.4868421746996106,1,11.0,0.1497861723788195,False
2015-12-05,bab_el_mandeb,Bab-el-Mandeb,124,317,113.0,79.31689400687026,70.19234870010996,12,474.0,-0.2956507285011868,False
2015-12-05,somali_basin,Somali Basin / Horn approaches,68,231,58.0,21.125528598325317,17.67254246284282,6,267.0,0.14399512893288477,False
2015-12-12,bab_el_mandeb,Bab-el-Mandeb,120,328,107.0,71.71040233062729,67.19339468739904,12,487.0,-0.3565849864052069,False
2015-12-12,northern_red_sea,Northern & Central Red Sea,3,0,3.0,1.4868421746996106,1.4868421746996106,1,13.0,0.07612293995081224,False
2015-12-12,southern_red_sea,Southern Red Sea,174,468,157.0,113.58355282600529,105.07957693728991,17,729.0,-0.7153952288427778,False
2015-12-12,gulf_of_aden,Gulf of Aden,171,460,153.0,115.58771037129004,103.24625828548828,17,675.0,-0.36825578694698513,False
2015-12-12,somali_basin,Somali Basin / Horn approaches,56,222,55.0,15.80223775770098,15.530029251792818,6,255.0,-1.3302046626156612,False
2015-12-19,somali_basin,Somali Basin / Horn approaches,43,96,41.0,13.421616980272482,12.60970962423435,5,231.0,-2.42391391762525,False
2015-12-19,gulf_of_aden,Gulf of Aden,145,318,140.0,95.74714735252012,92.40550839828643,17,648.0,-1.5301272982704033,False
2015-12-19,northern_red_sea,Northern & Central Red Sea,3,0,3.0,1.4868421746996106,1.4868421746996106,1,12.0,0.46770717334674256,False
2015-12-19,bab_el_mandeb,Bab-el-Mandeb,89,208,86.0,54.6159758783878,52.66024493705717,11,461.0,-2.556872520247391,False
2015-12-19,southern_red_sea,Southern Red Sea,151,343,142.0,106.76133113199003,99.81919640487045,18,685.0,-1.5796620218644999,False
2015-12-26,black_sea,Black Sea,1,0,0.0,1.0,0.0,1,1.0,,False
2015-12-26,somali_basin,Somali Basin / Horn approaches,54,135,52.0,18.17036987076733,17.090972170507385,5,221.0,-0.7504504210863618,False
2015-12-26,persian_gulf,Persian Gulf,13,0,0.0,12.225469745619323,0.0,4,17.0,25.38290106876412,True
2015-12-26,eastern_med,Eastern Mediterranean,7,2,3.0,6.913733546089258,2.9137335460892575,6,7.0,,False
2015-12-26,northern_red_sea,Northern & Central Red Sea,3,5,3.0,1.4868421746996106,1.4868421746996106,1,12.0,0.282038037408883,False
2015-12-26,suez_canal,Suez Canal & Gulf of Suez,6,2,3.0,3.4362937067937533,1.7648185430482504,5,6.0,,False
2015-12-26,southern_red_sea,Southern Red Sea,198,352,192.0,135.1420946863975,133.061096984251,17,712.0,1.4082197895497537,False
2015-12-26,bosphorus,Turkish Straits (Bosphorus-Dardanelles),1,0,0.0,1.0,0.0,1,1.0,,False
2015-12-26,gulf_of_aden,Gulf of Aden,175,335,168.0,117.98408899094295,112.255439728928,16,656.0,0.8143443481549266,False
2015-12-26,bab_el_mandeb,Bab-el-Mandeb,117,199,112.0,67.21248545330576,64.59440208525885,11,450.0,0.16012105073085792,False
2016-01-02,gulf_of_aden,Gulf of Aden,229,324,219.0,157.8183607091578,149.85492063101375,17,720.0,5.527174296386447,True
2016-01-02,suez_canal,Suez Canal & Gulf of Suez,57,10,22.0,34.12367089101824,12.173038936414397,7,63.0,,False
2016-01-02,somali_basin,Somali Basin / Horn approaches,62,114,59.0,18.599163998994378,17.14959759884764,6,215.0,0.29457084226185937,False
2016-01-02,black_sea,Black Sea,5,0,0.0,4.26819771187325,0.0,2,6.0,,False
2016-01-02,bosphorus,Turkish Straits (Bosphorus-Dardanelles),4,0,0.0,4.0,0.0,1,5.0,,False
2016-01-02,persian_gulf,Persian Gulf,154,48,1.0,138.1924529278459,0.7753129895853472,13,169.0,36.30414928274773,True
2016-01-02,bab_el_mandeb,Bab-el-Mandeb,173,216,165.0,92.45648780857253,88.74393320820475,13,499.0,4.858154656519966,True
2016-01-02,northern_red_sea,Northern & Central Red Sea,1,0,1.0,0.49561405823320354,0.49561405823320354,1,10.0,-1.974266261862181,False
2016-01-02,hormuz,Strait of Hormuz,4,0,0.0,1.0281766603725,0.0,1,4.0,,False
2016-01-02,southern_red_sea,Southern Red Sea,235,343,225.0,164.53972519518584,157.8498397538446,18,758.0,3.280935062405377,True
2016-01-02,eastern_med,Eastern Mediterranean,74,11,26.0,73.82746709217852,26.0,13,81.0,,False
2016-01-09,black_sea,Black Sea,12,12,0.0,9.637529194825005,0.0,6,18.0,,False
2016-01-09,bab_el_mandeb,Bab-el-Mandeb,173,269,162.0,98.71352036722084,93.9294706839477,13,552.0,2.140658182582682,True
2016-01-09,suez_canal,Suez Canal & Gulf of Suez,48,9,8.0,27.771367342452585,5.275541875530258,7,111.0,,False
2016-01-09,southern_red_sea,Southern Red Sea,251,361,239.0,167.26249347511367,161.61332006984813,19,835.0,2.593199869384547,True
2016-01-09,bosphorus,Turkish Straits (Bosphorus-Dardanelles),9,12,0.0,6.806883089143885,0.0,3,14.0,,False
2016-01-09,northern_red_sea,Northern & Central Red Sea,2,0,2.0,0.9912281164664071,0.9912281164664071,1,9.0,-0.5892556509887895,False
2016-01-09,gulf_of_aden,Gulf of Aden,237,363,224.0,166.87330336649563,156.0860395847645,19,786.0,2.5917030333509348,True
2016-01-09,eastern_med,Eastern Mediterranean,85,12,17.0,83.9371083929333,16.23365039159882,16,166.0,,False
2016-01-09,hormuz,Strait of Hormuz,1,0,0.0,0.257044165093125,0.0,1,5.0,,False
2016-01-09,somali_basin,Somali Basin / Horn approaches,76,107,74.0,23.436217196156772,22.86473371857069,6,235.0,1.7973818167959854,False
2016-01-09,persian_gulf,Persian Gulf,88,0,1.0,74.97885025604162,1.0,10,256.0,1.2349608528770646,False
2016-01-16,gulf_of_aden,Gulf of Aden,213,301,204.0,152.77895606335795,145.05908348211406,17,854.0,0.9352401408050611,False
2016-01-16,black_sea,Black Sea,13,1,1.0,9.406728372340954,1.0,9,31.0,1.2572371141874243,False
2016-01-16,eastern_med,Eastern Mediterranean,76,5,9.0,72.98434206852141,9.0,17,242.0,0.48952623312942856,False
2016-01-16,somali_basin,Somali Basin / Horn approaches,64,82,59.0,19.026602198384918,16.891887358243707,5,256.0,0.2716256390786371,False
2016-01-16,persian_gulf,Persian Gulf,80,2,1.0,73.78468173248766,0.5271937547533798,8,335.0,0.824302692610224,False
2016-01-16,bab_el_mandeb,Bab-el-Mandeb,154,198,146.0,86.3158183843527,81.86416073015394,11,617.0,0.8300743481529314,False
2016-01-16,southern_red_sea,Southern Red Sea,228,311,220.0,151.77605753479963,147.70078608037636,18,912.0,0.9778820140058259,False
2016-01-16,hormuz,Strait of Hormuz,4,0,0.0,1.0281766603725,0.0,1,9.0,,False
2016-01-16,bosphorus,Turkish Straits (Bosphorus-Dardanelles),8,1,1.0,6.636323907000588,1.0,5,22.0,0.8247860988423225,False
2016-01-16,suez_canal,Suez Canal & Gulf of Suez,44,5,8.0,26.415826675280023,5.275541875530258,6,155.0,0.25715142542972574,False
2016-01-16,northern_red_sea,Northern & Central Red Sea,1,0,1.0,0.49561405823320354,0.49561405823320354,1,7.0,-1.974266261862181,False
2016-01-16,gulf_of_oman,Gulf of Oman,1,0,1.0,0.26869521049402056,0.26869521049402056,1,1.0,,False
2016-01-23,bosphorus,Turkish Straits (Bosphorus-Dardanelles),10,0,0.0,7.690230335172275,0.0,5,31.0,1.2172540068010334,False
2016-01-23,somali_basin,Somali Basin / Horn approaches,52,96,46.0,17.084255564517218,14.550573302424187,6,254.0,-0.8933417744421516,False
2016-01-23,southern_red_sea,Southern Red Sea,224,301,215.0,150.54761748111562,145.4223490777427,18,938.0,0.6933276595640616,False
2016-01-23,persian_gulf,Persian Gulf,76,6,0.0,72.01633937696184,0.0,13,398.0,0.5771207374793967,False
2016-01-23,suez_canal,Suez Canal & Gulf of Suez,26,13,11.0,16.946146551969477,7.721193773210679,7,175.0,-0.5666666666666667,False
2016-01-23,gulf_of_aden,Gulf of Aden,208,283,198.0,148.3521250513813,140.53409470620213,18,887.0,0.5996217571469681,False
2016-01-23,eastern_med,Eastern Mediterranean,52,43,26.0,48.90499805267279,25.269786975216505,15,287.0,-0.2362022561101096,False
2016-01-23,bab_el_mandeb,Bab-el-Mandeb,144,144,136.0,74.32394782745968,69.09327041342128,12,644.0,0.3137718631674269,False
2016-01-23,hormuz,Strait of Hormuz,5,0,0.0,1.0941002931880752,0.0,2,14.0,1.1547005383792517,False
2016-01-23,gulf_of_oman,Gulf of Oman,1,1,1.0,0.26869521049402056,0.26869521049402056,1,2.0,,False
2016-01-23,northern_red_sea,Northern & Central Red Sea,3,0,3.0,1.4868421746996106,1.4868421746996106,1,7.0,0.6822210286372687,False
2016-01-23,black_sea,Black Sea,11,0,0.0,7.842382841247562,0.0,6,41.0,0.5664680714297736,False
2016-01-30,southern_red_sea,Southern Red Sea,213,376,193.0,149.6398918663051,136.75844293244717,18,916.0,0.19873212761770154,False
2016-01-30,persian_gulf,Persian Gulf,74,3,2.0,70.55838514557988,1.7753129895853472,9,318.0,0.3921450048793432,False
2016-01-30,black_sea,Black Sea,20,2,2.0,16.129896458964176,2.0,9,56.0,2.240735486930142,True
2016-01-30,bosphorus,Turkish Straits (Bosphorus-Dardanelles),18,2,2.0,14.16802906372556,2.0,8,45.0,3.067538135018081,True
2016-01-30,hormuz,Strait of Hormuz,1,0,0.0,0.257044165093125,0.0,1,11.0,-1.4433756729740645,False
2016-01-30,bab_el_mandeb,Bab-el-Mandeb,140,234,120.0,69.89942583619765,62.229490381618334,12,611.0,0.1101717522239624,False
2016-01-30,somali_basin,Somali Basin / Horn approaches,50,80,43.0,15.32893332844458,12.8890964440502,6,242.0,-0.910657205491764,False
2016-01-30,eastern_med,Eastern Mediterranean,76,32,18.0,72.30299693859894,17.70345800133448,23,289.0,0.5478429391434756,False
2016-01-30,india_west_coast,India West Coast corridor,1,0,1.0,1.0,1.0,1,2.0,,False
2016-01-30,northern_red_sea,Northern & Central Red Sea,1,10,0.0,0.49561405823320354,0.0,1,7.0,-1.5008862630019912,False
2016-01-30,arabian_sea,Arabian Sea (open),1,0,1.0,0.7111250849101136,0.7111250849101136,1,2.0,,False
2016-01-30,gulf_of_aden,Gulf of Aden,207,352,183.0,140.35425575253493,119.56831514377576,18,865.0,0.424430011723474,False
2016-01-30,suez_canal,Suez Canal & Gulf of Suez,44,16,10.0,24.30732395638455,5.448662528356809,10,162.0,0.3841851809676019,False
2016-02-06,persian_gulf,Persian Gulf,96,0,4.0,90.71963579512318,3.155256571618613,12,326.0,0.6631765561251659,False
2016-02-06,eastern_med,Eastern Mediterranean,54,6,11.0,51.24546266466951,10.827467092178516,16,258.0,-0.2648616771856341,False
2016-02-06,southern_red_sea,Southern Red Sea,197,273,182.0,131.52223379038332,123.62886640713552,15,862.0,-0.3681223900366749,False
2016-02-06,suez_canal,Suez Canal & Gulf of Suez,31,2,7.0,18.771888985603933,4.723678884873809,6,145.0,-0.3525638453925248,False
2016-02-06,somali_basin,Somali Basin / Horn approaches,46,110,41.0,14.294444655542375,12.273394777809553,5,212.0,-1.1008647985895277,False
2016-02-06,bab_el_mandeb,Bab-el-Mandeb,129,175,116.0,64.37671308647555,58.8211612496668,10,567.0,-0.33562304288433265,False
2016-02-06,black_sea,Black Sea,14,0,3.0,10.730148828211915,2.302980478905957,5,58.0,0.5536102382055429,False
2016-02-06,northern_red_sea,Northern & Central Red Sea,3,11,3.0,1.4868421746996106,1.4868421746996106,1,8.0,0.8829187134416475,False
2016-02-06,gulf_of_aden,Gulf of Aden,181,263,165.0,126.0111248003182,112.97281367517468,14,809.0,-0.5432940336987042,False
2016-02-06,bosphorus,Turkish Straits (Bosphorus-Dardanelles),13,0,2.0,11.090268081925023,2.0,4,49.0,0.8019006293940492,False
2016-02-13,southern_red_sea,Southern Red Sea,233,306,216.0,159.21079225519162,148.84737874571664,17,867.0,0.680202280005712,False
2016-02-13,black_sea,Black Sea,21,30,0.0,15.32274143288891,0.0,11,66.0,1.6351751395237601,False
2016-02-13,gulf_of_aden,Gulf of Aden,217,287,200.0,146.7590857961796,134.05629737153006,17,813.0,0.5783964827017504,False
2016-02-13,somali_basin,Somali Basin / Horn approaches,65,141,54.0,19.011875865958118,15.384641418546085,5,213.0,0.840596974312432,False
2016-02-13,gulf_of_oman,Gulf of Oman,1,0,0.0,0.26869521049402056,0.0,1,3.0,,False
2016-02-13,northern_red_sea,Northern & Central Red Sea,1,0,1.0,0.49561405823320354,0.49561405823320354,1,8.0,-1.135181202996404,False
2016-02-13,suez_canal,Suez Canal & Gulf of Suez,66,12,16.0,41.63417130093173,10.057306422943942,8,167.0,1.7302373653311292,False
2016-02-13,bab_el_mandeb,Bab-el-Mandeb,151,174,136.0,85.5147139109985,74.15294569092299,11,564.0,0.3919004856447793,False
2016-02-13,persian_gulf,Persian Gulf,109,0,0.0,107.67429713698101,0.0,7,355.0,0.7545185971708805,False
2016-02-13,hormuz,Strait of Hormuz,1,0,0.0,0.257044165093125,0.0,1,11.0,-1.0690449676496976,False
2016-02-13,eastern_med,Eastern Mediterranean,98,14,24.0,94.46176659673958,24.0,21,280.0,1.4080256981051538,False
2016-02-13,bosphorus,Turkish Straits (Bosphorus-Dardanelles),14,30,0.0,9.874241316808329,0.0,7,55.0,0.8932370012631206,False
2016-02-20,suez_canal,Suez Canal & Gulf of Suez,41,6,10.0,25.349367485297098,6.88633357203458,7,182.0,0.03973796263970212,False
2016-02-20,persian_gulf,Persian Gulf,65,17,3.0,61.180549272712014,1.6055200612814118,10,344.0,-0.539365416234239,False
2016-02-20,black_sea,Black Sea,26,1,2.0,19.96798721172807,1.1931997803047545,13,81.0,2.0493402550836572,True
2016-02-20,southern_red_sea,Southern Red Sea,205,224,191.0,135.6587037290319,126.58417208407623,17,848.0,-0.9283776370429834,False
2016-02-20,bosphorus,Turkish Straits (Bosphorus-Dardanelles),24,1,2.0,18.519572598000433,1.4106535261051971,12,69.0,2.6252853726159433,True
2016-02-20,bab_el_mandeb,Bab-el-Mandeb,130,147,115.0,70.6737051532251,59.98343814271068,12,550.0,-0.898107390086803,False
2016-02-20,eastern_med,Eastern Mediterranean,62,6,13.0,57.288164243791456,11.539202155280615,19,290.0,-0.11631010068188145,False
2016-02-20,somali_basin,Somali Basin / Horn approaches,54,48,42.0,17.12937459693811,13.443289056300209,6,215.0,-0.46860656986811045,False
2016-02-20,gulf_of_aden,Gulf of Aden,191,208,174.0,130.687497607389,117.28700849093309,18,796.0,-0.8118962600602773,False
2016-02-27,hormuz,Strait of Hormuz,1,0,0.0,1.0,0.0,1,8.0,-0.895143592549291,False
2016-02-27,gulf_of_oman,Gulf of Oman,2,1,1.0,0.5881872492666393,0.26869521049402056,2,5.0,,False
2016-02-27,black_sea,Black Sea,18,2,3.0,12.389544478063867,2.444849571973016,11,79.0,0.4122424289477238,False
2016-02-27,southern_red_sea,Southern Red Sea,136,195,124.0,84.19067053794936,75.40804489847991,13,771.0,-4.974415037836692,False
2016-02-27,india_west_coast,India West Coast corridor,1,0,1.0,1.0,1.0,1,3.0,,False
2016-02-27,persian_gulf,Persian Gulf,85,12,1.0,81.13293806743218,0.2714995480459568,9,355.0,-0.27367420112605517,False
2016-02-27,somali_basin,Somali Basin / Horn approaches,43,86,36.0,14.295434423980005,11.926564150443802,4,208.0,-1.5831303036084812,False
2016-02-27,bab_el_mandeb,Bab-el-Mandeb,96,180,86.0,53.380453510288994,46.124817397491576,9,506.0,-3.113555968539952,False
2016-02-27,gulf_of_aden,Gulf of Aden,143,212,131.0,100.21203963200941,91.65062999921088,15,732.0,-3.6679156821249084,False
2016-02-27,eastern_med,Eastern Mediterranean,92,13,19.0,90.37258461546337,19.0,18,306.0,1.2735320709634355,False
2016-02-27,bosphorus,Turkish Straits (Bosphorus-Dardanelles),17,2,3.0,13.04894532288224,2.2689610297146285,10,68.0,0.716649814429432,False
2016-02-27,suez_canal,Suez Canal & Gulf of Suez,65,13,18.0,38.957197521798506,10.459280377007829,8,203.0,1.5774240446748613,False
2016-02-27,arabian_sea,Arabian Sea (open),1,0,1.0,0.7111250849101136,0.7111250849101136,1,3.0,,False
2016-03-05,northern_red_sea,Northern & Central Red Sea,1,6,1.0,1.0,1.0,1,6.0,-0.8829187134416475,False
2016-03-05,gulf_of_oman,Gulf of Oman,1,0,0.0,0.3194920387726188,0.0,1,5.0,-0.5,False
2016-03-05,suez_canal,Suez Canal & Gulf of Suez,41,8,15.0,25.38590639032236,9.336892887347108,9,213.0,-0.3245114671436008,False
2016-03-05,bab_el_mandeb,Bab-el-Mandeb,100,183,82.0,62.2505118150451,46.79914326767711,11,477.0,-1.7526924401971342,False
2016-03-05,gulf_of_aden,Gulf of Aden,121,221,102.0,93.5687318883918,78.98561833848899,17,672.0,-2.772428165748363,False
2016-03-05,bosphorus,Turkish Straits (Bosphorus-Dardanelles),13,0,0.0,8.097075677563414,0.0,4,68.0,-0.2089716039045672,False
2016-03-05,eastern_med,Eastern Mediterranean,76,17,17.0,68.88804331530396,16.913733546089258,24,328.0,0.09482089114974253,False
2016-03-05,southern_red_sea,Southern Red Sea,120,221,102.0,67.24235202032611,54.6986920787975,16,694.0,-2.6228864669713805,False
2016-03-05,hormuz,Strait of Hormuz,3,0,0.0,1.4503814860937334,0.0,3,6.0,0.3152441624956404,False
2016-03-05,black_sea,Black Sea,16,1,1.0,8.933614854110285,0.2747091556470466,7,81.0,-0.16669366815192552,False
2016-03-05,somali_basin,Somali Basin / Horn approaches,51,146,35.0,15.57334747265692,11.354550397787868,5,213.0,-0.471057074150822,False
2016-03-05,persian_gulf,Persian Gulf,88,3,2.0,78.61250913313332,1.5271937547533798,14,347.0,0.2814528956221172,False
2016-03-12,bosphorus,Turkish Straits (Bosphorus-Dardanelles),17,41,1.0,11.423132535293407,1.0,8,71.0,0.4738169346511257,False
2016-03-12,somali_basin,Somali Basin / Horn approaches,40,87,34.0,12.999916950869148,10.564194882754744,5,188.0,-1.6768065684936337,False
2016-03-12,southern_red_sea,Southern Red Sea,105,241,93.0,59.38243082743304,53.417437114452355,14,566.0,-2.0843767726339664,False
2016-03-12,bab_el_mandeb,Bab-el-Mandeb,91,112,82.0,51.18579231485938,45.31968976010999,11,417.0,-1.8007775768359486,False
2016-03-12,hormuz,Strait of Hormuz,1,0,0.0,0.257044165093125,0.0,1,6.0,-0.8874119674649424,False
2016-03-12,persian_gulf,Persian Gulf,99,0,0.0,95.58221720897232,0.0,11,337.0,1.080415954162321,False
2016-03-12,gulf_of_aden,Gulf of Aden,106,244,93.0,82.80753872959438,73.56121253411834,15,561.0,-2.2401862183377244,False
2016-03-12,suez_canal,Suez Canal & Gulf of Suez,26,8,8.0,16.9463312105002,5.533676637087657,5,173.0,-1.3111567523907481,False
2016-03-12,eastern_med,Eastern Mediterranean,45,8,10.0,43.29815363489567,9.913733546089258,13,275.0,-1.6989120015910446,False
2016-03-12,black_sea,Black Sea,22,43,2.0,16.65449319822955,2.0,13,82.0,0.9444255858813398,False
2016-03-19,hormuz,Strait of Hormuz,2,2,2.0,1.257044165093125,1.257044165093125,2,7.0,-0.07612293995081226,False
2016-03-19,gulf_of_oman,Gulf of Oman,1,1,1.0,0.3194920387726188,0.3194920387726188,1,5.0,-0.44721359549995787,False
2016-03-19,bosphorus,Turkish Straits (Bosphorus-Dardanelles),11,5,1.0,6.732469739528175,0.41065352610519723,7,58.0,-1.1129804536451116,False
2016-03-19,persian_gulf,Persian Gulf,31,2,2.0,30.395222617059595,1.6199096274742466,7,303.0,-3.809189674428656,False
2016-03-19,black_sea,Black Sea,15,5,1.0,9.73791477332924,0.19319978030475451,11,71.0,-0.7320775232173161,False
2016-03-19,bab_el_mandeb,Bab-el-Mandeb,97,180,86.0,57.618924348231815,50.37475974726004,10,384.0,-1.0884388307313468,False
2016-03-19,suez_canal,Suez Canal & Gulf of Suez,36,3,4.0,21.922140158976696,2.44316678601729,7,168.0,-0.41203897801419836,False
2016-03-19,eastern_med,Eastern Mediterranean,65,8,16.0,60.80219711034621,14.72061831545402,21,278.0,-0.22675156212531888,False
2016-03-19,southern_red_sea,Southern Red Sea,113,196,100.0,62.12850185282501,56.216205011429565,11,474.0,-1.3075349774274725,False
2016-03-19,gulf_of_aden,Gulf of Aden,124,275,108.0,96.37325713287156,83.88137529884384,14,494.0,-1.1172838922678352,False
2016-03-19,somali_basin,Somali Basin / Horn approaches,49,115,41.0,15.395057227096714,12.65534202561804,5,183.0,-0.1468407803899131,False
2016-03-26,bab_el_mandeb,Bab-el-Mandeb,103,155,91.0,63.18980664518327,57.319211315605045,11,391.0,-0.5898750238056709,False
2016-03-26,eastern_med,Eastern Mediterranean,69,49,13.0,64.67837574168468,11.467300783197643,20,255.0,-0.11028751619909555,False
2016-03-26,arabian_sea,Arabian Sea (open),6,0,6.0,4.266750509460682,4.266750509460682,1,9.0,,False
2016-03-26,persian_gulf,Persian Gulf,54,0,1.0,50.966460339020074,1.0,8,272.0,-1.0967919547369642,False
2016-03-26,gulf_of_oman,Gulf of Oman,2,6,2.0,0.5373904209880411,0.5373904209880411,1,6.0,2.0412414523193148,True
2016-03-26,gulf_of_aden,Gulf of Aden,125,236,111.0,99.54772646426585,88.20274137959628,16,476.0,-0.8454271561885133,False
2016-03-26,black_sea,Black Sea,28,1,2.0,20.570786125436967,1.302980478905957,14,81.0,2.2301758250250843,True
2016-03-26,suez_canal,Suez Canal & Gulf of Suez,44,3,4.0,27.902162703083995,1.3777406461871273,7,147.0,0.017081098363603622,False
2016-03-26,southern_red_sea,Southern Red Sea,114,206,101.0,66.79100585711276,60.25588405364191,14,452.0,-0.990997522190947,False
2016-03-26,somali_basin,Somali Basin / Horn approaches,59,78,54.0,18.382073483476038,16.218559921269797,5,199.0,1.2123470114095296,False
2016-03-26,bosphorus,Turkish Straits (Bosphorus-Dardanelles),24,0,1.0,18.871560227188052,1.0,10,65.0,1.988435818764989,False
2016-03-26,india_west_coast,India West Coast corridor,6,0,6.0,6.0,6.0,1,9.0,,False
2016-04-02,hormuz,Strait of Hormuz,9,0,0.0,5.157807137280592,0.0,3,15.0,4.2690748412273125,True
2016-04-02,southern_red_sea,Southern Red Sea,112,140,105.0,62.500818563030556,59.19604588476264,14,444.0,-0.8096072137824901,False
2016-04-02,somali_basin,Somali Basin / Horn approaches,47,48,44.0,13.787447112253702,12.70506350660268,6,195.0,-0.46655555670977056,False
2016-04-02,black_sea,Black Sea,27,16,9.0,14.310168967227838,3.335124641900367,13,92.0,1.3579712889105486,False
2016-04-02,gulf_of_oman,Gulf of Oman,4,0,0.0,1.2779681550904751,0.0,1,8.0,5.562630415806638,True
2016-04-02,gulf_of_aden,Gulf of Aden,119,170,111.0,84.95271326183185,79.525708784604,16,474.0,-0.7982202425117748,False
2016-04-02,bab_el_mandeb,Bab-el-Mandeb,88,99,83.0,53.33210328101403,51.006701957551826,11,379.0,-1.1143496984810553,False
2016-04-02,bosphorus,Turkish Straits (Bosphorus-Dardanelles),14,2,2.0,9.474203570055582,0.7261467167486257,6,66.0,-0.5266956799938909,False
2016-04-02,eastern_med,Eastern Mediterranean,56,5,13.0,51.87603312012997,12.49942563222482,16,235.0,-0.7835355531658368,False
2016-04-02,suez_canal,Suez Canal & Gulf of Suez,43,1,10.0,25.53713277193072,6.262217355406667,6,149.0,-0.05124329509081087,False
2016-04-02,persian_gulf,Persian Gulf,127,33,4.0,115.63450467811612,1.8729149546182549,13,311.0,1.8515294566228055,False
2016-04-09,southern_red_sea,Southern Red Sea,193,142,184.0,100.08288500730811,95.92358925306117,12,532.0,1.0401643230497766,False
2016-04-09,somali_basin,Somali Basin / Horn approaches,96,94,92.0,27.937342145722035,26.455991118119186,6,251.0,5.468552211613163,True
2016-04-09,suez_canal,Suez Canal & Gulf of Suez,21,6,9.0,14.038719483745652,5.4745336646083835,6,144.0,-1.7662658237683821,False
2016-04-09,bab_el_mandeb,Bab-el-Mandeb,172,164,165.0,105.85030427918707,102.46130911507633,11,460.0,2.9633048732743466,True
2016-04-09,black_sea,Black Sea,15,3,4.0,8.658778231627643,1.833169295885785,11,85.0,-1.3142483670158371,False
2016-04-09,gulf_of_aden,Gulf of Aden,210,181,200.0,169.25784254121595,161.8457191073996,14,578.0,1.6920631645385948,False
2016-04-09,gulf_of_oman,Gulf of Oman,3,0,0.0,0.9076792880392581,0.0,2,10.0,1.2963624321753369,False
2016-04-09,persian_gulf,Persian Gulf,94,1,1.0,90.00089950234953,1.0,13,306.0,0.37806403088255314,False
2016-04-09,eastern_med,Eastern Mediterranean,36,8,13.0,31.796512381352372,11.853059593730267,17,226.0,-1.9329257817631678,False
2016-04-09,bosphorus,Turkish Straits (Bosphorus-Dardanelles),8,0,1.0,4.355848229075675,1.0,6,57.0,-1.788750084743993,False
2016-04-09,hormuz,Strait of Hormuz,5,0,0.0,2.771132495279375,0.0,2,17.0,0.7454993164109749,False
2016-04-16,black_sea,Black Sea,28,14,8.0,21.5574107112786,3.7994448885395653,12,98.0,1.2800565099197365,False
2016-04-16,southern_red_sea,Southern Red Sea,95,78,86.0,49.68649896649985,45.786145664676134,11,514.0,-1.0754581006938129,False
2016-04-16,hormuz,Strait of Hormuz,3,0,0.0,1.51408833018625,0.0,2,19.0,0.043852900965351466,False
2016-04-16,eastern_med,Eastern Mediterranean,46,3,16.0,41.20214575250448,15.617191547423738,18,207.0,-0.9482048097920662,False
2016-04-16,gulf_of_aden,Gulf of Aden,108,83,96.0,83.01076180054358,73.73876878439653,14,562.0,-0.913879955082311,False
2016-04-16,persian_gulf,Persian Gulf,57,2,0.0,54.348594273962014,0.0,7,332.0,-0.7882350514373845,False
2016-04-16,gulf_of_oman,Gulf of Oman,2,1,1.0,0.5881872492666393,0.26869521049402056,2,11.0,0.11101325894672144,False
2016-04-16,bosphorus,Turkish Straits (Bosphorus-Dardanelles),17,0,1.0,14.032679063481575,1.0,6,63.0,0.17370208344491278,False
2016-04-16,bab_el_mandeb,Bab-el-Mandeb,81,83,73.0,44.63810638936557,40.24794929528751,9,444.0,-1.0118771956663875,False
2016-04-16,suez_canal,Suez Canal & Gulf of Suez,20,1,7.0,12.595145333529786,5.278026987193389,6,128.0,-1.4841922299440906,False
2016-04-16,somali_basin,Somali Basin / Horn approaches,38,21,33.0,11.758433602282254,9.525758568162416,5,240.0,-0.9556049000300003,False
2016-04-23,hormuz,Strait of Hormuz,6,0,1.0,3.7074256511868584,0.19333732100060838,3,23.0,1.0460722439104793,False
2016-04-23,northern_red_sea,Northern & Central Red Sea,1,2,1.0,0.49561405823320354,0.49561405823320354,1,6.0,-0.6822210286372687,False
2016-04-23,somali_basin,Somali Basin / Horn approaches,62,81,54.0,19.184737615097575,16.604246894761673,5,243.0,0.4892643337446048,False
2016-04-23,eastern_med,Eastern Mediterranean,57,9,13.0,49.75184854560276,11.058324405709067,23,195.0,-0.19594083433479695,False
2016-04-23,southern_red_sea,Southern Red Sea,94,43,89.0,53.063586758865426,49.487342171531736,14,494.0,-0.9691311742014743,False
2016-04-23,bosphorus,Turkish Straits (Bosphorus-Dardanelles),16,2,1.0,9.522064524364291,0.45786426488742776,8,55.0,0.18139689908089032,False
2016-04-23,gulf_of_aden,Gulf of Aden,119,208,104.0,88.58523957549924,78.49480724718944,15,556.0,-0.3879547729470762,False
2016-04-23,bab_el_mandeb,Bab-el-Mandeb,86,101,77.0,57.56876938107694,53.27110953161744,10,427.0,-0.6129445460022357,False
2016-04-23,gulf_of_oman,Gulf of Oman,5,6,2.0,1.4958665373058975,0.5373904209880411,2,14.0,2.806243040080456,True
2016-04-23,suez_canal,Suez Canal & Gulf of Suez,28,3,4.0,16.905553801130456,2.8323750895129676,7,112.0,-0.6044295257070023,False
2016-04-23,black_sea,Black Sea,20,8,5.0,10.809931833007155,1.6261898251451383,11,90.0,-0.19178104406723417,False
2016-04-23,persian_gulf,Persian Gulf,87,0,2.0,82.79558683811936,1.7753129895853472,12,365.0,0.25104065003677845,False
2016-04-30,southern_red_sea,Southern Red Sea,60,108,53.0,32.12142891655314,27.485483048074926,12,442.0,-1.8447299293043058,False
2016-04-30,bab_el_mandeb,Bab-el-Mandeb,57,93,50.0,31.25533945925953,26.983956989173578,10,396.0,-1.5529106558348638,False
2016-04-30,somali_basin,Somali Basin / Horn approaches,27,30,20.0,8.68580180716737,6.51413149505048,5,223.0,-1.5335218022840118,False
2016-04-30,gulf_of_oman,Gulf of Oman,1,0,0.0,0.3194920387726188,0.0,1,11.0,-1.0606601717798212,False
2016-04-30,eastern_med,Eastern Mediterranean,72,18,33.0,57.65490651954225,31.407044612409592,27,211.0,1.1686148369085778,False
2016-04-30,suez_canal,Suez Canal & Gulf of Suez,33,8,22.0,25.878573999408992,18.085096805656715,7,102.0,0.06351177181834726,False
2016-04-30,bosphorus,Turkish Straits (Bosphorus-Dardanelles),45,1,1.0,32.324357297677324,1.0,18,86.0,6.274950199005567,True
2016-04-30,northern_red_sea,Northern & Central Red Sea,2,5,2.0,2.0,2.0,1,5.0,0.4093326171823613,False
2016-04-30,hormuz,Strait of Hormuz,2,0,0.0,1.1933373210006084,0.0,2,16.0,-0.6330094269277822,False
2016-04-30,black_sea,Black Sea,63,9,7.0,40.813732454108866,4.103372958265186,28,126.0,7.232297842005106,True
2016-04-30,persian_gulf,Persian Gulf,66,69,1.0,60.633295222050364,0.2714995480459568,11,304.0,-0.44768053737693886,False
2016-04-30,gulf_of_aden,Gulf of Aden,64,103,54.0,53.643016559843794,45.556059446790144,14,501.0,-1.942742150885958,False
2016-05-07,bosphorus,Turkish Straits (Bosphorus-Dardanelles),7,0,1.0,5.679614555819826,1.0,4,85.0,-1.0422125006694767,False
2016-05-07,northern_red_sea,Northern & Central Red Sea,4,2,4.0,3.4956140582332034,3.4956140582332034,2,8.0,2.5924399088216212,True
2016-05-07,persian_gulf,Persian Gulf,57,0,0.0,51.76120540198655,0.0,8,267.0,-0.6502863526366918,False
2016-05-07,suez_canal,Suez Canal & Gulf of Suez,26,1,5.0,17.33355934568864,3.8323750895129676,7,107.0,-0.5825724006986602,False
2016-05-07,black_sea,Black Sea,16,4,4.0,10.336333722321832,1.9089414367178703,10,127.0,-0.7306559311920214,False
2016-05-07,southern_red_sea,Southern Red Sea,100,110,95.0,56.46277516649636,53.50654502493089,17,349.0,-0.2855700077848465,False
2016-05-07,eastern_med,Eastern Mediterranean,48,8,16.0,42.85877900105095,12.673187996241353,18,223.0,-0.6106501206458483,False
2016-05-07,somali_basin,Somali Basin / Horn approaches,37,42,34.0,11.349613194063247,10.167537138138321,6,164.0,-0.7266024991888405,False
2016-05-07,gulf_of_aden,Gulf of Aden,105,140,97.0,82.32130952391404,76.6101348703138,16,396.0,-0.4147006254573674,False
2016-05-07,hormuz,Strait of Hormuz,2,0,0.0,0.4503814860937334,0.0,2,13.0,-0.7095890529319915,False
2016-05-07,bab_el_mandeb,Bab-el-Mandeb,79,70,74.0,44.525435405853756,41.32929110443426,11,303.0,-0.53704128032399,False
2016-05-14,southern_red_sea,Southern Red Sea,104,51,94.0,58.0052565090582,53.248810865778445,12,358.0,-0.1620613840119575,False
2016-05-14,persian_gulf,Persian Gulf,76,1,4.0,70.18137002541718,2.934962502567208,13,286.0,0.14672247573847347,False
2016-05-14,gulf_of_oman,Gulf of Oman,2,0,0.0,0.5373904209880411,0.0,1,10.0,-0.2490138028619057,False
2016-05-14,black_sea,Black Sea,22,9,5.0,14.135915133809144,3.07025708862832,13,121.0,-0.28428028310359393,False
2016-05-14,hormuz,Strait of Hormuz,4,0,0.0,0.8370561280949501,0.0,2,14.0,0.09216911430120156,False
2016-05-14,bab_el_mandeb,Bab-el-Mandeb,80,49,70.0,44.11360204688704,39.025510863050435,9,302.0,-0.4541781105861078,False
2016-05-14,suez_canal,Suez Canal & Gulf of Suez,29,1,7.0,19.389897091321117,4.820084325507847,6,116.0,-0.2574157119366173,False
2016-05-14,bosphorus,Turkish Straits (Bosphorus-Dardanelles),12,2,2.0,9.594664507741252,2.0,6,80.0,-0.4682607386645863,False
2016-05-14,somali_basin,Somali Basin / Horn approaches,31,23,28.0,9.096738775049754,8.253046791555512,5,157.0,-0.9817416660821514,False
2016-05-14,eastern_med,Eastern Mediterranean,46,3,9.0,43.15548212980914,8.34223388972555,17,223.0,-0.8186055069879322,False
2016-05-14,gulf_of_aden,Gulf of Aden,116,112,101.0,83.00027367630872,71.86458549360125,15,404.0,-0.14110694998452616,False
2016-05-21,bab_el_mandeb,Bab-el-Mandeb,88,154,76.0,43.165437198423675,37.503597332940586,9,304.0,-0.15320947469144064,False
2016-05-21,bosphorus,Turkish Straits (Bosphorus-Dardanelles),10,0,1.0,6.81709337652708,1.0,5,74.0,-0.645183800108411,False
2016-05-21,gulf_of_oman,Gulf of Oman,1,0,1.0,0.26869521049402056,0.26869521049402056,1,9.0,-1.0606601717798212,False
2016-05-21,black_sea,Black Sea,15,5,5.0,8.222397589820275,2.2338570568576626,9,116.0,-0.8095043184180079,False
2016-05-21,persian_gulf,Persian Gulf,78,0,0.0,72.6678493957872,0.0,10,277.0,0.030122460048571872,False
2016-05-21,southern_red_sea,Southern Red Sea,117,198,102.0,60.418475237378445,51.276470783786074,13,381.0,0.21146986757265415,False
2016-05-21,eastern_med,Eastern Mediterranean,48,3,15.0,43.92539536888746,13.336787755386423,20,214.0,-0.46959735624153826,False
2016-05-21,suez_canal,Suez Canal & Gulf of Suez,22,1,6.0,14.212775094557824,4.278026987193389,8,110.0,-0.9386679716361955,False
2016-05-21,somali_basin,Somali Basin / Horn approaches,35,113,29.0,12.379154586384262,9.140961485604429,5,130.0,-0.6492561289873405,False
2016-05-21,gulf_of_aden,Gulf of Aden,120,218,103.0,90.16675195122717,77.01547645215929,15,405.0,-0.018389440230806506,False
2016-05-21,hormuz,Strait of Hormuz,8,0,0.0,1.8015259443749336,0.0,2,16.0,1.5657364440559267,False
2016-05-28,somali_basin,Somali Basin / Horn approaches,37,36,32.0,10.971744930283217,9.075721712298787,5,140.0,-0.4240767123948592,False
2016-05-28,hormuz,Strait of Hormuz,8,0,0.0,2.3533612470042584,0.0,2,22.0,1.1826484215533193,False
2016-05-28,gulf_of_oman,Gulf of Oman,1,0,0.0,0.3194920387726188,0.0,1,5.0,-1.0606601717798212,False
2016-05-28,bosphorus,Turkish Straits (Bosphorus-Dardanelles),15,0,0.0,11.233022122697891,0.0,6,44.0,-0.09216911430120157,False
2016-05-28,suez_canal,Suez Canal & Gulf of Suez,13,5,5.0,8.234048404208362,3.5407500383764745,5,90.0,-1.9427605265304457,False
2016-05-28,black_sea,Black Sea,25,0,5.0,16.115048227322948,1.486631071270874,11,78.0,-0.047198758164566444,False
2016-05-28,persian_gulf,Persian Gulf,84,0,0.0,82.3405216485717,0.0,11,295.0,0.1625067712565398,False
2016-05-28,bab_el_mandeb,Bab-el-Mandeb,76,55,69.0,44.40277587256886,39.55949869543829,10,323.0,-0.4513178683736163,False
2016-05-28,southern_red_sea,Southern Red Sea,100,55,93.0,56.253554651990385,52.41047631868274,15,421.0,-0.24734911641569357,False
2016-05-28,gulf_of_aden,Gulf of Aden,121,167,103.0,95.27806312115456,78.29791419223642,15,462.0,0.021473374060267083,False
2016-05-28,eastern_med,Eastern Mediterranean,34,10,12.0,31.920284910038546,12.0,13,176.0,-1.6070529308344312,False
2016-06-04,bosphorus,Turkish Straits (Bosphorus-Dardanelles),11,13,2.0,8.690230335172275,0.8213070522103945,4,48.0,-0.43082021842766455,False
2016-06-04,bab_el_mandeb,Bab-el-Mandeb,99,184,89.0,58.70857429223567,51.173088642176324,10,343.0,0.2645066432255938,False
2016-06-04,suez_canal,Suez Canal & Gulf of Suez,23,9,6.0,15.352392001665095,3.2567658006269884,6,87.0,-0.1592555143176514,False
2016-06-04,somali_basin,Somali Basin / Horn approaches,49,121,41.0,14.724308245390919,12.252759616189735,5,152.0,0.15797440544316424,False
2016-06-04,southern_red_sea,Southern Red Sea,121,193,110.0,66.59959108772998,59.818156353167396,15,442.0,0.3452090849036761,False
2016-06-04,gulf_of_aden,Gulf of Aden,125,194,114.0,96.62271016349021,87.66458627002966,16,482.0,0.11350700305208528,False
2016-06-04,hormuz,Strait of Hormuz,8,0,0.0,1.546698568004867,0.0,1,28.0,1.3347758261311509,False
2016-06-04,persian_gulf,Persian Gulf,58,0,2.0,55.156787901816784,2.0,9,296.0,-1.2266067461993193,False
2016-06-04,northern_red_sea,Northern & Central Red Sea,1,0,1.0,0.49561405823320354,0.49561405823320354,1,8.0,-0.8366600265340753,False
2016-06-04,black_sea,Black Sea,20,18,8.0,11.822485521009432,3.0860600833682774,10,82.0,-0.3462711903398017,False
2016-06-04,eastern_med,Eastern Mediterranean,40,12,14.0,36.639881118001234,12.34968995720965,18,168.0,-0.6993490934620638,False
2016-06-11,suez_canal,Suez Canal & Gulf of Suez,33,0,8.0,22.04071643456488,5.664750179025935,4,91.0,1.4154521090087056,False
2016-06-11,bosphorus,Turkish Straits (Bosphorus-Dardanelles),6,0,0.0,3.548537838781707,0.0,4,42.0,-0.8898972969101417,False
2016-06-11,gulf_of_oman,Gulf of Oman,4,6,1.0,1.227171326811877,0.26869521049402056,2,8.0,1.0790598124015913,False
2016-06-11,somali_basin,Somali Basin / Horn approaches,49,75,43.0,14.218010565889724,12.033621390734151,6,170.0,0.8570840234515014,False
2016-06-11,southern_red_sea,Southern Red Sea,110,149,100.0,64.2304057093317,57.78661606256432,15,448.0,0.6012102093076522,False
2016-06-11,bab_el_mandeb,Bab-el-Mandeb,86,100,76.0,54.50856349392956,48.3390985915299,11,349.0,0.4384798444524341,False
2016-06-11,gulf_of_aden,Gulf of Aden,113,168,103.0,83.78808743625643,75.2627686528382,16,479.0,0.1652525418425111,False
2016-06-11,black_sea,Black Sea,14,4,7.0,6.9860055865448265,2.4878921703524357,10,74.0,-0.7819965514957778,False
2016-06-11,eastern_med,Eastern Mediterranean,52,3,16.0,49.89525558440786,14.58970382072607,12,174.0,0.272753808745192,False
2016-06-11,hormuz,Strait of Hormuz,12,0,0.0,4.867449577190508,0.0,3,36.0,2.5501722252385974,True
2016-06-11,persian_gulf,Persian Gulf,89,0,0.0,85.41943095601414,0.0,11,309.0,1.4981550371403722,False
2016-06-18,bosphorus,Turkish Straits (Bosphorus-Dardanelles),12,0,1.0,10.490955138143573,0.41065352610519723,5,44.0,-0.25979224926766525,False
2016-06-18,somali_basin,Somali Basin / Horn approaches,52,103,42.0,16.519552557311414,12.815836874276458,6,187.0,0.9636899110573501,False
2016-06-18,black_sea,Black Sea,22,3,7.0,14.566229043832475,2.331937003576176,12,81.0,-0.14803019256860178,False
2016-06-18,suez_canal,Suez Canal & Gulf of Suez,36,3,7.0,22.69755655707007,3.565257782310149,6,105.0,1.534204121954727,False
2016-06-18,bab_el_mandeb,Bab-el-Mandeb,111,138,94.0,57.619369248007054,48.63895982659783,11,372.0,2.444765607644727,True
2016-06-18,gulf_of_oman,Gulf of Oman,1,0,0.0,0.26869521049402056,0.0,1,7.0,-0.9130506104936542,False
2016-06-18,persian_gulf,Persian Gulf,85,4,3.0,81.7754504076428,1.23312440835557,10,316.0,0.8392777767995091,False
2016-06-18,gulf_of_aden,Gulf of Aden,141,252,122.0,110.26540127720534,93.86383555274827,14,500.0,1.5559308207821096,False
2016-06-18,eastern_med,Eastern Mediterranean,51,18,17.0,48.793949285317446,16.08184242706295,14,177.0,0.1202080676484485,False
2016-06-18,hormuz,Strait of Hormuz,3,0,0.0,0.7074256511868584,0.0,2,31.0,-0.940998959572309,False
2016-06-18,southern_red_sea,Southern Red Sea,132,240,116.0,63.66416183766121,55.62177240169288,12,463.0,1.6610863526131165,False
2016-06-25,southern_red_sea,Southern Red Sea,128,309,111.0,69.8535059586442,59.58649606814251,15,491.0,1.0477671426085637,False
2016-06-25,persian_gulf,Persian Gulf,76,2,3.0,72.61317511800011,2.7753129895853474,10,308.0,0.15131128207067046,False
2016-06-25,hormuz,Strait of Hormuz,4,0,0.0,1.771132495279375,0.0,2,27.0,-0.5147553614092779,False
2016-06-25,somali_basin,Somali Basin / Horn approaches,59,172,48.0,18.998107803930324,15.071068109770518,5,209.0,2.096454949085193,True
2016-06-25,bosphorus,Turkish Straits (Bosphorus-Dardanelles),8,48,1.0,5.075844118858514,0.26896102971462843,3,37.0,-0.5376091158040008,False
2016-06-25,black_sea,Black Sea,18,66,9.0,9.150110424407437,3.1627485467755334,8,74.0,-0.41453988901347505,False
2016-06-25,eastern_med,Eastern Mediterranean,57,37,24.0,52.45582585912365,22.45656532036304,16,200.0,0.7335123137103567,False
2016-06-25,northern_red_sea,Northern & Central Red Sea,1,0,1.0,0.49561405823320354,0.49561405823320354,1,8.0,-0.6437963064592139,False
2016-06-25,gulf_of_oman,Gulf of Oman,1,0,0.0,0.3194920387726188,0.0,1,7.0,-0.7245688373094719,False
2016-06-25,gulf_of_aden,Gulf of Aden,132,370,114.0,100.1869188168837,84.81393906262662,15,511.0,0.8423276131154545,False
2016-06-25,suez_canal,Suez Canal & Gulf of Suez,32,13,13.0,21.93640472388946,9.436188709128146,5,124.0,0.6823592297257332,False
2016-06-25,bab_el_mandeb,Bab-el-Mandeb,104,283,87.0,63.578514619036255,53.0094146385275,10,400.0,1.214016972411145,False
2016-07-02,eastern_med,Eastern Mediterranean,36,8,21.0,35.46993443892648,20.469934438926476,14,196.0,-1.5296336180683452,False
2016-07-02,bosphorus,Turkish Straits (Bosphorus-Dardanelles),5,0,0.0,3.537922059429257,0.0,2,31.0,-1.710030634629616,False
2016-07-02,gulf_of_aden,Gulf of Aden,125,221,119.0,85.14098975588962,80.43331886499243,16,511.0,0.3010317532982535,False
2016-07-02,suez_canal,Suez Canal & Gulf of Suez,12,0,6.0,7.559739712230479,3.8304005745581016,5,113.0,-1.9927754128736743,False
2016-07-02,gulf_of_oman,Gulf of Oman,2,4,1.0,0.5373904209880411,0.26869521049402056,1,8.0,0.0,False
2016-07-02,persian_gulf,Persian Gulf,78,4,1.0,75.07501971487046,0.7753129895853472,11,328.0,0.2196369847057443,False
2016-07-02,black_sea,Black Sea,15,9,7.0,7.821725267204973,2.9635494948995915,8,69.0,-1.0279123375000943,False
2016-07-02,hormuz,Strait of Hormuz,2,0,0.0,0.4503814860937334,0.0,2,21.0,-1.2135727778635945,False
2016-07-02,bab_el_mandeb,Bab-el-Mandeb,76,137,70.0,46.81547522227579,41.24053560777803,11,377.0,-1.1196376431486055,False
2016-07-02,somali_basin,Somali Basin / Horn approaches,41,89,36.0,12.732551344854244,11.371508815313433,5,201.0,-0.265189204869735,False
2016-07-02,northern_red_sea,Northern & Central Red Sea,3,6,1.0,2.495614058233204,0.49561405823320354,3,9.0,1.07299384409869,False
2016-07-02,southern_red_sea,Southern Red Sea,121,214,114.0,67.21145665828206,62.756399200881276,16,491.0,0.561994606188441,False
2016-07-09,somali_basin,Somali Basin / Horn approaches,52,42,48.0,15.320355393739337,13.59858048768444,4,204.0,0.8191989724857685,False
2016-07-09,persian_gulf,Persian Gulf,59,3,2.0,52.92383740307821,1.0350131633222788,12,298.0,-2.0287028316520628,False
2016-07-09,southern_red_sea,Southern Red Sea,179,333,163.0,105.16947776085063,95.97783115672004,14,560.0,5.5509095856548685,True
2016-07-09,black_sea,Black Sea,47,276,22.0,28.673339862738136,12.875830517262846,22,102.0,7.003944071602772,True
2016-07-09,hormuz,Strait of Hormuz,4,3,1.0,1.0281766603725,0.257044165093125,1,13.0,-0.6251738552630639,False
2016-07-09,gulf_of_oman,Gulf of Oman,2,0,0.0,0.5373904209880411,0.0,1,6.0,0.35355339059327373,False
2016-07-09,eastern_med,Eastern Mediterranean,59,10,19.0,49.28893308058302,16.34609420040803,20,203.0,1.658149934986745,False
2016-07-09,gulf_of_aden,Gulf of Aden,176,337,160.0,121.67672276045582,108.67238871606338,14,574.0,5.774720281972987,True
2016-07-09,bosphorus,Turkish Straits (Bosphorus-Dardanelles),31,271,16.0,18.106358598271218,8.053946211431601,12,56.0,6.29326546193043,True
2016-07-09,suez_canal,Suez Canal & Gulf of Suez,26,1,9.0,16.11194004609905,6.178534590477602,6,106.0,0.11023963796102458,False
2016-07-09,bab_el_mandeb,Bab-el-Mandeb,121,251,109.0,68.88913897731643,63.70155172466102,9,412.0,2.3386119154440514,True
2016-07-16,gulf_of_oman,Gulf of Oman,2,1,1.0,0.5373904209880411,0.26869521049402056,1,7.0,0.24152294576982392,False
2016-07-16,suez_canal,Suez Canal & Gulf of Suez,24,3,11.0,12.091288696837276,5.842682925084921,6,94.0,-0.06988492438890553,False
2016-07-16,somali_basin,Somali Basin / Horn approaches,56,43,53.0,17.784393073535114,16.96776755581063,4,208.0,1.1153023236346635,False
2016-07-16,hormuz,Strait of Hormuz,1,0,0.0,0.19333732100060838,0.0,1,11.0,-1.50777223916386,False
2016-07-16,black_sea,Black Sea,465,4,10.0,296.845648238131,6.152918170272022,49,545.0,41.030581015035274,True
2016-07-16,gulf_of_aden,Gulf of Aden,162,188,153.0,103.5985377212061,97.39946748036394,16,595.0,1.5353236216226127,False
2016-07-16,bosphorus,Turkish Straits (Bosphorus-Dardanelles),290,0,6.0,206.5863045029066,3.806883089143885,23,334.0,33.699839072651486,True
2016-07-16,southern_red_sea,Southern Red Sea,166,173,159.0,99.64482510484811,94.76900169016258,15,594.0,1.6920359585634048,False
2016-07-16,eastern_med,Eastern Mediterranean,289,7,32.0,173.45684733744758,29.975332303505148,34,441.0,25.60020408297202,True
2016-07-16,bab_el_mandeb,Bab-el-Mandeb,94,95,88.0,60.69589557164157,56.383190472016764,10,395.0,-0.06863119730925439,False
2016-07-16,persian_gulf,Persian Gulf,64,1,0.0,62.340521648571695,0.0,8,277.0,-1.0275568652773077,False
2016-07-23,hormuz,Strait of Hormuz,7,0,0.0,3.0941002931880752,0.0,3,14.0,0.4689048889399586,False
2016-07-23,gulf_of_aden,Gulf of Aden,162,292,148.0,108.30477959475039,98.20174670897241,14,625.0,1.1559690355993173,False
2016-07-23,gulf_of_oman,Gulf of Oman,4,0,0.0,1.1763744985332787,0.0,2,10.0,2.1737065119284154,True
2016-07-23,eastern_med,Eastern Mediterranean,258,5,13.0,153.02092111348227,12.233650391598822,35,642.0,2.0998083972937507,True
2016-07-23,northern_red_sea,Northern & Central Red Sea,1,0,1.0,0.49561405823320354,0.49561405823320354,1,6.0,-0.6437963064592139,False
2016-07-23,suez_canal,Suez Canal & Gulf of Suez,36,2,8.0,23.139041305476162,5.664750179025935,6,98.0,1.2518017762769829,False
2016-07-23,somali_basin,Somali Basin / Horn approaches,55,121,47.0,18.26901830163415,15.74266051283777,5,204.0,0.7696766896690189,False
2016-07-23,southern_red_sea,Southern Red Sea,165,292,154.0,106.16406643160454,100.56734196393488,15,631.0,1.214280621732014,False
2016-07-23,bosphorus,Turkish Straits (Bosphorus-Dardanelles),273,1,1.0,200.247487568151,0.2738307578109862,24,599.0,2.2935715608043874,True
2016-07-23,bab_el_mandeb,Bab-el-Mandeb,97,151,87.0,49.857941727936435,43.90532128541224,9,388.0,0.06963813411405732,False
2016-07-23,persian_gulf,Persian Gulf,82,0,2.0,79.14430336317402,2.0,11,283.0,0.6439500305078376,False
2016-07-23,black_sea,Black Sea,394,1,3.0,255.38967590994525,1.6595755626951205,48,921.0,2.0160569931549093,True
2016-07-30,southern_red_sea,Southern Red Sea,141,213,135.0,90.46449931502629,87.18380047602999,17,651.0,0.029094692448420435,False
2016-07-30,black_sea,Black Sea,44,15,11.0,26.020554411763214,3.94507311065216,22,950.0,-0.42399565491617897,False
2016-07-30,bosphorus,Turkish Straits (Bosphorus-Dardanelles),24,0,0.0,18.91970480739439,0.0,10,618.0,-0.4439127480117436,False
2016-07-30,suez_canal,Suez Canal & Gulf of Suez,28,1,6.0,18.565582971356825,3.975418471989759,8,114.0,0.030526093518766968,False
2016-07-30,bab_el_mandeb,Bab-el-Mandeb,56,79,51.0,29.660510300493428,25.74938300451072,10,368.0,-3.029098118853686,False
2016-07-30,gulf_of_oman,Gulf of Oman,4,0,0.0,1.85688245976066,0.0,3,12.0,1.5043041695357886,False
2016-07-30,hormuz,Strait of Hormuz,2,0,0.0,1.2588751261777078,0.0,2,14.0,-0.8579256023487964,False
2016-07-30,gulf_of_aden,Gulf of Aden,129,186,124.0,74.707927471606,70.24267363010806,16,629.0,-0.5833812791956874,False
2016-07-30,somali_basin,Somali Basin / Horn approaches,27,30,23.0,9.514663077546881,8.409671602651253,5,190.0,-4.475951802999317,False
2016-07-30,arabian_sea,Arabian Sea (open),1,0,0.0,1.0,0.0,1,9.0,-0.5,False
2016-07-30,northern_red_sea,Northern & Central Red Sea,2,0,1.0,1.4956140582332036,0.49561405823320354,2,7.0,0.21459876881973797,False
2016-07-30,persian_gulf,Persian Gulf,67,0,0.0,64.75901839340443,0.0,10,272.0,-0.5721013788084024,False
2016-07-30,eastern_med,Eastern Mediterranean,76,4,21.0,59.288168386315185,20.415066551772227,24,682.0,-0.27998902073492926,False
2016-08-06,somali_basin,Somali Basin / Horn approaches,65,168,58.0,18.54567684924418,16.27476676968661,6,203.0,1.5569150644984653,False
2016-08-06,suez_canal,Suez Canal & Gulf of Suez,36,0,7.0,22.061894654399826,4.0179177106811235,6,124.0,0.9575435282852517,False
2016-08-06,southern_red_sea,Southern Red Sea,312,617,285.0,223.21239863020935,207.43402197982897,19,784.0,6.8838361518433935,True
2016-08-06,gulf_of_oman,Gulf of Oman,2,0,0.0,0.6389840775452376,0.0,1,12.0,-0.38188130791298663,False
2016-08-06,eastern_med,Eastern Mediterranean,64,4,16.0,58.28295947769931,14.394653428731075,20,687.0,-0.44851863434146255,False
2016-08-06,gulf_of_aden,Gulf of Aden,286,529,259.0,184.1424982251685,161.5518247616812,19,739.0,6.55570484014521,True
2016-08-06,northern_red_sea,Northern & Central Red Sea,3,1,3.0,1.4868421746996106,1.4868421746996106,1,9.0,0.9991193305204927,False
2016-08-06,persian_gulf,Persian Gulf,67,3,0.0,61.08740032925971,0.0,11,280.0,-0.7502093510159409,False
2016-08-06,bab_el_mandeb,Bab-el-Mandeb,176,434,150.0,92.55605535331304,80.63323473916483,13,423.0,4.03506030677307,True
2016-08-06,black_sea,Black Sea,15,11,7.0,9.34862015050228,4.211921915623828,8,918.0,-0.5981845547902434,False
2016-08-06,bosphorus,Turkish Straits (Bosphorus-Dardanelles),10,2,3.0,7.298454172926114,3.0,6,597.0,-0.5731817950311535,False
2016-08-06,hormuz,Strait of Hormuz,3,0,0.0,2.257044165093125,0.0,2,13.0,-0.38373575458421166,False
2016-08-13,eastern_med,Eastern Mediterranean,45,2,9.0,42.50504484479514,8.30918138267496,17,443.0,-0.6551863531973254,False
2016-08-13,gulf_of_oman,Gulf of Oman,1,0,0.0,0.3194920387726188,0.0,1,11.0,-1.0729938440986901,False
2016-08-13,northern_red_sea,Northern & Central Red Sea,3,0,3.0,1.4868421746996106,1.4868421746996106,1,9.0,0.7770928126270499,False
2016-08-13,bosphorus,Turkish Straits (Bosphorus-Dardanelles),14,0,0.0,11.452203151256569,0.0,8,321.0,-0.5464660801962404,False
2016-08-13,bab_el_mandeb,Bab-el-Mandeb,154,286,119.0,76.61925758480413,59.844456030731834,12,483.0,1.4029757635491082,False
2016-08-13,suez_canal,Suez Canal & Gulf of Suez,23,2,1.0,12.877663080300184,0.6107916965043225,7,123.0,-0.6947404073297033,False
2016-08-13,somali_basin,Somali Basin / Horn approaches,65,156,42.0,18.975827466505763,12.321072769467339,6,212.0,1.1944661808879935,False
2016-08-13,southern_red_sea,Southern Red Sea,267,404,241.0,187.06304259185546,170.5903503042391,18,885.0,1.602861712083956,False
2016-08-13,gulf_of_aden,Gulf of Aden,262,412,223.0,166.5043906498048,133.64545732555584,17,839.0,1.8623020044932896,False
2016-08-13,persian_gulf,Persian Gulf,88,4,4.0,83.57621151979428,3.7753129895853474,12,304.0,1.6962542191956929,False
2016-08-13,black_sea,Black Sea,29,8,8.0,16.483415635799368,3.0997586824383943,15,482.0,-0.5245662622258561,False
2016-08-13,hormuz,Strait of Hormuz,6,0,0.0,2.2215139813731084,0.0,3,18.0,1.5008862630019915,False
2016-08-20,northern_red_sea,Northern & Central Red Sea,1,10,0.0,0.49561405823320354,0.0,1,9.0,-1.07299384409869,False
2016-08-20,bosphorus,Turkish Straits (Bosphorus-Dardanelles),8,0,0.0,5.211703315325413,0.0,4,56.0,-0.5977384595437026,False
2016-08-20,somali_basin,Somali Basin / Horn approaches,47,147,36.0,13.834623174160756,10.572839264949163,6,204.0,-0.42798918267221314,False
2016-08-20,southern_red_sea,Southern Red Sea,232,334,210.0,154.45567718686968,140.24862344057757,18,952.0,0.6870664593275976,False
2016-08-20,persian_gulf,Persian Gulf,77,1,2.0,74.32296304951734,1.7753129895853472,10,299.0,0.4413390079457981,False
2016-08-20,suez_canal,Suez Canal & Gulf of Suez,29,4,9.0,19.687733469918445,7.278026987193389,6,116.0,0.23679900370825074,False
2016-08-20,bab_el_mandeb,Bab-el-Mandeb,144,217,124.0,73.2760280265373,59.90547411009236,12,530.0,0.8661473743189202,False
2016-08-20,hormuz,Strait of Hormuz,1,0,0.0,1.0,0.0,1,12.0,-1.2706454064584558,False
2016-08-20,eastern_med,Eastern Mediterranean,51,65,18.0,46.928829058407665,16.562450489460307,16,236.0,-0.5853542315235968,False
2016-08-20,gulf_of_oman,Gulf of Oman,3,4,1.0,0.8568824597606599,0.26869521049402056,2,10.0,0.643796306459214,False
2016-08-20,gulf_of_aden,Gulf of Aden,217,320,195.0,149.37804203467306,131.82508118366522,17,894.0,0.6129679999169633,False
2016-08-20,black_sea,Black Sea,29,28,20.0,15.652876879395853,9.286948206053877,11,117.0,-0.5307703952224372,False
2016-08-27,black_sea,Black Sea,15,9,9.0,7.155943391167376,2.49326452508892,6,88.0,-0.6158106577657375,False
2016-08-27,eastern_med,Eastern Mediterranean,27,5,9.0,25.96150135861028,8.738586429846064,11,187.0,-0.8103209731887644,False
2016-08-27,bosphorus,Turkish Straits (Bosphorus-Dardanelles),4,0,0.0,4.0,0.0,1,36.0,-0.6301033169132432,False
2016-08-27,gulf_of_oman,Gulf of Oman,1,0,0.0,0.3194920387726188,0.0,1,7.0,-1.403121520040228,False
2016-08-27,persian_gulf,Persian Gulf,56,0,1.0,51.554802391321594,1.0,11,288.0,-1.6804100266471764,False
2016-08-27,gulf_of_aden,Gulf of Aden,221,461,212.0,123.97237840160027,116.74734972527473,16,986.0,0.5225073682802492,False
2016-08-27,northern_red_sea,Northern & Central Red Sea,2,0,2.0,1.4956140582332036,1.4956140582332036,2,9.0,0.12613124477737822,False
2016-08-27,hormuz,Strait of Hormuz,4,0,0.0,1.7074256511868584,0.0,3,14.0,0.33303977684016434,False
2016-08-27,bab_el_mandeb,Bab-el-Mandeb,108,351,100.0,53.365026872667066,48.43663572695297,11,582.0,-0.1638113783694881,False
2016-08-27,somali_basin,Somali Basin / Horn approaches,28,239,24.0,8.689391057964823,7.333066690110365,4,205.0,-1.8134586642161443,False
2016-08-27,southern_red_sea,Southern Red Sea,252,487,243.0,184.96120666855137,179.49801428068764,19,1063.0,0.8190975319785615,False
2016-08-27,suez_canal,Suez Canal & Gulf of Suez,16,0,3.0,10.698807627882614,2.221583393008645,6,104.0,-1.391967977469094,False
2016-09-03,bab_el_mandeb,Bab-el-Mandeb,111,247,100.0,52.57711691147969,48.39255666420131,12,517.0,-0.20202284792283273,False
2016-09-03,persian_gulf,Persian Gulf,77,0,0.0,64.53878924783946,0.0,11,298.0,0.6214992045540054,False
2016-09-03,black_sea,Black Sea,8,1,3.0,3.9166056021306717,0.8427840430429174,7,81.0,-0.6533764495248674,False
2016-09-03,northern_red_sea,Northern & Central Red Sea,4,2,4.0,1.9824562329328141,1.9824562329328141,1,10.0,2.1602468994692856,True
2016-09-03,somali_basin,Somali Basin / Horn approaches,32,104,30.0,9.284938384334854,8.6425611785399,5,172.0,-1.1737587659379105,False
2016-09-03,hormuz,Strait of Hormuz,5,0,0.0,1.2215139813731084,0.0,2,16.0,0.6806139097297725,False
2016-09-03,bosphorus,Turkish Straits (Bosphorus-Dardanelles),3,0,0.0,2.410653526105197,0.0,3,29.0,-0.6367229018912494,False
2016-09-03,suez_canal,Suez Canal & Gulf of Suez,38,2,9.0,27.77270145878555,7.891303795360842,9,106.0,1.6063445778261034,False
2016-09-03,southern_red_sea,Southern Red Sea,234,420,221.0,167.13305547784822,161.83644884793043,19,985.0,0.32761353385866976,False
2016-09-03,gulf_of_aden,Gulf of Aden,205,367,193.0,120.81168799772743,110.37167845745796,17,905.0,0.0578209963096818,False
2016-09-03,eastern_med,Eastern Mediterranean,56,5,19.0,54.599261836429896,18.466242980569586,17,179.0,-0.5104589975796417,False
2016-09-10,persian_gulf,Persian Gulf,69,0,0.0,63.005741882560244,0.0,10,279.0,-0.3087745375230382,False
2016-09-10,hormuz,Strait of Hormuz,3,0,0.0,0.7074256511868584,0.0,2,13.0,-0.27607881518711636,False
2016-09-10,gulf_of_oman,Gulf of Oman,2,4,1.0,0.5373904209880411,0.26869521049402056,1,7.0,-0.3157270091452384,False
2016-09-10,black_sea,Black Sea,6,8,6.0,2.02359603953603,2.02359603953603,3,58.0,-0.6279696651090306,False
2016-09-10,suez_canal,Suez Canal & Gulf of Suez,28,7,13.0,20.498229296187482,8.976843423104947,5,111.0,-0.098058067569092,False
2016-09-10,gulf_of_aden,Gulf of Aden,200,359,187.0,122.53048105543766,110.91869070402554,14,843.0,-0.10372348394571615,False
2016-09-10,bab_el_mandeb,Bab-el-Mandeb,108,230,96.0,49.344670070424854,44.28536416422956,9,471.0,-0.24713165032199724,False
2016-09-10,somali_basin,Somali Basin / Horn approaches,35,96,28.0,11.275849085898688,8.825779415053209,4,142.0,-0.744920493781769,False
2016-09-10,northern_red_sea,Northern & Central Red Sea,3,0,3.0,1.4868421746996106,1.4868421746996106,1,10.0,0.5892556509887894,False
2016-09-10,eastern_med,Eastern Mediterranean,34,7,15.0,33.827467092178516,14.913733546089258,9,168.0,-0.718745275691828,False
2016-09-10,southern_red_sea,Southern Red Sea,204,353,192.0,138.12938980869805,132.4548411192398,15,922.0,-0.29120062057991897,False
2016-09-17,bosphorus,Turkish Straits (Bosphorus-Dardanelles),1,0,0.0,1.0,0.0,1,16.0,-0.6145527217456911,False
2016-09-17,somali_basin,Somali Basin / Horn approaches,48,97,44.0,14.68712451860545,13.206449719058284,5,143.0,0.23506467780270848,False
2016-09-17,gulf_of_aden,Gulf of Aden,251,294,242.0,161.79933862424207,153.85318352748448,17,877.0,0.8117709352779279,False
2016-09-17,hormuz,Strait of Hormuz,1,0,0.0,0.257044165093125,0.0,1,13.0,-1.4155521462623264,False
2016-09-17,suez_canal,Suez Canal & Gulf of Suez,46,5,16.0,26.504726476069145,9.485657611230351,13,128.0,2.2571043626206895,True
2016-09-17,northern_red_sea,Northern & Central Red Sea,2,0,2.0,0.9912281164664071,0.9912281164664071,1,11.0,-0.3535533905932736,False
2016-09-17,eastern_med,Eastern Mediterranean,60,8,21.0,59.09079579735931,20.63877588839107,19,177.0,-0.2182145599524271,False
2016-09-17,persian_gulf,Persian Gulf,42,2,1.0,36.22841975573435,0.7753129895853472,8,244.0,-3.0552090477709375,False
2016-09-17,bab_el_mandeb,Bab-el-Mandeb,152,195,144.0,73.5069383251111,69.83509922170532,12,479.0,0.8727240244926832,False
2016-09-17,black_sea,Black Sea,9,6,7.0,4.190822739361436,2.6076641689105955,7,38.0,-0.4414012463353961,False
2016-09-17,southern_red_sea,Southern Red Sea,258,328,249.0,176.00961421943904,171.49826481586544,18,948.0,0.5826087584915502,False
2016-09-24,suez_canal,Suez Canal & Gulf of Suez,38,7,6.0,20.129170780809563,3.0360850399351538,11,150.0,0.8047453830740176,False
2016-09-24,persian_gulf,Persian Gulf,71,0,0.0,63.24592897313916,0.0,13,259.0,0.22217426596905007,False
2016-09-24,bosphorus,Turkish Straits (Bosphorus-Dardanelles),1,0,1.0,1.0,1.0,1,9.0,-0.4394837778558291,False
2016-09-24,gulf_of_aden,Gulf of Aden,259,299,251.0,162.0848026756397,154.73510603612456,16,915.0,0.7874294688127812,False
2016-09-24,somali_basin,Somali Basin / Horn approaches,68,155,61.0,21.322618439010327,18.4187674770305,5,183.0,1.5924424555963648,False
2016-09-24,hormuz,Strait of Hormuz,2,0,0.0,0.4503814860937334,0.0,2,11.0,-0.6223303640087094,False
2016-09-24,eastern_med,Eastern Mediterranean,59,8,9.0,58.35605342912724,9.0,18,209.0,0.46018377026202156,False
2016-09-24,bab_el_mandeb,Bab-el-Mandeb,150,186,142.0,83.82964322242742,78.2333006798575,10,521.0,0.6298844313584946,False
2016-09-24,black_sea,Black Sea,6,7,6.0,3.501148376976662,3.501148376976662,6,29.0,-1.0025489236622243,False
2016-09-24,southern_red_sea,Southern Red Sea,269,321,261.0,188.31642348215115,184.33034657043476,15,965.0,0.6294966039947274,False
2016-10-01,arabian_sea,Arabian Sea (open),2,0,1.0,1.4222501698202272,0.7111250849101136,1,10.0,0.0,False
2016-10-01,persian_gulf,Persian Gulf,69,0,1.0,64.29100428248816,1.0,10,251.0,0.044322976756110105,False
2016-10-01,hormuz,Strait of Hormuz,8,0,0.0,6.4503814860937325,0.0,3,14.0,2.696764910704408,True
2016-10-01,gulf_of_oman,Gulf of Oman,6,0,0.0,1.9169522326357127,0.0,1,12.0,3.052027755070638,True
2016-10-01,eastern_med,Eastern Mediterranean,54,5,12.0,52.799703913623404,10.885970367534144,19,207.0,0.34058532460866214,False
2016-10-01,black_sea,Black Sea,10,12,9.0,4.557423337455274,4.254442858549318,6,31.0,-0.4844990908129926,False
2016-10-01,gulf_of_aden,Gulf of Aden,229,342,199.0,156.86316495153181,130.7188281096064,18,939.0,-0.2777128190886107,False
2016-10-01,southern_red_sea,Southern Red Sea,224,327,198.0,147.59833125495436,138.08267357213995,18,955.0,-0.9223898701881429,False
2016-10-01,bab_el_mandeb,Bab-el-Mandeb,154,224,128.0,74.18105518151299,60.68841851162825,12,564.0,0.6286947307907149,False
2016-10-01,suez_canal,Suez Canal & Gulf of Suez,37,0,6.0,25.112366521689843,5.4456518976804205,11,149.0,0.5467140061244465,False
2016-10-01,india_west_coast,India West Coast corridor,2,0,1.0,2.0,1.0,1,10.0,-0.1,False
2016-10-01,somali_basin,Somali Basin / Horn approaches,55,142,36.0,19.199657271599527,10.497920509216673,6,206.0,0.40512121204448254,False
2016-10-01,bosphorus,Turkish Straits (Bosphorus-Dardanelles),1,0,1.0,1.0,1.0,1,6.0,-0.903965108566143,False
2016-10-01,northern_red_sea,Northern & Central Red Sea,2,0,2.0,0.9912281164664071,0.9912281164664071,1,11.0,-0.5400617248673215,False
2016-10-08,southern_red_sea,Southern Red Sea,238,624,218.0,173.87933829835904,159.96895048620516,19,989.0,-0.19733805434408178,False
2016-10-08,black_sea,Black Sea,15,12,5.0,8.612162756111243,1.9030021902356817,8,40.0,0.10329923381766463,False
2016-10-08,eastern_med,Eastern Mediterranean,88,12,18.0,83.77990758462657,15.861734659496507,28,261.0,3.293764450744558,True
2016-10-08,bab_el_mandeb,Bab-el-Mandeb,107,353,97.0,58.07202443829325,51.614127259510894,12,563.0,-1.285471455733576,False
2016-10-08,somali_basin,Somali Basin / Horn approaches,43,99,37.0,12.196149633146932,10.197448059497521,6,214.0,-0.284737888728094,False
2016-10-08,gulf_of_aden,Gulf of Aden,205,536,186.0,118.21489929728614,107.10947363062836,18,944.0,-1.0562315087138874,False
2016-10-08,bosphorus,Turkish Straits (Bosphorus-Dardanelles),11,3,2.0,6.830299114935155,0.47649781124991614,6,14.0,1.175464341403136,False
2016-10-08,northern_red_sea,Northern & Central Red Sea,2,0,2.0,1.4956140582332036,1.4956140582332036,2,9.0,-0.5400617248673215,False
2016-10-08,persian_gulf,Persian Gulf,39,0,0.0,36.86771540332508,0.0,7,221.0,-2.1024201361753114,False
2016-10-08,arabian_sea,Arabian Sea (open),2,0,2.0,1.4222501698202272,1.4222501698202272,1,11.0,0.0,False
2016-10-08,india_west_coast,India West Coast corridor,2,0,2.0,2.0,2.0,1,11.0,-0.09225312080288858,False
2016-10-08,suez_canal,Suez Canal & Gulf of Suez,65,10,10.0,36.740374275473236,7.4308760220121695,15,186.0,3.4247249775681823,True
2016-10-15,hormuz,Strait of Hormuz,1,0,0.0,0.19333732100060838,0.0,1,12.0,-1.1031563909929116,False
2016-10-15,black_sea,Black Sea,12,34,9.0,3.6205285855128855,2.856150614428924,7,43.0,-0.03276613544349951,False
2016-10-15,eastern_med,Eastern Mediterranean,62,16,21.0,59.17718363581706,20.00994105497998,18,263.0,0.4563241429946779,False
2016-10-15,suez_canal,Suez Canal & Gulf of Suez,40,5,9.0,27.577145111740442,5.497125268538903,7,180.0,0.19955965461868075,False
2016-10-15,bab_el_mandeb,Bab-el-Mandeb,112,210,101.0,53.756557143313714,48.88695262283794,11,523.0,-0.77039861976647,False
2016-10-15,somali_basin,Somali Basin / Horn approaches,38,119,34.0,11.96314010133667,10.094911153634177,7,204.0,-0.4960325119503897,False
2016-10-15,southern_red_sea,Southern Red Sea,214,441,199.0,148.87720479792662,139.60482712892838,17,945.0,-1.2107167549450908,False
2016-10-15,northern_red_sea,Northern & Central Red Sea,2,10,2.0,0.9912281164664071,0.9912281164664071,1,8.0,-0.4093326171823613,False
2016-10-15,india_west_coast,India West Coast corridor,1,0,1.0,1.0,1.0,1,11.0,-0.6011297132511354,False
2016-10-15,arabian_sea,Arabian Sea (open),1,0,1.0,0.7111250849101136,0.7111250849101136,1,6.0,-0.5477225575051661,False
2016-10-15,bosphorus,Turkish Straits (Bosphorus-Dardanelles),2,1,1.0,0.6796145558198257,0.26896102971462843,2,15.0,-0.6695227530080363,False
2016-10-15,gulf_of_aden,Gulf of Aden,196,398,179.0,123.8650334712964,112.00402547354652,18,889.0,-1.2547546040913689,False
2016-10-15,persian_gulf,Persian Gulf,60,0,0.0,57.733401872112964,0.0,8,239.0,-0.16577441231654083,False
2016-10-22,persian_gulf,Persian Gulf,87,1,2.0,80.59223526575096,1.5271937547533798,8,255.0,1.915889106384074,False
2016-10-22,northern_red_sea,Northern & Central Red Sea,1,0,1.0,1.0,1.0,1,7.0,-1.410190187044415,False
2016-10-22,eastern_med,Eastern Mediterranean,47,6,13.0,46.09725406739502,12.183520521305763,15,251.0,-0.43151032867971145,False
2016-10-22,somali_basin,Somali Basin / Horn approaches,51,126,48.0,14.969256980170085,14.054671268466969,6,187.0,0.5757206267356283,False
2016-10-22,gulf_of_aden,Gulf of Aden,213,411,197.0,146.9194743604274,135.428311290419,19,843.0,-0.3247949856637777,False
2016-10-22,southern_red_sea,Southern Red Sea,219,473,204.0,141.79059324374373,132.19439941898727,19,895.0,-0.7898092956021192,False
2016-10-22,bab_el_mandeb,Bab-el-Mandeb,148,278,136.0,76.27370111529906,70.96069021382222,13,521.0,1.0230532821902296,False
2016-10-22,suez_canal,Suez Canal & Gulf of Suez,29,1,7.0,20.290394083768874,5.244471327016029,7,171.0,-0.6766016960313237,False
2016-10-22,black_sea,Black Sea,13,24,12.0,4.2590311800287175,3.9908334681554676,5,50.0,0.7979297490734637,False
2016-10-29,black_sea,Black Sea,22,5,2.0,18.834412256239318,0.6059609578119136,7,62.0,3.7073394246201508,True
2016-10-29,hormuz,Strait of Hormuz,3,0,0.0,1.51408833018625,0.0,2,14.0,-0.05050762722761053,False
2016-10-29,bab_el_mandeb,Bab-el-Mandeb,115,304,90.0,73.81541133200074,52.501555726339234,12,482.0,-0.683810340615784,False
2016-10-29,persian_gulf,Persian Gulf,77,1,1.0,73.76872288630733,0.9263508622335018,9,263.0,0.7695538413614077,False
2016-10-29,somali_basin,Somali Basin / Horn approaches,61,167,37.0,18.855294746823425,11.19819629660078,6,193.0,1.244382394798313,False
2016-10-29,suez_canal,Suez Canal & Gulf of Suez,39,4,13.0,24.73041319299876,8.116677950879208,8,173.0,-0.09693363121845694,False
2016-10-29,bosphorus,Turkish Straits (Bosphorus-Dardanelles),20,0,0.0,18.679614555819825,0.0,6,34.0,4.3345387074576145,True
2016-10-29,gulf_of_oman,Gulf of Oman,4,0,0.0,1.1255776702546805,0.0,2,13.0,0.6514608181654445,False
2016-10-29,eastern_med,Eastern Mediterranean,43,4,15.0,42.21928530977105,15.0,11,240.0,-0.9484738739082623,False
2016-10-29,southern_red_sea,Southern Red Sea,195,453,169.0,133.71387484317285,117.63095899242808,18,866.0,-1.6955609649851326,False
2016-10-29,northern_red_sea,Northern & Central Red Sea,3,11,3.0,1.4868421746996106,1.4868421746996106,1,8.0,0.846114112226649,False
2016-10-29,gulf_of_aden,Gulf of Aden,181,433,152.0,117.86147168740698,96.38794520513989,18,795.0,-1.6134832423594134,False
2016-11-05,bab_el_mandeb,Bab-el-Mandeb,136,346,116.0,71.33878907784202,59.86456160540609,13,511.0,0.24029104752481842,False
2016-11-05,bosphorus,Turkish Straits (Bosphorus-Dardanelles),10,0,1.0,8.537922059429256,1.0,3,43.0,0.6820514458288738,False
2016-11-05,eastern_med,Eastern Mediterranean,42,9,16.0,41.70345800133448,16.0,10,194.0,-0.8598121293385308,False
2016-11-05,gulf_of_oman,Gulf of Oman,1,0,0.0,0.26869521049402056,0.0,1,13.0,-1.0857680302757409,False
2016-11-05,gulf_of_aden,Gulf of Aden,198,539,168.0,141.38661386741705,116.71546357067444,19,788.0,-0.6846858017435828,False
2016-11-05,persian_gulf,Persian Gulf,70,3,2.0,64.22676332981641,0.686603083893989,14,294.0,0.3470536931629878,False
2016-11-05,hormuz,Strait of Hormuz,1,0,0.0,0.257044165093125,0.0,1,13.0,-1.021024852378686,False
2016-11-05,black_sea,Black Sea,16,20,5.0,11.572638299176402,2.1771391485911202,7,63.0,0.8313160625619558,False
2016-11-05,suez_canal,Suez Canal & Gulf of Suez,27,2,7.0,17.892515064479404,4.275541875530258,3,135.0,-1.1437115476862179,False
2016-11-05,southern_red_sea,Southern Red Sea,197,549,175.0,131.7434747592984,116.70289346620305,19,825.0,-1.189777078165532,False
2016-11-05,northern_red_sea,Northern & Central Red Sea,7,30,6.0,3.469298407632425,2.973684349399221,1,13.0,5.04843561191579,True
2016-11-05,somali_basin,Somali Basin / Horn approaches,65,208,49.0,19.50839967059843,14.777910714173368,6,215.0,1.3392111970362977,False
2016-11-12,somali_basin,Somali Basin / Horn approaches,65,260,45.0,19.715403559054636,13.36049654514693,6,242.0,1.0721900318423219,False
2016-11-12,gulf_of_aden,Gulf of Aden,191,592,160.0,127.39138359133773,105.40213974473515,16,783.0,-0.9249822188902691,False
2016-11-12,black_sea,Black Sea,14,0,0.0,12.007784357002528,0.0,6,65.0,0.22904396935165738,False
2016-11-12,persian_gulf,Persian Gulf,47,0,0.0,47.0,0.0,5,281.0,-1.0458859335315858,False
2016-11-12,bosphorus,Turkish Straits (Bosphorus-Dardanelles),11,0,0.0,10.268961029714628,0.0,3,43.0,0.7027312209025185,False
2016-11-12,suez_canal,Suez Canal & Gulf of Suez,17,3,4.0,10.637409636450073,2.0880247394072358,7,112.0,-1.9696780013346276,False
2016-11-12,eastern_med,Eastern Mediterranean,33,11,14.0,32.70345800133448,14.0,14,165.0,-1.6154979478450093,False
2016-11-12,bab_el_mandeb,Bab-el-Mandeb,121,311,98.0,73.29271415920738,56.50080465642104,12,520.0,-0.6680705966703396,False
2016-11-12,southern_red_sea,Southern Red Sea,186,567,159.0,127.92416392221506,110.68440059764305,16,797.0,-1.522974969805839,False
2016-11-19,persian_gulf,Persian Gulf,49,0,1.0,46.736788548613774,1.0,8,243.0,-1.0177613425007936,False
2016-11-19,somali_basin,Somali Basin / Horn approaches,64,183,51.0,19.54629025939315,14.937618305699804,6,255.0,0.7488955965146977,False
2016-11-19,suez_canal,Suez Canal & Gulf of Suez,17,2,4.0,8.61542915515652,2.0880247394072358,7,100.0,-1.3989886052599065,False
2016-11-19,eastern_med,Eastern Mediterranean,27,6,9.0,25.712467766350752,8.40691600266896,15,145.0,-1.5685456114934375,False
2016-11-19,bab_el_mandeb,Bab-el-Mandeb,107,225,89.0,70.38490439326155,57.39636088345581,12,479.0,-1.2384067164824322,False
2016-11-19,gulf_of_aden,Gulf of Aden,168,378,147.0,107.61165182226318,91.55807852125061,17,738.0,-1.648499912965884,False
2016-11-19,gulf_of_oman,Gulf of Oman,1,1,1.0,0.26869521049402056,0.26869521049402056,1,12.0,-0.8461141122266493,False
2016-11-19,hormuz,Strait of Hormuz,2,0,0.0,0.51408833018625,0.0,1,7.0,-0.40824829046386296,False
2016-11-19,bosphorus,Turkish Straits (Bosphorus-Dardanelles),9,0,0.0,5.486497644963711,0.0,4,50.0,0.2679059639899316,False
2016-11-19,black_sea,Black Sea,11,7,2.0,6.3576359753368115,0.8861390493567972,6,63.0,-0.536496922049288,False
2016-11-19,southern_red_sea,Southern Red Sea,167,390,145.0,112.5390051894059,99.05119507410957,17,745.0,-1.8899351519702479,False
2016-11-19,northern_red_sea,Northern & Central Red Sea,1,1,1.0,0.49561405823320354,0.49561405823320354,1,12.0,-0.9551094400921767,False
2016-11-26,bosphorus,Turkish Straits (Bosphorus-Dardanelles),11,0,0.0,8.753839050437985,0.0,4,41.0,0.43852445490394865,False
2016-11-26,gulf_of_oman,Gulf of Oman,1,0,0.0,0.3194920387726188,0.0,1,7.0,-0.7445262733629678,False
2016-11-26,suez_canal,Suez Canal & Gulf of Suez,19,0,2.0,12.818371560892643,1.221583393008645,5,80.0,-0.9593565941030677,False
2016-11-26,black_sea,Black Sea,13,4,2.0,10.490142831184148,0.6059609578119136,5,54.0,-0.2993355473569339,False
2016-11-26,somali_basin,Somali Basin / Horn approaches,58,125,50.0,17.11584708112641,14.572728495660677,6,252.0,0.2629717620124587,False
2016-11-26,gulf_of_aden,Gulf of Aden,160,334,146.0,104.43447509518506,95.32431739499663,17,717.0,-2.0006041774353087,False
2016-11-26,bab_el_mandeb,Bab-el-Mandeb,99,212,90.0,61.707665858246386,54.08537090208215,12,463.0,-1.3971919032550433,False
2016-11-26,northern_red_sea,Northern & Central Red Sea,1,0,1.0,0.49561405823320354,0.49561405823320354,1,12.0,-0.7783117824941561,False
2016-11-26,hormuz,Strait of Hormuz,1,0,0.0,1.0,0.0,1,7.0,-0.6985959516275219,False
2016-11-26,southern_red_sea,Southern Red Sea,158,323,145.0,103.35349898528621,96.67842235019333,17,708.0,-2.0454124574794523,False
2016-11-26,persian_gulf,Persian Gulf,47,0,0.0,43.86143851938622,0.0,7,213.0,-0.9282082316495215,False
2016-11-26,eastern_med,Eastern Mediterranean,30,1,8.0,28.814780707362242,7.233650391598822,12,132.0,-1.0232832334815538,False
2016-12-03,gulf_of_aden,Gulf of Aden,132,164,123.0,79.46862710897089,74.25088698431472,15,651.0,-3.1363892800899458,False
2016-12-03,somali_basin,Somali Basin / Horn approaches,22,42,21.0,6.367786635092031,6.095578129183869,4,209.0,-3.202121639780633,False
2016-12-03,black_sea,Black Sea,9,21,2.0,6.745700616904224,0.4775029050309738,4,47.0,-1.6069589519243228,False
2016-12-03,hormuz,Strait of Hormuz,11,0,0.0,3.5067348068387334,0.0,3,15.0,3.613747262744983,True
2016-12-03,persian_gulf,Persian Gulf,76,0,0.0,68.59999951074562,0.0,13,219.0,0.9722718241315029,False
2016-12-03,gulf_of_oman,Gulf of Oman,2,1,1.0,0.5881872492666393,0.26869521049402056,2,5.0,-0.20305262000808214,False
2016-12-03,southern_red_sea,Southern Red Sea,134,161,126.0,95.6366162466595,89.44357291820766,15,645.0,-2.348007413506482,False
2016-12-03,bosphorus,Turkish Straits (Bosphorus-Dardanelles),6,0,0.0,6.0,0.0,1,37.0,-0.5694631298229377,False
2016-12-03,suez_canal,Suez Canal & Gulf of Suez,30,2,7.0,16.86479438009345,3.6333902960813953,9,83.0,-0.09985324002516742,False
2016-12-03,bab_el_mandeb,Bab-el-Mandeb,75,86,71.0,37.82188456583029,35.599095105939696,10,402.0,-2.630862563521418,False
2016-12-03,eastern_med,Eastern Mediterranean,41,7,10.0,39.85084193902256,9.233650391598822,16,131.0,-0.2735385193254691,False
2016-12-10,suez_canal,Suez Canal & Gulf of Suez,28,3,5.0,16.28038507197519,2.343674389301504,9,94.0,0.08172753093650327,False
2016-12-10,black_sea,Black Sea,21,49,0.0,11.807626196697926,0.0,15,54.0,1.8500471395625633,False
2016-12-10,bab_el_mandeb,Bab-el-Mandeb,115,146,104.0,66.30883558195404,60.37844661945404,12,396.0,0.03919352889871825,False
2016-12-10,hormuz,Strait of Hormuz,5,0,0.0,2.0281766603725,0.0,2,19.0,0.3640183879056342,False
2016-12-10,gulf_of_oman,Gulf of Oman,3,0,1.0,0.8568824597606599,0.26869521049402056,2,7.0,0.40933261718236147,False
2016-12-10,gulf_of_aden,Gulf of Aden,171,228,160.0,111.69572913153493,101.61012606990798,17,631.0,-0.3447553756371993,False
2016-12-10,persian_gulf,Persian Gulf,82,3,2.0,71.94902081837952,1.1904165254333794,17,254.0,1.14807469549924,False
2016-12-10,bosphorus,Turkish Straits (Bosphorus-Dardanelles),14,49,0.0,8.20132004768095,0.0,9,40.0,0.7801894976054587,False
2016-12-10,southern_red_sea,Southern Red Sea,173,246,162.0,116.1331184014846,110.67086082827842,17,632.0,-0.3707998974514825,False
2016-12-10,somali_basin,Somali Basin / Horn approaches,47,94,43.0,14.072374481200546,12.477358491189309,6,191.0,-0.38637947606733236,False
2016-12-10,eastern_med,Eastern Mediterranean,46,3,6.0,41.33850330430587,6.0,20,144.0,0.48440135223877984,False
2016-12-17,bosphorus,Turkish Straits (Bosphorus-Dardanelles),25,2,3.0,18.294516869928632,1.5379220594292569,11,56.0,2.7507392907378496,True
2016-12-17,suez_canal,Suez Canal & Gulf of Suez,48,29,13.0,29.411134480322033,7.5670518876582555,13,125.0,2.90905600454973,True
2016-12-17,black_sea,Black Sea,34,2,3.0,20.708528456643336,1.8896991439460322,19,77.0,4.175192695259631,True
2016-12-17,persian_gulf,Persian Gulf,101,0,0.0,98.74052933018103,0.0,7,306.0,2.0504386268090586,True
2016-12-17,bab_el_mandeb,Bab-el-Mandeb,108,336,96.0,63.738182622005645,54.38985612132541,11,397.0,-0.2913555554670143,False
2016-12-17,gulf_of_aden,Gulf of Aden,183,467,167.0,113.76943534720401,102.75358941405023,16,646.0,0.24987152767016474,False
2016-12-17,northern_red_sea,Northern & Central Red Sea,2,0,2.0,0.9912281164664071,0.9912281164664071,1,11.0,-0.18791993333675774,False
2016-12-17,somali_basin,Somali Basin / Horn approaches,49,182,40.0,14.56444248564301,11.875874310312774,6,176.0,-0.3514097208004617,False
2016-12-17,gulf_of_oman,Gulf of Oman,1,1,1.0,0.26869521049402056,0.26869521049402056,1,7.0,-0.8461141122266493,False
2016-12-17,southern_red_sea,Southern Red Sea,199,480,183.0,134.46421724437553,124.39752343716236,17,664.0,0.7721638117117096,False
2016-12-17,eastern_med,Eastern Mediterranean,72,48,19.0,63.41493180536483,18.14738393768808,30,189.0,4.404785853328778,True
2016-12-17,hormuz,Strait of Hormuz,2,0,0.0,0.38667464200121676,0.0,1,19.0,-0.5345224838248488,False
2016-12-24,somali_basin,Somali Basin / Horn approaches,39,77,34.0,11.010432658554171,9.38189978479155,6,157.0,-1.014508711597622,False
2016-12-24,hormuz,Strait of Hormuz,1,0,0.0,1.0,0.0,1,19.0,-0.6594057559046974,False
2016-12-24,gulf_of_aden,Gulf of Aden,241,475,216.0,170.27957188005638,148.8860182597073,18,727.0,3.2891004572955684,True
2016-12-24,bab_el_mandeb,Bab-el-Mandeb,162,319,144.0,75.81761869922126,67.05756530916,12,460.0,2.958710877129844,True
2016-12-24,persian_gulf,Persian Gulf,69,0,0.0,62.13368393664046,0.0,9,328.0,0.01918711759865611,False
2016-12-24,bosphorus,Turkish Straits (Bosphorus-Dardanelles),7,0,1.0,4.763592440324648,0.26896102971462843,3,52.0,-0.9962497737089759,False
2016-12-24,eastern_med,Eastern Mediterranean,28,4,8.0,25.915677007605034,7.661774270858869,14,187.0,-0.9837574870966114,False
2016-12-24,southern_red_sea,Southern Red Sea,239,426,220.0,158.32275985077897,147.12774579703628,17,745.0,2.769115676155686,True
2016-12-24,suez_canal,Suez Canal & Gulf of Suez,21,3,7.0,12.230947462566034,2.8953231133265542,7,127.0,-0.6470115254026226,False
2016-12-24,black_sea,Black Sea,12,3,2.0,8.255287620815293,0.7478300508789728,8,76.0,-0.682941938696053,False
2016-12-24,gulf_of_oman,Gulf of Oman,2,0,0.0,0.5881872492666393,0.0,2,8.0,-0.20305262000808214,False
2016-12-31,bosphorus,Turkish Straits (Bosphorus-Dardanelles),12,44,3.0,9.174245966429845,2.410653526105197,5,58.0,0.06301789962559944,False
2016-12-31,suez_canal,Suez Canal & Gulf of Suez,48,12,31.0,22.246421208167277,12.072733735764343,10,145.0,2.1506009299053606,True
2016-12-31,black_sea,Black Sea,15,45,4.0,9.606386557425855,2.25419631406272,8,82.0,-0.15564320159116707,False
2016-12-31,southern_red_sea,Southern Red Sea,232,508,220.0,163.05330164279235,156.18278890216064,18,843.0,1.5971238520330067,False
2016-12-31,persian_gulf,Persian Gulf,83,1,3.0,77.24083147522276,2.52719375475338,11,335.0,0.7984031771381634,False
2016-12-31,gulf_of_aden,Gulf of Aden,252,537,235.0,171.83554616100295,160.40751789324977,19,847.0,2.2447331892588736,True
2016-12-31,eastern_med,Eastern Mediterranean,466,562,418.0,286.49603531135233,251.60546590002878,28,612.0,28.852555964304905,True
2016-12-31,bab_el_mandeb,Bab-el-Mandeb,144,355,138.0,84.12120733156496,79.50624216922682,12,529.0,1.1101640464060174,False
2016-12-31,northern_red_sea,Northern & Central Red Sea,1,1,1.0,0.49561405823320354,0.49561405823320354,1,5.0,-0.6890397555681117,False
2016-12-31,somali_basin,Somali Basin / Horn approaches,69,264,63.0,20.65968345742905,18.25276011137968,6,204.0,1.1768622027758031,False
2016-12-31,hormuz,Strait of Hormuz,5,0,0.0,1.2215139813731084,0.0,2,13.0,0.5128711434814314,False
2017-01-07,black_sea,Black Sea,5,4,1.0,2.1109070666746432,0.5831585704508404,3,66.0,-1.3831200154327439,False
2017-01-07,gulf_of_oman,Gulf of Oman,2,0,1.0,0.5881872492666393,0.26869521049402056,2,8.0,0.11101325894672141,False
2017-01-07,southern_red_sea,Southern Red Sea,186,391,176.0,128.53620319906915,121.98479486219303,17,856.0,0.0,False
2017-01-07,persian_gulf,Persian Gulf,83,2,2.0,74.17803522898154,1.0042186989704585,11,336.0,0.6868257699086848,False
2017-01-07,gulf_of_aden,Gulf of Aden,188,435,177.0,121.65405578859512,113.75248179418502,18,864.0,0.01846892126087476,False
2017-01-07,hormuz,Strait of Hormuz,2,0,0.0,1.1933373210006084,0.0,2,10.0,-0.4330127018922193,False
2017-01-07,somali_basin,Somali Basin / Horn approaches,67,220,59.0,19.145018733778308,17.04915342922866,6,224.0,0.975225661517869,False
2017-01-07,suez_canal,Suez Canal & Gulf of Suez,112,62,73.0,45.501442264587595,20.985973640195734,11,229.0,6.447649889463905,True
2017-01-07,bab_el_mandeb,Bab-el-Mandeb,120,322,111.0,78.18129441037823,69.79865811355631,12,534.0,0.13509744896658737,False
2017-01-07,eastern_med,Eastern Mediterranean,764,975,683.0,498.8194630265497,436.307591126599,28,1330.0,4.430321270286259,True
2017-01-07,bosphorus,Turkish Straits (Bosphorus-Dardanelles),5,0,0.0,1.4334536062578112,0.0,3,49.0,-1.162383664528606,False
2017-01-14,gulf_of_aden,Gulf of Aden,179,382,169.0,121.28306599330773,113.34640862916493,16,860.0,-0.19404663557696755,False
2017-01-14,persian_gulf,Persian Gulf,255,1,4.0,247.13406105936005,3.1250498815226684,12,490.0,9.918619394612698,True
2017-01-14,bab_el_mandeb,Bab-el-Mandeb,123,216,114.0,72.01393107949193,66.70254384365495,12,549.0,0.251770043146235,False
2017-01-14,eastern_med,Eastern Mediterranean,810,1024,690.0,534.3575695377095,431.23757325894854,32,2068.0,2.251578825629257,True
2017-01-14,somali_basin,Somali Basin / Horn approaches,54,114,50.0,15.503363613298678,14.3165693956874,6,229.0,0.13263221459293395,False
2017-01-14,southern_red_sea,Southern Red Sea,181,352,171.0,122.82806501427811,116.63384282432506,16,838.0,-0.13858370528809807,False
2017-01-14,bosphorus,Turkish Straits (Bosphorus-Dardanelles),4,0,3.0,3.215916991008729,2.215916991008729,2,28.0,-1.1129804536450794,False
2017-01-14,hormuz,Strait of Hormuz,3,0,0.0,0.5800119630018251,0.0,1,11.0,-0.18502209824453575,False
2017-01-14,suez_canal,Suez Canal & Gulf of Suez,128,25,59.0,63.03753604301882,21.646516329767508,13,309.0,2.793813963701857,True
2017-01-14,black_sea,Black Sea,11,0,7.0,6.999146256889111,4.021152327220152,8,43.0,-0.446417132542812,False
2017-01-21,eastern_med,Eastern Mediterranean,711,784,606.0,458.2733830486849,380.9155578577072,28,2751.0,1.244845909991511,False
2017-01-21,southern_red_sea,Southern Red Sea,178,385,160.0,124.2321854403868,112.36678832335087,17,777.0,-0.27574801013189315,False
2017-01-21,gulf_of_oman,Gulf of Oman,1,0,0.0,0.26869521049402056,0.0,1,6.0,-0.8400268812903083,False
2017-01-21,gulf_of_aden,Gulf of Aden,183,388,166.0,127.78913385095483,114.52782406540322,17,802.0,-0.13113589116961838,False
2017-01-21,persian_gulf,Persian Gulf,149,3,2.0,139.78923260093643,1.7753129895853472,11,570.0,0.7654697286233103,False
2017-01-21,black_sea,Black Sea,4,1,2.0,2.6380493522777706,1.1931997803047545,3,35.0,-1.227647114492733,False
2017-01-21,hormuz,Strait of Hormuz,4,0,0.0,0.9007629721874668,0.0,2,14.0,0.07513428837969108,False
2017-01-21,bab_el_mandeb,Bab-el-Mandeb,137,326,122.0,79.62378410593386,66.74517820918885,12,524.0,0.7044194594675102,False
2017-01-21,somali_basin,Somali Basin / Horn approaches,58,268,44.0,17.097250692421017,12.943755128759458,6,248.0,0.4815495702211033,False
2017-01-21,suez_canal,Suez Canal & Gulf of Suez,100,64,70.0,42.15961322663611,23.215316762307072,11,388.0,1.0836182960344944,False
2017-01-21,bosphorus,Turkish Straits (Bosphorus-Dardanelles),5,1,3.0,3.0570381898778067,1.7880771601631782,4,26.0,-0.8010409893798409,False
2017-01-21,northern_red_sea,Northern & Central Red Sea,1,2,0.0,1.0,0.0,1,5.0,-0.6089028755593183,False
2017-01-28,suez_canal,Suez Canal & Gulf of Suez,92,195,52.0,42.167432915087964,17.410624799241727,9,432.0,0.6535209893334685,False
2017-01-28,persian_gulf,Persian Gulf,140,2,2.0,132.6466227752577,2.0,8,627.0,0.4414105873735483,False
2017-01-28,arabian_sea,Arabian Sea (open),1,2,1.0,0.7111250849101136,0.7111250849101136,1,6.0,-0.5066917474620124,False
2017-01-28,southern_red_sea,Southern Red Sea,202,447,190.0,139.44212829243614,133.28689640508605,17,747.0,0.3495082812722384,False
2017-01-28,bosphorus,Turkish Straits (Bosphorus-Dardanelles),2,1,1.0,2.0,1.0,1,16.0,-1.0875041426113514,False
2017-01-28,eastern_med,Eastern Mediterranean,614,1116,517.0,404.81651938648696,326.13184645692604,26,2899.0,0.6907451522933382,False
2017-01-28,black_sea,Black Sea,2,1,1.0,2.0,1.0,1,22.0,-1.2148150295295064,False
2017-01-28,gulf_of_aden,Gulf of Aden,195,439,179.0,129.40347489670447,114.67280889363406,16,745.0,0.1006148106162019,False
2017-01-28,somali_basin,Somali Basin / Horn approaches,55,186,45.0,16.10112371642347,12.764590827884227,6,234.0,0.2856649992837053,False
2017-01-28,india_west_coast,India West Coast corridor,1,2,1.0,1.0,1.0,1,6.0,-0.5477225575051661,False
2017-01-28,northern_red_sea,Northern & Central Red Sea,4,10,4.0,1.9824562329328141,1.9824562329328141,1,8.0,0.8927848438050094,False
2017-01-28,bab_el_mandeb,Bab-el-Mandeb,145,389,129.0,77.97394467726392,70.07013843064973,11,525.0,0.843661487732107,False
2017-02-04,eastern_med,Eastern Mediterranean,799,1216,678.0,521.8749324106368,428.5259205159779,29,2934.0,1.0608555586936463,False
2017-02-04,persian_gulf,Persian Gulf,108,1,3.0,102.00917784632603,2.2289057093851112,13,652.0,-0.1986857644516451,False
2017-02-04,hormuz,Strait of Hormuz,4,0,0.0,1.7074256511868584,0.0,3,13.0,-0.03984999094836023,False
2017-02-04,bosphorus,Turkish Straits (Bosphorus-Dardanelles),8,0,2.0,5.806883089143885,2.0,2,19.0,-0.16546290359346663,False
2017-02-04,gulf_of_aden,Gulf of Aden,192,294,181.0,124.23599941351998,115.13304813714193,17,749.0,-0.23139479881608965,False
2017-02-04,northern_red_sea,Northern & Central Red Sea,1,0,1.0,0.49561405823320354,0.49561405823320354,1,7.0,-0.701560760020114,False
2017-02-04,bab_el_mandeb,Bab-el-Mandeb,134,191,125.0,71.01423476659116,66.53463121786945,12,539.0,0.12339191184909332,False
2017-02-04,southern_red_sea,Southern Red Sea,194,271,184.0,137.2670513392096,131.22319830386834,17,755.0,-0.19148289574157454,False
2017-02-04,suez_canal,Suez Canal & Gulf of Suez,119,54,74.0,61.449328660016285,28.28290044495038,11,439.0,1.1510527672995097,False
2017-02-04,somali_basin,Somali Basin / Horn approaches,47,115,42.0,13.223349658178908,11.202299780446088,5,214.0,-0.7719731821151763,False
2017-02-04,black_sea,Black Sea,8,0,2.0,6.334548715919048,2.0,2,25.0,-0.47366546671566107,False
2017-02-04,gulf_of_oman,Gulf of Oman,1,0,0.0,0.3194920387726188,0.0,1,6.0,-0.8400268812903083,False
2017-02-11,northern_red_sea,Northern & Central Red Sea,4,0,4.0,1.9824562329328141,1.9824562329328141,1,10.0,0.7999533568492154,False
2017-02-11,somali_basin,Somali Basin / Horn approaches,55,80,49.0,16.498123328025052,14.597381948354268,5,215.0,0.024902360713392784,False
2017-02-11,gulf_of_aden,Gulf of Aden,137,170,121.0,95.2397298449768,81.8434862944497,16,707.0,-2.2816071010502985,False
2017-02-11,black_sea,Black Sea,11,3,3.0,8.466025021726534,1.6059609578119136,5,25.0,-0.03697870874106092,False
2017-02-11,bab_el_mandeb,Bab-el-Mandeb,105,136,89.0,70.27365713713648,61.668208501435124,11,521.0,-1.7201043438108647,False
2017-02-11,suez_canal,Suez Canal & Gulf of Suez,105,140,81.0,39.63440040148908,23.59703728094148,9,416.0,0.5467560384284925,False
2017-02-11,persian_gulf,Persian Gulf,233,1,2.0,219.2000731079353,2.0,10,630.0,1.8245656313159944,False
2017-02-11,eastern_med,Eastern Mediterranean,615,1020,524.0,411.9144994570308,345.11337899182973,27,2739.0,0.2572702648752404,False
2017-02-11,bosphorus,Turkish Straits (Bosphorus-Dardanelles),9,0,1.0,7.868923282961881,1.0,4,24.0,0.0684042716869826,False
2017-02-11,gulf_of_oman,Gulf of Oman,3,1,1.0,0.8568824597606599,0.26869521049402056,2,7.0,1.8480591388386782,False
2017-02-11,hormuz,Strait of Hormuz,1,0,0.0,1.0,0.0,1,12.0,-1.512048386322556,False
2017-02-11,southern_red_sea,Southern Red Sea,152,173,136.0,108.783705854996,98.98676264662814,17,726.0,-2.1736507869375563,False
2017-02-18,bosphorus,Turkish Straits (Bosphorus-Dardanelles),4,0,1.0,1.9485755855344542,0.41065352610519723,3,23.0,-0.7905694150420004,False
2017-02-18,northern_red_sea,Northern & Central Red Sea,2,2,2.0,0.9912281164664071,0.9912281164664071,1,11.0,0.09216911430120156,False
2017-02-18,southern_red_sea,Southern Red Sea,169,300,158.0,114.4614998076443,107.57940308086604,17,717.0,-0.923171243936394,False
2017-02-18,gulf_of_aden,Gulf of Aden,157,299,145.0,105.13801649671029,95.4409433895511,17,681.0,-1.0734390368096052,False
2017-02-18,somali_basin,Somali Basin / Horn approaches,51,117,44.0,14.792293454042207,12.592277102693506,6,208.0,-0.4606523622021219,False
2017-02-18,hormuz,Strait of Hormuz,4,0,0.0,3.1933373210006084,0.0,2,13.0,0.8400268812903086,False
2017-02-18,eastern_med,Eastern Mediterranean,727,1559,619.0,490.3788432990501,406.60021232427306,34,2755.0,0.48753744193799514,False
2017-02-18,black_sea,Black Sea,5,0,1.0,3.0828989242507867,0.19319978030475451,4,26.0,-0.7770928126269598,False
2017-02-18,bab_el_mandeb,Bab-el-Mandeb,109,227,97.0,65.71635543280861,57.552149567875176,12,493.0,-1.4052199485650867,False
2017-02-18,persian_gulf,Persian Gulf,138,1,2.0,124.40448808518254,2.0,11,619.0,-0.02848106359065815,False
2017-02-18,gulf_of_oman,Gulf of Oman,4,0,0.0,1.227171326811877,0.0,2,9.0,2.5463649304399305,True
2017-02-18,suez_canal,Suez Canal & Gulf of Suez,138,394,95.0,55.232142730504144,29.972510433435648,16,454.0,1.2779490178507633,False
2017-02-25,bosphorus,Turkish Straits (Bosphorus-Dardanelles),7,0,1.0,4.895531546828555,0.41065352610519723,5,28.0,0.26753995847777173,False
2017-02-25,bab_el_mandeb,Bab-el-Mandeb,130,172,123.0,75.67503363953122,71.40437239647159,11,478.0,0.18812416817917882,False
2017-02-25,northern_red_sea,Northern & Central Red Sea,1,0,1.0,0.49561405823320354,0.49561405823320354,1,8.0,-0.7637626158259732,False
2017-02-25,suez_canal,Suez Canal & Gulf of Suez,107,124,57.0,48.52540038629858,24.149172846995015,11,469.0,0.0635658573950581,False
2017-02-25,gulf_of_aden,Gulf of Aden,195,296,185.0,127.18446750552644,120.1954543344145,16,681.0,0.28882247258792326,False
2017-02-25,eastern_med,Eastern Mediterranean,677,997,548.0,457.76220043873724,358.4819467121718,28,2818.0,-0.09650876611062877,False
2017-02-25,southern_red_sea,Southern Red Sea,195,286,186.0,135.86431449780085,131.09232024281877,16,710.0,0.3466202981187937,False
2017-02-25,persian_gulf,Persian Gulf,119,2,3.0,110.02469036315107,1.756099464138491,13,598.0,-0.46117378817641536,False
2017-02-25,somali_basin,Somali Basin / Horn approaches,51,125,47.0,14.41467554265186,13.298775053249454,5,204.0,-0.7957171791193948,False
2017-02-25,black_sea,Black Sea,9,2,2.0,5.081546660569309,0.4613974921780043,7,33.0,0.31209149933283664,False
2017-02-25,hormuz,Strait of Hormuz,5,0,0.0,2.7074256511868584,0.0,3,14.0,1.322875655532295,False
2017-02-25,gulf_of_oman,Gulf of Oman,4,0,1.0,1.1763744985332787,0.26869521049402056,2,12.0,1.6651988842008216,False
2017-03-04,southern_red_sea,Southern Red Sea,186,281,175.0,127.70336065179269,120.77845660797816,17,702.0,0.24065637337815132,False
2017-03-04,gulf_of_oman,Gulf of Oman,1,0,0.0,0.3194920387726188,0.0,1,12.0,-0.9752368720068672,False
2017-03-04,gulf_of_aden,Gulf of Aden,199,303,188.0,131.60097634058027,121.81156397927386,18,688.0,0.9987477680012016,False
2017-03-04,persian_gulf,Persian Gulf,101,6,5.0,91.70991377077158,3.0820384328945325,13,591.0,-0.8671192331266877,False
2017-03-04,hormuz,Strait of Hormuz,4,0,0.0,1.7074256511868584,0.0,3,14.0,0.3535533905932738,False
2017-03-04,black_sea,Black Sea,12,13,3.0,7.689833751471287,0.8393759026524563,8,37.0,1.5267685440183032,False
2017-03-04,somali_basin,Somali Basin / Horn approaches,63,93,57.0,18.56304290457993,16.476613923402986,6,220.0,1.3818716070158419,False
2017-03-04,suez_canal,Suez Canal & Gulf of Suez,91,75,68.0,38.308346906332424,24.884630892709076,12,441.0,-1.432206697963403,False
2017-03-04,bosphorus,Turkish Straits (Bosphorus-Dardanelles),7,0,0.0,5.679614555819826,0.0,4,27.0,0.6437963064590718,False
2017-03-04,bab_el_mandeb,Bab-el-Mandeb,131,178,120.0,79.68038513578595,72.51044845550292,12,475.0,0.4074872085520465,False
2017-03-04,eastern_med,Eastern Mediterranean,763,921,655.0,496.753175461453,424.56125966602855,30,2782.0,0.6376664938451575,False
2017-03-11,bosphorus,Turkish Straits (Bosphorus-Dardanelles),14,0,2.0,10.15356145822427,0.44668932907196884,9,32.0,3.472997100596885,True
2017-03-11,arabian_sea,Arabian Sea (open),1,43,1.0,0.7111250849101136,0.7111250849101136,1,5.0,-0.5066917474620124,False
2017-03-11,southern_red_sea,Southern Red Sea,159,319,151.0,109.66580776209632,103.78431593168094,16,709.0,-1.4361751314502578,False
2017-03-11,gulf_of_oman,Gulf of Oman,2,3,1.0,0.5373904209880411,0.26869521049402056,1,11.0,-0.19504737440137343,False
2017-03-11,somali_basin,Somali Basin / Horn approaches,43,86,41.0,11.845072622043816,11.382458352943141,5,208.0,-2.313676009457056,False
2017-03-11,suez_canal,Suez Canal & Gulf of Suez,109,73,73.0,44.32349529835232,24.309447016384425,12,445.0,-0.0590428300210316,False
2017-03-11,persian_gulf,Persian Gulf,137,3,4.0,132.03747408686104,3.3259389687560414,10,495.0,-0.32018752028785863,False
2017-03-11,hormuz,Strait of Hormuz,1,0,0.0,0.19333732100060838,0.0,1,14.0,-1.8234582528810468,False
2017-03-11,bab_el_mandeb,Bab-el-Mandeb,105,224,99.0,60.332499132183685,57.31902636616612,12,475.0,-1.5829773381578924,False
2017-03-11,india_west_coast,India West Coast corridor,1,43,1.0,1.0,1.0,1,5.0,-0.5066917474620124,False
2017-03-11,black_sea,Black Sea,19,10,5.0,13.115369819818154,1.961592981704149,12,45.0,3.0457893001207026,True
2017-03-11,gulf_of_aden,Gulf of Aden,166,316,158.0,110.004183296778,104.35738812255505,17,717.0,-0.6235774909556031,False
2017-03-11,eastern_med,Eastern Mediterranean,569,748,483.0,386.42001978085483,313.94902996323356,35,2736.0,-1.9202767184511451,False
2017-03-18,suez_canal,Suez Canal & Gulf of Suez,88,48,56.0,39.828591987855525,20.920588553616,10,395.0,-1.2821927381840725,False
2017-03-18,somali_basin,Somali Basin / Horn approaches,51,44,49.0,13.813523997273045,13.432712470888017,5,208.0,-0.2981318810696999,False
2017-03-18,hormuz,Strait of Hormuz,1,0,0.0,0.257044165093125,0.0,1,11.0,-1.512048386322556,False
2017-03-18,bosphorus,Turkish Straits (Bosphorus-Dardanelles),10,0,2.0,7.02887719757283,2.0,4,38.0,0.8275159265509806,False
2017-03-18,persian_gulf,Persian Gulf,75,0,1.0,73.37600909161274,0.2289057093851113,7,432.0,-1.6034141294072488,False
2017-03-18,black_sea,Black Sea,13,0,4.0,9.184707443270632,3.1668241097675116,7,53.0,0.7882350514373205,False
2017-03-18,eastern_med,Eastern Mediterranean,657,1099,556.0,442.743758610434,362.50810653427163,25,2666.0,-0.34151020145626954,False
2017-03-18,bab_el_mandeb,Bab-el-Mandeb,107,153,100.0,67.05175112064262,63.9275022475138,10,473.0,-1.109973076198272,False
2017-03-18,northern_red_sea,Northern & Central Red Sea,3,0,3.0,1.4868421746996106,1.4868421746996106,1,10.0,0.7637626158259732,False
2017-03-18,southern_red_sea,Southern Red Sea,164,262,156.0,115.895565656975,110.14389385091536,15,704.0,-0.8504484581119165,False
2017-03-18,gulf_of_aden,Gulf of Aden,156,249,148.0,98.40157782059276,91.12132594237309,15,716.0,-0.98302767575228,False
2017-03-25,southern_red_sea,Southern Red Sea,142,219,136.0,96.01968343075646,92.13281263467206,16,651.0,-1.8858994868081396,False
2017-03-25,northern_red_sea,Northern & Central Red Sea,2,0,2.0,0.9912281164664071,0.9912281164664071,1,8.0,-0.09216911430120156,False
2017-03-25,persian_gulf,Persian Gulf,62,2,1.0,61.775312989585345,0.7753129895853472,5,375.0,-1.4849797791232373,False
2017-03-25,somali_basin,Somali Basin / Horn approaches,51,90,49.0,14.52053292137994,14.057918652279266,6,208.0,-0.16800537625806142,False
2017-03-25,suez_canal,Suez Canal & Gulf of Suez,79,39,43.0,37.03497363750803,13.341592563962582,10,367.0,-1.625648975169258,False
2017-03-25,gulf_of_aden,Gulf of Aden,147,219,141.0,96.7100907263196,91.5148286101485,16,668.0,-1.174298497424406,False
2017-03-25,bosphorus,Turkish Straits (Bosphorus-Dardanelles),5,1,1.0,4.410653526105198,0.41065352610519723,3,36.0,-0.7168088402416949,False
2017-03-25,eastern_med,Eastern Mediterranean,637,845,555.0,421.2734563882954,355.0329474219278,26,2626.0,-0.5086427022439609,False
2017-03-25,black_sea,Black Sea,10,22,5.0,5.2519844312541855,1.3355561618631677,6,54.0,0.024064220277232956,False
2017-03-25,bab_el_mandeb,Bab-el-Mandeb,94,132,88.0,54.1819455910413,51.23556726131193,11,437.0,-1.678680330258115,False
2017-04-01,hormuz,Strait of Hormuz,1,2,1.0,0.257044165093125,0.257044165093125,1,7.0,-1.183215956619923,False
2017-04-01,southern_red_sea,Southern Red Sea,238,233,228.0,177.77715574378476,170.60357879289583,18,703.0,3.4414781009145683,True
2017-04-01,northern_red_sea,Northern & Central Red Sea,1,10,1.0,0.49561405823320354,0.49561405823320354,1,7.0,-0.9752368720068672,False
2017-04-01,persian_gulf,Persian Gulf,71,2,1.0,66.6218870395978,0.6199096274742465,10,345.0,-0.9652335907088045,False
2017-04-01,suez_canal,Suez Canal & Gulf of Suez,82,103,51.0,35.6774998275323,15.469948048470314,11,358.0,-1.1992540295003087,False
2017-04-01,bab_el_mandeb,Bab-el-Mandeb,128,159,119.0,74.33901309662497,68.3397756380802,12,434.0,0.9069308343278483,False
2017-04-01,somali_basin,Somali Basin / Horn approaches,53,37,49.0,14.859779904378195,13.852748623461194,5,198.0,0.2572478777137627,False
2017-04-01,gulf_of_oman,Gulf of Oman,11,1,1.0,2.955647315434226,0.26869521049402056,1,18.0,6.826658104048071,True
2017-04-01,black_sea,Black Sea,21,1,1.0,15.615585412052798,0.26819771187324976,12,63.0,2.456963964792435,True
2017-04-01,gulf_of_aden,Gulf of Aden,217,222,206.0,131.95271014466846,123.48762307981015,18,686.0,2.040608634886989,True
2017-04-01,bosphorus,Turkish Straits (Bosphorus-Dardanelles),16,0,0.0,13.657447714082023,0.0,7,45.0,2.566755791678677,True
2017-04-01,eastern_med,Eastern Mediterranean,678,1168,612.0,468.7565210221951,413.80935385911744,31,2541.0,-0.03220210531365772,False
2017-04-08,black_sea,Black Sea,20,6,2.0,12.44564201344761,0.5680748873958709,14,64.0,1.432054904673579,False
2017-04-08,hormuz,Strait of Hormuz,4,0,0.0,0.8370561280949501,0.0,2,7.0,0.7778174593052022,False
2017-04-08,persian_gulf,Persian Gulf,75,2,1.0,68.63694882126875,1.0,13,283.0,-0.7585133260223083,False
2017-04-08,gulf_of_aden,Gulf of Aden,162,295,152.0,104.12575689384994,95.91474043372479,17,682.0,-0.3432010668666896,False
2017-04-08,bosphorus,Turkish Straits (Bosphorus-Dardanelles),15,0,0.0,10.005943963878403,0.0,10,46.0,1.425572889934379,False
2017-04-08,southern_red_sea,Southern Red Sea,158,293,149.0,113.00084769803777,107.55390875344193,17,702.0,-0.5775972701843094,False
2017-04-08,somali_basin,Somali Basin / Horn approaches,54,122,47.0,16.397417492297635,13.929910796727125,6,209.0,0.3154012654328744,False
2017-04-08,bab_el_mandeb,Bab-el-Mandeb,104,223,95.0,64.67015573013978,58.39181953256768,11,433.0,-0.6865311834630489,False
2017-04-08,eastern_med,Eastern Mediterranean,670,798,600.0,448.92245832156937,396.12165915420996,37,2642.0,0.07541988175064601,False
2017-04-08,northern_red_sea,Northern & Central Red Sea,1,0,1.0,0.49561405823320354,0.49561405823320354,1,7.0,-0.9752368720068672,False
2017-04-08,suez_canal,Suez Canal & Gulf of Suez,91,130,70.0,31.280569512372878,19.36856192857461,11,340.0,-0.4614895177142879,False
2017-04-15,southern_red_sea,Southern Red Sea,157,375,144.0,113.0102943532838,105.81358350148595,17,695.0,-0.6475896033540802,False
2017-04-15,gulf_of_oman,Gulf of Oman,1,1,1.0,0.26869521049402056,0.26869521049402056,1,15.0,-0.7120551045460684,False
2017-04-15,bab_el_mandeb,Bab-el-Mandeb,84,285,76.0,55.93807951937533,51.12077033412494,12,410.0,-2.0904493486321423,False
2017-04-15,eastern_med,Eastern Mediterranean,787,1139,678.0,520.7342688780493,441.6471307804329,35,2772.0,1.9834451905829424,False
2017-04-15,india_west_coast,India West Coast corridor,1,0,1.0,1.0,1.0,1,4.0,-0.5066917474620124,False
2017-04-15,northern_red_sea,Northern & Central Red Sea,1,0,1.0,0.49561405823320354,0.49561405823320354,1,5.0,-0.7770928126270501,False
2017-04-15,arabian_sea,Arabian Sea (open),1,0,1.0,0.7111250849101136,0.7111250849101136,1,4.0,-0.5066917474620124,False
2017-04-15,suez_canal,Suez Canal & Gulf of Suez,131,89,83.0,54.28792378512032,24.166264480704662,10,383.0,1.7002911424081222,False
2017-04-15,black_sea,Black Sea,24,1,1.0,15.673903657299842,0.2747091556470466,10,75.0,1.7872947052849382,False
2017-04-15,bosphorus,Turkish Straits (Bosphorus-Dardanelles),24,0,0.0,14.97153943361356,0.0,10,60.0,3.0234214344707273,True
2017-04-15,hormuz,Strait of Hormuz,6,0,0.0,1.3511444582812002,0.0,2,12.0,1.9091883092036774,False
2017-04-15,somali_basin,Somali Basin / Horn approaches,48,229,44.0,13.12672089321993,11.770396525365472,6,206.0,-0.7515544058125553,False
2017-04-15,persian_gulf,Persian Gulf,103,0,0.0,98.30536252016437,0.0,12,311.0,0.18656164802800676,False
2017-04-15,gulf_of_aden,Gulf of Aden,145,352,131.0,90.41531481646803,81.31733332072103,16,671.0,-1.1837071889633695,False
2017-04-22,somali_basin,Somali Basin / Horn approaches,66,76,59.0,20.411581436265813,17.250472916515278,6,221.0,2.5106756539760013,True
2017-04-22,bab_el_mandeb,Bab-el-Mandeb,112,167,102.0,74.60777571785724,68.23662778795713,13,428.0,0.09238164496743202,False
2017-04-22,persian_gulf,Persian Gulf,61,0,1.0,58.04292333774666,0.7753129895853472,9,310.0,-1.2086064315163922,False
2017-04-22,eastern_med,Eastern Mediterranean,908,1130,763.0,620.8050313666658,503.7926971188477,29,3043.0,3.316815506180247,True
2017-04-22,gulf_of_oman,Gulf of Oman,2,11,2.0,0.5373904209880411,0.5373904209880411,1,16.0,-0.4122424289477238,False
2017-04-22,southern_red_sea,Southern Red Sea,186,262,174.0,126.97905866268786,119.0498436295843,17,739.0,0.3631646270832062,False
2017-04-22,suez_canal,Suez Canal & Gulf of Suez,152,88,83.0,67.95823222040188,25.986152644282665,11,456.0,3.1598644022624174,True
2017-04-22,bosphorus,Turkish Straits (Bosphorus-Dardanelles),5,0,0.0,4.268961029714628,0.0,2,60.0,-1.155649737502412,False
2017-04-22,hormuz,Strait of Hormuz,3,0,0.0,0.7074256511868584,0.0,2,14.0,-0.12613124477737825,False
2017-04-22,gulf_of_aden,Gulf of Aden,176,242,164.0,113.4059946086484,104.59976635516355,18,700.0,0.09808251119983613,False
2017-04-22,black_sea,Black Sea,12,17,6.0,7.77689502631284,2.3320454543398235,6,77.0,-0.7071067811864974,False
2017-04-29,gulf_of_oman,Gulf of Oman,3,0,0.0,1.0261183129818037,0.0,3,17.0,-0.15378117130731137,False
2017-04-29,eastern_med,Eastern Mediterranean,616,1108,505.0,403.1861367065337,313.1248914102448,33,2981.0,-0.8742773151153918,False
2017-04-29,southern_red_sea,Southern Red Sea,166,201,160.0,111.52815120338248,107.64767745592948,15,667.0,-0.25879588219671384,False
2017-04-29,suez_canal,Suez Canal & Gulf of Suez,118,87,61.0,56.565078085074816,18.42607463833555,10,492.0,0.5805740248511694,False
2017-04-29,black_sea,Black Sea,22,11,4.0,14.79749418236986,1.051784399193516,18,78.0,1.0800345616588785,False
2017-04-29,persian_gulf,Persian Gulf,87,1,2.0,81.2504732564393,2.0,13,326.0,0.05260809896634446,False
2017-04-29,somali_basin,Somali Basin / Horn approaches,56,62,50.0,16.267854643787466,14.242086604368293,5,224.0,0.3142320707864203,False
2017-04-29,northern_red_sea,Northern & Central Red Sea,1,0,1.0,0.49561405823320354,0.49561405823320354,1,4.0,-0.7770928126270501,False
2017-04-29,bab_el_mandeb,Bab-el-Mandeb,96,133,90.0,63.85697149850716,59.30466882625703,10,396.0,-0.7684182079772702,False
2017-04-29,gulf_of_aden,Gulf of Aden,158,189,151.0,100.68975179655384,95.08689779776438,15,641.0,-0.5122717640554166,False
2017-04-29,bosphorus,Turkish Straits (Bosphorus-Dardanelles),12,1,0.0,9.168207020376588,0.0,9,56.0,0.0,False
2017-04-29,hormuz,Strait of Hormuz,6,0,0.0,2.8936717492712702,0.0,4,19.0,1.4672787658601842,False
2017-05-06,black_sea,Black Sea,10,8,4.0,5.8974116440347935,1.8145127197840074,5,68.0,-1.4640468502487025,False
2017-05-06,bab_el_mandeb,Bab-el-Mandeb,88,179,79.0,61.68714515205102,55.1047151077712,11,380.0,-1.1962162224811477,False
2017-05-06,southern_red_sea,Southern Red Sea,155,351,144.0,98.93543507229087,92.94451573590796,17,664.0,-0.5487905606237553,False
2017-05-06,bosphorus,Turkish Straits (Bosphorus-Dardanelles),7,1,1.0,4.948575585534455,1.0,3,48.0,-0.9025825017214459,False
2017-05-06,suez_canal,Suez Canal & Gulf of Suez,73,36,34.0,34.71155044710909,11.383689836967893,13,474.0,-1.2767568098715782,False
2017-05-06,persian_gulf,Persian Gulf,82,3,2.0,77.32512298639107,1.7753129895853472,13,333.0,-0.07376375207470996,False
2017-05-06,hormuz,Strait of Hormuz,5,0,0.0,1.1578071372805918,0.0,2,20.0,0.8249579113843053,False
2017-05-06,gulf_of_oman,Gulf of Oman,5,2,2.0,1.3434760524701028,0.5373904209880411,1,11.0,0.4613435139219341,False
2017-05-06,eastern_med,Eastern Mediterranean,476,761,390.0,291.7871414417167,222.5979924236651,32,2787.0,-1.9857002691398233,False
2017-05-06,somali_basin,Somali Basin / Horn approaches,57,109,49.0,17.188911130991176,13.843321512860008,5,227.0,0.6371019356464812,False
2017-05-06,gulf_of_aden,Gulf of Aden,149,301,136.0,96.13694804195791,86.58265277246889,18,628.0,-0.7356975539907493,False
2017-05-13,suez_canal,Suez Canal & Gulf of Suez,111,41,34.0,60.16958080250872,10.986390160970952,11,454.0,0.324625641293371,False
2017-05-13,bosphorus,Turkish Straits (Bosphorus-Dardanelles),9,0,0.0,5.887184701182262,0.0,3,33.0,-0.4232558517899547,False
2017-05-13,gulf_of_oman,Gulf of Oman,1,0,0.0,0.26869521049402056,0.0,1,11.0,-0.7973132395595445,False
2017-05-13,persian_gulf,Persian Gulf,82,21,6.0,75.69224162838505,3.0628249074476765,11,312.0,0.36328482939696766,False
2017-05-13,gulf_of_aden,Gulf of Aden,140,289,127.0,94.2720517683752,83.49073585826724,16,623.0,-1.0021517610146675,False
2017-05-13,eastern_med,Eastern Mediterranean,563,965,432.0,352.00833899679714,241.07241489525157,27,2563.0,-0.9156838693443169,False
2017-05-13,bab_el_mandeb,Bab-el-Mandeb,89,180,79.0,61.01408039544598,54.477830528645626,11,385.0,-0.8852062556280715,False
2017-05-13,black_sea,Black Sea,23,21,14.0,14.081717489953164,7.349149333046938,7,67.0,1.1194543162190793,False
2017-05-13,northern_red_sea,Northern & Central Red Sea,1,0,1.0,0.49561405823320354,0.49561405823320354,1,4.0,-0.6614378277661475,False
2017-05-13,somali_basin,Somali Basin / Horn approaches,56,135,49.0,16.68957503070977,14.039241900817267,5,235.0,0.27386127875258237,False
2017-05-13,southern_red_sea,Southern Red Sea,145,289,133.0,95.21381119396838,87.65871660204698,18,652.0,-0.8617942997915531,False
2017-05-20,bab_el_mandeb,Bab-el-Mandeb,91,246,75.0,59.278575773175426,50.574146486917755,11,364.0,-0.5694935728945152,False
2017-05-20,southern_red_sea,Southern Red Sea,161,337,144.0,112.43921083213311,102.62107719349561,15,627.0,-0.23624311801788192,False
2017-05-20,bosphorus,Turkish Straits (Bosphorus-Dardanelles),10,2,1.0,6.344805148573142,0.26896102971462843,2,38.0,-0.2482745794031695,False
2017-05-20,somali_basin,Somali Basin / Horn approaches,50,149,41.0,15.202726089936908,11.52599928043508,5,219.0,-0.9663792676216125,False
2017-05-20,black_sea,Black Sea,16,21,6.0,10.282096538000927,2.502698250108863,7,71.0,-0.2908024672362321,False
2017-05-20,suez_canal,Suez Canal & Gulf of Suez,108,34,52.0,52.79655921275748,17.211702143301654,12,410.0,0.12025256231059625,False
2017-05-20,eastern_med,Eastern Mediterranean,455,542,342.0,281.2983642282663,198.03538009949395,26,2110.0,-1.595715776768298,False
2017-05-20,gulf_of_oman,Gulf of Oman,3,0,0.0,0.8060856314820617,0.0,1,12.0,-0.07326730621163305,False
2017-05-20,gulf_of_aden,Gulf of Aden,151,334,134.0,93.30567540287183,78.40297398241356,15,598.0,-0.42860623442718343,False
2017-05-20,hormuz,Strait of Hormuz,2,0,0.0,0.4503814860937334,0.0,2,16.0,-0.6250461237593335,False
2017-05-20,persian_gulf,Persian Gulf,234,19,2.0,227.48987761181354,1.5271937547533798,11,485.0,11.28047336886831,True
2017-05-27,hormuz,Strait of Hormuz,4,0,0.0,0.9007629721874668,0.0,2,17.0,0.24152294576982397,False
2017-05-27,eastern_med,Eastern Mediterranean,493,796,431.0,289.9378715525674,251.20025187131387,27,1987.0,-0.9895466975571441,False
2017-05-27,india_west_coast,India West Coast corridor,1,0,1.0,1.0,1.0,1,4.0,-0.5066917474620124,False
2017-05-27,persian_gulf,Persian Gulf,179,7,4.0,171.98218159105696,3.3259389687560414,13,577.0,1.4279414486789546,False
2017-05-27,gulf_of_aden,Gulf of Aden,136,198,133.0,84.83942814178826,81.93324952272494,12,576.0,-1.0591789744946951,False
2017-05-27,arabian_sea,Arabian Sea (open),1,0,1.0,0.7111250849101136,0.7111250849101136,1,4.0,-0.5066917474620124,False
2017-05-27,southern_red_sea,Southern Red Sea,140,198,137.0,100.1507992655793,99.12650263668647,12,601.0,-1.0386498432400224,False
2017-05-27,bab_el_mandeb,Bab-el-Mandeb,81,146,78.0,63.60947492566623,62.06709663483777,7,349.0,-1.2080808993852425,False
2017-05-27,bosphorus,Turkish Straits (Bosphorus-Dardanelles),8,0,1.0,5.513791250726224,0.26896102971462843,4,34.0,-0.7034650053119901,False
2017-05-27,somali_basin,Somali Basin / Horn approaches,57,125,55.0,16.51427625738792,15.434878557127977,3,220.0,0.3686764572048054,False
2017-05-27,black_sea,Black Sea,14,35,7.0,7.610663067607286,2.708595302876126,9,63.0,-0.8592329428041499,False
2017-05-27,suez_canal,Suez Canal & Gulf of Suez,70,118,58.0,25.47098466430951,17.015752713354033,9,362.0,-1.4662815661234931,False
2017-06-03,persian_gulf,Persian Gulf,120,22,1.0,113.57320393113258,0.5271937547533798,9,615.0,0.11726366812251741,False
2017-06-03,black_sea,Black Sea,12,4,5.0,7.995701269076945,1.8025014887721902,8,65.0,-1.0526701508682128,False
2017-06-03,gulf_of_oman,Gulf of Oman,1,0,0.0,0.26869521049402056,0.0,1,10.0,-0.7587212233336049,False
2017-06-03,suez_canal,Suez Canal & Gulf of Suez,135,306,107.0,50.586640674219915,31.2608723486116,8,424.0,1.0060454548365148,False
2017-06-03,bosphorus,Turkish Straits (Bosphorus-Dardanelles),5,0,0.0,4.410653526105198,0.0,2,32.0,-1.0427016064814392,False
2017-06-03,southern_red_sea,Southern Red Sea,161,257,149.0,111.51448531446329,103.90743793964401,15,607.0,0.17948953965443518,False
2017-06-03,bab_el_mandeb,Bab-el-Mandeb,99,176,88.0,62.073391199932054,52.79735445798179,11,360.0,0.5635081914635818,False
2017-06-03,hormuz,Strait of Hormuz,2,0,0.0,0.51408833018625,0.0,1,13.0,-1.0372172733478495,False
2017-06-03,gulf_of_aden,Gulf of Aden,160,262,148.0,102.97030763354783,93.53468863888438,16,587.0,0.6088976751282271,False
2017-06-03,somali_basin,Somali Basin / Horn approaches,51,110,41.0,15.271809969613873,11.916784028110005,5,214.0,-0.833578395339315,False
2017-06-03,eastern_med,Eastern Mediterranean,695,1501,573.0,412.99697350831553,340.7736666994852,21,2206.0,0.46060187208630016,False
2017-06-10,bab_el_mandeb,Bab-el-Mandeb,95,151,81.0,63.40350862223215,53.80513499838317,12,366.0,0.25477633176668174,False
2017-06-10,hormuz,Strait of Hormuz,8,4,1.0,2.671895467466842,1.0,3,16.0,2.494438257849295,True
2017-06-10,northern_red_sea,Northern & Central Red Sea,2,5,2.0,0.9912281164664071,0.9912281164664071,1,5.0,0.8400268812903086,False
2017-06-10,persian_gulf,Persian Gulf,89,7,7.0,75.31281697493866,5.651877937512083,14,622.0,-0.5016600550904339,False
2017-06-10,gulf_of_aden,Gulf of Aden,154,198,140.0,99.54616869284843,88.05680904549054,17,601.0,0.1668913930841924,False
2017-06-10,black_sea,Black Sea,20,19,8.0,11.649585372896684,3.171338393390856,9,62.0,0.6049494651800541,False
2017-06-10,eastern_med,Eastern Mediterranean,496,998,423.0,317.7807756881916,261.83848594554956,25,2139.0,-0.7909620695268226,False
2017-06-10,gulf_of_oman,Gulf of Oman,3,6,2.0,0.8568824597606599,0.5881872492666393,2,8.0,-0.11101325894672144,False
2017-06-10,suez_canal,Suez Canal & Gulf of Suez,122,129,90.0,47.70159876868159,25.408434199838766,10,435.0,0.3379189091915236,False
2017-06-10,somali_basin,Somali Basin / Horn approaches,51,104,43.0,14.376174496892798,11.931016105405691,5,209.0,-0.7343442381484756,False
2017-06-10,bosphorus,Turkish Straits (Bosphorus-Dardanelles),11,1,1.0,8.406439850421883,1.0,4,34.0,0.16283473681972727,False
2017-06-10,southern_red_sea,Southern Red Sea,160,204,146.0,111.28560555899577,102.3885445251139,18,622.0,0.0806257058779458,False
2017-06-17,bab_el_mandeb,Bab-el-Mandeb,68,133,60.0,42.37304471622664,37.3149011577683,10,343.0,-2.8115629368747093,False
2017-06-17,eastern_med,Eastern Mediterranean,570,784,504.0,358.2972806463442,308.44516012193685,20,2254.0,-0.11632709610189425,False
2017-06-17,somali_basin,Somali Basin / Horn approaches,34,48,30.0,10.561333715570573,9.233808069781148,4,193.0,-4.17091181593953,False
2017-06-17,gulf_of_oman,Gulf of Oman,5,3,1.0,1.4450697090272993,0.26869521049402056,2,12.0,1.8644976136620155,False
2017-06-17,hormuz,Strait of Hormuz,5,0,0.0,2.7074256511868584,0.0,3,19.0,0.2338535866733714,False
2017-06-17,southern_red_sea,Southern Red Sea,119,246,109.0,77.94306191508467,72.40142744235493,16,580.0,-2.888186932789304,False
2017-06-17,black_sea,Black Sea,10,27,9.0,3.422431404070241,2.944593440763115,7,56.0,-1.2325059271451888,False
2017-06-17,persian_gulf,Persian Gulf,121,3,4.0,112.5479493161717,4.0,12,509.0,0.07138573569972426,False
2017-06-17,bosphorus,Turkish Straits (Bosphorus-Dardanelles),2,0,1.0,1.4106535261051971,0.41065352610519723,2,26.0,-2.437669455848564,False
2017-06-17,northern_red_sea,Northern & Central Red Sea,1,1,1.0,1.0,1.0,1,5.0,-0.6614378277661475,False
2017-06-17,suez_canal,Suez Canal & Gulf of Suez,113,142,79.0,44.15069615689038,23.662414311372256,8,440.0,0.06652405678774476,False
2017-06-17,gulf_of_aden,Gulf of Aden,114,238,104.0,74.24681504715062,66.16364191473748,14,564.0,-3.136895105949552,False
2017-06-24,black_sea,Black Sea,11,23,9.0,4.8219917033234445,3.3771421313504284,7,53.0,-0.928721865417794,False
2017-06-24,persian_gulf,Persian Gulf,65,2,2.0,57.61723298707449,1.7753129895853472,11,395.0,-1.0748263791389738,False
2017-06-24,gulf_of_aden,Gulf of Aden,133,351,125.0,84.58468358305211,78.79584825350462,13,561.0,-0.8119122140746922,False
2017-06-24,southern_red_sea,Southern Red Sea,128,297,122.0,84.51527036452995,80.37161768699977,12,568.0,-1.4666238323975425,False
2017-06-24,somali_basin,Somali Basin / Horn approaches,44,80,42.0,12.171362391621113,11.59987891403503,4,180.0,-0.9799825782423554,False
2017-06-24,bab_el_mandeb,Bab-el-Mandeb,77,190,71.0,51.995055972824666,49.32540225163929,8,339.0,-1.14415959303983,False
2017-06-24,hormuz,Strait of Hormuz,4,0,0.0,0.9644698162799834,0.0,2,19.0,-0.18152077235120806,False
2017-06-24,bosphorus,Turkish Straits (Bosphorus-Dardanelles),2,0,0.0,1.2689610297146285,0.0,2,20.0,-1.8209309360004513,False
2017-06-24,suez_canal,Suez Canal & Gulf of Suez,145,172,124.0,50.61365101626655,37.28193583756799,9,515.0,1.684668875775639,False
2017-06-24,eastern_med,Eastern Mediterranean,488,716,445.0,331.36164251395456,298.8238548819812,22,2249.0,-0.7058384408586648,False
2017-06-24,gulf_of_oman,Gulf of Oman,1,0,0.0,0.26869521049402056,0.0,1,10.0,-1.20761472884912,False
2017-07-01,persian_gulf,Persian Gulf,100,2,2.0,91.54069482632204,1.7753129895853472,12,375.0,-0.3723856038709655,False
2017-07-01,gulf_of_aden,Gulf of Aden,162,222,153.0,103.5739615734113,96.97935793251185,17,563.0,1.3564216946401426,False
2017-07-01,bab_el_mandeb,Bab-el-Mandeb,97,130,91.0,58.50153864351955,54.384222718999304,12,337.0,1.086124181740538,False
2017-07-01,northern_red_sea,Northern & Central Red Sea,1,10,1.0,0.49561405823320354,0.49561405823320354,1,5.0,-0.5400617248673212,False
2017-07-01,suez_canal,Suez Canal & Gulf of Suez,105,88,88.0,37.24464535832455,25.561750230937278,7,485.0,-0.17347065813576173,False
2017-07-01,bosphorus,Turkish Straits (Bosphorus-Dardanelles),2,0,0.0,2.0,0.0,2,17.0,-1.3753061716824664,False
2017-07-01,black_sea,Black Sea,10,19,8.0,4.44292511164394,2.44292511164394,6,51.0,-0.9296931043589137,False
2017-07-01,eastern_med,Eastern Mediterranean,607,743,555.0,389.19827977582264,352.2716069209449,18,2161.0,0.9917981697726411,False
2017-07-01,somali_basin,Somali Basin / Horn approaches,45,92,41.0,12.824122858753102,11.496597212963675,6,174.0,-0.6394360833366353,False
2017-07-01,hormuz,Strait of Hormuz,7,0,0.0,1.5444817792818086,0.0,2,24.0,1.2500000000000004,False
2017-07-01,southern_red_sea,Southern Red Sea,165,283,156.0,112.77458543989546,108.08372940345261,18,572.0,1.1715840640458777,False
2017-07-01,gulf_of_oman,Gulf of Oman,1,0,1.0,0.26869521049402056,0.26869521049402056,1,10.0,-1.0485032066517366,False
2017-07-08,northern_red_sea,Northern & Central Red Sea,1,0,1.0,0.49561405823320354,0.49561405823320354,1,5.0,-0.3535533905932732,False
2017-07-08,gulf_of_aden,Gulf of Aden,124,275,116.0,80.16962848827899,73.58980092509381,14,533.0,-1.2216587588129628,False
2017-07-08,southern_red_sea,Southern Red Sea,124,285,116.0,75.86543716119982,71.34469634605945,15,536.0,-1.3554182051889665,False
2017-07-08,suez_canal,Suez Canal & Gulf of Suez,66,29,38.0,30.558407948588467,12.3310302479687,8,429.0,-2.1214236899233705,False
2017-07-08,persian_gulf,Persian Gulf,62,4,5.0,58.13716057479308,3.8765649479267363,11,348.0,-1.0966133169089745,False
2017-07-08,hormuz,Strait of Hormuz,2,0,0.0,1.1933373210006084,0.0,2,18.0,-1.230136290870913,False
2017-07-08,bosphorus,Turkish Straits (Bosphorus-Dardanelles),1,0,0.0,1.0,0.0,1,7.0,-1.3368662691637845,False
2017-07-08,eastern_med,Eastern Mediterranean,427,647,373.0,275.8039664194849,227.99839694226316,22,2092.0,-1.5038198625168393,False
2017-07-08,black_sea,Black Sea,7,9,6.0,2.8084433880273307,1.8084433880273305,6,38.0,-1.549488507264856,False
2017-07-08,bab_el_mandeb,Bab-el-Mandeb,69,143,63.0,42.70003630219844,37.94286390275386,9,311.0,-1.6696789215794843,False
2017-07-08,gulf_of_oman,Gulf of Oman,4,0,0.0,1.1255776702546805,0.0,2,11.0,0.8461141122266493,False
2017-07-08,somali_basin,Somali Basin / Horn approaches,36,91,31.0,10.674654897733788,8.94816182999254,5,159.0,-1.6833149505656748,False
2017-07-15,bosphorus,Turkish Straits (Bosphorus-Dardanelles),10,0,0.0,6.754990550494308,0.0,6,15.0,1.2140169724110552,False
2017-07-15,southern_red_sea,Southern Red Sea,137,412,129.0,93.42237313308905,88.11206656486246,14,554.0,-0.4046648630804013,False
2017-07-15,gulf_of_aden,Gulf of Aden,135,435,126.0,82.33472460085218,75.62834508302399,13,554.0,-0.3830654388414375,False
2017-07-15,somali_basin,Somali Basin / Horn approaches,36,166,30.0,10.76909891125149,8.600867187358897,4,161.0,-1.2670850749479925,False
2017-07-15,persian_gulf,Persian Gulf,69,0,0.0,61.213107195320006,0.0,10,296.0,-0.8883591797068784,False
2017-07-15,hormuz,Strait of Hormuz,3,0,0.0,2.257044165093125,0.0,2,16.0,-0.5400617248673217,False
2017-07-15,suez_canal,Suez Canal & Gulf of Suez,92,23,26.0,50.11842766496384,10.547375696331411,18,408.0,-0.5689458866758049,False
2017-07-15,bab_el_mandeb,Bab-el-Mandeb,71,288,64.0,45.678426257952005,39.887008980858916,9,314.0,-1.0869607588724424,False
2017-07-15,gulf_of_oman,Gulf of Oman,3,3,1.0,0.9076792880392581,0.26869521049402056,2,9.0,0.3911163867342149,False
2017-07-15,eastern_med,Eastern Mediterranean,637,1197,475.0,425.3561816035393,285.3674455034974,41,2159.0,1.21686580207863,False
2017-07-15,black_sea,Black Sea,25,18,6.0,13.9144998938852,1.7896115501768308,16,53.0,3.070648027752805,True
2017-07-22,bosphorus,Turkish Straits (Bosphorus-Dardanelles),3,0,0.0,1.5849604155932688,0.0,3,16.0,-0.5291868854099471,False
2017-07-22,hormuz,Strait of Hormuz,2,0,0.0,0.51408833018625,0.0,1,14.0,-1.079625122857031,False
2017-07-22,eastern_med,Eastern Mediterranean,580,952,443.0,377.2875311963661,258.8745553206941,25,2251.0,0.3134590348767521,False
2017-07-22,gulf_of_aden,Gulf of Aden,180,307,172.0,106.85290541120517,100.70194808646616,16,601.0,2.3230053368230594,True
2017-07-22,black_sea,Black Sea,3,9,1.0,2.274709155647047,0.2747091556470466,3,45.0,-1.7783471987717363,False
2017-07-22,bab_el_mandeb,Bab-el-Mandeb,89,224,82.0,51.35122719870546,46.78196652496554,10,326.0,0.5262116819087298,False
2017-07-22,somali_basin,Somali Basin / Horn approaches,38,131,34.0,10.948518067700592,9.761723850089314,5,155.0,-0.7428604001880208,False
2017-07-22,northern_red_sea,Northern & Central Red Sea,2,0,2.0,2.0,2.0,2,5.0,2.4748737341529123,True
2017-07-22,suez_canal,Suez Canal & Gulf of Suez,126,33,37.0,69.75043798561343,15.196978380439626,12,389.0,0.6972166887783963,False
2017-07-22,persian_gulf,Persian Gulf,103,14,5.0,87.54870617533719,3.6284457130947687,11,334.0,0.0603810849030927,False
2017-07-22,southern_red_sea,Southern Red Sea,186,354,177.0,130.75580804439898,123.96681484883086,16,612.0,2.445695386160193,True
2017-07-29,persian_gulf,Persian Gulf,71,4,3.0,62.19625105588501,2.3259389687560414,12,305.0,-0.8449709943922967,False
2017-07-29,bab_el_mandeb,Bab-el-Mandeb,92,289,85.0,60.07821813220427,55.90730734143394,11,321.0,0.6687408589347591,False
2017-07-29,eastern_med,Eastern Mediterranean,600,822,519.0,352.9460380015285,293.2341008857205,25,2244.0,0.4278207192831812,False
2017-07-29,somali_basin,Somali Basin / Horn approaches,55,221,51.0,16.232605503740807,14.9478510921509,6,165.0,1.920690901026212,False
2017-07-29,suez_canal,Suez Canal & Gulf of Suez,64,6,34.0,30.156254145564873,10.642337920104225,9,348.0,-1.9386267570218731,False
2017-07-29,gulf_of_aden,Gulf of Aden,175,426,163.0,109.94493330453471,101.59455583311122,18,614.0,1.337066594580718,False
2017-07-29,southern_red_sea,Southern Red Sea,163,366,154.0,109.90578327697368,104.18678816133497,16,610.0,0.6498753888976934,False
2017-07-29,gulf_of_oman,Gulf of Oman,3,0,0.0,0.8060856314820617,0.0,1,11.0,0.2490138028619057,False
2017-07-29,hormuz,Strait of Hormuz,1,0,0.0,0.19333732100060838,0.0,1,8.0,-1.3260620326626704,False
2017-07-29,black_sea,Black Sea,13,24,5.0,8.600650570353082,1.407450790048327,5,48.0,0.10644686586178807,False
2017-07-29,bosphorus,Turkish Straits (Bosphorus-Dardanelles),8,0,0.0,7.410653526105198,0.0,2,22.0,0.8994232953125096,False
2017-08-05,bab_el_mandeb,Bab-el-Mandeb,83,207,76.0,50.39979156371939,45.7073854065042,11,335.0,0.061135435945441574,False
2017-08-05,eastern_med,Eastern Mediterranean,545,938,473.0,337.212487871619,281.5464025533554,25,2362.0,-0.07789365137474862,False
2017-08-05,persian_gulf,Persian Gulf,61,1,2.0,53.64579998318938,0.8302070716960646,10,304.0,-1.1152025568260608,False
2017-08-05,black_sea,Black Sea,14,18,10.0,8.258476273916521,4.819143972517303,8,55.0,0.23051053338343064,False
2017-08-05,gulf_of_aden,Gulf of Aden,149,350,141.0,92.09702800737713,85.81846489355891,15,639.0,0.07742840690629892,False
2017-08-05,bosphorus,Turkish Straits (Bosphorus-Dardanelles),5,0,1.0,4.268961029714628,1.0,3,26.0,0.030591320288689924,False
2017-08-05,gulf_of_oman,Gulf of Oman,3,2,1.0,0.9076792880392581,0.26869521049402056,2,13.0,0.2490138028619057,False
2017-08-05,suez_canal,Suez Canal & Gulf of Suez,68,51,37.0,31.932054494285662,11.95939995412043,10,350.0,-1.2594706452923932,False
2017-08-05,hormuz,Strait of Hormuz,5,0,0.0,2.643718807094342,0.0,3,11.0,0.39886201760873286,False
2017-08-05,somali_basin,Somali Basin / Horn approaches,42,144,38.0,12.650671009901965,11.294346642047506,5,171.0,-0.04876920665717657,False
2017-08-05,southern_red_sea,Southern Red Sea,156,361,148.0,101.48976434223113,96.91627451641864,15,642.0,0.3434307373695887,False
2017-08-12,suez_canal,Suez Canal & Gulf of Suez,67,44,28.0,32.13922080189643,8.21733392873606,14,325.0,-1.0061418687540808,False
2017-08-12,black_sea,Black Sea,10,6,4.0,5.7071762960485115,1.8741586696851633,7,40.0,-0.2533963820652571,False
2017-08-12,hormuz,Strait of Hormuz,3,0,0.0,0.7074256511868584,0.0,2,11.0,-0.31319988889459627,False
2017-08-12,gulf_of_oman,Gulf of Oman,2,1,1.0,0.5373904209880411,0.26869521049402056,1,11.0,-0.645183800108411,False
2017-08-12,eastern_med,Eastern Mediterranean,659,1042,561.0,403.54314182058494,330.2533977189179,30,2384.0,1.4835654679696393,False
2017-08-12,bosphorus,Turkish Straits (Bosphorus-Dardanelles),5,1,1.0,4.117561687687536,1.0,4,21.0,0.26753995847777134,False
2017-08-12,somali_basin,Somali Basin / Horn approaches,45,88,39.0,13.577970875056437,11.061049409632759,5,180.0,0.5465785425596631,False
2017-08-12,persian_gulf,Persian Gulf,65,7,6.0,58.981150105072444,4.764840427785353,13,300.0,-0.7172944577318794,False
2017-08-12,bab_el_mandeb,Bab-el-Mandeb,79,164,72.0,49.10982266443777,46.151707805886126,9,343.0,-0.1566590952471015,False
2017-08-12,gulf_of_aden,Gulf of Aden,149,278,138.0,98.41684163718055,90.45259730667456,15,653.0,0.1038324274570402,False
2017-08-12,southern_red_sea,Southern Red Sea,141,248,133.0,94.48816675462156,89.12977602508107,14,646.0,-0.26292285707040985,False
2017-08-19,hormuz,Strait of Hormuz,2,0,0.0,2.0,0.0,1,11.0,-0.7151737061383693,False
2017-08-19,southern_red_sea,Southern Red Sea,150,332,148.0,101.63587477318053,100.91847291667267,14,610.0,0.0,False
2017-08-19,somali_basin,Somali Basin / Horn approaches,54,116,52.0,16.410058763099688,15.330661062839742,5,196.0,1.811941834746814,False
2017-08-19,suez_canal,Suez Canal & Gulf of Suez,58,31,36.0,24.051438639988127,10.361065710997526,7,257.0,-1.0793257465966757,False
2017-08-19,persian_gulf,Persian Gulf,57,0,1.0,51.6555047849448,1.0,9,254.0,-1.0291574319621075,False
2017-08-19,bab_el_mandeb,Bab-el-Mandeb,99,279,97.0,62.02311838232238,60.71563481075032,10,353.0,1.6888576634744223,False
2017-08-19,gulf_of_aden,Gulf of Aden,157,349,155.0,104.34760807123868,102.34760807123868,15,630.0,0.30329242551035107,False
2017-08-19,black_sea,Black Sea,1,0,1.0,0.3029804789059568,0.3029804789059568,1,38.0,-1.6568224981189887,False
2017-08-19,eastern_med,Eastern Mediterranean,583,1058,517.0,348.19829152649936,300.73552067341234,20,2387.0,0.19401762951382825,False
2017-08-19,gulf_of_oman,Gulf of Oman,3,2,1.0,0.9076792880392581,0.26869521049402056,2,11.0,0.1800205749557739,False
2017-08-26,bab_el_mandeb,Bab-el-Mandeb,76,218,70.0,40.89978077720568,36.61825160003393,10,337.0,-0.7840638351314088,False
2017-08-26,northern_red_sea,Northern & Central Red Sea,3,0,3.0,1.4868421746996106,1.4868421746996106,1,7.0,3.780432074071248,True
2017-08-26,gulf_of_oman,Gulf of Oman,3,0,0.0,0.9584761163178563,0.0,1,11.0,0.46770717334674267,False
2017-08-26,suez_canal,Suez Canal & Gulf of Suez,55,38,40.0,21.06639410614172,11.804711452360957,8,248.0,-1.0601749005290728,False
2017-08-26,black_sea,Black Sea,12,20,10.0,4.425087200359107,3.1568894884858576,7,37.0,0.21830138497627824,False
2017-08-26,southern_red_sea,Southern Red Sea,159,359,150.0,103.70419247121266,98.14638219340569,15,606.0,0.32482797952763526,False
2017-08-26,hormuz,Strait of Hormuz,6,0,0.0,3.5800119630018252,0.0,2,16.0,1.467278765860184,False
2017-08-26,eastern_med,Eastern Mediterranean,522,884,449.0,310.71858562861246,263.30970861656533,23,2309.0,-0.8136743339666189,False
2017-08-26,bosphorus,Turkish Straits (Bosphorus-Dardanelles),2,0,1.0,1.4106535261051971,0.41065352610519723,2,20.0,-0.7905694150419991,False
2017-08-26,persian_gulf,Persian Gulf,63,0,0.0,61.09410544294511,0.0,9,246.0,-0.5880188169032146,False
2017-08-26,gulf_of_aden,Gulf of Aden,152,387,141.0,92.44365353192602,84.32665049489677,15,607.0,-0.09919831597833463,False
2017-08-26,somali_basin,Somali Basin / Horn approaches,33,86,27.0,10.610748485423738,8.105864945395737,5,174.0,-1.455322817356429,False
2017-09-02,southern_red_sea,Southern Red Sea,149,340,146.0,100.14365029559477,98.10930749142666,12,599.0,-0.15951258553310863,False
2017-09-02,gulf_of_oman,Gulf of Oman,1,0,0.0,0.3194920387726188,0.0,1,9.0,-1.974266261862182,False
2017-09-02,black_sea,Black Sea,11,24,9.0,3.74001017593311,2.5218406853549555,6,34.0,0.050247862716720375,False
2017-09-02,suez_canal,Suez Canal & Gulf of Suez,72,55,46.0,27.768165672789376,13.046713335225597,10,252.0,-0.10602361620999637,False
2017-09-02,gulf_of_aden,Gulf of Aden,145,325,142.0,87.640037520632,86.05719325241749,14,603.0,-0.4095950114144299,False
2017-09-02,persian_gulf,Persian Gulf,57,5,2.0,54.302931141562055,1.4151035358480324,9,242.0,-0.8197665979567087,False
2017-09-02,eastern_med,Eastern Mediterranean,414,836,341.0,262.7006684386625,211.26371915383453,25,2178.0,-2.1351011330732796,False
2017-09-02,somali_basin,Somali Basin / Horn approaches,36,74,36.0,10.091654538334446,10.091654538334446,4,168.0,-0.7620554456002,False
2017-09-02,bab_el_mandeb,Bab-el-Mandeb,79,186,78.0,46.56379232022711,46.262893433925,9,333.0,-0.3091734712004204,False
2017-09-02,hormuz,Strait of Hormuz,2,0,0.0,1.1933373210006084,0.0,2,13.0,-0.5916079783099615,False
2017-09-02,bosphorus,Turkish Straits (Bosphorus-Dardanelles),2,0,0.0,1.4578642648874278,0.0,2,14.0,-0.7905694150419991,False
2017-09-09,suez_canal,Suez Canal & Gulf of Suez,54,23,29.0,25.88149462533735,9.22243668576574,10,239.0,-0.9094755380355025,False
2017-09-09,northern_red_sea,Northern & Central Red Sea,2,0,2.0,0.9912281164664071,0.9912281164664071,1,8.0,0.6614378277661475,False
2017-09-09,southern_red_sea,Southern Red Sea,157,211,153.0,101.4917562236572,99.46952324699544,15,615.0,0.12314244067239684,False
2017-09-09,somali_basin,Somali Basin / Horn approaches,60,89,56.0,18.112471270462258,16.46159009261623,5,183.0,2.1068591731299646,True
2017-09-09,eastern_med,Eastern Mediterranean,461,596,386.0,281.8169363874904,231.65731310386346,22,1980.0,-1.3950843986950294,False
2017-09-09,bab_el_mandeb,Bab-el-Mandeb,105,176,100.0,67.35453653139143,64.51306693264428,10,359.0,2.3300452223626476,True
2017-09-09,gulf_of_aden,Gulf of Aden,161,223,156.0,108.61477286198523,104.00661040064952,15,615.0,0.3792026591753972,False
2017-09-09,hormuz,Strait of Hormuz,1,0,0.0,0.257044165093125,0.0,1,11.0,-1.183215956619923,False
2017-09-09,bosphorus,Turkish Straits (Bosphorus-Dardanelles),3,0,0.0,0.8068830891438853,0.0,1,12.0,-0.47434164902519943,False
2017-09-09,persian_gulf,Persian Gulf,54,97,3.0,45.72584676876869,1.6440092452331436,9,231.0,-0.9547093916177237,False
2017-09-09,black_sea,Black Sea,6,7,3.0,2.4492033187372075,1.1146546028181594,4,30.0,-0.7003250329077181,False
2017-09-16,black_sea,Black Sea,8,1,1.0,5.1882788972986615,0.3029804789059568,5,37.0,-0.15518559471592258,False
2017-09-16,bosphorus,Turkish Straits (Bosphorus-Dardanelles),7,0,0.0,5.060459599747076,0.0,4,14.0,0.7717436331411799,False
2017-09-16,bab_el_mandeb,Bab-el-Mandeb,68,114,66.0,42.03914930291852,41.0705961325403,10,328.0,-1.8985620753073527,False
2017-09-16,southern_red_sea,Southern Red Sea,145,290,143.0,98.72074028196174,97.64485844788675,15,610.0,-0.9455725687225875,False
2017-09-16,gulf_of_aden,Gulf of Aden,145,267,142.0,84.34746789191252,82.22849654257348,17,603.0,-1.0541728927480978,False
2017-09-16,persian_gulf,Persian Gulf,18,0,0.0,14.946819604072884,0.0,7,192.0,-3.07369737105022,False
2017-09-16,suez_canal,Suez Canal & Gulf of Suez,57,18,38.0,23.13373506926277,11.668683913768643,9,238.0,-0.5785039684850836,False
2017-09-16,hormuz,Strait of Hormuz,1,0,0.0,0.257044165093125,0.0,1,10.0,-0.9551094400921765,False
2017-09-16,gulf_of_oman,Gulf of Oman,1,0,0.0,0.26869521049402056,0.0,1,8.0,-1.974266261862182,False
2017-09-16,somali_basin,Somali Basin / Horn approaches,37,55,36.0,11.177695774248036,10.807527074361245,4,166.0,-0.8448489580676698,False
2017-09-16,eastern_med,Eastern Mediterranean,603,767,530.0,411.51358812580804,366.1203075678373,24,2000.0,0.729964855295366,False
2017-09-23,northern_red_sea,Northern & Central Red Sea,2,0,2.0,0.9912281164664071,0.9912281164664071,1,9.0,0.5040161287741851,False
2017-09-23,black_sea,Black Sea,26,24,7.0,15.607419880248205,1.9106946331673629,10,51.0,3.889715617564972,True
2017-09-23,gulf_of_aden,Gulf of Aden,139,396,135.0,81.59367336279026,78.00277140929431,17,590.0,-1.4966813553857758,False
2017-09-23,bosphorus,Turkish Straits (Bosphorus-Dardanelles),17,0,0.0,11.293380734107595,0.0,4,29.0,5.576792066778432,True
2017-09-23,southern_red_sea,Southern Red Sea,138,385,134.0,88.99920057614273,86.83837806785903,15,589.0,-1.9376440038651017,False
2017-09-23,bab_el_mandeb,Bab-el-Mandeb,64,225,60.0,36.26494115936332,33.65655870148916,10,316.0,-1.692225531295454,False
2017-09-23,gulf_of_oman,Gulf of Oman,3,1,1.0,0.8568824597606599,0.26869521049402056,2,8.0,0.6822210286372692,False
2017-09-23,hormuz,Strait of Hormuz,3,0,0.0,1.51408833018625,0.0,2,7.0,0.1950473744013734,False
2017-09-23,somali_basin,Somali Basin / Horn approaches,31,147,28.0,9.571037306956681,8.219431100788574,5,164.0,-1.4214508039533758,False
2017-09-23,eastern_med,Eastern Mediterranean,803,1294,727.0,572.6157055885158,521.0107103771851,28,2281.0,3.158794210469783,True
2017-09-23,persian_gulf,Persian Gulf,26,0,0.0,21.628451529088096,0.0,6,155.0,-1.8402201556802755,False
2017-09-23,suez_canal,Suez Canal & Gulf of Suez,77,48,53.0,28.430069505035377,15.718100358771828,10,260.0,2.2409603243309313,True
2017-09-30,bosphorus,Turkish Straits (Bosphorus-Dardanelles),18,0,1.0,8.921570875461876,0.41065352610519723,4,45.0,2.4176863431564954,True
2017-09-30,black_sea,Black Sea,26,13,9.0,12.623044552708382,2.788149272368713,9,66.0,2.06319091621604,True
2017-09-30,southern_red_sea,Southern Red Sea,137,280,132.0,91.87870052598187,88.19578066331889,17,577.0,-1.6093838196868484,False
2017-09-30,eastern_med,Eastern Mediterranean,444,644,354.0,288.5923968415046,229.58053660635323,26,2311.0,-1.0722382014107121,False
2017-09-30,suez_canal,Suez Canal & Gulf of Suez,59,6,37.0,24.756954931922024,10.726960253677774,9,247.0,-0.5211062503347381,False
2017-09-30,gulf_of_aden,Gulf of Aden,139,275,132.0,89.62158926030475,84.29023900164583,17,584.0,-1.511535573642503,False
2017-09-30,somali_basin,Somali Basin / Horn approaches,48,112,44.0,14.165060314056726,13.050892080949591,5,176.0,0.5594326064047901,False
2017-09-30,hormuz,Strait of Hormuz,1,0,0.0,0.19333732100060838,0.0,1,6.0,-1.037217273347849,False
2017-09-30,persian_gulf,Persian Gulf,39,5,3.0,29.96857602349258,1.756099464138491,12,137.0,-0.6234565373391976,False
2017-09-30,northern_red_sea,Northern & Central Red Sea,2,3,2.0,0.9912281164664071,0.9912281164664071,1,9.0,0.3535533905932736,False
2017-09-30,bab_el_mandeb,Bab-el-Mandeb,77,184,72.0,49.40082813258147,46.982195698038346,11,314.0,-0.3279900279952143,False
2017-09-30,gulf_of_oman,Gulf of Oman,1,0,0.0,0.26869521049402056,0.0,1,6.0,-1.5008862630019923,False
2017-10-07,eastern_med,Eastern Mediterranean,452,688,349.0,304.2087622174459,226.40391350416758,28,2302.0,-0.84322769942535,False
2017-10-07,northern_red_sea,Northern & Central Red Sea,2,16,2.0,1.4956140582332036,1.4956140582332036,2,8.0,0.3535533905932736,False
2017-10-07,hormuz,Strait of Hormuz,10,0,0.0,2.251907430468667,0.0,2,15.0,4.525174168787497,True
2017-10-07,somali_basin,Somali Basin / Horn approaches,33,72,32.0,10.58368201965398,10.043983169524008,5,149.0,-0.9547032697824659,False
2017-10-07,bosphorus,Turkish Straits (Bosphorus-Dardanelles),21,0,0.0,12.51091734935668,0.0,3,63.0,2.1028302209935696,True
2017-10-07,gulf_of_oman,Gulf of Oman,1,0,0.0,0.26869521049402056,0.0,1,6.0,-1.1351812029964043,False
2017-10-07,black_sea,Black Sea,23,0,1.0,15.326939808516657,0.5369649682651559,5,83.0,1.165639218940542,False
2017-10-07,southern_red_sea,Southern Red Sea,158,303,154.0,106.19431643400196,104.49437792919495,17,578.0,1.3311523305755397,False
2017-10-07,suez_canal,Suez Canal & Gulf of Suez,61,73,42.0,25.322791425945443,13.488738419666205,7,254.0,-0.1607939702062886,False
2017-10-07,gulf_of_aden,Gulf of Aden,154,284,147.0,93.84421608974078,88.9865961999779,16,577.0,0.7047985235433666,False
2017-10-07,bab_el_mandeb,Bab-el-Mandeb,76,134,73.0,43.491854698499964,42.30231930715542,10,285.0,-0.3438712630909161,False
2017-10-07,persian_gulf,Persian Gulf,64,0,0.0,55.17487366494091,0.0,10,147.0,0.9433946085198254,False
2017-10-14,black_sea,Black Sea,14,2,1.0,7.803327043326578,0.3029804789059568,4,89.0,-0.012963140785043532,False
2017-10-14,hormuz,Strait of Hormuz,1,0,0.0,0.257044165093125,0.0,1,15.0,-0.7040094961215867,False
2017-10-14,southern_red_sea,Southern Red Sea,165,343,162.0,114.31925574876865,112.449074569602,15,598.0,1.8298224767883826,False
2017-10-14,somali_basin,Somali Basin / Horn approaches,42,93,40.0,13.434861687894792,12.209009945987253,7,154.0,0.045481401909151245,False
2017-10-14,bab_el_mandeb,Bab-el-Mandeb,83,251,80.0,49.68491062928357,48.42937107089334,11,300.0,0.17515771294444044,False
2017-10-14,persian_gulf,Persian Gulf,70,0,3.0,65.71069987052753,2.4151035358480324,10,199.0,1.3012905489469588,False
2017-10-14,eastern_med,Eastern Mediterranean,448,524,358.0,307.46625050757945,239.1932132624144,26,2147.0,-0.683073037689064,False
2017-10-14,suez_canal,Suez Canal & Gulf of Suez,82,70,55.0,34.42511576394389,16.841604503554937,10,279.0,2.440576107103229,True
2017-10-14,bosphorus,Turkish Straits (Bosphorus-Dardanelles),13,0,0.0,6.704034260212794,0.0,3,69.0,0.456254662257467,False
2017-10-14,gulf_of_aden,Gulf of Aden,161,352,156.0,99.33025226173402,95.37740280243197,17,593.0,1.4582805897635265,False
2017-10-21,southern_red_sea,Southern Red Sea,175,375,169.0,110.18989179030882,107.15123842395256,15,635.0,2.3186202793903266,True
2017-10-21,hormuz,Strait of Hormuz,5,0,0.0,1.9644698162799834,0.0,3,17.0,0.5732999110238607,False
2017-10-21,gulf_of_aden,Gulf of Aden,162,366,156.0,99.8620106120245,94.76710113972855,16,616.0,1.4076331764420469,False
2017-10-21,gulf_of_oman,Gulf of Oman,3,0,1.0,0.8568824597606599,0.26869521049402056,2,8.0,1.1351812029964043,False
2017-10-21,northern_red_sea,Northern & Central Red Sea,1,0,1.0,0.49561405823320354,0.49561405823320354,1,7.0,-1.3653316208096136,False
2017-10-21,bosphorus,Turkish Straits (Bosphorus-Dardanelles),17,0,1.0,9.388518544128976,0.2738307578109862,4,69.0,0.8473765601931637,False
2017-10-21,black_sea,Black Sea,18,5,2.0,10.961744056598626,1.2681977118732497,5,81.0,0.278314599677123,False
2017-10-21,bab_el_mandeb,Bab-el-Mandeb,84,236,79.0,50.28240464061647,47.800288985092415,10,320.0,0.44737207885340535,False
2017-10-21,persian_gulf,Persian Gulf,55,1,2.0,45.20926170883182,2.0,11,228.0,0.32148703475263957,False
2017-10-21,suez_canal,Suez Canal & Gulf of Suez,76,45,58.0,30.449110916001423,17.746017088483338,7,278.0,1.0523421328362077,False
2017-10-21,somali_basin,Somali Basin / Horn approaches,41,102,39.0,12.865032874367351,11.785635174107405,6,164.0,0.10206207261596567,False
2017-10-21,eastern_med,Eastern Mediterranean,473,500,410.0,330.0581379518113,282.35716314317773,21,1817.0,-0.3505800841572642,False
2017-10-28,northern_red_sea,Northern & Central Red Sea,2,0,2.0,0.9912281164664071,0.9912281164664071,1,7.0,0.19504737440137337,False
2017-10-28,bosphorus,Turkish Straits (Bosphorus-Dardanelles),20,0,2.0,12.383648816032618,2.0,5,71.0,1.0609756566683273,False
2017-10-28,bab_el_mandeb,Bab-el-Mandeb,105,503,94.0,62.913754380575504,58.73567755875351,12,348.0,2.05867153563168,True
2017-10-28,persian_gulf,Persian Gulf,61,0,0.0,55.844608288577156,0.0,11,250.0,0.7131715394990239,False
2017-10-28,gulf_of_aden,Gulf of Aden,192,667,175.0,119.81139814661731,107.70872271238773,19,669.0,4.15628995534403,True
2017-10-28,hormuz,Strait of Hormuz,4,0,0.0,2.51408833018625,0.0,2,20.0,0.31622776601683794,False
2017-10-28,eastern_med,Eastern Mediterranean,477,690,407.0,332.7019404905522,273.6165231056233,24,1850.0,-0.27034663937605574,False
2017-10-28,somali_basin,Somali Basin / Horn approaches,55,195,50.0,16.384245946425736,14.40702333113203,5,171.0,1.4924050144892718,False
2017-10-28,gulf_of_oman,Gulf of Oman,2,0,0.0,0.6389840775452376,0.0,1,7.0,0.0,False
2017-10-28,suez_canal,Suez Canal & Gulf of Suez,83,89,49.0,35.79679667637071,14.920701130616326,11,302.0,1.4737382112156137,False
2017-10-28,southern_red_sea,Southern Red Sea,194,652,183.0,127.11779591874665,121.73431926179029,18,692.0,3.093002855909892,True
2017-10-28,black_sea,Black Sea,23,16,4.0,13.871723788925097,2.600443687238116,7,78.0,0.8161517037925953,False
2017-11-04,suez_canal,Suez Canal & Gulf of Suez,56,44,39.0,22.68002476563965,11.651046100281558,5,297.0,-1.0511061961917698,False
2017-11-04,gulf_of_aden,Gulf of Aden,175,440,165.0,115.87941165445007,107.51104151471948,18,690.0,1.0654891773410602,False
2017-11-04,somali_basin,Somali Basin / Horn approaches,54,173,49.0,17.254624801908957,15.59902546237658,5,192.0,1.0320781662239984,False
2017-11-04,hormuz,Strait of Hormuz,5,0,0.0,1.9644698162799834,0.0,3,15.0,0.5553856654704656,False
2017-11-04,gulf_of_oman,Gulf of Oman,2,0,0.0,0.5881872492666393,0.0,2,8.0,0.12613124477737828,False
2017-11-04,india_west_coast,India West Coast corridor,1,1,1.0,1.0,1.0,1,4.0,-0.5066917474620124,False
2017-11-04,northern_red_sea,Northern & Central Red Sea,2,0,2.0,0.9912281164664071,0.9912281164664071,1,7.0,0.0,False
2017-11-04,arabian_sea,Arabian Sea (open),1,1,1.0,0.7111250849101136,0.7111250849101136,1,4.0,-0.540061724867322,False
2017-11-04,bab_el_mandeb,Bab-el-Mandeb,111,330,102.0,65.63834372494131,60.158185260438884,12,383.0,1.8459152666627687,False
2017-11-04,eastern_med,Eastern Mediterranean,491,444,437.0,331.36926849627883,291.7758070527591,17,1889.0,-0.23223066661973132,False
2017-11-04,bosphorus,Turkish Straits (Bosphorus-Dardanelles),21,0,0.0,11.921570875461876,0.0,3,71.0,1.013365542251247,False
2017-11-04,black_sea,Black Sea,22,0,1.0,13.30280421629147,0.2747091556470466,4,77.0,0.5056755506815207,False
2017-11-04,southern_red_sea,Southern Red Sea,180,442,172.0,121.9445162336646,116.40536921202022,18,714.0,1.1002693392431884,False
2017-11-04,persian_gulf,Persian Gulf,54,1,3.0,43.11237555126559,2.0042186989704582,12,240.0,0.30018684106976,False
2017-11-11,bab_el_mandeb,Bab-el-Mandeb,75,189,65.0,43.11782313894588,37.11248914662936,11,375.0,-0.5108472494598569,False
2017-11-11,somali_basin,Somali Basin / Horn approaches,34,65,29.0,10.994011138945801,9.00002772698274,4,184.0,-0.9525756392580846,False
2017-11-11,black_sea,Black Sea,23,5,8.0,11.805433028666341,2.7504561936715017,6,86.0,0.47604485611751524,False
2017-11-11,gulf_of_aden,Gulf of Aden,133,272,122.0,81.10076447511588,72.22158544738197,16,662.0,-1.3773467134545463,False
2017-11-11,hormuz,Strait of Hormuz,7,0,0.0,1.6718954674668418,0.0,2,21.0,1.0624579021745424,False
2017-11-11,eastern_med,Eastern Mediterranean,513,694,445.0,338.0927960280271,288.83438401721435,21,1954.0,-0.08782046252003449,False
2017-11-11,southern_red_sea,Southern Red Sea,140,295,130.0,97.25371786461176,91.22315481181671,15,689.0,-1.0333945473191963,False
2017-11-11,suez_canal,Suez Canal & Gulf of Suez,53,28,32.0,22.67475905412538,9.650774156040136,9,268.0,-1.359219174369734,False
2017-11-11,persian_gulf,Persian Gulf,51,0,2.0,39.68335273221439,1.0042186989704585,12,221.0,0.14008719249922136,False
2017-11-11,bosphorus,Turkish Straits (Bosphorus-Dardanelles),14,0,0.0,7.562341763822225,0.0,3,72.0,-0.5797509043641729,False
2017-11-18,gulf_of_aden,Gulf of Aden,119,256,114.0,74.01737639837732,70.28389990547932,16,619.0,-1.8860614470265542,False
2017-11-18,persian_gulf,Persian Gulf,59,0,0.0,50.023903631217294,0.0,10,225.0,0.45863766352223656,False
2017-11-18,eastern_med,Eastern Mediterranean,449,583,374.0,299.0145508273777,242.36670830441835,24,1930.0,-0.5318309010067201,False
2017-11-18,bosphorus,Turkish Straits (Bosphorus-Dardanelles),18,0,0.0,8.921570875461876,0.0,3,73.0,0.12414088329033944,False
2017-11-18,southern_red_sea,Southern Red Sea,121,274,118.0,80.81272826375528,78.83874826374843,14,635.0,-1.8600842835390716,False
2017-11-18,suez_canal,Suez Canal & Gulf of Suez,56,18,29.0,24.464702720380995,8.732340636300338,10,248.0,-1.003804009029769,False
2017-11-18,gulf_of_oman,Gulf of Oman,1,0,0.0,0.26869521049402056,0.0,1,8.0,-0.8461141122266495,False
2017-11-18,somali_basin,Somali Basin / Horn approaches,21,32,20.0,5.837940771229244,5.538665799551323,4,164.0,-2.2661775128843082,False
2017-11-18,hormuz,Strait of Hormuz,5,0,0.0,1.285220825465625,0.0,1,21.0,0.16535945694153692,False
2017-11-18,bab_el_mandeb,Bab-el-Mandeb,65,169,63.0,32.951847536442415,32.144911050314164,10,356.0,-1.2205535234271452,False
2017-11-18,black_sea,Black Sea,23,4,4.0,12.224425962893402,1.983922405707919,7,91.0,0.2777082490664328,False
2017-11-25,suez_canal,Suez Canal & Gulf of Suez,47,14,31.0,21.784853301704807,11.638951130186129,8,212.0,-1.5043041695357884,False
2017-11-25,gulf_of_oman,Gulf of Oman,2,0,0.0,0.5373904209880411,0.0,1,7.0,0.2820380374088831,False
2017-11-25,eastern_med,Eastern Mediterranean,361,551,316.0,230.97559422630732,197.228000954656,21,1814.0,-4.356743106423569,False
2017-11-25,somali_basin,Somali Basin / Horn approaches,32,33,29.0,11.42159531003809,10.141559060134533,4,141.0,-0.7816593755021071,False
2017-11-25,southern_red_sea,Southern Red Sea,134,243,123.0,88.43001164847679,80.53296500601913,17,575.0,-1.004748877114273,False
2017-11-25,bosphorus,Turkish Straits (Bosphorus-Dardanelles),19,0,0.0,11.972995289927423,0.0,3,72.0,0.41502300476978987,False
2017-11-25,gulf_of_aden,Gulf of Aden,133,232,122.0,85.8882700115037,77.10148960806593,16,560.0,-0.9069826862505252,False
2017-11-25,bab_el_mandeb,Bab-el-Mandeb,74,191,64.0,38.69023160185017,34.34221303292756,11,325.0,-0.6690671207472119,False
2017-11-25,northern_red_sea,Northern & Central Red Sea,1,0,1.0,0.49561405823320354,0.49561405823320354,1,6.0,-1.8708286933869696,False
2017-11-25,black_sea,Black Sea,22,4,2.0,14.52288577094664,0.5776896345530034,6,90.0,0.13363062095619097,False
2017-11-25,persian_gulf,Persian Gulf,103,0,0.0,94.09316433844486,0.0,10,267.0,4.96835394165171,True
2017-11-25,hormuz,Strait of Hormuz,7,0,0.0,1.6081886233743252,0.0,2,24.0,0.759091241021211,False
2017-12-02,eastern_med,Eastern Mediterranean,502,485,326.0,374.3285991576557,215.9087456856974,44,1825.0,0.9726111031396739,False
2017-12-02,persian_gulf,Persian Gulf,103,0,0.0,95.51787605384087,0.0,11,316.0,2.306399464107322,True
2017-12-02,bosphorus,Turkish Straits (Bosphorus-Dardanelles),29,0,0.0,18.60378031270936,0.0,14,80.0,3.654351801695539,True
2017-12-02,northern_red_sea,Northern & Central Red Sea,1,0,1.0,0.49561405823320354,0.49561405823320354,1,6.0,-1.6201851746019633,False
2017-12-02,somali_basin,Somali Basin / Horn approaches,25,58,19.0,7.8365951989083795,5.831968960447086,5,112.0,-1.2159145841143888,False
2017-12-02,gulf_of_aden,Gulf of Aden,183,555,150.0,115.53524985967493,91.24387237977086,17,568.0,1.213192825169946,False
2017-12-02,bab_el_mandeb,Bab-el-Mandeb,111,411,82.0,49.63907821763573,36.97201010789883,12,325.0,1.686821214818948,False
2017-12-02,gulf_of_oman,Gulf of Oman,3,0,0.0,0.8568824597606599,0.0,2,8.0,1.3480755514093758,False
2017-12-02,hormuz,Strait of Hormuz,3,0,0.0,1.3866746420012168,0.0,2,22.0,-0.9547032697824669,False
2017-12-02,southern_red_sea,Southern Red Sea,190,603,157.0,147.40423526952281,122.99984187169471,18,585.0,1.2634307107126215,False
2017-12-02,suez_canal,Suez Canal & Gulf of Suez,149,14,34.0,79.12031282786482,14.358177021652313,21,305.0,6.045864778179423,True
2017-12-02,black_sea,Black Sea,38,8,4.0,25.57587466359554,1.0858137350405928,20,106.0,5.1593043186674565,True
2017-12-09,somali_basin,Somali Basin / Horn approaches,34,111,32.0,9.96922948060903,9.424812468792709,4,112.0,-0.32203059435976517,False
2017-12-09,hormuz,Strait of Hormuz,6,0,0.0,1.3511444582812002,0.0,2,21.0,0.6890397555681119,False
2017-12-09,bosphorus,Turkish Straits (Bosphorus-Dardanelles),24,0,0.0,14.772135500400012,0.0,4,90.0,1.0372982039937584,False
2017-12-09,southern_red_sea,Southern Red Sea,236,498,222.0,173.50681246653923,161.74344575237868,16,681.0,2.68639084826629,True
2017-12-09,eastern_med,Eastern Mediterranean,479,285,287.0,374.52464273684063,197.3966109377892,32,1791.0,0.30935574531234844,False
2017-12-09,black_sea,Black Sea,25,0,0.0,15.789889885797816,0.0,5,108.0,0.3081536843900224,False
2017-12-09,bab_el_mandeb,Bab-el-Mandeb,117,285,105.0,59.39019742868021,53.414082426961244,11,367.0,1.5791611697353745,False
2017-12-09,gulf_of_aden,Gulf of Aden,213,504,193.0,125.63154049556215,111.94862635371345,16,648.0,2.115479137179477,True
2017-12-09,persian_gulf,Persian Gulf,74,1,3.0,63.24163612588893,3.0,11,339.0,0.20981358185407023,False
2017-12-09,northern_red_sea,Northern & Central Red Sea,2,1,2.0,0.9912281164664071,0.9912281164664071,1,6.0,0.7245688373094713,False
2017-12-09,suez_canal,Suez Canal & Gulf of Suez,192,19,51.0,116.78068363395026,29.920242638930315,14,444.0,3.5480164979874913,True
2017-12-16,eastern_med,Eastern Mediterranean,435,227,310.0,330.29111959878827,213.421986908592,36,1777.0,-0.6984056063281442,False
2017-12-16,southern_red_sea,Southern Red Sea,242,611,226.0,170.89741881004227,158.449216521749,17,802.0,1.867996971985638,False
2017-12-16,hormuz,Strait of Hormuz,3,0,0.0,0.6437188070943418,0.0,2,19.0,-1.6201851746019664,False
2017-12-16,suez_canal,Suez Canal & Gulf of Suez,125,16,32.0,70.81313849850227,10.897806827158451,19,513.0,0.6794353566209096,False
2017-12-16,bosphorus,Turkish Straits (Bosphorus-Dardanelles),23,0,0.0,15.38364881603262,0.0,4,95.0,0.5990812174360891,False
2017-12-16,somali_basin,Somali Basin / Horn approaches,46,165,43.0,13.41547327342233,12.360156133541068,5,137.0,0.7272674270498856,False
2017-12-16,bab_el_mandeb,Bab-el-Mandeb,130,345,116.0,72.02477702299319,65.32435936203544,12,432.0,1.8246092185294789,False
2017-12-16,gulf_of_aden,Gulf of Aden,231,636,209.0,141.79963527729018,125.20915681784388,18,760.0,2.038614351442855,True
2017-12-16,persian_gulf,Persian Gulf,106,2,2.0,90.81312119026643,1.0042186989704585,10,386.0,1.6738367490980846,False
2017-12-16,black_sea,Black Sea,28,15,4.0,18.155850321139916,1.1075736145257062,7,113.0,0.6358150519509768,False
2017-12-23,eastern_med,Eastern Mediterranean,523,306,424.0,389.344338477856,301.0508107847508,30,1939.0,1.2229322059347132,False
2017-12-23,southern_red_sea,Southern Red Sea,234,601,225.0,161.7636969350271,156.25646813351435,16,902.0,1.195875279937332,False
2017-12-23,black_sea,Black Sea,29,7,3.0,17.220004849869333,1.0571600202836624,6,120.0,0.6451838001083631,False
2017-12-23,gulf_of_aden,Gulf of Aden,212,575,203.0,125.95455842709858,118.40030410236993,15,839.0,0.9758433613442676,False
2017-12-23,gulf_of_oman,Gulf of Oman,2,0,0.0,0.5881872492666393,0.0,2,8.0,0.14978617237881955,False
2017-12-23,hormuz,Strait of Hormuz,2,0,0.0,1.1933373210006084,0.0,2,14.0,-1.8708286933869716,False
2017-12-23,northern_red_sea,Northern & Central Red Sea,2,4,2.0,0.9912281164664071,0.9912281164664071,1,6.0,0.7245688373094713,False
2017-12-23,somali_basin,Somali Basin / Horn approaches,44,173,43.0,12.490577183031485,12.218368677123324,4,149.0,0.5008949107431839,False
2017-12-23,suez_canal,Suez Canal & Gulf of Suez,98,4,36.0,48.25681091063425,11.679739228460168,12,564.0,0.053153739232385686,False
2017-12-23,bab_el_mandeb,Bab-el-Mandeb,126,484,117.0,69.07733090918073,64.91616785890945,11,484.0,1.155619578185385,False
2017-12-23,persian_gulf,Persian Gulf,96,0,0.0,85.75258533855686,0.0,10,379.0,0.8226324440058468,False
2017-12-23,bosphorus,Turkish Straits (Bosphorus-Dardanelles),26,0,0.0,15.88457042406284,0.0,4,102.0,1.1180339887498312,False
2017-12-30,gulf_of_aden,Gulf of Aden,192,599,168.0,110.05572925687065,95.4608038262886,19,848.0,0.40241438429297594,False
2017-12-30,hormuz,Strait of Hormuz,10,0,0.0,4.480774935189292,0.0,3,21.0,2.7506683679768162,True
2017-12-30,southern_red_sea,Southern Red Sea,204,608,183.0,138.37057477045644,123.66309473314683,19,916.0,0.39290452698010675,False
2017-12-30,somali_basin,Somali Basin / Horn approaches,26,65,24.0,8.608384778327569,7.966007572532615,4,150.0,-0.926095600477882,False
2017-12-30,bab_el_mandeb,Bab-el-Mandeb,100,381,83.0,52.03376701446605,43.584259402016805,12,473.0,-0.04377694665373653,False
2017-12-30,eastern_med,Eastern Mediterranean,614,542,456.0,471.57691735208164,330.31977498467216,25,2051.0,2.7278172702608288,True
2017-12-30,suez_canal,Suez Canal & Gulf of Suez,130,10,35.0,80.45508489537171,18.19530017195083,12,545.0,0.6126135746835598,False
2017-12-30,black_sea,Black Sea,25,1,2.0,14.715715706387408,0.6572580685140759,7,107.0,-0.22958842168865182,False
2017-12-30,gulf_of_oman,Gulf of Oman,5,0,0.0,1.4958665373058975,0.0,2,12.0,3.968626966596887,True
2017-12-30,persian_gulf,Persian Gulf,123,15,4.0,91.76262762459771,1.2070389553771375,15,399.0,1.771990865407839,False
2017-12-30,northern_red_sea,Northern & Central Red Sea,1,0,1.0,0.49561405823320354,0.49561405823320354,1,6.0,-1.2076147288491188,False
2017-12-30,bosphorus,Turkish Straits (Bosphorus-Dardanelles),23,1,1.0,14.161665219423778,0.26896102971462843,5,96.0,0.26186574367715965,False
2018-01-06,bosphorus,Turkish Straits (Bosphorus-Dardanelles),24,0,1.0,15.582762338588612,0.45786426488742776,5,96.0,0.4183300132670169,False
2018-01-06,suez_canal,Suez Canal & Gulf of Suez,206,26,32.0,122.76002487049894,12.796454851180595,17,559.0,1.9128449995295107,False
2018-01-06,somali_basin,Somali Basin / Horn approaches,50,149,44.0,15.19311336731202,12.971424939935588,5,166.0,1.9469476355416944,False
2018-01-06,gulf_of_oman,Gulf of Oman,2,1,1.0,0.5373904209880411,0.26869521049402056,1,12.0,-0.4183300132670378,False
2018-01-06,northern_red_sea,Northern & Central Red Sea,1,6,1.0,0.49561405823320354,0.49561405823320354,1,6.0,-0.9354143466934848,False
2018-01-06,eastern_med,Eastern Mediterranean,830,1416,512.0,659.4791132131414,373.4194349053417,34,2402.0,4.666971304309644,True
2018-01-06,gulf_of_aden,Gulf of Aden,201,440,174.0,125.11906387174344,107.56558512669667,20,836.0,0.558333689138853,False
2018-01-06,persian_gulf,Persian Gulf,55,0,0.0,46.62024530716792,0.0,11,380.0,-1.3627704716171312,False
2018-01-06,bab_el_mandeb,Bab-el-Mandeb,117,327,100.0,68.99008701543482,61.13809648328581,13,473.0,0.6794815026844382,False
2018-01-06,black_sea,Black Sea,26,0,2.0,15.273315489053525,0.5211499694841115,6,108.0,-0.12000384018432018,False
2018-01-06,southern_red_sea,Southern Red Sea,210,467,188.0,142.7281721831218,127.64641124554377,19,890.0,0.4500288742693861,False
2018-01-13,somali_basin,Somali Basin / Horn approaches,58,133,55.0,17.65164092552724,16.596323785645975,6,178.0,2.1567171836957835,True
2018-01-13,black_sea,Black Sea,35,0,1.0,23.160761461234287,0.7097962177957093,7,115.0,1.595448070434793,False
2018-01-13,gulf_of_oman,Gulf of Oman,1,0,0.0,0.3194920387726188,0.0,1,10.0,-1.1576657001992077,False
2018-01-13,southern_red_sea,Southern Red Sea,238,593,218.0,158.11098378140053,145.80288867454993,19,886.0,0.9014932206547365,False
2018-01-13,bosphorus,Turkish Straits (Bosphorus-Dardanelles),33,0,0.0,21.18686614453016,0.0,5,106.0,2.7577164466272843,True
2018-01-13,hormuz,Strait of Hormuz,2,0,0.0,1.1933373210006084,0.0,2,17.0,-1.2643908456352873,False
2018-01-13,persian_gulf,Persian Gulf,73,2,4.0,68.31406413627559,3.7753129895853474,11,347.0,-0.6921503885015305,False
2018-01-13,bab_el_mandeb,Bab-el-Mandeb,124,360,112.0,74.20380663284392,68.22756393208839,14,467.0,0.7972222903818542,False
2018-01-13,suez_canal,Suez Canal & Gulf of Suez,159,24,39.0,93.48895945600977,16.117753475747065,15,593.0,0.5837729539596623,False
2018-01-13,gulf_of_aden,Gulf of Aden,228,589,202.0,137.64337228761724,123.2158957890939,21,833.0,1.0723105638921526,False
2018-01-13,eastern_med,Eastern Mediterranean,833,390,558.0,654.9469113607504,421.86454694124217,31,2800.0,2.1508346558958484,True
2018-01-20,persian_gulf,Persian Gulf,82,1,6.0,64.87432815099285,4.764840427785353,17,333.0,-0.4324322155222924,False
2018-01-20,somali_basin,Somali Basin / Horn approaches,70,167,62.0,21.077768492530794,18.267159562843247,3,204.0,2.5701545191476916,True
2018-01-20,gulf_of_aden,Gulf of Aden,217,531,192.0,126.65774690063625,109.64954563694826,15,838.0,0.5695500206472891,False
2018-01-20,northern_red_sea,Northern & Central Red Sea,1,0,1.0,0.49561405823320354,0.49561405823320354,1,5.0,-0.9354143466934848,False
2018-01-20,black_sea,Black Sea,25,0,1.0,17.082043053250427,0.5369649682651559,6,111.0,-0.6451838001083636,False
2018-01-20,arabian_sea,Arabian Sea (open),2,0,1.0,1.7111250849101136,0.7111250849101136,2,5.0,1.620185174601966,False
2018-01-20,india_west_coast,India West Coast corridor,1,0,1.0,1.0,1.0,1,4.0,-0.5400617248673206,False
2018-01-20,gulf_of_oman,Gulf of Oman,4,1,1.0,1.85688245976066,0.3194920387726188,3,12.0,1.3653316208096145,False
2018-01-20,southern_red_sea,Southern Red Sea,237,573,214.0,155.77203668823057,140.17643030340918,15,889.0,0.7146988689159282,False
2018-01-20,eastern_med,Eastern Mediterranean,719,612,539.0,549.8670749979588,393.2665058020605,31,2996.0,0.8367255429288173,False
2018-01-20,bosphorus,Turkish Straits (Bosphorus-Dardanelles),23,0,0.0,17.412496742165636,0.0,4,103.0,-0.49913718658746686,False
2018-01-20,bab_el_mandeb,Bab-el-Mandeb,120,308,100.0,84.0941557387543,72.76345298960182,9,461.0,0.42048257189372146,False
2018-01-20,hormuz,Strait of Hormuz,6,1,1.0,2.159638098365175,1.0,4,20.0,0.44392800325286097,False
2018-01-20,suez_canal,Suez Canal & Gulf of Suez,151,16,42.0,84.85701003319227,14.176018884245254,14,646.0,0.24994166374906,False
2018-01-27,gulf_of_oman,Gulf of Oman,1,0,0.0,0.3194920387726188,0.0,1,8.0,-1.0606601717798214,False
2018-01-27,southern_red_sea,Southern Red Sea,250,555,224.0,164.04973794332875,151.1852971649249,16,935.0,1.3339614637738448,False
2018-01-27,persian_gulf,Persian Gulf,87,0,1.0,76.99504904193849,0.2289057093851113,15,297.0,-0.09107051587950522,False
2018-01-27,northern_red_sea,Northern & Central Red Sea,1,0,1.0,0.49561405823320354,0.49561405823320354,1,4.0,-0.7245688373094713,False
2018-01-27,gulf_of_aden,Gulf of Aden,233,534,204.0,147.25038923176237,121.86798130538405,16,879.0,1.3969679840428082,False
2018-01-27,somali_basin,Somali Basin / Horn approaches,89,242,68.0,31.526234776662257,22.5020118279505,5,267.0,2.8822294803092796,True
2018-01-27,bosphorus,Turkish Straits (Bosphorus-Dardanelles),20,0,0.0,17.500921608030218,0.0,5,100.0,-1.5526475085201636,False
2018-01-27,bab_el_mandeb,Bab-el-Mandeb,138,369,114.0,94.28747790432723,76.60138037610929,10,499.0,2.106957169223899,True
2018-01-27,black_sea,Black Sea,23,1,2.0,17.864818988739735,0.5429068675202964,8,109.0,-1.1754198677996128,False
2018-01-27,eastern_med,Eastern Mediterranean,883,590,630.0,682.4833107920267,450.76222110503096,36,3265.0,1.6751632273425645,False
2018-01-27,suez_canal,Suez Canal & Gulf of Suez,207,41,50.0,116.44998902771671,18.04865756439395,16,723.0,1.581418246851658,False
2018-01-27,hormuz,Strait of Hormuz,6,0,0.0,2.0941002931880752,0.0,3,24.0,0.39467610868816316,False
2018-02-03,gulf_of_aden,Gulf of Aden,218,651,192.0,122.71395039083737,106.03625543415018,15,896.0,0.14590259179829412,False
2018-02-03,eastern_med,Eastern Mediterranean,922,1036,621.0,717.0488438577935,457.61955996579377,32,3357.0,1.4653812917651143,False
2018-02-03,persian_gulf,Persian Gulf,64,0,0.0,55.15293475478604,0.0,9,306.0,-1.083886361511227,False
2018-02-03,northern_red_sea,Northern & Central Red Sea,2,0,2.0,0.9912281164664071,0.9912281164664071,1,5.0,1.620185174601963,False
2018-02-03,somali_basin,Somali Basin / Horn approaches,57,185,51.0,17.07391492725035,14.977253159622308,5,274.0,0.24233153548951517,False
2018-02-03,suez_canal,Suez Canal & Gulf of Suez,228,78,52.0,132.78590469337075,18.372414499197657,14,745.0,1.7235525684859638,False
2018-02-03,hormuz,Strait of Hormuz,1,0,0.0,0.19333732100060838,0.0,1,15.0,-1.3564487719881049,False
2018-02-03,black_sea,Black Sea,30,0,2.0,18.529302631939952,0.8641169285966825,7,113.0,0.8017837257371485,False
2018-02-03,bab_el_mandeb,Bab-el-Mandeb,108,383,92.0,71.97031405382144,62.69735497913756,10,490.0,-1.2067873120141555,False
2018-02-03,southern_red_sea,Southern Red Sea,251,688,226.0,176.7092633398694,161.78876625766065,16,976.0,1.2342052459643458,False
2018-02-03,bosphorus,Turkish Straits (Bosphorus-Dardanelles),26,0,1.0,19.09211129798546,1.0,4,102.0,0.39295262399665737,False
2018-02-10,hormuz,Strait of Hormuz,6,0,0.0,2.157807137280592,0.0,3,19.0,0.49607837082461076,False
2018-02-10,black_sea,Black Sea,22,0,3.0,16.16732534207082,1.2531772852375087,6,100.0,-1.4891661323410041,False
2018-02-10,gulf_of_oman,Gulf of Oman,3,0,0.0,0.8568824597606599,0.0,2,9.0,0.3535533905932738,False
2018-02-10,persian_gulf,Persian Gulf,128,0,1.0,118.70806151646734,1.0,15,361.0,1.8896124181236835,False
2018-02-10,eastern_med,Eastern Mediterranean,689,449,475.0,527.8339286650529,339.21158299632475,33,3213.0,-0.1727844734542508,False
2018-02-10,gulf_of_aden,Gulf of Aden,215,552,202.0,124.29591735180342,113.7416463013223,16,883.0,-0.1032293189305948,False
2018-02-10,southern_red_sea,Southern Red Sea,242,591,230.0,173.1922825279514,165.77677967505733,15,980.0,0.5045212349955036,False
2018-02-10,northern_red_sea,Northern & Central Red Sea,1,0,1.0,0.49561405823320354,0.49561405823320354,1,5.0,-0.7245688373094713,False
2018-02-10,somali_basin,Somali Basin / Horn approaches,67,191,59.0,20.507257884100397,18.093306699029277,5,283.0,0.6398618859908639,False
2018-02-10,bosphorus,Turkish Straits (Bosphorus-Dardanelles),21,0,2.0,16.307804697174106,1.2689610297146285,5,90.0,-0.9752368720067929,False
2018-02-10,bab_el_mandeb,Bab-el-Mandeb,118,398,106.0,77.63353985278346,69.93755729541019,10,484.0,-0.19599386727953505,False
2018-02-10,suez_canal,Suez Canal & Gulf of Suez,200,30,55.0,106.14195459391439,18.208315555127683,16,786.0,0.8012165856676843,False
2018-02-17,gulf_of_oman,Gulf of Oman,3,2,1.0,0.8568824597606599,0.26869521049402056,2,11.0,0.26635680195171657,False
2018-02-17,hormuz,Strait of Hormuz,4,0,0.0,1.771132495279375,0.0,2,17.0,-0.16535945694153692,False
2018-02-17,eastern_med,Eastern Mediterranean,843,904,585.0,613.7694894669304,392.1081234310132,32,3337.0,0.6573719742413986,False
2018-02-17,persian_gulf,Persian Gulf,99,0,1.0,87.18948599914411,0.2714995480459568,11,378.0,0.40039189360796373,False
2018-02-17,bosphorus,Turkish Straits (Bosphorus-Dardanelles),25,0,0.0,20.14353571245101,0.0,3,92.0,0.12389865694582942,False
2018-02-17,bab_el_mandeb,Bab-el-Mandeb,102,386,94.0,57.15236077595571,51.628607085701454,11,466.0,-1.4696751832463855,False
2018-02-17,black_sea,Black Sea,32,0,6.0,22.362515903393234,3.262287390380979,8,107.0,1.2038014500049974,False
2018-02-17,suez_canal,Suez Canal & Gulf of Suez,213,40,68.0,122.77645306512973,31.9516188637748,15,848.0,0.9035789237855569,False
2018-02-17,northern_red_sea,Northern & Central Red Sea,1,10,1.0,0.49561405823320354,0.49561405823320354,1,5.0,-0.7245688373094713,False
2018-02-17,somali_basin,Somali Basin / Horn approaches,38,145,32.0,12.214399832545093,10.117738064917052,5,251.0,-1.0447712142018455,False
2018-02-17,gulf_of_aden,Gulf of Aden,188,633,175.0,110.77014725366202,102.16138172284094,17,854.0,-1.9926662794994272,False
2018-02-17,southern_red_sea,Southern Red Sea,196,686,186.0,133.49536268091342,127.54774711411892,17,939.0,-2.147818971838001,False
2018-02-24,southern_red_sea,Southern Red Sea,154,646,146.0,110.30580300134588,106.0334504073554,18,843.0,-3.4249964737807645,False
2018-02-24,somali_basin,Somali Basin / Horn approaches,25,115,22.0,8.045811870944448,6.596245470797712,5,187.0,-1.6336566770780958,False
2018-02-24,persian_gulf,Persian Gulf,69,0,2.0,53.47966713817229,1.2714995480459568,14,360.0,-0.7537564844209298,False
2018-02-24,eastern_med,Eastern Mediterranean,845,1101,594.0,623.7378257924706,410.5776020295634,31,3299.0,0.5039355369017574,False
2018-02-24,bosphorus,Turkish Straits (Bosphorus-Dardanelles),11,0,1.0,6.7849626532244,0.45786426488742776,4,83.0,-3.345617495258449,False
2018-02-24,gulf_of_aden,Gulf of Aden,151,636,140.0,86.1580398354967,76.5876777308957,18,772.0,-3.709493003884082,False
2018-02-24,northern_red_sea,Northern & Central Red Sea,2,10,2.0,0.9912281164664071,0.9912281164664071,1,6.0,1.620185174601963,False
2018-02-24,hormuz,Strait of Hormuz,8,0,0.0,2.5444817792818086,0.0,3,19.0,1.1351812029964046,False
2018-02-24,bab_el_mandeb,Bab-el-Mandeb,79,497,71.0,42.50889401726045,38.73135028375444,12,407.0,-2.9620419047762296,False
2018-02-24,black_sea,Black Sea,12,4,2.0,6.767326962552768,0.801328061028995,5,96.0,-3.3221776603272417,False
2018-02-24,suez_canal,Suez Canal & Gulf of Suez,174,37,74.0,87.09966033690563,22.70991296218275,13,815.0,-0.36342848308562076,False
2018-02-24,gulf_of_oman,Gulf of Oman,1,0,0.0,0.3194920387726188,0.0,1,8.0,-1.1542128084574386,False
2018-03-03,hormuz,Strait of Hormuz,3,0,0.0,0.5800119630018251,0.0,1,21.0,-0.7988312169233959,False
2018-03-03,bosphorus,Turkish Straits (Bosphorus-Dardanelles),33,1,1.0,21.894780711446035,0.41065352610519723,6,90.0,1.6276446301307248,False
2018-03-03,gulf_of_aden,Gulf of Aden,205,754,184.0,112.45690147405254,99.42887235792332,17,759.0,-0.05180189983740644,False
2018-03-03,persian_gulf,Persian Gulf,93,0,3.0,72.88961302864904,1.876930646690701,13,389.0,0.4709302217421652,False
2018-03-03,somali_basin,Somali Basin / Horn approaches,51,156,46.0,17.3177628865839,14.713238472738496,6,181.0,-0.29129597586396055,False
2018-03-03,black_sea,Black Sea,37,3,4.0,22.43984624434119,1.0130185075134674,9,103.0,1.5998360698429923,False
2018-03-03,eastern_med,Eastern Mediterranean,687,1216,481.0,491.43393792899326,332.9042003841254,40,3064.0,-1.7002379026941254,False
2018-03-03,northern_red_sea,Northern & Central Red Sea,2,0,2.0,0.9912281164664071,0.9912281164664071,1,6.0,1.620185174601963,False
2018-03-03,bab_el_mandeb,Bab-el-Mandeb,107,555,96.0,64.33056289382075,59.75584222794427,11,406.0,-0.3576646146995631,False
2018-03-03,southern_red_sea,Southern Red Sea,219,793,200.0,162.6124246550921,149.5547828148777,17,811.0,-0.09644117081224685,False
2018-03-03,suez_canal,Suez Canal & Gulf of Suez,113,5,38.0,54.33150730291096,12.85650467295348,16,700.0,-2.875916216328488,False
2018-03-10,black_sea,Black Sea,21,4,3.0,15.43173495027926,0.8241274669411398,5,102.0,-0.7337993857053189,False
2018-03-10,somali_basin,Somali Basin / Horn approaches,38,122,34.0,11.611187898557475,9.719882842259397,6,152.0,-0.9584314608468988,False
2018-03-10,northern_red_sea,Northern & Central Red Sea,2,0,2.0,0.9912281164664071,0.9912281164664071,1,7.0,1.2076147288491188,False
2018-03-10,persian_gulf,Persian Gulf,116,1,1.0,97.57910516915739,0.6199096274742465,13,377.0,1.4223947793425802,False
2018-03-10,bosphorus,Turkish Straits (Bosphorus-Dardanelles),17,0,0.0,14.50092160803022,0.0,3,86.0,-0.9734032114980178,False
2018-03-10,hormuz,Strait of Hormuz,7,0,1.0,1.5444817792818086,0.257044165093125,2,22.0,1.0458250331675945,False
2018-03-10,gulf_of_aden,Gulf of Aden,198,528,182.0,113.14511604631306,100.41619081488477,20,742.0,-0.3353451049183574,False
2018-03-10,eastern_med,Eastern Mediterranean,762,1357,525.0,575.8487195415591,387.32162914095,32,3137.0,-0.44503014088447707,False
2018-03-10,southern_red_sea,Southern Red Sea,220,537,204.0,161.29082090528902,151.210850111601,20,789.0,-0.10110647650699799,False
2018-03-10,bab_el_mandeb,Bab-el-Mandeb,109,335,95.0,59.99008737870098,53.053825914173885,14,397.0,-0.17117922064723656,False
2018-03-10,gulf_of_oman,Gulf of Oman,1,4,1.0,0.26869521049402056,0.26869521049402056,1,8.0,-0.9921567416492215,False
2018-03-10,suez_canal,Suez Canal & Gulf of Suez,193,27,88.0,94.61560986395507,31.49246724161027,15,693.0,0.32220390225905615,False
2018-03-17,gulf_of_aden,Gulf of Aden,241,668,204.0,142.85107078413247,115.91498522757234,20,795.0,1.5067782019864928,False
2018-03-17,southern_red_sea,Southern Red Sea,250,680,215.0,172.42687571720856,148.21369031618775,20,843.0,0.8788199225137636,False
2018-03-17,black_sea,Black Sea,34,3,1.0,20.52988248206037,0.26819771187324976,14,104.0,1.1357207458327716,False
2018-03-17,hormuz,Strait of Hormuz,6,0,0.0,1.4785581464662334,0.0,2,24.0,0.3812335020048049,False
2018-03-17,somali_basin,Somali Basin / Horn approaches,61,289,52.0,19.254335264652795,16.441416657629848,6,175.0,0.3189630820989198,False
2018-03-17,eastern_med,Eastern Mediterranean,671,1215,440.0,515.0867551156638,318.4740436864524,40,2965.0,-1.3435518641274349,False
2018-03-17,northern_red_sea,Northern & Central Red Sea,1,0,1.0,0.49561405823320354,0.49561405823320354,1,7.0,-0.9354143466934848,False
2018-03-17,persian_gulf,Persian Gulf,65,0,0.0,56.68392971648275,0.0,11,343.0,-1.2438791949800099,False
2018-03-17,bosphorus,Turkish Straits (Bosphorus-Dardanelles),28,0,0.0,21.267206515730408,0.0,9,89.0,0.9195855500672964,False
2018-03-17,suez_canal,Suez Canal & Gulf of Suez,198,17,53.0,115.10776027499455,18.93988986262243,12,678.0,0.3495896118124044,False
2018-03-17,bab_el_mandeb,Bab-el-Mandeb,138,467,106.0,78.7772685352869,62.59026512525009,14,433.0,1.654545152079725,False
2018-03-24,bab_el_mandeb,Bab-el-Mandeb,101,366,86.0,56.44181769004855,47.0565965168679,13,455.0,-0.587304598230735,False
2018-03-24,black_sea,Black Sea,16,13,3.0,10.908606221444307,0.9089414367178704,5,108.0,-1.2504603562145555,False
2018-03-24,eastern_med,Eastern Mediterranean,518,338,330.0,426.73917343653164,258.42109290530186,33,2638.0,-2.744530574605898,False
2018-03-24,northern_red_sea,Northern & Central Red Sea,2,0,1.0,1.4956140582332036,0.49561405823320354,2,7.0,0.9354143466934848,False
2018-03-24,gulf_of_aden,Gulf of Aden,217,663,197.0,116.35843585619213,101.53405856550063,19,861.0,0.3847341429179617,False
2018-03-24,somali_basin,Somali Basin / Horn approaches,36,165,26.0,11.916498744985692,8.071671833588674,5,186.0,-0.8610405431054504,False
2018-03-24,southern_red_sea,Southern Red Sea,228,665,209.0,161.64684681103498,150.96362647764002,20,917.0,0.15416904236870818,False
2018-03-24,hormuz,Strait of Hormuz,1,0,0.0,0.19333732100060838,0.0,1,17.0,-1.797243652308366,False
2018-03-24,suez_canal,Suez Canal & Gulf of Suez,196,39,65.0,113.47164876733135,27.245881116362625,16,700.0,0.1496470224470203,False
2018-03-24,gulf_of_oman,Gulf of Oman,1,1,0.0,0.26869521049402056,0.0,1,6.0,-0.8366600265340756,False
2018-03-24,persian_gulf,Persian Gulf,55,1,2.0,44.719682602754574,0.6440092452331436,9,329.0,-1.476623529543245,False
2018-03-24,bosphorus,Turkish Straits (Bosphorus-Dardanelles),12,0,0.0,10.279171317097822,0.0,3,90.0,-1.5477587115495757,False
2018-03-31,bosphorus,Turkish Straits (Bosphorus-Dardanelles),18,0,0.0,12.906682880598671,0.0,4,75.0,-0.46365887255852384,False
2018-03-31,southern_red_sea,Southern Red Sea,238,627,194.0,172.85047522850778,140.40619391625984,19,936.0,0.555794615474125,False
2018-03-31,hormuz,Strait of Hormuz,5,0,0.0,3.51408833018625,0.0,2,19.0,0.1870828693386971,False
2018-03-31,bab_el_mandeb,Bab-el-Mandeb,119,372,90.0,66.5215588628559,53.018192196633336,13,467.0,0.6779604340922496,False
2018-03-31,suez_canal,Suez Canal & Gulf of Suez,210,41,64.0,125.29090764637056,23.034709325153038,18,797.0,0.5966768804025679,False
2018-03-31,gulf_of_oman,Gulf of Oman,5,4,2.0,1.4958665373058975,0.5373904209880411,2,8.0,2.5071736158929814,True
2018-03-31,arabian_sea,Arabian Sea (open),2,0,2.0,1.4222501698202272,1.4222501698202272,1,6.0,1.620185174601966,False
2018-03-31,gulf_of_aden,Gulf of Aden,219,600,176.0,120.67648824775738,94.84772640613782,18,875.0,0.5589873898667225,False
2018-03-31,persian_gulf,Persian Gulf,93,0,0.0,74.14611181101847,0.0,12,329.0,0.25578826330491233,False
2018-03-31,india_west_coast,India West Coast corridor,2,0,2.0,2.0,2.0,1,5.0,2.474873734152908,True
2018-03-31,eastern_med,Eastern Mediterranean,621,326,418.0,496.47529922761805,311.80484837691205,37,2572.0,-0.9464009863491024,False
2018-03-31,somali_basin,Somali Basin / Horn approaches,40,159,34.0,12.129392142400096,9.863200224528875,6,175.0,-0.4559487729995147,False
2018-03-31,black_sea,Black Sea,25,13,7.0,15.653343889896206,2.700812194340402,9,96.0,-0.05531220985858724,False
2018-03-31,northern_red_sea,Northern & Central Red Sea,1,0,1.0,0.49561405823320354,0.49561405823320354,1,6.0,-1.2076147288491188,False
2018-04-07,northern_red_sea,Northern & Central Red Sea,2,5,2.0,0.9912281164664071,0.9912281164664071,1,6.0,0.9354143466934848,False
2018-04-07,somali_basin,Somali Basin / Horn approaches,46,198,37.0,15.085290182907599,11.420730467494579,6,183.0,0.10690934537130663,False
2018-04-07,bab_el_mandeb,Bab-el-Mandeb,99,405,74.0,59.87887214142155,47.63119031210076,12,457.0,-0.5932650326230551,False
2018-04-07,black_sea,Black Sea,19,4,2.0,12.273238563653797,0.669190309852253,5,94.0,-0.663468282357454,False
2018-04-07,southern_red_sea,Southern Red Sea,243,679,210.0,180.23252026479963,154.0410050957949,18,959.0,0.7969133450646831,False
2018-04-07,persian_gulf,Persian Gulf,97,2,3.0,76.4665923097662,1.624128326444705,16,310.0,0.28564250361488996,False
2018-04-07,suez_canal,Suez Canal & Gulf of Suez,228,28,70.0,141.47271261879382,28.827908527388686,19,832.0,1.2694978347322907,False
2018-04-07,eastern_med,Eastern Mediterranean,578,570,367.0,450.2646118225748,257.36169151304233,36,2388.0,-1.1435911646561894,False
2018-04-07,gulf_of_oman,Gulf of Oman,3,4,1.0,0.8568824597606599,0.26869521049402056,2,10.0,0.39111638673421495,False
2018-04-07,bosphorus,Turkish Straits (Bosphorus-Dardanelles),17,0,0.0,12.732882186345812,0.0,3,75.0,-0.4714356643526983,False
2018-04-07,gulf_of_aden,Gulf of Aden,224,624,189.0,115.2588073099135,92.41090532498583,19,901.0,0.7400511872182512,False
2018-04-07,hormuz,Strait of Hormuz,8,1,1.0,2.671895467466842,0.257044165093125,3,20.0,1.3228756555322958,False
2018-04-14,gulf_of_aden,Gulf of Aden,266,432,232.0,138.23074910793616,116.2896156566364,19,926.0,2.21373835743499,True
2018-04-14,hormuz,Strait of Hormuz,6,0,0.0,1.1600239260036502,0.0,1,20.0,0.3008608339071578,False
2018-04-14,eastern_med,Eastern Mediterranean,602,499,388.0,479.19246206866086,282.3452273367747,31,2319.0,-0.7419579934023807,False
2018-04-14,black_sea,Black Sea,24,8,5.0,16.02571552841954,1.3953056577203464,6,84.0,-0.055215763037421796,False
2018-04-14,southern_red_sea,Southern Red Sea,294,460,260.0,213.31139041103913,190.98924945555893,17,1003.0,2.4345792600570046,True
2018-04-14,gulf_of_oman,Gulf of Oman,3,10,3.0,0.8060856314820617,0.8060856314820617,1,12.0,0.5040161287741853,False
2018-04-14,bosphorus,Turkish Straits (Bosphorus-Dardanelles),17,0,0.0,14.50092160803022,0.0,3,64.0,-0.4011145842266413,False
2018-04-14,persian_gulf,Persian Gulf,67,0,2.0,51.11768844607121,0.45437545500443444,13,312.0,-0.9149762905047351,False
2018-04-14,somali_basin,Somali Basin / Horn approaches,64,164,50.0,19.75553401769754,14.685651827471377,7,186.0,2.0456130855421075,True
2018-04-14,northern_red_sea,Northern & Central Red Sea,3,6,3.0,1.4868421746996106,1.4868421746996106,1,8.0,2.6567524034680616,True
2018-04-14,suez_canal,Suez Canal & Gulf of Suez,207,91,56.0,130.1095665681473,21.43317451738085,16,841.0,0.4654512915968308,False
2018-04-14,bab_el_mandeb,Bab-el-Mandeb,121,305,98.0,77.07254111431234,62.49621926519505,12,440.0,0.8393770924594759,False
2018-04-21,bosphorus,Turkish Straits (Bosphorus-Dardanelles),27,0,0.0,18.204955868243015,0.0,3,79.0,1.0380407987978746,False
2018-04-21,gulf_of_oman,Gulf of Oman,3,1,1.0,0.9076792880392581,0.26869521049402056,2,14.0,0.3535533905932738,False
2018-04-21,persian_gulf,Persian Gulf,80,1,2.0,65.11602094646022,1.1978504102794587,12,337.0,-0.09004920603879275,False
2018-04-21,somali_basin,Somali Basin / Horn approaches,56,240,48.0,16.034613788830427,13.58945539734332,5,206.0,0.8275373179591563,False
2018-04-21,black_sea,Black Sea,30,6,3.0,19.433736914025772,0.9089414367178704,4,98.0,0.761512941967685,False
2018-04-21,suez_canal,Suez Canal & Gulf of Suez,196,28,50.0,127.51749157203008,22.040130315999924,16,841.0,0.17653134783733165,False
2018-04-21,eastern_med,Eastern Mediterranean,602,660,409.0,482.9244835741638,302.80883007198696,32,2403.0,-0.5568723337682571,False
2018-04-21,india_west_coast,India West Coast corridor,1,0,1.0,1.0,1.0,1,5.0,-0.35355339059327373,False
2018-04-21,hormuz,Strait of Hormuz,5,0,0.0,2.7074256511868584,0.0,3,24.0,-0.2041241452319316,False
2018-04-21,arabian_sea,Arabian Sea (open),1,0,1.0,0.7111250849101136,0.7111250849101136,1,6.0,-0.540061724867322,False
2018-04-21,bab_el_mandeb,Bab-el-Mandeb,112,423,100.0,72.62255731565398,63.42024143161612,11,451.0,0.16393718057695472,False
2018-04-21,southern_red_sea,Southern Red Sea,224,604,207.0,157.26099717304226,144.76021501391605,17,999.0,-0.1724423843680267,False
2018-04-21,gulf_of_aden,Gulf of Aden,213,606,196.0,125.27597634580404,114.91143675025776,16,922.0,-0.0634040892499472,False
2018-04-28,black_sea,Black Sea,48,0,2.0,34.82478219014694,1.302980478905957,9,121.0,3.021851686513177,True
2018-04-28,gulf_of_oman,Gulf of Oman,3,0,1.0,0.8568824597606599,0.26869521049402056,2,12.0,0.3535533905932738,False
2018-04-28,bosphorus,Turkish Straits (Bosphorus-Dardanelles),41,0,1.0,30.532148908061583,1.0,6,102.0,2.7453460697313017,True
2018-04-28,eastern_med,Eastern Mediterranean,507,320,343.0,392.35478446416596,246.483075825207,32,2289.0,-1.6442603799244337,False
2018-04-28,suez_canal,Suez Canal & Gulf of Suez,171,12,51.0,108.29563005567528,19.585359523338187,14,802.0,-0.6336893092137678,False
2018-04-28,southern_red_sea,Southern Red Sea,202,454,182.0,150.7572353805705,135.90746919984318,17,963.0,-1.5186863249868205,False
2018-04-28,gulf_of_aden,Gulf of Aden,200,443,171.0,101.97326487094799,87.35383580607576,18,903.0,-1.0575788544226372,False
2018-04-28,hormuz,Strait of Hormuz,5,0,0.0,1.8370561280949502,0.0,3,24.0,-0.0560017920860206,False
2018-04-28,persian_gulf,Persian Gulf,61,0,2.0,52.33213667832066,1.5271937547533798,13,305.0,-1.1012499857246822,False
2018-04-28,bab_el_mandeb,Bab-el-Mandeb,83,251,73.0,53.35398042278913,45.61102637498708,11,415.0,-2.394146011220387,False
2018-04-28,somali_basin,Somali Basin / Horn approaches,46,139,35.0,14.922220909908413,10.232916241582446,6,212.0,-0.2802741799740026,False
2018-05-05,southern_red_sea,Southern Red Sea,244,755,217.0,183.72843892914915,166.5318307619562,15,964.0,0.2426543421623875,False
2018-05-05,bosphorus,Turkish Straits (Bosphorus-Dardanelles),23,0,0.0,14.902764946481168,0.0,4,108.0,0.09351281267836588,False
2018-05-05,gulf_of_oman,Gulf of Oman,6,3,3.0,1.7137649195213198,0.8060856314820617,2,15.0,2.4748737341529163,True
2018-05-05,hormuz,Strait of Hormuz,14,0,0.0,4.7022889165624004,0.0,3,30.0,4.174977764077785,True
2018-05-05,black_sea,Black Sea,27,0,5.0,16.494077887793516,1.607331762763386,6,129.0,-0.012216423490511994,False
2018-05-05,persian_gulf,Persian Gulf,102,2,2.0,72.79900782743346,0.6440092452331436,16,310.0,1.0759521136884425,False
2018-05-05,gulf_of_aden,Gulf of Aden,226,749,190.0,124.41265101630894,101.35178000761064,15,905.0,0.16829516582445117,False
2018-05-05,eastern_med,Eastern Mediterranean,443,439,268.0,382.40186897084806,220.88073923927038,31,2154.0,-2.006388798352319,False
2018-05-05,suez_canal,Suez Canal & Gulf of Suez,198,32,63.0,127.95051971187586,30.021784664932206,15,772.0,-0.11506021964889772,False
2018-05-05,northern_red_sea,Northern & Central Red Sea,4,1,4.0,1.9824562329328141,1.9824562329328141,1,10.0,3.315805364823347,True
2018-05-05,bab_el_mandeb,Bab-el-Mandeb,121,610,97.0,62.344250445825736,48.717179395671664,10,437.0,0.6488395133047156,False
2018-05-05,somali_basin,Somali Basin / Horn approaches,38,259,24.0,13.471808589889935,7.853018838179905,5,204.0,-0.9681504777333809,False
2018-05-12,gulf_of_oman,Gulf of Oman,2,0,0.0,0.5373904209880411,0.0,1,14.0,-0.6514608181654445,False
2018-05-12,somali_basin,Somali Basin / Horn approaches,37,64,26.0,12.011711541242265,7.987684151744533,7,177.0,-1.0614661864305743,False
2018-05-12,southern_red_sea,Southern Red Sea,198,390,164.0,147.2142783106784,121.22095902069242,15,868.0,-1.6036097412510095,False
2018-05-12,suez_canal,Suez Canal & Gulf of Suez,285,103,61.0,189.6818823421412,36.96765682539132,16,850.0,5.252023156900401,True
2018-05-12,gulf_of_aden,Gulf of Aden,182,370,147.0,91.50156850413896,72.95390851353909,17,821.0,-2.1861340929046142,False
2018-05-12,bosphorus,Turkish Straits (Bosphorus-Dardanelles),43,0,0.0,25.77368935041323,0.0,17,134.0,2.205449890959001,True
2018-05-12,black_sea,Black Sea,61,2,3.0,36.46939376482254,0.8763613737265332,33,166.0,3.334303806016408,True
2018-05-12,persian_gulf,Persian Gulf,97,3,2.0,80.4352496001845,0.7648404277853535,16,340.0,1.0823792747305314,False
2018-05-12,bab_el_mandeb,Bab-el-Mandeb,80,181,62.0,48.797051409344775,36.78311792699862,11,396.0,-1.8701910656553238,False
2018-05-12,eastern_med,Eastern Mediterranean,513,366,227.0,440.9425465259192,181.99884915510972,46,2065.0,-0.7462831417702065,False
2018-05-12,hormuz,Strait of Hormuz,9,2,0.0,1.803742733097992,0.0,2,33.0,0.744526273362968,False
2018-05-19,bab_el_mandeb,Bab-el-Mandeb,71,274,63.0,45.76105408004811,41.20371006113588,10,355.0,-2.0248650049077845,False
2018-05-19,eastern_med,Eastern Mediterranean,347,158,207.0,292.36821988844616,160.92736961936436,30,1810.0,-3.2428997716626333,False
2018-05-19,india_west_coast,India West Coast corridor,1,0,1.0,1.0,1.0,1,5.0,-0.35355339059327373,False
2018-05-19,hormuz,Strait of Hormuz,11,0,0.0,2.445244751469275,0.0,2,39.0,1.1468147405225289,False
2018-05-19,persian_gulf,Persian Gulf,91,0,1.0,73.85215904792237,0.9263508622335018,15,351.0,0.5165136179884963,False
2018-05-19,arabian_sea,Arabian Sea (open),1,0,1.0,0.7111250849101136,0.7111250849101136,1,6.0,-0.540061724867322,False
2018-05-19,black_sea,Black Sea,30,22,10.0,16.473707105806298,3.636714819210412,9,166.0,-0.08118399235466833,False
2018-05-19,bosphorus,Turkish Straits (Bosphorus-Dardanelles),20,0,1.0,12.525341312423187,0.26896102971462843,3,127.0,-0.4113253429599387,False
2018-05-19,southern_red_sea,Southern Red Sea,157,447,144.0,119.41237196484708,108.56084001223958,15,801.0,-2.5721380578563866,False
2018-05-19,gulf_of_oman,Gulf of Oman,3,2,2.0,0.8060856314820617,0.5373904209880411,1,14.0,-0.15811388300841897,False
2018-05-19,northern_red_sea,Northern & Central Red Sea,2,0,2.0,0.9912281164664071,0.9912281164664071,1,11.0,-0.12613124477737822,False
2018-05-19,gulf_of_aden,Gulf of Aden,142,438,129.0,74.1172632126648,67.93742080186303,14,750.0,-3.1752610337073253,False
2018-05-19,somali_basin,Somali Basin / Horn approaches,35,169,33.0,10.889407409313526,10.07750005327539,5,156.0,-1.0361132762793253,False
2018-05-19,suez_canal,Suez Canal & Gulf of Suez,146,7,42.0,83.62888383523008,17.759814543924456,16,800.0,-1.9338336872353843,False
2018-05-26,gulf_of_oman,Gulf of Oman,7,3,3.0,1.9316633017367422,0.8060856314820617,2,18.0,2.673169155390907,True
2018-05-26,black_sea,Black Sea,32,3,2.0,20.85089016015545,1.1439769585368063,7,150.0,-0.07060987881135954,False
2018-05-26,hormuz,Strait of Hormuz,6,0,0.0,1.966686605003042,0.0,2,40.0,-0.5657932053493683,False
2018-05-26,gulf_of_aden,Gulf of Aden,224,649,185.0,116.58870362871463,94.88542362301115,18,774.0,0.41425356290829785,False
2018-05-26,somali_basin,Somali Basin / Horn approaches,61,162,49.0,17.840797542808136,14.068113505531606,6,171.0,1.5513557882396858,False
2018-05-26,eastern_med,Eastern Mediterranean,444,202,264.0,393.3480789553486,226.26250985107475,34,1747.0,-0.8727615204464493,False
2018-05-26,bosphorus,Turkish Straits (Bosphorus-Dardanelles),30,0,0.0,18.87014646099633,0.0,5,116.0,0.4012036314824441,False
2018-05-26,southern_red_sea,Southern Red Sea,235,696,200.0,186.80640819418187,156.9666631424164,19,834.0,0.246739038399073,False
2018-05-26,persian_gulf,Persian Gulf,56,0,0.0,46.744622651759684,0.0,13,346.0,-1.9880445680408956,False
2018-05-26,northern_red_sea,Northern & Central Red Sea,2,1,2.0,1.4956140582332036,1.4956140582332036,2,11.0,-0.12613124477737822,False
2018-05-26,bab_el_mandeb,Bab-el-Mandeb,118,480,91.0,78.91351723670454,60.87632309655585,12,390.0,0.8455330895917941,False
2018-05-26,suez_canal,Suez Canal & Gulf of Suez,275,55,121.0,166.60256262601573,79.47230878356461,21,904.0,1.7073270857942708,False
2018-06-02,bab_el_mandeb,Bab-el-Mandeb,103,454,88.0,64.26007455548758,54.06521409614248,9,372.0,0.11713229988563105,False
2018-06-02,persian_gulf,Persian Gulf,60,0,1.0,53.32027957681498,1.0,11,304.0,-1.185964938780993,False
2018-06-02,northern_red_sea,Northern & Central Red Sea,2,0,2.0,1.4956140582332036,1.4956140582332036,2,10.0,-0.12613124477737822,False
2018-06-02,somali_basin,Somali Basin / Horn approaches,39,148,32.0,11.38498707231681,9.381567336981046,4,172.0,-0.7884718183395741,False
2018-06-02,black_sea,Black Sea,56,13,6.0,34.9728584007861,1.7829913059811824,12,179.0,1.602182558348513,False
2018-06-02,gulf_of_oman,Gulf of Oman,1,0,0.0,0.3194920387726188,0.0,1,13.0,-1.569142855933003,False
2018-06-02,hormuz,Strait of Hormuz,2,0,0.0,1.1933373210006084,0.0,2,28.0,-1.8708286933869716,False
2018-06-02,bosphorus,Turkish Straits (Bosphorus-Dardanelles),46,0,0.0,31.379860920659006,0.0,6,139.0,1.8417538385814838,False
2018-06-02,suez_canal,Suez Canal & Gulf of Suez,259,57,96.0,141.7099810230131,52.21050592083347,18,965.0,0.9552745353495654,False
2018-06-02,gulf_of_aden,Gulf of Aden,171,694,150.0,89.21500466184361,76.35764722363157,15,719.0,-1.059690294730612,False
2018-06-02,eastern_med,Eastern Mediterranean,455,339,247.0,385.4813897794579,203.7400159650612,38,1759.0,-0.5497964093952089,False
2018-06-02,southern_red_sea,Southern Red Sea,182,740,162.0,140.15431371772564,128.14626237567313,16,772.0,-1.0549470725909913,False
2018-06-09,eastern_med,Eastern Mediterranean,346,277,250.0,288.938138801713,201.6951864607253,35,1592.0,-1.6622086873283903,False
2018-06-09,southern_red_sea,Southern Red Sea,231,813,196.0,176.4942572535521,152.81487824628863,15,805.0,0.33207177011113437,False
2018-06-09,black_sea,Black Sea,37,3,3.0,22.93862920345849,1.1075284380514723,8,155.0,-0.10487422634734944,False
2018-06-09,hormuz,Strait of Hormuz,3,0,0.0,1.3866746420012168,0.0,2,22.0,-1.1052684549411167,False
2018-06-09,northern_red_sea,Northern & Central Red Sea,1,0,1.0,0.49561405823320354,0.49561405823320354,1,7.0,-1.410190187044415,False
2018-06-09,bab_el_mandeb,Bab-el-Mandeb,133,548,107.0,83.42303043076926,61.36376438438627,10,425.0,1.5717657078605596,False
2018-06-09,gulf_of_oman,Gulf of Oman,1,0,0.0,0.3194920387726188,0.0,1,12.0,-1.25,False
2018-06-09,somali_basin,Somali Basin / Horn approaches,54,200,34.0,15.988066809008778,10.27640634662373,5,189.0,0.5989879889268737,False
2018-06-09,bosphorus,Turkish Straits (Bosphorus-Dardanelles),34,0,1.0,20.818722046530784,0.26896102971462843,5,130.0,0.28081532339664184,False
2018-06-09,persian_gulf,Persian Gulf,59,0,1.0,48.87895486644564,0.4151035358480323,12,266.0,-0.9759441939718432,False
2018-06-09,suez_canal,Suez Canal & Gulf of Suez,138,16,64.0,75.79581514044182,29.973946060266154,14,818.0,-1.5686285500439807,False
2018-06-09,gulf_of_aden,Gulf of Aden,219,796,180.0,119.5650994253887,96.76138797056957,16,756.0,0.41845262477275386,False
2018-06-16,arabian_sea,Arabian Sea (open),1,3,1.0,0.7111250849101136,0.7111250849101136,1,5.0,-0.540061724867322,False
2018-06-16,northern_red_sea,Northern & Central Red Sea,1,0,1.0,0.49561405823320354,0.49561405823320354,1,6.0,-1.135181202996404,False
2018-06-16,hormuz,Strait of Hormuz,5,0,0.0,1.285220825465625,0.0,1,16.0,-0.45499332681347654,False
2018-06-16,bosphorus,Turkish Straits (Bosphorus-Dardanelles),27,0,3.0,20.492899748632848,3.0,8,137.0,-0.6236095644623162,False
2018-06-16,southern_red_sea,Southern Red Sea,243,852,209.0,197.10808286486642,171.7173156211948,15,891.0,1.137056423411578,False
2018-06-16,persian_gulf,Persian Gulf,46,0,0.0,39.934390240463514,0.0,10,221.0,-1.5656345907050775,False
2018-06-16,black_sea,Black Sea,30,0,5.0,21.025781973931412,3.571178190779207,11,155.0,-0.7723849492450043,False
2018-06-16,india_west_coast,India West Coast corridor,1,3,1.0,1.0,1.0,1,5.0,-0.35355339059327373,False
2018-06-16,gulf_of_oman,Gulf of Oman,2,0,0.0,0.5373904209880411,0.0,1,11.0,-0.5713952548922968,False
2018-06-16,bab_el_mandeb,Bab-el-Mandeb,134,585,107.0,71.46639716222857,57.25829243874274,8,488.0,1.4067799391389837,False
2018-06-16,gulf_of_aden,Gulf of Aden,232,837,198.0,118.20457354172207,96.98334680310745,14,846.0,1.1676195592129972,False
2018-06-16,somali_basin,Somali Basin / Horn approaches,28,90,24.0,8.036806996910123,6.9479729732774755,3,182.0,-1.7705790715910468,False
2018-06-16,suez_canal,Suez Canal & Gulf of Suez,284,107,181.0,147.7498495716396,79.30636377160319,14,956.0,1.3065602814160828,False
2018-06-16,eastern_med,Eastern Mediterranean,451,275,321.0,397.51937505153427,277.5218190601391,30,1696.0,-0.07144284332658786,False
2018-06-23,hormuz,Strait of Hormuz,5,0,0.0,2.5800119630018252,0.0,2,15.0,-0.45499332681347654,False
2018-06-23,gulf_of_aden,Gulf of Aden,224,738,193.0,109.96183974729675,85.75661016523402,17,846.0,0.7658387124954411,False
2018-06-23,eastern_med,Eastern Mediterranean,539,451,365.0,482.319218879718,318.26567240068204,31,1791.0,1.603062421914904,False
2018-06-23,bab_el_mandeb,Bab-el-Mandeb,110,506,83.0,55.968851632974655,43.78552678158926,11,480.0,0.18621974357143495,False
2018-06-23,persian_gulf,Persian Gulf,58,2,2.0,48.88322181537679,0.500405257431068,13,223.0,-0.6265288992045461,False
2018-06-23,black_sea,Black Sea,34,3,3.0,22.14842838188267,1.1325768817449338,7,157.0,-0.4672452162099409,False
2018-06-23,suez_canal,Suez Canal & Gulf of Suez,357,271,220.0,157.19166458661618,77.71223596548882,11,1038.0,2.176009625228633,True
2018-06-23,gulf_of_oman,Gulf of Oman,4,6,1.0,1.1763744985332787,0.26869521049402056,2,8.0,0.39201254460214413,False
2018-06-23,bosphorus,Turkish Straits (Bosphorus-Dardanelles),30,1,1.0,19.406448896185232,0.2159169910087287,5,137.0,-0.3118047822311581,False
2018-06-23,southern_red_sea,Southern Red Sea,238,766,209.0,188.6462468629557,170.1894463373342,16,894.0,0.8324330255555242,False
2018-06-23,somali_basin,Somali Basin / Horn approaches,29,107,21.0,9.688812582460859,6.925115627619059,6,150.0,-1.2275887947220097,False
2018-06-30,suez_canal,Suez Canal & Gulf of Suez,247,222,127.0,112.96295724195629,41.71448965957463,10,1026.0,0.05609648975177423,False
2018-06-30,southern_red_sea,Southern Red Sea,258,619,227.0,195.4236842000855,173.42343093648898,16,970.0,1.2793738526838327,False
2018-06-30,persian_gulf,Persian Gulf,44,0,0.0,35.85882269486634,0.0,9,207.0,-1.2453530894434022,False
2018-06-30,bab_el_mandeb,Bab-el-Mandeb,136,426,111.0,82.53353596244231,66.70039610793728,10,513.0,1.1777272013956672,False
2018-06-30,gulf_of_aden,Gulf of Aden,249,600,214.0,132.818796818031,111.45735535185707,16,924.0,1.4027566464103354,False
2018-06-30,eastern_med,Eastern Mediterranean,482,394,328.0,410.8432729940422,272.1623845556745,29,1818.0,0.5794128218313993,False
2018-06-30,black_sea,Black Sea,38,4,3.0,26.509904043382107,1.446957437442763,13,139.0,-0.02920793851691982,False
2018-06-30,somali_basin,Somali Basin / Horn approaches,55,106,44.0,17.194077472326555,13.550685573651544,5,166.0,1.2830395088593358,False
2018-06-30,hormuz,Strait of Hormuz,3,0,0.0,0.7074256511868584,0.0,2,16.0,-0.9403195420811848,False
2018-06-30,bosphorus,Turkish Straits (Bosphorus-Dardanelles),34,0,0.0,23.286502508317223,0.0,10,125.0,0.26139403979560133,False
2018-06-30,northern_red_sea,Northern & Central Red Sea,1,0,1.0,0.49561405823320354,0.49561405823320354,1,5.0,-1.135181202996404,False
2018-07-07,black_sea,Black Sea,36,2,5.0,23.489526694347497,2.9277031128628273,10,138.0,-0.31226774430087234,False
2018-07-07,somali_basin,Somali Basin / Horn approaches,33,140,26.0,10.38799076930748,8.548176519403015,5,145.0,-0.7307875060212468,False
2018-07-07,hormuz,Strait of Hormuz,3,1,0.0,0.7074256511868584,0.0,2,16.0,-0.8021111848996852,False
2018-07-07,southern_red_sea,Southern Red Sea,212,740,184.0,152.96825451817253,130.8663720543513,18,951.0,-0.1650137658326999,False
2018-07-07,gulf_of_aden,Gulf of Aden,207,728,178.0,114.97511472684829,98.53642854505422,18,912.0,0.044736639930127574,False
2018-07-07,northern_red_sea,Northern & Central Red Sea,2,4,1.0,0.9100969436626497,0.41448288542944617,2,5.0,0.0,False
2018-07-07,eastern_med,Eastern Mediterranean,443,434,292.0,373.05180139840485,234.84673904903502,31,1915.0,-0.05889863603402537,False
2018-07-07,suez_canal,Suez Canal & Gulf of Suez,181,105,62.0,90.86439304693768,26.35807776796851,11,1069.0,-0.9225047758160505,False
2018-07-07,bosphorus,Turkish Straits (Bosphorus-Dardanelles),32,0,0.0,22.445446829657566,0.0,7,123.0,-0.11903797917399941,False
2018-07-07,bab_el_mandeb,Bab-el-Mandeb,116,471,99.0,61.997681638388,51.56159050249489,12,496.0,0.21656806063606157,False
2018-07-07,persian_gulf,Persian Gulf,79,6,0.0,66.26328315045903,0.0,13,227.0,0.7725812858023214,False
2018-07-14,eastern_med,Eastern Mediterranean,459,503,270.0,410.3722472342417,230.7356063123086,33,1923.0,0.3182513358522447,False
2018-07-14,southern_red_sea,Southern Red Sea,232,707,204.0,172.65796458461648,153.28533853437276,16,940.0,0.36705784414853926,False
2018-07-14,northern_red_sea,Northern & Central Red Sea,1,0,1.0,0.49561405823320354,0.49561405823320354,1,5.0,-0.8829187134416475,False
2018-07-14,persian_gulf,Persian Gulf,62,5,1.0,46.66133651484991,0.2289057093851113,14,243.0,0.023556934869937773,False
2018-07-14,hormuz,Strait of Hormuz,2,0,0.0,0.38667464200121676,0.0,1,13.0,-0.9595062135875122,False
2018-07-14,black_sea,Black Sea,34,7,4.0,25.12916654306902,1.990770626370625,7,142.0,-0.3125142365777526,False
2018-07-14,somali_basin,Somali Basin / Horn approaches,30,88,25.0,10.011672788898156,8.70822770348741,6,147.0,-0.9059545879893414,False
2018-07-14,bosphorus,Turkish Straits (Bosphorus-Dardanelles),29,0,0.0,21.38364881603262,0.0,3,125.0,-0.3563345810644594,False
2018-07-14,bab_el_mandeb,Bab-el-Mandeb,100,289,86.0,54.71618201156362,46.56471334876322,10,462.0,-0.7029319167548889,False
2018-07-14,suez_canal,Suez Canal & Gulf of Suez,273,312,132.0,150.99371352843394,78.29826845844073,13,1058.0,0.49207267367093344,False
2018-07-14,gulf_of_aden,Gulf of Aden,222,681,195.0,110.33532371491594,93.76109112472743,15,902.0,0.38484013186702176,False
2018-07-21,hormuz,Strait of Hormuz,2,0,1.0,0.5420568132058655,0.3487194922052571,2,10.0,-1.0790598124015938,False
2018-07-21,bosphorus,Turkish Straits (Bosphorus-Dardanelles),19,0,0.0,12.704034260212794,0.0,3,114.0,-2.340955459586484,False
2018-07-21,somali_basin,Somali Basin / Horn approaches,46,97,38.0,16.590518304084533,13.943514859828287,6,164.0,0.3623737723171266,False
2018-07-21,eastern_med,Eastern Mediterranean,429,793,258.0,379.60257979408135,216.7799266412863,34,1813.0,-0.43831687080806836,False
2018-07-21,arabian_sea,Arabian Sea (open),2,0,2.0,1.4222501698202272,1.4222501698202272,1,5.0,1.620185174601966,False
2018-07-21,bab_el_mandeb,Bab-el-Mandeb,119,372,102.0,67.42418568150761,56.62054270085259,12,471.0,0.01756820922315764,False
2018-07-21,black_sea,Black Sea,28,7,5.0,16.198361109845223,1.493317776793393,8,136.0,-1.1319724545290417,False
2018-07-21,southern_red_sea,Southern Red Sea,204,511,183.0,151.23983519880463,135.8617902315828,17,906.0,-1.087132617490872,False
2018-07-21,persian_gulf,Persian Gulf,59,1,3.0,48.30739985206116,2.2714995480459566,12,244.0,0.09319261517723984,False
2018-07-21,suez_canal,Suez Canal & Gulf of Suez,233,372,99.0,126.27265251200501,53.58514239815186,14,934.0,-0.2811669174093527,False
2018-07-21,india_west_coast,India West Coast corridor,2,0,2.0,2.0,2.0,1,5.0,2.4748737341529163,True
2018-07-21,gulf_of_aden,Gulf of Aden,199,496,179.0,111.18379797904105,97.28999273450029,18,877.0,-0.862991180302769,False
2018-07-28,suez_canal,Suez Canal & Gulf of Suez,218,201,54.0,114.89435950159663,25.034880696635383,14,905.0,-0.43021274715249896,False
2018-07-28,black_sea,Black Sea,28,7,3.0,18.031466242573284,0.8480900504676231,8,126.0,-1.0105929508374594,False
2018-07-28,eastern_med,Eastern Mediterranean,465,603,270.0,392.83322391574166,209.14973994242783,24,1796.0,0.2688876163127035,False
2018-07-28,southern_red_sea,Southern Red Sea,239,658,210.0,174.40187590486252,155.13121587700823,17,887.0,0.5766501958520018,False
2018-07-28,gulf_of_aden,Gulf of Aden,232,651,203.0,125.92489940013729,109.64380854321846,17,860.0,0.7092724510984632,False
2018-07-28,bosphorus,Turkish Straits (Bosphorus-Dardanelles),25,0,0.0,16.609319196928013,0.0,5,105.0,-0.8351522696581406,False
2018-07-28,persian_gulf,Persian Gulf,59,0,0.0,42.45094416973293,0.0,12,259.0,0.05839500507152268,False
2018-07-28,bab_el_mandeb,Bab-el-Mandeb,129,371,113.0,67.8748801051643,59.071992807073215,12,464.0,0.711669384439238,False
2018-07-28,hormuz,Strait of Hormuz,3,0,0.0,0.6437188070943418,0.0,2,10.0,-0.10028694463571955,False
2018-07-28,somali_basin,Somali Basin / Horn approaches,39,36,33.0,13.869493776426701,11.248084106806136,6,148.0,-0.022457131752977814,False
2018-08-04,hormuz,Strait of Hormuz,9,0,0.0,3.5444817792818086,0.0,3,16.0,4.935771682853992,True
2018-08-04,gulf_of_aden,Gulf of Aden,221,549,190.0,119.78328701404195,95.14396104394693,16,874.0,-0.12879315868911242,False
2018-08-04,northern_red_sea,Northern & Central Red Sea,2,0,2.0,0.9912281164664071,0.9912281164664071,1,6.0,0.9354143466934846,False
2018-08-04,persian_gulf,Persian Gulf,48,0,0.0,39.89766882793347,0.0,13,228.0,-0.959099470791109,False
2018-08-04,black_sea,Black Sea,28,7,5.0,16.793874564255358,1.9594994413684526,9,118.0,-1.287733735528621,False
2018-08-04,suez_canal,Suez Canal & Gulf of Suez,179,40,66.0,124.46767100215176,52.36807045374513,14,903.0,-0.9348026102536346,False
2018-08-04,bab_el_mandeb,Bab-el-Mandeb,121,277,95.0,73.30696016396547,56.68965757865681,10,469.0,-0.08654303388208537,False
2018-08-04,eastern_med,Eastern Mediterranean,477,265,310.0,389.7968461832611,237.24546821592037,32,1830.0,0.4662071300136718,False
2018-08-04,gulf_of_oman,Gulf of Oman,2,0,0.0,0.6389840775452376,0.0,1,9.0,-0.5550662947336072,False
2018-08-04,bosphorus,Turkish Straits (Bosphorus-Dardanelles),21,0,0.0,11.5948952338615,0.0,4,94.0,-1.5304477106343324,False
2018-08-04,somali_basin,Somali Basin / Horn approaches,57,59,38.0,20.828611517843953,11.376804398039912,5,172.0,1.594456354461425,False
2018-08-04,southern_red_sea,Southern Red Sea,229,554,199.0,171.07706798570413,154.35225654221665,16,904.0,-0.18186198856492802,False
2018-08-11,gulf_of_oman,Gulf of Oman,1,0,0.0,0.26869521049402056,0.0,1,9.0,-0.8829187134416477,False
2018-08-11,bosphorus,Turkish Straits (Bosphorus-Dardanelles),20,0,0.0,12.289167058424281,0.0,5,85.0,-1.3644554603722794,False
2018-08-11,northern_red_sea,Northern & Central Red Sea,2,0,2.0,0.9100969436626497,0.9100969436626497,2,7.0,0.9354143466934846,False
2018-08-11,gulf_of_aden,Gulf of Aden,225,726,172.0,110.74775600287037,81.93853153819134,15,877.0,0.11311360728396268,False
2018-08-11,somali_basin,Somali Basin / Horn approaches,50,104,34.0,17.264550877228587,11.208044779683775,5,192.0,0.8841516613627399,False
2018-08-11,persian_gulf,Persian Gulf,49,3,2.0,43.12714267439372,1.4151035358480324,10,215.0,-0.698842384106092,False
2018-08-11,bab_el_mandeb,Bab-el-Mandeb,103,352,78.0,65.25399852984775,48.470910880694206,9,472.0,-1.4405336450055342,False
2018-08-11,suez_canal,Suez Canal & Gulf of Suez,129,11,24.0,85.17553497790239,15.809649158319191,14,759.0,-2.00003880343152,False
2018-08-11,black_sea,Black Sea,33,32,11.0,17.332968637263424,3.4406615767414896,11,117.0,0.24999999999996675,False
2018-08-11,southern_red_sea,Southern Red Sea,233,735,182.0,178.88511637592117,140.22721898720505,15,905.0,0.0653439785463129,False
2018-08-11,eastern_med,Eastern Mediterranean,366,284,194.0,298.80405668026214,142.8877257922182,37,1737.0,-3.051008678032425,False
2018-08-18,suez_canal,Suez Canal & Gulf of Suez,73,4,11.0,46.90895049283297,6.170808901639456,10,599.0,-2.226031750641473,False
2018-08-18,somali_basin,Somali Basin / Horn approaches,21,69,15.0,7.659756429703329,5.39529676812738,6,167.0,-1.9108829180443057,False
2018-08-18,eastern_med,Eastern Mediterranean,221,192,123.0,183.26155017755084,95.99691482041305,22,1529.0,-4.788363283291197,False
2018-08-18,bab_el_mandeb,Bab-el-Mandeb,83,478,63.0,39.94610347629467,30.09172794868973,11,436.0,-2.7432937664428545,False
2018-08-18,black_sea,Black Sea,20,8,6.0,10.155769970778469,2.1007931357836287,8,109.0,-3.152345592514222,False
2018-08-18,bosphorus,Turkish Straits (Bosphorus-Dardanelles),13,0,0.0,6.562341763822225,0.0,3,79.0,-2.2843857509236494,False
2018-08-18,southern_red_sea,Southern Red Sea,180,805,150.0,132.9184703122876,112.91952155387293,16,881.0,-3.041075365316891,False
2018-08-18,persian_gulf,Persian Gulf,33,1,1.0,23.602726025245435,1.0,9,189.0,-2.2249980575234476,False
2018-08-18,gulf_of_aden,Gulf of Aden,169,784,137.0,90.00401708571569,70.28622418872784,18,847.0,-3.5349841620253253,False
2018-08-25,suez_canal,Suez Canal & Gulf of Suez,136,1,9.0,92.07795208365839,5.602769437294217,12,517.0,-0.8446071430222307,False
2018-08-25,india_west_coast,India West Coast corridor,1,0,1.0,1.0,1.0,1,5.0,-0.5400617248673217,False
2018-08-25,black_sea,Black Sea,25,3,4.0,12.660092378748393,1.4459064049830264,7,106.0,-0.973149685297454,False
2018-08-25,bosphorus,Turkish Straits (Bosphorus-Dardanelles),15,0,0.0,8.704034260212794,0.0,3,69.0,-1.2708769258745711,False
2018-08-25,arabian_sea,Arabian Sea (open),1,0,1.0,0.7111250849101136,0.7111250849101136,1,5.0,-0.7245688373094722,False
2018-08-25,gulf_of_oman,Gulf of Oman,3,4,1.0,0.8060856314820617,0.26869521049402056,1,10.0,0.18152077235120798,False
2018-08-25,somali_basin,Somali Basin / Horn approaches,51,138,32.0,16.53029890041253,9.80880772782816,6,179.0,0.7522828063622987,False
2018-08-25,bab_el_mandeb,Bab-el-Mandeb,106,327,78.0,66.29304215363335,46.97887108374357,12,413.0,-0.4297143711113439,False
2018-08-25,gulf_of_aden,Gulf of Aden,216,617,181.0,114.24670890669425,87.7851049778841,18,831.0,0.02075115023849224,False
2018-08-25,southern_red_sea,Southern Red Sea,227,618,192.0,170.6779202435382,149.67234646662337,17,869.0,0.15111898875821586,False
2018-08-25,persian_gulf,Persian Gulf,45,0,0.0,33.92141938179333,0.0,8,175.0,-0.6593070904142413,False
2018-08-25,eastern_med,Eastern Mediterranean,334,121,126.0,278.2029884956721,88.36446752871417,30,1398.0,-0.9559685453476948,False
2018-09-01,eastern_med,Eastern Mediterranean,547,252,276.0,447.00497851682684,209.9737055144207,34,1468.0,1.6841815830445634,False
2018-09-01,bab_el_mandeb,Bab-el-Mandeb,135,278,93.0,85.24520849892934,59.56967059938927,11,427.0,1.7381564035737553,False
2018-09-01,suez_canal,Suez Canal & Gulf of Suez,137,4,17.0,94.44622908269592,13.860904198851616,10,475.0,-0.6347569837039813,False
2018-09-01,southern_red_sea,Southern Red Sea,246,499,197.0,184.6242400264568,152.11955708574027,17,886.0,1.3438501171629886,False
2018-09-01,arabian_sea,Arabian Sea (open),1,0,1.0,0.7111250849101136,0.7111250849101136,1,5.0,-0.7245688373094722,False
2018-09-01,india_west_coast,India West Coast corridor,1,0,1.0,1.0,1.0,1,5.0,-0.5400617248673217,False
2018-09-01,persian_gulf,Persian Gulf,54,38,2.0,49.09448068471774,2.0,7,181.0,-0.018195141817906782,False
2018-09-01,somali_basin,Somali Basin / Horn approaches,67,132,37.0,22.598072755155854,10.340988986989458,7,189.0,2.1322090822332664,True
2018-09-01,bosphorus,Turkish Straits (Bosphorus-Dardanelles),30,0,3.0,19.931722685255764,1.664722468569285,9,78.0,1.2570695607630198,False
2018-09-01,northern_red_sea,Northern & Central Red Sea,2,0,2.0,0.9912281164664071,0.9912281164664071,1,7.0,0.9354143466934846,False
2018-09-01,gulf_of_oman,Gulf of Oman,1,0,0.0,0.26869521049402056,0.0,1,7.0,-0.7865900135219013,False
2018-09-01,gulf_of_aden,Gulf of Aden,260,478,178.0,136.53310169738157,87.86685065459714,19,870.0,2.4287033650982544,True
2018-09-01,black_sea,Black Sea,41,2,5.0,26.548041600514573,3.2355986493426814,16,119.0,2.3033156878495604,True
2018-09-08,eastern_med,Eastern Mediterranean,521,232,263.0,409.8021085854633,192.81909933485744,28,1623.0,1.0690464088763039,False
2018-09-08,bab_el_mandeb,Bab-el-Mandeb,142,479,128.0,82.73564450741513,74.61172362794994,11,466.0,1.7530461293723316,False
2018-09-08,gulf_of_oman,Gulf of Oman,2,0,0.0,0.5881872492666393,0.0,2,7.0,0.11101325894672145,False
2018-09-08,suez_canal,Suez Canal & Gulf of Suez,130,6,17.0,97.81674179969534,14.935534146605152,12,476.0,-0.6426273607714112,False
2018-09-08,gulf_of_aden,Gulf of Aden,258,805,231.0,134.6836295500695,119.90595763721055,18,903.0,1.5275252316519532,False
2018-09-08,somali_basin,Somali Basin / Horn approaches,53,95,46.0,16.405941937286357,13.267909526131408,7,192.0,0.5332094531391067,False
2018-09-08,black_sea,Black Sea,34,6,5.0,21.506573252849535,2.7746903409574917,9,120.0,0.6894436846001147,False
2018-09-08,northern_red_sea,Northern & Central Red Sea,1,0,1.0,0.49561405823320354,0.49561405823320354,1,7.0,-0.9354143466934846,False
2018-09-08,bosphorus,Turkish Straits (Bosphorus-Dardanelles),30,1,1.0,18.91735719977856,1.0,5,88.0,1.3840952629676835,False
2018-09-08,hormuz,Strait of Hormuz,1,0,0.0,1.0,0.0,1,15.0,-1.2875926129184294,False
2018-09-08,southern_red_sea,Southern Red Sea,259,798,236.0,203.4559434988583,184.5031111372433,17,912.0,1.6426472239285401,False
2018-09-08,persian_gulf,Persian Gulf,18,3,1.0,14.583752404085313,1.0,11,150.0,-3.489259327116896,False
2018-09-15,black_sea,Black Sea,42,4,6.0,24.89603110082485,1.848532162484743,10,142.0,1.950140707868896,False
2018-09-15,northern_red_sea,Northern & Central Red Sea,1,0,1.0,0.49561405823320354,0.49561405823320354,1,6.0,-0.9354143466934846,False
2018-09-15,southern_red_sea,Southern Red Sea,260,931,227.0,197.4851833542767,174.9002741499262,18,992.0,1.3253593549762124,False
2018-09-15,somali_basin,Somali Basin / Horn approaches,52,152,44.0,16.205408732916865,13.521558719272981,6,223.0,0.29419946130026514,False
2018-09-15,gulf_of_aden,Gulf of Aden,262,925,226.0,146.86085826712807,123.1862643159889,19,996.0,1.3248939357001535,False
2018-09-15,eastern_med,Eastern Mediterranean,434,174,181.0,352.0037558486116,137.1465052646137,35,1836.0,0.12966933948089585,False
2018-09-15,bosphorus,Turkish Straits (Bosphorus-Dardanelles),36,0,0.0,22.40667248800532,0.0,5,111.0,2.273394579041218,True
2018-09-15,bab_el_mandeb,Bab-el-Mandeb,159,577,134.0,87.12258430730812,73.31182868466101,13,542.0,2.1723671594861664,True
2018-09-15,persian_gulf,Persian Gulf,19,0,0.0,14.489049586072996,0.0,6,136.0,-1.9046510933137453,False
2018-09-15,suez_canal,Suez Canal & Gulf of Suez,147,11,29.0,107.44953981053953,21.003004397091633,12,550.0,-0.14032308682746278,False
2018-09-22,hormuz,Strait of Hormuz,1,0,0.0,0.257044165093125,0.0,1,14.0,-0.9971550440218327,False
2018-09-22,gulf_of_oman,Gulf of Oman,1,4,1.0,0.26869521049402056,0.26869521049402056,1,7.0,-0.9354143466934853,False
2018-09-22,somali_basin,Somali Basin / Horn approaches,51,69,41.0,18.064326022755598,13.371848360142675,5,223.0,0.16500969132995877,False
2018-09-22,eastern_med,Eastern Mediterranean,406,146,150.0,345.04440994045945,116.51658197289953,28,1908.0,-0.135365384657683,False
2018-09-22,persian_gulf,Persian Gulf,27,32,6.0,24.675079872185677,5.302506744338728,7,118.0,-0.8748481426054376,False
2018-09-22,southern_red_sea,Southern Red Sea,271,853,240.0,200.65226964521574,183.1179354304221,16,1036.0,1.4607336100080233,False
2018-09-22,suez_canal,Suez Canal & Gulf of Suez,184,17,32.0,129.85804048105575,23.37793762234638,13,598.0,0.9638153997301793,False
2018-09-22,bab_el_mandeb,Bab-el-Mandeb,153,519,130.0,83.75369147295567,71.70441775770092,11,589.0,1.2666477161371819,False
2018-09-22,black_sea,Black Sea,32,0,5.0,20.54398590007451,2.2958846054005644,13,149.0,0.0818776734958947,False
2018-09-22,gulf_of_aden,Gulf of Aden,274,838,235.0,150.89552854299635,123.47304053190837,17,1054.0,1.4065395057464734,False
2018-09-22,bosphorus,Turkish Straits (Bosphorus-Dardanelles),26,0,2.0,16.489399817084678,1.1671418854042523,8,122.0,0.28267325901851054,False
2018-09-29,suez_canal,Suez Canal & Gulf of Suez,166,10,19.0,118.91517133413606,14.434577602586472,16,627.0,0.7761238646904429,False
2018-09-29,somali_basin,Somali Basin / Horn approaches,68,159,50.0,21.742415365225355,15.64694632631675,6,224.0,1.3593652563947825,False
2018-09-29,bab_el_mandeb,Bab-el-Mandeb,154,440,132.0,90.51248696994922,77.39961451717741,12,608.0,1.080763789375997,False
2018-09-29,persian_gulf,Persian Gulf,23,1,1.0,20.411281763352246,1.0,7,87.0,-0.9573407786580109,False
2018-09-29,gulf_of_aden,Gulf of Aden,257,660,223.0,147.2887552572177,123.3336837696746,18,1051.0,0.6165341191663862,False
2018-09-29,bosphorus,Turkish Straits (Bosphorus-Dardanelles),38,1,4.0,26.128772824225557,2.8678392131391948,9,130.0,1.7678460680386199,False
2018-09-29,hormuz,Strait of Hormuz,2,0,0.0,1.1933373210006084,0.0,2,13.0,-0.3900947488027473,False
2018-09-29,gulf_of_oman,Gulf of Oman,2,0,0.0,0.5881872492666393,0.0,2,6.0,0.0,False
2018-09-29,black_sea,Black Sea,42,5,7.0,28.855291441550452,3.9147450124490266,11,150.0,1.3480755514093248,False
2018-09-29,eastern_med,Eastern Mediterranean,356,142,147.0,297.7137477349227,109.01634542394903,35,1717.0,-0.537140242242908,False
2018-09-29,southern_red_sea,Southern Red Sea,256,678,231.0,193.45003684460838,177.21716102867276,16,1046.0,0.6281257968863206,False
2018-10-06,bosphorus,Turkish Straits (Bosphorus-Dardanelles),39,0,0.0,24.043928802601247,0.0,8,139.0,1.4018260516446812,False
2018-10-06,persian_gulf,Persian Gulf,40,2,1.0,29.268816260481874,1.0,10,109.0,0.4602774172817932,False
2018-10-06,black_sea,Black Sea,43,5,2.0,27.983282009336524,0.5398035641369607,11,159.0,1.159169193290234,False
2018-10-06,bab_el_mandeb,Bab-el-Mandeb,133,468,109.0,72.04675210761607,59.49875895381241,12,599.0,0.12786803512989856,False
2018-10-06,gulf_of_aden,Gulf of Aden,230,637,183.0,125.56610360256484,94.92176402493313,18,1023.0,-0.2906468065370395,False
2018-10-06,suez_canal,Suez Canal & Gulf of Suez,127,11,21.0,93.55456354868556,17.791768797778275,11,624.0,-0.33162814706336585,False
2018-10-06,eastern_med,Eastern Mediterranean,333,192,142.0,273.10001928915136,104.95248909066707,34,1529.0,-0.6213344992667515,False
2018-10-06,somali_basin,Somali Basin / Horn approaches,40,159,28.0,12.607451614769335,8.049733569552405,6,211.0,-0.8083071992507104,False
2018-10-06,southern_red_sea,Southern Red Sea,230,666,193.0,178.55989794475448,151.46702649622046,17,1017.0,-0.39903349004587424,False
2018-10-06,northern_red_sea,Northern & Central Red Sea,1,10,1.0,0.49561405823320354,0.49561405823320354,1,5.0,-0.9354143466934846,False
2018-10-13,southern_red_sea,Southern Red Sea,237,890,207.0,177.67544417016762,154.03897744151374,17,994.0,-0.14241233074923165,False
2018-10-13,persian_gulf,Persian Gulf,55,0,0.0,38.88123833077384,0.0,13,145.0,1.7368097031222232,False
2018-10-13,black_sea,Black Sea,30,0,4.0,17.522651350603223,2.7195587276200626,5,147.0,-0.558741548684706,False
2018-10-13,gulf_of_oman,Gulf of Oman,2,0,1.0,0.5881872492666393,0.26869521049402056,2,7.0,0.0,False
2018-10-13,northern_red_sea,Northern & Central Red Sea,2,3,2.0,0.9912281164664071,0.9912281164664071,1,5.0,0.9354143466934846,False
2018-10-13,gulf_of_aden,Gulf of Aden,229,851,196.0,124.85052265677689,105.89752329920441,18,990.0,-0.3398919938004498,False
2018-10-13,somali_basin,Somali Basin / Horn approaches,54,151,44.0,16.97314073077374,13.689684745534418,6,213.0,0.24221515529749993,False
2018-10-13,suez_canal,Suez Canal & Gulf of Suez,187,10,33.0,123.73051287837714,25.239203913371718,14,664.0,1.523051174331354,False
2018-10-13,hormuz,Strait of Hormuz,6,0,0.0,1.966686605003042,0.0,2,10.0,1.2076147288491208,False
2018-10-13,eastern_med,Eastern Mediterranean,376,113,165.0,315.21804465695925,121.70021211381172,33,1471.0,-0.16839984427625138,False
2018-10-13,bab_el_mandeb,Bab-el-Mandeb,134,585,117.0,80.15406244359892,68.47916231310268,11,574.0,0.03330766384676624,False
2018-10-13,bosphorus,Turkish Straits (Bosphorus-Dardanelles),31,0,4.0,17.143101641882865,2.6463846637726096,6,134.0,0.2644192835791977,False
2018-10-20,persian_gulf,Persian Gulf,34,0,1.0,21.583627638982026,1.0,6,152.0,-0.07352391550074425,False
2018-10-20,suez_canal,Suez Canal & Gulf of Suez,141,18,40.0,103.92510601602045,33.59958527025809,13,621.0,-0.4463969425566545,False
2018-10-20,bab_el_mandeb,Bab-el-Mandeb,114,565,104.0,65.32249891139631,58.6390088787019,12,535.0,-1.510868349495919,False
2018-10-20,black_sea,Black Sea,21,0,1.0,14.294903223609179,0.2747091556470466,6,136.0,-2.227035775842637,False
2018-10-20,bosphorus,Turkish Straits (Bosphorus-Dardanelles),19,0,0.0,12.562341763822225,0.0,4,127.0,-1.5010044270311693,False
2018-10-20,somali_basin,Somali Basin / Horn approaches,43,124,36.0,13.490377437223247,11.263970848160465,6,205.0,-1.2612040829428084,False
2018-10-20,gulf_of_aden,Gulf of Aden,186,716,172.0,109.61804983366426,100.1727188837946,18,902.0,-3.0554693802609267,False
2018-10-20,eastern_med,Eastern Mediterranean,300,106,161.0,249.13027380981185,122.6516498274322,31,1365.0,-1.378238473505577,False
2018-10-20,southern_red_sea,Southern Red Sea,188,735,176.0,135.44134458139052,126.47556146238796,16,911.0,-3.8132693177695587,False
2018-10-27,gulf_of_oman,Gulf of Oman,2,0,0.0,1.3194920387726188,0.0,2,7.0,0.35355339059327373,False
2018-10-27,gulf_of_aden,Gulf of Aden,209,793,189.0,108.97647406497867,95.5436344555262,16,854.0,-1.2519884681490177,False
2018-10-27,hormuz,Strait of Hormuz,3,0,0.0,1.4522124471783162,0.0,3,12.0,-0.08878560065057224,False
2018-10-27,somali_basin,Somali Basin / Horn approaches,39,82,30.0,11.574414399506361,8.618355879954315,5,176.0,-1.4562545222004941,False
2018-10-27,northern_red_sea,Northern & Central Red Sea,1,10,1.0,0.49561405823320354,0.49561405823320354,1,5.0,-0.9354143466934846,False
2018-10-27,eastern_med,Eastern Mediterranean,328,142,181.0,267.0386315289061,131.74881397822438,27,1337.0,-0.9255629231862887,False
2018-10-27,persian_gulf,Persian Gulf,31,0,0.0,16.67768304654352,0.0,8,160.0,-0.1861620292800407,False
2018-10-27,southern_red_sea,Southern Red Sea,219,833,200.0,163.33858477268168,150.6750822639636,18,874.0,-0.9371163796641073,False
2018-10-27,arabian_sea,Arabian Sea (open),1,0,0.0,1.0,0.0,1,5.0,-0.7245688373094722,False
2018-10-27,bab_el_mandeb,Bab-el-Mandeb,106,370,90.0,63.24617039059045,52.10251125937509,12,487.0,-2.3458766771533712,False
2018-10-27,black_sea,Black Sea,29,3,2.0,17.595538563951248,0.5363954237464995,4,123.0,-0.8493639603083514,False
2018-10-27,suez_canal,Suez Canal & Gulf of Suez,141,11,29.0,99.33556028853621,22.549488871674583,12,596.0,-0.4804440766450792,False
2018-10-27,bosphorus,Turkish Straits (Bosphorus-Dardanelles),27,0,0.0,14.855722497929822,0.0,3,116.0,-0.6209856918333442,False
2018-11-03,gulf_of_oman,Gulf of Oman,1,0,0.0,0.26869521049402056,0.0,1,7.0,-1.0606601717798212,False
2018-11-03,bab_el_mandeb,Bab-el-Mandeb,133,857,93.0,69.94215608261517,45.205657483354344,11,487.0,-0.2022782746950476,False
2018-11-03,persian_gulf,Persian Gulf,54,0,0.0,43.776576629102564,0.0,8,174.0,1.880218900594863,False
2018-11-03,gulf_of_aden,Gulf of Aden,212,1118,159.0,119.63005853497256,85.69821406154693,16,836.0,-0.8692566485046298,False
2018-11-03,northern_red_sea,Northern & Central Red Sea,1,0,1.0,0.49561405823320354,0.49561405823320354,1,5.0,-0.9354143466934846,False
2018-11-03,black_sea,Black Sea,38,0,1.0,25.09272397941045,0.2747091556470466,9,118.0,0.49855688875714765,False
2018-11-03,suez_canal,Suez Canal & Gulf of Suez,120,18,25.0,76.2640035937572,13.28544613550701,7,589.0,-1.4082333508401237,False
2018-11-03,eastern_med,Eastern Mediterranean,323,201,170.0,252.54134516280556,119.63392878628514,32,1327.0,-0.8266861910120794,False
2018-11-03,southern_red_sea,Southern Red Sea,216,1162,164.0,167.55985074456382,128.41597687978242,17,860.0,-0.8778622909288586,False
2018-11-03,bosphorus,Turkish Straits (Bosphorus-Dardanelles),35,0,0.0,22.402235220501918,0.0,6,112.0,0.6251738552630488,False
2018-11-03,somali_basin,Somali Basin / Horn approaches,41,185,20.0,12.782999864504996,6.48297595650488,6,177.0,-0.9532333639533627,False
2018-11-10,gulf_of_oman,Gulf of Oman,1,0,0.0,0.26869521049402056,0.0,1,6.0,-1.0606601717798212,False
2018-11-10,suez_canal,Suez Canal & Gulf of Suez,191,34,73.0,144.73692008995178,65.86873236653176,16,593.0,1.5777295794520707,False
2018-11-10,northern_red_sea,Northern & Central Red Sea,2,10,2.0,1.4956140582332036,1.4956140582332036,2,6.0,1.2076147288491186,False
2018-11-10,eastern_med,Eastern Mediterranean,403,318,250.0,329.0931419186755,188.99832501185728,35,1354.0,1.0102137893704792,False
2018-11-10,somali_basin,Somali Basin / Horn approaches,31,116,27.0,9.475739595642926,8.346542822161712,6,154.0,-1.7781656717927536,False
2018-11-10,black_sea,Black Sea,37,0,4.0,20.265238233756747,1.711048136803356,8,125.0,0.3009758528672538,False
2018-11-10,bab_el_mandeb,Bab-el-Mandeb,147,603,129.0,74.98823350706748,66.06539149524717,11,500.0,0.5897180843744513,False
2018-11-10,southern_red_sea,Southern Red Sea,226,883,204.0,181.92835462374956,164.68069691156109,18,849.0,-0.3159690441158068,False
2018-11-10,gulf_of_aden,Gulf of Aden,216,849,194.0,119.10143181085206,105.0226508784408,16,823.0,-0.5438568113507337,False
2018-11-10,hormuz,Strait of Hormuz,3,0,0.0,0.7353941342064738,0.0,2,14.0,-0.1351719708998037,False
2018-11-10,persian_gulf,Persian Gulf,48,0,0.0,35.96455514016871,0.0,12,167.0,0.9388257552686747,False
2018-11-10,bosphorus,Turkish Straits (Bosphorus-Dardanelles),34,0,3.0,19.145104102410837,1.9157285297748556,5,115.0,0.37783335826110676,False
2018-11-17,black_sea,Black Sea,39,0,4.0,26.553868424485476,1.3420391892396522,11,143.0,0.6750771560841261,False
2018-11-17,persian_gulf,Persian Gulf,60,1,1.0,45.76526650839411,1.0,10,193.0,1.7130121559369669,False
2018-11-17,somali_basin,Somali Basin / Horn approaches,47,109,32.0,15.15262031240927,10.030738553315585,6,158.0,0.09829840633050237,False
2018-11-17,eastern_med,Eastern Mediterranean,372,105,201.0,302.877559811088,148.06582118046444,27,1426.0,0.4854842983636178,False
2018-11-17,hormuz,Strait of Hormuz,1,0,0.0,1.0,0.0,1,13.0,-0.9172492321316792,False
2018-11-17,gulf_of_aden,Gulf of Aden,197,699,169.0,110.26750667852801,90.74125962343436,16,834.0,-1.0595935235645346,False
2018-11-17,bab_el_mandeb,Bab-el-Mandeb,122,386,102.0,68.41402115213313,54.523008787387866,11,508.0,-0.7046583359058601,False
2018-11-17,southern_red_sea,Southern Red Sea,198,740,171.0,156.24888677251764,138.19234429981384,15,859.0,-1.2766212847833567,False
2018-11-17,gulf_of_oman,Gulf of Oman,3,2,1.0,0.8568824597606599,0.26869521049402056,2,7.0,2.806243040080456,True
2018-11-17,bosphorus,Turkish Straits (Bosphorus-Dardanelles),34,0,0.0,23.10558185709793,0.0,6,130.0,0.4233208499535683,False
2018-11-17,suez_canal,Suez Canal & Gulf of Suez,136,3,9.0,91.66319149850021,5.637271657261223,10,588.0,-0.7437751265328226,False
2018-11-24,hormuz,Strait of Hormuz,1,0,0.0,0.257044165093125,0.0,1,8.0,-0.7850505383897827,False
2018-11-24,northern_red_sea,Northern & Central Red Sea,1,10,1.0,0.49561405823320354,0.49561405823320354,1,5.0,-0.7245688373094712,False
2018-11-24,somali_basin,Somali Basin / Horn approaches,41,179,33.0,13.104072714080633,10.12634211850086,4,160.0,-0.3880275613886809,False
2018-11-24,southern_red_sea,Southern Red Sea,258,763,238.0,202.6114646354975,190.11643109906913,16,898.0,1.7098969229877379,False
2018-11-24,bab_el_mandeb,Bab-el-Mandeb,154,492,138.0,82.78166317799547,73.90755993713354,10,556.0,1.4757906294668477,False
2018-11-24,gulf_of_aden,Gulf of Aden,251,708,230.0,136.32347182825998,120.71889791105019,15,876.0,1.550957665106838,False
2018-11-24,black_sea,Black Sea,47,2,6.0,28.69292341440112,2.5288340531755606,11,161.0,1.6062471077737068,False
2018-11-24,eastern_med,Eastern Mediterranean,436,96,239.0,361.3180248697642,183.48236638681286,41,1534.0,2.5776957608913342,True
2018-11-24,bosphorus,Turkish Straits (Bosphorus-Dardanelles),41,0,1.0,25.077636100638426,0.45786426488742776,6,144.0,1.362795115311063,False
2018-11-24,persian_gulf,Persian Gulf,51,0,2.0,39.71241124538013,2.0,12,213.0,0.5982621953071323,False
2018-11-24,suez_canal,Suez Canal & Gulf of Suez,153,4,17.0,94.5272630167254,7.84349870181094,16,600.0,0.06958178687382895,False
2018-12-01,eastern_med,Eastern Mediterranean,404,189,198.0,337.50896655450066,143.7459466128637,35,1615.0,0.9834754765081001,False
2018-12-01,gulf_of_oman,Gulf of Oman,1,3,0.0,0.26869521049402056,0.0,1,6.0,-1.0606601717798212,False
2018-12-01,bab_el_mandeb,Bab-el-Mandeb,147,489,132.0,75.85143951151294,66.96462477275541,12,570.0,1.038519331847041,False
2018-12-01,black_sea,Black Sea,31,0,6.0,19.1621703045088,2.7683966769470145,9,154.0,-0.536758564065394,False
2018-12-01,bosphorus,Turkish Straits (Bosphorus-Dardanelles),28,0,2.0,16.338980894412824,2.0,5,137.0,-0.6456870485814807,False
2018-12-01,southern_red_sea,Southern Red Sea,234,845,213.0,179.37690374315477,164.13537296963275,16,916.0,0.5691907242469094,False
2018-12-01,suez_canal,Suez Canal & Gulf of Suez,169,11,7.0,103.03705220354641,3.364820527953377,14,649.0,0.7412787732379591,False
2018-12-01,gulf_of_aden,Gulf of Aden,225,787,202.0,124.32207255771958,109.40325626361052,17,889.0,0.428746462856275,False
2018-12-01,hormuz,Strait of Hormuz,1,0,0.0,0.257044165093125,0.0,1,6.0,-0.7132467526968207,False
2018-12-01,somali_basin,Somali Basin / Horn approaches,34,115,25.0,10.717821580048868,7.927100802223391,6,153.0,-1.2099802839640368,False
2018-12-01,persian_gulf,Persian Gulf,55,0,0.0,37.026966021815824,0.0,9,214.0,0.7975544604658049,False
2018-12-08,gulf_of_aden,Gulf of Aden,190,475,170.0,116.41342563602663,103.15838014461652,19,863.0,-1.2812786002879686,False
2018-12-08,persian_gulf,Persian Gulf,55,3,3.0,39.38754884476246,3.0,10,221.0,0.6197506830096322,False
2018-12-08,southern_red_sea,Southern Red Sea,188,478,170.0,148.32263897218965,135.23886809463443,17,878.0,-1.5297323202638837,False
2018-12-08,eastern_med,Eastern Mediterranean,469,108,211.0,405.8883898581224,156.3484768498957,35,1681.0,2.1535242783544697,True
2018-12-08,hormuz,Strait of Hormuz,4,0,0.0,1.0281766603725,0.0,1,7.0,0.998545453775549,False
2018-12-08,somali_basin,Somali Basin / Horn approaches,37,78,32.0,11.002581574827827,8.949669477402267,6,159.0,-0.5914033758558696,False
2018-12-08,black_sea,Black Sea,27,1,8.0,14.757275703096239,4.157482294219843,9,144.0,-0.8849322136926632,False
2018-12-08,bab_el_mandeb,Bab-el-Mandeb,144,337,129.0,72.97395822863443,65.62277234788645,13,567.0,0.6958046678912375,False
2018-12-08,suez_canal,Suez Canal & Gulf of Suez,254,14,23.0,157.0739937594361,12.568319288633857,15,712.0,3.9155605966441205,True
2018-12-08,bosphorus,Turkish Straits (Bosphorus-Dardanelles),20,1,2.0,11.794302342137817,2.0,4,123.0,-1.6912870599364251,False
2018-12-15,bab_el_mandeb,Bab-el-Mandeb,202,551,187.0,97.95976639801825,90.36816606678953,13,647.0,3.9031504585167647,True
2018-12-15,hormuz,Strait of Hormuz,6,0,0.0,1.4148513023737168,0.0,2,12.0,1.9091883092036814,False
2018-12-15,somali_basin,Somali Basin / Horn approaches,37,80,31.0,10.25205853457342,8.408914599032702,5,149.0,-0.4180408117023851,False
2018-12-15,southern_red_sea,Southern Red Sea,290,835,260.0,237.98474822494074,217.76297705930907,16,970.0,3.0669861116601456,True
2018-12-15,gulf_of_aden,Gulf of Aden,294,822,262.0,163.49184718267404,145.6511065523884,18,960.0,3.9639647064942656,True
2018-12-15,suez_canal,Suez Canal & Gulf of Suez,193,4,15.0,127.35631247614721,9.855933975525355,12,769.0,0.7000919282613313,False
2018-12-15,black_sea,Black Sea,35,1,10.0,20.72069789640139,3.7700406752411393,10,140.0,0.1678265043667669,False
2018-12-15,persian_gulf,Persian Gulf,57,1,1.0,45.85991709052124,1.0,13,218.0,0.8104432008587498,False
2018-12-15,eastern_med,Eastern Mediterranean,424,132,211.0,356.2832506319176,154.34625543821227,33,1733.0,0.7531348675798323,False
2018-12-15,bosphorus,Turkish Straits (Bosphorus-Dardanelles),26,1,3.0,15.907390729891913,2.269204847211175,7,115.0,-0.489097415547757,False
2018-12-22,gulf_of_oman,Gulf of Oman,1,0,0.0,0.26869521049402056,0.0,1,6.0,-0.8400268812903088,False
2018-12-22,bab_el_mandeb,Bab-el-Mandeb,183,316,166.0,95.58626172066465,83.79823026170718,11,676.0,1.3742313609615093,False
2018-12-22,eastern_med,Eastern Mediterranean,381,62,211.0,308.7968581080087,160.30956748873723,34,1678.0,-0.2710345359478691,False
2018-12-22,somali_basin,Somali Basin / Horn approaches,46,113,32.0,13.980837923577344,9.157778453328358,6,154.0,1.5663845834117296,False
2018-12-22,persian_gulf,Persian Gulf,46,0,1.0,29.438798002776426,1.0,8,213.0,-0.5978155877160408,False
2018-12-22,southern_red_sea,Southern Red Sea,247,448,224.0,187.4007322330637,173.77705498256998,14,959.0,0.5611457835573425,False
2018-12-22,black_sea,Black Sea,34,0,3.0,20.767887675949964,1.6572580685140759,8,127.0,-0.2144123232859879,False
2018-12-22,suez_canal,Suez Canal & Gulf of Suez,125,3,12.0,83.41707730278412,7.366315308842007,14,741.0,-1.043087888454813,False
2018-12-22,bosphorus,Turkish Straits (Bosphorus-Dardanelles),30,0,2.0,17.549761016816156,1.2689610297146285,4,104.0,-0.09485965731853253,False
2018-12-22,gulf_of_aden,Gulf of Aden,247,447,224.0,146.39583142823435,129.37193511538348,15,956.0,0.6751731338083207,False
2018-12-29,eastern_med,Eastern Mediterranean,434,489,243.0,344.85808419188527,173.8278265079951,30,1708.0,0.7342607413077171,False
2018-12-29,somali_basin,Somali Basin / Horn approaches,40,92,37.0,11.63326549273223,10.549149630785934,6,160.0,0.13454905527673516,False
2018-12-29,suez_canal,Suez Canal & Gulf of Suez,125,7,5.0,88.16976882609231,2.4156882642525783,10,697.0,-0.9547663928144475,False
2018-12-29,hormuz,Strait of Hormuz,4,0,0.0,0.838887089179533,0.0,2,15.0,0.4166329271090049,False
2018-12-29,black_sea,Black Sea,26,2,3.0,15.487101126390604,0.7532093283702991,11,122.0,-1.686869424491479,False
2018-12-29,gulf_of_aden,Gulf of Aden,275,604,239.0,141.77772681519133,127.48987409178258,17,1006.0,1.3562975229242742,False
2018-12-29,arabian_sea,Arabian Sea (open),1,0,0.0,1.0,0.0,1,4.0,-0.540061724867322,False
2018-12-29,gulf_of_oman,Gulf of Oman,3,0,0.0,1.5373904209880411,0.0,2,8.0,1.8480591388386793,False
2018-12-29,bab_el_mandeb,Bab-el-Mandeb,155,253,148.0,85.34326126601425,81.25186263067333,11,684.0,0.038156347073106896,False
2018-12-29,persian_gulf,Persian Gulf,41,1,1.0,29.880825883700076,1.0,10,199.0,-2.6331693561344385,False
2018-12-29,southern_red_sea,Southern Red Sea,271,593,235.0,212.4059356443212,185.43741817192213,16,996.0,1.1757286798221191,False
2018-12-29,bosphorus,Turkish Straits (Bosphorus-Dardanelles),20,0,0.0,10.683543691546172,0.0,6,96.0,-1.7090025322310842,False
2019-01-05,northern_red_sea,Northern & Central Red Sea,1,0,1.0,0.49561405823320354,0.49561405823320354,1,5.0,-0.540061724867321,False
2019-01-05,eastern_med,Eastern Mediterranean,468,159,207.0,373.6934624438,155.03274931730044,31,1707.0,1.65613867361014,False
2019-01-05,southern_red_sea,Southern Red Sea,254,541,224.0,192.61524262573502,176.71852705562588,14,1062.0,0.4298011912959398,False
2019-01-05,bab_el_mandeb,Bab-el-Mandeb,164,255,143.0,83.49415125277766,72.32199687834057,10,704.0,0.2922633671845081,False
2019-01-05,persian_gulf,Persian Gulf,36,6,3.0,28.142666351616274,2.5506259791706944,12,180.0,-2.4710810641752747,False
2019-01-05,black_sea,Black Sea,34,0,1.0,17.034828099939357,0.21240849654105978,7,129.0,-0.07349309197401305,False
2019-01-05,gulf_of_aden,Gulf of Aden,259,548,228.0,144.49440125430635,121.30228350712848,14,1075.0,0.6043163356089885,False
2019-01-05,bosphorus,Turkish Straits (Bosphorus-Dardanelles),32,0,0.0,16.602968367298264,0.0,5,108.0,0.39712553209949686,False
2019-01-05,suez_canal,Suez Canal & Gulf of Suez,152,10,31.0,107.89132404328896,21.458765012359702,14,595.0,-0.370063044342844,False
2019-01-05,somali_basin,Somali Basin / Horn approaches,42,113,28.0,12.196290019285485,7.815021936721312,6,165.0,0.5189122511317634,False
2019-01-05,gulf_of_oman,Gulf of Oman,1,0,0.0,0.3194920387726188,0.0,1,6.0,-0.8461141122266493,False
2019-01-05,hormuz,Strait of Hormuz,2,0,0.0,1.257044165093125,0.0,2,16.0,-0.4840347275623305,False
2019-01-12,bab_el_mandeb,Bab-el-Mandeb,191,326,178.0,106.5068037574152,98.5342066185397,11,693.0,1.3070124734018314,False
2019-01-12,northern_red_sea,Northern & Central Red Sea,1,0,1.0,0.49561405823320354,0.49561405823320354,1,5.0,-0.540061724867321,False
2019-01-12,eastern_med,Eastern Mediterranean,317,94,159.0,263.24499266763974,120.88783689884946,34,1600.0,-2.9447317287197023,False
2019-01-12,bosphorus,Turkish Straits (Bosphorus-Dardanelles),29,0,3.0,22.458153160577364,3.0,7,111.0,0.017655613788660828,False
2019-01-12,somali_basin,Somali Basin / Horn approaches,62,158,52.0,18.554640331004812,15.253019425114395,6,190.0,4.7735701347089945,True
2019-01-12,suez_canal,Suez Canal & Gulf of Suez,132,16,22.0,94.11538655371038,15.506158268186361,14,534.0,-0.7265458553527694,False
2019-01-12,black_sea,Black Sea,34,0,6.0,25.70041768200806,4.535283561255442,11,128.0,-0.01857868813613944,False
2019-01-12,persian_gulf,Persian Gulf,67,1,2.0,55.56273688518259,2.0,13,190.0,2.0110571220532845,True
2019-01-12,gulf_of_aden,Gulf of Aden,308,797,283.0,168.48841127056926,150.41477907746832,17,1089.0,1.8130971949320913,False
2019-01-12,gulf_of_oman,Gulf of Oman,1,0,0.0,0.26869521049402056,0.0,1,6.0,-0.6822210286372691,False
2019-01-12,southern_red_sea,Southern Red Sea,308,836,288.0,239.67135597870603,225.94667612536628,17,1080.0,1.8814383410101714,False
2019-01-12,hormuz,Strait of Hormuz,1,0,0.0,0.19333732100060838,0.0,1,13.0,-0.9551094400921782,False
2019-01-19,suez_canal,Suez Canal & Gulf of Suez,178,11,24.0,124.94469968451605,16.616863774270684,13,587.0,0.3471626371147893,False
2019-01-19,bab_el_mandeb,Bab-el-Mandeb,157,205,152.0,88.88181821663824,86.95233680168164,11,667.0,-0.4831554630260382,False
2019-01-19,bosphorus,Turkish Straits (Bosphorus-Dardanelles),22,0,1.0,12.190531905176504,0.41065352610519723,5,103.0,-0.9222285200723277,False
2019-01-19,somali_basin,Somali Basin / Horn approaches,41,124,40.0,10.997197255117262,10.457498404987291,5,185.0,-0.1574461067033362,False
2019-01-19,black_sea,Black Sea,27,1,3.0,16.13050115416588,0.7383093518664208,10,121.0,-1.0098651326819796,False
2019-01-19,southern_red_sea,Southern Red Sea,277,694,270.0,224.7337963471265,220.78786985696163,17,1110.0,0.5698466986178465,False
2019-01-19,northern_red_sea,Northern & Central Red Sea,1,0,1.0,0.49561405823320354,0.49561405823320354,1,4.0,-0.540061724867321,False
2019-01-19,persian_gulf,Persian Gulf,33,2,3.0,24.01328469923334,2.52719375475338,10,177.0,-1.8343895887201036,False
2019-01-19,eastern_med,Eastern Mediterranean,461,135,269.0,377.99892769803967,202.79932691419938,31,1680.0,0.8883157214599022,False
2019-01-19,gulf_of_aden,Gulf of Aden,274,663,264.0,140.78097192138983,133.39811027587234,17,1116.0,0.47433237076751106,False
2019-01-26,bab_el_mandeb,Bab-el-Mandeb,153,195,145.0,86.11370213510767,83.1335508889553,13,665.0,-0.6921680329632696,False
2019-01-26,southern_red_sea,Southern Red Sea,270,673,253.0,218.68400107106686,207.4614394010836,19,1109.0,0.30614330998492967,False
2019-01-26,somali_basin,Somali Basin / Horn approaches,40,152,37.0,12.064361322385338,10.685688650447473,5,185.0,-0.27195236612394436,False
2019-01-26,persian_gulf,Persian Gulf,37,1,1.0,27.514053096892976,0.2714995480459568,7,173.0,-1.0046562614423626,False
2019-01-26,bosphorus,Turkish Straits (Bosphorus-Dardanelles),25,0,0.0,16.322257931680426,0.0,4,108.0,-0.18723577730809499,False
2019-01-26,black_sea,Black Sea,28,0,2.0,19.210730446236425,1.210256800341535,7,123.0,-0.7937253933192582,False
2019-01-26,gulf_of_aden,Gulf of Aden,266,658,248.0,133.7775460501367,123.63188191372683,18,1107.0,0.18366622139412603,False
2019-01-26,suez_canal,Suez Canal & Gulf of Suez,143,5,21.0,97.38497598699927,13.936317592709873,15,605.0,-0.5268645052540082,False
2019-01-26,gulf_of_oman,Gulf of Oman,2,0,1.0,0.5373904209880411,0.26869521049402056,1,7.0,0.5400617248673217,False
2019-01-26,northern_red_sea,Northern & Central Red Sea,4,10,4.0,1.9824562329328141,1.9824562329328141,1,7.0,5.940678973540531,True
2019-01-26,hormuz,Strait of Hormuz,2,0,0.0,0.51408833018625,0.0,1,9.0,-0.2594372608313858,False
2019-01-26,eastern_med,Eastern Mediterranean,384,79,241.0,311.90951461439,175.05942806533557,27,1630.0,-0.6864942797912914,False
2019-02-02,bab_el_mandeb,Bab-el-Mandeb,150,311,138.0,82.79675317243758,77.00062612448218,12,651.0,-0.8975996682529251,False
2019-02-02,persian_gulf,Persian Gulf,38,0,0.0,32.181026163459784,0.0,9,175.0,-0.7055391081087303,False
2019-02-02,gulf_of_aden,Gulf of Aden,239,519,213.0,134.45945606377038,119.29963332016747,17,1087.0,-0.7065810516292563,False
2019-02-02,bosphorus,Turkish Straits (Bosphorus-Dardanelles),33,0,1.0,23.326391101643406,1.0,7,109.0,1.631095635753065,False
2019-02-02,suez_canal,Suez Canal & Gulf of Suez,137,9,18.0,97.11162016293657,12.38564710976005,12,590.0,-0.5804603613188348,False
2019-02-02,gulf_of_oman,Gulf of Oman,2,1,2.0,0.5373904209880411,0.5373904209880411,1,6.0,0.40933261718236147,False
2019-02-02,black_sea,Black Sea,34,0,1.0,25.049070262185296,0.6755312536324909,8,123.0,0.8597306161402413,False
2019-02-02,eastern_med,Eastern Mediterranean,405,83,259.0,338.0186070672465,199.95772445657022,33,1567.0,-0.2293859251836898,False
2019-02-02,southern_red_sea,Southern Red Sea,239,530,215.0,184.0655118474296,165.79875717533326,16,1094.0,-0.6718862359092866,False
2019-02-02,somali_basin,Somali Basin / Horn approaches,45,145,41.0,13.443547557798324,11.877330289852118,6,188.0,0.23008176294341562,False
2019-02-09,black_sea,Black Sea,35,0,1.0,18.661145435404624,0.27040041591461966,14,124.0,0.9260129588724682,False
2019-02-09,suez_canal,Suez Canal & Gulf of Suez,184,17,28.0,119.05806652026584,13.78582106913532,17,642.0,1.4307752306608366,False
2019-02-09,bab_el_mandeb,Bab-el-Mandeb,136,147,114.0,71.88787498818141,59.97864269272638,11,596.0,-1.6838903884489984,False
2019-02-09,persian_gulf,Persian Gulf,74,0,0.0,71.74099059340075,0.0,8,182.0,2.5039291740862737,True
2019-02-09,southern_red_sea,Southern Red Sea,254,566,222.0,200.07035526651467,177.52485209121457,16,1040.0,-0.6799067782040634,False
2019-02-09,somali_basin,Somali Basin / Horn approaches,39,92,27.0,11.444835895401525,7.452427186544983,5,165.0,-0.6593816915820558,False
2019-02-09,bosphorus,Turkish Straits (Bosphorus-Dardanelles),30,0,0.0,17.45765378613937,0.0,9,110.0,0.6152032682980264,False
2019-02-09,gulf_of_aden,Gulf of Aden,254,544,219.0,129.7564738490895,108.2701872999158,16,1033.0,-0.7080050751517872,False
2019-02-09,gulf_of_oman,Gulf of Oman,1,28,0.0,0.26869521049402056,0.0,1,6.0,-0.8461141122266493,False
2019-02-09,eastern_med,Eastern Mediterranean,465,111,263.0,382.1931220638072,198.02734636122787,41,1715.0,1.1338322323281675,False
2019-02-16,bosphorus,Turkish Straits (Bosphorus-Dardanelles),27,0,0.0,17.053709136882294,0.0,5,115.0,-0.13160498971352236,False
2019-02-16,hormuz,Strait of Hormuz,4,0,0.0,1.771132495279375,0.0,2,9.0,0.744526273362969,False
2019-02-16,bab_el_mandeb,Bab-el-Mandeb,153,214,138.0,80.65444775459007,71.8265097650621,11,592.0,-0.452700687321242,False
2019-02-16,suez_canal,Suez Canal & Gulf of Suez,192,10,25.0,129.0843989158292,17.212567312747755,19,656.0,1.966906888346148,False
2019-02-16,black_sea,Black Sea,35,0,3.0,22.85340859566175,0.761826807835153,12,132.0,0.9260129588724682,False
2019-02-16,eastern_med,Eastern Mediterranean,554,128,354.0,448.24602914717013,258.1802946616359,41,1808.0,2.638403678497162,True
2019-02-16,persian_gulf,Persian Gulf,48,1,0.0,36.680856254016,0.0,12,197.0,0.09734749249995524,False
2019-02-16,gulf_of_aden,Gulf of Aden,292,640,269.0,142.4718493809163,127.56540730189326,17,1051.0,1.2535674583160865,False
2019-02-16,gulf_of_oman,Gulf of Oman,2,0,0.0,0.5881872492666393,0.0,2,7.0,0.6614378277661477,False
2019-02-16,southern_red_sea,Southern Red Sea,295,666,275.0,244.31134005684223,230.18915746326167,16,1058.0,1.3825367145180254,False
2019-02-16,somali_basin,Somali Basin / Horn approaches,37,142,28.0,10.834320909299313,8.233881156459445,5,161.0,-0.978222660098469,False
2019-02-23,southern_red_sea,Southern Red Sea,259,686,243.0,216.27958692182244,203.05903814801823,16,1047.0,-0.5303300858899112,False
2019-02-23,gulf_of_aden,Gulf of Aden,251,663,235.0,124.56881308607598,115.51677632361677,16,1036.0,-0.9130437854842657,False
2019-02-23,eastern_med,Eastern Mediterranean,475,162,331.0,385.6882232105218,250.8780530232954,33,1899.0,0.5575982253080815,False
2019-02-23,persian_gulf,Persian Gulf,46,0,0.0,34.16851974679949,0.0,10,206.0,-0.04865179641966188,False
2019-02-23,suez_canal,Suez Canal & Gulf of Suez,142,2,20.0,93.74839871409179,14.70344338272327,17,655.0,-0.5192811406332918,False
2019-02-23,black_sea,Black Sea,41,0,5.0,30.61988794229989,2.631708219049382,7,145.0,2.410591299499253,True
2019-02-23,bab_el_mandeb,Bab-el-Mandeb,149,181,139.0,80.92433227422815,74.38021499426985,11,588.0,-0.5327536999451621,False
2019-02-23,somali_basin,Somali Basin / Horn approaches,34,84,29.0,10.375983083775026,8.479959865790597,6,155.0,-1.167377485392616,False
2019-02-23,bosphorus,Turkish Straits (Bosphorus-Dardanelles),37,0,2.0,28.36922485296611,2.0,5,127.0,2.095787854882459,True
2019-02-23,hormuz,Strait of Hormuz,4,0,0.0,1.0281766603725,0.0,1,11.0,0.5640760748177671,False
2019-03-02,bab_el_mandeb,Bab-el-Mandeb,162,212,148.0,95.8458314021048,86.51035421346747,8,600.0,0.3361368590142826,False
2019-03-02,black_sea,Black Sea,52,0,4.0,33.78447509105283,1.902654956389245,18,163.0,4.228324886202528,True
2019-03-02,gulf_of_aden,Gulf of Aden,246,592,223.0,133.16610597913603,118.0660001356269,15,1043.0,-0.9615467554893611,False
2019-03-02,eastern_med,Eastern Mediterranean,546,198,340.0,436.2508298073917,254.3682404572397,44,2040.0,1.471620559855293,False
2019-03-02,persian_gulf,Persian Gulf,75,0,0.0,46.0368113049874,0.0,15,243.0,1.8115101840436731,False
2019-03-02,bosphorus,Turkish Straits (Bosphorus-Dardanelles),42,0,3.0,26.638042914415326,2.2075367815352878,10,136.0,2.6584207922131515,True
2019-03-02,gulf_of_oman,Gulf of Oman,3,0,0.0,0.8568824597606599,0.0,2,8.0,1.8480591388386793,False
2019-03-02,southern_red_sea,Southern Red Sea,244,625,225.0,199.54241160330844,187.09655958994324,14,1052.0,-1.107649219045828,False
2019-03-02,hormuz,Strait of Hormuz,16,0,0.0,4.0911803472866755,0.0,3,26.0,7.900551012031157,True
2019-03-02,somali_basin,Somali Basin / Horn approaches,62,167,50.0,20.606013562083117,14.518154007319476,6,172.0,2.2845388259031196,True
2019-03-02,northern_red_sea,Northern & Central Red Sea,1,0,1.0,0.49561405823320354,0.49561405823320354,1,7.0,-0.46770717334674256,False
2019-03-02,suez_canal,Suez Canal & Gulf of Suez,167,4,41.0,115.94557853106444,34.800752034658814,18,685.0,0.40434685211040305,False
2019-03-09,bosphorus,Turkish Straits (Bosphorus-Dardanelles),37,0,1.0,24.210569643655276,1.0,7,143.0,0.9772646316643668,False
2019-03-09,eastern_med,Eastern Mediterranean,661,198,446.0,542.4961342217778,347.95281414406116,41,2236.0,2.6187740224839615,True
2019-03-09,persian_gulf,Persian Gulf,55,0,1.0,44.531027604333225,1.0,11,224.0,0.1598597925388895,False
2019-03-09,somali_basin,Somali Basin / Horn approaches,33,109,29.0,9.651527137609595,7.865100932622751,7,166.0,-1.095445115010331,False
2019-03-09,gulf_of_aden,Gulf of Aden,270,620,255.0,136.23241092967604,126.73497341319039,20,1059.0,0.15684434941613776,False
2019-03-09,black_sea,Black Sea,42,0,3.0,26.1607309036581,1.5408008318292392,10,170.0,0.7923826500272779,False
2019-03-09,southern_red_sea,Southern Red Sea,262,637,251.0,217.64225812856543,209.15634380315598,16,1060.0,-0.2580122055929452,False
2019-03-09,bab_el_mandeb,Bab-el-Mandeb,154,197,148.0,81.59982797845157,78.45209818442825,12,618.0,-0.1496162383555855,False
2019-03-09,suez_canal,Suez Canal & Gulf of Suez,221,9,65.0,154.49115068854798,52.11943341363861,19,722.0,2.612182076973153,True
2019-03-16,gulf_of_aden,Gulf of Aden,281,526,260.0,148.69429356875855,135.4298973056756,16,1048.0,1.1279836152750236,False
2019-03-16,hormuz,Strait of Hormuz,2,0,0.0,2.0,0.0,1,26.0,-0.6034747274378409,False
2019-03-16,black_sea,Black Sea,51,0,4.0,30.380746477377908,1.0322272237497727,17,186.0,1.7512131717227746,False
2019-03-16,eastern_med,Eastern Mediterranean,556,125,321.0,450.05909921051625,235.55417681688013,41,2238.0,0.6914685986764274,False
2019-03-16,bab_el_mandeb,Bab-el-Mandeb,185,202,169.0,99.83183309466301,90.47837880491551,10,650.0,4.401313235586281,True
2019-03-16,persian_gulf,Persian Gulf,25,0,0.0,20.12585336658509,0.0,11,201.0,-1.5867360264997554,False
2019-03-16,suez_canal,Suez Canal & Gulf of Suez,211,14,40.0,148.268274006718,29.935805494583157,12,741.0,1.3886718376288303,False
2019-03-16,somali_basin,Somali Basin / Horn approaches,45,108,37.0,14.180109211949778,10.905413322027483,5,174.0,0.3948908180896145,False
2019-03-16,southern_red_sea,Southern Red Sea,281,563,261.0,227.5308646363133,213.01211952983786,15,1046.0,1.0201595248416357,False
2019-03-16,bosphorus,Turkish Straits (Bosphorus-Dardanelles),40,0,0.0,26.53992449487857,0.0,11,156.0,1.2237133104234177,False
2019-03-16,gulf_of_oman,Gulf of Oman,2,0,0.0,0.6389840775452376,0.0,1,8.0,0.14978617237881953,False
2019-03-23,southern_red_sea,Southern Red Sea,316,1012,276.0,240.80537301851484,214.79808199079145,16,1103.0,2.8434336868615335,True
2019-03-23,somali_basin,Somali Basin / Horn approaches,65,249,54.0,17.55133474551453,14.043805359344276,6,205.0,2.495966165231831,True
2019-03-23,eastern_med,Eastern Mediterranean,565,115,349.0,474.4554574129021,272.8621078430384,34,2328.0,0.6500428379785406,False
2019-03-23,bosphorus,Turkish Straits (Bosphorus-Dardanelles),35,0,2.0,23.823179539710647,2.0,7,154.0,0.18288625109618525,False
2019-03-23,gulf_of_aden,Gulf of Aden,311,899,267.0,193.4317757365315,161.06846303540817,17,1108.0,2.6767905789308166,True
2019-03-23,northern_red_sea,Northern & Central Red Sea,2,16,2.0,0.9912281164664071,0.9912281164664071,1,8.0,0.46770717334674256,False
2019-03-23,black_sea,Black Sea,40,0,5.0,25.775249832703654,2.761826807835153,11,185.0,0.02959520021685653,False
2019-03-23,persian_gulf,Persian Gulf,20,0,0.0,19.415103535848033,0.0,6,175.0,-1.6844549169687495,False
2019-03-23,suez_canal,Suez Canal & Gulf of Suez,249,5,84.0,196.16235603036972,74.43899723113789,13,848.0,2.2872051773794877,True
2019-03-23,bab_el_mandeb,Bab-el-Mandeb,215,455,185.0,116.26418223327565,99.52579896407904,10,716.0,4.256239689650863,True
2019-03-30,gulf_of_aden,Gulf of Aden,232,762,206.0,139.8882789052187,122.66427932937421,17,1094.0,-1.4345996741409799,False
2019-03-30,black_sea,Black Sea,35,0,4.0,19.359918238968042,2.3135806059102615,9,168.0,-0.8922070829654258,False
2019-03-30,suez_canal,Suez Canal & Gulf of Suez,170,12,37.0,113.24791011430162,24.185078535499333,16,851.0,-0.46089721684374124,False
2019-03-30,somali_basin,Somali Basin / Horn approaches,60,217,48.0,17.115803653778343,13.171331365379732,6,203.0,1.222418668206398,False
2019-03-30,bab_el_mandeb,Bab-el-Mandeb,176,389,157.0,97.8643235011375,86.29868772559536,11,730.0,0.5147902102541155,False
2019-03-30,bosphorus,Turkish Straits (Bosphorus-Dardanelles),32,0,4.0,17.863290760646347,2.6796145558198257,7,144.0,-0.6252233339359908,False
2019-03-30,persian_gulf,Persian Gulf,14,2,1.0,11.202817704243417,0.3497368919373212,6,114.0,-1.6606565488843534,False
2019-03-30,northern_red_sea,Northern & Central Red Sea,1,0,1.0,0.49561405823320354,0.49561405823320354,1,8.0,-0.5892556509887895,False
2019-03-30,southern_red_sea,Southern Red Sea,232,806,211.0,184.66074050698992,168.4631766040862,16,1091.0,-1.3851380097073633,False
2019-03-30,eastern_med,Eastern Mediterranean,488,142,299.0,390.5234012781743,221.12382452062315,39,2270.0,-0.5166593460912011,False
2019-04-06,black_sea,Black Sea,37,0,0.0,25.509122531904108,0.0,9,163.0,-0.6373124106380483,False
2019-04-06,northern_red_sea,Northern & Central Red Sea,1,0,1.0,0.49561405823320354,0.49561405823320354,1,5.0,-0.46770717334674256,False
2019-04-06,somali_basin,Somali Basin / Horn approaches,48,98,38.0,14.56875406551925,10.822943376340454,6,218.0,0.08415784111088923,False
2019-04-06,eastern_med,Eastern Mediterranean,485,121,340.0,392.596931778315,254.6432548674963,34,2094.0,-0.8454127674889584,False
2019-04-06,gulf_of_aden,Gulf of Aden,248,639,231.0,136.4620847652774,123.7505658507908,16,1072.0,-0.7260591463010643,False
2019-04-06,bosphorus,Turkish Straits (Bosphorus-Dardanelles),31,0,0.0,20.845722664216026,0.0,6,138.0,-0.7888106377465816,False
2019-04-06,suez_canal,Suez Canal & Gulf of Suez,147,10,24.0,89.22755450020527,12.066750829112303,15,777.0,-1.3209201841668676,False
2019-04-06,bab_el_mandeb,Bab-el-Mandeb,173,249,161.0,92.36209357134683,85.16408377501486,11,749.0,0.2698612498837769,False
2019-04-06,persian_gulf,Persian Gulf,23,2,3.0,18.98528805573693,2.5506259791706944,7,82.0,-0.9237892688399445,False
2019-04-06,southern_red_sea,Southern Red Sea,242,639,232.0,198.7208735603436,193.2416835285829,16,1071.0,-0.9327407040669566,False
2019-04-13,bab_el_mandeb,Bab-el-Mandeb,177,446,161.0,103.25649555928386,93.96419306760284,12,741.0,0.28044973428605846,False
2019-04-13,southern_red_sea,Southern Red Sea,237,738,215.0,188.93185936360263,172.72997194726312,15,1027.0,-1.0164877118652245,False
2019-04-13,bosphorus,Turkish Straits (Bosphorus-Dardanelles),60,0,3.0,39.77737171522543,2.2689610297146285,15,158.0,5.034691282798983,True
2019-04-13,hormuz,Strait of Hormuz,1,0,0.0,0.19333732100060838,0.0,1,23.0,-0.6975357080990382,False
2019-04-13,somali_basin,Somali Basin / Horn approaches,61,382,53.0,17.08791020596587,14.445500185189065,6,234.0,1.0012703795086293,False
2019-04-13,persian_gulf,Persian Gulf,27,1,1.0,22.970970215830775,1.0,10,84.0,-0.533258350129341,False
2019-04-13,suez_canal,Suez Canal & Gulf of Suez,185,7,26.0,117.57443656573494,17.434145965799374,16,751.0,-0.06310894420162934,False
2019-04-13,black_sea,Black Sea,71,1,6.0,44.6772696655262,3.268977038914156,20,183.0,4.429346776950448,True
2019-04-13,eastern_med,Eastern Mediterranean,553,142,341.0,442.66305295741506,252.26573214207622,40,2091.0,0.19393596261572554,False
2019-04-13,gulf_of_aden,Gulf of Aden,249,742,221.0,144.27582140383834,126.2571422740159,18,1040.0,-0.647150944628382,False
2019-04-20,gulf_of_aden,Gulf of Aden,213,748,190.0,133.78971880289419,115.21417897553279,16,942.0,-1.9016160226917267,False
2019-04-20,hormuz,Strait of Hormuz,4,0,0.0,0.9644698162799834,0.0,2,23.0,0.0,False
2019-04-20,bab_el_mandeb,Bab-el-Mandeb,155,364,135.0,95.27797165161907,83.21435427404006,11,681.0,-0.9140562152323467,False
2019-04-20,suez_canal,Suez Canal & Gulf of Suez,125,15,31.0,78.54592223277797,13.59502198004434,13,627.0,-1.6359954140348978,False
2019-04-20,black_sea,Black Sea,66,1,3.0,46.30534404389014,0.7991607381166681,17,209.0,1.6928583903362227,False
2019-04-20,eastern_med,Eastern Mediterranean,526,223,388.0,411.4448807448632,288.7580374710585,36,2052.0,-0.2497606795420165,False
2019-04-20,bosphorus,Turkish Straits (Bosphorus-Dardanelles),60,0,1.0,42.082664960636066,0.41065352610519723,12,183.0,2.264973815075704,True
2019-04-20,southern_red_sea,Southern Red Sea,212,770,191.0,159.56124056757773,146.49340315200033,14,923.0,-1.6859759868479534,False
2019-04-20,persian_gulf,Persian Gulf,41,37,1.0,32.912826706974094,1.0,14,105.0,0.25575051960800665,False
2019-04-20,somali_basin,Somali Basin / Horn approaches,75,329,64.0,20.60071490595394,17.73885092350578,6,244.0,1.8675891607514743,False
2019-04-27,bosphorus,Turkish Straits (Bosphorus-Dardanelles),70,0,1.0,52.93105863490551,1.0,15,221.0,2.3967214955836327,True
2019-04-27,suez_canal,Suez Canal & Gulf of Suez,172,10,37.0,116.12100101162872,24.663454469211327,14,629.0,-0.303238633187548,False
2019-04-27,bab_el_mandeb,Bab-el-Mandeb,157,384,146.0,87.70923222028756,81.61906169669261,13,662.0,-0.8944651127488699,False
2019-04-27,hormuz,Strait of Hormuz,2,0,0.0,0.38667464200121676,0.0,1,9.0,-0.4572426013181373,False
2019-04-27,gulf_of_aden,Gulf of Aden,215,634,197.0,126.90045859911633,116.07015252046453,17,925.0,-1.355402290755352,False
2019-04-27,black_sea,Black Sea,81,2,2.0,59.364255841248664,1.302980478905957,25,255.0,2.370742531641512,True
2019-04-27,southern_red_sea,Southern Red Sea,219,649,202.0,169.68454076146048,156.6727664025499,17,910.0,-1.0524414636117605,False
2019-04-27,persian_gulf,Persian Gulf,30,0,0.0,24.937258796977893,0.0,11,121.0,-0.24112141108520582,False
2019-04-27,arabian_sea,Arabian Sea (open),1,0,1.0,0.7111250849101136,0.7111250849101136,1,4.0,-0.35355339059327406,False
2019-04-27,eastern_med,Eastern Mediterranean,695,375,495.0,542.9513158369265,363.99764986123256,40,2259.0,2.6801100373458344,True
2019-04-27,somali_basin,Somali Basin / Horn approaches,55,299,48.0,14.953653795529352,13.193920120792649,6,239.0,-0.0847699680339836,False
2019-04-27,india_west_coast,India West Coast corridor,1,0,1.0,1.0,1.0,1,5.0,-0.5400617248673217,False
2019-05-04,hormuz,Strait of Hormuz,2,0,0.0,1.1933373210006084,0.0,2,9.0,-0.49085846125487875,False
2019-05-04,persian_gulf,Persian Gulf,27,0,0.0,22.628990544031485,0.0,10,125.0,-0.18277923734216722,False
2019-05-04,eastern_med,Eastern Mediterranean,764,369,629.0,642.4451816053074,527.6453524690257,32,2538.0,2.611741878581966,True
2019-05-04,southern_red_sea,Southern Red Sea,214,600,184.0,165.35821399959264,147.37717187978512,14,882.0,-1.0414218803250923,False
2019-05-04,bosphorus,Turkish Straits (Bosphorus-Dardanelles),62,0,1.0,48.079940197574125,0.5671796321569995,8,252.0,1.0744513404960263,False
2019-05-04,bab_el_mandeb,Bab-el-Mandeb,144,314,120.0,82.60377989124797,67.17131490767,8,633.0,-1.4826279454279316,False
2019-05-04,gulf_of_oman,Gulf of Oman,2,0,0.0,0.5881872492666393,0.0,2,9.0,0.35355339059327373,False
2019-05-04,suez_canal,Suez Canal & Gulf of Suez,198,45,128.0,160.8473008094348,114.67132195300823,14,680.0,0.3206492197520294,False
2019-05-04,gulf_of_aden,Gulf of Aden,210,585,178.0,122.5644005262636,96.68490924686624,14,887.0,-1.2566247447619683,False
2019-05-04,somali_basin,Somali Basin / Horn approaches,56,224,34.0,15.817587015316242,9.694740874481063,5,247.0,0.05743796858006123,False
2019-05-04,black_sea,Black Sea,75,12,6.0,52.03136350454922,2.482322331538447,12,293.0,1.2621899374244836,False
2019-05-11,black_sea,Black Sea,73,4,10.0,53.03982199020991,5.698602849076898,13,295.0,0.8666301279722095,False
2019-05-11,gulf_of_oman,Gulf of Oman,5,0,1.0,1.906229307200121,0.7806516369454406,3,12.0,4.876184360034338,True
2019-05-11,hormuz,Strait of Hormuz,5,0,1.0,2.5800119630018252,1.0,3,13.0,0.12917327927759967,False
2019-05-11,bab_el_mandeb,Bab-el-Mandeb,170,386,148.0,91.57773233512046,79.7679152877219,10,626.0,-0.1256413396747924,False
2019-05-11,arabian_sea,Arabian Sea (open),1,0,1.0,0.20228010050226794,0.20228010050226794,1,4.0,-0.35355339059327406,False
2019-05-11,southern_red_sea,Southern Red Sea,249,803,227.0,197.33150202277983,180.5205932230902,15,894.0,0.13375451014508374,False
2019-05-11,eastern_med,Eastern Mediterranean,579,334,436.0,464.10046845539654,337.95286682866913,38,2564.0,0.0,False
2019-05-11,bosphorus,Turkish Straits (Bosphorus-Dardanelles),58,0,4.0,46.04462573310262,3.2689610297146285,6,250.0,0.5864473299951601,False
2019-05-11,gulf_of_aden,Gulf of Aden,244,756,221.0,138.98295099378578,122.57289967968927,15,882.0,-0.024409535033984794,False
2019-05-11,persian_gulf,Persian Gulf,36,8,4.0,31.73111662106677,2.23312440835557,13,134.0,1.2875461353031974,False
2019-05-11,somali_basin,Somali Basin / Horn approaches,50,288,41.0,12.925825555188595,10.735137500600421,4,236.0,-0.8545026609384297,False
2019-05-11,suez_canal,Suez Canal & Gulf of Suez,116,11,22.0,71.12934531814172,13.139974914612933,17,611.0,-1.7227601929249157,False
2019-05-18,southern_red_sea,Southern Red Sea,203,531,173.0,156.90241279037633,136.2451061894963,16,885.0,-1.109684312083219,False
2019-05-18,persian_gulf,Persian Gulf,30,0,0.0,21.92933908938561,0.0,10,123.0,0.3192191507687404,False
2019-05-18,somali_basin,Somali Basin / Horn approaches,63,178,45.0,16.666381184763843,11.931118565170589,6,224.0,0.49145030287000646,False
2019-05-18,bosphorus,Turkish Straits (Bosphorus-Dardanelles),42,0,1.0,29.716159889697632,0.26896102971462843,8,232.0,-0.5758289219624333,False
2019-05-18,northern_red_sea,Northern & Central Red Sea,1,0,1.0,1.0,1.0,1,5.0,-0.46770717334674256,False
2019-05-18,gulf_of_aden,Gulf of Aden,199,515,166.0,116.55548001843584,91.62650200847142,16,868.0,-1.2585732330240105,False
2019-05-18,black_sea,Black Sea,56,2,4.0,34.72841527869252,1.206676379808169,14,285.0,-0.19664990323703327,False
2019-05-18,bab_el_mandeb,Bab-el-Mandeb,142,178,116.0,86.61826846601188,70.2869599613568,11,613.0,-1.35413268656948,False
2019-05-18,suez_canal,Suez Canal & Gulf of Suez,105,4,26.0,63.989549063748896,14.869026997763811,15,591.0,-1.53047499671366,False
2019-05-18,eastern_med,Eastern Mediterranean,553,336,429.0,439.0576732295865,329.10711325006855,36,2591.0,-0.29208018300529,False
2019-05-25,persian_gulf,Persian Gulf,98,0,0.0,81.4181584036821,0.0,14,191.0,8.554858623063575,True
2019-05-25,southern_red_sea,Southern Red Sea,271,737,237.0,197.8852642843437,171.97241027887057,19,937.0,2.760610030760494,True
2019-05-25,bosphorus,Turkish Straits (Bosphorus-Dardanelles),22,0,3.0,14.188912280936151,3.0,4,184.0,-2.021486960916004,False
2019-05-25,suez_canal,Suez Canal & Gulf of Suez,82,7,21.0,48.339276851668515,10.622076116840748,14,501.0,-2.0540910584333525,False
2019-05-25,somali_basin,Somali Basin / Horn approaches,84,294,70.0,23.730444316395392,19.45478326016962,6,253.0,3.0111843310726063,True
2019-05-25,black_sea,Black Sea,33,0,8.0,20.149793249397042,4.852935538287268,12,237.0,-1.6452572276179815,False
2019-05-25,gulf_of_aden,Gulf of Aden,267,728,232.0,165.3740594178302,141.39088950389245,19,920.0,2.0953599982319995,True
2019-05-25,bab_el_mandeb,Bab-el-Mandeb,205,422,176.0,124.3597340228298,105.60807386236581,14,661.0,3.054421185438386,True
2019-05-25,gulf_of_oman,Gulf of Oman,24,0,0.0,6.905856506363877,0.0,2,33.0,18.20692419404208,True
2019-05-25,eastern_med,Eastern Mediterranean,568,312,464.0,473.34861617442033,380.778262536435,33,2464.0,-0.1246942372329473,False
2019-05-25,hormuz,Strait of Hormuz,32,0,0.0,13.574172071199026,0.0,3,41.0,5.681457859971696,True
2019-06-01,gulf_of_aden,Gulf of Aden,241,756,223.0,138.58346006920564,127.63688304703656,16,951.0,0.4275527624401536,False
2019-06-01,persian_gulf,Persian Gulf,25,0,1.0,20.837459665501285,1.0,6,189.0,-0.5715476066494077,False
2019-06-01,bab_el_mandeb,Bab-el-Mandeb,171,351,157.0,93.76273761978784,85.96882716493329,11,688.0,0.27327199362713367,False
2019-06-01,eastern_med,Eastern Mediterranean,446,382,370.0,357.14473688155823,288.5081889999557,31,2146.0,-1.562505817152969,False
2019-06-01,hormuz,Strait of Hormuz,3,0,0.0,0.6437188070943418,0.0,2,42.0,-0.46140587028011876,False
2019-06-01,southern_red_sea,Southern Red Sea,238,787,220.0,184.2651181035565,170.63502508631123,14,961.0,0.3116449560982396,False
2019-06-01,bosphorus,Turkish Straits (Bosphorus-Dardanelles),21,0,1.0,12.63757959748603,0.39562327784397905,4,143.0,-1.7465906209226962,False
2019-06-01,somali_basin,Somali Basin / Horn approaches,55,300,49.0,14.996425029728872,13.239677260383248,6,252.0,-0.5237849266164968,False
2019-06-01,black_sea,Black Sea,27,5,5.0,16.707940347507744,1.4257796850206266,8,189.0,-1.9251738840909207,False
2019-06-01,suez_canal,Suez Canal & Gulf of Suez,62,9,18.0,38.39367249536224,8.642070006965003,11,365.0,-1.9269995354861682,False
2019-06-08,northern_red_sea,Northern & Central Red Sea,4,0,4.0,1.9824562329328141,1.9824562329328141,1,7.0,2.3385358667337126,True
2019-06-08,arabian_sea,Arabian Sea (open),2,0,1.0,1.4222501698202272,0.7111250849101136,1,5.0,2.4748737341529186,True
2019-06-08,bosphorus,Turkish Straits (Bosphorus-Dardanelles),27,0,1.0,13.689182363495796,1.0,5,112.0,-1.1854267500018973,False
2019-06-08,black_sea,Black Sea,34,11,6.0,18.744535443629108,2.4192682412468294,10,150.0,-1.306563952194839,False
2019-06-08,persian_gulf,Persian Gulf,26,0,1.0,17.745026904045616,1.0,10,179.0,-0.5448675636479839,False
2019-06-08,suez_canal,Suez Canal & Gulf of Suez,125,20,43.0,81.99093932814958,27.188780577592656,16,374.0,-0.11353009319534497,False
2019-06-08,bab_el_mandeb,Bab-el-Mandeb,123,227,120.0,65.90035216941699,63.24661236443693,9,641.0,-2.0558829112284602,False
2019-06-08,gulf_of_aden,Gulf of Aden,218,669,199.0,113.62076860412085,104.10562514446917,15,925.0,-0.49643315290461826,False
2019-06-08,eastern_med,Eastern Mediterranean,535,386,404.0,439.2843106350812,321.97361554376187,39,2102.0,-0.507492837391859,False
2019-06-08,hormuz,Strait of Hormuz,1,0,0.0,0.19333732100060838,0.0,1,41.0,-0.5152115934780027,False
2019-06-08,india_west_coast,India West Coast corridor,2,0,1.0,2.0,1.0,1,5.0,1.620185174601965,False
2019-06-08,somali_basin,Somali Basin / Horn approaches,32,160,29.0,8.161764213530311,7.373937417870858,3,234.0,-2.6326096943559425,False
2019-06-08,southern_red_sea,Southern Red Sea,223,693,208.0,182.50125763968913,168.79060086056506,14,935.0,-0.3259377159054255,False
2019-06-15,suez_canal,Suez Canal & Gulf of Suez,120,15,22.0,71.34524127131131,11.28575799645507,13,389.0,-0.07035903794899258,False
2019-06-15,arabian_sea,Arabian Sea (open),1,0,0.0,0.7111250849101136,0.0,1,5.0,-0.540061724867322,False
2019-06-15,bosphorus,Turkish Straits (Bosphorus-Dardanelles),36,0,1.0,19.833141917209957,0.41065352610519723,4,106.0,-0.46706790860766384,False
2019-06-15,india_west_coast,India West Coast corridor,1,0,0.0,1.0,0.0,1,5.0,-0.5400617248673217,False
2019-06-15,northern_red_sea,Northern & Central Red Sea,3,10,3.0,1.4868421746996106,1.4868421746996106,1,9.0,0.829522028710814,False
2019-06-15,eastern_med,Eastern Mediterranean,459,355,319.0,368.6428628719339,242.17170960709194,32,2008.0,-1.235743943515146,False
2019-06-15,gulf_of_aden,Gulf of Aden,278,722,258.0,155.18714953843505,139.93172518913943,17,1004.0,2.3084975579578257,True
2019-06-15,southern_red_sea,Southern Red Sea,270,790,256.0,213.94977818740574,206.22609992456267,15,1002.0,1.832147870159743,False
2019-06-15,somali_basin,Somali Basin / Horn approaches,48,228,42.0,14.416532329510172,12.09028253618645,6,219.0,-0.6803758533779687,False
2019-06-15,gulf_of_oman,Gulf of Oman,1,0,0.0,0.26869521049402056,0.0,1,32.0,-0.5345274924453466,False
2019-06-15,black_sea,Black Sea,42,10,8.0,23.685285013930216,2.3500431691699246,8,136.0,-0.6344934992118902,False
2019-06-15,bab_el_mandeb,Bab-el-Mandeb,175,340,163.0,93.78505277461261,87.68926674597739,10,674.0,0.6780773830537516,False
2019-06-15,hormuz,Strait of Hormuz,1,0,0.0,0.257044165093125,0.0,1,37.0,-0.5000810044557765,False
2019-06-15,persian_gulf,Persian Gulf,29,0,1.0,22.491091706397835,1.0,11,178.0,-0.4150907601306399,False
2019-06-22,southern_red_sea,Southern Red Sea,217,788,194.0,157.8737877711932,141.2050676131185,16,948.0,-0.7375173312163138,False
2019-06-22,gulf_of_aden,Gulf of Aden,217,735,186.0,128.4628006611851,106.6516251377093,18,954.0,-0.6014705393684597,False
2019-06-22,bosphorus,Turkish Straits (Bosphorus-Dardanelles),33,0,3.0,16.52305354544525,3.0,9,117.0,-0.4854513305108004,False
2019-06-22,bab_el_mandeb,Bab-el-Mandeb,131,345,109.0,78.98625891921482,67.1999287258643,10,600.0,-1.1885148193886803,False
2019-06-22,arabian_sea,Arabian Sea (open),1,0,1.0,0.7111250849101136,0.7111250849101136,1,5.0,-0.353553390593274,False
2019-06-22,eastern_med,Eastern Mediterranean,525,292,347.0,440.36500624173675,272.1898432392853,36,1965.0,-0.4597858843878819,False
2019-06-22,suez_canal,Suez Canal & Gulf of Suez,173,15,26.0,110.28814520308411,17.93913683051582,17,480.0,1.136873421181603,False
2019-06-22,northern_red_sea,Northern & Central Red Sea,3,2,3.0,1.4868421746996106,1.4868421746996106,1,11.0,0.6451838001084109,False
2019-06-22,black_sea,Black Sea,42,9,14.0,21.798621023978093,7.266826087610351,13,145.0,-0.49432929023095357,False
2019-06-22,persian_gulf,Persian Gulf,56,1,2.0,46.87159001634155,1.5271937547533798,12,136.0,0.7460926568845117,False
2019-06-22,hormuz,Strait of Hormuz,5,0,0.0,1.1578071372805918,0.0,2,10.0,-0.11906690582280394,False
2019-06-22,somali_basin,Somali Basin / Horn approaches,69,232,56.0,20.967212344211237,16.002796794184924,7,204.0,0.9283310156806267,False
2019-06-22,gulf_of_oman,Gulf of Oman,1,0,1.0,0.26869521049402056,0.26869521049402056,1,31.0,-0.5139561687500467,False
2019-06-22,india_west_coast,India West Coast corridor,1,0,1.0,1.0,1.0,1,5.0,-0.5400617248673217,False
2019-06-29,somali_basin,Somali Basin / Horn approaches,81,191,65.0,25.732808776412348,18.795727371842055,6,230.0,1.5462527883779618,False
2019-06-29,gulf_of_oman,Gulf of Oman,2,0,1.0,0.5373904209880411,0.26869521049402056,1,28.0,-0.38546712656253496,False
2019-06-29,bab_el_mandeb,Bab-el-Mandeb,161,357,140.0,93.22861197722894,81.09788577300758,11,590.0,0.12364006074096771,False
2019-06-29,eastern_med,Eastern Mediterranean,602,237,433.0,478.4946209529078,322.2660570448645,35,2121.0,0.49515727940174786,False
2019-06-29,gulf_of_aden,Gulf of Aden,260,813,218.0,157.69792736810857,131.91177367441585,18,973.0,0.9170148836120479,False
2019-06-29,black_sea,Black Sea,47,1,7.0,30.127988728832836,4.06480728674111,17,165.0,-0.04092020416192996,False
2019-06-29,southern_red_sea,Southern Red Sea,252,831,219.0,182.9519689290571,161.74264332340346,16,962.0,0.6349355921384898,False
2019-06-29,suez_canal,Suez Canal & Gulf of Suez,137,8,13.0,85.77500098023013,5.635837133172029,13,555.0,0.32245123152415167,False
2019-06-29,hormuz,Strait of Hormuz,4,0,0.0,0.8370561280949501,0.0,2,11.0,-0.2267604811394815,False
2019-06-29,persian_gulf,Persian Gulf,26,0,0.0,17.460750377505708,0.0,11,137.0,-0.5905704598661707,False
2019-06-29,bosphorus,Turkish Straits (Bosphorus-Dardanelles),38,0,3.0,25.677862343259555,3.0,11,134.0,0.02416393186493913,False
2019-06-29,northern_red_sea,Northern & Central Red Sea,3,0,3.0,1.4868421746996106,1.4868421746996106,1,13.0,0.8366600265340755,False
2019-07-06,somali_basin,Somali Basin / Horn approaches,55,164,35.0,17.405534833673585,10.046628940594152,7,253.0,-0.29890399471252516,False
2019-07-06,gulf_of_aden,Gulf of Aden,217,671,179.0,122.90488334782705,99.38803525534341,18,972.0,-0.8554954101685135,False
2019-07-06,bosphorus,Turkish Straits (Bosphorus-Dardanelles),27,0,2.0,17.237742643958736,2.0,5,134.0,-0.631706571750863,False
2019-07-06,bab_el_mandeb,Bab-el-Mandeb,135,312,113.0,77.81247523977419,63.032986882057386,10,602.0,-0.9255512899297801,False
2019-07-06,gulf_of_oman,Gulf of Oman,1,0,0.0,0.3194920387726188,0.0,1,5.0,-0.5139561687500467,False
2019-07-06,hormuz,Strait of Hormuz,3,0,0.0,1.51408833018625,0.0,2,13.0,-0.3493070573697356,False
2019-07-06,persian_gulf,Persian Gulf,24,0,1.0,18.080692460011132,1.0,12,135.0,-0.6628791523015262,False
2019-07-06,suez_canal,Suez Canal & Gulf of Suez,128,7,20.0,82.74392090182964,12.712801201840854,15,558.0,0.38521991164938213,False
2019-07-06,eastern_med,Eastern Mediterranean,559,364,421.0,443.65081589773354,316.5264383742512,32,2145.0,0.46115463320089933,False
2019-07-06,southern_red_sea,Southern Red Sea,206,668,179.0,155.53079638055294,137.60269532001644,15,945.0,-1.3908465786274276,False
2019-07-06,india_west_coast,India West Coast corridor,1,0,1.0,1.0,1.0,1,5.0,-0.5400617248673217,False
2019-07-06,arabian_sea,Arabian Sea (open),1,0,1.0,0.7111250849101136,0.7111250849101136,1,5.0,-0.353553390593274,False
2019-07-06,northern_red_sea,Northern & Central Red Sea,3,0,3.0,1.4868421746996106,1.4868421746996106,1,12.0,0.6437963064592139,False
2019-07-06,black_sea,Black Sea,33,5,5.0,19.91158487815279,2.69446676262129,11,164.0,-0.7655921410887431,False
2019-07-13,hormuz,Strait of Hormuz,7,0,0.0,4.580011963001825,0.0,2,19.0,0.02422507915557546,False
2019-07-13,eastern_med,Eastern Mediterranean,585,180,424.0,455.2591624059234,308.58554352547765,39,2271.0,1.009088661310869,False
2019-07-13,suez_canal,Suez Canal & Gulf of Suez,126,24,25.0,72.26370625177654,14.561928120833418,16,564.0,0.27889525967731077,False
2019-07-13,bab_el_mandeb,Bab-el-Mandeb,136,248,122.0,71.9152907788008,64.47301150556328,10,563.0,-0.700185963777404,False
2019-07-13,gulf_of_oman,Gulf of Oman,4,0,0.0,1.2779681550904751,0.0,1,8.0,-0.09508591800327655,False
2019-07-13,southern_red_sea,Southern Red Sea,200,529,182.0,156.4304916123137,142.8005424234399,16,875.0,-1.2901171163553498,False
2019-07-13,black_sea,Black Sea,42,9,6.0,26.513993414705386,3.183650592364917,13,164.0,0.29422765005558515,False
2019-07-13,northern_red_sea,Northern & Central Red Sea,2,0,2.0,0.9912281164664071,0.9912281164664071,1,11.0,-0.3157270091452383,False
2019-07-13,persian_gulf,Persian Gulf,28,1,1.0,20.558441994309852,0.7753129895853472,12,134.0,-0.4337246865541665,False
2019-07-13,bosphorus,Turkish Straits (Bosphorus-Dardanelles),31,0,1.0,20.91762257850493,1.0,7,129.0,0.032606494369850435,False
2019-07-13,gulf_of_aden,Gulf of Aden,204,536,181.0,117.41962734856827,103.56671985252655,16,898.0,-1.157695750147461,False
2019-07-13,somali_basin,Somali Basin / Horn approaches,43,109,37.0,11.16548853504552,9.506903290122063,5,248.0,-1.0372438827134938,False
2019-07-20,gulf_of_aden,Gulf of Aden,220,559,191.0,129.8208116651909,111.91445904120081,18,901.0,-0.640766188838952,False
2019-07-20,southern_red_sea,Southern Red Sea,218,579,193.0,169.01613430070242,151.31744840624046,17,876.0,-0.6012536049503914,False
2019-07-20,somali_basin,Somali Basin / Horn approaches,60,132,49.0,19.215671333421916,14.646966681461578,5,239.0,0.08880453854886262,False
2019-07-20,hormuz,Strait of Hormuz,2,0,0.0,0.38667464200121676,0.0,1,16.0,-0.48564293117863205,False
2019-07-20,persian_gulf,Persian Gulf,37,0,0.0,30.286031681518043,0.0,13,115.0,-0.0767771895949914,False
2019-07-20,gulf_of_oman,Gulf of Oman,1,0,0.0,0.26869521049402056,0.0,1,8.0,-0.5115488666693087,False
2019-07-20,suez_canal,Suez Canal & Gulf of Suez,101,17,24.0,56.798746964880614,9.435875682825266,14,492.0,-0.5353131316453711,False
2019-07-20,northern_red_sea,Northern & Central Red Sea,5,0,5.0,2.4780702911660177,2.4780702911660177,1,13.0,2.3385358667337126,True
2019-07-20,bab_el_mandeb,Bab-el-Mandeb,148,235,129.0,82.50721784243382,71.08281509298206,11,580.0,-0.2352421082369941,False
2019-07-20,eastern_med,Eastern Mediterranean,569,266,446.0,436.4074336485712,329.38492595506835,36,2315.0,0.60256658456469,False
2019-07-20,black_sea,Black Sea,49,6,8.0,28.879607338091347,2.8088974953180497,12,171.0,1.7170464197694293,False
2019-07-20,bosphorus,Turkish Straits (Bosphorus-Dardanelles),42,0,2.0,28.884794015882928,1.4106535261051971,9,138.0,2.0332888500994177,True
2019-07-27,somali_basin,Somali Basin / Horn approaches,54,279,39.0,17.21656537798653,11.881856389866517,6,212.0,-0.09044389061688393,False
2019-07-27,suez_canal,Suez Canal & Gulf of Suez,104,28,28.0,61.13031634287097,12.568151189347622,13,459.0,-0.5561865103932595,False
2019-07-27,northern_red_sea,Northern & Central Red Sea,2,0,2.0,0.9912281164664071,0.9912281164664071,1,12.0,-0.8366600265340755,False
2019-07-27,persian_gulf,Persian Gulf,117,1,1.0,104.63304836980923,0.7753129895853472,14,206.0,7.97035233372329,True
2019-07-27,black_sea,Black Sea,58,2,4.0,34.53593216876123,1.8145127197840074,17,182.0,2.4658839705762103,True
2019-07-27,gulf_of_oman,Gulf of Oman,5,1,1.0,1.5466633655844957,0.26869521049402056,2,11.0,0.01585903699238878,False
2019-07-27,bosphorus,Turkish Straits (Bosphorus-Dardanelles),56,0,1.0,36.179893141621115,1.0,13,156.0,3.541263113659965,True
2019-07-27,gulf_of_aden,Gulf of Aden,212,761,181.0,118.80052089946533,96.86737176690717,17,853.0,-0.7791443501586559,False
2019-07-27,bab_el_mandeb,Bab-el-Mandeb,133,331,108.0,72.61018688213665,59.308455464881845,10,552.0,-0.7449553824695048,False
2019-07-27,eastern_med,Eastern Mediterranean,492,352,364.0,372.35820591341087,262.8125722192016,37,2205.0,-0.7581455115946055,False
2019-07-27,hormuz,Strait of Hormuz,12,0,0.0,5.992646476652483,0.0,3,24.0,4.262320128915232,True
2019-07-27,southern_red_sea,Southern Red Sea,205,746,180.0,161.75635871836465,144.01644733594443,16,829.0,-0.9677396239522917,False
2019-08-03,gulf_of_aden,Gulf of Aden,207,582,178.0,128.68527440435298,106.94617252240232,18,843.0,-0.8147719328319551,False
2019-08-03,black_sea,Black Sea,38,0,5.0,22.75119806508766,2.2647624402532323,13,187.0,-0.6631436085053267,False
2019-08-03,suez_canal,Suez Canal & Gulf of Suez,124,8,15.0,73.81818181341539,6.0667906762488855,15,455.0,-0.12341645493792894,False
2019-08-03,eastern_med,Eastern Mediterranean,432,239,286.0,347.64220886190725,216.31687454410778,39,2078.0,-2.2618765436849553,False
2019-08-03,southern_red_sea,Southern Red Sea,209,608,182.0,147.198587710121,131.11814949705143,17,832.0,-0.60390865694311,False
2019-08-03,persian_gulf,Persian Gulf,25,1,2.0,20.908757629621483,2.0,11,207.0,-0.5636139754607181,False
2019-08-03,northern_red_sea,Northern & Central Red Sea,3,0,3.0,1.4868421746996106,1.4868421746996106,1,12.0,-0.12613124477737822,False
2019-08-03,bosphorus,Turkish Straits (Bosphorus-Dardanelles),35,0,1.0,21.669170171188533,1.0,10,164.0,-0.1311901581386594,False
2019-08-03,somali_basin,Somali Basin / Horn approaches,67,167,52.0,28.922850701782103,21.631571238793224,6,224.0,0.7724963043861196,False
2019-08-03,bab_el_mandeb,Bab-el-Mandeb,140,217,118.0,76.10002767941764,63.347923273165385,11,557.0,-0.15766775783143308,False
2019-08-10,eastern_med,Eastern Mediterranean,458,486,335.0,395.21968098053947,280.4880922791021,29,1951.0,-1.132482242786359,False
2019-08-10,northern_red_sea,Northern & Central Red Sea,4,0,4.0,1.9824562329328141,1.9824562329328141,1,14.0,1.080123449734643,False
2019-08-10,bosphorus,Turkish Straits (Bosphorus-Dardanelles),20,0,1.0,10.270800153387732,0.2075367815352877,5,153.0,-1.9576648594516395,False
2019-08-10,black_sea,Black Sea,23,4,4.0,11.494651415423329,1.720408430880775,6,168.0,-2.765394505136173,False
2019-08-10,somali_basin,Somali Basin / Horn approaches,55,121,41.0,21.818242843149623,14.699479435795002,5,236.0,-0.3751590740818325,False
2019-08-10,hormuz,Strait of Hormuz,2,0,0.0,0.38667464200121676,0.0,1,23.0,-0.6417412346542345,False
2019-08-10,gulf_of_aden,Gulf of Aden,188,444,169.0,106.96093639544777,90.74569117656083,13,827.0,-1.4412453316255085,False
2019-08-10,bab_el_mandeb,Bab-el-Mandeb,130,178,112.0,76.68311585346872,65.23591558711864,8,551.0,-0.9514738445184947,False
2019-08-10,suez_canal,Suez Canal & Gulf of Suez,115,19,35.0,79.02457284444225,24.089834972734664,14,444.0,-0.5213869532712566,False
2019-08-10,persian_gulf,Persian Gulf,25,0,1.0,22.28105504813478,1.0,7,204.0,-0.5583015193701222,False
2019-08-10,southern_red_sea,Southern Red Sea,188,444,169.0,147.45780303429012,137.10277664428077,12,820.0,-1.354533133224572,False
2019-08-17,somali_basin,Somali Basin / Horn approaches,37,42,23.0,13.289095019050333,8.464683092689986,6,213.0,-2.0236289562423155,False
2019-08-17,eastern_med,Eastern Mediterranean,489,421,309.0,420.05001309172104,260.0709657401755,35,1871.0,-0.6264041622799932,False
2019-08-17,gulf_of_aden,Gulf of Aden,201,377,154.0,118.93228534252945,84.62240942868652,19,808.0,-0.7090741660969404,False
2019-08-17,bosphorus,Turkish Straits (Bosphorus-Dardanelles),52,2,2.0,35.117581884585185,1.8113405823237476,14,163.0,1.559525807107406,False
2019-08-17,southern_red_sea,Southern Red Sea,178,362,149.0,138.5935524216043,118.11210946656885,17,780.0,-1.8015722743565614,False
2019-08-17,bab_el_mandeb,Bab-el-Mandeb,124,125,102.0,66.88985247823967,53.06700207389106,12,527.0,-1.452616251038206,False
2019-08-17,northern_red_sea,Northern & Central Red Sea,1,0,1.0,0.49561405823320354,0.49561405823320354,1,10.0,-2.14423116121543,False
2019-08-17,black_sea,Black Sea,58,3,4.0,37.511635768916854,2.5308595035671653,19,177.0,1.5571185955509594,False
2019-08-17,arabian_sea,Arabian Sea (open),1,0,1.0,0.7111250849101136,0.7111250849101136,1,4.0,-0.353553390593274,False
2019-08-17,persian_gulf,Persian Gulf,22,0,2.0,19.554744664124946,1.7753129895853472,9,189.0,-0.6314266089337823,False
2019-08-17,hormuz,Strait of Hormuz,1,0,0.0,0.19333732100060838,0.0,1,17.0,-0.9761033642897551,False
2019-08-17,india_west_coast,India West Coast corridor,1,0,1.0,1.0,1.0,1,4.0,-0.5400617248673217,False
2019-08-17,suez_canal,Suez Canal & Gulf of Suez,135,6,29.0,88.10921000044878,20.682640956352017,13,478.0,0.3986383775476325,False
2019-08-24,bosphorus,Turkish Straits (Bosphorus-Dardanelles),39,0,1.0,27.792293632371578,1.0,15,146.0,0.11292216412711009,False
2019-08-24,hormuz,Strait of Hormuz,3,1,1.0,0.5800119630018251,0.19333732100060838,1,18.0,-0.4183300132670379,False
2019-08-24,eastern_med,Eastern Mediterranean,463,407,307.0,408.4410529296643,266.0166740112689,43,1842.0,-0.9506097715402624,False
2019-08-24,black_sea,Black Sea,47,7,5.0,30.586769054180966,2.2119219156238272,16,166.0,0.2890968662069511,False
2019-08-24,suez_canal,Suez Canal & Gulf of Suez,126,12,25.0,83.86342053576683,16.587877326251707,16,500.0,0.3541143641957036,False
2019-08-24,gulf_of_aden,Gulf of Aden,257,916,187.0,170.16721189331673,110.33782081947443,16,853.0,2.0421659948884883,True
2019-08-24,northern_red_sea,Northern & Central Red Sea,6,0,6.0,2.973684349399221,2.973684349399221,1,14.0,2.5071736158929805,True
2019-08-24,gulf_of_oman,Gulf of Oman,1,0,0.0,0.26869521049402056,0.0,1,11.0,-0.49163014676405214,False
2019-08-24,persian_gulf,Persian Gulf,29,1,2.0,22.716680958476232,1.2289057093851112,9,101.0,-0.2791548542571041,False
2019-08-24,bab_el_mandeb,Bab-el-Mandeb,151,313,109.0,75.21800158445961,54.06287430403934,10,545.0,1.095388358222788,False
2019-08-24,somali_basin,Somali Basin / Horn approaches,84,262,46.0,33.835477169889565,18.417251658361206,7,243.0,2.0210600292854495,True
2019-08-24,southern_red_sea,Southern Red Sea,215,782,181.0,158.04922622984995,137.10682229428568,15,790.0,0.3626742195798541,False
2019-08-31,persian_gulf,Persian Gulf,24,0,0.0,18.80188351560397,0.0,10,100.0,-0.4478502056964492,False
2019-08-31,bab_el_mandeb,Bab-el-Mandeb,134,271,108.0,69.86495614956094,57.10404052258598,11,539.0,-0.34787471578150303,False
2019-08-31,black_sea,Black Sea,56,0,2.0,27.917532971937106,1.1133815702909884,12,184.0,1.0324888078819683,False
2019-08-31,eastern_med,Eastern Mediterranean,350,110,169.0,297.18799427230215,143.98889147234033,44,1760.0,-2.7115066940338735,False
2019-08-31,suez_canal,Suez Canal & Gulf of Suez,117,14,19.0,72.54078014995947,8.428932613162836,21,493.0,-0.23830130241959527,False
2019-08-31,hormuz,Strait of Hormuz,3,0,0.0,0.5800119630018251,0.0,1,9.0,-0.3457390911159499,False
2019-08-31,southern_red_sea,Southern Red Sea,209,575,182.0,164.04171496004815,146.2143449278709,16,790.0,0.49110176539101014,False
2019-08-31,somali_basin,Somali Basin / Horn approaches,46,52,28.0,16.49354776355429,8.610038378723125,6,222.0,-0.7553761821313952,False
2019-08-31,northern_red_sea,Northern & Central Red Sea,2,0,2.0,0.9912281164664071,0.9912281164664071,1,13.0,-0.7489308618940975,False
2019-08-31,bosphorus,Turkish Straits (Bosphorus-Dardanelles),44,0,1.0,28.423807295324625,0.45718568703399737,8,155.0,0.5128812124138824,False
2019-08-31,gulf_of_aden,Gulf of Aden,221,645,181.0,131.03218301280504,98.796695430033,17,867.0,0.381583622035933,False
2019-09-07,hormuz,Strait of Hormuz,1,0,0.0,1.0,0.0,1,8.0,-0.8579256023487966,False
2019-09-07,bosphorus,Turkish Straits (Bosphorus-Dardanelles),63,0,1.0,44.61814249765429,0.2159169910087287,10,198.0,2.0096488422903334,True
2019-09-07,southern_red_sea,Southern Red Sea,201,523,190.0,159.60835611301502,152.12132102842813,14,803.0,-0.12824237457244722,False
2019-09-07,gulf_of_aden,Gulf of Aden,216,525,197.0,116.1818067536081,101.25153615156356,17,895.0,0.10994781141461069,False
2019-09-07,suez_canal,Suez Canal & Gulf of Suez,138,6,35.0,95.08152729348393,28.221086207191732,20,516.0,1.6774055018864051,False
2019-09-07,black_sea,Black Sea,63,2,2.0,37.365720145396935,0.5398035641369607,12,224.0,1.3868793022755608,False
2019-09-07,persian_gulf,Persian Gulf,22,0,0.0,16.66115474123148,0.0,10,97.0,-0.5101597995324769,False
2019-09-07,somali_basin,Somali Basin / Horn approaches,42,77,32.0,15.979011517822721,12.01404791984288,7,209.0,-0.9223945121963056,False
2019-09-07,eastern_med,Eastern Mediterranean,366,34,217.0,322.57384268662724,190.52957321639894,38,1668.0,-1.5210672264485734,False
2019-09-07,gulf_of_oman,Gulf of Oman,2,0,0.0,0.5881872492666393,0.0,2,9.0,0.0,False
2019-09-07,bab_el_mandeb,Bab-el-Mandeb,126,178,112.0,65.51488146962717,58.62840534173284,11,535.0,-1.2190016047080068,False
2019-09-14,bab_el_mandeb,Bab-el-Mandeb,89,71,71.0,43.80653377007594,33.4392078132833,9,500.0,-4.751995114115289,False
2019-09-14,persian_gulf,Persian Gulf,26,0,3.0,20.386616303042224,2.5506259791706944,13,101.0,-0.35831984119839155,False
2019-09-14,arabian_sea,Arabian Sea (open),1,0,1.0,0.7111250849101136,0.7111250849101136,1,4.0,-0.353553390593274,False
2019-09-14,hormuz,Strait of Hormuz,2,0,0.0,1.1933373210006084,0.0,2,9.0,-0.49392216776197806,False
2019-09-14,gulf_of_aden,Gulf of Aden,192,431,172.0,103.43517264318658,87.33170981269875,15,886.0,-1.1576521460414158,False
2019-09-14,black_sea,Black Sea,67,1,5.0,38.30903176511408,2.1142345133988414,16,233.0,1.370212919114604,False
2019-09-14,bosphorus,Turkish Straits (Bosphorus-Dardanelles),56,0,2.0,36.75309726081881,2.0,10,202.0,0.9055877386018409,False
2019-09-14,eastern_med,Eastern Mediterranean,418,58,235.0,351.9793071712822,194.13037486260058,42,1597.0,-0.4860395816233407,False
2019-09-14,suez_canal,Suez Canal & Gulf of Suez,124,4,17.0,78.07124937614778,9.892881460018907,17,505.0,0.29909341184583094,False
2019-09-14,gulf_of_oman,Gulf of Oman,2,0,0.0,0.5881872492666393,0.0,2,10.0,-0.08050764858994125,False
2019-09-14,somali_basin,Somali Basin / Horn approaches,37,48,24.0,13.500830991285415,8.516402830291225,5,209.0,-1.2389655197250486,False
2019-09-14,india_west_coast,India West Coast corridor,1,0,1.0,1.0,1.0,1,4.0,-0.35355339059327373,False
2019-09-14,southern_red_sea,Southern Red Sea,161,394,147.0,130.4634383219606,121.61231680302804,12,786.0,-3.0741153616076016,False
2019-09-21,suez_canal,Suez Canal & Gulf of Suez,160,15,26.0,91.02171689019676,9.415021570352515,17,539.0,3.3872695808451025,True
2019-09-21,black_sea,Black Sea,64,0,7.0,38.75317867141186,4.7311880050443875,19,250.0,0.873469160371446,False
2019-09-21,bab_el_mandeb,Bab-el-Mandeb,127,115,99.0,65.83943046724107,52.600003139834506,10,476.0,-0.07622312922141732,False
2019-09-21,eastern_med,Eastern Mediterranean,420,65,205.0,364.1671478414498,174.7173616478887,46,1554.0,-0.2541939543942137,False
2019-09-21,gulf_of_aden,Gulf of Aden,216,417,183.0,121.95348886462843,99.46000610746727,16,845.0,0.19743811631342414,False
2019-09-21,bosphorus,Turkish Straits (Bosphorus-Dardanelles),58,0,4.0,36.3033351652953,3.2689610297146285,14,221.0,0.8833251934169404,False
2019-09-21,persian_gulf,Persian Gulf,36,0,2.0,27.128946387859845,2.0,10,108.0,-0.007643998813651473,False
2019-09-21,hormuz,Strait of Hormuz,1,0,0.0,0.257044165093125,0.0,1,7.0,-0.6223303640087098,False
2019-09-21,southern_red_sea,Southern Red Sea,190,386,170.0,155.4128296342055,137.74223388149244,13,761.0,-0.30940948527155326,False
2019-09-21,somali_basin,Somali Basin / Horn approaches,43,83,30.0,12.159153438470293,8.16521951334934,5,168.0,-0.6008029614901995,False
2019-09-28,persian_gulf,Persian Gulf,63,44,2.0,38.16423324339942,1.3497368919373212,13,147.0,8.050208137919618,True
2019-09-28,gulf_of_oman,Gulf of Oman,5,0,0.0,1.5466633655844957,0.0,2,10.0,1.8480591388386776,False
2019-09-28,bab_el_mandeb,Bab-el-Mandeb,90,59,75.0,48.478891159660535,39.90282273157921,11,432.0,-2.0968174171863474,False
2019-09-28,bosphorus,Turkish Straits (Bosphorus-Dardanelles),45,2,2.0,31.536698081813917,1.5999622532472528,9,222.0,-0.0614589313824627,False
2019-09-28,somali_basin,Somali Basin / Horn approaches,26,8,17.0,8.098493696643796,4.499105095970203,7,148.0,-1.531413609145622,False
2019-09-28,northern_red_sea,Northern & Central Red Sea,2,2,2.0,2.0,2.0,1,11.0,-0.6514608181654445,False
2019-09-28,suez_canal,Suez Canal & Gulf of Suez,156,9,27.0,88.51490080734173,13.054613792362836,18,578.0,1.802259966682747,False
2019-09-28,eastern_med,Eastern Mediterranean,436,59,244.0,381.0986088092246,201.5736477057391,42,1640.0,0.2416295481660359,False
2019-09-28,hormuz,Strait of Hormuz,8,0,0.0,4.964469816279983,0.0,3,12.0,1.324182199708075,False
2019-09-28,black_sea,Black Sea,46,7,4.0,29.803665548006176,2.0211754497535175,9,240.0,-0.39636754650222905,False
2019-09-28,gulf_of_aden,Gulf of Aden,133,180,114.0,73.64779093795309,60.62776108324121,17,757.0,-3.6725929669770396,False
2019-09-28,southern_red_sea,Southern Red Sea,124,179,111.0,102.5218756080609,92.53930793464069,14,676.0,-3.824310092885654,False
2019-10-05,suez_canal,Suez Canal & Gulf of Suez,162,13,26.0,91.94783597344963,12.668689953452994,16,602.0,1.6677062432481886,False
2019-10-05,southern_red_sea,Southern Red Sea,171,321,120.0,122.7533620265043,90.00949144138322,12,646.0,-0.4153991672746635,False
2019-10-05,bosphorus,Turkish Straits (Bosphorus-Dardanelles),64,0,2.0,38.81177761272271,1.2689610297146285,13,223.0,1.2436191517923263,False
2019-10-05,black_sea,Black Sea,68,3,5.0,39.51963115346917,2.3537910086908864,15,245.0,1.0472806010719353,False
2019-10-05,gulf_of_oman,Gulf of Oman,2,0,0.0,0.6389840775452376,0.0,1,11.0,-0.3535533905932735,False
2019-10-05,bab_el_mandeb,Bab-el-Mandeb,146,185,97.0,85.5530059370884,53.873152913493506,10,452.0,1.1510322111844273,False
2019-10-05,somali_basin,Somali Basin / Horn approaches,78,155,37.0,25.854923847597032,9.912597498225324,7,184.0,1.8280884584156645,False
2019-10-05,eastern_med,Eastern Mediterranean,506,217,271.0,390.7138680719016,193.94207094147893,43,1780.0,1.6979549014793194,False
2019-10-05,india_west_coast,India West Coast corridor,1,0,1.0,1.0,1.0,1,4.0,-0.35355339059327373,False
2019-10-05,gulf_of_aden,Gulf of Aden,196,332,133.0,131.1606491253678,85.43471714462909,17,737.0,-0.19711328591770313,False
2019-10-05,arabian_sea,Arabian Sea (open),1,0,1.0,0.7111250849101136,0.7111250849101136,1,4.0,-0.353553390593274,False
2019-10-05,persian_gulf,Persian Gulf,35,15,1.0,21.817612517444505,1.0,13,160.0,0.29983720462649954,False
2019-10-05,hormuz,Strait of Hormuz,6,0,0.0,2.7733492840024336,0.0,2,17.0,1.4509300533802387,False
2019-10-12,southern_red_sea,Southern Red Sea,183,343,139.0,150.7994743454073,117.48102852941774,12,668.0,0.06310962322263355,False
2019-10-12,persian_gulf,Persian Gulf,16,0,0.0,10.122034146252567,0.0,5,150.0,-1.1855907991402745,False
2019-10-12,bosphorus,Turkish Straits (Bosphorus-Dardanelles),61,1,3.0,39.37348368368486,2.599962253247253,14,228.0,0.9077290894606909,False
2019-10-12,bab_el_mandeb,Bab-el-Mandeb,140,154,96.0,78.7981417612063,53.99457154690424,10,503.0,0.7227407020307076,False
2019-10-12,eastern_med,Eastern Mediterranean,642,288,287.0,481.04150750743725,197.91187182262192,43,2004.0,3.8419014170145274,True
2019-10-12,somali_basin,Somali Basin / Horn approaches,52,112,31.0,17.555257122113332,8.604179973713205,6,199.0,0.13941405831435788,False
2019-10-12,gulf_of_aden,Gulf of Aden,200,347,146.0,116.19723207641927,78.85209770385606,17,745.0,-0.11382866233224394,False
2019-10-12,black_sea,Black Sea,69,1,3.0,39.968735142486814,1.9141133497247997,18,247.0,1.2180320267599962,False
2019-10-12,suez_canal,Suez Canal & Gulf of Suez,144,14,21.0,77.59014588656925,8.940780044203702,15,622.0,0.242532098963579,False
2019-10-19,gulf_of_oman,Gulf of Oman,1,0,0.0,0.3194920387726188,0.0,1,10.0,-1.0485032066517357,False
2019-10-19,hormuz,Strait of Hormuz,2,0,0.0,1.257044165093125,0.0,2,17.0,-0.43474130238568337,False
2019-10-19,southern_red_sea,Southern Red Sea,162,335,129.0,130.3706813490728,106.96850611455197,14,640.0,-0.6652595775599873,False
2019-10-19,bosphorus,Turkish Straits (Bosphorus-Dardanelles),41,0,0.0,26.751612069024098,0.0,12,211.0,-1.3175674486315,False
2019-10-19,suez_canal,Suez Canal & Gulf of Suez,223,26,26.0,109.61057877404646,13.786912486286683,15,685.0,4.70260148654557,True
2019-10-19,black_sea,Black Sea,49,2,6.0,28.713935669151923,1.9236531465206483,17,232.0,-1.1881357947080813,False
2019-10-19,eastern_med,Eastern Mediterranean,957,146,245.0,870.8535279154187,182.8163496853241,41,2541.0,5.505012150331229,True
2019-10-19,bab_el_mandeb,Bab-el-Mandeb,107,171,81.0,62.392703583073335,45.785094792876656,11,483.0,-0.7737393264896639,False
2019-10-19,gulf_of_aden,Gulf of Aden,187,355,142.0,105.94745605907947,78.38853607312781,19,716.0,-0.4800238138355588,False
2019-10-19,persian_gulf,Persian Gulf,45,22,2.0,25.132267837898695,0.7648404277853535,12,159.0,0.947370803422874,False
2019-10-19,somali_basin,Somali Basin / Horn approaches,49,125,30.0,15.830069559025489,8.057026532919613,7,205.0,-0.09982190546862894,False
2019-10-26,suez_canal,Suez Canal & Gulf of Suez,188,8,32.0,105.49857827830373,19.96888503667639,15,717.0,1.0705530975980544,False
2019-10-26,somali_basin,Somali Basin / Horn approaches,52,107,28.0,18.665738219299538,7.458476589563773,6,231.0,0.35868935262962665,False
2019-10-26,persian_gulf,Persian Gulf,66,4,1.0,34.89550082461219,1.0,10,162.0,2.160728024095072,True
2019-10-26,bab_el_mandeb,Bab-el-Mandeb,130,131,104.0,71.46234110459143,56.374509063917515,11,523.0,0.4603037019863874,False
2019-10-26,southern_red_sea,Southern Red Sea,180,226,157.0,142.48094361204366,127.72531046181984,14,696.0,0.1805577669859968,False
2019-10-26,bosphorus,Turkish Straits (Bosphorus-Dardanelles),40,0,2.0,24.449584048715433,0.9143713740679947,12,206.0,-1.5121728296284804,False
2019-10-26,black_sea,Black Sea,44,0,4.0,25.76536667996838,2.258442604231348,14,230.0,-1.8307524623559357,False
2019-10-26,eastern_med,Eastern Mediterranean,748,201,238.0,678.6454463524796,191.55017693013468,42,2853.0,1.1689993384676727,False
2019-10-26,gulf_of_aden,Gulf of Aden,198,234,162.0,114.1819866286499,88.07653839095835,17,781.0,0.10255833955152724,False
2019-11-02,hormuz,Strait of Hormuz,1,0,0.0,0.19333732100060838,0.0,1,17.0,-0.9025825017214736,False
2019-11-02,bosphorus,Turkish Straits (Bosphorus-Dardanelles),37,0,0.0,24.87925452235736,0.0,11,179.0,-1.6571172149177866,False
2019-11-02,eastern_med,Eastern Mediterranean,905,216,357.0,803.6277727141021,282.59437592899764,43,3252.0,1.6716708412737897,False
2019-11-02,gulf_of_oman,Gulf of Oman,1,0,0.0,0.26869521049402056,0.0,1,9.0,-0.8160150140436467,False
2019-11-02,bab_el_mandeb,Bab-el-Mandeb,139,160,85.0,80.96372468443687,48.6787387865911,10,516.0,0.9055262332980564,False
2019-11-02,suez_canal,Suez Canal & Gulf of Suez,202,10,31.0,113.90820157768201,17.691839985641526,19,757.0,1.289202669538085,False
2019-11-02,southern_red_sea,Southern Red Sea,176,236,121.0,137.44830275494488,99.38797604850807,13,701.0,0.19128535690058485,False
2019-11-02,gulf_of_aden,Gulf of Aden,186,236,126.0,113.919551658713,69.68612740605799,16,771.0,-0.23933740279063775,False
2019-11-02,black_sea,Black Sea,46,4,2.0,27.528291590944193,0.8116741239122026,17,208.0,-1.208234256774345,False
2019-11-02,persian_gulf,Persian Gulf,58,18,3.0,35.553174407282434,1.7648404277853535,11,185.0,1.0570209945593043,False
2019-11-02,somali_basin,Somali Basin / Horn approaches,64,77,31.0,20.52277998645749,9.045710920260948,7,217.0,1.1010606406308239,False
2019-11-09,suez_canal,Suez Canal & Gulf of Suez,288,63,105.0,191.57259475712866,92.23056726320074,17,901.0,3.6556581276458044,True
2019-11-09,southern_red_sea,Southern Red Sea,178,287,139.0,132.99519348637048,108.28567802625595,14,696.0,0.46918335967143177,False
2019-11-09,somali_basin,Somali Basin / Horn approaches,61,124,37.0,19.604011675884053,11.026131860136656,7,226.0,0.6814246472533229,False
2019-11-09,black_sea,Black Sea,51,4,7.0,26.875309909965047,2.504444899434001,14,190.0,-0.4994541579201356,False
2019-11-09,gulf_of_oman,Gulf of Oman,4,0,0.0,1.1763744985332787,0.0,2,8.0,0.9643813802334007,False
2019-11-09,gulf_of_aden,Gulf of Aden,190,292,143.0,122.32699045070689,87.2902422079754,18,761.0,0.061709213893094396,False
2019-11-09,persian_gulf,Persian Gulf,97,11,2.0,58.74536023699681,1.2289057093851112,14,266.0,2.9793756591679466,True
2019-11-09,hormuz,Strait of Hormuz,8,2,0.0,3.3511444582812002,0.0,3,17.0,1.9094065395649342,False
2019-11-09,eastern_med,Eastern Mediterranean,1005,308,435.0,901.264661234746,356.39978679410143,43,3615.0,1.7094188987281682,False
2019-11-09,bosphorus,Turkish Straits (Bosphorus-Dardanelles),38,0,2.0,25.152545067951927,1.4106535261051971,9,156.0,-1.1520190191979391,False
2019-11-09,bab_el_mandeb,Bab-el-Mandeb,152,237,117.0,88.37688461311161,65.0005165251078,11,528.0,1.3654551802325645,False
2019-11-16,southern_red_sea,Southern Red Sea,181,166,151.0,137.53036475254507,117.34621340236667,14,715.0,0.5116518861939815,False
2019-11-16,somali_basin,Somali Basin / Horn approaches,91,106,65.0,28.66248275920558,19.229684368679333,6,268.0,2.46182279672186,True
2019-11-16,eastern_med,Eastern Mediterranean,690,260,337.0,586.6286979185409,260.820678225504,41,3348.0,-0.0522636716649085,False
2019-11-16,persian_gulf,Persian Gulf,144,116,3.0,98.50751235715775,1.8302070716960646,16,365.0,3.7258437839676573,True
2019-11-16,hormuz,Strait of Hormuz,19,18,0.0,5.668975521565442,0.0,3,30.0,4.866348798238581,True
2019-11-16,bab_el_mandeb,Bab-el-Mandeb,171,139,135.0,100.1933595217168,80.69536409448169,11,592.0,2.0184552449809585,True
2019-11-16,gulf_of_aden,Gulf of Aden,199,186,156.0,139.15202398114906,105.02057351882665,17,773.0,0.4428118032024295,False
2019-11-16,gulf_of_oman,Gulf of Oman,6,0,0.0,1.7137649195213198,0.0,2,12.0,2.520080643870924,True
2019-11-16,suez_canal,Suez Canal & Gulf of Suez,152,6,28.0,81.47597383712548,12.082101122633283,16,830.0,-0.8078403924623649,False
2019-11-16,black_sea,Black Sea,59,0,4.0,39.40271524775926,3.444849571973016,12,200.0,0.4144904970865096,False
2019-11-16,bosphorus,Turkish Straits (Bosphorus-Dardanelles),55,0,4.0,38.46759838317794,3.2689610297146285,10,170.0,0.6286185570937063,False
2019-11-23,gulf_of_aden,Gulf of Aden,180,152,139.0,122.31735936181411,88.7263671515753,15,755.0,-0.27650287064674506,False
2019-11-23,eastern_med,Eastern Mediterranean,751,194,313.0,668.1575481289608,252.0163393571174,40,3351.0,0.0714071182163334,False
2019-11-23,bab_el_mandeb,Bab-el-Mandeb,151,114,119.0,77.19231579946381,61.625140655575514,11,613.0,0.6500978189320125,False
2019-11-23,arabian_sea,Arabian Sea (open),1,0,1.0,0.7111250849101136,0.7111250849101136,1,4.0,-0.353553390593274,False
2019-11-23,somali_basin,Somali Basin / Horn approaches,56,44,38.0,16.931366832342714,10.652144778666756,6,272.0,-0.1590914350138775,False
2019-11-23,suez_canal,Suez Canal & Gulf of Suez,236,14,36.0,136.89833975401282,24.329421423478667,16,878.0,0.9650950327029568,False
2019-11-23,hormuz,Strait of Hormuz,1,0,0.0,0.257044165093125,0.0,1,29.0,-0.8016385320514052,False
2019-11-23,southern_red_sea,Southern Red Sea,154,152,125.0,126.38141463852486,104.79290033410595,13,689.0,-0.7875559297010847,False
2019-11-23,india_west_coast,India West Coast corridor,1,0,1.0,1.0,1.0,1,4.0,-0.35355339059327373,False
2019-11-23,black_sea,Black Sea,42,0,5.0,23.083699946565833,2.7264919006679182,12,198.0,-1.193201078426962,False
2019-11-23,persian_gulf,Persian Gulf,72,63,3.0,46.17630909433433,1.7648404277853535,8,371.0,0.16383662485603923,False
2019-11-23,bosphorus,Turkish Straits (Bosphorus-Dardanelles),40,0,3.0,23.783709348218512,2.410653526105197,10,170.0,-0.7062802387869312,False
2019-11-30,southern_red_sea,Southern Red Sea,151,104,119.0,119.10778426527314,95.13672793995823,16,664.0,-2.1623069578206264,False
2019-11-30,gulf_of_oman,Gulf of Oman,1,0,0.0,0.26869521049402056,0.0,1,12.0,-0.994646473899244,False
2019-11-30,black_sea,Black Sea,39,4,3.0,26.697902106443212,1.5494183112940934,15,191.0,-1.3683769476053906,False
2019-11-30,gulf_of_aden,Gulf of Aden,165,130,129.0,110.52619047159742,83.94325579396438,18,734.0,-3.693830671097159,False
2019-11-30,bosphorus,Turkish Straits (Bosphorus-Dardanelles),34,0,1.0,24.41098493178688,1.0,11,167.0,-1.1701337372125193,False
2019-11-30,eastern_med,Eastern Mediterranean,714,323,367.0,633.1941662610251,301.6925535585998,36,3160.0,-0.3624803389278098,False
2019-11-30,suez_canal,Suez Canal & Gulf of Suez,165,8,31.0,89.53523095238772,17.176440444957898,11,841.0,-0.7059362475148723,False
2019-11-30,somali_basin,Somali Basin / Horn approaches,57,53,42.0,19.929625994304637,14.172998213844119,6,265.0,-0.40122189900709315,False
2019-11-30,persian_gulf,Persian Gulf,42,2,2.0,28.614799536624005,1.5271937547533798,9,355.0,-0.6199612110481303,False
2019-11-30,bab_el_mandeb,Bab-el-Mandeb,142,106,112.0,76.01861297100183,59.85138586800123,13,616.0,0.0,False
2019-12-07,gulf_of_aden,Gulf of Aden,197,223,150.0,128.1177945737468,96.48681135374277,15,741.0,0.7551482429154426,False
2019-12-07,suez_canal,Suez Canal & Gulf of Suez,153,12,34.0,84.20870283273042,19.745676611951957,15,706.0,-0.9663930592541071,False
2019-12-07,black_sea,Black Sea,62,5,2.0,38.94261736221042,0.5398035641369607,17,202.0,1.2294109392603072,False
2019-12-07,bosphorus,Turkish Straits (Bosphorus-Dardanelles),56,0,0.0,36.430196940223205,0.0,11,185.0,1.3423708950779765,False
2019-12-07,eastern_med,Eastern Mediterranean,599,140,276.0,535.1897640222544,232.0119838144775,41,2754.0,-1.5019379053972413,False
2019-12-07,persian_gulf,Persian Gulf,52,1,5.0,30.82441059573477,3.0492106758119637,9,310.0,-0.3974919019309876,False
2019-12-07,somali_basin,Somali Basin / Horn approaches,60,123,43.0,20.079928572809777,14.102239312589539,6,264.0,-0.01869707205409243,False
2019-12-07,bab_el_mandeb,Bab-el-Mandeb,166,182,131.0,92.37068813957987,71.85257599583697,11,630.0,1.3226002572456566,False
2019-12-07,hormuz,Strait of Hormuz,1,0,0.0,0.19333732100060838,0.0,1,29.0,-0.7683882877475838,False
2019-12-07,southern_red_sea,Southern Red Sea,181,187,143.0,141.8410482759963,114.35959269705268,13,667.0,0.80322819452768,False
2019-12-07,gulf_of_oman,Gulf of Oman,3,0,0.0,0.8060856314820617,0.0,1,14.0,0.12613124477737817,False
2019-12-14,eastern_med,Eastern Mediterranean,682,287,299.0,623.7369611990703,264.4927949486222,39,2746.0,-0.7996485843879383,False
2019-12-14,persian_gulf,Persian Gulf,72,5,5.0,51.3776571798305,3.1799439636333857,13,238.0,0.0,False
2019-12-14,gulf_of_aden,Gulf of Aden,230,292,165.0,155.97780999009035,102.31435984453857,17,772.0,3.7188756326641266,True
2019-12-14,southern_red_sea,Southern Red Sea,200,279,154.0,152.17799380472468,122.24673466746005,13,686.0,2.3401039188409527,True
2019-12-14,gulf_of_oman,Gulf of Oman,5,1,2.0,1.5127119056912466,0.5373904209880411,2,15.0,1.084510392157527,False
2019-12-14,hormuz,Strait of Hormuz,4,0,0.0,1.636627584178145,0.0,3,25.0,-0.28309042180174143,False
2019-12-14,black_sea,Black Sea,81,0,5.0,49.49540551936968,2.20381989438041,26,224.0,3.964757022266688,True
2019-12-14,suez_canal,Suez Canal & Gulf of Suez,165,13,36.0,103.22277872106633,25.69283979568975,14,719.0,-0.7636467365508041,False
2019-12-14,bab_el_mandeb,Bab-el-Mandeb,179,198,132.0,96.73550406662083,68.80670934118189,11,638.0,1.6782361546088358,False
2019-12-14,somali_basin,Somali Basin / Horn approaches,74,131,43.0,24.440382572682605,11.478663227622505,7,247.0,0.9838930391805044,False
2019-12-14,bosphorus,Turkish Straits (Bosphorus-Dardanelles),66,0,3.0,43.26018698119829,1.7268252946020564,17,196.0,2.8350073856703815,True
2019-12-21,southern_red_sea,Southern Red Sea,212,273,166.0,159.29646359513225,129.06904078543434,15,744.0,2.3329297652094554,True
2019-12-21,bab_el_mandeb,Bab-el-Mandeb,188,168,142.0,106.41722282450179,79.97840068470757,12,675.0,2.018450924092404,True
2019-12-21,gulf_of_aden,Gulf of Aden,234,288,174.0,154.03736267943285,109.03978521192153,18,826.0,2.181801595933815,True
2019-12-21,black_sea,Black Sea,46,0,1.0,28.12393380185539,0.27040041591461966,17,228.0,-0.5036846482195637,False
2019-12-21,hormuz,Strait of Hormuz,6,0,0.0,1.966686605003042,0.0,2,12.0,0.12224186682063994,False
2019-12-21,gulf_of_oman,Gulf of Oman,2,0,0.0,0.5881872492666393,0.0,2,11.0,-0.44656310265309934,False
2019-12-21,bosphorus,Turkish Straits (Bosphorus-Dardanelles),46,0,0.0,29.248759108025705,0.0,16,202.0,0.021556530677961153,False
2019-12-21,suez_canal,Suez Canal & Gulf of Suez,136,22,33.0,81.71410514367543,16.43872814733457,12,619.0,-1.2119259724838338,False
2019-12-21,somali_basin,Somali Basin / Horn approaches,85,117,54.0,27.75431287972342,15.961118450935565,6,276.0,1.6379699980791753,False
2019-12-21,eastern_med,Eastern Mediterranean,551,362,243.0,488.7311979721069,201.04812343627657,40,2546.0,-1.6078119032553182,False
2019-12-21,persian_gulf,Persian Gulf,77,4,5.0,49.42227191834575,2.889890309308022,13,243.0,0.05049369192642544,False
2019-12-28,black_sea,Black Sea,43,0,2.0,28.10286539439809,1.2747091556470467,17,232.0,-0.7465659667474525,False
2019-12-28,southern_red_sea,Southern Red Sea,185,159,154.0,146.18794932162098,125.99289020833648,13,778.0,0.2858514557340863,False
2019-12-28,hormuz,Strait of Hormuz,2,0,0.0,0.4503814860937334,0.0,2,13.0,-0.5297147562227731,False
2019-12-28,suez_canal,Suez Canal & Gulf of Suez,134,10,30.0,78.93473609355789,13.34437817076744,13,588.0,-1.0257376707508998,False
2019-12-28,somali_basin,Somali Basin / Horn approaches,72,125,53.0,21.72916409979065,14.639086008728828,5,291.0,0.26233609114855116,False
2019-12-28,persian_gulf,Persian Gulf,55,1,3.0,40.425632262135586,1.8302070716960646,10,256.0,-0.6805663093583652,False
2019-12-28,gulf_of_aden,Gulf of Aden,231,228,181.0,160.83643551483422,120.50178142245576,15,892.0,1.406432424349615,False
2019-12-28,bosphorus,Turkish Straits (Bosphorus-Dardanelles),38,0,2.0,26.82178191535818,1.377423634057981,12,206.0,-0.7479692270419684,False
2019-12-28,bab_el_mandeb,Bab-el-Mandeb,171,146,142.0,92.29499725262727,75.46134137070325,10,704.0,0.5635639765961608,False
2019-12-28,eastern_med,Eastern Mediterranean,443,153,215.0,384.96689202668466,171.2036193925301,37,2275.0,-1.9476044099697642,False
2020-01-04,persian_gulf,Persian Gulf,37,13,5.0,24.089854426608873,4.190416525433379,12,241.0,-1.2218168636735571,False
2020-01-04,gulf_of_oman,Gulf of Oman,1,0,0.0,1.0,0.0,1,11.0,-0.9569209342566415,False
2020-01-04,gulf_of_aden,Gulf of Aden,214,310,158.0,153.06119325952997,107.56852584998458,16,909.0,0.41630854097109904,False
2020-01-04,arabian_sea,Arabian Sea (open),1,0,0.0,1.0,0.0,1,4.0,-0.353553390593274,False
2020-01-04,bab_el_mandeb,Bab-el-Mandeb,184,234,140.0,99.30142111007807,77.05802149253054,10,722.0,1.2220878928976018,False
2020-01-04,somali_basin,Somali Basin / Horn approaches,94,126,62.0,29.24272353578138,17.916767804042202,5,325.0,1.8482578041412665,False
2020-01-04,southern_red_sea,Southern Red Sea,182,310,144.0,138.11947429316345,113.5398604718147,14,779.0,0.08493744667035043,False
2020-01-04,hormuz,Strait of Hormuz,2,0,0.0,0.5159192912708328,0.0,2,14.0,-0.5297147562227731,False
2020-01-04,black_sea,Black Sea,40,0,3.0,25.569442045711597,1.5451095715616663,13,210.0,-0.9200201293384146,False
2020-01-04,suez_canal,Suez Canal & Gulf of Suez,111,11,12.0,59.77969490259774,3.562079111581261,16,546.0,-1.2405833141779798,False
2020-01-04,eastern_med,Eastern Mediterranean,401,141,167.0,360.7315887089544,138.2240874761278,40,2077.0,-1.6839481600598654,False
2020-01-04,bosphorus,Turkish Straits (Bosphorus-Dardanelles),36,0,1.0,24.199395784444768,1.0,10,186.0,-0.9444777599441885,False
2020-01-11,bosphorus,Turkish Straits (Bosphorus-Dardanelles),44,0,4.0,30.366363303788035,3.377423634057981,9,164.0,-0.2067312003619291,False
2020-01-11,bab_el_mandeb,Bab-el-Mandeb,173,215,125.0,94.49344011225395,67.80212415036337,11,716.0,0.25254964103025396,False
2020-01-11,somali_basin,Somali Basin / Horn approaches,87,151,53.0,27.12365519206812,14.870868783199287,6,338.0,0.878686837711171,False
2020-01-11,gulf_of_oman,Gulf of Oman,1,0,0.0,0.3194920387726188,0.0,1,9.0,-0.9569209342566415,False
2020-01-11,hormuz,Strait of Hormuz,4,0,0.0,1.5800119630018252,0.0,2,14.0,-0.22742478370288893,False
2020-01-11,black_sea,Black Sea,52,0,4.0,33.83645263551908,3.2124084965410598,11,181.0,0.03395338973610416,False
2020-01-11,persian_gulf,Persian Gulf,33,6,7.0,19.74536655083211,3.931913691438086,10,202.0,-1.0648719697808962,False
2020-01-11,suez_canal,Suez Canal & Gulf of Suez,193,11,39.0,112.355993044662,22.04602460893202,13,574.0,0.9910995313385967,False
2020-01-11,gulf_of_aden,Gulf of Aden,205,304,144.0,148.36085791521793,98.07267642533533,16,884.0,-0.04910734419050834,False
2020-01-11,southern_red_sea,Southern Red Sea,176,276,131.0,133.5684554712466,104.645129727825,15,755.0,-0.230699825391246,False
2020-01-11,eastern_med,Eastern Mediterranean,715,270,281.0,643.0851041295612,227.28238238860163,37,2110.0,0.8589825048813066,False
2020-01-18,eastern_med,Eastern Mediterranean,590,226,305.0,500.62199842577286,227.3445778322079,34,2149.0,-0.1287678210836676,False
2020-01-18,southern_red_sea,Southern Red Sea,223,480,175.0,153.413404169359,127.30715284343357,16,766.0,2.0756046220261504,True
2020-01-18,somali_basin,Somali Basin / Horn approaches,50,31,26.0,17.72982206214686,7.764550281368602,6,303.0,-1.5813863794158851,False
2020-01-18,gulf_of_aden,Gulf of Aden,237,487,180.0,161.41163068230873,114.43818225597549,17,887.0,1.1858541225631445,False
2020-01-18,gulf_of_oman,Gulf of Oman,3,0,0.0,0.8568824597606599,0.0,2,7.0,0.06379472895044276,False
2020-01-18,hormuz,Strait of Hormuz,2,0,0.0,1.1933373210006084,0.0,2,10.0,-0.4821656111176429,False
2020-01-18,black_sea,Black Sea,41,0,1.0,28.24502220636562,0.44484957197301606,10,176.0,-0.6674023229931564,False
2020-01-18,bab_el_mandeb,Bab-el-Mandeb,192,400,143.0,91.55668542890356,67.31702046433313,11,720.0,1.4316956643251808,False
2020-01-18,suez_canal,Suez Canal & Gulf of Suez,125,8,31.0,76.02520703265183,18.04634669189433,13,563.0,-0.9413654184671932,False
2020-01-18,bosphorus,Turkish Straits (Bosphorus-Dardanelles),43,0,2.0,28.362938722854587,0.6463846637726096,11,161.0,-0.1825741858350536,False
2020-01-18,persian_gulf,Persian Gulf,72,13,10.0,44.62285178753193,6.017814969841574,12,197.0,0.9938777433618254,False
2020-01-25,somali_basin,Somali Basin / Horn approaches,78,116,44.0,24.00455295336815,12.319000378851129,6,309.0,0.35740667105235197,False
2020-01-25,bab_el_mandeb,Bab-el-Mandeb,211,288,147.0,108.02345164535143,76.12016252076046,14,760.0,2.321764467038346,True
2020-01-25,bosphorus,Turkish Straits (Bosphorus-Dardanelles),39,0,1.0,26.33999423345847,1.0,7,162.0,-0.589774162358748,False
2020-01-25,persian_gulf,Persian Gulf,54,5,2.0,35.11727785321787,0.8302070716960646,13,196.0,-0.058463396668342674,False
2020-01-25,suez_canal,Suez Canal & Gulf of Suez,344,3,60.0,217.47255357802868,44.207469241460394,21,773.0,7.443804301890374,True
2020-01-25,gulf_of_aden,Gulf of Aden,254,373,179.0,180.9423999582568,120.45181407134204,19,910.0,1.6192625178217888,False
2020-01-25,black_sea,Black Sea,38,0,1.0,27.300855471495417,1.0,6,171.0,-0.8614107579396433,False
2020-01-25,southern_red_sea,Southern Red Sea,245,362,180.0,156.26404394312178,118.89589682385008,19,826.0,2.4986782975549833,True
2020-01-25,northern_red_sea,Northern & Central Red Sea,2,0,2.0,0.9912281164664071,0.9912281164664071,1,12.0,-0.6514608181654445,False
2020-01-25,eastern_med,Eastern Mediterranean,738,347,302.0,661.2560648595254,244.2384900384809,45,2444.0,1.2751664670628737,False
2020-01-25,hormuz,Strait of Hormuz,6,0,0.0,3.643718807094342,0.0,3,14.0,1.8544415570117332,False
2020-01-25,gulf_of_oman,Gulf of Oman,4,0,0.0,1.227171326811877,0.0,2,9.0,0.6549210399944793,False
2020-02-01,gulf_of_aden,Gulf of Aden,230,387,179.0,152.23905424344494,114.68496139648795,19,926.0,0.2548622381521942,False
2020-02-01,arabian_sea,Arabian Sea (open),1,3,1.0,0.7111250849101136,0.7111250849101136,1,4.0,,False
2020-02-01,bab_el_mandeb,Bab-el-Mandeb,174,250,134.0,90.58936039266175,68.3280191148335,11,750.0,-0.627495019900556,False
2020-02-01,southern_red_sea,Southern Red Sea,215,364,172.0,146.75710809670386,116.40931125255986,15,859.0,0.5932325988244285,False
2020-02-01,somali_basin,Somali Basin / Horn approaches,65,110,42.0,20.286418977313932,12.177271400838332,6,280.0,-0.6891286063517207,False
2020-02-01,bosphorus,Turkish Straits (Bosphorus-Dardanelles),37,0,2.0,25.62844300461418,2.0,10,163.0,-0.8837373679646984,False
2020-02-01,hormuz,Strait of Hormuz,3,0,0.0,0.5800119630018251,0.0,1,15.0,-0.19504737440137368,False
2020-02-01,suez_canal,Suez Canal & Gulf of Suez,283,26,65.0,183.45330326652856,43.996675406510846,16,945.0,1.5107300591585884,False
2020-02-01,persian_gulf,Persian Gulf,54,3,3.0,37.25569811850281,1.7648404277853535,11,213.0,-0.15328483487124103,False
2020-02-01,india_west_coast,India West Coast corridor,1,3,1.0,1.0,1.0,1,4.0,-0.35355339059327373,False
2020-02-01,eastern_med,Eastern Mediterranean,675,233,334.0,576.5023626870005,252.64287074583933,37,2718.0,0.6952914912748756,False
2020-02-01,black_sea,Black Sea,42,0,3.0,27.43481837712619,2.2124084965410598,14,173.0,-0.5725271015269081,False
2020-02-08,suez_canal,Suez Canal & Gulf of Suez,197,3,36.0,127.94491957119314,25.499238602266384,15,949.0,0.12646265394750353,False
2020-02-08,eastern_med,Eastern Mediterranean,528,269,237.0,424.2604226347011,173.11169394759412,38,2531.0,-0.5658731327452581,False
2020-02-08,black_sea,Black Sea,60,1,7.0,44.35955472261513,5.112248810448792,11,181.0,0.8626592919360728,False
2020-02-08,india_west_coast,India West Coast corridor,1,0,1.0,1.0,1.0,1,4.0,,False
2020-02-08,gulf_of_oman,Gulf of Oman,2,0,1.0,0.5373904209880411,0.26869521049402056,1,10.0,-0.3307189138830734,False
2020-02-08,bosphorus,Turkish Straits (Bosphorus-Dardanelles),58,0,5.0,46.430944127843865,4.3774236340579815,11,177.0,1.4783214711452477,False
2020-02-08,persian_gulf,Persian Gulf,78,3,3.0,60.475172084425466,1.7648404277853535,12,258.0,1.3080240549322675,False
2020-02-08,bab_el_mandeb,Bab-el-Mandeb,217,313,184.0,114.23415312804917,98.9903905966303,11,794.0,2.49558433567583,True
2020-02-08,somali_basin,Somali Basin / Horn approaches,97,207,73.0,30.43661392918542,20.0959490655645,7,290.0,1.5415328372879005,False
2020-02-08,hormuz,Strait of Hormuz,2,0,0.0,0.4503814860937334,0.0,2,13.0,-0.9643813802334027,False
2020-02-08,arabian_sea,Arabian Sea (open),1,0,1.0,0.7111250849101136,0.7111250849101136,1,4.0,,False
2020-02-08,gulf_of_aden,Gulf of Aden,289,470,239.0,191.22309773354556,154.49059309730634,18,1010.0,4.046443458546385,True
2020-02-08,southern_red_sea,Southern Red Sea,250,464,223.0,173.68129682726976,156.43732071374208,14,933.0,1.925096224897111,False
2020-02-15,gulf_of_oman,Gulf of Oman,1,0,0.0,0.3194920387726188,0.0,1,10.0,-1.1542128084574368,False
2020-02-15,gulf_of_aden,Gulf of Aden,218,381,174.0,138.9057647801869,104.57796633110735,17,991.0,-0.7283073662861168,False
2020-02-15,suez_canal,Suez Canal & Gulf of Suez,187,26,29.0,117.37153277817501,18.771101658840635,13,1011.0,-0.04036373714278934,False
2020-02-15,hormuz,Strait of Hormuz,1,0,0.0,1.0,0.0,1,12.0,-1.3435028842544419,False
2020-02-15,black_sea,Black Sea,43,0,4.0,29.172801517799318,3.4393323013992183,11,183.0,-0.30638892307885873,False
2020-02-15,northern_red_sea,Northern & Central Red Sea,1,0,1.0,1.0,1.0,1,7.0,-1.1067971810589328,False
2020-02-15,southern_red_sea,Southern Red Sea,184,368,156.0,132.97156419850884,116.07506486868915,12,894.0,-0.9563033666322922,False
2020-02-15,eastern_med,Eastern Mediterranean,582,218,284.0,468.9445777879111,207.29102256345766,36,2523.0,0.015189078782008886,False
2020-02-15,persian_gulf,Persian Gulf,39,0,6.0,23.02047963463942,2.3598879272667714,9,225.0,-1.077894902103445,False
2020-02-15,bab_el_mandeb,Bab-el-Mandeb,152,151,121.0,79.90346926228698,64.94327500311056,10,754.0,-2.1179834967550346,False
2020-02-15,somali_basin,Somali Basin / Horn approaches,59,74,43.0,20.186337999588837,12.9244546667091,6,299.0,-1.2389651335191485,False
2020-02-15,bosphorus,Turkish Straits (Bosphorus-Dardanelles),41,0,4.0,29.46785029235753,3.2689610297146285,9,175.0,-0.22663477358390383,False
2020-02-22,gulf_of_oman,Gulf of Oman,5,2,1.0,1.4958665373058975,0.26869521049402056,2,12.0,1.7430966200333378,False
2020-02-22,india_west_coast,India West Coast corridor,2,0,2.0,2.0,2.0,1,5.0,,False
2020-02-22,hormuz,Strait of Hormuz,4,0,0.0,3.257044165093125,0.0,2,10.0,0.790569415042096,False
2020-02-22,somali_basin,Somali Basin / Horn approaches,64,85,42.0,22.62645923714961,14.245826528791802,7,285.0,-0.6676486478538929,False
2020-02-22,eastern_med,Eastern Mediterranean,639,356,334.0,552.185596270788,272.03991279029503,40,2424.0,0.44757518362121823,False
2020-02-22,gulf_of_aden,Gulf of Aden,247,345,170.0,160.7509706461132,111.31508308760327,20,984.0,0.4605923463347745,False
2020-02-22,bab_el_mandeb,Bab-el-Mandeb,173,199,124.0,89.54769058793589,62.162388089083336,12,716.0,-0.5184905966959135,False
2020-02-22,southern_red_sea,Southern Red Sea,230,323,162.0,150.22892764413504,100.84474208274946,16,879.0,0.7554152327780016,False
2020-02-22,bosphorus,Turkish Straits (Bosphorus-Dardanelles),43,0,4.0,29.411456386402783,3.377423634057981,9,179.0,0.14182715723279055,False
2020-02-22,persian_gulf,Persian Gulf,61,4,5.0,37.923850561798744,3.2453106075440967,13,232.0,0.5083717366455522,False
2020-02-22,suez_canal,Suez Canal & Gulf of Suez,206,27,62.0,140.47909147371885,45.296978286657534,15,873.0,0.11451902037693626,False
2020-02-22,arabian_sea,Arabian Sea (open),2,0,2.0,1.4222501698202272,1.4222501698202272,1,5.0,,False
2020-02-22,black_sea,Black Sea,44,1,4.0,28.44880111140224,2.780818442213082,9,189.0,-0.11862216315289503,False
2020-02-29,gulf_of_aden,Gulf of Aden,257,265,181.0,163.7573054261128,115.78644435172218,18,1011.0,0.7535151528339663,False
2020-02-29,arabian_sea,Arabian Sea (open),1,0,1.0,0.7111250849101136,0.7111250849101136,1,5.0,-0.35355339059327373,False
2020-02-29,bab_el_mandeb,Bab-el-Mandeb,192,201,142.0,101.25965541938761,72.14237579292511,13,734.0,0.3482860065076118,False
2020-02-29,gulf_of_oman,Gulf of Oman,4,1,2.0,1.0747808419760823,0.5373904209880411,1,12.0,1.07905981240159,False
2020-02-29,eastern_med,Eastern Mediterranean,610,393,273.0,529.0637416549503,218.9148468399302,48,2359.0,0.013689316185498025,False
2020-02-29,somali_basin,Somali Basin / Horn approaches,70,100,43.0,23.537476828245417,14.530452760279553,6,290.0,-0.24563718824928354,False
2020-02-29,india_west_coast,India West Coast corridor,1,0,1.0,1.0,1.0,1,5.0,-0.35355339059327373,False
2020-02-29,persian_gulf,Persian Gulf,46,5,4.0,32.9745678571437,3.4151035358480324,8,224.0,-0.45499332681347504,False
2020-02-29,southern_red_sea,Southern Red Sea,244,264,175.0,166.8192903077627,124.09390153366739,16,908.0,1.0583924735445809,False
2020-02-29,suez_canal,Suez Canal & Gulf of Suez,215,50,47.0,115.95745386713587,17.402591933166168,15,805.0,0.12061545416501114,False
2020-02-29,bosphorus,Turkish Straits (Bosphorus-Dardanelles),57,0,6.0,34.105593646332345,5.268961029714628,14,199.0,2.094026492096484,True
2020-02-29,black_sea,Black Sea,76,3,9.0,51.0134605434631,6.733690467081494,28,223.0,4.218565668126413,True
2020-03-07,gulf_of_oman,Gulf of Oman,3,1,2.0,0.8060856314820617,0.5373904209880411,1,13.0,0.2346698320405287,False
2020-03-07,hormuz,Strait of Hormuz,1,0,0.0,0.3487194922052571,0.0,1,8.0,-1.247219128924649,False
2020-03-07,gulf_of_aden,Gulf of Aden,266,324,205.0,175.50622242033955,129.8437458718079,16,988.0,0.9197403007099207,False
2020-03-07,persian_gulf,Persian Gulf,34,6,8.0,22.340926097556366,6.114577319722675,9,180.0,-1.3329754964739724,False
2020-03-07,suez_canal,Suez Canal & Gulf of Suez,154,20,17.0,96.46544046716096,8.42193272285894,15,762.0,-0.9741603022344751,False
2020-03-07,bosphorus,Turkish Straits (Bosphorus-Dardanelles),45,0,4.0,32.87327745620945,3.457864264887428,7,186.0,-0.0316227766016832,False
2020-03-07,bab_el_mandeb,Bab-el-Mandeb,185,214,140.0,102.18876391464069,74.04013734371597,11,702.0,-0.02304927274106331,False
2020-03-07,southern_red_sea,Southern Red Sea,247,312,196.0,166.78835516783312,137.96137206525444,14,905.0,0.9353501092910655,False
2020-03-07,black_sea,Black Sea,52,0,5.0,35.87776995954716,3.7186300731239803,13,215.0,0.1948779888944736,False
2020-03-07,somali_basin,Somali Basin / Horn approaches,89,112,56.0,30.220128734009805,17.47006084021796,6,282.0,1.1556014773473893,False
2020-03-07,eastern_med,Eastern Mediterranean,323,67,91.0,275.9610769611559,61.10998747873314,41,2154.0,-4.373934233699323,False
2020-03-14,persian_gulf,Persian Gulf,31,1,3.0,19.548533054787153,2.3497368919373214,15,172.0,-1.5547231473453147,False
2020-03-14,suez_canal,Suez Canal & Gulf of Suez,95,30,14.0,58.26814958156627,5.857856489262058,13,670.0,-1.6990844843920285,False
2020-03-14,southern_red_sea,Southern Red Sea,288,499,233.0,194.4548217032032,161.67097493174856,14,1009.0,2.605205286525555,True
2020-03-14,black_sea,Black Sea,30,0,3.0,21.384313591633763,1.5494183112940934,5,202.0,-1.520048313376894,False
2020-03-14,somali_basin,Somali Basin / Horn approaches,97,120,62.0,31.057967186193306,19.346753333551355,7,320.0,1.6277122078032995,False
2020-03-14,bosphorus,Turkish Straits (Bosphorus-Dardanelles),29,0,1.0,19.68354369154617,1.0,5,174.0,-2.0751493013479396,False
2020-03-14,hormuz,Strait of Hormuz,4,0,0.0,1.7747944174485406,0.0,3,10.0,0.6514608181654453,False
2020-03-14,eastern_med,Eastern Mediterranean,242,95,101.0,199.53041445595676,66.64295827820871,31,1814.0,-2.779680682335531,False
2020-03-14,india_west_coast,India West Coast corridor,1,0,1.0,1.0,1.0,1,5.0,-0.35355339059327373,False
2020-03-14,bab_el_mandeb,Bab-el-Mandeb,260,407,202.0,129.72184487451716,99.8746361331694,11,810.0,3.457757907024396,True
2020-03-14,arabian_sea,Arabian Sea (open),3,0,1.0,2.7111250849101136,0.7111250849101136,2,7.0,5.303300858899106,True
2020-03-14,gulf_of_aden,Gulf of Aden,310,500,242.0,216.4585771812118,160.17236574075943,18,1080.0,2.716476970688013,True
2020-03-14,northern_red_sea,Northern & Central Red Sea,1,0,0.0,1.0,0.0,1,6.0,-0.9643813802334015,False
2020-03-14,gulf_of_oman,Gulf of Oman,3,0,0.0,2.319492038772619,0.0,2,15.0,0.0857492925712543,False
2020-03-21,persian_gulf,Persian Gulf,5,0,0.0,3.848815336859358,0.0,5,116.0,-2.8721026560154965,False
2020-03-21,black_sea,Black Sea,22,0,2.0,15.047523570617612,0.8706283723704795,6,180.0,-1.818403173927612,False
2020-03-21,bosphorus,Turkish Straits (Bosphorus-Dardanelles),20,0,1.0,12.878513532319085,1.0,4,151.0,-2.4078596263001857,False
2020-03-21,northern_red_sea,Northern & Central Red Sea,3,0,2.0,1.9912281164664072,0.9912281164664071,2,7.0,0.35355339059327373,False
2020-03-21,suez_canal,Suez Canal & Gulf of Suez,140,6,20.0,91.54753557142928,10.950539591047495,10,604.0,-0.9232355579795518,False
2020-03-21,somali_basin,Somali Basin / Horn approaches,47,53,25.0,16.509153445867394,8.62274802899029,6,303.0,-1.9906190570738935,False
2020-03-21,southern_red_sea,Southern Red Sea,201,371,155.0,134.609859470011,109.2092136798639,18,980.0,-1.2273294826564884,False
2020-03-21,eastern_med,Eastern Mediterranean,279,58,111.0,246.458294848338,85.96472636243497,25,1454.0,-1.5195332789774552,False
2020-03-21,hormuz,Strait of Hormuz,2,0,0.0,0.6057636572983821,0.0,2,11.0,-0.5066917474620132,False
2020-03-21,bab_el_mandeb,Bab-el-Mandeb,164,259,121.0,75.85959398009604,54.551789231024244,12,801.0,-0.9408825671135261,False
2020-03-21,gulf_of_aden,Gulf of Aden,214,383,164.0,140.9158267042446,102.03909313205014,18,1047.0,-1.502420866514219,False
2020-03-28,somali_basin,Somali Basin / Horn approaches,62,51,41.0,20.348797583435402,12.239982454770306,6,295.0,-0.6169714603567463,False
2020-03-28,black_sea,Black Sea,25,1,8.0,15.35121337118966,5.0130185075134674,6,129.0,-1.2520039760192907,False
2020-03-28,southern_red_sea,Southern Red Sea,262,406,214.0,178.60493419427263,151.74341299784268,16,998.0,0.9120242843398875,False
2020-03-28,bab_el_mandeb,Bab-el-Mandeb,194,262,154.0,94.97243091722069,74.7141077541133,12,803.0,0.12688681121942685,False
2020-03-28,persian_gulf,Persian Gulf,18,31,2.0,12.986595543669983,0.5786426013224325,12,88.0,-1.163564187350431,False
2020-03-28,suez_canal,Suez Canal & Gulf of Suez,132,12,34.0,88.99522208428316,17.640155548448238,8,521.0,-0.9349344509279476,False
2020-03-28,gulf_of_aden,Gulf of Aden,285,431,227.0,178.71104521515753,136.01607411626242,20,1075.0,0.9186896375460955,False
2020-03-28,eastern_med,Eastern Mediterranean,259,69,119.0,227.98903906910903,91.21740300256876,25,1103.0,-1.2898420698233186,False
2020-03-28,gulf_of_oman,Gulf of Oman,1,0,0.0,0.3194920387726188,0.0,1,11.0,-1.7048780588072239,False
2020-03-28,bosphorus,Turkish Straits (Bosphorus-Dardanelles),23,0,6.0,13.015609516738719,4.788077160163179,5,117.0,-1.4143462713831247,False
2020-03-28,hormuz,Strait of Hormuz,3,5,0.0,1.4503814860937334,0.0,3,10.0,0.07238453535171616,False
2020-04-04,somali_basin,Somali Basin / Horn approaches,75,41,49.0,27.569507944738362,16.16261221714208,7,281.0,0.09939723995809027,False
2020-04-04,gulf_of_oman,Gulf of Oman,4,0,0.0,2.076915141260402,0.0,3,11.0,0.7717436331412887,False
2020-04-04,black_sea,Black Sea,22,0,2.0,12.456064615165982,0.7099439804629302,6,99.0,-1.1916164259617872,False
2020-04-04,southern_red_sea,Southern Red Sea,266,647,227.0,174.7409076476841,155.85077014771477,14,1017.0,0.837482891867554,False
2020-04-04,bosphorus,Turkish Straits (Bosphorus-Dardanelles),19,0,1.0,9.041760116615864,0.26896102971462843,4,91.0,-1.4214192528271417,False
2020-04-04,hormuz,Strait of Hormuz,5,0,0.0,3.4451212242621194,0.0,4,14.0,2.0916500663351947,True
2020-04-04,suez_canal,Suez Canal & Gulf of Suez,103,8,21.0,74.01089135183292,10.990508927320215,10,470.0,-1.489740738819916,False
2020-04-04,gulf_of_aden,Gulf of Aden,292,659,239.0,178.52640241724467,144.84944171229168,19,1101.0,0.9211975848748472,False
2020-04-04,eastern_med,Eastern Mediterranean,255,94,140.0,211.45553473694736,100.92953932623993,24,1035.0,-1.0322458291612366,False
2020-04-04,persian_gulf,Persian Gulf,17,2,3.0,13.100917753130096,1.7648404277853535,11,71.0,-0.951778520949687,False
2020-04-04,bab_el_mandeb,Bab-el-Mandeb,190,281,161.0,99.44332794155643,82.4483288262028,11,808.0,-0.06267499772481706,False
2020-04-04,arabian_sea,Arabian Sea (open),1,0,0.0,1.0,0.0,1,7.0,-0.5040161287741853,False
2020-04-11,gulf_of_oman,Gulf of Oman,1,0,0.0,0.3194920387726188,0.0,1,9.0,-1.2862393885688144,False
2020-04-11,hormuz,Strait of Hormuz,3,0,0.0,1.4503814860937334,0.0,3,13.0,0.16800537625806206,False
2020-04-11,india_west_coast,India West Coast corridor,2,0,2.0,2.0,2.0,1,6.0,2.4748737341529163,True
2020-04-11,somali_basin,Somali Basin / Horn approaches,80,110,51.0,28.75555226708267,14.861224937910201,6,264.0,0.5898497050398321,False
2020-04-11,northern_red_sea,Northern & Central Red Sea,2,6,2.0,2.0,2.0,2,7.0,-0.14978617237881953,False
2020-04-11,eastern_med,Eastern Mediterranean,248,63,112.0,218.8793705117114,89.54066074383834,32,1041.0,-0.8481568502118505,False
2020-04-11,persian_gulf,Persian Gulf,16,1,3.0,11.288524089341536,2.3497368919373214,8,56.0,-0.8598966006928649,False
2020-04-11,suez_canal,Suez Canal & Gulf of Suez,124,21,29.0,80.40346437219036,12.143917915095095,11,499.0,-0.6643042104767648,False
2020-04-11,gulf_of_aden,Gulf of Aden,284,483,237.0,193.22874492796322,161.4576848376537,19,1075.0,0.66701309771721,False
2020-04-11,bosphorus,Turkish Straits (Bosphorus-Dardanelles),18,0,5.0,12.882727208002398,5.0,3,80.0,-1.1998618266030654,False
2020-04-11,black_sea,Black Sea,19,0,5.0,13.85687937560815,4.477837963307126,4,88.0,-1.0860713872240104,False
2020-04-11,arabian_sea,Arabian Sea (open),2,0,2.0,1.4222501698202272,1.4222501698202272,1,7.0,0.8400268812903088,False
2020-04-11,bab_el_mandeb,Bab-el-Mandeb,226,332,196.0,112.13358917964524,94.15024754985052,11,774.0,1.1502252458491724,False
2020-04-11,southern_red_sea,Southern Red Sea,262,472,232.0,169.785180941855,151.90685557784977,16,991.0,0.6321918903345849,False
2020-04-18,suez_canal,Suez Canal & Gulf of Suez,174,21,32.0,108.09843584113129,15.233073749213558,12,533.0,0.6326160221222112,False
2020-04-18,hormuz,Strait of Hormuz,3,0,0.0,0.771132495279375,0.0,1,14.0,0.08574929257125459,False
2020-04-18,bab_el_mandeb,Bab-el-Mandeb,221,283,140.0,101.39557993330948,61.5338911312872,12,831.0,0.7437620277942711,False
2020-04-18,eastern_med,Eastern Mediterranean,341,82,118.0,312.9614537308558,95.0536083371452,30,1103.0,-0.09489866107131496,False
2020-04-18,southern_red_sea,Southern Red Sea,249,334,170.0,154.40079627662686,113.76162329242028,14,1039.0,-0.03805359545996542,False
2020-04-18,black_sea,Black Sea,22,0,5.0,14.205413600839648,2.180956219798067,10,88.0,-0.7179697122485388,False
2020-04-18,bosphorus,Turkish Straits (Bosphorus-Dardanelles),18,0,3.0,12.104721316431343,1.6796145558198257,6,78.0,-0.9351052720619825,False
2020-04-18,gulf_of_aden,Gulf of Aden,277,368,182.0,198.17960458752233,119.50278918925468,18,1138.0,0.2531266646052012,False
2020-04-18,persian_gulf,Persian Gulf,24,1,2.0,13.56513762118477,0.8302070716960646,9,75.0,-0.24559957030941632,False
2020-04-18,somali_basin,Somali Basin / Horn approaches,73,61,27.0,29.318521304044896,7.947570690622563,7,290.0,0.0,False
2020-04-25,eastern_med,Eastern Mediterranean,450,135,118.0,409.75680300385704,91.06048357750878,34,1294.0,1.0622644869856015,False
2020-04-25,southern_red_sea,Southern Red Sea,208,430,147.0,129.8876961297904,97.04048990472519,15,985.0,-1.7719901728882252,False
2020-04-25,bosphorus,Turkish Straits (Bosphorus-Dardanelles),31,0,2.0,19.246599948427516,2.0,6,86.0,0.1623584317762881,False
2020-04-25,suez_canal,Suez Canal & Gulf of Suez,147,25,26.0,86.27977283632718,10.569153951967914,12,548.0,0.12495379781767856,False
2020-04-25,gulf_of_oman,Gulf of Oman,1,0,0.0,0.3194920387726188,0.0,1,7.0,-1.1067971810589314,False
2020-04-25,hormuz,Strait of Hormuz,2,0,0.0,1.257044165093125,0.0,2,13.0,-0.9025825017214755,False
2020-04-25,somali_basin,Somali Basin / Horn approaches,82,125,44.0,31.624623253062467,13.241385111079122,7,310.0,0.50819673851673,False
2020-04-25,black_sea,Black Sea,33,7,6.0,20.547240558204326,3.6168368040506085,8,96.0,-0.024823319340865443,False
2020-04-25,gulf_of_aden,Gulf of Aden,250,460,161.0,180.39536061477912,116.02654024701205,19,1103.0,-0.8035886491116836,False
2020-04-25,persian_gulf,Persian Gulf,26,0,1.0,13.668945674968965,0.3497368919373212,10,83.0,0.16630625656399187,False
2020-04-25,bab_el_mandeb,Bab-el-Mandeb,191,383,132.0,97.38974602259293,67.19645481920605,12,828.0,-0.4329898268716326,False
2020-05-02,southern_red_sea,Southern Red Sea,194,290,148.0,129.34011169892818,101.90761515461139,15,913.0,-1.821028711383586,False
2020-05-02,somali_basin,Somali Basin / Horn approaches,79,94,42.0,30.031199891391005,12.539257426448225,7,314.0,0.216070141579348,False
2020-05-02,gulf_of_aden,Gulf of Aden,229,324,158.0,160.3584101300232,111.12581657309889,19,1040.0,-1.469270734627568,False
2020-05-02,suez_canal,Suez Canal & Gulf of Suez,159,28,41.0,93.0060549686092,17.93486171387167,13,604.0,0.9700474558488401,False
2020-05-02,hormuz,Strait of Hormuz,11,0,0.0,2.7637789719318584,0.0,2,19.0,6.518651401321768,True
2020-05-02,eastern_med,Eastern Mediterranean,320,95,131.0,280.16559683733993,100.14295752607394,29,1359.0,0.2884598842178004,False
2020-05-02,bosphorus,Turkish Straits (Bosphorus-Dardanelles),22,0,2.0,15.127557429013995,2.0,3,89.0,-0.3603983745709727,False
2020-05-02,gulf_of_oman,Gulf of Oman,1,0,0.0,0.26869521049402056,0.0,1,7.0,-1.1067971810589314,False
2020-05-02,black_sea,Black Sea,26,6,4.0,18.22115362836874,2.5776896345530034,6,100.0,-0.19841933368203918,False
2020-05-02,bab_el_mandeb,Bab-el-Mandeb,182,269,134.0,95.29234969257269,67.49402599404505,12,820.0,-0.7271567782870244,False
2020-05-02,persian_gulf,Persian Gulf,37,0,0.0,26.30582507851737,0.0,11,103.0,1.6767252510012516,False
2020-05-09,persian_gulf,Persian Gulf,45,5,3.0,31.087349646587185,2.4151035358480324,8,132.0,2.3392459433573918,True
2020-05-09,eastern_med,Eastern Mediterranean,329,139,140.0,290.73831343263873,109.7516288229102,33,1440.0,0.42198733172407993,False
2020-05-09,bosphorus,Turkish Straits (Bosphorus-Dardanelles),29,0,0.0,17.52880832739017,0.0,9,100.0,1.3037302802642896,False
2020-05-09,gulf_of_aden,Gulf of Aden,209,394,163.0,152.7108325825846,112.63767972294133,17,965.0,-1.764647792205862,False
2020-05-09,somali_basin,Somali Basin / Horn approaches,70,79,44.0,21.996706482969433,13.15568881326464,7,304.0,-0.2961305170945881,False
2020-05-09,southern_red_sea,Southern Red Sea,167,347,139.0,104.3965337397579,89.09878488087865,15,818.0,-2.1088620270812743,False
2020-05-09,bab_el_mandeb,Bab-el-Mandeb,160,325,119.0,68.99571352309087,52.40131470548921,11,754.0,-1.4323742865097355,False
2020-05-09,arabian_sea,Arabian Sea (open),1,19,1.0,0.7111250849101136,0.7111250849101136,1,7.0,-0.6614378277661477,False
2020-05-09,black_sea,Black Sea,38,6,5.0,21.495668816486834,1.7215442535644256,16,119.0,2.808536659621244,True
2020-05-09,india_west_coast,India West Coast corridor,1,19,1.0,1.0,1.0,1,5.0,-0.5400617248673217,False
2020-05-09,suez_canal,Suez Canal & Gulf of Suez,179,32,42.0,104.13195930418263,19.026495800647254,12,659.0,1.6718023920195517,False
2020-05-09,hormuz,Strait of Hormuz,8,0,0.0,1.9926464766524834,0.0,2,24.0,1.3140177740321022,False
2020-05-09,gulf_of_oman,Gulf of Oman,1,0,0.0,0.26869521049402056,0.0,1,4.0,-0.9001028747788682,False
2020-05-16,persian_gulf,Persian Gulf,45,0,0.0,26.56972328365516,0.0,10,153.0,1.6982086609046168,False
2020-05-16,black_sea,Black Sea,44,4,5.0,23.756766348764593,2.5269241117998384,12,141.0,2.8117314401356452,True
2020-05-16,india_west_coast,India West Coast corridor,1,0,1.0,1.0,1.0,1,5.0,-0.5400617248673217,False
2020-05-16,eastern_med,Eastern Mediterranean,321,97,152.0,264.0304001332009,110.48782437478816,34,1420.0,0.1622363291399581,False
2020-05-16,hormuz,Strait of Hormuz,2,0,0.0,1.257044165093125,0.0,2,23.0,-0.8080338988717545,False
2020-05-16,somali_basin,Somali Basin / Horn approaches,69,105,46.0,22.06321354862862,13.529436396100397,7,300.0,-0.17222374095679266,False
2020-05-16,bosphorus,Turkish Straits (Bosphorus-Dardanelles),37,0,5.0,20.743653092699798,1.8999515837939325,9,119.0,2.908321394435723,True
2020-05-16,gulf_of_oman,Gulf of Oman,1,0,0.0,0.3194920387726188,0.0,1,4.0,-0.7020086124500334,False
2020-05-16,southern_red_sea,Southern Red Sea,175,317,147.0,116.85051235479425,100.96412572597069,13,744.0,-1.340966102603016,False
2020-05-16,bab_el_mandeb,Bab-el-Mandeb,159,308,125.0,72.37651016472293,55.3309743658488,10,692.0,-1.354668021335365,False
2020-05-16,arabian_sea,Arabian Sea (open),1,0,1.0,0.7111250849101136,0.7111250849101136,1,5.0,-0.6614378277661477,False
2020-05-16,suez_canal,Suez Canal & Gulf of Suez,142,19,36.0,83.78506221807599,14.773571160055589,9,627.0,-0.10732856643450724,False
2020-05-16,gulf_of_aden,Gulf of Aden,215,363,176.0,150.2352329583574,116.6568957047803,16,903.0,-1.1764705882352988,False
2020-05-23,eastern_med,Eastern Mediterranean,264,89,93.0,236.30588050675888,74.06439477666892,38,1234.0,-0.7798185622192476,False
2020-05-23,persian_gulf,Persian Gulf,22,1,5.0,14.472010487852383,1.8239532088665291,14,149.0,-0.53275620565518,False
2020-05-23,bosphorus,Turkish Straits (Bosphorus-Dardanelles),22,0,5.0,13.45204001072711,5.0,6,110.0,-0.37561649507324424,False
2020-05-23,somali_basin,Somali Basin / Horn approaches,51,100,38.0,15.756946243961826,11.578453628223611,5,269.0,-3.4103691849311493,False
2020-05-23,suez_canal,Suez Canal & Gulf of Suez,129,22,29.0,77.19265276762607,11.410839805896245,14,609.0,-0.6255128899917639,False
2020-05-23,gulf_of_aden,Gulf of Aden,232,552,204.0,147.89335437933556,125.66925535369069,17,885.0,-0.6835822603950436,False
2020-05-23,hormuz,Strait of Hormuz,3,0,0.0,0.6437188070943418,0.0,2,24.0,-0.5002114612063242,False
2020-05-23,black_sea,Black Sea,21,0,5.0,14.964648576093241,4.994482729426203,6,129.0,-0.8650462342321251,False
2020-05-23,bab_el_mandeb,Bab-el-Mandeb,164,380,141.0,73.06627290789416,61.76826482500951,10,665.0,-1.0770273628496865,False
2020-05-23,southern_red_sea,Southern Red Sea,201,470,181.0,143.6258715367807,132.06565386436952,14,737.0,-0.5267344575596267,False
2020-05-30,persian_gulf,Persian Gulf,43,2,3.0,29.08768420367894,3.0,10,155.0,1.1880751801737297,False
2020-05-30,hormuz,Strait of Hormuz,3,0,0.0,0.771132495279375,0.0,1,16.0,-0.5002114612063242,False
2020-05-30,bab_el_mandeb,Bab-el-Mandeb,143,213,115.0,65.56349964072523,52.55830666965708,11,626.0,-1.6715602288955882,False
2020-05-30,southern_red_sea,Southern Red Sea,163,210,143.0,114.25535424731343,103.02969628049567,14,706.0,-1.3455378213934197,False
2020-05-30,northern_red_sea,Northern & Central Red Sea,1,0,1.0,0.49561405823320354,0.49561405823320354,1,7.0,-0.8604560508152728,False
2020-05-30,eastern_med,Eastern Mediterranean,405,64,115.0,362.87927510222306,91.4550747245555,33,1319.0,1.363137348778691,False
2020-05-30,bosphorus,Turkish Straits (Bosphorus-Dardanelles),35,0,1.0,20.839902502443046,1.0,6,123.0,1.4934829525239532,False
2020-05-30,gulf_of_aden,Gulf of Aden,190,237,155.0,127.62323524691314,99.44070614245236,18,846.0,-1.8112732439293155,False
2020-05-30,somali_basin,Somali Basin / Horn approaches,54,63,35.0,18.244625815075786,10.155811295371162,7,244.0,-1.8700067598920007,False
2020-05-30,black_sea,Black Sea,39,7,4.0,24.22674364918644,2.605960957811914,9,142.0,1.1876965114012945,False
2020-05-30,suez_canal,Suez Canal & Gulf of Suez,169,19,25.0,102.93864229465123,9.84200858290284,12,619.0,0.9441197756227707,False
2020-06-06,persian_gulf,Persian Gulf,47,4,8.0,29.953421423830132,5.0755176792401615,10,157.0,1.2731883266695558,False
2020-06-06,bosphorus,Turkish Straits (Bosphorus-Dardanelles),39,0,5.0,29.585629478967935,4.811340582323748,10,133.0,1.6661378179569306,False
2020-06-06,bab_el_mandeb,Bab-el-Mandeb,165,420,128.0,74.0796714417244,56.96850375636383,12,631.0,-0.5215550402988115,False
2020-06-06,black_sea,Black Sea,43,12,8.0,31.696534426970885,5.738959260375798,13,147.0,1.3423708950779576,False
2020-06-06,southern_red_sea,Southern Red Sea,175,259,144.0,116.07484196368151,100.07985142473193,16,714.0,-0.747673590798508,False
2020-06-06,suez_canal,Suez Canal & Gulf of Suez,154,1,15.0,93.08151105338005,7.482405538336394,10,594.0,0.05449843302437261,False
2020-06-06,gulf_of_oman,Gulf of Oman,2,0,0.0,0.6389840775452376,0.0,1,5.0,0.3157270091452378,False
2020-06-06,hormuz,Strait of Hormuz,3,0,0.0,2.1933373210006084,0.0,2,11.0,-0.417640268340714,False
2020-06-06,gulf_of_aden,Gulf of Aden,230,449,177.0,168.7067255777675,124.4762405046303,18,867.0,-0.1752976622709595,False
2020-06-06,somali_basin,Somali Basin / Horn approaches,85,257,57.0,28.365694976231797,16.554587820413712,7,259.0,1.3080202495375228,False
2020-06-06,eastern_med,Eastern Mediterranean,472,123,126.0,428.62130313402656,99.74014153684891,33,1462.0,2.0549098060752002,True
2020-06-13,hormuz,Strait of Hormuz,4,0,0.0,0.8370561280949501,0.0,2,13.0,-0.11390189136564927,False
2020-06-13,northern_red_sea,Northern & Central Red Sea,1,0,1.0,0.49561405823320354,0.49561405823320354,1,7.0,-1.060660171779821,False
2020-06-13,bosphorus,Turkish Straits (Bosphorus-Dardanelles),50,0,4.0,38.77337701311431,3.811340582323748,13,146.0,2.685774207175645,True
2020-06-13,bab_el_mandeb,Bab-el-Mandeb,169,375,143.0,71.9542441359379,61.81391253051993,11,641.0,-0.170052752866718,False
2020-06-13,eastern_med,Eastern Mediterranean,324,68,120.0,286.099809736767,96.14505071781377,38,1465.0,-0.538346528644739,False
2020-06-13,southern_red_sea,Southern Red Sea,191,379,171.0,124.48751210259223,116.17710478473705,16,730.0,-0.017627377338055163,False
2020-06-13,gulf_of_aden,Gulf of Aden,240,458,204.0,168.72483839026947,139.51398851882118,18,892.0,0.41695392396839914,False
2020-06-13,black_sea,Black Sea,53,0,5.0,39.56863272995015,4.908249428925994,16,156.0,2.141288758733511,True
2020-06-13,suez_canal,Suez Canal & Gulf of Suez,140,7,19.0,86.58335324649839,11.860341600925189,14,592.0,-0.9743655112022074,False
2020-06-13,somali_basin,Somali Basin / Horn approaches,71,101,53.0,26.98465862428689,18.101388686995946,6,261.0,0.05041364853988498,False
2020-06-13,persian_gulf,Persian Gulf,47,2,5.0,33.52001636420928,3.1145773197226747,11,159.0,1.0349602162399298,False
2020-06-20,india_west_coast,India West Coast corridor,1,0,1.0,1.0,1.0,1,5.0,-0.5400617248673217,False
2020-06-20,bab_el_mandeb,Bab-el-Mandeb,178,375,153.0,76.93575515429539,65.34782001573615,12,655.0,0.7755431453180756,False
2020-06-20,somali_basin,Somali Basin / Horn approaches,65,168,48.0,21.802184724441787,13.999707586308228,7,275.0,-0.4147433488011705,False
2020-06-20,bosphorus,Turkish Straits (Bosphorus-Dardanelles),51,0,1.0,33.15165431553069,1.0,12,175.0,1.919753406323729,False
2020-06-20,gulf_of_aden,Gulf of Aden,237,400,196.0,169.63433608589762,140.65121738878938,20,897.0,0.6656766507591676,False
2020-06-20,hormuz,Strait of Hormuz,1,0,0.0,0.257044165093125,0.0,1,11.0,-1.07646819915118,False
2020-06-20,gulf_of_oman,Gulf of Oman,2,0,0.0,0.5373904209880411,0.0,1,6.0,0.4677071733467416,False
2020-06-20,eastern_med,Eastern Mediterranean,457,119,147.0,398.089225625574,113.92940655653858,41,1658.0,1.3209692688750576,False
2020-06-20,persian_gulf,Persian Gulf,33,0,4.0,17.149679004884412,1.222651846555576,11,170.0,-0.6096568017575112,False
2020-06-20,arabian_sea,Arabian Sea (open),1,0,1.0,0.7111250849101136,0.7111250849101136,1,5.0,-0.6614378277661477,False
2020-06-20,suez_canal,Suez Canal & Gulf of Suez,187,25,29.0,111.2233328551351,16.584566034420767,12,650.0,2.1196536209792383,True
2020-06-20,southern_red_sea,Southern Red Sea,197,271,172.0,121.61343707497788,110.0936512197002,17,726.0,0.7727779616494076,False
2020-06-20,black_sea,Black Sea,50,3,3.0,30.973810576401277,2.258060038817789,12,185.0,1.2531722562252001,False
2020-06-27,bab_el_mandeb,Bab-el-Mandeb,159,266,144.0,71.82103552340453,63.497049012147095,12,671.0,-0.4970501217477078,False
2020-06-27,india_west_coast,India West Coast corridor,1,0,0.0,1.0,0.0,1,4.0,-0.5400617248673217,False
2020-06-27,suez_canal,Suez Canal & Gulf of Suez,176,12,16.0,99.02813964771607,6.0052458975985505,15,657.0,0.9250147764741828,False
2020-06-27,arabian_sea,Arabian Sea (open),1,0,0.0,0.7111250849101136,0.0,1,4.0,-0.6614378277661477,False
2020-06-27,bosphorus,Turkish Straits (Bosphorus-Dardanelles),56,6,3.0,33.7509574805418,2.269204847211175,11,196.0,1.8256584220042542,False
2020-06-27,black_sea,Black Sea,63,8,4.0,33.243559028546855,2.474319838498273,16,209.0,2.1533781787553474,True
2020-06-27,somali_basin,Somali Basin / Horn approaches,43,90,39.0,12.070582421894091,10.981748398261445,6,264.0,-2.1830701333149283,False
2020-06-27,gulf_of_aden,Gulf of Aden,205,296,180.0,143.85899804579577,127.58731067037246,18,912.0,-1.0502354491373276,False
2020-06-27,eastern_med,Eastern Mediterranean,414,86,118.0,364.7861217504856,90.51478168165173,40,1667.0,0.707413920960575,False
2020-06-27,persian_gulf,Persian Gulf,37,6,11.0,23.97685601526746,7.997467535312842,9,164.0,-0.32767465519427946,False
2020-06-27,gulf_of_oman,Gulf of Oman,2,0,0.0,0.6389840775452376,0.0,1,7.0,0.3535533905932729,False
2020-06-27,southern_red_sea,Southern Red Sea,188,290,170.0,118.4852769762295,107.68888171830108,17,751.0,0.351409720800459,False
2020-06-27,hormuz,Strait of Hormuz,2,0,0.0,2.0,0.0,1,10.0,-0.7030839733292361,False
2020-06-27,northern_red_sea,Northern & Central Red Sea,1,0,1.0,0.49561405823320354,0.49561405823320354,1,5.0,-0.8400268812903086,False
2020-07-04,eastern_med,Eastern Mediterranean,352,110,144.0,303.32744714369517,110.78407103086556,41,1547.0,-0.2865963616343719,False
2020-07-04,bab_el_mandeb,Bab-el-Mandeb,209,362,176.0,104.46301956338667,85.03319694731309,11,715.0,4.684573056224124,True
2020-07-04,bosphorus,Turkish Straits (Bosphorus-Dardanelles),54,0,3.0,34.1381037870306,2.2159169910087284,13,211.0,1.2081194394649226,False
2020-07-04,somali_basin,Somali Basin / Horn approaches,75,86,54.0,23.482484524736336,15.043785853796383,7,254.0,0.8571593913749183,False
2020-07-04,southern_red_sea,Southern Red Sea,227,428,191.0,140.62640792888854,121.74685189070725,14,803.0,3.1881211895476507,True
2020-07-04,gulf_of_aden,Gulf of Aden,249,439,207.0,187.39756397852744,152.8027848897858,18,931.0,1.6486116443791006,False
2020-07-04,suez_canal,Suez Canal & Gulf of Suez,153,7,27.0,86.42990875178761,12.568323570187623,14,656.0,-0.306607671891636,False
2020-07-04,hormuz,Strait of Hormuz,4,0,0.0,2.386674642001217,0.0,2,11.0,0.35355339059327406,False
2020-07-04,black_sea,Black Sea,51,0,3.0,32.59738046029356,2.2650944084899143,13,217.0,0.5765944117479614,False
2020-07-04,persian_gulf,Persian Gulf,50,5,6.0,32.046222121085485,6.0,14,167.0,1.153984655249419,False
2020-07-04,gulf_of_oman,Gulf of Oman,5,0,2.0,1.4450697090272993,0.5373904209880411,2,11.0,7.004165427324823,True
2020-07-11,northern_red_sea,Northern & Central Red Sea,2,0,2.0,0.9912281164664071,0.9912281164664071,1,5.0,0.6614378277661475,False
2020-07-11,bosphorus,Turkish Straits (Bosphorus-Dardanelles),54,1,1.0,36.51067706588828,1.0,12,215.0,0.9393038202129553,False
2020-07-11,black_sea,Black Sea,59,2,4.0,35.53380913644184,2.4692976198076377,13,223.0,1.0949945926326314,False
2020-07-11,hormuz,Strait of Hormuz,1,0,0.0,1.0,0.0,1,8.0,-1.6906606203887744,False
2020-07-11,persian_gulf,Persian Gulf,75,6,10.0,44.9211482049609,6.885883889011453,12,195.0,3.689711450538517,True
2020-07-11,somali_basin,Somali Basin / Horn approaches,64,74,36.0,21.728808030942737,11.053787748953948,7,247.0,-0.00901146472665356,False
2020-07-11,gulf_of_oman,Gulf of Oman,5,3,1.0,1.394272880748701,0.26869521049402056,2,14.0,2.304227857530036,True
2020-07-11,eastern_med,Eastern Mediterranean,491,115,167.0,439.27869478867166,137.42246054772204,39,1714.0,1.5819668334490404,False
2020-07-11,southern_red_sea,Southern Red Sea,181,300,151.0,126.36588919065997,110.97618851899666,18,793.0,-0.43739522281507043,False
2020-07-11,bab_el_mandeb,Bab-el-Mandeb,161,247,129.0,81.07138248342144,60.948737658796375,12,707.0,-0.3766551417629448,False
2020-07-11,suez_canal,Suez Canal & Gulf of Suez,261,40,29.0,148.0392568846808,10.380008489136634,15,777.0,5.310548284021412,True
2020-07-11,gulf_of_aden,Gulf of Aden,199,322,161.0,140.2132847713673,107.33519778127797,19,890.0,-1.300689909599189,False
2020-07-18,southern_red_sea,Southern Red Sea,209,442,176.0,145.7995517514398,127.105534657281,15,805.0,0.9705420891725639,False
2020-07-18,black_sea,Black Sea,59,0,7.0,40.710134936265774,5.386399560609509,13,232.0,0.8820587593697835,False
2020-07-18,bosphorus,Turkish Straits (Bosphorus-Dardanelles),59,0,7.0,41.677402352767416,5.821307052210394,12,223.0,1.1557484818675272,False
2020-07-18,hormuz,Strait of Hormuz,2,3,1.0,1.1933373210006084,0.19333732100060838,2,9.0,-0.5262116819087322,False
2020-07-18,gulf_of_oman,Gulf of Oman,1,0,0.0,0.3194920387726188,0.0,1,13.0,-0.8160150140436466,False
2020-07-18,suez_canal,Suez Canal & Gulf of Suez,166,16,25.0,94.15197682648797,9.994034963525376,17,756.0,-0.1252350295695541,False
2020-07-18,gulf_of_aden,Gulf of Aden,235,446,193.0,170.10771226282054,137.12425360327697,20,888.0,0.5659542050553698,False
2020-07-18,somali_basin,Somali Basin / Horn approaches,99,130,69.0,29.833167899299085,18.915268108537017,7,281.0,2.585177738453184,True
2020-07-18,persian_gulf,Persian Gulf,74,7,6.0,39.47574073231845,2.978637266432722,9,236.0,1.9263836270085675,False
2020-07-18,bab_el_mandeb,Bab-el-Mandeb,205,400,170.0,111.816136442351,88.79407608160452,12,734.0,1.9086306855308586,False
2020-07-18,eastern_med,Eastern Mediterranean,386,133,166.0,337.7227484636493,132.78583886460785,45,1643.0,-0.14436974049289858,False
2020-07-25,black_sea,Black Sea,45,0,3.0,31.948259296079033,2.1876825097309567,13,214.0,-0.865056025250852,False
2020-07-25,gulf_of_oman,Gulf of Oman,3,0,0.0,0.9076792880392581,0.0,2,14.0,0.37091591547438485,False
2020-07-25,persian_gulf,Persian Gulf,75,4,3.0,41.75075562608218,1.1145773197226747,10,274.0,1.5463480443223248,False
2020-07-25,suez_canal,Suez Canal & Gulf of Suez,150,28,23.0,80.65895453846063,8.976804998201345,20,730.0,-0.6880748383862597,False
2020-07-25,eastern_med,Eastern Mediterranean,321,129,137.0,289.55183166708434,118.32764766143977,43,1550.0,-1.5668894396868471,False
2020-07-25,somali_basin,Somali Basin / Horn approaches,56,33,38.0,17.067120911851315,11.138237326402823,7,294.0,-0.772826782633117,False
2020-07-25,bab_el_mandeb,Bab-el-Mandeb,139,113,115.0,75.24793424675559,60.0973318440316,10,714.0,-1.5138646376012908,False
2020-07-25,gulf_of_aden,Gulf of Aden,168,137,135.0,114.45886295868146,89.81580846665642,18,851.0,-2.522537050678368,False
2020-07-25,hormuz,Strait of Hormuz,5,0,0.0,2.5800119630018252,0.0,2,12.0,2.091650066335195,True
2020-07-25,southern_red_sea,Southern Red Sea,146,134,123.0,105.62150630441235,91.03500084730638,13,763.0,-2.267181733615673,False
2020-07-25,bosphorus,Turkish Straits (Bosphorus-Dardanelles),43,0,3.0,31.233360698787425,2.410653526105197,12,210.0,-0.8022892322030503,False
2020-08-01,southern_red_sea,Southern Red Sea,138,231,113.0,101.99500200712109,84.94603011927678,13,674.0,-2.138202599575635,False
2020-08-01,persian_gulf,Persian Gulf,80,5,11.0,50.51663678202456,6.774991463114803,9,304.0,1.4504036513421104,False
2020-08-01,bab_el_mandeb,Bab-el-Mandeb,123,162,101.0,63.39608295044981,49.47420536348426,10,628.0,-2.11793148782039,False
2020-08-01,somali_basin,Somali Basin / Horn approaches,49,70,35.0,15.383530439363836,10.142312680848816,7,268.0,-1.2044717123687496,False
2020-08-01,eastern_med,Eastern Mediterranean,275,83,119.0,240.0875465867667,97.71562784683337,36,1473.0,-1.8983586921642879,False
2020-08-01,bosphorus,Turkish Straits (Bosphorus-Dardanelles),40,0,1.0,27.686684773447734,0.23915254753668114,8,196.0,-1.601245058360957,False
2020-08-01,hormuz,Strait of Hormuz,10,0,1.0,5.1600239260036505,1.0,2,18.0,4.8721559114838,True
2020-08-01,gulf_of_oman,Gulf of Oman,5,0,1.0,1.5466633655844957,0.3194920387726188,2,14.0,1.4862422695900153,False
2020-08-01,suez_canal,Suez Canal & Gulf of Suez,118,7,24.0,74.35013497861446,13.589858353361835,14,695.0,-1.438303024488032,False
2020-08-01,black_sea,Black Sea,44,0,1.0,26.831230488077345,0.3029804789059568,10,207.0,-1.2571365607988587,False
2020-08-01,gulf_of_aden,Gulf of Aden,157,259,127.0,101.7915952562272,81.64162084763204,16,759.0,-2.3199071541541545,False
2020-08-08,gulf_of_oman,Gulf of Oman,2,0,0.0,0.6389840775452376,0.0,1,11.0,-0.6851064595573095,False
2020-08-08,eastern_med,Eastern Mediterranean,406,60,197.0,357.5652245325976,165.86081588628815,41,1388.0,0.38774356703160634,False
2020-08-08,bosphorus,Turkish Straits (Bosphorus-Dardanelles),42,0,1.0,29.177191297065285,1.0,10,184.0,-1.3720698807187826,False
2020-08-08,arabian_sea,Arabian Sea (open),2,0,0.0,1.4222501698202272,0.0,1,5.0,0.8400268812903088,False
2020-08-08,somali_basin,Somali Basin / Horn approaches,53,35,35.0,17.643548216009364,10.311567617999152,7,257.0,-0.7049916653170784,False
2020-08-08,southern_red_sea,Southern Red Sea,182,338,147.0,117.9519055994468,102.3110514575429,13,675.0,-0.0876819898171096,False
2020-08-08,persian_gulf,Persian Gulf,85,7,18.0,50.39323359201306,12.495447422022776,10,314.0,1.3653424928965017,False
2020-08-08,northern_red_sea,Northern & Central Red Sea,1,0,1.0,0.49561405823320354,0.49561405823320354,1,5.0,-0.6614378277661475,False
2020-08-08,gulf_of_aden,Gulf of Aden,202,351,159.0,147.90478855261696,114.45465564520941,16,762.0,-0.2657384634700065,False
2020-08-08,bab_el_mandeb,Bab-el-Mandeb,181,326,148.0,88.60568312419915,70.4665662371252,11,648.0,0.4429157676400776,False
2020-08-08,suez_canal,Suez Canal & Gulf of Suez,206,11,71.0,142.3360542502492,55.420895087825315,17,640.0,0.8646464868407183,False
2020-08-08,black_sea,Black Sea,43,0,3.0,29.225988011301986,1.5776896345530034,10,191.0,-1.456438162508775,False
2020-08-08,hormuz,Strait of Hormuz,4,0,0.0,2.51408833018625,0.0,2,21.0,0.1261312447773783,False
2020-08-08,india_west_coast,India West Coast corridor,2,0,0.0,2.0,0.0,1,5.0,1.620185174601965,False
2020-08-15,southern_red_sea,Southern Red Sea,246,621,182.0,140.1604917813367,111.46386862669775,16,712.0,2.0950047598562174,True
2020-08-15,persian_gulf,Persian Gulf,85,12,13.0,58.52804691456121,9.695427306714407,16,325.0,1.045865271909962,False
2020-08-15,northern_red_sea,Northern & Central Red Sea,1,0,1.0,0.49561405823320354,0.49561405823320354,1,5.0,-0.6614378277661475,False
2020-08-15,bab_el_mandeb,Bab-el-Mandeb,218,529,157.0,102.5063271594249,72.71014002987943,10,661.0,1.6208494132683853,False
2020-08-15,gulf_of_oman,Gulf of Oman,5,3,2.0,1.7138483169711547,0.8569658572104948,3,15.0,1.1418440992621826,False
2020-08-15,eastern_med,Eastern Mediterranean,476,87,238.0,422.17793698959,200.34191895709327,39,1478.0,1.2493380968888483,False
2020-08-15,hormuz,Strait of Hormuz,3,4,2.0,2.257044165093125,1.257044165093125,3,22.0,-0.21021874129563053,False
2020-08-15,somali_basin,Somali Basin / Horn approaches,87,79,59.0,25.892602438475755,17.264674352194376,6,245.0,1.3568698870602722,False
2020-08-15,bosphorus,Turkish Straits (Bosphorus-Dardanelles),31,0,0.0,22.826157042277924,0.0,9,156.0,-2.6215458385338164,False
2020-08-15,suez_canal,Suez Canal & Gulf of Suez,269,16,95.0,187.79596240352765,67.66833616506591,15,743.0,2.139781709858344,True
2020-08-15,gulf_of_aden,Gulf of Aden,273,626,199.0,205.64747241443882,142.16499294791606,17,800.0,2.0235305596718693,True
2020-08-15,black_sea,Black Sea,32,0,2.0,22.96420695228022,0.5776896345530034,12,164.0,-2.557336516745457,False
2020-08-22,bosphorus,Turkish Straits (Bosphorus-Dardanelles),42,0,1.0,35.2896816096341,0.41065352610519723,9,155.0,-0.5502751425852804,False
2020-08-22,somali_basin,Somali Basin / Horn approaches,68,61,41.0,22.523953714335647,13.169082955685166,7,257.0,0.11453258218520168,False
2020-08-22,hormuz,Strait of Hormuz,2,0,0.0,1.1933373210006084,0.0,2,19.0,-0.6696733640952044,False
2020-08-22,southern_red_sea,Southern Red Sea,206,394,166.0,118.28864588198242,97.40106586552145,16,772.0,0.44093999523537064,False
2020-08-22,suez_canal,Suez Canal & Gulf of Suez,203,12,69.0,134.94204963895444,46.79021621472179,13,796.0,0.28938109340887874,False
2020-08-22,gulf_of_oman,Gulf of Oman,5,4,3.0,1.394272880748701,0.8060856314820617,2,17.0,0.8874119674649416,False
2020-08-22,eastern_med,Eastern Mediterranean,370,88,188.0,326.46983674478344,156.72596178440986,33,1527.0,-0.27359572361834256,False
2020-08-22,persian_gulf,Persian Gulf,47,7,5.0,26.563427296958498,2.529680855570707,11,297.0,-1.3335754946669633,False
2020-08-22,bab_el_mandeb,Bab-el-Mandeb,177,267,139.0,86.10092961337247,63.15132503012044,12,699.0,0.07582293346692534,False
2020-08-22,gulf_of_aden,Gulf of Aden,227,404,177.0,162.194043254153,123.61560914867957,18,859.0,0.4056533461983405,False
2020-08-22,black_sea,Black Sea,47,5,4.0,33.631625784978176,1.541838872482113,12,166.0,-0.23929980757567895,False
2020-08-29,arabian_sea,Arabian Sea (open),1,0,1.0,0.7111250849101136,0.7111250849101136,1,5.0,-0.6614378277661477,False
2020-08-29,gulf_of_aden,Gulf of Aden,236,362,194.0,174.78122671666037,139.6483394730537,17,938.0,0.560025396500915,False
2020-08-29,somali_basin,Somali Basin / Horn approaches,64,74,43.0,21.362493985299952,13.568986820469952,6,272.0,-0.28073229874131306,False
2020-08-29,bab_el_mandeb,Bab-el-Mandeb,196,306,160.0,88.44976955847011,69.26562097230276,10,772.0,0.5688739663198601,False
2020-08-29,southern_red_sea,Southern Red Sea,215,358,180.0,126.225542919274,108.3969548937837,15,849.0,0.6155693906743819,False
2020-08-29,hormuz,Strait of Hormuz,2,0,0.0,0.4503814860937334,0.0,2,11.0,-0.6696733640952044,False
2020-08-29,suez_canal,Suez Canal & Gulf of Suez,108,8,24.0,63.5691070292966,11.487409316691142,11,786.0,-1.5316759614111428,False
2020-08-29,gulf_of_oman,Gulf of Oman,1,1,1.0,0.26869521049402056,0.26869521049402056,1,13.0,-1.75082761886868,False
2020-08-29,northern_red_sea,Northern & Central Red Sea,3,0,1.0,2.495614058233204,0.49561405823320354,3,7.0,1.9843134832984426,False
2020-08-29,india_west_coast,India West Coast corridor,1,0,1.0,1.0,1.0,1,5.0,-0.5400617248673217,False
2020-08-29,black_sea,Black Sea,42,2,4.0,25.251601506566118,1.3366399698890465,13,164.0,-0.6171266675010785,False
2020-08-29,bosphorus,Turkish Straits (Bosphorus-Dardanelles),42,0,3.0,27.64751059646615,1.8213070522103945,11,157.0,-0.3922399582159341,False
2020-08-29,eastern_med,Eastern Mediterranean,311,63,151.0,260.9185034034068,118.65609242269902,34,1563.0,-1.0063401415749074,False
2020-08-29,persian_gulf,Persian Gulf,49,5,9.0,28.201419934726637,4.790201269212712,13,266.0,-1.5135058017979757,False
2020-09-05,hormuz,Strait of Hormuz,11,1,1.0,4.185983797653092,1.0,3,18.0,2.5648710912836954,True
2020-09-05,persian_gulf,Persian Gulf,92,4,7.0,53.904916421798845,4.993746137170465,12,273.0,1.3839925343873418,False
2020-09-05,southern_red_sea,Southern Red Sea,219,583,172.0,122.65446016478485,100.62231907068814,15,886.0,0.7912292508514579,False
2020-09-05,somali_basin,Somali Basin / Horn approaches,73,88,54.0,21.883849116762388,14.985903107826088,7,292.0,0.31891235670385243,False
2020-09-05,bosphorus,Turkish Straits (Bosphorus-Dardanelles),45,0,1.0,31.364092239857868,0.41065352610519723,8,160.0,0.10124139816717531,False
2020-09-05,india_west_coast,India West Coast corridor,1,0,1.0,1.0,1.0,1,5.0,-0.5400617248673217,False
2020-09-05,black_sea,Black Sea,42,2,2.0,29.570469764709728,0.4961802592107113,8,163.0,-0.4874562659076979,False
2020-09-05,eastern_med,Eastern Mediterranean,303,52,141.0,255.63003592789315,107.98623895402235,37,1460.0,-0.9921805832607239,False
2020-09-05,bab_el_mandeb,Bab-el-Mandeb,184,369,144.0,86.26791906091833,67.61608460510827,11,775.0,0.2763211050277552,False
2020-09-05,gulf_of_oman,Gulf of Oman,4,2,2.0,1.1763744985332787,0.5881872492666393,2,15.0,0.3384210333468033,False
2020-09-05,gulf_of_aden,Gulf of Aden,237,590,181.0,175.51807315337314,133.116386860461,16,973.0,0.6490782700897966,False
2020-09-05,suez_canal,Suez Canal & Gulf of Suez,123,7,14.0,74.13883925436716,6.139912697748157,13,703.0,-1.0272780703775994,False
2020-09-05,northern_red_sea,Northern & Central Red Sea,4,0,4.0,1.9824562329328141,1.9824562329328141,1,9.0,3.3071891388307377,True
2020-09-05,arabian_sea,Arabian Sea (open),1,0,1.0,0.7111250849101136,0.7111250849101136,1,5.0,-0.5400617248673216,False
2020-09-12,persian_gulf,Persian Gulf,110,1,5.0,86.04788112282831,3.830207071696065,16,298.0,2.192190368497468,True
2020-09-12,southern_red_sea,Southern Red Sea,272,518,218.0,153.09858116104417,127.33321736462422,16,912.0,2.0637650291439527,True
2020-09-12,gulf_of_aden,Gulf of Aden,289,520,225.0,223.18455578796255,170.69997371320747,19,989.0,1.85811652945585,False
2020-09-12,black_sea,Black Sea,39,2,1.0,30.95282335277138,0.3029804789059568,10,170.0,-0.7056225802838315,False
2020-09-12,hormuz,Strait of Hormuz,2,0,0.0,1.1933373210006084,0.0,2,17.0,-0.7892915541608929,False
2020-09-12,gulf_of_oman,Gulf of Oman,5,0,0.0,1.394272880748701,0.0,2,15.0,0.9985454537755465,False
2020-09-12,bosphorus,Turkish Straits (Bosphorus-Dardanelles),32,0,0.0,26.576765726888738,0.0,5,161.0,-1.426904934572592,False
2020-09-12,bab_el_mandeb,Bab-el-Mandeb,246,451,192.0,118.62785141462476,91.15795931296257,11,803.0,2.1175812697338037,True
2020-09-12,eastern_med,Eastern Mediterranean,399,76,181.0,341.72986524976415,137.4569338893957,31,1383.0,0.6501944393708441,False
2020-09-12,suez_canal,Suez Canal & Gulf of Suez,167,16,31.0,102.85499681073097,16.496178734097217,12,601.0,-0.01585382983871099,False
2020-09-12,somali_basin,Somali Basin / Horn approaches,99,149,69.0,32.07046220856665,20.086793728535053,7,304.0,1.7579444650356975,False
2020-09-12,northern_red_sea,Northern & Central Red Sea,2,0,2.0,0.9912281164664071,0.9912281164664071,1,10.0,0.21459876881973802,False
2020-09-19,black_sea,Black Sea,45,1,3.0,28.768705158017347,1.463600196219374,13,168.0,0.7080050751517053,False
2020-09-19,hormuz,Strait of Hormuz,2,0,0.0,0.4503814860937334,0.0,2,17.0,-0.7892915541608929,False
2020-09-19,bab_el_mandeb,Bab-el-Mandeb,168,230,141.0,74.09821765712644,61.36895267831992,12,794.0,-0.3794299582740295,False
2020-09-19,southern_red_sea,Southern Red Sea,202,262,173.0,117.79101727209023,104.83720847135648,17,908.0,-0.021650151837686583,False
2020-09-19,eastern_med,Eastern Mediterranean,358,123,171.0,299.07599180478405,136.0647203172324,36,1371.0,0.005586280851922282,False
2020-09-19,gulf_of_aden,Gulf of Aden,223,285,187.0,158.7353327345339,129.97926145696908,19,985.0,-0.013476466533630129,False
2020-09-19,suez_canal,Suez Canal & Gulf of Suez,139,8,21.0,84.47200871685216,7.545587057084937,16,537.0,-0.5254766441667295,False
2020-09-19,persian_gulf,Persian Gulf,65,0,2.0,42.35128512858785,0.8302070716960646,14,316.0,-0.6085898769052558,False
2020-09-19,somali_basin,Somali Basin / Horn approaches,54,25,41.0,16.8669405128113,11.818989963774065,7,290.0,-0.846417705387558,False
2020-09-19,bosphorus,Turkish Straits (Bosphorus-Dardanelles),39,0,2.0,28.76791767009123,1.4106535261051971,8,158.0,-0.1200038401843247,False
2020-09-26,southern_red_sea,Southern Red Sea,199,341,166.0,124.20549194067638,109.93561755986035,14,892.0,-0.27385319583775297,False
2020-09-26,persian_gulf,Persian Gulf,65,0,3.0,48.59983944748634,1.7648404277853535,13,332.0,-0.537212101936038,False
2020-09-26,eastern_med,Eastern Mediterranean,392,111,162.0,331.92614948229357,127.07076668062847,40,1452.0,0.4542003637871142,False
2020-09-26,bosphorus,Turkish Straits (Bosphorus-Dardanelles),68,0,3.0,50.17331941839901,2.410653526105197,11,184.0,5.744308905834597,True
2020-09-26,hormuz,Strait of Hormuz,2,0,0.0,0.51408833018625,0.0,1,17.0,-0.6614378277661478,False
2020-09-26,gulf_of_oman,Gulf of Oman,3,6,2.0,0.8060856314820617,0.5373904209880411,1,13.0,-0.47434164902525633,False
2020-09-26,bab_el_mandeb,Bab-el-Mandeb,177,300,141.0,84.44366001106984,69.19127930454627,11,775.0,-0.2665999691675993,False
2020-09-26,black_sea,Black Sea,74,2,4.0,50.83752374346956,2.4961802592107114,13,200.0,7.02558882265923,True
2020-09-26,suez_canal,Suez Canal & Gulf of Suez,168,7,21.0,97.73732050428178,9.00258840509542,13,597.0,0.02462666974372448,False
2020-09-26,gulf_of_aden,Gulf of Aden,219,357,176.0,156.9046358309318,120.3721534395947,18,968.0,-0.2826946476538865,False
2020-09-26,somali_basin,Somali Basin / Horn approaches,58,76,42.0,18.229434427293377,12.430113004869973,5,284.0,-0.5928398591481797,False
2020-10-03,suez_canal,Suez Canal & Gulf of Suez,228,12,31.0,144.27936026495033,14.464688702877472,16,702.0,1.054019562651827,False
2020-10-03,bosphorus,Turkish Straits (Bosphorus-Dardanelles),41,0,2.0,29.982274292705497,1.4106535261051971,10,180.0,-0.14237532573808698,False
2020-10-03,gulf_of_oman,Gulf of Oman,6,0,1.0,1.6121712629641234,0.26869521049402056,1,18.0,1.423024947075769,False
2020-10-03,bab_el_mandeb,Bab-el-Mandeb,184,262,152.0,87.56235272730233,68.7119050947696,13,775.0,-0.35786930285750207,False
2020-10-03,hormuz,Strait of Hormuz,1,0,0.0,0.19333732100060838,0.0,1,7.0,-0.8021111848996851,False
2020-10-03,southern_red_sea,Southern Red Sea,225,357,181.0,146.42151020385708,124.33250002500694,17,898.0,0.2569676383520529,False
2020-10-03,eastern_med,Eastern Mediterranean,400,102,152.0,344.04355272230697,110.63938045052944,38,1549.0,0.4163662567672219,False
2020-10-03,persian_gulf,Persian Gulf,42,1,4.0,31.263783999844396,2.830207071696065,11,282.0,-1.4918321665924654,False
2020-10-03,black_sea,Black Sea,54,1,10.0,33.00722269350558,3.3865642857487006,16,212.0,0.6875053100899337,False
2020-10-03,arabian_sea,Arabian Sea (open),1,0,0.0,0.7111250849101136,0.0,1,5.0,-0.5400617248673216,False
2020-10-03,gulf_of_aden,Gulf of Aden,247,359,194.0,161.01748917158298,124.02862457165512,20,978.0,0.3031045612903222,False
2020-10-03,somali_basin,Somali Basin / Horn approaches,59,4,38.0,18.125679777283715,11.118688524299703,7,270.0,-0.6431059080767448,False
2020-10-03,india_west_coast,India West Coast corridor,1,0,0.0,1.0,0.0,1,5.0,-0.5400617248673217,False
2020-10-10,somali_basin,Somali Basin / Horn approaches,80,129,65.0,24.17054146557247,19.151130073439067,7,251.0,0.6257387513935717,False
2020-10-10,gulf_of_oman,Gulf of Oman,5,1,3.0,1.394272880748701,0.8060856314820617,2,19.0,0.651460818165444,False
2020-10-10,bab_el_mandeb,Bab-el-Mandeb,159,223,131.0,91.21621885714589,74.02399953945505,11,688.0,-1.3357624091582738,False
2020-10-10,black_sea,Black Sea,43,1,5.0,23.952580920822037,2.0173272472458943,11,216.0,-0.30622605213126575,False
2020-10-10,gulf_of_aden,Gulf of Aden,237,289,196.0,159.12866679182918,128.1761026375922,18,926.0,-0.27601523734806743,False
2020-10-10,persian_gulf,Persian Gulf,56,0,4.0,37.192808042465884,1.9709733319205993,13,228.0,-0.55198656079267,False
2020-10-10,suez_canal,Suez Canal & Gulf of Suez,198,10,11.0,122.27009785066582,4.882717365660222,14,733.0,0.4082388863969627,False
2020-10-10,eastern_med,Eastern Mediterranean,394,66,135.0,346.11520491953365,100.1144103777822,38,1544.0,0.32423624557479136,False
2020-10-10,hormuz,Strait of Hormuz,6,0,0.0,2.2215139813731084,0.0,3,11.0,0.8910407890897097,False
2020-10-10,bosphorus,Turkish Straits (Bosphorus-Dardanelles),34,0,2.0,20.796490770123633,1.4106535261051971,6,182.0,-0.7438662381815268,False
2020-10-10,southern_red_sea,Southern Red Sea,215,253,181.0,126.31314551992503,107.10079293472195,14,841.0,-0.3220305943597651,False
2020-10-17,bab_el_mandeb,Bab-el-Mandeb,150,287,124.0,72.28044046517311,55.718550600238174,12,670.0,-1.371787155501902,False
2020-10-17,black_sea,Black Sea,47,2,3.0,30.637751890637418,1.0685354699416967,14,218.0,-0.11027027284780593,False
2020-10-17,gulf_of_oman,Gulf of Oman,1,0,1.0,0.26869521049402056,0.26869521049402056,1,15.0,-2.0554804791094443,False
2020-10-17,hormuz,Strait of Hormuz,4,0,0.0,0.7733492840024335,0.0,1,13.0,0.14790199457749043,False
2020-10-17,somali_basin,Somali Basin / Horn approaches,53,112,34.0,16.770898121278783,10.11964566362653,6,250.0,-1.1157005784785508,False
2020-10-17,suez_canal,Suez Canal & Gulf of Suez,203,10,26.0,129.13392763496662,16.63828239769858,15,797.0,0.8690450716678452,False
2020-10-17,persian_gulf,Persian Gulf,72,6,7.0,54.52702194188489,5.226667538628023,15,235.0,0.263456237321065,False
2020-10-17,gulf_of_aden,Gulf of Aden,193,319,162.0,134.14189865119823,106.98269519312376,18,896.0,-2.1104867174887056,False
2020-10-17,eastern_med,Eastern Mediterranean,418,188,165.0,351.8251082320575,118.76656472978532,36,1604.0,1.3283373070841749,False
2020-10-17,bosphorus,Turkish Straits (Bosphorus-Dardanelles),40,0,0.0,29.050393774527738,0.0,8,183.0,-0.2604618835628247,False
2020-10-17,southern_red_sea,Southern Red Sea,185,319,157.0,116.10040196761234,101.76270708099618,15,824.0,-1.477350843314061,False
2020-10-24,gulf_of_aden,Gulf of Aden,192,325,148.0,126.12269522648737,93.14310073092143,17,869.0,-1.577276917582659,False
2020-10-24,somali_basin,Somali Basin / Horn approaches,40,36,23.0,13.59560016019354,6.773344861164031,6,232.0,-1.7412438444980316,False
2020-10-24,hormuz,Strait of Hormuz,4,0,0.0,1.6437188070943418,0.0,3,15.0,0.07513428837969108,False
2020-10-24,northern_red_sea,Northern & Central Red Sea,10,0,10.0,5.460526524098832,5.460526524098832,2,19.0,7.215861831536895,True
2020-10-24,suez_canal,Suez Canal & Gulf of Suez,237,16,37.0,138.41318230470324,14.459230515251665,15,866.0,1.6841494147494103,False
2020-10-24,persian_gulf,Persian Gulf,64,2,11.0,43.05821415980304,6.566020831402017,15,234.0,-0.21651016385239144,False
2020-10-24,bosphorus,Turkish Straits (Bosphorus-Dardanelles),32,0,1.0,20.83580311623945,1.0,11,147.0,-0.958650487600934,False
2020-10-24,eastern_med,Eastern Mediterranean,510,180,224.0,432.06647235245214,176.88629867003232,47,1722.0,3.1818852147967074,True
2020-10-24,gulf_of_oman,Gulf of Oman,1,0,0.0,0.3194920387726188,0.0,1,13.0,-1.4408262879878544,False
2020-10-24,black_sea,Black Sea,40,0,2.0,28.420955153296713,1.265094408489914,18,184.0,-0.7277838007955191,False
2020-10-24,bab_el_mandeb,Bab-el-Mandeb,133,206,103.0,64.03877338583776,47.91188788317129,12,626.0,-1.6985088784445495,False
2020-10-24,southern_red_sea,Southern Red Sea,193,322,152.0,124.50741399751286,105.50030205326449,18,818.0,-0.909631445387831,False
2020-10-31,black_sea,Black Sea,49,0,0.0,35.784126929206636,0.0,15,179.0,0.08685104172245502,False
2020-10-31,suez_canal,Suez Canal & Gulf of Suez,188,5,15.0,120.97633157924173,7.846165997111468,12,826.0,0.12598960227708372,False
2020-10-31,bab_el_mandeb,Bab-el-Mandeb,172,385,149.0,91.46168119913199,77.31056542683368,12,614.0,-0.09301681104949262,False
2020-10-31,southern_red_sea,Southern Red Sea,196,454,168.0,114.72172308743814,101.13776674827761,15,789.0,-0.6536712913421133,False
2020-10-31,eastern_med,Eastern Mediterranean,353,91,137.0,309.05240944115286,108.09460896302521,31,1675.0,-0.7532634513735129,False
2020-10-31,bosphorus,Turkish Straits (Bosphorus-Dardanelles),42,0,0.0,33.0467210515424,0.0,10,148.0,0.053373010157840794,False
2020-10-31,gulf_of_aden,Gulf of Aden,213,467,178.0,159.54664177726033,132.3215984620648,17,835.0,-0.5314584919026958,False
2020-10-31,gulf_of_oman,Gulf of Oman,1,0,0.0,0.26869521049402056,0.0,1,8.0,-1.0960251760067723,False
2020-10-31,somali_basin,Somali Basin / Horn approaches,82,128,63.0,24.92106910042495,17.09195855604075,7,255.0,0.941583675533635,False
2020-10-31,persian_gulf,Persian Gulf,72,7,8.0,47.38818327855077,4.735813759705953,13,264.0,0.05893024228784514,False
2020-11-07,somali_basin,Somali Basin / Horn approaches,76,140,63.0,22.979435480397736,18.09335816049653,7,251.0,0.5340488605683298,False
2020-11-07,persian_gulf,Persian Gulf,67,3,10.0,43.12750986701535,6.670447115795241,12,275.0,-0.06425058275542828,False
2020-11-07,southern_red_sea,Southern Red Sea,208,379,185.0,124.52593709364008,111.65514804410677,15,782.0,-0.1036763553632314,False
2020-11-07,bab_el_mandeb,Bab-el-Mandeb,179,379,157.0,95.0511160718002,82.83982711910758,11,634.0,0.16087711106836683,False
2020-11-07,gulf_of_oman,Gulf of Oman,2,0,0.0,0.5373904209880411,0.0,1,5.0,-0.6089028755593179,False
2020-11-07,black_sea,Black Sea,34,2,4.0,23.07091438209858,1.8741586696851633,12,170.0,-1.3215231884846175,False
2020-11-07,india_west_coast,India West Coast corridor,2,0,2.0,2.0,2.0,1,5.0,2.4748737341529163,True
2020-11-07,eastern_med,Eastern Mediterranean,397,91,170.0,353.76653508277116,136.94921601441752,34,1678.0,-0.12386093701408925,False
2020-11-07,hormuz,Strait of Hormuz,3,0,0.0,0.5800119630018251,0.0,1,17.0,-0.30756234261462284,False
2020-11-07,northern_red_sea,Northern & Central Red Sea,1,0,1.0,1.0,1.0,1,17.0,-0.6614378277661477,False
2020-11-07,gulf_of_aden,Gulf of Aden,228,435,200.0,163.99460850392452,140.95817776276346,18,826.0,0.04348170605856693,False
2020-11-07,suez_canal,Suez Canal & Gulf of Suez,216,15,30.0,129.07508992980826,13.09151985715572,15,844.0,0.7639663673610967,False
2020-11-07,bosphorus,Turkish Straits (Bosphorus-Dardanelles),29,0,1.0,21.998684341812186,1.0,8,143.0,-1.0322495396224316,False
2020-11-07,arabian_sea,Arabian Sea (open),2,0,2.0,1.4222501698202272,1.4222501698202272,1,5.0,2.4748737341529163,True
2020-11-14,eastern_med,Eastern Mediterranean,372,65,164.0,311.8624932965509,119.02676707886282,31,1632.0,-0.6344108459042886,False
2020-11-14,india_west_coast,India West Coast corridor,1,0,1.0,1.0,1.0,1,5.0,-0.5400617248673217,False
2020-11-14,suez_canal,Suez Canal & Gulf of Suez,189,8,26.0,115.93780308575492,15.901273034983793,14,830.0,-0.2525555642801783,False
2020-11-14,gulf_of_oman,Gulf of Oman,2,0,0.0,0.6389840775452376,0.0,1,6.0,-0.48304589153964755,False
2020-11-14,bab_el_mandeb,Bab-el-Mandeb,149,291,122.0,70.0279757975684,56.356252535219426,11,633.0,-0.9510756533833291,False
2020-11-14,southern_red_sea,Southern Red Sea,167,265,148.0,102.58723631823283,93.80210984702455,12,764.0,-2.8076409196391525,False
2020-11-14,somali_basin,Somali Basin / Horn approaches,60,137,37.0,19.878158506440748,11.033645598777955,7,258.0,-0.18365427997301112,False
2020-11-14,hormuz,Strait of Hormuz,4,0,0.0,2.386674642001217,0.0,2,15.0,0.6236095644623239,False
2020-11-14,persian_gulf,Persian Gulf,51,0,3.0,32.73361274474277,2.4151035358480324,10,254.0,-1.2076147288491101,False
2020-11-14,black_sea,Black Sea,39,0,2.0,27.28155012614472,0.5332921203631638,13,162.0,-0.7710245833879542,False
2020-11-14,gulf_of_aden,Gulf of Aden,195,372,164.0,135.75363445845554,107.78400586280509,16,828.0,-1.234426799696746,False
2020-11-14,arabian_sea,Arabian Sea (open),1,0,1.0,0.7111250849101136,0.7111250849101136,1,5.0,-0.5400617248673216,False
2020-11-14,bosphorus,Turkish Straits (Bosphorus-Dardanelles),33,0,0.0,27.318014984557298,0.0,8,136.0,-0.6354560686861498,False
2020-11-21,eastern_med,Eastern Mediterranean,354,141,157.0,298.47714925577486,114.9823465332329,36,1476.0,-1.077924266249658,False
2020-11-21,arabian_sea,Arabian Sea (open),5,0,4.0,3.555625424550568,2.8445003396404545,1,9.0,8.100925873009825,True
2020-11-21,india_west_coast,India West Coast corridor,5,0,4.0,5.0,4.0,1,9.0,8.100925873009826,True
2020-11-21,hormuz,Strait of Hormuz,3,0,0.0,1.51408833018625,0.0,2,14.0,-0.15811388300841905,False
2020-11-21,bosphorus,Turkish Straits (Bosphorus-Dardanelles),24,0,0.0,20.817498868496337,0.0,6,128.0,-1.2907448668948454,False
2020-11-21,bab_el_mandeb,Bab-el-Mandeb,149,248,130.0,68.53617461005801,57.51669765292749,12,649.0,-0.7730734814255061,False
2020-11-21,suez_canal,Suez Canal & Gulf of Suez,181,9,33.0,111.69326133050431,19.770225627402063,16,774.0,-0.98393243468057,False
2020-11-21,persian_gulf,Persian Gulf,44,4,4.0,27.549313193783906,3.4151035358480324,13,234.0,-1.6131527899195974,False
2020-11-21,black_sea,Black Sea,30,0,0.0,24.082324393000306,0.0,11,152.0,-1.410190187044396,False
2020-11-21,northern_red_sea,Northern & Central Red Sea,2,0,1.0,2.0,1.0,1,15.0,-0.33071891388307384,False
2020-11-21,southern_red_sea,Southern Red Sea,192,295,172.0,119.44439821595759,108.61849184115749,17,763.0,-0.3604759107756851,False
2020-11-21,gulf_of_aden,Gulf of Aden,201,317,176.0,135.1253199953172,114.38936150898009,19,837.0,-0.6881395469205664,False
2020-11-21,somali_basin,Somali Basin / Horn approaches,42,48,28.0,13.762399260619516,9.405538807084465,6,260.0,-1.470691841270157,False
2020-11-21,gulf_of_oman,Gulf of Oman,3,2,2.0,0.8568824597606599,0.5373904209880411,2,8.0,0.1950473744013733,False
2020-11-28,eastern_med,Eastern Mediterranean,378,129,181.0,301.3489017161812,120.46464104346946,34,1501.0,-0.43403997320055965,False
2020-11-28,gulf_of_aden,Gulf of Aden,179,325,150.0,129.11468516663075,104.97570951299204,19,803.0,-1.5857501158115637,False
2020-11-28,bosphorus,Turkish Straits (Bosphorus-Dardanelles),30,0,3.0,20.963911480056286,1.0604595997470756,7,116.0,-0.6943882118483207,False
2020-11-28,somali_basin,Somali Basin / Horn approaches,51,111,38.0,17.20122177096941,12.457217488427272,5,229.0,-0.6379977580215352,False
2020-11-28,hormuz,Strait of Hormuz,9,0,0.0,6.643718807094341,0.0,3,19.0,3.7352070429285873,True
2020-11-28,suez_canal,Suez Canal & Gulf of Suez,152,10,17.0,91.94961588538186,7.135020592482205,15,738.0,-2.627573644719962,False
2020-11-28,black_sea,Black Sea,35,0,2.0,22.910124559257284,0.38639956060950903,12,138.0,-0.8829187134416169,False
2020-11-28,southern_red_sea,Southern Red Sea,156,271,135.0,97.84631538050536,87.18831438714801,15,723.0,-2.2904514583836173,False
2020-11-28,persian_gulf,Persian Gulf,56,3,12.0,36.78404139574041,9.01015103532945,14,218.0,-0.2079211997282678,False
2020-11-28,bab_el_mandeb,Bab-el-Mandeb,148,304,124.0,66.70940569692668,55.37834926535752,11,625.0,-0.6490734136415511,False
2020-11-28,gulf_of_oman,Gulf of Oman,8,4,2.0,2.454342653623754,0.5373904209880411,2,15.0,2.795679033086351,True
2020-12-05,gulf_of_oman,Gulf of Oman,5,0,0.0,1.597460193863094,0.0,1,18.0,0.8586296628693787,False
2020-12-05,black_sea,Black Sea,41,0,2.0,30.67522670297828,1.2681977118732497,11,145.0,0.21007849026421516,False
2020-12-05,southern_red_sea,Southern Red Sea,173,215,135.0,109.1457877045218,89.84219419149048,16,688.0,-0.8146801235477018,False
2020-12-05,gulf_of_aden,Gulf of Aden,208,264,149.0,148.15079437555858,99.87569246371669,19,783.0,0.1648269459214193,False
2020-12-05,suez_canal,Suez Canal & Gulf of Suez,142,7,15.0,86.40977379064446,6.429479171851079,13,664.0,-2.1324583406648037,False
2020-12-05,persian_gulf,Persian Gulf,54,1,2.0,36.3197554788644,1.2714995480459568,12,205.0,-0.6156173762855858,False
2020-12-05,bosphorus,Turkish Straits (Bosphorus-Dardanelles),35,0,1.0,28.698748875326096,1.0,8,122.0,0.3429971702850061,False
2020-12-05,bab_el_mandeb,Bab-el-Mandeb,161,223,117.0,71.37893522642469,50.6822444321244,13,607.0,0.41690859196563623,False
2020-12-05,somali_basin,Somali Basin / Horn approaches,69,95,38.0,21.671184456043292,10.58197530045971,7,222.0,0.5038755424199467,False
2020-12-05,arabian_sea,Arabian Sea (open),1,0,1.0,0.7111250849101136,0.7111250849101136,1,9.0,-0.5400617248673217,False
2020-12-05,india_west_coast,India West Coast corridor,1,0,1.0,1.0,1.0,1,9.0,-0.5400617248673217,False
2020-12-05,eastern_med,Eastern Mediterranean,345,53,129.0,294.45025173402064,101.10059560789193,34,1449.0,-1.0257387960982176,False
2020-12-05,hormuz,Strait of Hormuz,6,0,0.0,5.193337321000608,0.0,2,22.0,0.7366963546722234,False
2020-12-12,eastern_med,Eastern Mediterranean,310,97,138.0,249.85645953721172,98.15914548981772,36,1387.0,-1.4986812964044387,False
2020-12-12,black_sea,Black Sea,38,0,6.0,28.292175946414766,3.6860784265299555,15,144.0,-0.21367137135673583,False
2020-12-12,persian_gulf,Persian Gulf,74,1,3.0,46.915471593551786,1.1799439636333857,14,228.0,1.3598002073001603,False
2020-12-12,gulf_of_oman,Gulf of Oman,5,3,3.0,1.3434760524701028,0.8060856314820617,1,21.0,0.8586296628693787,False
2020-12-12,northern_red_sea,Northern & Central Red Sea,2,0,2.0,2.0,2.0,1,15.0,-0.33071891388307384,False
2020-12-12,southern_red_sea,Southern Red Sea,148,222,120.0,95.23070817484543,79.66173988439797,16,669.0,-2.084222922477389,False
2020-12-12,bab_el_mandeb,Bab-el-Mandeb,134,211,95.0,67.35942498127098,46.75292634010313,11,592.0,-1.428485617807946,False
2020-12-12,hormuz,Strait of Hormuz,1,0,0.0,0.19333732100060838,0.0,1,19.0,-1.907918110179659,False
2020-12-12,bosphorus,Turkish Straits (Bosphorus-Dardanelles),30,0,4.0,25.049703264308473,2.868517790992625,9,119.0,-0.5327251224089662,False
2020-12-12,gulf_of_aden,Gulf of Aden,174,225,127.0,126.16343528355627,87.10881428896606,18,762.0,-1.8015545123282246,False
2020-12-12,suez_canal,Suez Canal & Gulf of Suez,128,10,16.0,76.01471096711803,6.409547099078506,14,603.0,-1.9311945455170056,False
2020-12-12,somali_basin,Somali Basin / Horn approaches,68,103,34.0,22.34676636388421,10.001990623145067,7,230.0,0.5747850679310743,False
2020-12-19,gulf_of_aden,Gulf of Aden,171,233,133.0,116.48639521160193,86.80785114694922,20,732.0,-1.5612359232218678,False
2020-12-19,gulf_of_oman,Gulf of Oman,3,0,1.0,1.5881872492666393,0.26869521049402056,3,21.0,-0.1533214358351993,False
2020-12-19,arabian_sea,Arabian Sea (open),4,0,2.0,3.133375254730341,1.4222501698202272,2,11.0,1.620185174601965,False
2020-12-19,india_west_coast,India West Coast corridor,3,0,2.0,3.0,2.0,1,10.0,0.9001028747788695,False
2020-12-19,persian_gulf,Persian Gulf,76,2,7.0,47.716987744894105,2.76212076313415,15,260.0,1.4792995072452626,False
2020-12-19,suez_canal,Suez Canal & Gulf of Suez,185,13,27.0,111.6811589613321,11.026583254189191,14,607.0,0.15850388279302996,False
2020-12-19,somali_basin,Somali Basin / Horn approaches,48,34,30.0,15.068439325205892,8.201758127918222,6,236.0,-0.8386473453113996,False
2020-12-19,black_sea,Black Sea,40,0,0.0,28.202562939367297,0.0,10,154.0,0.30970506284329524,False
2020-12-19,eastern_med,Eastern Mediterranean,379,105,157.0,308.274400811289,111.03486217367963,37,1412.0,0.027338448492278768,False
2020-12-19,southern_red_sea,Southern Red Sea,161,233,127.0,105.08172923239702,85.22122369639669,16,638.0,-0.8524104286341999,False
2020-12-19,hormuz,Strait of Hormuz,3,0,0.0,1.5159192912708328,0.0,3,19.0,-0.5262116819087309,False
2020-12-19,bosphorus,Turkish Straits (Bosphorus-Dardanelles),39,0,0.0,31.25498425028829,0.0,8,134.0,1.364455460372278,False
2020-12-19,bab_el_mandeb,Bab-el-Mandeb,131,171,99.0,66.61538257356685,49.056544529229924,13,574.0,-1.3363153497922133,False
2020-12-26,somali_basin,Somali Basin / Horn approaches,36,59,22.0,13.33872220809442,7.579155668213101,6,221.0,-1.8371658381023832,False
2020-12-26,bab_el_mandeb,Bab-el-Mandeb,99,169,77.0,51.39011443189018,39.82985646174232,11,525.0,-3.1849995867890173,False
2020-12-26,eastern_med,Eastern Mediterranean,370,130,151.0,298.73013597751384,103.67673241480612,37,1404.0,0.3367491648096601,False
2020-12-26,india_west_coast,India West Coast corridor,2,0,2.0,2.0,2.0,1,11.0,0.08574929257125441,False
2020-12-26,southern_red_sea,Southern Red Sea,127,272,105.0,85.29273343012026,74.03345224733708,15,609.0,-2.2604415474507875,False
2020-12-26,gulf_of_aden,Gulf of Aden,134,273,107.0,87.86182610842937,66.20411412939242,18,687.0,-3.06233864069205,False
2020-12-26,suez_canal,Suez Canal & Gulf of Suez,174,10,18.0,112.12269900342427,10.042755980018532,12,629.0,0.047107217465384266,False
2020-12-26,hormuz,Strait of Hormuz,5,0,1.0,1.9644698162799834,0.257044165093125,3,15.0,0.3620997210038561,False
2020-12-26,black_sea,Black Sea,51,0,5.0,30.99035816806118,3.5363954237464994,11,170.0,2.2564226007154367,True
2020-12-26,persian_gulf,Persian Gulf,56,1,10.0,36.356532234676116,5.548985591334792,13,260.0,-0.4788105412613419,False
2020-12-26,arabian_sea,Arabian Sea (open),2,0,2.0,1.4222501698202272,1.4222501698202272,1,12.0,0.0,False
2020-12-26,bosphorus,Turkish Straits (Bosphorus-Dardanelles),42,0,3.0,31.087664316625702,3.0,8,146.0,1.5947598638523581,False
2020-12-26,gulf_of_oman,Gulf of Oman,2,1,1.0,0.5881872492666393,0.26869521049402056,2,15.0,-0.7178049194865022,False
2021-01-02,southern_red_sea,Southern Red Sea,153,237,127.0,99.88073057745096,85.02727062792577,13,589.0,-0.5349494636576075,False
2021-01-02,black_sea,Black Sea,65,0,3.0,42.65073328607615,2.2650944084899143,15,194.0,4.266905375266641,True
2021-01-02,eastern_med,Eastern Mediterranean,456,119,175.0,386.2552499157891,124.8855621386649,38,1515.0,3.4817294852988,True
2021-01-02,bab_el_mandeb,Bab-el-Mandeb,129,205,104.0,73.544182881273,59.22969401763305,10,493.0,-0.6270313574470516,False
2021-01-02,persian_gulf,Persian Gulf,102,7,13.0,63.61024759703551,8.874210982039498,12,308.0,3.714766376566377,True
2021-01-02,gulf_of_aden,Gulf of Aden,167,237,135.0,112.35851800767202,87.12564436994141,17,646.0,-0.6760482452070954,False
2021-01-02,bosphorus,Turkish Straits (Bosphorus-Dardanelles),61,0,2.0,43.707368736455614,2.0,11,172.0,4.870482827440985,True
2021-01-02,suez_canal,Suez Canal & Gulf of Suez,233,14,29.0,142.92749683857372,11.732124674820318,15,720.0,2.176167676453715,True
2021-01-02,hormuz,Strait of Hormuz,11,0,1.0,4.058570109468059,1.0,3,20.0,2.7722267158108527,True
2021-01-02,somali_basin,Somali Basin / Horn approaches,56,52,41.0,17.450023939880666,12.03004797555556,5,208.0,-0.01759304940413679,False
2021-01-02,gulf_of_oman,Gulf of Oman,3,0,1.0,0.9076792880392581,0.3194920387726188,2,13.0,-0.35355339059327356,False
2021-01-09,bab_el_mandeb,Bab-el-Mandeb,132,168,92.0,67.9971926486473,47.01603383071084,12,491.0,-0.2889595716867683,False
2021-01-09,bosphorus,Turkish Straits (Bosphorus-Dardanelles),70,0,2.0,57.31594862247485,1.2689610297146285,10,212.0,2.9463205567845647,True
2021-01-09,india_west_coast,India West Coast corridor,1,0,0.0,1.0,0.0,1,7.0,-0.7071067811865475,False
2021-01-09,eastern_med,Eastern Mediterranean,345,104,144.0,283.637176061598,102.34036998153643,35,1550.0,-0.6152685504895906,False
2021-01-09,gulf_of_aden,Gulf of Aden,166,172,116.0,112.19100640058515,75.25981005969776,18,638.0,-0.5391815141563758,False
2021-01-09,suez_canal,Suez Canal & Gulf of Suez,170,12,27.0,107.31594003605736,13.78070158270881,14,762.0,-0.09170043384596761,False
2021-01-09,somali_basin,Somali Basin / Horn approaches,49,41,29.0,16.344428262318715,8.741717786896675,6,189.0,-0.4027862640717892,False
2021-01-09,persian_gulf,Persian Gulf,72,6,9.0,46.4014852214768,5.9447843914187395,13,306.0,0.41797211530133754,False
2021-01-09,arabian_sea,Arabian Sea (open),1,0,0.0,0.7111250849101136,0.0,1,8.0,-0.724568837309472,False
2021-01-09,hormuz,Strait of Hormuz,5,0,0.0,1.1578071372805918,0.0,2,24.0,-0.07513428837969109,False
2021-01-09,black_sea,Black Sea,79,0,2.0,56.26818952029867,1.4448495719730161,15,235.0,3.359677701797377,True
2021-01-09,southern_red_sea,Southern Red Sea,156,170,111.0,109.90936404361534,79.48967731219341,15,597.0,-0.1903052893502499,False
2021-01-09,gulf_of_oman,Gulf of Oman,2,0,0.0,0.5373904209880411,0.0,1,10.0,-0.923186182344995,False
2021-01-16,persian_gulf,Persian Gulf,54,4,11.0,29.317163673894818,6.57592293667123,12,284.0,-0.7004256089178457,False
2021-01-16,black_sea,Black Sea,65,0,2.0,46.1985466205044,1.1198930140647854,17,260.0,1.052791764861062,False
2021-01-16,bab_el_mandeb,Bab-el-Mandeb,186,227,96.0,91.14066588903623,44.68512883197654,14,546.0,2.7352736787551364,True
2021-01-16,gulf_of_aden,Gulf of Aden,233,279,129.0,165.17470702427795,84.88346179218985,20,700.0,2.5490767925822246,True
2021-01-16,suez_canal,Suez Canal & Gulf of Suez,175,14,29.0,110.20521196430808,15.778347519583644,12,752.0,0.13641577639599836,False
2021-01-16,eastern_med,Eastern Mediterranean,364,86,147.0,302.83051134604574,108.39466572733102,35,1535.0,-0.07371292045945572,False
2021-01-16,india_west_coast,India West Coast corridor,1,0,1.0,1.0,1.0,1,7.0,-0.7071067811865475,False
2021-01-16,southern_red_sea,Southern Red Sea,222,275,124.0,150.41620834918768,80.34749974186016,18,658.0,3.384520328471252,True
2021-01-16,bosphorus,Turkish Straits (Bosphorus-Dardanelles),59,0,1.0,47.77824111215451,0.45718568703399737,11,232.0,1.0955041556059804,False
2021-01-16,hormuz,Strait of Hormuz,2,1,2.0,2.0,2.0,1,23.0,-1.0251170222908434,False
2021-01-16,arabian_sea,Arabian Sea (open),1,0,1.0,0.7111250849101136,0.7111250849101136,1,8.0,-0.724568837309472,False
2021-01-16,somali_basin,Somali Basin / Horn approaches,59,14,25.0,19.465490644412327,8.49160810865811,6,200.0,0.5711343327203697,False
2021-01-16,gulf_of_oman,Gulf of Oman,3,1,2.0,0.9076792880392581,0.6389840775452376,2,10.0,-0.4308202184276643,False
2021-01-23,southern_red_sea,Southern Red Sea,168,144,106.0,116.36046535334384,74.96141556314913,17,699.0,0.218135466100762,False
2021-01-23,gulf_of_oman,Gulf of Oman,11,0,0.0,3.108037800270021,0.0,2,19.0,3.5081074929109812,True
2021-01-23,suez_canal,Suez Canal & Gulf of Suez,205,33,38.0,115.40436602958319,15.848354756668638,13,783.0,1.102366519203641,False
2021-01-23,persian_gulf,Persian Gulf,54,0,9.0,33.73193570004697,6.474216316929208,14,282.0,-0.8383727407657126,False
2021-01-23,eastern_med,Eastern Mediterranean,434,118,157.0,375.4702450984454,117.25075899276729,33,1599.0,1.5588511078117,False
2021-01-23,gulf_of_aden,Gulf of Aden,176,149,110.0,118.79173665902528,69.08342071991294,20,742.0,-0.10093354672167397,False
2021-01-23,bosphorus,Turkish Straits (Bosphorus-Dardanelles),45,0,1.0,39.78105048675974,1.0,11,235.0,-0.048593408404122185,False
2021-01-23,somali_basin,Somali Basin / Horn approaches,55,9,25.0,19.35624184214614,8.887589625218853,6,219.0,0.04558930574268211,False
2021-01-23,hormuz,Strait of Hormuz,6,0,0.0,3.7074256511868584,0.0,3,24.0,0.21980191863489923,False
2021-01-23,bab_el_mandeb,Bab-el-Mandeb,132,125,81.0,72.73151069189676,41.51256885982585,14,579.0,-0.31194020233840664,False
2021-01-23,black_sea,Black Sea,53,0,1.0,41.376795966141394,1.0,17,262.0,0.07757500696512712,False
2021-01-30,bosphorus,Turkish Straits (Bosphorus-Dardanelles),45,0,1.0,34.84152359274015,0.41065352610519723,9,219.0,-0.18615650237566134,False
2021-01-30,eastern_med,Eastern Mediterranean,446,137,196.0,373.278289216036,141.33609922335054,38,1589.0,1.466819429359871,False
2021-01-30,gulf_of_oman,Gulf of Oman,6,0,1.0,1.6629680912427216,0.26869521049402056,2,22.0,0.5904042985720527,False
2021-01-30,somali_basin,Somali Basin / Horn approaches,42,30,24.0,13.78341422242325,8.109199152932103,6,205.0,-1.195300782795965,False
2021-01-30,gulf_of_aden,Gulf of Aden,154,226,113.0,103.00996629576764,70.60091767834821,18,729.0,-0.8279691760539217,False
2021-01-30,southern_red_sea,Southern Red Sea,145,224,109.0,103.03341505362529,77.7918953396874,16,691.0,-0.6737302626745355,False
2021-01-30,northern_red_sea,Northern & Central Red Sea,1,0,0.0,0.41448288542944617,0.0,1,6.0,-0.7205903922111525,False
2021-01-30,persian_gulf,Persian Gulf,43,0,10.0,30.12465032153574,8.049210675811963,12,223.0,-1.4629502244169232,False
2021-01-30,bab_el_mandeb,Bab-el-Mandeb,119,166,85.0,61.584454694443245,43.050055218862965,12,569.0,-0.7434461385869706,False
2021-01-30,suez_canal,Suez Canal & Gulf of Suez,189,12,32.0,106.24487853686718,12.434122283284344,15,739.0,0.37762553280302885,False
2021-01-30,black_sea,Black Sea,51,0,2.0,38.2552517675194,0.9369311038515653,14,248.0,-0.20507577810739705,False
2021-01-30,hormuz,Strait of Hormuz,2,0,0.0,1.257044165093125,0.0,2,15.0,-0.9301542430628649,False
2021-02-06,southern_red_sea,Southern Red Sea,228,430,165.0,134.59459005265313,98.25445154982698,16,763.0,2.4410577393003026,True
2021-02-06,somali_basin,Somali Basin / Horn approaches,42,25,20.0,14.188437857928422,6.323902137935257,6,198.0,-0.9557819340604361,False
2021-02-06,persian_gulf,Persian Gulf,62,5,16.0,38.8282820051886,10.526961190919504,9,213.0,-0.23569462544870493,False
2021-02-06,bosphorus,Turkish Straits (Bosphorus-Dardanelles),47,0,1.0,35.711681393309924,1.0,10,196.0,-0.1416283297942378,False
2021-02-06,bab_el_mandeb,Bab-el-Mandeb,190,338,133.0,83.4717921916453,52.69970993390572,13,627.0,2.3418260050411375,True
2021-02-06,gulf_of_aden,Gulf of Aden,228,430,163.0,162.6105685412995,111.18426001008879,18,791.0,1.989498733947043,False
2021-02-06,eastern_med,Eastern Mediterranean,464,93,207.0,392.66823256590703,153.13496691269464,40,1708.0,1.458076098181125,False
2021-02-06,suez_canal,Suez Canal & Gulf of Suez,222,20,29.0,128.1496829929716,12.297662707859999,18,791.0,1.3146011421923816,False
2021-02-06,northern_red_sea,Northern & Central Red Sea,4,0,4.0,1.9824562329328141,1.9824562329328141,1,9.0,0.29671369091047456,False
2021-02-06,black_sea,Black Sea,50,0,1.0,37.63284248758511,1.0,12,219.0,-0.3815210084574327,False
2021-02-13,hormuz,Strait of Hormuz,6,0,0.0,2.0941002931880752,0.0,3,16.0,0.5071231734435712,False
2021-02-13,northern_red_sea,Northern & Central Red Sea,7,0,7.0,3.973684349399221,3.973684349399221,2,14.0,1.2651520683686848,False
2021-02-13,gulf_of_aden,Gulf of Aden,236,549,175.0,172.89022654407137,122.64159785422652,18,794.0,1.6610386029349316,False
2021-02-13,somali_basin,Somali Basin / Horn approaches,43,48,27.0,13.447933083986955,8.128591985999973,6,182.0,-0.6704734095715332,False
2021-02-13,southern_red_sea,Southern Red Sea,233,547,177.0,141.82105708516096,109.56495157857869,17,774.0,1.7461546866300324,False
2021-02-13,bosphorus,Turkish Straits (Bosphorus-Dardanelles),36,1,0.0,23.34823050742469,0.0,8,173.0,-1.370939437150341,False
2021-02-13,bab_el_mandeb,Bab-el-Mandeb,199,518,145.0,82.9453764653698,58.47922643049692,13,640.0,1.8646806585202835,False
2021-02-13,persian_gulf,Persian Gulf,84,3,11.0,63.8062419447402,7.9447843914187395,15,243.0,1.0427171923712695,False
2021-02-13,eastern_med,Eastern Mediterranean,315,75,129.0,260.33358961894635,94.10715401962752,42,1659.0,-1.9450786492326022,False
2021-02-13,gulf_of_oman,Gulf of Oman,2,0,0.0,0.5881872492666393,0.0,2,22.0,-0.7862255941722495,False
2021-02-13,black_sea,Black Sea,37,1,1.0,22.48130917391898,0.26819771187324976,8,191.0,-1.6222660040670698,False
2021-02-13,suez_canal,Suez Canal & Gulf of Suez,140,4,13.0,88.40191488410588,5.6279767797032,17,756.0,-2.3022611249285814,False
2021-02-20,northern_red_sea,Northern & Central Red Sea,2,0,2.0,1.4956140582332036,1.4956140582332036,2,14.0,-0.500211461206324,False
2021-02-20,suez_canal,Suez Canal & Gulf of Suez,173,9,19.0,110.03016823283726,7.481406977328584,16,724.0,-0.5101492368781323,False
2021-02-20,hormuz,Strait of Hormuz,2,0,0.0,2.0,0.0,1,16.0,-1.0246950765959602,False
2021-02-20,arabian_sea,Arabian Sea (open),2,0,2.0,1.4222501698202272,1.4222501698202272,1,6.0,-0.08050764858994133,False
2021-02-20,bosphorus,Turkish Straits (Bosphorus-Dardanelles),51,0,0.0,38.300727431353295,0.0,11,179.0,0.03274828166996765,False
2021-02-20,persian_gulf,Persian Gulf,57,15,18.0,32.9190536637757,11.73309409505475,10,246.0,-0.461489517714287,False
2021-02-20,gulf_of_aden,Gulf of Aden,229,526,172.0,166.22489697928722,119.49214200437169,20,847.0,1.0630342547699874,False
2021-02-20,black_sea,Black Sea,53,0,0.0,35.21226235013796,0.0,12,191.0,-0.2637874775556082,False
2021-02-20,eastern_med,Eastern Mediterranean,397,142,143.0,331.0547369738267,105.58603497780845,40,1622.0,-0.039299115443008056,False
2021-02-20,somali_basin,Somali Basin / Horn approaches,46,43,26.0,13.705054850217191,7.97750303316382,7,173.0,-0.21233021917962064,False
2021-02-20,bab_el_mandeb,Bab-el-Mandeb,192,478,142.0,85.27201128239427,59.282298498171954,14,700.0,1.1619692638627483,False
2021-02-20,southern_red_sea,Southern Red Sea,220,513,169.0,132.91152291606505,101.1995667083573,18,826.0,0.9760324014625034,False
2021-02-20,india_west_coast,India West Coast corridor,2,0,2.0,2.0,2.0,1,6.0,0.0,False
2021-02-20,gulf_of_oman,Gulf of Oman,20,7,1.0,5.475497866437608,0.26869521049402056,2,39.0,5.133511583357982,True
2021-02-27,hormuz,Strait of Hormuz,3,0,0.0,1.51408833018625,0.0,2,13.0,-0.615901989049887,False
2021-02-27,bab_el_mandeb,Bab-el-Mandeb,217,674,163.0,113.29445865718006,81.29091670001316,12,798.0,1.6558840541657036,False
2021-02-27,bosphorus,Turkish Straits (Bosphorus-Dardanelles),34,0,0.0,28.459707480947866,0.0,8,168.0,-1.6266517146702861,False
2021-02-27,black_sea,Black Sea,38,0,0.0,26.744361723464298,0.0,11,178.0,-1.4672861434779725,False
2021-02-27,eastern_med,Eastern Mediterranean,554,65,144.0,503.5005855464624,112.68440539995333,42,1730.0,2.6999367580836102,True
2021-02-27,southern_red_sea,Southern Red Sea,251,699,192.0,153.0385412851412,116.84591532510477,19,932.0,1.5779355259360477,False
2021-02-27,gulf_of_aden,Gulf of Aden,249,703,186.0,183.35044113952085,134.47412287130453,18,942.0,1.4102391298892265,False
2021-02-27,northern_red_sea,Northern & Central Red Sea,5,0,5.0,2.9824562329328144,2.9824562329328144,2,18.0,0.4232558517899665,False
2021-02-27,gulf_of_oman,Gulf of Oman,8,0,1.0,2.2003585122307627,0.26869521049402056,2,36.0,0.2928895930645031,False
2021-02-27,persian_gulf,Persian Gulf,53,1,5.0,28.338759248245392,2.9155087932791,12,256.0,-0.6784624411466641,False
2021-02-27,somali_basin,Somali Basin / Horn approaches,81,128,49.0,28.05348522752459,14.966739593231088,6,212.0,4.67478967832617,True
2021-02-27,suez_canal,Suez Canal & Gulf of Suez,199,12,24.0,110.55912522089665,10.15628667573534,17,734.0,0.348893504636789,False
2021-03-06,gulf_of_oman,Gulf of Oman,4,0,0.0,1.1763744985332787,0.0,2,34.0,-0.4638864182308649,False
2021-03-06,persian_gulf,Persian Gulf,67,5,18.0,41.94097807104898,10.862933132078657,14,261.0,0.5576150955380905,False
2021-03-06,gulf_of_aden,Gulf of Aden,279,459,167.0,194.11592492262605,116.42135494557442,17,993.0,1.8907500469804501,False
2021-03-06,eastern_med,Eastern Mediterranean,709,147,157.0,649.952776707704,126.28249642045708,46,1975.0,3.8493253402176264,True
2021-03-06,somali_basin,Somali Basin / Horn approaches,93,137,39.0,30.601124147417334,11.133274379174066,6,263.0,3.0900172248124553,True
2021-03-06,hormuz,Strait of Hormuz,7,0,0.0,3.0303934490955586,0.0,3,18.0,0.7627069655414532,False
2021-03-06,bosphorus,Turkish Straits (Bosphorus-Dardanelles),44,0,0.0,30.36768079265129,0.0,8,165.0,-0.3712973691455447,False
2021-03-06,black_sea,Black Sea,46,0,0.0,31.73676673353316,0.0,11,174.0,-0.529263553100938,False
2021-03-06,northern_red_sea,Northern & Central Red Sea,8,0,8.0,4.973684349399221,4.973684349399221,3,22.0,2.338535866733713,True
2021-03-06,southern_red_sea,Southern Red Sea,274,455,171.0,171.92548023181854,106.71466751724287,17,978.0,1.7720538535994124,False
2021-03-06,suez_canal,Suez Canal & Gulf of Suez,220,10,26.0,123.73570976464619,12.890790906229705,20,732.0,1.4198479090412495,False
2021-03-06,bab_el_mandeb,Bab-el-Mandeb,209,405,130.0,118.49701728062709,64.36061419236407,12,817.0,1.0256072556384288,False
2021-03-13,bosphorus,Turkish Straits (Bosphorus-Dardanelles),36,0,2.0,24.87282432337763,2.0,9,165.0,-1.1524218180467993,False
2021-03-13,suez_canal,Suez Canal & Gulf of Suez,251,43,27.0,135.01328027642325,11.696476037381387,20,843.0,2.2150044662670925,True
2021-03-13,gulf_of_oman,Gulf of Oman,5,1,1.0,1.394272880748701,0.26869521049402056,2,37.0,-0.3269101237460131,False
2021-03-13,persian_gulf,Persian Gulf,95,5,12.0,59.75910041207225,8.614982577153743,17,272.0,2.9280523657278694,True
2021-03-13,southern_red_sea,Southern Red Sea,246,801,192.0,165.99297139964855,135.03577565231473,15,991.0,0.6742349538217687,False
2021-03-13,somali_basin,Somali Basin / Horn approaches,72,210,41.0,23.61021284487355,12.190724881727323,7,292.0,0.7396672912624357,False
2021-03-13,northern_red_sea,Northern & Central Red Sea,7,0,7.0,3.469298407632425,3.469298407632425,1,22.0,1.20761472884912,False
2021-03-13,hormuz,Strait of Hormuz,5,0,0.0,1.9644698162799834,0.0,3,17.0,0.41663292710900457,False
2021-03-13,gulf_of_aden,Gulf of Aden,250,815,192.0,175.78385942853225,128.72625447622687,18,1007.0,0.6776675153341015,False
2021-03-13,black_sea,Black Sea,41,0,2.0,23.318140678320564,2.0,12,178.0,-0.9028773067762134,False
2021-03-13,bab_el_mandeb,Bab-el-Mandeb,208,722,158.0,107.04011118560203,76.54712737248099,11,826.0,0.772363961937795,False
2021-03-13,eastern_med,Eastern Mediterranean,684,147,181.0,600.4851590452165,127.40913643541515,49,2344.0,1.8178244655945948,False
2021-03-20,eastern_med,Eastern Mediterranean,343,114,140.0,276.04315930269394,99.14878318866936,45,2290.0,-1.1380708219517184,False
2021-03-20,somali_basin,Somali Basin / Horn approaches,59,134,28.0,17.947866134249075,7.845079017469474,6,305.0,-0.012439064560654068,False
2021-03-20,southern_red_sea,Southern Red Sea,217,433,161.0,155.14831793298492,114.20719654896851,21,988.0,-0.08375767834661696,False
2021-03-20,india_west_coast,India West Coast corridor,1,0,1.0,1.0,1.0,1,5.0,-0.7071067811865475,False
2021-03-20,suez_canal,Suez Canal & Gulf of Suez,116,9,20.0,71.82415765183255,9.45844424427111,18,786.0,-2.4871452606805233,False
2021-03-20,gulf_of_oman,Gulf of Oman,1,1,1.0,0.26869521049402056,0.26869521049402056,1,18.0,-1.0890221553394672,False
2021-03-20,bosphorus,Turkish Straits (Bosphorus-Dardanelles),61,0,1.0,43.127108610648996,1.0,13,175.0,3.0560466705159044,True
2021-03-20,persian_gulf,Persian Gulf,43,8,14.0,26.995451435712916,8.709207209236803,10,258.0,-1.2388516715488285,False
2021-03-20,bab_el_mandeb,Bab-el-Mandeb,161,365,117.0,88.98499296865177,56.79437426765102,14,795.0,-0.6027208691799016,False
2021-03-20,northern_red_sea,Northern & Central Red Sea,8,0,8.0,4.973684349399221,4.973684349399221,3,28.0,1.3095800853708794,False
2021-03-20,gulf_of_aden,Gulf of Aden,213,436,152.0,142.31305068030716,99.19244506293938,21,991.0,-0.29651548409684736,False
2021-03-20,black_sea,Black Sea,62,0,1.0,40.71176400275123,1.0,15,187.0,2.3898540261464505,True
2021-03-20,arabian_sea,Arabian Sea (open),1,0,1.0,0.7111250849101136,0.7111250849101136,1,5.0,-0.724568837309472,False
2021-03-27,somali_basin,Somali Basin / Horn approaches,53,130,32.0,16.50970859612853,10.36385297421114,6,277.0,-0.33704889710291314,False
2021-03-27,bab_el_mandeb,Bab-el-Mandeb,173,410,142.0,82.39094471847307,63.73794243951813,10,751.0,-0.42957112211487725,False
2021-03-27,hormuz,Strait of Hormuz,5,0,0.0,2.7074256511868584,0.0,3,20.0,0.41663292710900457,False
2021-03-27,suez_canal,Suez Canal & Gulf of Suez,100,7,19.0,60.63598732668089,9.196558512126533,13,687.0,-1.98596487268871,False
2021-03-27,persian_gulf,Persian Gulf,140,2,11.0,114.54329315456133,5.9385305285892045,16,345.0,4.142968172347989,True
2021-03-27,black_sea,Black Sea,61,0,1.0,45.55500042171,1.0,13,210.0,1.621257434927498,False
2021-03-27,gulf_of_oman,Gulf of Oman,3,1,1.0,0.9076792880392581,0.26869521049402056,2,13.0,-0.6757043920910502,False
2021-03-27,eastern_med,Eastern Mediterranean,283,70,136.0,230.03132777123963,101.99776505534184,40,2019.0,-1.392564141094038,False
2021-03-27,southern_red_sea,Southern Red Sea,198,450,168.0,119.04093919628477,102.48477648780562,14,935.0,-0.7585514342841737,False
2021-03-27,bosphorus,Turkish Straits (Bosphorus-Dardanelles),57,0,1.0,44.37187407451039,1.0,11,198.0,1.4061658315384489,False
2021-03-27,northern_red_sea,Northern & Central Red Sea,2,0,2.0,0.9912281164664071,0.9912281164664071,1,25.0,-1.1981984859156203,False
2021-03-27,gulf_of_aden,Gulf of Aden,213,453,172.0,152.28802400180433,120.35251043202398,16,955.0,-0.46034404980044535,False
2021-04-03,northern_red_sea,Northern & Central Red Sea,4,0,4.0,1.9824562329328141,1.9824562329328141,1,21.0,-0.5492159653890049,False
2021-04-03,arabian_sea,Arabian Sea (open),1,0,1.0,0.7111250849101136,0.7111250849101136,1,5.0,-0.724568837309472,False
2021-04-03,india_west_coast,India West Coast corridor,1,0,1.0,1.0,1.0,1,5.0,-0.7071067811865475,False
2021-04-03,bab_el_mandeb,Bab-el-Mandeb,141,290,117.0,70.40820762482294,57.35124399212805,11,683.0,-2.7714510217010293,False
2021-04-03,somali_basin,Somali Basin / Horn approaches,55,116,39.0,17.07117274373859,10.743660121511038,6,239.0,-0.32263185594819327,False
2021-04-03,bosphorus,Turkish Straits (Bosphorus-Dardanelles),38,0,0.0,29.96039642631599,0.0,9,192.0,-0.7644257770308933,False
2021-04-03,persian_gulf,Persian Gulf,234,3,6.0,196.5476842823366,3.01015103532945,15,512.0,5.10836811490576,True
2021-04-03,suez_canal,Suez Canal & Gulf of Suez,121,19,25.0,66.75437823812089,9.091200112825096,13,588.0,-1.0371437017382483,False
2021-04-03,hormuz,Strait of Hormuz,12,0,0.0,2.765995760654917,0.0,2,29.0,3.891558912470783,True
2021-04-03,eastern_med,Eastern Mediterranean,291,61,130.0,242.60327243677713,96.93920162579569,36,1601.0,-1.0768800359346251,False
2021-04-03,gulf_of_aden,Gulf of Aden,176,324,149.0,123.94962279378692,100.45592603489129,18,852.0,-2.7838065105354706,False
2021-04-03,black_sea,Black Sea,46,0,2.0,28.970622300156695,0.5398035641369607,13,210.0,-0.2563019521788466,False
2021-04-03,southern_red_sea,Southern Red Sea,167,310,144.0,107.58268727273273,95.99955151665068,16,828.0,-2.8310209056950844,False
2021-04-10,gulf_of_oman,Gulf of Oman,2,2,2.0,1.0493468474394612,1.0493468474394612,2,11.0,-0.6836114897771761,False
2021-04-10,suez_canal,Suez Canal & Gulf of Suez,131,10,30.0,79.09079149626815,16.806793991230162,16,468.0,-0.6233100833114676,False
2021-04-10,northern_red_sea,Northern & Central Red Sea,4,0,4.0,2.991228116466407,2.991228116466407,2,18.0,-0.5492159653890049,False
2021-04-10,bosphorus,Turkish Straits (Bosphorus-Dardanelles),43,0,0.0,33.148152425019745,0.0,9,199.0,-0.15515190814806468,False
2021-04-10,somali_basin,Somali Basin / Horn approaches,53,112,35.0,17.197364418903394,10.553217392509522,7,220.0,-0.5533167449931861,False
2021-04-10,eastern_med,Eastern Mediterranean,312,63,133.0,254.372218234681,99.9772429685057,40,1229.0,-0.7645776207841468,False
2021-04-10,arabian_sea,Arabian Sea (open),1,0,1.0,0.20228010050226794,0.20228010050226794,1,5.0,-0.5892556509887896,False
2021-04-10,black_sea,Black Sea,44,0,0.0,32.09286193040354,0.0,9,213.0,-0.40946876640187735,False
2021-04-10,bab_el_mandeb,Bab-el-Mandeb,163,378,134.0,76.8940468626908,60.61218094304288,10,638.0,-0.918544990514016,False
2021-04-10,gulf_of_aden,Gulf of Aden,198,406,164.0,140.25019194573463,111.8044034409775,15,800.0,-1.0553354790475775,False
2021-04-10,hormuz,Strait of Hormuz,8,0,1.0,2.608188623374325,1.0,3,30.0,0.837352339458935,False
2021-04-10,persian_gulf,Persian Gulf,167,9,22.0,131.2040242273939,14.50090732598898,18,584.0,1.1099180471455514,False
2021-04-10,southern_red_sea,Southern Red Sea,195,377,164.0,127.34941388634041,113.20991149738286,15,777.0,-0.9235858516888312,False
2021-04-17,bosphorus,Turkish Straits (Bosphorus-Dardanelles),25,0,0.0,19.1756439103133,0.0,5,163.0,-2.064801636259849,False
2021-04-17,black_sea,Black Sea,35,0,1.0,24.77329728727195,0.3029804789059568,10,186.0,-1.555618685587624,False
2021-04-17,bab_el_mandeb,Bab-el-Mandeb,114,396,95.0,47.24187441059458,38.51398942783387,12,591.0,-2.5109295708711428,False
2021-04-17,persian_gulf,Persian Gulf,171,5,10.0,139.0280712692853,5.696754119223439,15,712.0,0.9454801851150665,False
2021-04-17,hormuz,Strait of Hormuz,6,2,0.0,3.771132495279375,0.0,2,31.0,0.0,False
2021-04-17,gulf_of_aden,Gulf of Aden,134,426,114.0,93.31827772702675,76.720597673131,18,721.0,-2.7984680155961636,False
2021-04-17,gulf_of_oman,Gulf of Oman,3,0,0.0,0.9584761163178563,0.0,1,9.0,-0.4227630282385054,False
2021-04-17,northern_red_sea,Northern & Central Red Sea,4,0,4.0,1.9824562329328141,1.9824562329328141,1,14.0,-0.40824829046386296,False
2021-04-17,suez_canal,Suez Canal & Gulf of Suez,197,23,43.0,127.43186927134042,22.04517200427395,13,549.0,0.5998151208314604,False
2021-04-17,somali_basin,Somali Basin / Horn approaches,21,51,15.0,6.7425644063899135,4.449306022748933,6,182.0,-2.6336718140285744,False
2021-04-17,southern_red_sea,Southern Red Sea,131,425,113.0,85.72360305823412,75.12388270232913,16,691.0,-2.5870126711917196,False
2021-04-17,eastern_med,Eastern Mediterranean,366,90,169.0,311.2389011906833,126.44383482837355,32,1252.0,-0.45578822830252896,False
2021-04-24,somali_basin,Somali Basin / Horn approaches,46,59,31.0,15.77800672666416,9.130577160604307,5,175.0,-0.6837596515331863,False
2021-04-24,persian_gulf,Persian Gulf,175,3,6.0,145.5885561140386,4.357400826449444,17,747.0,0.7944086465740627,False
2021-04-24,black_sea,Black Sea,59,0,4.0,42.483940880602525,2.4679089359518014,19,184.0,1.244745051768583,False
2021-04-24,suez_canal,Suez Canal & Gulf of Suez,324,13,56.0,221.36067537135258,36.509508492243754,19,773.0,2.784394405269656,True
2021-04-24,southern_red_sea,Southern Red Sea,159,422,130.0,88.05398007180453,76.27135570264052,15,652.0,-1.0783444825045496,False
2021-04-24,gulf_of_aden,Gulf of Aden,162,424,129.0,127.5440191656703,96.7325771648396,15,670.0,-1.1290635423919346,False
2021-04-24,eastern_med,Eastern Mediterranean,470,77,145.0,423.57094243832216,114.77583718437218,43,1439.0,0.15268990585506648,False
2021-04-24,gulf_of_oman,Gulf of Oman,3,3,1.0,0.9076792880392581,0.26869521049402056,2,11.0,-0.4482201783423463,False
2021-04-24,northern_red_sea,Northern & Central Red Sea,4,0,4.0,2.4868421746996106,2.4868421746996106,2,16.0,-0.5713952548922967,False
2021-04-24,bosphorus,Turkish Straits (Bosphorus-Dardanelles),46,0,3.0,35.95456248337798,2.410653526105197,11,152.0,0.31445583333759064,False
2021-04-24,bab_el_mandeb,Bab-el-Mandeb,142,404,114.0,67.70590803103843,52.50548992202512,11,560.0,-0.8617382105190522,False
2021-04-24,hormuz,Strait of Hormuz,11,0,0.0,4.185983797653092,0.0,3,37.0,1.6042223697993703,False
2021-05-01,suez_canal,Suez Canal & Gulf of Suez,200,20,42.0,119.16481875977557,19.284029977552038,15,852.0,0.22074472965056322,False
2021-05-01,somali_basin,Somali Basin / Horn approaches,27,70,15.0,8.163517703320425,4.134653351291695,6,147.0,-1.4307197508164695,False
2021-05-01,bosphorus,Turkish Straits (Bosphorus-Dardanelles),23,0,1.0,17.77995390633697,1.0,7,137.0,-1.8065445303748642,False
2021-05-01,black_sea,Black Sea,36,3,4.0,27.28361105940938,1.9089414367178703,13,174.0,-1.3105695680094676,False
2021-05-01,india_west_coast,India West Coast corridor,1,0,1.0,1.0,1.0,1,5.0,-0.6614378277661477,False
2021-05-01,northern_red_sea,Northern & Central Red Sea,3,0,3.0,1.9912281164664072,1.9912281164664072,2,15.0,-0.9520304654623498,False
2021-05-01,persian_gulf,Persian Gulf,111,3,4.0,78.06324308952209,2.621236439983278,20,624.0,-0.4002282393598446,False
2021-05-01,southern_red_sea,Southern Red Sea,130,354,102.0,84.36197711094063,68.10587856812123,19,615.0,-1.4568201265215515,False
2021-05-01,gulf_of_aden,Gulf of Aden,130,357,101.0,94.597877840492,71.04429878142282,18,624.0,-1.559999207619653,False
2021-05-01,arabian_sea,Arabian Sea (open),1,0,1.0,0.7111250849101136,0.7111250849101136,1,4.0,-0.5892556509887896,False
2021-05-01,bab_el_mandeb,Bab-el-Mandeb,115,320,91.0,53.09489995788668,40.42010770880908,13,534.0,-1.4867396105043593,False
2021-05-01,eastern_med,Eastern Mediterranean,362,139,154.0,306.160154978425,116.17307198365621,38,1510.0,-0.40516866037972626,False
2021-05-01,gulf_of_oman,Gulf of Oman,9,8,6.0,2.5198505510033815,1.6121712629641234,2,17.0,2.518850500354722,True
2021-05-01,hormuz,Strait of Hormuz,6,0,0.0,2.7733492840024336,0.0,2,31.0,-0.3639733994593819,False
2021-05-08,hormuz,Strait of Hormuz,18,0,0.0,6.897843026286067,0.0,3,41.0,3.928740256112641,True
2021-05-08,gulf_of_aden,Gulf of Aden,129,348,122.0,91.49668485549108,85.95038462793316,15,555.0,-1.3296376230360607,False
2021-05-08,somali_basin,Somali Basin / Horn approaches,29,62,27.0,8.885509066778294,7.975641516761531,5,123.0,-1.1476296531401964,False
2021-05-08,northern_red_sea,Northern & Central Red Sea,3,0,3.0,1.4868421746996106,1.4868421746996106,1,14.0,-0.7499999999999999,False
2021-05-08,arabian_sea,Arabian Sea (open),1,0,1.0,0.7111250849101136,0.7111250849101136,1,4.0,-0.5400617248673217,False
2021-05-08,southern_red_sea,Southern Red Sea,128,346,122.0,80.56051918177221,76.38942415592419,15,548.0,-1.2765240237380584,False
2021-05-08,gulf_of_oman,Gulf of Oman,12,5,3.0,3.4275298390426396,0.8060856314820617,2,27.0,3.388277097102148,True
2021-05-08,eastern_med,Eastern Mediterranean,1100,274,407.0,1035.6943173973098,364.73766314540586,55,2298.0,5.348837877772101,True
2021-05-08,suez_canal,Suez Canal & Gulf of Suez,900,204,291.0,593.9134981348357,235.63724639669945,19,1621.0,9.203150223992537,True
2021-05-08,bab_el_mandeb,Bab-el-Mandeb,111,305,106.0,52.915083704258535,50.666105223430954,11,482.0,-1.3182255368299076,False
2021-05-08,bosphorus,Turkish Straits (Bosphorus-Dardanelles),47,0,1.0,35.25055590838128,0.41065352610519723,17,141.0,0.43129379700166337,False
2021-05-08,black_sea,Black Sea,64,1,3.0,44.365800265366396,0.770889414857758,31,194.0,1.436842416214175,False
2021-05-08,persian_gulf,Persian Gulf,155,10,14.0,115.90641528767044,8.007431370678248,17,612.0,0.22204502395872971,False
2021-05-08,india_west_coast,India West Coast corridor,1,0,1.0,1.0,1.0,1,4.0,-0.6614378277661477,False
2021-05-15,somali_basin,Somali Basin / Horn approaches,26,30,11.0,8.199908035364487,3.2277884182607415,6,128.0,-1.1359157698955624,False
2021-05-15,arabian_sea,Arabian Sea (open),1,0,0.0,1.0,0.0,1,4.0,-0.3535533905932739,False
2021-05-15,persian_gulf,Persian Gulf,112,4,11.0,88.41063055679408,8.516810155590054,20,553.0,-0.6765823467065926,False
2021-05-15,hormuz,Strait of Hormuz,11,0,0.0,3.3811520797382832,0.0,4,46.0,0.4671014655510418,False
2021-05-15,gulf_of_aden,Gulf of Aden,123,263,88.0,84.11565473020737,57.4878761114463,20,544.0,-1.2822804330304636,False
2021-05-15,suez_canal,Suez Canal & Gulf of Suez,812,148,346.0,555.9652357316637,291.72178148754824,20,2236.0,2.0539011760612973,True
2021-05-15,gulf_of_oman,Gulf of Oman,7,1,1.0,2.6629680912427216,0.26869521049402056,3,31.0,0.5908789478687513,False
2021-05-15,bab_el_mandeb,Bab-el-Mandeb,97,207,71.0,44.002619198969484,30.439646653483596,13,465.0,-1.7542150854038105,False
2021-05-15,black_sea,Black Sea,58,0,0.0,42.1175908966078,0.0,19,217.0,0.5934924636616995,False
2021-05-15,bosphorus,Turkish Straits (Bosphorus-Dardanelles),52,0,0.0,36.26085426834718,0.0,13,168.0,0.6992643192922745,False
2021-05-15,southern_red_sea,Southern Red Sea,112,261,85.0,75.95655437031775,58.92146008893756,17,529.0,-1.5407124783564117,False
2021-05-15,eastern_med,Eastern Mediterranean,1015,204,444.0,954.7404490079158,407.0987113229565,51,2947.0,2.105052796674354,True
2021-05-22,somali_basin,Somali Basin / Horn approaches,18,11,9.0,6.299437274188473,2.7542651346532887,5,100.0,-1.4500009020600204,False
2021-05-22,gulf_of_oman,Gulf of Oman,21,0,1.0,15.636791628746712,0.26869521049402056,7,49.0,4.111649350000372,True
2021-05-22,india_west_coast,India West Coast corridor,1,0,1.0,1.0,1.0,1,4.0,-0.5400617248673217,False
2021-05-22,persian_gulf,Persian Gulf,119,7,16.0,73.09253270787697,9.561974354241784,19,497.0,-0.9881961433537356,False
2021-05-22,bab_el_mandeb,Bab-el-Mandeb,92,161,78.0,40.38364988182283,32.893456394231094,9,415.0,-1.4816266607146669,False
2021-05-22,gulf_of_aden,Gulf of Aden,117,218,102.0,76.40197252219063,62.81928888800442,13,499.0,-1.1878218374175642,False
2021-05-22,eastern_med,Eastern Mediterranean,369,45,123.0,317.4189415425298,98.3406922585337,41,2846.0,-0.4656798636992337,False
2021-05-22,bosphorus,Turkish Straits (Bosphorus-Dardanelles),49,0,1.0,36.06663112147938,1.0,12,171.0,0.628632181574507,False
2021-05-22,hormuz,Strait of Hormuz,18,1,1.0,6.969427445107777,0.257044165093125,6,53.0,1.9443348274096108,False
2021-05-22,southern_red_sea,Southern Red Sea,112,208,100.0,74.60594366318065,68.12262636520833,12,482.0,-1.2508786772702545,False
2021-05-22,arabian_sea,Arabian Sea (open),16,0,1.0,9.722252120920746,0.7111250849101136,6,19.0,42.0728534805996,True
2021-05-22,black_sea,Black Sea,64,0,3.0,48.0331184339443,1.5711781907792064,19,222.0,1.1796173626247706,False
2021-05-22,suez_canal,Suez Canal & Gulf of Suez,203,14,40.0,100.20597210331617,16.78594748030736,15,2115.0,-0.4508183825496453,False
2021-05-29,black_sea,Black Sea,40,1,2.0,26.2802413773084,1.2747091556470467,13,226.0,-0.8969463084591824,False
2021-05-29,gulf_of_aden,Gulf of Aden,136,310,123.0,84.84945160426639,73.98760584122806,17,505.0,-0.34819655323767373,False
2021-05-29,hormuz,Strait of Hormuz,4,0,0.0,1.6437188070943418,0.0,3,51.0,-1.5284342024147168,False
2021-05-29,persian_gulf,Persian Gulf,76,3,10.0,40.174106704885396,5.124728355052126,12,462.0,-1.910578290973859,False
2021-05-29,northern_red_sea,Northern & Central Red Sea,3,0,3.0,1.4868421746996106,1.4868421746996106,1,13.0,-0.5640760748177661,False
2021-05-29,bab_el_mandeb,Bab-el-Mandeb,99,211,89.0,47.38318073063901,41.09485131706766,11,399.0,-0.9337707017201602,False
2021-05-29,eastern_med,Eastern Mediterranean,332,83,140.0,283.06783802033823,109.9016237900096,34,2816.0,-0.6224341936676968,False
2021-05-29,suez_canal,Suez Canal & Gulf of Suez,172,12,37.0,101.40450976206608,17.22053713468528,14,2087.0,-0.6048096217336026,False
2021-05-29,southern_red_sea,Southern Red Sea,131,304,123.0,88.63428298150342,84.24856475446532,14,483.0,-0.3676883219486769,False
2021-05-29,gulf_of_oman,Gulf of Oman,5,2,3.0,1.394272880748701,0.8060856314820617,2,45.0,-0.3844529282682785,False
2021-05-29,somali_basin,Somali Basin / Horn approaches,27,22,16.0,9.1397911784203,4.794140513161239,7,100.0,-0.5024911002307965,False
2021-05-29,bosphorus,Turkish Straits (Bosphorus-Dardanelles),38,0,1.0,25.218510391000866,1.0,9,186.0,-0.21734115259502632,False
2021-06-05,gulf_of_aden,Gulf of Aden,128,261,112.0,80.9247741879778,67.62944528078386,15,504.0,-0.49462313979148315,False
2021-06-05,bosphorus,Turkish Straits (Bosphorus-Dardanelles),46,0,0.0,36.13983249559018,0.0,10,185.0,0.5147553614092728,False
2021-06-05,persian_gulf,Persian Gulf,79,7,10.0,55.02646416175625,7.122241254234798,8,386.0,-1.5690125674450268,False
2021-06-05,bab_el_mandeb,Bab-el-Mandeb,91,173,76.0,46.83791294951312,36.47131646840606,11,379.0,-1.053960198399202,False
2021-06-05,eastern_med,Eastern Mediterranean,500,77,194.0,431.68640591930705,145.88388687885347,40,2216.0,-0.12613797786335387,False
2021-06-05,somali_basin,Somali Basin / Horn approaches,35,58,23.0,11.307512621072132,7.266885556740569,6,106.0,0.3386034082499009,False
2021-06-05,gulf_of_oman,Gulf of Oman,1,0,0.0,0.26869521049402056,0.0,1,34.0,-1.064421389865998,False
2021-06-05,black_sea,Black Sea,49,0,0.0,35.02457548935163,0.0,13,211.0,-0.07999085870990455,False
2021-06-05,southern_red_sea,Southern Red Sea,125,254,110.0,85.56072047779591,76.9238200397829,14,480.0,-0.4452128189908626,False
2021-06-05,northern_red_sea,Northern & Central Red Sea,2,0,2.0,0.9912281164664071,0.9912281164664071,1,11.0,-1.8480591388386767,False
2021-06-05,suez_canal,Suez Canal & Gulf of Suez,237,15,31.0,134.77865627709804,13.023910380213346,15,1424.0,-0.4241522679395791,False
2021-06-12,black_sea,Black Sea,64,3,4.0,43.90243896226088,2.4679089359518014,15,217.0,1.0890217588022533,False
2021-06-12,southern_red_sea,Southern Red Sea,113,155,100.0,77.79573514023473,68.31889612407707,14,481.0,-1.0581463832140114,False
2021-06-12,suez_canal,Suez Canal & Gulf of Suez,261,9,42.0,156.89289558573395,25.444380395557488,14,873.0,-0.4016006853852162,False
2021-06-12,somali_basin,Somali Basin / Horn approaches,16,6,9.0,4.875339910470515,2.9174796938691374,6,96.0,-1.4565961049578304,False
2021-06-12,hormuz,Strait of Hormuz,2,0,0.0,0.38667464200121676,0.0,1,35.0,-1.5376781504244654,False
2021-06-12,bab_el_mandeb,Bab-el-Mandeb,82,109,68.0,35.29120899894071,28.301059599215833,10,364.0,-1.5175612372238045,False
2021-06-12,persian_gulf,Persian Gulf,62,17,16.0,38.2818993819344,8.510805222820757,16,336.0,-1.6253531600860398,False
2021-06-12,bosphorus,Turkish Straits (Bosphorus-Dardanelles),56,3,3.0,42.036636519612806,2.410653526105197,8,189.0,1.3762455356103216,False
2021-06-12,gulf_of_oman,Gulf of Oman,3,3,1.0,0.8060856314820617,0.26869521049402056,1,30.0,-0.7138047539152688,False
2021-06-12,eastern_med,Eastern Mediterranean,520,109,205.0,450.4937770534952,164.3878811954481,40,1721.0,-0.1424473189359373,False
2021-06-12,gulf_of_aden,Gulf of Aden,117,155,99.0,74.63456988148025,61.58269989535765,16,498.0,-1.1487804146279688,False
2021-06-12,northern_red_sea,Northern & Central Red Sea,6,0,6.0,2.973684349399221,2.973684349399221,1,14.0,3.528112901419292,True
2021-06-19,black_sea,Black Sea,48,0,1.0,30.03199256674423,0.26509440848991406,15,201.0,-0.5556927805929751,False
2021-06-19,gulf_of_oman,Gulf of Oman,2,0,0.0,0.5881872492666393,0.0,2,11.0,-0.8681409169239755,False
2021-06-19,southern_red_sea,Southern Red Sea,149,344,135.0,85.68240335692433,77.4131413812527,15,518.0,1.4617783451686381,False
2021-06-19,suez_canal,Suez Canal & Gulf of Suez,182,8,25.0,102.55441380065521,11.65139300969001,14,852.0,-0.7050728701127701,False
2021-06-19,hormuz,Strait of Hormuz,6,0,2.0,2.3411577915048563,0.6974389844105142,4,30.0,-0.574288857899657,False
2021-06-19,bab_el_mandeb,Bab-el-Mandeb,113,309,100.0,43.965676595040975,36.900314486438745,9,385.0,0.4976860046929931,False
2021-06-19,northern_red_sea,Northern & Central Red Sea,5,0,5.0,2.9824562329328144,2.9824562329328144,2,16.0,1.1576657001992068,False
2021-06-19,gulf_of_aden,Gulf of Aden,157,346,134.0,111.72117967578868,91.48969515300044,15,538.0,1.8576516869081148,False
2021-06-19,somali_basin,Somali Basin / Horn approaches,20,8,14.0,7.466963396938786,5.200771479067563,5,98.0,-0.8473185457363153,False
2021-06-19,persian_gulf,Persian Gulf,70,3,14.0,47.28916050552976,9.432918505689607,18,287.0,-1.0495758569535856,False
2021-06-19,eastern_med,Eastern Mediterranean,481,59,218.0,397.5278023814769,152.08256720464996,41,1833.0,-0.34027171141357315,False
2021-06-19,bosphorus,Turkish Straits (Bosphorus-Dardanelles),40,0,0.0,30.687859875549403,0.0,10,180.0,-0.454808914087682,False
2021-06-26,bosphorus,Turkish Straits (Bosphorus-Dardanelles),63,0,0.0,41.546196362265334,0.0,12,205.0,1.8615083029364827,False
2021-06-26,suez_canal,Suez Canal & Gulf of Suez,203,7,28.0,114.50631128046038,16.030740682891032,12,883.0,-0.5564282004824117,False
2021-06-26,southern_red_sea,Southern Red Sea,137,320,127.0,79.11015409445861,74.6404276684184,16,524.0,0.9453131868733056,False
2021-06-26,hormuz,Strait of Hormuz,7,2,1.0,1.5444817792818086,0.257044165093125,2,19.0,-0.41020632707118354,False
2021-06-26,black_sea,Black Sea,74,0,1.0,46.95256076645619,0.21240849654105978,20,235.0,1.8767850323857187,False
2021-06-26,persian_gulf,Persian Gulf,77,5,7.0,48.352407244610276,3.940619851332167,13,288.0,-0.665029029678544,False
2021-06-26,northern_red_sea,Northern & Central Red Sea,3,0,3.0,1.4868421746996106,1.4868421746996106,1,16.0,-0.5851421232041202,False
2021-06-26,gulf_of_aden,Gulf of Aden,142,324,128.0,101.04086402487816,89.30889224711329,17,544.0,0.9630277292306946,False
2021-06-26,bab_el_mandeb,Bab-el-Mandeb,110,276,100.0,44.02564888836483,38.696114609893876,12,396.0,0.8391813582966895,False
2021-06-26,gulf_of_oman,Gulf of Oman,5,1,1.0,1.3434760524701028,0.26869521049402056,1,11.0,-0.3793606116668025,False
2021-06-26,eastern_med,Eastern Mediterranean,566,75,167.0,486.15118182447367,112.9872285036736,38,2067.0,-0.06277806643776039,False
2021-06-26,somali_basin,Somali Basin / Horn approaches,21,17,16.0,6.204119205355747,4.9554103968908905,6,92.0,-0.5934571705168866,False
2021-07-03,gulf_of_aden,Gulf of Aden,202,370,131.0,161.3831993221918,94.72134877348034,17,618.0,5.219152621023266,True
2021-07-03,eastern_med,Eastern Mediterranean,412,88,184.0,351.3057068490717,139.55017324904182,42,1979.0,-0.690195586234987,False
2021-07-03,bosphorus,Turkish Straits (Bosphorus-Dardanelles),43,0,1.0,31.063539533021526,1.0,13,202.0,-0.7178411531026152,False
2021-07-03,southern_red_sea,Southern Red Sea,176,365,125.0,95.44355877751813,73.70889953268787,13,575.0,3.7647781405371115,True
2021-07-03,hormuz,Strait of Hormuz,8,0,0.0,1.9208263643110417,0.0,2,23.0,-0.16345506187300654,False
2021-07-03,persian_gulf,Persian Gulf,101,2,7.0,69.26111171085661,3.2945212833560604,14,310.0,0.227524721998835,False
2021-07-03,arabian_sea,Arabian Sea (open),1,0,0.0,0.37509638584612665,0.0,1,19.0,-0.37990774789048,False
2021-07-03,black_sea,Black Sea,54,0,4.0,36.543935925003964,1.8523987902000503,21,240.0,-0.3255580524475834,False
2021-07-03,bab_el_mandeb,Bab-el-Mandeb,160,311,105.0,71.44697403295193,47.174123486054654,11,465.0,5.450962211246697,True
2021-07-03,somali_basin,Somali Basin / Horn approaches,26,7,16.0,8.731825226180396,4.973976611605924,6,83.0,0.3139929128113726,False
2021-07-03,gulf_of_oman,Gulf of Oman,3,2,2.0,1.51990243857806,0.5373904209880411,2,13.0,-0.6049901419820201,False
2021-07-03,suez_canal,Suez Canal & Gulf of Suez,184,14,31.0,106.40229185723695,16.311124574338418,17,830.0,-0.6211434844261201,False
2021-07-10,somali_basin,Somali Basin / Horn approaches,30,27,22.0,8.881294379819677,6.045351240657646,5,97.0,1.0422746833311618,False
2021-07-10,southern_red_sea,Southern Red Sea,143,195,121.0,81.73406953093325,69.60677182006853,12,605.0,0.5003294685083244,False
2021-07-10,persian_gulf,Persian Gulf,101,17,17.0,63.8431237291855,10.300507778598938,14,349.0,0.6713588706837262,False
2021-07-10,bab_el_mandeb,Bab-el-Mandeb,124,183,102.0,52.83978855299445,42.96769022689427,9,507.0,0.7638556158404217,False
2021-07-10,suez_canal,Suez Canal & Gulf of Suez,177,17,23.0,97.89420668410911,9.985010395448011,12,746.0,-0.4842428928230906,False
2021-07-10,gulf_of_oman,Gulf of Oman,3,1,1.0,0.8568824597606599,0.3194920387726188,2,13.0,-0.449097376032238,False
2021-07-10,bosphorus,Turkish Straits (Bosphorus-Dardanelles),42,0,1.0,32.660967203213644,1.0,8,188.0,-0.7559081875791467,False
2021-07-10,gulf_of_aden,Gulf of Aden,150,199,126.0,113.93636605783988,93.95655476041728,15,651.0,0.34338345894344385,False
2021-07-10,hormuz,Strait of Hormuz,6,2,2.0,2.2215139813731084,1.257044165093125,3,27.0,-0.5400617248673217,False
2021-07-10,black_sea,Black Sea,45,5,2.0,32.30247276389865,1.2747091556470467,11,221.0,-1.0459671407601754,False
2021-07-10,eastern_med,Eastern Mediterranean,438,104,181.0,376.44507531746837,131.9340684757791,35,1897.0,-0.40479381656263097,False
2021-07-17,gulf_of_aden,Gulf of Aden,122,205,98.0,92.17828042185361,70.36484664821604,10,616.0,-0.7822279300766058,False
2021-07-17,persian_gulf,Persian Gulf,100,9,4.0,54.776783476234286,1.529680855570707,12,379.0,0.7459000553955386,False
2021-07-17,somali_basin,Somali Basin / Horn approaches,14,1,8.0,4.9001393416909576,2.5089207640713473,4,91.0,-1.5600017119369407,False
2021-07-17,suez_canal,Suez Canal & Gulf of Suez,108,11,17.0,61.41651250531424,6.962526142926798,11,672.0,-2.9938504339507515,False
2021-07-17,gulf_of_oman,Gulf of Oman,1,0,1.0,0.26869521049402056,0.26869521049402056,1,12.0,-0.6775301537258019,False
2021-07-17,eastern_med,Eastern Mediterranean,306,131,161.0,252.85766750954306,118.40154924174259,35,1722.0,-1.8478323751656245,False
2021-07-17,bab_el_mandeb,Bab-el-Mandeb,107,184,85.0,43.192266592363644,33.743595695274465,7,501.0,-0.07578464377417607,False
2021-07-17,southern_red_sea,Southern Red Sea,114,205,92.0,64.91065597283041,56.906265523334746,8,570.0,-1.0386625247715777,False
2021-07-17,bosphorus,Turkish Straits (Bosphorus-Dardanelles),21,0,1.0,14.859100460363276,0.26896102971462843,9,169.0,-3.0521055888466364,False
2021-07-17,black_sea,Black Sea,29,2,2.0,22.389547023151092,0.7099439804629302,17,202.0,-2.2298163328880745,False
2021-07-24,gulf_of_oman,Gulf of Oman,5,7,3.0,2.1255776702546805,1.5373904209880411,3,12.0,1.3686300260289987,False
2021-07-24,suez_canal,Suez Canal & Gulf of Suez,195,47,52.0,101.66217295028885,22.583374182190084,15,664.0,0.09808468485176673,False
2021-07-24,bosphorus,Turkish Straits (Bosphorus-Dardanelles),36,2,3.0,30.66973976650565,3.0,10,142.0,-0.6099651458446089,False
2021-07-24,southern_red_sea,Southern Red Sea,150,422,137.0,82.36582609869608,77.66679060421308,13,583.0,0.6787576056093914,False
2021-07-24,gulf_of_aden,Gulf of Aden,155,447,136.0,115.5276306116474,99.3480623436829,14,629.0,0.39805065600727435,False
2021-07-24,bab_el_mandeb,Bab-el-Mandeb,129,390,115.0,52.25955626870699,46.996991488588336,9,520.0,0.7658011424399249,False
2021-07-24,northern_red_sea,Northern & Central Red Sea,1,0,1.0,0.49561405823320354,0.49561405823320354,1,15.0,-2.0154012268685246,False
2021-07-24,black_sea,Black Sea,43,2,7.0,31.54035308296601,4.183650592364917,12,171.0,-0.5295185128706074,False
2021-07-24,somali_basin,Somali Basin / Horn approaches,21,44,18.0,6.875722443059799,5.61808607369615,6,91.0,-0.3671238906694029,False
2021-07-24,hormuz,Strait of Hormuz,2,0,0.0,1.1933373210006084,0.0,2,23.0,-1.1685088700352397,False
2021-07-24,persian_gulf,Persian Gulf,64,4,10.0,35.93915465976034,4.8761025476162,14,366.0,-1.254778423571666,False
2021-07-24,eastern_med,Eastern Mediterranean,443,79,222.0,366.8514739841709,162.57254963087146,37,1599.0,-0.015130148503725854,False
2021-07-24,arabian_sea,Arabian Sea (open),1,2,1.0,1.0,1.0,1,19.0,-0.35355339059327373,False
2021-07-31,persian_gulf,Persian Gulf,63,4,5.0,40.2309777709043,1.944784391418739,16,328.0,-1.1241171118391753,False
2021-07-31,northern_red_sea,Northern & Central Red Sea,2,0,2.0,0.9912281164664071,0.9912281164664071,1,11.0,-0.7905694150420947,False
2021-07-31,black_sea,Black Sea,42,0,1.0,26.74909626265965,0.3029804789059568,11,159.0,-0.6412118728622329,False
2021-07-31,india_west_coast,India West Coast corridor,1,0,0.0,1.0,0.0,1,4.0,-0.3535533905932739,False
2021-07-31,bosphorus,Turkish Straits (Bosphorus-Dardanelles),33,0,0.0,24.255568335951644,0.0,7,132.0,-0.8202615429070015,False
2021-07-31,hormuz,Strait of Hormuz,5,0,0.0,3.4503814860937334,0.0,3,21.0,-0.3187982158129156,False
2021-07-31,eastern_med,Eastern Mediterranean,376,96,154.0,310.8023352858583,119.77746131472455,40,1563.0,-1.0416341026631508,False
2021-07-31,somali_basin,Somali Basin / Horn approaches,27,23,15.0,8.999367146858706,4.666368211664068,5,92.0,0.5843029085403278,False
2021-07-31,gulf_of_aden,Gulf of Aden,123,242,104.0,87.30465459284127,69.71380340387027,15,550.0,-0.8745823465459412,False
2021-07-31,suez_canal,Suez Canal & Gulf of Suez,172,35,54.0,86.10931632809564,19.501107858841912,14,652.0,-0.47216264194508145,False
2021-07-31,arabian_sea,Arabian Sea (open),1,0,0.0,0.7111250849101136,0.0,1,19.0,-0.35355339059327373,False
2021-07-31,bab_el_mandeb,Bab-el-Mandeb,102,187,84.0,46.577351578987376,36.23952599227384,10,462.0,-0.5191621372852004,False
2021-07-31,gulf_of_oman,Gulf of Oman,8,4,1.0,2.301952168787959,0.26869521049402056,2,17.0,3.300813592187585,True
2021-07-31,southern_red_sea,Southern Red Sea,117,241,101.0,72.84083319425116,65.38446033605827,13,524.0,-1.0150864531803279,False
2021-08-07,bosphorus,Turkish Straits (Bosphorus-Dardanelles),27,0,1.0,21.025761264294474,1.0,8,117.0,-1.1267846295990234,False
2021-08-07,northern_red_sea,Northern & Central Red Sea,2,0,2.0,0.9912281164664071,0.9912281164664071,1,8.0,-0.6851064595573101,False
2021-08-07,suez_canal,Suez Canal & Gulf of Suez,174,22,54.0,85.5331491829023,24.20625053729007,14,649.0,-0.26760262097576926,False
2021-08-07,eastern_med,Eastern Mediterranean,384,96,145.0,343.4797929033116,118.70546588777191,36,1509.0,-0.7189306285562915,False
2021-08-07,black_sea,Black Sea,32,0,1.0,23.528833656812004,1.0,11,146.0,-1.2773094999552748,False
2021-08-07,bab_el_mandeb,Bab-el-Mandeb,108,200,89.0,48.112309370623144,37.95497811757142,10,446.0,-0.3450159267587855,False
2021-08-07,persian_gulf,Persian Gulf,58,4,7.0,38.07329567855742,2.774991463114804,16,285.0,-1.210604010919631,False
2021-08-07,somali_basin,Somali Basin / Horn approaches,25,18,12.0,8.385195685570897,3.4347526476790704,6,87.0,0.5693593983428283,False
2021-08-07,gulf_of_aden,Gulf of Aden,137,230,112.0,91.3954101104999,72.65047889312984,15,537.0,-0.32658711274664515,False
2021-08-07,southern_red_sea,Southern Red Sea,128,228,111.0,81.90031143450017,72.10991759576811,12,509.0,-0.4270274590900885,False
2021-08-07,gulf_of_oman,Gulf of Oman,3,0,2.0,0.8060856314820617,0.5373904209880411,1,17.0,-0.3428371529353777,False
2021-08-14,persian_gulf,Persian Gulf,40,0,4.0,23.061689180350335,1.7071377183867655,10,225.0,-2.1129302470593045,False
2021-08-14,southern_red_sea,Southern Red Sea,133,280,118.0,78.9753256986613,72.24681852598162,12,528.0,-0.3103188097598816,False
2021-08-14,suez_canal,Suez Canal & Gulf of Suez,183,38,44.0,100.08106750210376,16.705398164359337,13,724.0,0.2992783347680561,False
2021-08-14,hormuz,Strait of Hormuz,3,0,0.0,0.8628078223915071,0.0,2,16.0,-0.907485212973031,False
2021-08-14,eastern_med,Eastern Mediterranean,398,118,125.0,351.52383154632133,95.86512673754855,36,1601.0,-0.3586033323508887,False
2021-08-14,black_sea,Black Sea,46,2,4.0,28.54595694419269,1.833839982473122,12,163.0,0.00895841176421607,False
2021-08-14,gulf_of_aden,Gulf of Aden,143,281,123.0,104.25283154728642,87.73591687303363,14,558.0,-0.21677845455151992,False
2021-08-14,somali_basin,Somali Basin / Horn approaches,37,63,30.0,12.267523024555341,9.674989669236439,5,110.0,2.792034123261027,True
2021-08-14,bosphorus,Turkish Straits (Bosphorus-Dardanelles),40,0,1.0,29.00343587067165,0.8113405823237476,9,136.0,0.14897349131974996,False
2021-08-14,bab_el_mandeb,Bab-el-Mandeb,114,251,98.0,54.24256728214142,46.899417718092586,10,453.0,-0.2724525298551592,False
2021-08-21,suez_canal,Suez Canal & Gulf of Suez,179,19,53.0,107.78966717762677,30.386593553990636,14,708.0,0.15592913022753577,False
2021-08-21,persian_gulf,Persian Gulf,39,1,8.0,25.410524895939645,4.776003756723028,12,200.0,-1.5753008109640343,False
2021-08-21,hormuz,Strait of Hormuz,1,0,1.0,0.257044165093125,0.257044165093125,1,11.0,-1.688319794592708,False
2021-08-21,black_sea,Black Sea,39,0,1.0,29.369068484433694,0.6755312536324909,12,159.0,-0.47566917257868097,False
2021-08-21,northern_red_sea,Northern & Central Red Sea,4,0,4.0,1.9824562329328141,1.9824562329328141,1,9.0,0.5916079783099615,False
2021-08-21,bosphorus,Turkish Straits (Bosphorus-Dardanelles),37,0,1.0,30.67209613816912,1.0,10,137.0,-0.08938409479184999,False
2021-08-21,gulf_of_aden,Gulf of Aden,132,176,110.0,91.27583197708488,72.8699142477064,17,535.0,-0.5856983629495252,False
2021-08-21,somali_basin,Somali Basin / Horn approaches,30,21,16.0,9.625523043825675,4.546262044045569,6,119.0,0.7133994775240092,False
2021-08-21,eastern_med,Eastern Mediterranean,395,75,175.0,339.02287726766923,132.90453515420984,39,1553.0,-0.2737644391777874,False
2021-08-21,southern_red_sea,Southern Red Sea,127,173,109.0,81.77793080760765,71.51909991494048,15,505.0,-0.516997123593646,False
2021-08-21,bab_el_mandeb,Bab-el-Mandeb,99,129,83.0,46.682819090473224,36.48375065879773,12,423.0,-1.0790002470609426,False
2021-08-28,persian_gulf,Persian Gulf,55,1,3.0,33.460868540213276,1.7648404277853535,11,192.0,-0.5948389851358022,False
2021-08-28,suez_canal,Suez Canal & Gulf of Suez,175,33,61.0,97.83864844944604,26.059953100061456,16,711.0,0.1314055495229502,False
2021-08-28,gulf_of_oman,Gulf of Oman,1,0,0.0,0.26869521049402056,0.0,1,17.0,-1.2570695607630515,False
2021-08-28,southern_red_sea,Southern Red Sea,156,315,136.0,92.64568044875824,83.0835389169203,15,544.0,0.9922342629793064,False
2021-08-28,eastern_med,Eastern Mediterranean,402,109,222.0,329.26949050002065,167.3613213980392,45,1579.0,0.18674760817133587,False
2021-08-28,somali_basin,Somali Basin / Horn approaches,41,83,30.0,12.454276536645347,8.909448177355337,6,133.0,2.169721027089416,True
2021-08-28,black_sea,Black Sea,38,1,2.0,24.415200497190714,0.5398035641369607,16,155.0,-0.40830581858228615,False
2021-08-28,bosphorus,Turkish Straits (Bosphorus-Dardanelles),30,0,0.0,20.965353090817562,0.0,11,134.0,-0.6394301898893415,False
2021-08-28,northern_red_sea,Northern & Central Red Sea,6,0,6.0,2.973684349399221,2.973684349399221,1,14.0,1.6648443130894692,False
2021-08-28,gulf_of_aden,Gulf of Aden,169,320,136.0,123.18732232869601,97.37902668243576,17,581.0,0.9145383287893154,False
2021-08-28,bab_el_mandeb,Bab-el-Mandeb,134,289,111.0,61.40604284568612,50.58179746697388,11,455.0,0.8098918547764096,False
2021-08-28,hormuz,Strait of Hormuz,2,0,0.0,0.4503814860937334,0.0,2,11.0,-1.1031563909929123,False
2021-09-04,southern_red_sea,Southern Red Sea,112,185,101.0,70.87698012830315,65.83162936780995,16,528.0,-1.4247652737626317,False
2021-09-04,bosphorus,Turkish Straits (Bosphorus-Dardanelles),29,0,1.0,22.186098015193043,0.41065352610519723,11,136.0,-0.6067008164165008,False
2021-09-04,suez_canal,Suez Canal & Gulf of Suez,199,29,40.0,112.5374291420803,17.1166067135241,13,736.0,1.0917855621545045,False
2021-09-04,eastern_med,Eastern Mediterranean,343,72,134.0,295.87024050472735,100.00186149003123,34,1538.0,-1.173853804951141,False
2021-09-04,bab_el_mandeb,Bab-el-Mandeb,90,179,79.0,43.64559162348944,37.34565519239281,11,437.0,-1.899960974908762,False
2021-09-04,somali_basin,Somali Basin / Horn approaches,27,33,20.0,8.864034818009914,5.96018385603009,5,135.0,-0.1314303842087074,False
2021-09-04,black_sea,Black Sea,34,0,1.0,21.381225976209528,0.19319978030475451,15,157.0,-0.8622627846697896,False
2021-09-04,gulf_of_aden,Gulf of Aden,117,185,99.0,83.09108414614562,66.6666879239122,16,561.0,-1.5010408117890994,False
2021-09-04,persian_gulf,Persian Gulf,53,0,4.0,36.98741454335908,3.7753129895853474,14,187.0,-0.503508814978013,False
2021-09-04,gulf_of_oman,Gulf of Oman,4,2,2.0,1.1255776702546805,0.5373904209880411,2,16.0,0.16121445037558185,False
2021-09-04,hormuz,Strait of Hormuz,3,0,0.0,1.51408833018625,0.0,2,9.0,-0.47985743496869687,False
2021-09-04,arabian_sea,Arabian Sea (open),1,0,0.0,0.7111250849101136,0.0,1,4.0,-0.35355339059327373,False
2021-09-04,northern_red_sea,Northern & Central Red Sea,1,0,1.0,0.49561405823320354,0.49561405823320354,1,13.0,-1.365331620809614,False
2021-09-04,india_west_coast,India West Coast corridor,1,0,0.0,1.0,0.0,1,4.0,-0.3535533905932739,False
2021-09-11,black_sea,Black Sea,39,0,2.0,26.863823850743724,0.4961802592107113,11,150.0,0.19258222162989808,False
2021-09-11,bab_el_mandeb,Bab-el-Mandeb,148,146,84.0,75.72250886159026,36.933749739677495,9,471.0,2.528582873726381,True
2021-09-11,persian_gulf,Persian Gulf,71,3,5.0,49.58937042696358,3.3065127113682355,15,218.0,0.6304572473165846,False
2021-09-11,hormuz,Strait of Hormuz,5,0,1.0,1.0941002931880752,0.257044165093125,2,11.0,0.526211681908731,False
2021-09-11,somali_basin,Somali Basin / Horn approaches,71,8,16.0,31.903606284203583,4.854386705284551,6,169.0,5.069475606454293,True
2021-09-11,northern_red_sea,Northern & Central Red Sea,2,0,2.0,0.9912281164664071,0.9912281164664071,1,13.0,-0.5400617248673216,False
2021-09-11,southern_red_sea,Southern Red Sea,163,154,103.0,95.94293240176614,70.03743813994089,13,558.0,2.055271265372741,True
2021-09-11,bosphorus,Turkish Straits (Bosphorus-Dardanelles),33,0,1.0,28.834525546026708,0.41065352610519723,8,129.0,0.22395078805696922,False
2021-09-11,eastern_med,Eastern Mediterranean,433,51,155.0,370.9292386496867,105.53329088855021,30,1573.0,1.2656602488724855,False
2021-09-11,gulf_of_oman,Gulf of Oman,1,2,1.0,0.26869521049402056,0.26869521049402056,1,9.0,-1.102396379610245,False
2021-09-11,gulf_of_aden,Gulf of Aden,198,159,111.0,150.6679511823026,74.2282668114826,15,616.0,3.4040157741842028,True
2021-09-11,suez_canal,Suez Canal & Gulf of Suez,268,1,36.0,161.45239417044527,23.409166148635855,12,821.0,3.376455168973113,True
2021-09-18,somali_basin,Somali Basin / Horn approaches,35,40,25.0,11.651323315488336,6.880943708958901,6,174.0,0.007828077735720742,False
2021-09-18,bosphorus,Turkish Straits (Bosphorus-Dardanelles),53,0,2.0,39.58341784440507,2.0,14,145.0,4.527833292876309,True
2021-09-18,persian_gulf,Persian Gulf,61,2,2.0,45.114452724958866,1.6199096274742466,14,240.0,0.4977750804981362,False
2021-09-18,northern_red_sea,Northern & Central Red Sea,4,0,4.0,1.9824562329328141,1.9824562329328141,1,13.0,0.8160150140436472,False
2021-09-18,gulf_of_aden,Gulf of Aden,182,269,139.0,130.4427949651685,94.55191249516632,15,666.0,1.3235082360724362,False
2021-09-18,eastern_med,Eastern Mediterranean,304,56,122.0,242.93328228597903,81.44452037624696,36,1482.0,-2.939845110140733,False
2021-09-18,gulf_of_oman,Gulf of Oman,6,1,1.0,1.7137649195213198,0.3194920387726188,2,12.0,1.1294256990340497,False
2021-09-18,southern_red_sea,Southern Red Sea,150,245,135.0,98.08072075783792,90.08027569736343,13,581.0,0.7671148030724825,False
2021-09-18,black_sea,Black Sea,55,0,2.0,38.72961637633423,1.5959192167234328,17,166.0,3.4423249665713276,True
2021-09-18,suez_canal,Suez Canal & Gulf of Suez,147,4,19.0,91.63306917355001,10.388072060739528,13,789.0,-1.4496328196325619,False
2021-09-18,bab_el_mandeb,Bab-el-Mandeb,122,203,107.0,57.85964638501844,50.44617428066676,9,494.0,0.3282995769794685,False
2021-09-18,hormuz,Strait of Hormuz,7,2,2.0,3.0941002931880752,1.257044165093125,3,17.0,2.0506096654409904,True
2021-09-25,persian_gulf,Persian Gulf,72,1,7.0,50.668911655500075,4.595047499481418,15,257.0,1.5427248620541445,False
2021-09-25,bab_el_mandeb,Bab-el-Mandeb,129,395,102.0,51.83254337307196,38.98391817921428,9,489.0,0.7461871194578902,False
2021-09-25,eastern_med,Eastern Mediterranean,331,89,137.0,282.5081648830812,105.0804206373146,36,1411.0,-1.2194401735261118,False
2021-09-25,gulf_of_oman,Gulf of Oman,5,1,3.0,1.4450697090272993,0.8568824597606599,2,16.0,0.5257718434184092,False
2021-09-25,hormuz,Strait of Hormuz,15,1,1.0,4.895626237563008,1.0,3,30.0,5.750000000000005,True
2021-09-25,bosphorus,Turkish Straits (Bosphorus-Dardanelles),48,0,1.0,35.82176130775902,0.41065352610519723,8,163.0,1.5309626219958568,False
2021-09-25,somali_basin,Somali Basin / Horn approaches,28,54,15.0,10.788420878234772,4.936267040236832,5,161.0,-0.5763050246733604,False
2021-09-25,gulf_of_aden,Gulf of Aden,164,453,129.0,115.09205691115383,86.82287122016183,15,661.0,0.47200294335226234,False
2021-09-25,northern_red_sea,Northern & Central Red Sea,1,0,1.0,0.49561405823320354,0.49561405823320354,1,8.0,-0.9985454537755472,False
2021-09-25,southern_red_sea,Southern Red Sea,157,442,129.0,86.98897017677231,75.36999443324183,14,582.0,1.1439431273887897,False
2021-09-25,black_sea,Black Sea,52,0,1.0,36.09793506261696,0.19319978030475451,10,180.0,1.5690987910166432,False
2021-09-25,suez_canal,Suez Canal & Gulf of Suez,171,13,32.0,103.86912849380435,17.747440042993418,13,785.0,-0.45164409745429596,False
2021-10-02,eastern_med,Eastern Mediterranean,291,109,132.0,232.88398525348796,90.986536201305,37,1359.0,-1.913472907110343,False
2021-10-02,somali_basin,Somali Basin / Horn approaches,27,65,21.0,9.25675415242365,6.780669334460681,4,161.0,-0.6553266737824441,False
2021-10-02,hormuz,Strait of Hormuz,15,0,0.0,4.959333081655526,0.0,3,42.0,2.2331816891200336,True
2021-10-02,black_sea,Black Sea,42,2,2.0,31.40043278901235,0.4613974921780043,15,188.0,0.015050179248701806,False
2021-10-02,suez_canal,Suez Canal & Gulf of Suez,119,6,15.0,68.07145078050625,6.896009702093721,12,705.0,-1.9012944816176558,False
2021-10-02,gulf_of_aden,Gulf of Aden,152,239,124.0,106.82796658854082,85.2895952095533,15,696.0,-0.11816228883884747,False
2021-10-02,gulf_of_oman,Gulf of Oman,2,0,0.0,0.6389840775452376,0.0,1,14.0,-0.8793850367236494,False
2021-10-02,bab_el_mandeb,Bab-el-Mandeb,118,200,100.0,51.85442314303309,44.719370209448364,9,517.0,0.0,False
2021-10-02,bosphorus,Turkish Straits (Bosphorus-Dardanelles),35,0,1.0,27.73620810589177,0.41065352610519723,10,169.0,-0.22673289674135788,False
2021-10-02,southern_red_sea,Southern Red Sea,149,231,127.0,90.66402965074855,81.19144554070415,15,619.0,0.4536078648038126,False
2021-10-02,northern_red_sea,Northern & Central Red Sea,4,0,4.0,1.9824562329328141,1.9824562329328141,1,11.0,0.7132467526968194,False
2021-10-02,persian_gulf,Persian Gulf,83,4,6.0,65.24504762122568,3.595047499481418,14,287.0,2.178954578851235,True
2021-10-09,arabian_sea,Arabian Sea (open),1,0,1.0,0.7111250849101136,0.7111250849101136,1,4.0,-0.35355339059327373,False
2021-10-09,gulf_of_aden,Gulf of Aden,144,401,124.0,104.89536486448019,88.02025906031527,14,642.0,-0.49382227198691875,False
2021-10-09,bosphorus,Turkish Straits (Bosphorus-Dardanelles),28,0,1.0,20.41925323501139,0.41065352610519723,8,164.0,-1.1875133323534828,False
2021-10-09,black_sea,Black Sea,37,0,3.0,25.06190949299309,0.7264919006679184,14,186.0,-0.8392154678078336,False
2021-10-09,india_west_coast,India West Coast corridor,1,0,1.0,1.0,1.0,1,4.0,-0.3535533905932739,False
2021-10-09,southern_red_sea,Southern Red Sea,139,398,125.0,72.64473633842958,68.14456690131556,13,595.0,-0.24871981337385402,False
2021-10-09,somali_basin,Somali Basin / Horn approaches,16,21,13.0,5.947033822754129,4.351013380959799,6,106.0,-1.4317125398671116,False
2021-10-09,northern_red_sea,Northern & Central Red Sea,1,0,1.0,0.49561405823320354,0.49561405823320354,1,10.0,-1.1281521496355322,False
2021-10-09,eastern_med,Eastern Mediterranean,329,93,125.0,273.1201994258979,86.18373534428491,39,1255.0,-0.6399867425204814,False
2021-10-09,hormuz,Strait of Hormuz,11,0,0.0,3.251907430468667,0.0,3,48.0,0.821498116205739,False
2021-10-09,persian_gulf,Persian Gulf,60,1,7.0,40.91453518128045,4.01015103532945,16,276.0,0.04804900752367882,False
2021-10-09,bab_el_mandeb,Bab-el-Mandeb,116,369,102.0,42.461625692623414,38.32258326092686,9,485.0,-0.1740219443298317,False
2021-10-09,gulf_of_oman,Gulf of Oman,2,0,1.0,0.5881872492666393,0.26869521049402056,2,15.0,-0.702008612450034,False
2021-10-09,suez_canal,Suez Canal & Gulf of Suez,157,9,21.0,93.38086755815414,9.790905524204078,13,594.0,-0.5359743077468847,False
2021-10-16,gulf_of_aden,Gulf of Aden,161,321,132.0,115.8660372085918,90.5982907069945,16,621.0,0.1414842521071025,False
2021-10-16,black_sea,Black Sea,47,3,3.0,27.68109094880664,1.8034410614517826,14,178.0,0.6681531047810348,False
2021-10-16,bab_el_mandeb,Bab-el-Mandeb,114,290,93.0,50.3384517648299,39.30158959133608,10,477.0,-0.295559825688567,False
2021-10-16,southern_red_sea,Southern Red Sea,148,330,127.0,84.71267284302283,74.52009830850551,14,593.0,0.2251822581553145,False
2021-10-16,somali_basin,Somali Basin / Horn approaches,30,37,18.0,10.149793681382913,5.346605372300168,6,101.0,-0.2661220487480587,False
2021-10-16,persian_gulf,Persian Gulf,47,5,5.0,33.52616982423682,2.595047499481418,13,262.0,-1.0884412685932885,False
2021-10-16,bosphorus,Turkish Straits (Bosphorus-Dardanelles),43,0,1.0,28.53835630904187,1.0,11,154.0,0.6944631628472449,False
2021-10-16,hormuz,Strait of Hormuz,1,0,0.0,0.257044165093125,0.0,1,42.0,-1.1272660037524775,False
2021-10-16,gulf_of_oman,Gulf of Oman,2,1,2.0,0.5373904209880411,0.5373904209880411,1,11.0,-0.5400617248673206,False
2021-10-16,suez_canal,Suez Canal & Gulf of Suez,141,4,19.0,81.85695168515979,8.87264595786837,16,588.0,-0.8177316165505277,False
2021-10-16,eastern_med,Eastern Mediterranean,324,80,103.0,272.7674358664312,78.51822899253024,41,1275.0,-0.5822656450359565,False
2021-10-23,eastern_med,Eastern Mediterranean,347,60,121.0,292.4501454567016,91.08073944122528,38,1291.0,0.04893917373607749,False
2021-10-23,gulf_of_oman,Gulf of Oman,1,2,1.0,0.26869521049402056,0.26869521049402056,1,7.0,-0.9946464738992427,False
2021-10-23,black_sea,Black Sea,46,0,1.0,32.78443702099921,0.3029804789059568,15,172.0,0.3968626966596735,False
2021-10-23,bab_el_mandeb,Bab-el-Mandeb,127,296,108.0,60.00438557005798,52.60611674232716,9,475.0,0.33229179211856297,False
2021-10-23,india_west_coast,India West Coast corridor,1,0,0.0,1.0,0.0,1,4.0,,False
2021-10-23,gulf_of_aden,Gulf of Aden,178,332,150.0,127.66190686612843,102.35619163619988,14,635.0,0.7000529656784248,False
2021-10-23,southern_red_sea,Southern Red Sea,157,321,139.0,92.83777383966483,86.12497573839812,14,593.0,0.650220516687935,False
2021-10-23,persian_gulf,Persian Gulf,69,2,6.0,42.99291261305544,3.187607898145509,15,259.0,0.5288964528152079,False
2021-10-23,northern_red_sea,Northern & Central Red Sea,1,0,1.0,0.49561405823320354,0.49561405823320354,1,7.0,-0.9946464738992445,False
2021-10-23,arabian_sea,Arabian Sea (open),1,0,0.0,0.7111250849101136,0.0,1,4.0,-0.35355339059327373,False
2021-10-23,bosphorus,Turkish Straits (Bosphorus-Dardanelles),37,0,0.0,29.10390936967443,0.0,8,143.0,-0.03965851841262104,False
2021-10-23,somali_basin,Somali Basin / Horn approaches,37,65,30.0,12.176763422926406,9.076315844933642,4,110.0,0.15967322924883526,False
2021-10-23,hormuz,Strait of Hormuz,7,0,0.0,1.6081886233743252,0.0,2,34.0,-0.06630976492661632,False
2021-10-23,suez_canal,Suez Canal & Gulf of Suez,167,5,14.0,104.21581166112857,5.535842703457231,14,584.0,-0.11231570056596807,False
2021-10-30,somali_basin,Somali Basin / Horn approaches,23,64,11.0,8.158338709692423,3.75226110716042,5,106.0,-0.6684289094908343,False
2021-10-30,bosphorus,Turkish Straits (Bosphorus-Dardanelles),38,0,1.0,30.161703290474957,1.0,9,146.0,-0.02781459393413068,False
2021-10-30,southern_red_sea,Southern Red Sea,157,567,123.0,85.29903621568654,71.51858928638981,16,601.0,0.6387436032256122,False
2021-10-30,hormuz,Strait of Hormuz,5,1,1.0,1.2215139813731084,0.257044165093125,2,24.0,-0.5728219618694802,False
2021-10-30,eastern_med,Eastern Mediterranean,337,56,128.0,282.17052740186256,94.16319850350106,34,1337.0,-0.017524307495470594,False
2021-10-30,suez_canal,Suez Canal & Gulf of Suez,171,16,29.0,102.8202157005365,13.363702896500358,14,636.0,-0.0027384680437544913,False
2021-10-30,gulf_of_aden,Gulf of Aden,164,569,120.0,114.79400103852426,78.07975604812219,17,647.0,0.07971806880989955,False
2021-10-30,black_sea,Black Sea,47,0,1.0,31.02953165299573,0.5959192167234328,16,177.0,0.40933261718234504,False
2021-10-30,india_west_coast,India West Coast corridor,1,0,1.0,1.0,1.0,1,4.0,,False
2021-10-30,northern_red_sea,Northern & Central Red Sea,3,0,3.0,1.9912281164664072,1.9912281164664072,2,9.0,0.25943726083138535,False
2021-10-30,bab_el_mandeb,Bab-el-Mandeb,119,531,85.0,47.36447493653228,33.46361197519842,10,476.0,-0.09172492321316786,False
2021-10-30,arabian_sea,Arabian Sea (open),1,0,1.0,0.7111250849101136,0.7111250849101136,1,4.0,-0.35355339059327373,False
2021-10-30,persian_gulf,Persian Gulf,53,2,5.0,35.50898612815549,3.4968402741649474,13,229.0,-0.996641355461583,False
2021-11-06,southern_red_sea,Southern Red Sea,187,480,149.0,124.68816555489337,97.96130745645884,14,649.0,4.61025642298918,True
2021-11-06,india_west_coast,India West Coast corridor,1,0,0.0,1.0,0.0,1,4.0,,False
2021-11-06,arabian_sea,Arabian Sea (open),1,0,0.0,0.7111250849101136,0.0,1,4.0,-0.35355339059327373,False
2021-11-06,hormuz,Strait of Hormuz,14,2,1.0,4.574875228377367,1.0,3,27.0,1.1483606549042833,False
2021-11-06,bab_el_mandeb,Bab-el-Mandeb,144,429,110.0,62.2635399911418,46.41176123035686,10,504.0,1.8155471472528828,False
2021-11-06,eastern_med,Eastern Mediterranean,351,91,114.0,299.8228474332557,81.59749598397791,42,1359.0,0.327522985006526,False
2021-11-06,black_sea,Black Sea,61,0,0.0,38.863205244162714,0.0,21,201.0,2.5041769937278633,True
2021-11-06,somali_basin,Somali Basin / Horn approaches,27,9,20.0,9.516670826036098,6.811148736364486,6,117.0,-0.3847393796375692,False
2021-11-06,northern_red_sea,Northern & Central Red Sea,4,0,4.0,1.9824562329328141,1.9824562329328141,1,9.0,1.3825367145180232,False
2021-11-06,gulf_of_aden,Gulf of Aden,188,490,149.0,122.80956781109138,96.8630835074784,16,691.0,1.159469929517798,False
2021-11-06,persian_gulf,Persian Gulf,82,9,9.0,54.54872445596644,5.670447115795241,15,251.0,1.5166281496154523,False
2021-11-06,gulf_of_oman,Gulf of Oman,4,3,2.0,1.1763744985332787,0.5881872492666393,2,9.0,0.5967878843395455,False
2021-11-06,bosphorus,Turkish Straits (Bosphorus-Dardanelles),52,0,0.0,35.38420930118589,0.0,13,170.0,1.540952449185791,False
2021-11-06,suez_canal,Suez Canal & Gulf of Suez,195,16,21.0,120.97047907399619,8.522468619057893,15,674.0,0.6185665061010934,False
2021-11-13,northern_red_sea,Northern & Central Red Sea,3,0,3.0,1.4868421746996106,1.4868421746996106,1,11.0,0.3535533905932736,False
2021-11-13,persian_gulf,Persian Gulf,60,9,8.0,33.312369840569644,3.777164045031323,12,264.0,-0.45232951490008916,False
2021-11-13,gulf_of_oman,Gulf of Oman,4,1,1.0,1.227171326811877,0.26869521049402056,2,11.0,0.5967878843395455,False
2021-11-13,black_sea,Black Sea,61,3,4.0,38.756715997946436,1.0738698937637148,17,215.0,1.678809308606404,False
2021-11-13,bosphorus,Turkish Straits (Bosphorus-Dardanelles),50,3,1.0,38.17920752875341,0.41065352610519723,13,177.0,0.9362744979986106,False
2021-11-13,somali_basin,Somali Basin / Horn approaches,25,29,15.0,7.936730243268117,4.5125428298506485,5,112.0,-0.4356382074686179,False
2021-11-13,suez_canal,Suez Canal & Gulf of Suez,148,7,18.0,92.0259080653316,7.664926307725384,11,681.0,-0.4555999065835733,False
2021-11-13,hormuz,Strait of Hormuz,10,6,2.0,4.671895467466841,0.51408833018625,3,36.0,0.12064089225286014,False
2021-11-13,eastern_med,Eastern Mediterranean,321,40,121.0,264.30404783249026,88.28601921311775,35,1356.0,-0.28107363712426625,False
2021-11-13,southern_red_sea,Southern Red Sea,171,498,140.0,113.3051600260155,90.49383353359002,17,672.0,1.0960155108391398,False
2021-11-13,gulf_of_aden,Gulf of Aden,174,503,141.0,124.49238620304479,100.51586174813778,17,704.0,0.48874678688705503,False
2021-11-13,bab_el_mandeb,Bab-el-Mandeb,153,477,122.0,66.61798192406944,49.36745960724434,12,543.0,3.0209177888620666,True
2021-11-20,bab_el_mandeb,Bab-el-Mandeb,147,456,106.0,77.13374869226004,50.50822735409662,10,563.0,1.37787437857679,False
2021-11-20,suez_canal,Suez Canal & Gulf of Suez,245,23,22.0,145.84103075591557,10.473832628346981,16,759.0,3.7590529500670624,True
2021-11-20,gulf_of_oman,Gulf of Oman,3,0,0.0,0.8060856314820617,0.0,1,12.0,-0.14264935053936362,False
2021-11-20,eastern_med,Eastern Mediterranean,435,56,121.0,373.7798751944057,87.92383583061456,48,1444.0,5.720837226213978,True
2021-11-20,southern_red_sea,Southern Red Sea,180,482,138.0,125.9045303322239,90.7934906810651,17,695.0,1.4677407136398626,False
2021-11-20,persian_gulf,Persian Gulf,72,0,6.0,43.461488677489136,3.993746137170465,13,267.0,0.4790512900315634,False
2021-11-20,northern_red_sea,Northern & Central Red Sea,4,0,4.0,2.991228116466407,2.991228116466407,2,14.0,0.9766416071562936,False
2021-11-20,gulf_of_aden,Gulf of Aden,183,486,136.0,124.48311293313685,92.73249589035353,17,709.0,1.2269012618941948,False
2021-11-20,somali_basin,Somali Basin / Horn approaches,48,132,30.0,13.359424084413705,8.187249961553821,7,123.0,3.577616129293871,True
2021-11-20,bosphorus,Turkish Straits (Bosphorus-Dardanelles),76,0,1.0,55.447714243894566,0.41065352610519723,14,216.0,4.164589596820457,True
2021-11-20,black_sea,Black Sea,87,0,2.0,55.88019745831732,0.46790893595180116,19,256.0,4.4509347305187426,True
2021-11-20,hormuz,Strait of Hormuz,6,0,0.0,1.3511444582812002,0.0,2,35.0,-0.7364478066372571,False
2021-11-27,southern_red_sea,Southern Red Sea,169,284,142.0,108.22680419972279,90.20360214507478,14,707.0,0.47736134693149374,False
2021-11-27,eastern_med,Eastern Mediterranean,342,67,119.0,280.48409701351113,83.12136053497794,41,1449.0,0.0029801905209848145,False
2021-11-27,persian_gulf,Persian Gulf,106,8,14.0,71.73493329327373,8.915757723339338,15,320.0,3.0850903078032683,True
2021-11-27,suez_canal,Suez Canal & Gulf of Suez,149,13,18.0,92.00155551528104,8.926086405495377,16,737.0,-0.49160897680624516,False
2021-11-27,black_sea,Black Sea,64,4,4.0,41.974637187871785,1.8523987902000503,17,273.0,0.6584583629435731,False
2021-11-27,gulf_of_aden,Gulf of Aden,191,340,151.0,134.507789787144,102.13860718332525,18,736.0,1.4944610237499933,False
2021-11-27,arabian_sea,Arabian Sea (open),1,0,1.0,0.7111250849101136,0.7111250849101136,1,4.0,,False
2021-11-27,gulf_of_oman,Gulf of Oman,4,0,2.0,1.0747808419760823,0.5373904209880411,1,15.0,0.8295220287108108,False
2021-11-27,somali_basin,Somali Basin / Horn approaches,40,31,22.0,12.494062144554889,5.745556082657259,7,140.0,1.1243436718808648,False
2021-11-27,india_west_coast,India West Coast corridor,1,0,1.0,1.0,1.0,1,4.0,,False
2021-11-27,bosphorus,Turkish Straits (Bosphorus-Dardanelles),53,1,1.0,36.90665572130369,1.0,9,231.0,0.5476318331188252,False
2021-11-27,hormuz,Strait of Hormuz,13,0,0.0,2.640798861192942,0.0,2,43.0,0.9212349279947019,False
2021-11-27,bab_el_mandeb,Bab-el-Mandeb,130,243,100.0,60.45383398540059,42.86185664383354,11,574.0,0.015859036992388786,False
2021-12-04,hormuz,Strait of Hormuz,4,0,0.0,1.6437188070943418,0.0,3,33.0,-0.9930184069682382,False
2021-12-04,southern_red_sea,Southern Red Sea,181,417,156.0,108.52022466572113,95.99521755909356,17,701.0,1.0805645865509608,False
2021-12-04,gulf_of_oman,Gulf of Oman,1,0,0.0,0.3194920387726188,0.0,1,12.0,-1.5021913817381578,False
2021-12-04,somali_basin,Somali Basin / Horn approaches,44,47,26.0,14.499907075836333,8.55786240377831,6,157.0,1.2822104137583958,False
2021-12-04,suez_canal,Suez Canal & Gulf of Suez,149,17,21.0,87.38671025044533,7.01179378558288,14,691.0,-0.6621000366515946,False
2021-12-04,persian_gulf,Persian Gulf,67,5,8.0,41.12810035348005,3.801294447878009,15,305.0,-0.08689759697897871,False
2021-12-04,northern_red_sea,Northern & Central Red Sea,5,0,5.0,3.4868421746996106,3.4868421746996106,2,16.0,1.6869264123608707,False
2021-12-04,eastern_med,Eastern Mediterranean,311,33,93.0,255.49810103160704,69.68672033616436,44,1409.0,-1.0164282379068665,False
2021-12-04,bosphorus,Turkish Straits (Bosphorus-Dardanelles),40,0,0.0,25.92634844857411,0.0,11,219.0,-0.4918599587740244,False
2021-12-04,bab_el_mandeb,Bab-el-Mandeb,139,374,112.0,65.33127740569714,48.33056736366022,10,569.0,0.5152781046217867,False
2021-12-04,black_sea,Black Sea,55,6,2.0,31.261838963026324,0.5680748873958709,21,267.0,-0.0802701623834913,False
2021-12-04,gulf_of_aden,Gulf of Aden,187,435,156.0,133.4060058597367,107.36448837631781,17,735.0,0.8956816610657079,False
2021-12-11,bab_el_mandeb,Bab-el-Mandeb,117,345,92.0,59.046602156299144,40.65802323265075,10,533.0,-1.2354883082375985,False
2021-12-11,southern_red_sea,Southern Red Sea,161,423,127.0,93.7479299315702,76.65244336515008,16,691.0,-0.5640493963551081,False
2021-12-11,northern_red_sea,Northern & Central Red Sea,3,0,3.0,1.4868421746996106,1.4868421746996106,1,15.0,-0.08574929257125438,False
2021-12-11,hormuz,Strait of Hormuz,57,0,0.0,19.85133621613879,0.0,3,80.0,10.990312635725427,True
2021-12-11,bosphorus,Turkish Straits (Bosphorus-Dardanelles),45,0,0.0,31.817780285276463,0.0,9,214.0,-0.28457173412146725,False
2021-12-11,black_sea,Black Sea,52,0,2.0,33.933887334464416,0.5363954237464995,15,258.0,-0.47918635750341065,False
2021-12-11,suez_canal,Suez Canal & Gulf of Suez,207,11,31.0,132.3949600396606,15.649324611392563,12,750.0,1.0460860282485527,False
2021-12-11,gulf_of_oman,Gulf of Oman,18,4,1.0,5.344482071678352,0.26869521049402056,2,26.0,11.80449290022988,True
2021-12-11,somali_basin,Somali Basin / Horn approaches,40,56,22.0,12.630325672022483,6.644453737525346,6,172.0,0.6172253058562115,False
2021-12-11,persian_gulf,Persian Gulf,202,2,10.0,143.4200854897279,4.915757723339338,17,447.0,7.200965418163479,True
2021-12-11,gulf_of_aden,Gulf of Aden,164,431,127.0,112.13989940666595,86.3466466991149,16,725.0,-1.2741947435269902,False
2021-12-11,eastern_med,Eastern Mediterranean,364,65,105.0,315.1729158177979,78.46342882127402,40,1452.0,0.46748178314843813,False
2021-12-18,gulf_of_aden,Gulf of Aden,160,457,141.0,105.1083447604103,92.78608959307383,16,702.0,-1.764545259025495,False
2021-12-18,gulf_of_oman,Gulf of Oman,5,2,1.0,1.4958665373058975,0.26869521049402056,2,28.0,0.06752725757310545,False
2021-12-18,india_west_coast,India West Coast corridor,2,0,2.0,2.0,2.0,1,5.0,,False
2021-12-18,hormuz,Strait of Hormuz,23,0,0.0,7.185280640474751,0.0,3,97.0,0.48410796213145807,False
2021-12-18,arabian_sea,Arabian Sea (open),2,0,2.0,1.4222501698202272,1.4222501698202272,1,5.0,,False
2021-12-18,bosphorus,Turkish Straits (Bosphorus-Dardanelles),57,0,2.0,38.34118107529889,2.0,14,195.0,0.6432356477132481,False
2021-12-18,somali_basin,Somali Basin / Horn approaches,24,77,18.0,7.3239628145481666,5.194309916338484,5,148.0,-1.231918402662955,False
2021-12-18,suez_canal,Suez Canal & Gulf of Suez,177,11,22.0,113.08228668173719,11.264035943649212,12,682.0,-0.05424011033800981,False
2021-12-18,southern_red_sea,Southern Red Sea,151,456,138.0,87.26687270579575,81.77100894635852,15,662.0,-1.6810415398468395,False
2021-12-18,black_sea,Black Sea,59,0,2.0,33.44126086349438,1.9944827294262022,15,230.0,-0.009567485125613178,False
2021-12-18,eastern_med,Eastern Mediterranean,287,62,75.0,237.70517968654315,50.35521272004607,35,1304.0,-1.6917589405812428,False
2021-12-18,northern_red_sea,Northern & Central Red Sea,3,0,3.0,1.4868421746996106,1.4868421746996106,1,15.0,0.0,False
2021-12-18,persian_gulf,Persian Gulf,109,1,6.0,72.06528859761912,3.234190386110769,15,484.0,0.41556567015068646,False
2021-12-18,bab_el_mandeb,Bab-el-Mandeb,102,335,96.0,45.991934693707776,42.170496871023325,10,488.0,-2.44977967469433,False
2021-12-25,bosphorus,Turkish Straits (Bosphorus-Dardanelles),50,0,1.0,34.53451082995731,1.0,8,192.0,-0.11551097406382792,False
2021-12-25,eastern_med,Eastern Mediterranean,384,55,149.0,317.2099705344915,104.72272865518119,37,1346.0,0.9172115951073144,False
2021-12-25,southern_red_sea,Southern Red Sea,106,193,101.0,53.72670407735525,51.43247327831713,14,599.0,-5.025792804599375,False
2021-12-25,suez_canal,Suez Canal & Gulf of Suez,211,6,28.0,137.6254462890284,17.14561160773275,14,744.0,0.9012712271344175,False
2021-12-25,persian_gulf,Persian Gulf,66,7,6.0,44.16480949332096,3.926422338842482,14,444.0,-0.5789571886248994,False
2021-12-25,black_sea,Black Sea,56,0,1.0,34.28363404007772,1.0,13,222.0,-0.3971157873682815,False
2021-12-25,somali_basin,Somali Basin / Horn approaches,25,22,21.0,7.63874050331341,6.1088956280416,5,133.0,-0.8757712650241295,False
2021-12-25,northern_red_sea,Northern & Central Red Sea,1,0,1.0,1.0,1.0,1,12.0,-1.931388919377641,False
2021-12-25,bab_el_mandeb,Bab-el-Mandeb,88,158,84.0,40.806007252608204,38.13714378215276,9,446.0,-2.4727388947198126,False
2021-12-25,gulf_of_aden,Gulf of Aden,141,242,126.0,110.32502583851071,101.25243468371926,17,652.0,-2.840243347384381,False
2021-12-25,gulf_of_oman,Gulf of Oman,9,3,3.0,2.621444207560578,0.8060856314820617,2,33.0,0.7337993857053428,False
2021-12-25,hormuz,Strait of Hormuz,12,5,2.0,5.992646476652483,0.51408833018625,3,96.0,-0.2572478777137633,False
2022-01-01,bosphorus,Turkish Straits (Bosphorus-Dardanelles),64,0,0.0,49.93813120090316,0.0,12,216.0,1.0426869513096202,False
2022-01-01,hormuz,Strait of Hormuz,3,0,0.0,2.1933373210006084,0.0,2,95.0,-0.8454054251665258,False
2022-01-01,black_sea,Black Sea,73,0,0.0,53.834587375261634,0.0,15,240.0,1.0248374070384285,False
2022-01-01,bab_el_mandeb,Bab-el-Mandeb,75,164,67.0,26.0970020136304,22.30000169246598,11,382.0,-2.2646387166050155,False
2022-01-01,gulf_of_oman,Gulf of Oman,5,10,3.0,1.4450697090272993,0.8060856314820617,2,37.0,-0.18708286933869706,False
2022-01-01,suez_canal,Suez Canal & Gulf of Suez,221,10,25.0,151.0788199161391,16.459565910530515,13,816.0,1.0069670705847262,False
2022-01-01,southern_red_sea,Southern Red Sea,105,226,94.0,58.854612945337,52.81013822830512,15,523.0,-2.251474220319569,False
2022-01-01,gulf_of_aden,Gulf of Aden,180,350,136.0,146.43922039361004,107.78781067678219,17,645.0,0.37367960806102873,False
2022-01-01,somali_basin,Somali Basin / Horn approaches,13,17,9.0,4.5014575006804645,2.4636984027347917,7,102.0,-2.145116234721936,False
2022-01-01,persian_gulf,Persian Gulf,58,10,12.0,38.91063040493363,8.657576415814589,12,435.0,-0.8017968164044041,False
2022-01-01,northern_red_sea,Northern & Central Red Sea,1,0,1.0,1.0,1.0,1,8.0,-1.931388919377641,False
2022-01-01,eastern_med,Eastern Mediterranean,385,45,131.0,328.48357304906335,95.6049104101042,41,1420.0,0.7703619184837411,False
2022-01-08,southern_red_sea,Southern Red Sea,167,303,138.0,87.44300062917884,72.14120203106805,15,529.0,0.45340254602767766,False
2022-01-08,gulf_of_aden,Gulf of Aden,215,393,169.0,167.37929124393665,127.00285765333362,18,696.0,2.5516043699931563,True
2022-01-08,eastern_med,Eastern Mediterranean,520,82,186.0,429.54839592352164,125.20596249865578,45,1576.0,3.4700342653153315,True
2022-01-08,suez_canal,Suez Canal & Gulf of Suez,234,15,32.0,149.06842757737903,14.910340600557893,17,843.0,1.2077356066672003,False
2022-01-08,hormuz,Strait of Hormuz,14,0,0.0,5.381537907376758,0.0,3,52.0,-0.11271279531923221,False
2022-01-08,somali_basin,Somali Basin / Horn approaches,26,20,16.0,8.723251534274166,5.602724806410465,6,88.0,-0.5205475562372349,False
2022-01-08,black_sea,Black Sea,78,1,1.0,49.591484796085815,0.19319978030475451,19,266.0,1.2689152268521247,False
2022-01-08,gulf_of_oman,Gulf of Oman,8,0,1.0,2.301952168787959,0.26869521049402056,2,27.0,0.35355339059327373,False
2022-01-08,persian_gulf,Persian Gulf,115,5,13.0,74.7294548105875,4.594316314187257,16,348.0,0.46394218059880626,False
2022-01-08,bab_el_mandeb,Bab-el-Mandeb,127,253,99.0,50.84550408762365,37.25254813102769,12,392.0,0.2859660913342177,False
2022-01-08,bosphorus,Turkish Straits (Bosphorus-Dardanelles),73,1,1.0,45.627207072564495,0.41065352610519723,15,244.0,1.6408622633935244,False
2022-01-15,bosphorus,Turkish Straits (Bosphorus-Dardanelles),54,0,0.0,33.510795597763504,0.0,7,241.0,-0.2520862670466574,False
2022-01-15,arabian_sea,Arabian Sea (open),1,0,1.0,0.7111250849101136,0.7111250849101136,1,5.0,-0.35355339059327373,False
2022-01-15,southern_red_sea,Southern Red Sea,191,460,163.0,107.66786927570351,92.97680928385846,16,569.0,1.2591808326023501,False
2022-01-15,gulf_of_aden,Gulf of Aden,233,626,192.0,185.2652776671143,152.8706804114898,17,769.0,2.4638502450819937,True
2022-01-15,persian_gulf,Persian Gulf,54,7,13.0,35.689083333676344,8.53450706250529,13,293.0,-0.9631585825251433,False
2022-01-15,bab_el_mandeb,Bab-el-Mandeb,164,343,141.0,65.17443069509824,57.236103799687,11,454.0,1.9147826822521972,False
2022-01-15,suez_canal,Suez Canal & Gulf of Suez,186,6,18.0,119.86931628899784,8.254307812371907,12,852.0,-0.3559599602041424,False
2022-01-15,somali_basin,Somali Basin / Horn approaches,30,49,28.0,8.310342034563398,7.6967635508334755,5,94.0,-0.2054987341316955,False
2022-01-15,northern_red_sea,Northern & Central Red Sea,1,0,1.0,0.49561405823320354,0.49561405823320354,1,6.0,-1.4142135623730945,False
2022-01-15,eastern_med,Eastern Mediterranean,338,37,123.0,277.71540041658153,81.47168655603045,32,1627.0,-0.5514416337357301,False
2022-01-15,hormuz,Strait of Hormuz,6,3,3.0,2.2703597244961427,1.6903477614943174,3,35.0,-0.596359925959418,False
2022-01-15,gulf_of_oman,Gulf of Oman,4,1,3.0,1.244016695197226,0.9753214847032055,2,26.0,-0.49878963753721545,False
2022-01-15,black_sea,Black Sea,60,0,0.0,34.10943619592737,0.0,11,267.0,-0.43834990043195754,False
2022-01-15,india_west_coast,India West Coast corridor,1,0,1.0,1.0,1.0,1,5.0,-0.35355339059327373,False
2022-01-22,eastern_med,Eastern Mediterranean,343,65,137.0,274.4285053205352,89.78250820977713,33,1586.0,-0.3304314268727235,False
2022-01-22,bab_el_mandeb,Bab-el-Mandeb,143,255,115.0,66.79353150035338,54.5865873119254,11,509.0,0.8781423058293327,False
2022-01-22,suez_canal,Suez Canal & Gulf of Suez,158,7,23.0,99.78520595107773,12.086682901884876,11,799.0,-1.0560511696940071,False
2022-01-22,india_west_coast,India West Coast corridor,1,0,1.0,1.0,1.0,1,5.0,-0.35355339059327373,False
2022-01-22,somali_basin,Somali Basin / Horn approaches,40,34,32.0,11.687610843462672,9.226295000712584,5,109.0,0.9347999529676246,False
2022-01-22,gulf_of_aden,Gulf of Aden,195,348,158.0,148.94989573484648,117.6575474121679,18,823.0,0.3719902209727721,False
2022-01-22,northern_red_sea,Northern & Central Red Sea,2,0,2.0,0.9912281164664071,0.9912281164664071,1,5.0,-0.41502300476984266,False
2022-01-22,black_sea,Black Sea,45,0,1.0,30.092128195348632,0.19319978030475451,8,256.0,-1.883159923579434,False
2022-01-22,bosphorus,Turkish Straits (Bosphorus-Dardanelles),45,0,1.0,30.65923554123647,0.41065352610519723,8,236.0,-0.9105318453902634,False
2022-01-22,arabian_sea,Arabian Sea (open),2,0,1.0,0.9644559835588838,0.7111250849101136,2,6.0,2.4748737341529163,True
2022-01-22,hormuz,Strait of Hormuz,13,0,4.0,5.55463096478165,2.6903477614943174,6,36.0,-0.1987866419864727,False
2022-01-22,persian_gulf,Persian Gulf,70,4,11.0,49.59377359394783,8.464314211659996,17,297.0,-0.5536064274066065,False
2022-01-22,southern_red_sea,Southern Red Sea,185,288,156.0,101.39839133537308,87.65020050119128,18,648.0,0.9668150741042923,False
2022-01-22,gulf_of_oman,Gulf of Oman,8,4,5.0,2.8101928687215962,1.5635087339698448,4,25.0,0.24152294576982397,False
2022-01-29,somali_basin,Somali Basin / Horn approaches,43,117,35.0,13.308477862447718,10.450654658553262,7,139.0,1.2224307077268937,False
2022-01-29,southern_red_sea,Southern Red Sea,172,311,154.0,98.3157467621328,88.0813278437569,14,715.0,0.4780945512655067,False
2022-01-29,hormuz,Strait of Hormuz,54,0,4.0,16.432252105691347,2.0390672536995744,5,87.0,2.129856878426493,True
2022-01-29,gulf_of_oman,Gulf of Oman,8,3,3.0,2.5727816785662996,0.9753214847032055,3,28.0,0.14810784296461926,False
2022-01-29,bab_el_mandeb,Bab-el-Mandeb,134,223,118.0,62.50274511279353,55.464327423998185,11,568.0,0.48929445774384694,False
2022-01-29,gulf_of_aden,Gulf of Aden,183,338,161.0,132.77011592486895,115.48021344063775,17,826.0,-0.04571782404485497,False
2022-01-29,persian_gulf,Persian Gulf,180,14,21.0,119.46464077970144,11.416411910830645,17,419.0,1.7575784791638382,False
2022-01-29,suez_canal,Suez Canal & Gulf of Suez,175,5,18.0,112.24204978745485,8.939293493548382,10,753.0,-0.588824344394115,False
2022-01-29,bosphorus,Turkish Straits (Bosphorus-Dardanelles),66,19,2.0,44.47215682474253,0.8213070522103945,11,238.0,1.1397326435670456,False
2022-01-29,eastern_med,Eastern Mediterranean,364,73,112.0,297.416194103552,71.64598162928768,37,1565.0,-0.03536443394040434,False
2022-01-29,black_sea,Black Sea,76,19,2.0,50.229036951090634,0.38639956060950903,18,259.0,1.498202728169092,False
2022-02-05,gulf_of_aden,Gulf of Aden,185,402,149.0,119.13252325797107,95.60149929819966,18,796.0,0.03742618577688584,False
2022-02-05,somali_basin,Somali Basin / Horn approaches,32,66,23.0,9.984726351747979,7.2690917106479835,5,145.0,0.18299682529404182,False
2022-02-05,gulf_of_oman,Gulf of Oman,5,1,2.0,1.4450697090272993,0.5373904209880411,2,25.0,-0.7119234737227326,False
2022-02-05,bosphorus,Turkish Straits (Bosphorus-Dardanelles),72,1,4.0,52.72703273110654,3.377423634057981,10,237.0,1.4918037635357648,False
2022-02-05,eastern_med,Eastern Mediterranean,457,57,156.0,385.02171920318506,109.86862428716977,40,1502.0,1.2492074293094186,False
2022-02-05,bab_el_mandeb,Bab-el-Mandeb,98,157,81.0,42.42720835256704,32.60252307383216,11,539.0,-0.7040981280070145,False
2022-02-05,black_sea,Black Sea,77,1,3.0,57.440485505950264,3.0,15,258.0,1.2176180688557974,False
2022-02-05,northern_red_sea,Northern & Central Red Sea,1,0,1.0,0.49561405823320354,0.49561405823320354,1,5.0,-0.9921567416492211,False
2022-02-05,suez_canal,Suez Canal & Gulf of Suez,227,7,23.0,143.32870135574765,10.623280613717046,15,746.0,1.1838933928023292,False
2022-02-05,hormuz,Strait of Hormuz,6,0,0.0,3.3032026417088964,0.0,3,79.0,-0.7949837705857716,False
2022-02-05,southern_red_sea,Southern Red Sea,169,385,140.0,113.63806721025458,92.3676839229782,15,717.0,0.43299842306080577,False
2022-02-05,persian_gulf,Persian Gulf,63,6,12.0,43.76085308903258,5.484498219392559,15,367.0,-0.7685837378044783,False
2022-02-12,southern_red_sea,Southern Red Sea,139,382,122.0,97.20277305368815,85.17455177992414,12,665.0,-0.5038061914206008,False
2022-02-12,persian_gulf,Persian Gulf,82,5,8.0,63.94749074030987,3.344179499708577,15,395.0,-0.1704295506947008,False
2022-02-12,somali_basin,Somali Basin / Horn approaches,24,40,18.0,7.667132552154445,5.204344018270284,4,139.0,-0.53899398613039,False
2022-02-12,india_west_coast,India West Coast corridor,1,0,1.0,1.0,1.0,1,5.0,-0.35355339059327373,False
2022-02-12,bosphorus,Turkish Straits (Bosphorus-Dardanelles),65,0,0.0,42.06254739452627,0.0,7,248.0,0.4757917457645073,False
2022-02-12,bab_el_mandeb,Bab-el-Mandeb,71,146,63.0,33.01654979983724,28.353538132335856,9,446.0,-1.493435194361062,False
2022-02-12,black_sea,Black Sea,78,0,1.0,46.469408387110555,0.2747091556470466,16,276.0,1.0265033150831324,False
2022-02-12,arabian_sea,Arabian Sea (open),1,0,1.0,0.7111250849101136,0.7111250849101136,1,6.0,-0.5400617248673217,False
2022-02-12,gulf_of_aden,Gulf of Aden,151,388,128.0,90.48367437704066,77.20048317671908,16,714.0,-1.2252832017286464,False
2022-02-12,hormuz,Strait of Hormuz,3,0,0.0,0.9544831495036392,0.0,2,76.0,-0.8140034970647727,False
2022-02-12,suez_canal,Suez Canal & Gulf of Suez,236,16,23.0,150.05541936241266,9.925645726518754,12,796.0,1.327838274862064,False
2022-02-12,eastern_med,Eastern Mediterranean,451,100,155.0,368.2737233410263,99.64848975465284,36,1615.0,0.9060235641624983,False
2022-02-12,gulf_of_oman,Gulf of Oman,2,7,1.0,0.5373904209880411,0.26869521049402056,1,23.0,-2.3349353474824697,False
2022-02-19,bab_el_mandeb,Bab-el-Mandeb,80,137,65.0,49.25362508271613,37.62860561766172,10,383.0,-0.9499142466081884,False
2022-02-19,arabian_sea,Arabian Sea (open),2,0,1.0,1.4222501698202272,0.7111250849101136,1,6.0,1.620185174601965,False
2022-02-19,india_west_coast,India West Coast corridor,2,0,1.0,2.0,1.0,1,5.0,2.4748737341529163,True
2022-02-19,gulf_of_oman,Gulf of Oman,11,0,1.0,3.2096314568272173,0.26869521049402056,2,26.0,1.9697974618768113,False
2022-02-19,hormuz,Strait of Hormuz,29,1,1.0,9.831216236292152,0.257044165093125,3,92.0,0.9004810903416658,False
2022-02-19,southern_red_sea,Southern Red Sea,141,289,124.0,98.4381954213104,88.64939975640057,14,621.0,-0.39249261700445776,False
2022-02-19,somali_basin,Somali Basin / Horn approaches,45,74,32.0,13.609561527580574,9.281021188911089,6,144.0,1.669566737525842,False
2022-02-19,eastern_med,Eastern Mediterranean,357,117,124.0,304.2109138937079,94.29758889755433,39,1629.0,-0.7509329710402114,False
2022-02-19,persian_gulf,Persian Gulf,118,4,11.0,80.73567424178253,5.797133926456429,17,443.0,0.7516863169513676,False
2022-02-19,gulf_of_aden,Gulf of Aden,154,301,130.0,97.68398328566336,79.39771623471374,17,673.0,-1.035700566309514,False
2022-02-19,suez_canal,Suez Canal & Gulf of Suez,189,10,20.0,119.65366286347432,7.436027059835407,13,827.0,-0.5787346324823068,False
2022-02-19,black_sea,Black Sea,70,1,3.0,45.996048576216225,1.5429068675202964,17,301.0,0.16898908915360125,False
2022-02-19,bosphorus,Turkish Straits (Bosphorus-Dardanelles),65,1,1.0,46.21972174881131,1.0,14,268.0,0.3766589199269235,False
2022-02-26,southern_red_sea,Southern Red Sea,145,282,133.0,95.86854113647105,87.86099183438645,15,594.0,-0.47865456525292294,False
2022-02-26,black_sea,Black Sea,83,0,2.0,57.74079942613978,1.1931997803047545,21,308.0,1.1506041529317206,False
2022-02-26,persian_gulf,Persian Gulf,44,1,5.0,27.228740539623534,1.7358137597059526,11,307.0,-1.126645505733947,False
2022-02-26,gulf_of_aden,Gulf of Aden,163,294,140.0,103.60745021364596,88.45140662893125,17,653.0,-0.8626621856275103,False
2022-02-26,bab_el_mandeb,Bab-el-Mandeb,87,137,78.0,40.76351281121977,36.051527980316244,11,336.0,-0.6972812279517993,False
2022-02-26,somali_basin,Somali Basin / Horn approaches,32,60,26.0,10.515733079642057,7.105668198141252,7,133.0,0.034692597785808806,False
2022-02-26,suez_canal,Suez Canal & Gulf of Suez,236,13,33.0,147.026150372778,17.120405882255948,17,888.0,1.0965950125029214,False
2022-02-26,gulf_of_oman,Gulf of Oman,2,1,1.0,0.7066262742091849,0.26869521049402056,2,20.0,-1.521533698219141,False
2022-02-26,eastern_med,Eastern Mediterranean,375,42,97.0,329.24814143020666,75.15550723062996,40,1640.0,-0.4059151994256595,False
2022-02-26,bosphorus,Turkish Straits (Bosphorus-Dardanelles),70,0,1.0,52.55810400362923,0.41065352610519723,12,272.0,0.7535786586030496,False
2022-02-26,hormuz,Strait of Hormuz,2,0,0.0,1.1862460980844116,0.0,2,40.0,-0.7962481337956233,False
2022-03-05,somali_basin,Somali Basin / Horn approaches,27,36,15.0,8.693057713311692,4.7126039584541335,6,128.0,-0.8973094891110902,False
2022-03-05,southern_red_sea,Southern Red Sea,143,289,114.0,96.47243087329464,76.91261880285184,19,568.0,-1.0346040435103139,False
2022-03-05,bosphorus,Turkish Straits (Bosphorus-Dardanelles),70,0,1.0,45.89330827757067,1.0,16,270.0,0.6498440561375373,False
2022-03-05,india_west_coast,India West Coast corridor,2,0,1.0,2.0,1.0,1,6.0,1.620185174601965,False
2022-03-05,arabian_sea,Arabian Sea (open),2,0,1.0,1.4222501698202272,0.7111250849101136,1,7.0,1.20761472884912,False
2022-03-05,gulf_of_oman,Gulf of Oman,4,2,2.0,1.1763744985332787,0.5373904209880411,2,19.0,-0.6151246852292456,False
2022-03-05,northern_red_sea,Northern & Central Red Sea,1,0,1.0,0.49561405823320354,0.49561405823320354,1,5.0,-0.7717436331412895,False
2022-03-05,gulf_of_aden,Gulf of Aden,147,300,114.0,90.43791196045862,67.20422205424737,19,615.0,-1.3036147332410923,False
2022-03-05,eastern_med,Eastern Mediterranean,315,57,88.0,267.4503384690433,71.19978308293037,39,1498.0,-1.2844005162458572,False
2022-03-05,suez_canal,Suez Canal & Gulf of Suez,162,9,26.0,108.39623496769678,14.059685799713186,12,823.0,-1.3663821760300037,False
2022-03-05,black_sea,Black Sea,76,0,2.0,50.208816268053944,2.0,24,307.0,0.40867106073289056,False
2022-03-05,persian_gulf,Persian Gulf,72,3,5.0,41.30915781206412,2.408849673018497,15,316.0,-0.4176326848177054,False
2022-03-05,bab_el_mandeb,Bab-el-Mandeb,80,150,58.0,38.04369404076395,24.72826539424986,13,318.0,-0.9828096715445471,False
2022-03-05,hormuz,Strait of Hormuz,6,0,0.0,2.8370561280949502,0.0,3,40.0,-0.5581839240704269,False
2022-03-12,hormuz,Strait of Hormuz,3,1,1.0,0.6437188070943418,0.257044165093125,2,40.0,-0.6584352057118297,False
2022-03-12,southern_red_sea,Southern Red Sea,148,507,113.0,99.07841610469465,73.09620529388754,14,577.0,-0.5976316414718996,False
2022-03-12,persian_gulf,Persian Gulf,64,85,8.0,41.54484179979031,4.342852687199546,14,298.0,-0.4841925584755025,False
2022-03-12,bosphorus,Turkish Straits (Bosphorus-Dardanelles),57,0,0.0,38.00415524724471,0.0,10,262.0,-0.6886504373629415,False
2022-03-12,black_sea,Black Sea,65,0,0.0,38.654809300524846,0.0,15,294.0,-0.45372283685896053,False
2022-03-12,bab_el_mandeb,Bab-el-Mandeb,88,265,68.0,39.660972924877385,27.85649092598115,11,335.0,-0.5485476918446966,False
2022-03-12,eastern_med,Eastern Mediterranean,357,57,82.0,305.3828899723009,62.05147150998074,47,1404.0,-0.3460624427443284,False
2022-03-12,somali_basin,Somali Basin / Horn approaches,29,75,16.0,8.383107367921944,4.8307635373264155,6,133.0,-0.6689413328873735,False
2022-03-12,gulf_of_aden,Gulf of Aden,156,513,115.0,100.0639519057247,72.84435915708467,17,620.0,-0.7043306493207176,False
2022-03-12,gulf_of_oman,Gulf of Oman,2,0,2.0,0.5373904209880411,0.5373904209880411,1,19.0,-1.0913167378090662,False
2022-03-12,suez_canal,Suez Canal & Gulf of Suez,193,16,20.0,123.41282771621644,9.35746686946409,15,780.0,-0.09643385378678869,False
2022-03-19,gulf_of_oman,Gulf of Oman,8,3,6.0,2.1495616839521645,1.6121712629641234,1,16.0,0.8059403683279635,False
2022-03-19,india_west_coast,India West Coast corridor,1,0,1.0,1.0,1.0,1,6.0,-0.724568837309472,False
2022-03-19,arabian_sea,Arabian Sea (open),1,0,1.0,0.7111250849101136,0.7111250849101136,1,6.0,-0.9354143466934853,False
2022-03-19,northern_red_sea,Northern & Central Red Sea,12,0,12.0,8.973684349399221,8.973684349399221,3,16.0,11.324869075378658,True
2022-03-19,southern_red_sea,Southern Red Sea,100,100,83.0,64.48957714761009,55.469109524176055,17,536.0,-3.167688589158776,False
2022-03-19,black_sea,Black Sea,65,0,1.0,42.36494370488524,1.0,17,289.0,-0.5251491635466732,False
2022-03-19,somali_basin,Somali Basin / Horn approaches,22,21,14.0,7.812827991224436,5.112820526317571,6,110.0,-1.5491933384829468,False
2022-03-19,suez_canal,Suez Canal & Gulf of Suez,189,12,21.0,119.94883979016586,10.091216040764605,17,780.0,-0.24854790640047805,False
2022-03-19,eastern_med,Eastern Mediterranean,337,52,101.0,284.99791119468574,70.1332952735458,42,1384.0,-0.7995917371165185,False
2022-03-19,bab_el_mandeb,Bab-el-Mandeb,56,107,40.0,25.189697535073485,16.67486266769026,11,311.0,-1.570415320959393,False
2022-03-19,gulf_of_aden,Gulf of Aden,89,113,67.0,62.49477299461755,44.04936760700726,16,555.0,-4.265709201835612,False
2022-03-19,persian_gulf,Persian Gulf,30,5,11.0,21.260023487651793,4.998213766201161,11,210.0,-1.308851904248773,False
2022-03-19,hormuz,Strait of Hormuz,1,0,0.0,0.19333732100060838,0.0,1,12.0,-0.7386871344721867,False
2022-03-19,bosphorus,Turkish Straits (Bosphorus-Dardanelles),59,0,1.0,40.68208489542324,1.0,12,256.0,-0.535143027457894,False
2022-03-26,eastern_med,Eastern Mediterranean,419,102,127.0,361.04496902772905,97.26533296297276,43,1428.0,0.828952448673726,False
2022-03-26,bab_el_mandeb,Bab-el-Mandeb,110,66,84.0,50.94249920370975,38.22932564211286,13,334.0,1.0188105322199696,False
2022-03-26,black_sea,Black Sea,72,1,3.0,44.07768969952562,3.0,19,278.0,-0.2711863271142486,False
2022-03-26,gulf_of_aden,Gulf of Aden,197,89,160.0,124.41430136937362,95.42836105576417,20,589.0,1.465433429462689,False
2022-03-26,somali_basin,Somali Basin / Horn approaches,36,19,24.0,12.118904591789011,7.92589882099797,7,114.0,0.5092729860879804,False
2022-03-26,suez_canal,Suez Canal & Gulf of Suez,235,59,31.0,139.79768842516145,12.660711287902888,15,779.0,1.1985151554912505,False
2022-03-26,bosphorus,Turkish Straits (Bosphorus-Dardanelles),63,1,3.0,40.49116479223208,2.9567093511807627,13,249.0,-0.47006339568145245,False
2022-03-26,hormuz,Strait of Hormuz,3,0,1.0,1.4503814860937334,0.19333732100060838,3,13.0,-0.5291502622129182,False
2022-03-26,southern_red_sea,Southern Red Sea,187,88,157.0,120.65240219360167,102.53298403768997,16,578.0,1.9244685130865502,False
2022-03-26,gulf_of_oman,Gulf of Oman,2,0,1.0,0.5881872492666393,0.26869521049402056,2,16.0,-0.9524749807512296,False
2022-03-26,persian_gulf,Persian Gulf,34,0,5.0,24.40417619279168,3.1017066197420213,12,200.0,-1.0014236244423096,False
2022-04-02,hormuz,Strait of Hormuz,7,0,0.0,2.223730770096167,0.0,3,14.0,0.04071296820223041,False
2022-04-02,bab_el_mandeb,Bab-el-Mandeb,123,27,92.0,67.00854277337413,50.252995191602885,10,377.0,2.3940684851884515,True
2022-04-02,persian_gulf,Persian Gulf,33,1,4.0,24.2910743170058,1.307839523877267,14,161.0,-1.059093226352734,False
2022-04-02,eastern_med,Eastern Mediterranean,341,61,121.0,276.76836263531504,84.91333252623966,41,1454.0,-0.8042009266562593,False
2022-04-02,suez_canal,Suez Canal & Gulf of Suez,192,14,44.0,121.11817529142357,24.210906925297373,13,809.0,-0.5728449115091083,False
2022-04-02,black_sea,Black Sea,74,0,2.0,48.78173185322238,2.0,16,276.0,0.11702842464081935,False
2022-04-02,southern_red_sea,Southern Red Sea,158,37,123.0,96.02482463408163,79.52921397154458,13,593.0,0.4580671085928495,False
2022-04-02,gulf_of_aden,Gulf of Aden,165,37,123.0,112.70945834182848,80.49767943835778,16,607.0,0.30474064718594773,False
2022-04-02,bosphorus,Turkish Straits (Bosphorus-Dardanelles),70,0,1.0,49.86113563431609,1.0,13,249.0,0.9055436169197547,False
2022-04-02,gulf_of_oman,Gulf of Oman,2,1,1.0,0.5881872492666393,0.26869521049402056,2,14.0,-0.7395099728874519,False
2022-04-02,somali_basin,Somali Basin / Horn approaches,47,6,33.0,13.334757077910599,8.924206007820764,6,134.0,2.209363170351291,True
2022-04-09,bosphorus,Turkish Straits (Bosphorus-Dardanelles),48,0,0.0,30.953771867787726,0.0,9,240.0,-3.3382432392693153,False
2022-04-09,eastern_med,Eastern Mediterranean,502,66,167.0,428.96282882902676,122.579525368033,39,1599.0,2.9454946785464333,True
2022-04-09,gulf_of_oman,Gulf of Oman,3,5,1.0,0.8568824597606599,0.26869521049402056,2,15.0,-0.3230811713779821,False
2022-04-09,suez_canal,Suez Canal & Gulf of Suez,318,29,55.0,196.36974670331625,29.204304958994967,15,934.0,4.071428571428529,True
2022-04-09,bab_el_mandeb,Bab-el-Mandeb,119,45,93.0,59.789056528353605,46.958928286188865,12,408.0,1.5165852575163574,False
2022-04-09,gulf_of_aden,Gulf of Aden,148,50,115.0,107.68512053331621,81.64378803633423,19,599.0,-0.1580138663095467,False
2022-04-09,persian_gulf,Persian Gulf,60,7,11.0,40.693031295763355,7.321039370335839,15,157.0,0.012242436170985046,False
2022-04-09,southern_red_sea,Southern Red Sea,133,46,110.0,79.1775295125963,67.4566309628499,15,578.0,-0.5057809853293361,False
2022-04-09,hormuz,Strait of Hormuz,6,0,0.0,2.0303934490955586,0.0,3,17.0,-0.08145165662718318,False
2022-04-09,somali_basin,Somali Basin / Horn approaches,46,5,31.0,13.474548003284543,8.307163011500297,7,151.0,1.4270075177360455,False
2022-04-09,black_sea,Black Sea,59,0,1.0,34.0488975205807,0.2747091556470466,19,270.0,-2.2222869576257414,False
2022-04-16,persian_gulf,Persian Gulf,72,8,10.0,45.52861674065936,4.330861259187371,18,199.0,0.5163213766835465,False
2022-04-16,southern_red_sea,Southern Red Sea,114,21,99.0,81.57912352304378,71.09068067111018,14,592.0,-1.2508407976827725,False
2022-04-16,gulf_of_oman,Gulf of Oman,2,0,1.0,0.5881872492666393,0.26869521049402056,2,9.0,-0.6594057559046973,False
2022-04-16,hormuz,Strait of Hormuz,8,0,0.0,2.417068091096775,0.0,3,24.0,0.09621985010990024,False
2022-04-16,gulf_of_aden,Gulf of Aden,117,21,101.0,77.50471534040402,66.17507876597548,16,627.0,-1.175081962825257,False
2022-04-16,india_west_coast,India West Coast corridor,1,0,0.0,1.0,0.0,1,6.0,-0.724568837309472,False
2022-04-16,somali_basin,Somali Basin / Horn approaches,33,1,30.0,9.428655717904082,8.148619468000526,6,162.0,-0.2610486878830877,False
2022-04-16,arabian_sea,Arabian Sea (open),1,0,0.0,0.7111250849101136,0.0,1,6.0,-0.9354143466934853,False
2022-04-16,eastern_med,Eastern Mediterranean,523,106,197.0,436.3343687870286,145.80366292827028,46,1785.0,2.4746040683643686,True
2022-04-16,black_sea,Black Sea,68,1,4.0,41.16472718648478,2.8610136252133467,19,273.0,-0.33322756359138284,False
2022-04-16,suez_canal,Suez Canal & Gulf of Suez,312,32,68.0,188.49611881476153,37.387282393512386,17,1057.0,2.0061195450996174,True
2022-04-16,bab_el_mandeb,Bab-el-Mandeb,96,17,84.0,53.04997628126714,47.5718507270917,11,448.0,0.13717463530039603,False
2022-04-16,bosphorus,Turkish Straits (Bosphorus-Dardanelles),60,1,3.0,41.689538704804804,2.281055683021475,13,241.0,-0.3518954523103709,False
2022-04-23,bosphorus,Turkish Straits (Bosphorus-Dardanelles),64,0,0.0,43.874748178519404,0.0,12,242.0,0.24010429651807572,False
2022-04-23,hormuz,Strait of Hormuz,3,0,0.0,0.6437188070943418,0.0,2,24.0,-0.5851421232041205,False
2022-04-23,black_sea,Black Sea,80,0,2.0,49.97190022019613,0.5363954237464995,20,281.0,1.290610648029028,False
2022-04-23,northern_red_sea,Northern & Central Red Sea,1,0,0.0,1.0,0.0,1,15.0,-0.4595725150090289,False
2022-04-23,bab_el_mandeb,Bab-el-Mandeb,116,19,81.0,63.23046278882288,44.732371969796105,14,454.0,0.9522675903479692,False
2022-04-23,suez_canal,Suez Canal & Gulf of Suez,186,15,43.0,115.41147555287647,17.823249992244094,13,1008.0,-0.7505968979868491,False
2022-04-23,persian_gulf,Persian Gulf,61,5,11.0,45.954561886539466,4.9782866396725085,13,226.0,0.5526618743676874,False
2022-04-23,eastern_med,Eastern Mediterranean,445,101,217.0,347.23086378339303,142.5773935591456,40,1811.0,0.6241534689875176,False
2022-04-23,somali_basin,Somali Basin / Horn approaches,43,10,35.0,12.272588505084872,9.640613322101608,7,169.0,1.0246950765959495,False
2022-04-23,southern_red_sea,Southern Red Sea,176,35,110.0,124.27477533616643,71.43405770079598,17,581.0,1.3164434829553728,False
2022-04-23,gulf_of_oman,Gulf of Oman,2,2,2.0,0.5373904209880411,0.5373904209880411,1,9.0,-0.5356709062830052,False
2022-04-23,gulf_of_aden,Gulf of Aden,188,36,120.0,122.67462197183337,80.87607719100532,22,618.0,1.2361439817744362,False
2022-04-30,persian_gulf,Persian Gulf,45,18,8.0,26.251614751614596,3.403607250483131,12,238.0,-0.46062386900528024,False
2022-04-30,eastern_med,Eastern Mediterranean,330,102,134.0,264.32575762444446,90.8150048761472,43,1800.0,-0.9417055065041411,False
2022-04-30,bosphorus,Turkish Straits (Bosphorus-Dardanelles),53,1,2.0,38.675864470220056,2.0,16,225.0,-1.1616030040379455,False
2022-04-30,hormuz,Strait of Hormuz,8,2,2.0,1.6741122561899002,0.51408833018625,2,25.0,1.3798929225167946,False
2022-04-30,gulf_of_aden,Gulf of Aden,134,27,117.0,82.10245182995969,70.8920286163537,13,587.0,-0.47781955146171434,False
2022-04-30,bab_el_mandeb,Bab-el-Mandeb,83,26,73.0,49.85416775779621,44.13386427890724,7,414.0,-0.6720102263811931,False
2022-04-30,southern_red_sea,Southern Red Sea,129,27,115.0,89.56771534983741,80.02816648522278,10,552.0,-0.5405758778738671,False
2022-04-30,suez_canal,Suez Canal & Gulf of Suez,168,33,28.0,101.06877739163319,10.750055776173186,14,984.0,-0.922992212275689,False
2022-04-30,somali_basin,Somali Basin / Horn approaches,42,19,37.0,11.627083944097205,10.593252385418989,5,164.0,0.7144663026424838,False
2022-04-30,black_sea,Black Sea,59,1,2.0,40.068191042684546,2.0,20,266.0,-1.5817808320623414,False
2022-05-07,bosphorus,Turkish Straits (Bosphorus-Dardanelles),50,0,0.0,32.51410351467112,0.0,11,227.0,-1.3606725085136944,False
2022-05-07,eastern_med,Eastern Mediterranean,539,162,248.0,432.701389730883,170.58069544688078,39,1837.0,1.7123725511793875,False
2022-05-07,bab_el_mandeb,Bab-el-Mandeb,104,21,86.0,60.25217341090695,49.129500811569045,10,399.0,0.22533887592545732,False
2022-05-07,suez_canal,Suez Canal & Gulf of Suez,247,15,32.0,150.65452532626884,14.780620315871555,15,913.0,0.38673009686033594,False
2022-05-07,persian_gulf,Persian Gulf,75,6,4.0,48.50448214694424,1.529680855570707,14,253.0,1.5368543283924865,False
2022-05-07,hormuz,Strait of Hormuz,11,0,0.0,3.8674495771905084,0.0,3,30.0,2.271971618848932,True
2022-05-07,gulf_of_aden,Gulf of Aden,172,30,150.0,106.85408437704946,89.1008528690144,17,611.0,0.6351910111860651,False
2022-05-07,gulf_of_oman,Gulf of Oman,4,0,0.0,1.1763744985332787,0.0,2,11.0,0.416632927109004,False
2022-05-07,southern_red_sea,Southern Red Sea,159,28,142.0,110.4801614804342,101.61775294083994,12,578.0,0.5308175063319306,False
2022-05-07,black_sea,Black Sea,59,0,3.0,35.73248063505939,2.0184404791938575,19,266.0,-1.194681400402892,False
2022-05-07,somali_basin,Somali Basin / Horn approaches,52,6,37.0,17.55617823198475,10.555465221813266,6,170.0,1.6678192361782371,False
2022-05-14,black_sea,Black Sea,80,0,2.0,50.68276871122505,0.4961802592107113,16,278.0,1.6397061821058716,False
2022-05-14,somali_basin,Somali Basin / Horn approaches,51,7,37.0,14.092431352629477,10.32009109559812,6,188.0,1.1455304206006396,False
2022-05-14,hormuz,Strait of Hormuz,2,0,1.0,1.348719492205257,1.0,2,24.0,-1.1693059577220273,False
2022-05-14,gulf_of_aden,Gulf of Aden,143,31,117.0,97.0742522125515,76.8608893282923,17,637.0,-0.22489978658988233,False
2022-05-14,suez_canal,Suez Canal & Gulf of Suez,214,28,29.0,128.37517282850612,11.274950037332703,15,815.0,-0.29013086232770174,False
2022-05-14,bab_el_mandeb,Bab-el-Mandeb,98,22,79.0,58.58750171774287,43.99494683553213,13,401.0,-0.12863134623812067,False
2022-05-14,gulf_of_oman,Gulf of Oman,3,4,2.0,0.8568824597606599,0.5881872492666393,2,11.0,-0.059518989587000574,False
2022-05-14,persian_gulf,Persian Gulf,63,4,10.0,39.94541777387432,5.500654187491306,15,244.0,0.6499894912979838,False
2022-05-14,india_west_coast,India West Coast corridor,2,0,2.0,2.0,2.0,1,6.0,1.20761472884912,False
2022-05-14,eastern_med,Eastern Mediterranean,501,113,214.0,394.20207522016585,137.64211822754595,38,1815.0,0.82460626260853,False
2022-05-14,bosphorus,Turkish Straits (Bosphorus-Dardanelles),67,0,1.0,48.878257022469924,0.41065352610519723,9,234.0,1.1440231109625965,False
2022-05-14,southern_red_sea,Southern Red Sea,132,28,111.0,93.03379916381047,78.85571577854938,15,596.0,-0.41102920919623215,False
2022-05-14,arabian_sea,Arabian Sea (open),2,0,2.0,1.4222501698202272,1.4222501698202272,1,6.0,0.9354143466934853,False
2022-05-21,arabian_sea,Arabian Sea (open),1,0,0.0,0.7111250849101136,0.0,1,5.0,-0.9354143466934853,False
2022-05-21,persian_gulf,Persian Gulf,52,2,3.0,35.2795802975614,2.3497368919373214,13,235.0,-0.2082882696280315,False
2022-05-21,hormuz,Strait of Hormuz,2,0,0.0,1.257044165093125,0.0,2,23.0,-1.283377895839496,False
2022-05-21,somali_basin,Somali Basin / Horn approaches,53,14,34.0,16.22450070080164,9.711097010263341,6,198.0,1.3778155153338627,False
2022-05-21,gulf_of_oman,Gulf of Oman,6,3,3.0,1.6629680912427216,0.8060856314820617,2,15.0,1.3395863262304992,False
2022-05-21,suez_canal,Suez Canal & Gulf of Suez,235,18,38.0,143.76499137029745,16.682824606590493,19,864.0,0.01778357485073942,False
2022-05-21,india_west_coast,India West Coast corridor,1,0,0.0,1.0,0.0,1,5.0,-0.724568837309472,False
2022-05-21,eastern_med,Eastern Mediterranean,431,77,158.0,363.65211844683154,112.91548300771666,47,1801.0,-0.23483650077433996,False
2022-05-21,southern_red_sea,Southern Red Sea,164,33,140.0,117.41490860156834,102.17736081081695,13,584.0,0.6098393434075894,False
2022-05-21,bosphorus,Turkish Straits (Bosphorus-Dardanelles),50,0,0.0,35.837252749445234,0.0,9,220.0,-1.1516481458760366,False
2022-05-21,bab_el_mandeb,Bab-el-Mandeb,110,34,87.0,65.41054136201586,47.83235784054831,12,395.0,0.2875870384967324,False
2022-05-21,gulf_of_aden,Gulf of Aden,181,38,148.0,110.22602968458929,88.04634375163845,18,630.0,0.8400012703242443,False
2022-05-21,black_sea,Black Sea,55,0,1.0,35.08408196152909,0.3029804789059568,8,253.0,-1.528414512136671,False
2022-05-28,black_sea,Black Sea,79,0,1.0,45.16828188418803,0.3029804789059568,18,273.0,1.2049411631421538,False
2022-05-28,suez_canal,Suez Canal & Gulf of Suez,317,16,37.0,197.30165872456098,17.337301105717355,13,1013.0,1.4760367126113718,False
2022-05-28,persian_gulf,Persian Gulf,51,3,4.0,35.8684532423514,2.292034182538733,12,241.0,-0.4767235804617625,False
2022-05-28,hormuz,Strait of Hormuz,3,0,0.0,1.3866746420012168,0.0,2,18.0,-0.8790598635699197,False
2022-05-28,gulf_of_aden,Gulf of Aden,155,29,117.0,94.62781602675932,68.29971729802546,18,651.0,-0.04070868420493319,False
2022-05-28,bosphorus,Turkish Straits (Bosphorus-Dardanelles),66,0,0.0,43.14972356628151,0.0,11,233.0,0.9595062135874973,False
2022-05-28,bab_el_mandeb,Bab-el-Mandeb,100,21,74.0,62.891868522336814,45.820559999256176,12,412.0,-0.4545730608496738,False
2022-05-28,southern_red_sea,Southern Red Sea,147,22,111.0,109.91936980009628,85.02053157139646,15,602.0,0.06417076659661759,False
2022-05-28,eastern_med,Eastern Mediterranean,550,91,177.0,452.8471042347349,113.00373338764476,37,2021.0,1.225735649513499,False
2022-05-28,somali_basin,Somali Basin / Horn approaches,45,7,30.0,12.385181512220925,8.067217740247713,6,201.0,-0.13258554140349324,False
2022-05-28,gulf_of_oman,Gulf of Oman,2,1,1.0,0.5881872492666393,0.26869521049402056,2,15.0,-0.7071067811865459,False
2022-06-04,southern_red_sea,Southern Red Sea,173,36,158.0,126.55335992937201,118.56386849175999,15,616.0,1.3778914709295362,False
2022-06-04,eastern_med,Eastern Mediterranean,398,43,149.0,329.2910368389623,107.43405763936805,42,1880.0,-1.0917361309374527,False
2022-06-04,suez_canal,Suez Canal & Gulf of Suez,208,8,34.0,127.09391761455102,17.49284653842918,16,974.0,-0.69229721940197,False
2022-06-04,somali_basin,Somali Basin / Horn approaches,53,15,38.0,16.349209596084986,10.458971096121365,7,202.0,1.119343956358697,False
2022-06-04,persian_gulf,Persian Gulf,91,0,4.0,68.8584168461008,1.9709733319205993,15,257.0,3.009218435639049,True
2022-06-04,hormuz,Strait of Hormuz,8,0,0.0,3.4785581464662334,0.0,3,15.0,0.7770928126270501,False
2022-06-04,bab_el_mandeb,Bab-el-Mandeb,110,26,92.0,63.68316748956262,53.987211341365494,11,418.0,0.5771429587009345,False
2022-06-04,gulf_of_oman,Gulf of Oman,4,11,0.0,1.1763744985332787,0.0,2,15.0,0.7071067811865459,False
2022-06-04,black_sea,Black Sea,62,1,5.0,41.566030604925714,4.3029804789059565,16,276.0,-0.49726056826325565,False
2022-06-04,gulf_of_aden,Gulf of Aden,190,37,164.0,115.6864333845871,93.8462940018984,18,669.0,1.450956067016158,False
2022-06-04,bosphorus,Turkish Straits (Bosphorus-Dardanelles),54,1,3.0,37.63945120044918,3.0,11,237.0,-0.4129883778397093,False
2022-06-11,bab_el_mandeb,Bab-el-Mandeb,98,32,82.0,49.35090905970297,41.98879592831823,11,418.0,-0.3998814642288362,False
2022-06-11,persian_gulf,Persian Gulf,87,1,3.0,64.97849319980666,1.1799439636333857,15,281.0,1.5390457991336601,False
2022-06-11,suez_canal,Suez Canal & Gulf of Suez,182,29,26.0,112.47747090367103,11.697026301898395,17,942.0,-0.9871295681578923,False
2022-06-11,bosphorus,Turkish Straits (Bosphorus-Dardanelles),61,1,2.0,38.09585486541369,2.0,12,231.0,0.4218602869374024,False
2022-06-11,gulf_of_aden,Gulf of Aden,153,46,131.0,97.01566226205635,80.63139933338384,16,679.0,-0.259132339361675,False
2022-06-11,eastern_med,Eastern Mediterranean,379,123,123.0,300.1791791145501,85.3438852332946,42,1758.0,-1.1103171578881166,False
2022-06-11,gulf_of_oman,Gulf of Oman,9,4,4.0,2.672241035839176,1.0747808419760823,2,21.0,4.1404732239827915,True
2022-06-11,black_sea,Black Sea,69,1,3.0,43.06989954708676,2.1646761267550074,18,265.0,0.11875943750885898,False
2022-06-11,somali_basin,Somali Basin / Horn approaches,33,18,28.0,9.918477902576154,8.291677285108806,5,184.0,-1.9037567525099393,False
2022-06-11,southern_red_sea,Southern Red Sea,142,43,126.0,97.66302468118501,88.30078304665152,13,626.0,-0.32205186946264214,False
2022-06-11,hormuz,Strait of Hormuz,9,0,0.0,5.773349284002434,0.0,2,22.0,0.9635836496027002,False
2022-06-18,suez_canal,Suez Canal & Gulf of Suez,178,15,30.0,113.74359289830159,15.747849862667028,18,885.0,-0.8748732819805229,False
2022-06-18,gulf_of_oman,Gulf of Oman,3,1,1.0,0.8568824597606599,0.26869521049402056,2,18.0,-0.40824829046386285,False
2022-06-18,somali_basin,Somali Basin / Horn approaches,79,34,46.0,23.850779427112332,12.252273322479835,6,210.0,4.583118107894298,True
2022-06-18,southern_red_sea,Southern Red Sea,167,34,127.0,110.23536496852728,86.3266300361289,15,629.0,0.7931543519818244,False
2022-06-18,india_west_coast,India West Coast corridor,1,0,0.0,1.0,0.0,1,5.0,-0.724568837309472,False
2022-06-18,hormuz,Strait of Hormuz,5,0,0.0,1.9007629721874668,0.0,3,25.0,-0.2074434546695699,False
2022-06-18,bosphorus,Turkish Straits (Bosphorus-Dardanelles),70,0,2.0,46.82325477909836,2.0,11,251.0,1.6584830432887254,False
2022-06-18,black_sea,Black Sea,75,0,3.0,49.291628796790874,3.0,17,285.0,0.6763294764684816,False
2022-06-18,bab_el_mandeb,Bab-el-Mandeb,129,43,86.0,77.19101617639245,48.86255017755653,12,437.0,2.618224289207499,True
2022-06-18,persian_gulf,Persian Gulf,68,11,8.0,46.25125814603201,4.026650149235987,13,297.0,0.13905866574626183,False
2022-06-18,eastern_med,Eastern Mediterranean,392,62,143.0,321.295228274176,106.6954896477287,43,1719.0,-0.6972665903387245,False
2022-06-18,arabian_sea,Arabian Sea (open),1,0,0.0,0.7111250849101136,0.0,1,5.0,-0.9354143466934853,False
2022-06-18,gulf_of_aden,Gulf of Aden,184,53,134.0,130.31326438438205,89.52053573171833,18,682.0,0.9198230156749151,False
2022-06-25,hormuz,Strait of Hormuz,2,0,0.0,1.257044165093125,0.0,2,24.0,-1.1547005383792517,False
2022-06-25,black_sea,Black Sea,44,2,2.0,28.978493863418482,1.4778379633071252,13,250.0,-2.3632916877685273,False
2022-06-25,eastern_med,Eastern Mediterranean,346,90,150.0,280.5442511471717,106.24510103023185,41,1515.0,-1.1647495507856835,False
2022-06-25,bab_el_mandeb,Bab-el-Mandeb,80,18,73.0,45.47526709257548,42.84698458243355,11,417.0,-1.8134894216798911,False
2022-06-25,persian_gulf,Persian Gulf,54,8,10.0,36.35529587486738,5.5345070625052895,10,300.0,-0.7358399255541931,False
2022-06-25,gulf_of_oman,Gulf of Oman,6,4,4.0,1.6629680912427216,1.0747808419760823,2,22.0,0.7956372195976019,False
2022-06-25,bosphorus,Turkish Straits (Bosphorus-Dardanelles),40,2,2.0,28.936218430348475,2.0,9,225.0,-2.3261858252568888,False
2022-06-25,suez_canal,Suez Canal & Gulf of Suez,168,20,29.0,105.48152660299698,13.294618527863893,16,736.0,-1.044635548705158,False
2022-06-25,somali_basin,Somali Basin / Horn approaches,43,10,41.0,13.14135984247973,11.915508100572191,7,208.0,-0.602533817823318,False
2022-06-25,northern_red_sea,Northern & Central Red Sea,1,0,1.0,0.49561405823320354,0.49561405823320354,1,15.0,-0.3891558912470781,False
2022-06-25,gulf_of_aden,Gulf of Aden,153,29,134.0,94.75833230924962,82.83414777605043,18,680.0,-0.5338476098334628,False
2022-06-25,southern_red_sea,Southern Red Sea,139,26,129.0,93.44057518322668,87.36123318086968,15,621.0,-0.7639248887802604,False
2022-07-02,bab_el_mandeb,Bab-el-Mandeb,81,24,67.0,45.492269040428766,39.16403006674808,13,388.0,-1.6232600971927327,False
2022-07-02,gulf_of_oman,Gulf of Oman,5,0,1.0,1.8154419735283511,0.26869521049402056,3,23.0,0.16564728911226978,False
2022-07-02,hormuz,Strait of Hormuz,7,1,1.0,4.7711324952793746,0.257044165093125,3,23.0,0.4840347275623298,False
2022-07-02,bosphorus,Turkish Straits (Bosphorus-Dardanelles),58,0,0.0,36.238535909793214,0.0,18,229.0,0.07190768868981709,False
2022-07-02,southern_red_sea,Southern Red Sea,129,33,118.0,92.15458549258761,84.6924387951473,16,577.0,-1.6060711834986046,False
2022-07-02,persian_gulf,Persian Gulf,55,2,6.0,36.69713776040041,5.0350131633222786,14,264.0,-0.8092105596693696,False
2022-07-02,suez_canal,Suez Canal & Gulf of Suez,164,23,34.0,104.9941613845487,13.971444313969307,14,692.0,-1.1271746537880347,False
2022-07-02,eastern_med,Eastern Mediterranean,423,108,199.0,341.95621050608133,147.1499335588026,45,1540.0,-0.24442913578588144,False
2022-07-02,gulf_of_aden,Gulf of Aden,149,34,129.0,93.66721502741349,77.05093569971773,21,639.0,-0.9919032921962062,False
2022-07-02,somali_basin,Somali Basin / Horn approaches,37,13,29.0,12.108615706981302,8.73821169518313,7,192.0,-1.0713083553268454,False
2022-07-02,black_sea,Black Sea,68,0,1.0,43.695696426953745,0.26509440848991406,23,256.0,0.20735098015046463,False
2022-07-09,persian_gulf,Persian Gulf,33,2,3.0,23.428890960410467,2.2714995480459566,13,210.0,-2.0266309386294195,False
2022-07-09,eastern_med,Eastern Mediterranean,273,36,140.0,206.98893667519772,95.8360827845096,27,1434.0,-2.300740977969832,False
2022-07-09,black_sea,Black Sea,29,0,4.0,16.84993264895091,3.302980478905957,9,216.0,-3.0218361150951423,False
2022-07-09,suez_canal,Suez Canal & Gulf of Suez,99,5,15.0,58.8642845171749,7.456957693615791,12,609.0,-2.1690998982473415,False
2022-07-09,southern_red_sea,Southern Red Sea,132,30,127.0,99.56239154238105,95.91765772268337,13,567.0,-1.0216243133787846,False
2022-07-09,bab_el_mandeb,Bab-el-Mandeb,84,27,80.0,53.88579819481561,51.53263934504025,11,374.0,-1.0429538341092,False
2022-07-09,hormuz,Strait of Hormuz,4,0,0.0,1.6437188070943418,0.0,3,18.0,-0.25724787771376323,False
2022-07-09,bosphorus,Turkish Straits (Bosphorus-Dardanelles),24,0,3.0,15.350568454596575,3.0,7,192.0,-3.421336244271334,False
2022-07-09,somali_basin,Somali Basin / Horn approaches,44,18,42.0,12.987383706679273,12.606572180294247,5,203.0,-0.3728995227324021,False
2022-07-09,gulf_of_aden,Gulf of Aden,141,36,136.0,84.94756452293899,80.75557431309322,15,627.0,-1.2274756325774627,False
2022-07-09,gulf_of_oman,Gulf of Oman,5,5,4.0,1.394272880748701,1.0747808419760823,2,19.0,0.11101325894672144,False
2022-07-16,hormuz,Strait of Hormuz,4,0,0.0,1.7074256511868584,0.0,3,17.0,-0.36689969285267143,False
2022-07-16,black_sea,Black Sea,57,0,1.0,32.01082557152109,1.0,12,198.0,-0.18595567514989916,False
2022-07-16,somali_basin,Somali Basin / Horn approaches,49,27,44.0,14.672457996332362,12.94004026377923,6,173.0,0.04410173580791848,False
2022-07-16,eastern_med,Eastern Mediterranean,443,135,202.0,356.90477791473273,155.04503286012857,38,1485.0,0.5579270711168647,False
2022-07-16,persian_gulf,Persian Gulf,60,1,8.0,42.89797707816631,6.245310607544097,14,202.0,-0.07035276452840555,False
2022-07-16,southern_red_sea,Southern Red Sea,160,57,151.0,117.55186249776182,112.14038190626115,14,560.0,0.6487687245544106,False
2022-07-16,gulf_of_oman,Gulf of Oman,2,1,1.0,0.8569658572104948,0.26869521049402056,2,18.0,-1.403121520040228,False
2022-07-16,suez_canal,Suez Canal & Gulf of Suez,185,23,38.0,116.18248186571894,20.33697725354557,14,616.0,-0.14030884681074435,False
2022-07-16,bab_el_mandeb,Bab-el-Mandeb,106,49,97.0,64.255236521108,58.6737937954146,11,351.0,0.4086456124950933,False
2022-07-16,bosphorus,Turkish Straits (Bosphorus-Dardanelles),53,0,1.0,30.82756461451744,1.0,9,175.0,0.008354911565519405,False
2022-07-16,gulf_of_aden,Gulf of Aden,175,62,159.0,107.11488818165259,94.81337955064576,18,618.0,0.6296722794336614,False
2022-07-23,hormuz,Strait of Hormuz,3,7,1.0,2.257044165093125,0.257044165093125,2,18.0,-0.9025825017214731,False
2022-07-23,black_sea,Black Sea,53,4,2.0,30.25902582505309,1.2747091556470467,16,207.0,-0.4407546045910392,False
2022-07-23,bosphorus,Turkish Straits (Bosphorus-Dardanelles),46,0,1.0,27.196975700516553,0.2159169910087287,8,181.0,-0.48604110428664105,False
2022-07-23,somali_basin,Somali Basin / Horn approaches,49,13,38.0,15.167211132396693,10.17118255999035,7,179.0,0.08004055286004864,False
2022-07-23,southern_red_sea,Southern Red Sea,140,29,127.0,106.01589869001003,97.60709323762956,13,561.0,-0.528850432027988,False
2022-07-23,gulf_of_oman,Gulf of Oman,3,1,1.0,0.9076792880392581,0.26869521049402056,2,15.0,-0.6437963064592139,False
2022-07-23,bab_el_mandeb,Bab-el-Mandeb,86,20,76.0,54.56499035854617,47.19695435944669,10,357.0,-0.7432354875132043,False
2022-07-23,gulf_of_aden,Gulf of Aden,151,30,132.0,89.98989052341142,76.42903514720395,18,616.0,-0.6405858079172285,False
2022-07-23,persian_gulf,Persian Gulf,58,10,8.0,38.39305141722252,4.617883735391047,12,206.0,-0.22789129974239844,False
2022-07-23,suez_canal,Suez Canal & Gulf of Suez,190,14,23.0,119.76114944584427,10.286206634676883,18,638.0,0.03890838722115754,False
2022-07-23,eastern_med,Eastern Mediterranean,498,172,245.0,390.88106207065334,172.54010602248147,42,1637.0,1.2238141747702849,False
2022-07-30,persian_gulf,Persian Gulf,49,3,7.0,35.13271719190011,3.5373447900828303,13,200.0,-0.7596046262016459,False
2022-07-30,bab_el_mandeb,Bab-el-Mandeb,88,21,76.0,53.94422679187848,46.71921713260329,10,364.0,-0.5040426754996212,False
2022-07-30,gulf_of_aden,Gulf of Aden,147,26,127.0,90.46447358741192,74.9367796160435,15,614.0,-0.8221713113676842,False
2022-07-30,somali_basin,Somali Basin / Horn approaches,47,9,38.0,14.099039932007468,10.832267151200874,6,189.0,-0.09814724371299367,False
2022-07-30,black_sea,Black Sea,55,2,3.0,31.741623492277785,1.4679089359518012,15,194.0,-0.14131382261524683,False
2022-07-30,gulf_of_oman,Gulf of Oman,1,1,1.0,0.26869521049402056,0.26869521049402056,1,11.0,-1.6478488717291522,False
2022-07-30,southern_red_sea,Southern Red Sea,131,20,119.0,96.34563799752144,89.20785169601501,11,563.0,-1.009407757426233,False
2022-07-30,bosphorus,Turkish Straits (Bosphorus-Dardanelles),51,0,2.0,32.078017273757084,1.4106535261051971,11,174.0,0.01769347433347287,False
2022-07-30,suez_canal,Suez Canal & Gulf of Suez,202,25,63.0,132.27379587029736,43.74681419523614,13,676.0,0.9345848805157548,False
2022-07-30,eastern_med,Eastern Mediterranean,419,92,225.0,340.1331903824281,168.9526834223271,31,1633.0,0.37417771255578164,False
2022-08-06,northern_red_sea,Northern & Central Red Sea,1,1,0.0,1.0,0.0,1,15.0,-0.3891558912470781,False
2022-08-06,eastern_med,Eastern Mediterranean,626,141,295.0,520.4850145364036,226.56179916491195,42,1986.0,3.403053200095454,True
2022-08-06,gulf_of_oman,Gulf of Oman,1,0,0.0,0.3194920387726188,0.0,1,7.0,-1.274754878398196,False
2022-08-06,hormuz,Strait of Hormuz,3,4,0.0,1.51408833018625,0.0,2,14.0,-0.9025825017214731,False
2022-08-06,persian_gulf,Persian Gulf,51,4,2.0,33.529899563744316,0.6994737838746424,13,218.0,-0.45238693388237067,False
2022-08-06,southern_red_sea,Southern Red Sea,131,32,117.0,96.3232344362158,86.90617053462947,12,562.0,-0.8280946447965516,False
2022-08-06,suez_canal,Suez Canal & Gulf of Suez,322,76,100.0,202.36919593590164,72.69214088250729,17,899.0,4.7990950325361075,True
2022-08-06,black_sea,Black Sea,48,1,4.0,33.1122948719087,3.2747091556470465,11,213.0,-0.5530812566020379,False
2022-08-06,bab_el_mandeb,Bab-el-Mandeb,88,30,76.0,49.44032171604686,40.95109347372268,9,368.0,-0.359486813709167,False
2022-08-06,somali_basin,Somali Basin / Horn approaches,33,4,26.0,8.88803566648881,7.146181610562973,5,178.0,-1.053169122449723,False
2022-08-06,gulf_of_aden,Gulf of Aden,193,129,149.0,137.62658610128608,99.75849754663139,15,666.0,2.4525015350714114,True
2022-08-06,bosphorus,Turkish Straits (Bosphorus-Dardanelles),45,0,3.0,32.68984440078648,3.0,8,195.0,-0.3820018431050468,False
2022-08-13,gulf_of_oman,Gulf of Oman,7,0,2.0,2.084053786572537,0.5373904209880411,2,12.0,1.9647631199834374,False
2022-08-13,bab_el_mandeb,Bab-el-Mandeb,83,7,68.0,43.75109575194114,36.45817508521833,11,345.0,-0.5830459061991881,False
2022-08-13,somali_basin,Somali Basin / Horn approaches,30,2,23.0,8.37619974520699,6.214762219541196,6,159.0,-1.2692038142342816,False
2022-08-13,southern_red_sea,Southern Red Sea,145,8,130.0,104.69543740324059,96.35762651837493,13,547.0,0.26768508483706244,False
2022-08-13,bosphorus,Turkish Straits (Bosphorus-Dardanelles),39,0,2.0,22.84965517746231,1.221994108428945,10,181.0,-0.6960489933911981,False
2022-08-13,hormuz,Strait of Hormuz,4,0,0.0,4.0,0.0,1,14.0,-0.26869075062597,False
2022-08-13,suez_canal,Suez Canal & Gulf of Suez,177,8,26.0,112.01932331790957,10.73054229426701,11,891.0,-0.18462137348203106,False
2022-08-13,persian_gulf,Persian Gulf,69,10,13.0,46.89773075044979,7.928628423319992,11,227.0,1.5262023551314623,False
2022-08-13,gulf_of_aden,Gulf of Aden,174,22,141.0,108.05799014615079,80.58800686458878,17,665.0,0.6360357598484787,False
2022-08-13,eastern_med,Eastern Mediterranean,463,132,244.0,371.48515539142005,173.87517484433073,40,2006.0,0.3396323984263399,False
2022-08-13,black_sea,Black Sea,41,0,2.0,24.582115395233302,1.1463696493189162,13,197.0,-0.8902220726985411,False
2022-08-20,hormuz,Strait of Hormuz,4,0,0.0,1.084113626411731,0.0,2,14.0,0.0,False
2022-08-20,somali_basin,Somali Basin / Horn approaches,41,2,31.0,11.461395031200077,8.495711780190632,6,151.0,-0.06822210286372607,False
2022-08-20,eastern_med,Eastern Mediterranean,358,93,163.0,285.8981437889327,117.92221099348522,36,1866.0,-0.7529304564186182,False
2022-08-20,black_sea,Black Sea,35,0,2.0,18.599377502691976,1.2747091556470467,10,179.0,-1.2237604425744866,False
2022-08-20,bosphorus,Turkish Straits (Bosphorus-Dardanelles),34,0,0.0,19.146931205222874,0.0,7,169.0,-1.0011357187078629,False
2022-08-20,suez_canal,Suez Canal & Gulf of Suez,149,27,28.0,91.05205299869917,11.339437280819709,12,850.0,-0.6318731207712965,False
2022-08-20,southern_red_sea,Southern Red Sea,131,18,127.0,95.69605043502918,92.72976722999795,12,538.0,-0.7116037405918078,False
2022-08-20,gulf_of_aden,Gulf of Aden,163,20,134.0,106.45502051622967,80.62201062640519,15,677.0,0.1451350944598418,False
2022-08-20,bab_el_mandeb,Bab-el-Mandeb,90,9,78.0,45.85076044048971,41.79492118477326,9,349.0,0.36457014744087846,False
2022-08-20,gulf_of_oman,Gulf of Oman,3,2,3.0,0.8060856314820617,0.8060856314820617,1,12.0,-0.3240370349203929,False
2022-08-20,persian_gulf,Persian Gulf,42,3,6.0,30.752004913763884,4.686603083893989,12,211.0,-1.1216804724582854,False
2022-08-27,gulf_of_oman,Gulf of Oman,2,2,1.0,0.5373904209880411,0.26869521049402056,1,13.0,-0.6443571047419063,False
2022-08-27,bab_el_mandeb,Bab-el-Mandeb,114,58,93.0,65.21802823665296,54.0176313384727,12,375.0,3.31839028992244,True
2022-08-27,india_west_coast,India West Coast corridor,1,0,1.0,1.0,1.0,1,5.0,-0.724568837309472,False
2022-08-27,hormuz,Strait of Hormuz,2,0,0.0,0.4503814860937334,0.0,2,13.0,-1.2862393885688161,False
2022-08-27,somali_basin,Somali Basin / Horn approaches,51,45,40.0,14.931292625925083,11.349617697247439,6,155.0,1.3347758261311342,False
2022-08-27,southern_red_sea,Southern Red Sea,182,57,163.0,131.4600536027586,119.61532606466042,16,589.0,4.179841565547787,True
2022-08-27,black_sea,Black Sea,61,0,3.0,32.36626556684563,1.1453375280175262,14,185.0,1.0019555206998647,False
2022-08-27,persian_gulf,Persian Gulf,65,10,15.0,49.292005374975304,12.398947567749286,10,227.0,1.155626805327882,False
2022-08-27,arabian_sea,Arabian Sea (open),1,0,1.0,0.7111250849101136,0.7111250849101136,1,5.0,-0.724568837309472,False
2022-08-27,eastern_med,Eastern Mediterranean,404,69,199.0,340.99314910000857,154.45312027732984,37,1851.0,-0.3299026464078409,False
2022-08-27,northern_red_sea,Northern & Central Red Sea,1,0,1.0,0.49561405823320354,0.49561405823320354,1,4.0,-0.3891558912470781,False
2022-08-27,suez_canal,Suez Canal & Gulf of Suez,175,6,35.0,107.68544992678451,19.13559364001554,13,823.0,-0.17308659684001873,False
2022-08-27,bosphorus,Turkish Straits (Bosphorus-Dardanelles),55,0,1.0,31.92957879712767,1.0,12,173.0,1.0176338285456943,False
2022-08-27,gulf_of_aden,Gulf of Aden,194,64,168.0,117.60757444777428,96.89449198528025,19,724.0,1.8139217063997795,False
2022-09-03,hormuz,Strait of Hormuz,1,0,0.0,1.0,0.0,1,11.0,-1.9722337291388516,False
2022-09-03,gulf_of_aden,Gulf of Aden,200,65,172.0,122.52538359071684,102.27869606915829,19,731.0,1.618676709753904,False
2022-09-03,southern_red_sea,Southern Red Sea,187,34,167.0,134.97217906540297,122.65664183606611,16,645.0,2.3379037445795023,True
2022-09-03,bosphorus,Turkish Straits (Bosphorus-Dardanelles),52,0,4.0,39.05720727807243,3.2689610297146285,8,180.0,0.8181882094033972,False
2022-09-03,northern_red_sea,Northern & Central Red Sea,1,0,0.0,1.0,0.0,1,4.0,-0.3891558912470781,False
2022-09-03,persian_gulf,Persian Gulf,24,3,4.0,15.80807986046396,2.6994737838746423,10,200.0,-2.440814013591736,False
2022-09-03,bab_el_mandeb,Bab-el-Mandeb,120,58,102.0,74.25466214650606,63.52365271062507,13,407.0,2.4418984430437036,True
2022-09-03,black_sea,Black Sea,59,0,5.0,41.61779394768184,3.7195587276200626,12,196.0,1.0252998368875161,False
2022-09-03,suez_canal,Suez Canal & Gulf of Suez,212,18,45.0,128.13988311300022,22.550519637745037,13,713.0,0.39009540434723344,False
2022-09-03,eastern_med,Eastern Mediterranean,421,118,186.0,360.45267870684796,145.7331756823207,38,1646.0,-0.1403774736069493,False
2022-09-03,somali_basin,Somali Basin / Horn approaches,61,50,51.0,17.17685178441344,13.527269032918003,6,183.0,2.3073672577142372,True
2022-09-03,gulf_of_oman,Gulf of Oman,1,0,0.0,0.3194920387726188,0.0,1,13.0,-0.9660917830792951,False
2022-09-10,black_sea,Black Sea,51,1,3.0,31.773526241295958,2.302980478905957,11,206.0,-0.013675005318600999,False
2022-09-10,gulf_of_oman,Gulf of Oman,2,1,2.0,0.5881872492666393,0.5881872492666393,2,8.0,-0.24999999999999972,False
2022-09-10,eastern_med,Eastern Mediterranean,486,75,199.0,420.9811472637437,157.97665008484887,39,1669.0,0.3958165567962353,False
2022-09-10,gulf_of_aden,Gulf of Aden,219,46,184.0,140.71022892931384,112.78028130189055,18,776.0,2.213272997661729,True
2022-09-10,somali_basin,Somali Basin / Horn approaches,65,28,47.0,19.06346728446316,13.11538685264409,7,218.0,1.969470431923221,False
2022-09-10,bab_el_mandeb,Bab-el-Mandeb,122,34,96.0,60.79437170215566,49.52806578363379,10,446.0,1.7597951887759269,False
2022-09-10,southern_red_sea,Southern Red Sea,172,20,157.0,128.02592253867863,116.83396064788366,13,672.0,0.9194875694125136,False
2022-09-10,suez_canal,Suez Canal & Gulf of Suez,258,19,45.0,150.2218120627953,20.325370783556473,14,794.0,1.0818050606136786,False
2022-09-10,hormuz,Strait of Hormuz,1,1,1.0,1.0,1.0,1,8.0,-1.8872254020942636,False
2022-09-10,persian_gulf,Persian Gulf,18,2,6.0,11.904603714972609,3.529680855570707,8,149.0,-2.3784886084711205,False
2022-09-10,bosphorus,Turkish Straits (Bosphorus-Dardanelles),48,1,2.0,32.73120161396857,2.0,9,189.0,0.1529162248568787,False
2022-09-17,black_sea,Black Sea,49,0,3.0,26.861181952756258,1.386399560609509,14,220.0,-0.15570591669458664,False
2022-09-17,suez_canal,Suez Canal & Gulf of Suez,244,19,36.0,148.78250624602262,16.910594666948818,17,889.0,0.604356181855919,False
2022-09-17,southern_red_sea,Southern Red Sea,172,11,158.0,122.98205771139942,114.97310306645198,12,713.0,0.8169109578795863,False
2022-09-17,gulf_of_oman,Gulf of Oman,7,1,0.0,2.1856474431297332,0.0,2,12.0,2.2499999999999973,True
2022-09-17,bosphorus,Turkish Straits (Bosphorus-Dardanelles),43,0,3.0,28.394306287055986,1.8213070522103945,8,198.0,-0.46667280310152004,False
2022-09-17,hormuz,Strait of Hormuz,16,3,0.0,8.188200586376151,0.0,3,20.0,10.33751084327279,True
2022-09-17,persian_gulf,Persian Gulf,58,9,10.0,36.0314582887576,4.521188821984083,13,165.0,0.6011223859305957,False
2022-09-17,eastern_med,Eastern Mediterranean,484,75,208.0,408.5576067218784,152.91510572279046,43,1795.0,0.30238104604577326,False
2022-09-17,gulf_of_aden,Gulf of Aden,196,22,173.0,122.9705474903716,104.15046384347585,15,809.0,0.6232940491355006,False
2022-09-17,bab_el_mandeb,Bab-el-Mandeb,118,21,101.0,58.32288529380605,50.071649366276105,10,474.0,1.1479633787427932,False
2022-09-17,somali_basin,Somali Basin / Horn approaches,56,14,43.0,16.6824387778106,12.085882529436777,6,233.0,0.720917012226601,False
2022-09-24,southern_red_sea,Southern Red Sea,169,29,149.0,123.1699072407725,110.03532786984863,13,700.0,0.5188921296966906,False
2022-09-24,black_sea,Black Sea,54,0,1.0,31.860965719129823,1.0,17,213.0,0.4701418965830895,False
2022-09-24,eastern_med,Eastern Mediterranean,471,63,185.0,410.9014435128962,147.96859182516127,40,1862.0,0.1658711686445304,False
2022-09-24,hormuz,Strait of Hormuz,5,0,0.0,1.0303934490955586,0.0,2,23.0,0.1533214358351994,False
2022-09-24,gulf_of_oman,Gulf of Oman,3,103,0.0,0.8060856314820617,0.0,1,13.0,0.0,False
2022-09-24,gulf_of_aden,Gulf of Aden,194,32,156.0,118.59708909169662,90.4566215384829,17,809.0,0.359253933682452,False
2022-09-24,bab_el_mandeb,Bab-el-Mandeb,108,26,86.0,59.20832310932193,45.51437020385899,11,468.0,0.30207781799903,False
2022-09-24,persian_gulf,Persian Gulf,71,3,10.0,46.75665634817708,5.027847942244686,16,171.0,1.3115397511212998,False
2022-09-24,suez_canal,Suez Canal & Gulf of Suez,262,21,46.0,162.42746392177241,22.073121188211708,13,976.0,0.802008563620814,False
2022-09-24,bosphorus,Turkish Straits (Bosphorus-Dardanelles),48,0,1.0,30.335923494637562,1.0,11,191.0,0.30100452864198657,False
2022-09-24,somali_basin,Somali Basin / Horn approaches,46,9,28.0,14.28728167459623,7.4266244586184165,7,228.0,-0.15741270934059529,False
2022-10-01,gulf_of_aden,Gulf of Aden,144,46,114.0,105.36944656390973,82.15557511679089,17,753.0,-2.8303873790052,False
2022-10-01,bab_el_mandeb,Bab-el-Mandeb,105,39,85.0,59.213097161584116,49.00227535006985,11,453.0,-0.02358353973180272,False
2022-10-01,persian_gulf,Persian Gulf,77,4,9.0,50.8631767785937,7.114577319722675,16,224.0,1.34919413420262,False
2022-10-01,suez_canal,Suez Canal & Gulf of Suez,311,25,53.0,189.93266612052398,24.57975919046431,16,1075.0,1.5032554053267666,False
2022-10-01,black_sea,Black Sea,59,0,4.0,32.857719785469605,1.5327692099284254,17,213.0,1.0635496537121236,False
2022-10-01,southern_red_sea,Southern Red Sea,121,40,102.0,82.185539531557,69.10018511182732,14,634.0,-1.7998845674603519,False
2022-10-01,bosphorus,Turkish Straits (Bosphorus-Dardanelles),52,0,4.0,32.893170669257785,2.0433011606393396,11,191.0,0.952474980751209,False
2022-10-01,hormuz,Strait of Hormuz,15,0,0.0,5.511168384284851,0.0,3,37.0,2.1561763345195515,True
2022-10-01,gulf_of_oman,Gulf of Oman,4,0,0.0,1.227171326811877,0.0,2,16.0,0.30802519064565004,False
2022-10-01,eastern_med,Eastern Mediterranean,594,93,268.0,506.6090574274554,200.27566390920623,41,2035.0,1.6406881201588317,False
2022-10-01,somali_basin,Somali Basin / Horn approaches,56,33,45.0,16.20403485562345,13.069160525028675,6,223.0,0.6386771713350915,False
2022-10-08,suez_canal,Suez Canal & Gulf of Suez,339,26,67.0,205.15672359108558,36.25244752073426,14,1156.0,2.1114483130786343,True
2022-10-08,bosphorus,Turkish Straits (Bosphorus-Dardanelles),41,0,1.0,26.655124189433614,1.0,7,184.0,-0.7475636882890563,False
2022-10-08,eastern_med,Eastern Mediterranean,610,129,245.0,516.6707995654883,190.94076137622167,37,2159.0,2.1379921013944667,True
2022-10-08,black_sea,Black Sea,44,0,1.0,26.712826079930814,1.0,10,206.0,-0.7715999560306944,False
2022-10-08,bab_el_mandeb,Bab-el-Mandeb,96,38,64.0,48.94993422667625,34.493112182979246,12,427.0,-0.8040357353296876,False
2022-10-08,somali_basin,Somali Basin / Horn approaches,66,20,40.0,20.47312841859576,11.449674961683328,7,224.0,1.3364124940904023,False
2022-10-08,persian_gulf,Persian Gulf,67,8,5.0,46.969068533984775,2.656249603305557,14,273.0,0.6250284731555227,False
2022-10-08,gulf_of_aden,Gulf of Aden,116,46,74.0,95.01790920118356,60.230722709474655,18,650.0,-2.9264779257061644,False
2022-10-08,hormuz,Strait of Hormuz,17,2,2.0,6.768212549377975,0.4503814860937334,3,53.0,1.8189540263569062,False
2022-10-08,gulf_of_oman,Gulf of Oman,6,0,1.0,1.8153585760785163,0.26869521049402056,2,20.0,1.0490994977110417,False
2022-10-08,southern_red_sea,Southern Red Sea,78,35,57.0,47.9769909737268,35.69734627403439,14,540.0,-3.354987421955731,False
2022-10-15,persian_gulf,Persian Gulf,56,2,5.0,34.53111898899694,2.4514435116793427,16,271.0,0.14636203597377248,False
2022-10-15,bab_el_mandeb,Bab-el-Mandeb,99,52,76.0,60.59825639757398,48.97017595560908,11,408.0,-0.8724026809661132,False
2022-10-15,bosphorus,Turkish Straits (Bosphorus-Dardanelles),47,4,4.0,34.80896040884451,3.9567093511807627,10,188.0,0.05413665873628531,False
2022-10-15,eastern_med,Eastern Mediterranean,605,73,203.0,526.615653702934,159.87678429714228,41,2280.0,1.4382430861183815,False
2022-10-15,suez_canal,Suez Canal & Gulf of Suez,372,15,60.0,223.5304545107913,32.92062128649362,17,1284.0,1.997939874536837,False
2022-10-15,gulf_of_oman,Gulf of Oman,11,3,6.0,3.108037800270021,1.6121712629641234,2,24.0,3.6228441865473573,True
2022-10-15,southern_red_sea,Southern Red Sea,98,72,76.0,64.78543041151792,52.57523579891298,14,466.0,-1.4091499803062209,False
2022-10-15,gulf_of_aden,Gulf of Aden,121,75,92.0,93.88486720678458,71.30576313719368,17,575.0,-1.6701033904013618,False
2022-10-15,black_sea,Black Sea,60,4,6.0,36.3946108011453,5.2691918850732495,18,217.0,0.9642030387838203,False
2022-10-15,hormuz,Strait of Hormuz,4,0,0.0,3.257044165093125,0.0,2,41.0,-0.5112847329548899,False
2022-10-15,somali_basin,Somali Basin / Horn approaches,63,32,48.0,19.258647701788984,14.152397828475753,6,231.0,0.8731280974313088,False
2022-10-22,persian_gulf,Persian Gulf,92,22,15.0,62.98201499491459,11.735813759705954,18,292.0,1.7213947483336285,False
2022-10-22,suez_canal,Suez Canal & Gulf of Suez,276,28,48.0,166.51699856597455,25.01363175920381,12,1298.0,0.066720479728519,False
2022-10-22,gulf_of_aden,Gulf of Aden,87,32,58.0,66.33445292872277,44.23259845959416,16,468.0,-2.1645435705428273,False
2022-10-22,hormuz,Strait of Hormuz,20,15,2.0,10.447461540192334,0.38667464200121676,4,56.0,1.7454202952597966,False
2022-10-22,bab_el_mandeb,Bab-el-Mandeb,68,23,47.0,39.92045901110831,26.097054585657794,10,368.0,-4.3201660791520915,False
2022-10-22,somali_basin,Somali Basin / Horn approaches,40,13,26.0,12.446947560164505,7.4357920040584045,6,225.0,-2.5528888301902692,False
2022-10-22,bosphorus,Turkish Straits (Bosphorus-Dardanelles),46,1,5.0,26.730150697464058,4.811340582323748,11,186.0,-0.4773823317585392,False
2022-10-22,gulf_of_oman,Gulf of Oman,18,8,2.0,5.743854837031936,0.5373904209880411,3,39.0,4.044226654228127,True
2022-10-22,southern_red_sea,Southern Red Sea,67,20,44.0,42.7983091512926,29.46062839584968,12,364.0,-1.90999140033512,False
2022-10-22,eastern_med,Eastern Mediterranean,507,74,214.0,429.9387257752553,158.53310369772885,35,2316.0,-0.028678497373661647,False
2022-10-22,black_sea,Black Sea,50,1,7.0,28.29794455256811,6.536328439465002,16,213.0,-0.7504504210863244,False
2022-10-29,gulf_of_oman,Gulf of Oman,17,22,5.0,4.7710058915127425,1.3434760524701028,2,52.0,1.8644976136620162,False
2022-10-29,hormuz,Strait of Hormuz,12,0,0.0,5.801525944374934,0.0,3,53.0,0.27022573210067263,False
2022-10-29,gulf_of_aden,Gulf of Aden,122,81,85.0,97.38435931124529,67.43456936056009,15,446.0,-0.7732385523426979,False
2022-10-29,persian_gulf,Persian Gulf,62,0,4.0,42.077327770482896,1.464314211659996,15,277.0,0.16220854234849708,False
2022-10-29,bosphorus,Turkish Straits (Bosphorus-Dardanelles),32,0,0.0,17.1017243459373,0.0,5,166.0,-3.9075848434421423,False
2022-10-29,bab_el_mandeb,Bab-el-Mandeb,108,74,80.0,66.85558957953502,52.934290916637096,11,371.0,0.19851239033785045,False
2022-10-29,suez_canal,Suez Canal & Gulf of Suez,291,37,48.0,177.29554277369547,24.840601094458815,15,1278.0,0.12787164410404314,False
2022-10-29,black_sea,Black Sea,37,0,0.0,18.59243013210977,0.0,8,191.0,-2.825705439549669,False
2022-10-29,eastern_med,Eastern Mediterranean,504,99,202.0,439.4136746364838,159.74820161513324,40,2226.0,-0.255969109302601,False
2022-10-29,southern_red_sea,Southern Red Sea,102,73,78.0,62.39999589204453,47.94142693287415,11,345.0,-0.648330484317817,False
2022-10-29,somali_basin,Somali Basin / Horn approaches,74,55,56.0,23.032112366525052,16.923096691147954,6,243.0,1.864518479113399,False
2022-11-05,eastern_med,Eastern Mediterranean,409,76,193.0,353.2240942923106,157.5128220293621,31,2025.0,-2.0768042199980146,False
2022-11-05,gulf_of_aden,Gulf of Aden,121,46,67.0,99.35103045174726,51.39558536413786,15,451.0,-0.611680131375031,False
2022-11-05,black_sea,Black Sea,42,2,2.0,22.289275088560412,2.0,11,189.0,-1.121643694367486,False
2022-11-05,india_west_coast,India West Coast corridor,1,0,1.0,1.0,1.0,1,4.0,-0.724568837309472,False
2022-11-05,persian_gulf,Persian Gulf,47,5,4.0,33.779466270980585,2.7648404277853533,14,257.0,-0.7289864672841465,False
2022-11-05,suez_canal,Suez Canal & Gulf of Suez,212,22,46.0,131.45644459520938,22.28158619819094,14,1151.0,-1.8665547490286958,False
2022-11-05,gulf_of_oman,Gulf of Oman,12,7,2.0,3.275139354206845,0.5373904209880411,2,58.0,0.5635535401295894,False
2022-11-05,bab_el_mandeb,Bab-el-Mandeb,102,33,56.0,62.35064404672313,33.36338666401274,11,377.0,-0.06022410651210486,False
2022-11-05,arabian_sea,Arabian Sea (open),1,0,1.0,0.7111250849101136,0.7111250849101136,1,4.0,-0.724568837309472,False
2022-11-05,hormuz,Strait of Hormuz,4,1,0.0,1.7074256511868584,0.0,3,40.0,-1.0349602162399372,False
2022-11-05,somali_basin,Somali Basin / Horn approaches,69,25,29.0,24.87716285319329,9.164740908524017,7,246.0,0.9645454375469183,False
2022-11-05,bosphorus,Turkish Straits (Bosphorus-Dardanelles),34,2,1.0,20.796145558198255,1.0,5,159.0,-1.7437961222071665,False
2022-11-05,southern_red_sea,Southern Red Sea,104,42,60.0,57.75210245168186,35.14055490443264,12,371.0,-0.4240153886322866,False
2022-11-12,gulf_of_oman,Gulf of Oman,15,6,2.0,4.2844122988033,0.5373904209880411,2,62.0,0.920910920272381,False
2022-11-12,india_west_coast,India West Coast corridor,3,0,2.0,3.0,2.0,1,6.0,3.780432074071252,True
2022-11-12,southern_red_sea,Southern Red Sea,101,286,76.0,59.735358452665785,47.284231898263,12,374.0,-0.333339068853296,False
2022-11-12,eastern_med,Eastern Mediterranean,409,95,163.0,348.0875006421963,123.3856536441463,33,1829.0,-1.564393155271119,False
2022-11-12,black_sea,Black Sea,41,10,5.0,25.904926873326463,2.8048979726268746,16,170.0,-1.0288056769825793,False
2022-11-12,hormuz,Strait of Hormuz,16,8,1.0,7.190417375099209,0.19333732100060838,3,52.0,0.6798634543169235,False
2022-11-12,gulf_of_aden,Gulf of Aden,122,294,88.0,98.21854615948666,66.49548039929722,14,452.0,-0.40432481324172814,False
2022-11-12,bosphorus,Turkish Straits (Bosphorus-Dardanelles),37,6,2.0,24.660899855684715,2.0,11,149.0,-0.846881214933808,False
2022-11-12,persian_gulf,Persian Gulf,58,28,4.0,41.62741448651831,2.6994737838746423,14,259.0,-0.5911196513771313,False
2022-11-12,arabian_sea,Arabian Sea (open),3,0,2.0,2.133375254730341,1.4222501698202272,1,6.0,3.7804320740712516,True
2022-11-12,bab_el_mandeb,Bab-el-Mandeb,99,43,71.0,59.95853892338296,45.30187432974964,11,377.0,-0.10179313388074449,False
2022-11-12,somali_basin,Somali Basin / Horn approaches,64,21,44.0,20.63880315360831,12.969542021067163,6,247.0,0.4536518488885489,False
2022-11-12,suez_canal,Suez Canal & Gulf of Suez,230,26,38.0,145.89549200062348,18.284111156990658,12,1009.0,-1.128638481210891,False
2022-11-19,black_sea,Black Sea,55,5,5.0,33.22401584125136,3.4600361453201156,16,175.0,0.764352411512513,False
2022-11-19,arabian_sea,Arabian Sea (open),1,0,0.0,0.7111250849101136,0.0,1,6.0,-0.5040161287741853,False
2022-11-19,suez_canal,Suez Canal & Gulf of Suez,198,13,37.0,124.65782238993994,20.272818953993347,13,931.0,-1.6522542696870732,False
2022-11-19,bosphorus,Turkish Straits (Bosphorus-Dardanelles),49,5,4.0,33.79643961391858,4.0,12,152.0,0.9496480115422773,False
2022-11-19,gulf_of_aden,Gulf of Aden,103,44,76.0,78.57191988794256,57.886960754629285,18,468.0,-0.8260187302256509,False
2022-11-19,somali_basin,Somali Basin / Horn approaches,60,24,47.0,18.230630661647325,13.382814402963978,6,267.0,0.02146552644818508,False
2022-11-19,eastern_med,Eastern Mediterranean,504,122,281.0,388.21428316496025,185.78233563983534,40,1826.0,-0.11630093118246308,False
2022-11-19,india_west_coast,India West Coast corridor,1,0,0.0,1.0,0.0,1,6.0,-0.5040161287741853,False
2022-11-19,persian_gulf,Persian Gulf,65,3,8.0,43.93205547179242,5.464314211659996,14,232.0,-0.08956358354198958,False
2022-11-19,bab_el_mandeb,Bab-el-Mandeb,90,33,66.0,59.41495719824974,45.32544150146931,13,399.0,-0.6282277600529298,False
2022-11-19,gulf_of_oman,Gulf of Oman,13,5,2.0,3.5438345647008656,0.5373904209880411,2,57.0,0.3846615517498105,False
2022-11-19,southern_red_sea,Southern Red Sea,87,30,63.0,60.521891869851494,43.312136707999706,15,394.0,-0.5862050525510346,False
2022-11-19,hormuz,Strait of Hormuz,6,1,1.0,1.966686605003042,0.19333732100060838,2,38.0,-0.8741101555503302,False
2022-11-26,black_sea,Black Sea,51,1,2.0,32.819530764110795,1.3980194409871778,12,189.0,0.2851660965160941,False
2022-11-26,arabian_sea,Arabian Sea (open),1,0,1.0,0.7111250849101136,0.7111250849101136,1,6.0,-0.5040161287741853,False
2022-11-26,bosphorus,Turkish Straits (Bosphorus-Dardanelles),48,1,2.0,33.36601802289545,1.080301612038376,11,168.0,0.7809279639303889,False
2022-11-26,eastern_med,Eastern Mediterranean,492,95,242.0,381.64906691999784,156.63999376215145,41,1814.0,-0.3173609777052272,False
2022-11-26,hormuz,Strait of Hormuz,1,0,0.0,1.0,0.0,1,27.0,-1.7073634909093287,False
2022-11-26,suez_canal,Suez Canal & Gulf of Suez,235,20,45.0,150.63524292209172,23.766099547622982,15,875.0,-0.7040494340491528,False
2022-11-26,bab_el_mandeb,Bab-el-Mandeb,85,77,66.0,47.893291571680415,38.116267298661924,12,376.0,-0.8679688495480072,False
2022-11-26,persian_gulf,Persian Gulf,48,7,7.0,31.385546355837253,3.7236368322933022,13,218.0,-1.2657822811441863,False
2022-11-26,gulf_of_aden,Gulf of Aden,95,83,71.0,77.66344445961192,57.99192852657468,18,441.0,-1.3325469379046573,False
2022-11-26,india_west_coast,India West Coast corridor,1,0,1.0,1.0,1.0,1,6.0,-0.5040161287741853,False
2022-11-26,somali_basin,Somali Basin / Horn approaches,52,34,42.0,15.066863117468937,12.164678151982425,6,245.0,-0.926475028406521,False
2022-11-26,southern_red_sea,Southern Red Sea,77,68,59.0,49.92099086538784,37.87878721445453,14,369.0,-1.0534011999472408,False
2022-11-26,gulf_of_oman,Gulf of Oman,9,3,3.0,2.4690537227247833,0.8060856314820617,2,49.0,-0.605209938589447,False
2022-12-03,suez_canal,Suez Canal & Gulf of Suez,233,9,49.0,146.49966491855247,29.82030413729033,16,896.0,-0.5815721864497833,False
2022-12-03,bab_el_mandeb,Bab-el-Mandeb,54,27,43.0,31.523828218838204,26.130452860219844,10,328.0,-3.164317019949929,False
2022-12-03,somali_basin,Somali Basin / Horn approaches,35,18,28.0,10.702564784865,8.180925157754972,6,211.0,-2.441249215667553,False
2022-12-03,bosphorus,Turkish Straits (Bosphorus-Dardanelles),53,1,2.0,35.4826505511906,1.4106535261051971,11,187.0,1.6757215727033332,False
2022-12-03,hormuz,Strait of Hormuz,5,1,1.0,3.5420568132058654,0.19333732100060838,3,28.0,-0.6991615089823366,False
2022-12-03,eastern_med,Eastern Mediterranean,444,82,188.0,354.43371124840627,127.73837171583071,38,1849.0,-0.8106919496469966,False
2022-12-03,persian_gulf,Persian Gulf,60,7,9.0,42.58741983119382,5.624417313368608,16,231.0,-0.1322581781118904,False
2022-12-03,black_sea,Black Sea,56,1,3.0,34.32343443337648,1.4613974921780042,14,203.0,1.0895900939205876,False
2022-12-03,gulf_of_aden,Gulf of Aden,78,46,57.0,56.84558858166791,42.40162156794981,15,398.0,-2.3560622939888503,False
2022-12-03,southern_red_sea,Southern Red Sea,51,41,43.0,33.41761032236249,28.47339563171245,11,316.0,-2.7326408326973177,False
2022-12-03,gulf_of_oman,Gulf of Oman,9,3,3.0,2.5706473792819797,0.8060856314820617,2,46.0,-0.8987581382101103,False
2022-12-10,black_sea,Black Sea,64,1,1.0,41.01417547080129,1.0,14,226.0,1.8344984642633024,False
2022-12-10,gulf_of_aden,Gulf of Aden,115,200,60.0,84.42678366505322,44.628788982588894,18,391.0,0.49647401616670195,False
2022-12-10,southern_red_sea,Southern Red Sea,87,196,51.0,55.6413648987952,32.75368381966551,14,302.0,0.05818486799115187,False
2022-12-10,suez_canal,Suez Canal & Gulf of Suez,258,15,41.0,159.40678053691383,20.563682253813624,21,924.0,0.03788187884576875,False
2022-12-10,arabian_sea,Arabian Sea (open),1,0,0.0,0.7111250849101136,0.0,1,6.0,-0.5040161287741853,False
2022-12-10,bab_el_mandeb,Bab-el-Mandeb,83,48,47.0,47.878952240281265,26.52093952851371,12,312.0,-0.2763860516480031,False
2022-12-10,gulf_of_oman,Gulf of Oman,3,0,0.0,0.8568824597606599,0.0,2,34.0,-2.921743548953892,False
2022-12-10,india_west_coast,India West Coast corridor,1,0,0.0,1.0,0.0,1,6.0,-0.5040161287741853,False
2022-12-10,hormuz,Strait of Hormuz,5,1,1.0,1.8370561280949502,0.257044165093125,3,17.0,-0.5209229880641387,False
2022-12-10,persian_gulf,Persian Gulf,66,9,14.0,46.31228577362861,11.149590483044953,14,239.0,0.35636448457102066,False
2022-12-10,bosphorus,Turkish Straits (Bosphorus-Dardanelles),64,1,1.0,43.63480595341103,1.0,13,214.0,2.6677210381128402,True
2022-12-10,eastern_med,Eastern Mediterranean,448,70,143.0,372.13219066469975,100.12310150474076,44,1888.0,-0.5643286792648992,False
2022-12-10,somali_basin,Somali Basin / Horn approaches,48,8,25.0,15.500820320709353,7.391969451206617,6,195.0,-0.6632762405374082,False
2022-12-17,somali_basin,Somali Basin / Horn approaches,31,10,13.0,11.791103429800847,3.698903217517241,5,166.0,-1.7491172058007938,False
2022-12-17,black_sea,Black Sea,66,0,3.0,34.017330455902446,1.4961802592107114,16,237.0,1.8285024070619695,False
2022-12-17,southern_red_sea,Southern Red Sea,59,35,35.0,35.71853672015398,23.005560614187097,12,274.0,-1.3613663738717634,False
2022-12-17,bab_el_mandeb,Bab-el-Mandeb,57,31,32.0,30.80484286279864,15.431269906704394,11,279.0,-1.6127753908959226,False
2022-12-17,gulf_of_oman,Gulf of Oman,5,4,1.0,1.4450697090272993,0.26869521049402056,2,26.0,-1.4204390373484994,False
2022-12-17,persian_gulf,Persian Gulf,66,3,7.0,46.46787132415693,2.9991719009254987,13,240.0,0.2684939075587958,False
2022-12-17,bosphorus,Turkish Straits (Bosphorus-Dardanelles),52,0,2.0,31.27916767050856,1.4106535261051971,10,217.0,0.6182165701189011,False
2022-12-17,gulf_of_aden,Gulf of Aden,77,38,42.0,59.088620819877534,30.110525248343063,16,365.0,-1.642195035239108,False
2022-12-17,eastern_med,Eastern Mediterranean,454,120,180.0,376.97046740076235,134.54101452208405,43,1838.0,-0.2510733586500452,False
2022-12-17,suez_canal,Suez Canal & Gulf of Suez,249,16,52.0,150.41628095629872,27.574589341874702,19,975.0,0.23453041310816228,False
2022-12-17,hormuz,Strait of Hormuz,4,0,0.0,2.386674642001217,0.0,2,15.0,-0.6973865138177624,False
2022-12-24,black_sea,Black Sea,46,1,2.0,25.238977155613593,0.7478300508789728,13,232.0,-0.511292238437482,False
2022-12-24,suez_canal,Suez Canal & Gulf of Suez,194,28,56.0,112.37482299229289,28.838142146128792,16,934.0,-1.5502137051963771,False
2022-12-24,southern_red_sea,Southern Red Sea,111,64,71.0,76.55480943701157,54.67072127207303,14,308.0,1.376968504944931,False
2022-12-24,bab_el_mandeb,Bab-el-Mandeb,106,59,67.0,55.155162580734334,35.727403287496806,11,300.0,1.0648796222416277,False
2022-12-24,gulf_of_aden,Gulf of Aden,143,70,87.0,101.33006677787591,59.51717383083309,18,413.0,2.0388543135621124,True
2022-12-24,somali_basin,Somali Basin / Horn approaches,56,40,34.0,17.29109139025057,9.154231638913854,6,170.0,0.12064089225285986,False
2022-12-24,hormuz,Strait of Hormuz,3,1,1.0,3.0,1.0,1,17.0,-0.740225459204293,False
2022-12-24,persian_gulf,Persian Gulf,41,19,8.0,28.560848011272,3.578891531382671,11,233.0,-2.3519581877816194,False
2022-12-24,bosphorus,Turkish Straits (Bosphorus-Dardanelles),40,1,1.0,24.560810841658093,0.26896102971462843,9,209.0,-0.5581790429480051,False
2022-12-24,india_west_coast,India West Coast corridor,1,0,1.0,1.0,1.0,1,4.0,-0.35355339059327373,False
2022-12-24,arabian_sea,Arabian Sea (open),1,0,1.0,0.7111250849101136,0.7111250849101136,1,4.0,-0.35355339059327373,False
2022-12-24,gulf_of_oman,Gulf of Oman,8,1,3.0,2.301952168787959,0.8568824597606599,2,25.0,-0.49388148266453485,False
2022-12-24,eastern_med,Eastern Mediterranean,352,129,155.0,288.6409391779065,117.01815706647272,36,1698.0,-2.736647610624068,False
2022-12-31,gulf_of_oman,Gulf of Oman,3,0,0.0,0.8060856314820617,0.0,1,19.0,-1.5521407697638119,False
2022-12-31,bab_el_mandeb,Bab-el-Mandeb,116,66,67.0,60.85193323725075,34.70315645818736,14,362.0,1.6044958610493634,False
2022-12-31,bosphorus,Turkish Straits (Bosphorus-Dardanelles),58,1,2.0,38.274957996545254,2.0,11,214.0,1.1092031371573998,False
2022-12-31,eastern_med,Eastern Mediterranean,389,80,167.0,322.2179775348962,131.08609925562507,33,1643.0,-1.0226314432494088,False
2022-12-31,somali_basin,Somali Basin / Horn approaches,58,49,31.0,18.473686595213813,9.008438475207313,6,193.0,0.45673449026578944,False
2022-12-31,india_west_coast,India West Coast corridor,1,0,1.0,1.0,1.0,1,4.0,-0.35355339059327373,False
2022-12-31,gulf_of_aden,Gulf of Aden,164,71,93.0,121.11708532765897,66.65876497740018,21,499.0,2.4963881283477716,True
2022-12-31,black_sea,Black Sea,68,1,2.0,36.81092665152116,1.675531253632491,17,244.0,1.6338496288827336,False
2022-12-31,southern_red_sea,Southern Red Sea,131,63,80.0,86.93766297010205,52.563489851346944,17,388.0,2.1703913525503116,True
2022-12-31,suez_canal,Suez Canal & Gulf of Suez,201,23,51.0,127.07766503949875,27.839140707136604,12,902.0,-1.0924097424210168,False
2022-12-31,persian_gulf,Persian Gulf,32,8,6.0,19.759553437884094,2.471978146172119,8,205.0,-2.4917057784046968,False
2022-12-31,arabian_sea,Arabian Sea (open),1,0,1.0,0.7111250849101136,0.7111250849101136,1,4.0,-0.35355339059327373,False
2023-01-07,black_sea,Black Sea,49,0,1.0,27.78562727284563,1.0,11,229.0,-0.7086310990413365,False
2023-01-07,bosphorus,Turkish Straits (Bosphorus-Dardanelles),53,0,1.0,33.442491134683955,1.0,12,203.0,0.32526911934580754,False
2023-01-07,bab_el_mandeb,Bab-el-Mandeb,110,82,71.0,61.12117143766238,39.49460915908233,12,389.0,1.0841148947073502,False
2023-01-07,persian_gulf,Persian Gulf,44,6,7.0,31.92459319853153,4.464314211659996,14,183.0,-0.8199122499151773,False
2023-01-07,gulf_of_oman,Gulf of Oman,9,5,4.0,2.5198505510033815,1.1255776702546805,2,25.0,0.19933857264236512,False
2023-01-07,suez_canal,Suez Canal & Gulf of Suez,222,9,46.0,136.05188008481437,25.02907537188898,13,866.0,-0.11335990159540199,False
2023-01-07,eastern_med,Eastern Mediterranean,415,93,170.0,346.63434145396104,126.35800499888056,38,1610.0,-0.4206800081047237,False
2023-01-07,southern_red_sea,Southern Red Sea,121,85,84.0,80.39899325591296,56.59227423836085,14,422.0,1.249836054822555,False
2023-01-07,gulf_of_aden,Gulf of Aden,150,93,93.0,105.67355708525093,64.68539436299505,18,534.0,1.2405536859673578,False
2023-01-07,somali_basin,Somali Basin / Horn approaches,56,28,33.0,17.267931272974142,10.096285037752697,7,201.0,0.46294909260973444,False
2023-01-07,hormuz,Strait of Hormuz,5,1,1.0,2.643718807094342,1.0,3,17.0,-0.1110132589467214,False
2023-01-14,india_west_coast,India West Coast corridor,1,0,1.0,1.0,1.0,1,4.0,-0.35355339059327373,False
2023-01-14,hormuz,Strait of Hormuz,5,0,0.0,4.193337321000608,0.0,2,17.0,-0.13981668069360934,False
2023-01-14,arabian_sea,Arabian Sea (open),1,0,1.0,0.7111250849101136,0.7111250849101136,1,4.0,-0.35355339059327373,False
2023-01-14,eastern_med,Eastern Mediterranean,420,120,148.0,356.83309758696987,112.0690748617282,37,1576.0,-0.3403116851280126,False
2023-01-14,bosphorus,Turkish Straits (Bosphorus-Dardanelles),53,0,2.0,38.06801890688685,1.4106535261051971,11,204.0,0.12358929652062589,False
2023-01-14,gulf_of_oman,Gulf of Oman,8,0,1.0,2.3527489970665574,0.26869521049402056,2,28.0,0.180556351661154,False
2023-01-14,bab_el_mandeb,Bab-el-Mandeb,157,37,117.0,118.21471165897941,94.91063039213887,12,489.0,2.9989924727208943,True
2023-01-14,black_sea,Black Sea,54,0,2.0,38.10560680243713,1.1931997803047545,12,217.0,-0.34832495636883554,False
2023-01-14,suez_canal,Suez Canal & Gulf of Suez,225,19,51.0,140.86062789203604,27.382955275249838,12,842.0,0.05170323953693922,False
2023-01-14,persian_gulf,Persian Gulf,37,1,1.0,25.60707142098561,0.2714995480459568,12,154.0,-1.1922925834645255,False
2023-01-14,southern_red_sea,Southern Red Sea,169,240,130.0,113.19434334520997,89.83343556670499,14,532.0,2.7389541006043387,True
2023-01-14,somali_basin,Somali Basin / Horn approaches,114,22,92.0,32.51096152422487,26.285754286728867,6,284.0,5.930530806949204,True
2023-01-14,gulf_of_aden,Gulf of Aden,185,60,135.0,136.69772490271953,95.84182013086165,17,642.0,2.083112614627527,True
2023-01-21,gulf_of_oman,Gulf of Oman,4,2,1.0,1.0747808419760823,0.26869521049402056,1,24.0,-1.0341394704992386,False
2023-01-21,bab_el_mandeb,Bab-el-Mandeb,188,41,98.0,112.25355863649071,71.71804073534457,14,571.0,2.7227584199508805,True
2023-01-21,suez_canal,Suez Canal & Gulf of Suez,331,40,70.0,196.39616275147907,39.96323000704367,14,979.0,4.756198554932861,True
2023-01-21,somali_basin,Somali Basin / Horn approaches,98,26,71.0,28.869437577112276,20.076161848044155,6,326.0,1.6441777865468896,False
2023-01-21,bosphorus,Turkish Straits (Bosphorus-Dardanelles),60,0,0.0,39.175459112702505,0.0,17,224.0,1.058403907046985,False
2023-01-21,southern_red_sea,Southern Red Sea,229,46,110.0,163.688584349336,77.79027939277658,17,650.0,3.2265518410303473,True
2023-01-21,persian_gulf,Persian Gulf,42,2,3.0,28.478935191121128,1.7648404277853535,11,155.0,-0.5488330939757339,False
2023-01-21,eastern_med,Eastern Mediterranean,558,124,167.0,490.5505592676768,135.7933354230175,44,1782.0,3.0520308387280415,True
2023-01-21,black_sea,Black Sea,62,0,0.0,39.83655311594513,0.0,25,233.0,0.6330094269277651,False
2023-01-21,gulf_of_aden,Gulf of Aden,252,55,122.0,176.95419765167196,83.63466818718938,21,751.0,3.101376752969743,True
2023-01-28,hormuz,Strait of Hormuz,5,1,1.0,1.9644698162799834,0.257044165093125,3,18.0,0.4743416490252547,False
2023-01-28,southern_red_sea,Southern Red Sea,188,25,87.0,127.77129248548647,57.79900738774246,16,707.0,1.1642452683857174,False
2023-01-28,persian_gulf,Persian Gulf,39,7,6.0,26.432626146569014,4.195116265030891,15,162.0,-0.7058509418074529,False
2023-01-28,suez_canal,Suez Canal & Gulf of Suez,347,30,70.0,207.69432155968414,39.67725828170486,14,1125.0,2.5114510923184348,True
2023-01-28,eastern_med,Eastern Mediterranean,486,83,140.0,430.7856469358588,112.35466007276315,35,1879.0,0.8471473614142503,False
2023-01-28,black_sea,Black Sea,49,0,2.0,31.448403701795097,1.2181694905781546,13,214.0,-1.1245799022764966,False
2023-01-28,gulf_of_oman,Gulf of Oman,5,1,2.0,1.394272880748701,0.5373904209880411,2,26.0,-0.425753431759195,False
2023-01-28,somali_basin,Somali Basin / Horn approaches,93,14,60.0,28.407759399045496,17.525381838287075,7,361.0,1.06115324067774,False
2023-01-28,bab_el_mandeb,Bab-el-Mandeb,173,21,79.0,102.25514528807913,55.98657751100491,13,628.0,1.3848487004586927,False
2023-01-28,bosphorus,Turkish Straits (Bosphorus-Dardanelles),47,0,1.0,34.446481405416165,0.45786426488742776,10,213.0,-1.0006822258960795,False
2023-01-28,gulf_of_aden,Gulf of Aden,206,29,99.0,155.56998653962773,71.68859377695318,21,793.0,1.045280794953446,False
2023-02-04,hormuz,Strait of Hormuz,1,0,0.0,1.0,0.0,1,16.0,-2.143732314281349,False
2023-02-04,bab_el_mandeb,Bab-el-Mandeb,127,42,81.0,81.0762364958292,55.36230255199352,12,645.0,0.0718067675246442,False
2023-02-04,india_west_coast,India West Coast corridor,1,0,1.0,1.0,1.0,1,4.0,-0.35355339059327373,False
2023-02-04,southern_red_sea,Southern Red Sea,137,38,90.0,83.72486974277584,58.87967210575711,14,723.0,0.0022481310544343377,False
2023-02-04,persian_gulf,Persian Gulf,36,0,5.0,25.93272432379507,3.0363399758313103,11,154.0,-0.7635383545258638,False
2023-02-04,bosphorus,Turkish Straits (Bosphorus-Dardanelles),21,0,0.0,12.143531620063673,0.0,7,181.0,-4.2834792807200746,False
2023-02-04,eastern_med,Eastern Mediterranean,258,56,80.0,230.50653393802517,68.6070337301369,31,1722.0,-2.8987843056801372,False
2023-02-04,suez_canal,Suez Canal & Gulf of Suez,187,15,50.0,117.30214675759878,28.35779411280486,13,1090.0,-1.1607316952978974,False
2023-02-04,gulf_of_aden,Gulf of Aden,153,51,99.0,118.20435865291495,71.53957928155924,17,796.0,-0.15704621331987537,False
2023-02-04,black_sea,Black Sea,25,0,0.0,14.630032671226843,0.0,10,190.0,-3.6941244921933993,False
2023-02-04,somali_basin,Somali Basin / Horn approaches,84,31,57.0,28.53642343203861,16.74368203788304,6,389.0,0.513062876089799,False
2023-02-04,gulf_of_oman,Gulf of Oman,8,1,1.0,2.2003585122307627,0.26869521049402056,2,25.0,0.9950898259732568,False
2023-02-04,arabian_sea,Arabian Sea (open),1,0,1.0,0.7111250849101136,0.7111250849101136,1,4.0,-0.35355339059327373,False
2023-02-11,hormuz,Strait of Hormuz,8,0,0.0,5.0281766603725,0.0,2,19.0,2.6582280697088727,True
2023-02-11,black_sea,Black Sea,32,0,2.0,20.961599822878217,2.0,8,168.0,-1.4738010724132318,False
2023-02-11,southern_red_sea,Southern Red Sea,142,166,105.0,97.68440258346156,70.7825665432664,15,696.0,-0.021684579672541043,False
2023-02-11,somali_basin,Somali Basin / Horn approaches,78,14,58.0,25.40323064536766,17.729302927596663,7,353.0,0.15316647301934344,False
2023-02-11,gulf_of_aden,Gulf of Aden,166,169,116.0,120.68575982905293,82.0322864926005,20,777.0,-0.004898128684532319,False
2023-02-11,persian_gulf,Persian Gulf,66,6,10.0,55.18695511581131,5.566020831402017,12,183.0,2.3051998241798786,True
2023-02-11,gulf_of_oman,Gulf of Oman,7,1,1.0,2.084053786572537,0.26869521049402056,2,24.0,0.3330397768401645,False
2023-02-11,bosphorus,Turkish Straits (Bosphorus-Dardanelles),31,0,2.0,23.987396400986885,2.0,8,159.0,-1.3536718717000291,False
2023-02-11,bab_el_mandeb,Bab-el-Mandeb,125,27,91.0,76.74665124974791,60.32171677687184,12,613.0,-0.10078522799081659,False
2023-02-11,suez_canal,Suez Canal & Gulf of Suez,260,14,44.0,159.35514007880076,25.065668160138404,12,1125.0,0.25123549985009463,False
2023-02-11,eastern_med,Eastern Mediterranean,381,128,89.0,353.91036957099004,73.22067862821156,35,1683.0,-0.3958010089662217,False
2023-02-18,persian_gulf,Persian Gulf,48,4,7.0,31.392168324931188,3.2945212833560604,12,189.0,0.5672481242746299,False
2023-02-18,india_west_coast,India West Coast corridor,1,0,1.0,1.0,1.0,1,4.0,-0.35355339059327373,False
2023-02-18,bab_el_mandeb,Bab-el-Mandeb,125,37,76.0,74.84472001481268,47.833673386054535,13,550.0,-0.41312140024281335,False
2023-02-18,gulf_of_aden,Gulf of Aden,156,56,92.0,116.98869516982587,67.3133884430702,21,681.0,-0.5870621493165089,False
2023-02-18,gulf_of_oman,Gulf of Oman,5,1,1.0,1.4958665373058975,0.26869521049402056,2,25.0,-0.680613909729773,False
2023-02-18,suez_canal,Suez Canal & Gulf of Suez,384,32,55.0,235.43334604093343,29.00526508306475,15,1178.0,2.2302742210457014,True
2023-02-18,bosphorus,Turkish Straits (Bosphorus-Dardanelles),33,0,1.0,21.183685212794778,1.0,11,132.0,-0.9005317578011904,False
2023-02-18,southern_red_sea,Southern Red Sea,138,51,82.0,91.92107646214812,54.045816261003026,18,605.0,-0.3927243203353107,False
2023-02-18,eastern_med,Eastern Mediterranean,538,77,138.0,491.1703405455596,114.19205320699412,40,1663.0,1.4669973217680559,False
2023-02-18,northern_red_sea,Northern & Central Red Sea,1,0,0.0,1.0,0.0,1,4.0,-0.3535533905932738,False
2023-02-18,arabian_sea,Arabian Sea (open),1,0,1.0,0.7111250849101136,0.7111250849101136,1,4.0,-0.35355339059327373,False
2023-02-18,black_sea,Black Sea,31,0,2.0,19.08457773508247,2.0,10,137.0,-1.2011471792637056,False
2023-02-18,hormuz,Strait of Hormuz,8,0,0.0,4.221513981373109,0.0,3,22.0,1.749999999999995,False
2023-02-18,somali_basin,Somali Basin / Horn approaches,72,18,49.0,23.166980095121996,15.244587274423687,7,327.0,-0.35097571235627256,False
2023-02-25,somali_basin,Somali Basin / Horn approaches,72,35,41.0,25.386426555055408,12.346833067836059,7,306.0,-0.483685354320571,False
2023-02-25,southern_red_sea,Southern Red Sea,133,85,86.0,82.1699430319546,54.74375322764698,13,550.0,-0.6568934127606135,False
2023-02-25,suez_canal,Suez Canal & Gulf of Suez,399,24,59.0,248.17882903812654,30.631753739548543,15,1230.0,1.739442103456324,False
2023-02-25,hormuz,Strait of Hormuz,2,0,0.0,1.257044165093125,0.0,2,19.0,-1.2199770700496544,False
2023-02-25,gulf_of_aden,Gulf of Aden,146,87,95.0,109.50881566045592,67.32437520873879,18,621.0,-0.9451193190822824,False
2023-02-25,bosphorus,Turkish Straits (Bosphorus-Dardanelles),62,0,0.0,44.21982292256236,0.0,8,147.0,1.2201292053621877,False
2023-02-25,persian_gulf,Persian Gulf,53,1,4.0,29.636750153848073,1.4514435116793425,12,203.0,0.9485478008994829,False
2023-02-25,bab_el_mandeb,Bab-el-Mandeb,108,70,65.0,65.24243370740453,39.75815300392159,11,485.0,-1.1182674173297094,False
2023-02-25,black_sea,Black Sea,66,1,3.0,43.971200032530504,2.258060038817789,13,154.0,1.2735311134328324,False
2023-02-25,eastern_med,Eastern Mediterranean,599,108,182.0,529.6383851067834,141.49116339442813,41,1776.0,1.745004377676678,False
2023-02-25,gulf_of_oman,Gulf of Oman,6,0,4.0,1.6629680912427216,1.0747808419760823,2,26.0,-0.05768011960562004,False
2023-03-04,bab_el_mandeb,Bab-el-Mandeb,113,84,86.0,65.00146833639694,53.2169731428901,12,471.0,-0.8764949240539986,False
2023-03-04,southern_red_sea,Southern Red Sea,123,87,100.0,74.7493795950341,62.797808375409744,14,536.0,-0.9440289396408336,False
2023-03-04,gulf_of_aden,Gulf of Aden,154,95,112.0,113.6727359234217,82.52542302532139,19,622.0,-0.6222293651443848,False
2023-03-04,persian_gulf,Persian Gulf,77,4,7.0,52.57568014980878,3.689783957279319,18,244.0,3.1333064138085365,True
2023-03-04,black_sea,Black Sea,51,0,0.0,33.66292240509159,0.0,15,180.0,0.3307189138830709,False
2023-03-04,suez_canal,Suez Canal & Gulf of Suez,377,32,70.0,225.83449097264867,38.19061202621804,17,1420.0,1.0208970352824247,False
2023-03-04,bosphorus,Turkish Straits (Bosphorus-Dardanelles),48,0,0.0,33.694477517751835,0.0,10,174.0,0.2008305418259117,False
2023-03-04,eastern_med,Eastern Mediterranean,552,101,177.0,496.5632471176235,145.18238036707461,42,2070.0,0.8568335960244541,False
2023-03-04,gulf_of_oman,Gulf of Oman,9,3,4.0,2.5706473792819797,1.1255776702546805,2,27.0,1.4101901870444167,False
2023-03-04,somali_basin,Somali Basin / Horn approaches,77,68,61.0,24.199732081242708,18.123207343953872,7,299.0,-0.3530882650630376,False
2023-03-04,hormuz,Strait of Hormuz,15,2,1.0,5.3837546960998175,1.0,3,33.0,4.05274320928873,True
2023-03-11,eastern_med,Eastern Mediterranean,454,54,133.0,397.6785895508051,108.08854101601038,45,2143.0,-0.1751941899362041,False
2023-03-11,suez_canal,Suez Canal & Gulf of Suez,273,12,39.0,165.46642464098494,21.23802158441907,17,1433.0,-0.5114483996861171,False
2023-03-11,black_sea,Black Sea,43,0,0.0,31.055041036377524,0.0,12,191.0,-0.21393355094889258,False
2023-03-11,gulf_of_aden,Gulf of Aden,126,112,89.0,97.42967801996159,66.5122706773184,18,582.0,-1.4169496754459519,False
2023-03-11,southern_red_sea,Southern Red Sea,98,100,72.0,64.46822532284935,50.240290644983894,14,492.0,-1.6553494363286216,False
2023-03-11,somali_basin,Somali Basin / Horn approaches,63,12,38.0,20.327162124221182,10.55437214317589,6,284.0,-1.5618559278608057,False
2023-03-11,gulf_of_oman,Gulf of Oman,6,13,3.0,1.6121712629641234,0.8060856314820617,1,26.0,-0.28203803740888334,False
2023-03-11,bosphorus,Turkish Straits (Bosphorus-Dardanelles),41,0,0.0,32.369774897091865,0.0,10,184.0,-0.23025916597950905,False
2023-03-11,persian_gulf,Persian Gulf,53,2,5.0,34.38356438611378,2.0755176792401615,13,231.0,0.21858333715705242,False
2023-03-11,bab_el_mandeb,Bab-el-Mandeb,97,54,65.0,57.37830685525584,39.46640255945819,13,443.0,-1.4454014643891948,False
2023-03-11,hormuz,Strait of Hormuz,1,0,0.0,0.257044165093125,0.0,1,26.0,-1.1763085426001825,False
2023-03-18,black_sea,Black Sea,66,0,3.0,38.93395761023338,1.3291942456312156,22,226.0,1.419244892583549,False
2023-03-18,somali_basin,Somali Basin / Horn approaches,54,29,34.0,16.778811053036783,10.098026319132273,7,266.0,-2.21381035415254,False
2023-03-18,persian_gulf,Persian Gulf,39,7,6.0,29.100050421593018,2.879417747508028,9,222.0,-0.9135485521282937,False
2023-03-18,eastern_med,Eastern Mediterranean,470,73,120.0,418.5798961932823,92.28292167151454,39,2075.0,-0.07334502807615985,False
2023-03-18,gulf_of_oman,Gulf of Oman,2,1,1.0,0.5373904209880411,0.26869521049402056,1,23.0,-2.546364930439934,False
2023-03-18,bosphorus,Turkish Straits (Bosphorus-Dardanelles),53,0,1.0,36.76647746273856,1.0,13,204.0,0.7101673103675958,False
2023-03-18,suez_canal,Suez Canal & Gulf of Suez,309,2,44.0,186.55040580661037,24.101336261306933,13,1358.0,-0.14603132525691834,False
2023-03-18,gulf_of_aden,Gulf of Aden,137,77,86.0,107.32666412152972,63.376174051313015,18,563.0,-0.8186333804971183,False
2023-03-18,southern_red_sea,Southern Red Sea,117,74,77.0,68.84012505849782,48.68920683599123,13,471.0,-0.7683253310807974,False
2023-03-18,bab_el_mandeb,Bab-el-Mandeb,111,73,69.0,55.5428987351755,36.99862001071977,12,429.0,-0.659292265376731,False
2023-03-25,persian_gulf,Persian Gulf,43,1,6.0,30.91274478090757,2.425254571177483,10,212.0,-0.5859827063526833,False
2023-03-25,eastern_med,Eastern Mediterranean,427,125,147.0,376.2473761006399,117.0994775111588,36,1903.0,-0.3734693297528377,False
2023-03-25,hormuz,Strait of Hormuz,2,0,0.0,0.6057636572983821,0.0,2,20.0,-0.7681902622851756,False
2023-03-25,suez_canal,Suez Canal & Gulf of Suez,295,23,63.0,173.94201532825969,33.37655052783438,15,1254.0,-0.29913685630998604,False
2023-03-25,black_sea,Black Sea,45,0,1.0,28.270555759572506,1.0,14,205.0,-0.02405007629230727,False
2023-03-25,bosphorus,Turkish Straits (Bosphorus-Dardanelles),43,0,1.0,31.29423752633368,1.0,13,185.0,0.07556205923666165,False
2023-03-25,gulf_of_aden,Gulf of Aden,192,85,105.0,133.641319570743,78.81591914601766,20,609.0,1.5322769358891415,False
2023-03-25,bab_el_mandeb,Bab-el-Mandeb,124,55,79.0,76.96535602366569,51.61903024027279,14,445.0,0.07100902658331469,False
2023-03-25,somali_basin,Somali Basin / Horn approaches,68,27,48.0,19.687493770162412,14.166771355573076,7,262.0,-0.5086848880296784,False
2023-03-25,gulf_of_oman,Gulf of Oman,5,5,4.0,1.3434760524701028,1.0747808419760823,1,22.0,-0.46770717334674283,False
2023-03-25,southern_red_sea,Southern Red Sea,168,60,88.0,127.68643944958521,60.39943761300366,17,506.0,1.2914671786231005,False
2023-04-01,eastern_med,Eastern Mediterranean,541,182,235.0,488.23078256077594,200.15515035169796,41,1892.0,0.748909525794956,False
2023-04-01,suez_canal,Suez Canal & Gulf of Suez,371,31,122.0,222.32477735716793,73.21068516663968,17,1248.0,0.8309418273033222,False
2023-04-01,bosphorus,Turkish Straits (Bosphorus-Dardanelles),63,0,1.0,45.514281352384366,1.0,11,200.0,1.6420896240258334,False
2023-04-01,southern_red_sea,Southern Red Sea,122,34,108.0,72.91221997206648,63.03855679894753,13,505.0,-0.48961824659346354,False
2023-04-01,persian_gulf,Persian Gulf,40,3,7.0,26.67674151806601,4.261809721450633,10,175.0,-0.8567254692158486,False
2023-04-01,black_sea,Black Sea,67,0,1.0,45.49821916359077,0.9944827294262023,15,221.0,1.4252493395477872,False
2023-04-01,gulf_of_aden,Gulf of Aden,143,44,126.0,113.23901488349388,98.80405788278631,16,598.0,-0.5443972653197636,False
2023-04-01,somali_basin,Somali Basin / Horn approaches,60,21,52.0,16.70781821999534,14.165302979935976,6,245.0,-1.170704984960895,False
2023-04-01,gulf_of_oman,Gulf of Oman,4,1,3.0,1.0747808419760823,0.8060856314820617,1,17.0,-0.9354143466934857,False
2023-04-01,hormuz,Strait of Hormuz,2,0,0.0,0.38667464200121676,0.0,1,20.0,-0.664392888619197,False
2023-04-01,bab_el_mandeb,Bab-el-Mandeb,118,34,102.0,61.877160353935416,54.46076080797941,11,450.0,0.1631376854292124,False
2023-04-08,gulf_of_aden,Gulf of Aden,143,32,79.0,108.48342262390798,62.1962347739997,20,615.0,-0.4723087602106834,False
2023-04-08,black_sea,Black Sea,56,0,0.0,33.94490126509143,0.0,13,234.0,0.39343485181402543,False
2023-04-08,eastern_med,Eastern Mediterranean,375,98,151.0,320.8299066596709,121.9960078975081,38,1813.0,-1.6330397143826738,False
2023-04-08,somali_basin,Somali Basin / Horn approaches,44,17,31.0,11.89532783633533,8.88255811766287,6,226.0,-2.8454148277832183,False
2023-04-08,hormuz,Strait of Hormuz,1,0,0.0,0.257044165093125,0.0,1,6.0,-0.770881281735414,False
2023-04-08,bosphorus,Turkish Straits (Bosphorus-Dardanelles),54,0,0.0,36.211870463813796,0.0,11,213.0,0.6001610976420028,False
2023-04-08,gulf_of_oman,Gulf of Oman,2,1,0.0,0.5373904209880411,0.0,1,13.0,-1.6906606203887682,False
2023-04-08,bab_el_mandeb,Bab-el-Mandeb,105,24,63.0,53.16992595867895,31.896792884702784,14,458.0,-1.0251170222908468,False
2023-04-08,suez_canal,Suez Canal & Gulf of Suez,215,21,53.0,123.19502818083816,23.142189808793425,14,1190.0,-2.149021424743537,False
2023-04-08,persian_gulf,Persian Gulf,55,13,8.0,40.473455662079246,4.425254571177483,15,177.0,0.19787685852962214,False
2023-04-08,southern_red_sea,Southern Red Sea,128,27,69.0,84.101559120196,40.20383025104139,17,535.0,-0.10321868689644315,False
2023-04-15,arabian_sea,Arabian Sea (open),1,0,0.0,0.7111250849101136,0.0,1,4.0,,False
2023-04-15,bosphorus,Turkish Straits (Bosphorus-Dardanelles),29,0,2.0,18.077577560810987,2.0,8,189.0,-1.9795747199139133,False
2023-04-15,persian_gulf,Persian Gulf,40,6,6.0,25.842931526291135,2.1637879955346384,9,178.0,-0.9033229172731617,False
2023-04-15,suez_canal,Suez Canal & Gulf of Suez,186,36,45.0,108.26809406785925,20.3439927554556,13,1067.0,-2.179163005846632,False
2023-04-15,southern_red_sea,Southern Red Sea,61,30,44.0,40.28852959498474,30.902525141549418,11,479.0,-3.3652213722055087,False
2023-04-15,eastern_med,Eastern Mediterranean,407,207,212.0,336.38349986461355,161.14116495374446,38,1750.0,-1.1669186000999008,False
2023-04-15,somali_basin,Somali Basin / Horn approaches,33,13,19.0,10.311784559090185,5.529203551812372,6,205.0,-2.824788554873937,False
2023-04-15,hormuz,Strait of Hormuz,2,0,0.0,1.1933373210006084,0.0,2,7.0,-0.5719441767714362,False
2023-04-15,bab_el_mandeb,Bab-el-Mandeb,57,27,41.0,31.31719062479523,20.539066581844562,10,404.0,-5.827083659778053,False
2023-04-15,india_west_coast,India West Coast corridor,1,0,0.0,1.0,0.0,1,4.0,,False
2023-04-15,gulf_of_aden,Gulf of Aden,76,33,56.0,57.32126911259039,40.00419226392116,14,554.0,-3.767070755202828,False
2023-04-15,gulf_of_oman,Gulf of Oman,3,0,1.0,0.8568824597606599,0.26869521049402056,2,14.0,-0.8169289328674386,False
2023-04-15,black_sea,Black Sea,32,0,2.0,18.850550149165326,2.0,8,200.0,-1.6169049862286275,False
2023-04-22,gulf_of_oman,Gulf of Oman,9,1,1.0,2.6382895759459273,0.26869521049402056,3,18.0,1.8330602057402088,False
2023-04-22,eastern_med,Eastern Mediterranean,351,66,128.0,308.9423811039336,104.15589944206303,39,1674.0,-1.622417302701562,False
2023-04-22,somali_basin,Somali Basin / Horn approaches,32,11,30.0,9.954424510998434,9.224319897675949,6,169.0,-1.8256713323492353,False
2023-04-22,bosphorus,Turkish Straits (Bosphorus-Dardanelles),46,0,0.0,32.795746273974345,0.0,13,192.0,-0.2745524520592923,False
2023-04-22,hormuz,Strait of Hormuz,5,0,0.0,2.572920740085628,0.0,3,10.0,0.17709969336479628,False
2023-04-22,bab_el_mandeb,Bab-el-Mandeb,51,14,48.0,26.98264538097375,25.219217757318965,10,331.0,-2.5658071458756035,False
2023-04-22,arabian_sea,Arabian Sea (open),1,0,0.0,0.7111250849101136,0.0,1,4.0,,False
2023-04-22,india_west_coast,India West Coast corridor,1,0,0.0,1.0,0.0,1,4.0,,False
2023-04-22,suez_canal,Suez Canal & Gulf of Suez,208,27,46.0,124.34879673851621,21.857578832251697,14,980.0,-1.2317463988159905,False
2023-04-22,southern_red_sea,Southern Red Sea,52,20,49.0,31.90741590608476,30.16789973136358,11,363.0,-2.1885666024419024,False
2023-04-22,persian_gulf,Persian Gulf,41,10,14.0,24.49046845075339,6.510805222820756,15,176.0,-0.7046256971114285,False
2023-04-22,gulf_of_aden,Gulf of Aden,65,24,61.0,51.393616498627,47.54480273033168,14,427.0,-2.318186275964571,False
2023-04-22,black_sea,Black Sea,47,0,1.0,35.12457305808888,0.26509440848991406,16,202.0,-0.48730073474090096,False
2023-04-29,india_west_coast,India West Coast corridor,1,0,0.0,1.0,0.0,1,4.0,,False
2023-04-29,gulf_of_aden,Gulf of Aden,73,37,57.0,52.68999292327358,40.27361945168897,16,357.0,-1.366770412679623,False
2023-04-29,bab_el_mandeb,Bab-el-Mandeb,56,21,43.0,29.128623506359833,22.027565340619145,10,269.0,-1.4758954259717376,False
2023-04-29,hormuz,Strait of Hormuz,9,0,0.0,2.86523278846745,0.0,3,17.0,1.1138921074366426,False
2023-04-29,somali_basin,Somali Basin / Horn approaches,30,9,22.0,9.67578708098867,6.778053810078865,6,139.0,-1.461957610043958,False
2023-04-29,eastern_med,Eastern Mediterranean,458,79,170.0,408.82559088136526,139.23966207039,42,1591.0,0.14990810218716327,False
2023-04-29,gulf_of_oman,Gulf of Oman,7,4,3.0,1.9316633017367422,0.8060856314820617,2,21.0,0.7071067811865475,False
2023-04-29,southern_red_sea,Southern Red Sea,58,35,45.0,38.99139287652152,31.16021402777365,12,299.0,-1.3431862212759063,False
2023-04-29,bosphorus,Turkish Straits (Bosphorus-Dardanelles),62,0,0.0,43.90601512249159,0.0,17,191.0,1.467841979406636,False
2023-04-29,arabian_sea,Arabian Sea (open),1,0,0.0,0.7111250849101136,0.0,1,4.0,,False
2023-04-29,suez_canal,Suez Canal & Gulf of Suez,294,11,74.0,187.1132340225354,50.2255143640482,14,903.0,0.20275581097353287,False
2023-04-29,black_sea,Black Sea,78,0,0.0,56.969212017809596,0.0,24,213.0,2.2891256014755723,True
2023-04-29,persian_gulf,Persian Gulf,60,6,8.0,37.76283529843331,3.774991463114804,14,196.0,0.8797945564382932,False
2023-05-06,bosphorus,Turkish Straits (Bosphorus-Dardanelles),43,1,1.0,28.69213137619276,0.41065352610519723,11,180.0,-0.5138969153661999,False
2023-05-06,eastern_med,Eastern Mediterranean,562,91,280.0,509.79604495912764,255.35445160166088,39,1778.0,2.1250611099908174,True
2023-05-06,bab_el_mandeb,Bab-el-Mandeb,100,37,70.0,53.10946117636336,38.76649562940802,13,264.0,0.3343081346076333,False
2023-05-06,persian_gulf,Persian Gulf,71,7,8.0,50.07690865460218,5.498167086673979,14,212.0,2.9741385526303263,True
2023-05-06,somali_basin,Somali Basin / Horn approaches,49,17,36.0,16.28886172792085,10.91230721007081,7,144.0,0.06561282687425136,False
2023-05-06,hormuz,Strait of Hormuz,7,2,1.0,2.1600239260036505,0.19333732100060838,2,23.0,0.47653418666113917,False
2023-05-06,black_sea,Black Sea,47,1,1.0,26.912006797359822,0.19319978030475451,15,204.0,-0.4754737309433621,False
2023-05-06,gulf_of_aden,Gulf of Aden,128,45,86.0,99.80346279609644,66.4945420987989,20,342.0,0.19472045630122217,False
2023-05-06,suez_canal,Suez Canal & Gulf of Suez,400,56,204.0,288.6628149876235,172.20283792353092,14,1088.0,2.117325611547465,True
2023-05-06,southern_red_sea,Southern Red Sea,101,35,71.0,66.77907087759955,47.369956123406624,16,272.0,0.012192531818456333,False
2023-05-06,gulf_of_oman,Gulf of Oman,7,3,4.0,1.9316633017367422,1.0747808419760823,2,26.0,0.9025825017214729,False
2023-05-13,gulf_of_oman,Gulf of Oman,6,4,3.0,1.7137649195213198,0.8060856314820617,2,29.0,0.4347413023856831,False
2023-05-13,eastern_med,Eastern Mediterranean,387,51,162.0,343.315038096003,137.08584761158477,32,1758.0,-0.8280774918130533,False
2023-05-13,bosphorus,Turkish Straits (Bosphorus-Dardanelles),31,0,1.0,22.340861608960054,1.0,8,182.0,-1.610259347313203,False
2023-05-13,southern_red_sea,Southern Red Sea,128,33,46.0,96.25745568507641,30.88194323460817,17,339.0,0.6616451117253863,False
2023-05-13,persian_gulf,Persian Gulf,60,8,13.0,37.770365327355876,8.57889153138267,14,232.0,0.9508098134274972,False
2023-05-13,somali_basin,Somali Basin / Horn approaches,47,17,23.0,13.678575894234944,6.612980343100818,7,158.0,0.05346437319797069,False
2023-05-13,suez_canal,Suez Canal & Gulf of Suez,252,18,82.0,162.52977957539895,58.79512850489202,12,1154.0,-0.42276293695514594,False
2023-05-13,black_sea,Black Sea,32,0,1.0,21.310730966903424,1.0,9,204.0,-1.5281096948339994,False
2023-05-13,gulf_of_aden,Gulf of Aden,146,37,55.0,107.00213522192448,42.83554913355771,21,412.0,0.5948002308497238,False
2023-05-13,bab_el_mandeb,Bab-el-Mandeb,99,31,41.0,55.971103383684984,25.83143541676998,14,306.0,0.2877760155991764,False
2023-05-13,hormuz,Strait of Hormuz,6,0,0.0,2.8370561280949502,0.0,3,27.0,0.7862255941722486,False
2023-05-20,hormuz,Strait of Hormuz,3,0,0.0,2.257044165093125,0.0,2,25.0,-0.4287464628562715,False
2023-05-20,suez_canal,Suez Canal & Gulf of Suez,239,19,50.0,146.5409620112285,23.759082823335238,13,1185.0,-0.4981376091182875,False
2023-05-20,southern_red_sea,Southern Red Sea,135,34,45.0,95.96351128007223,28.848512258083307,17,422.0,0.7836587901258674,False
2023-05-20,somali_basin,Somali Basin / Horn approaches,53,13,25.0,15.80535725741197,7.669765464528832,6,179.0,0.5569838978019647,False
2023-05-20,gulf_of_aden,Gulf of Aden,159,41,67.0,115.12211179393555,50.604306166093956,21,506.0,0.8508257166251406,False
2023-05-20,bosphorus,Turkish Straits (Bosphorus-Dardanelles),36,0,1.0,25.77859830813036,1.0,10,172.0,-0.8130336320274555,False
2023-05-20,eastern_med,Eastern Mediterranean,392,42,120.0,345.7977494758186,103.46429916717392,35,1799.0,-0.6031626339264564,False
2023-05-20,bab_el_mandeb,Bab-el-Mandeb,105,33,45.0,55.417036985981866,22.856241249529425,14,360.0,0.5504973941199572,False
2023-05-20,black_sea,Black Sea,38,0,2.0,26.356908217244822,2.0,13,195.0,-0.7799453789950845,False
2023-05-20,persian_gulf,Persian Gulf,62,1,5.0,43.05974413723227,1.8011804036166637,12,253.0,0.9069227623106293,False
2023-05-20,gulf_of_oman,Gulf of Oman,8,7,3.0,2.251155340509361,0.8060856314820617,2,28.0,1.128501152629074,False
2023-05-27,eastern_med,Eastern Mediterranean,445,56,137.0,383.00288367154,112.17027110952172,37,1786.0,0.1379841326667504,False
2023-05-27,persian_gulf,Persian Gulf,69,6,11.0,51.31763888298043,5.850391079428627,16,262.0,1.2955471328848032,False
2023-05-27,bab_el_mandeb,Bab-el-Mandeb,94,36,76.0,62.96014196981318,51.36309773612827,11,398.0,0.2831609813426611,False
2023-05-27,somali_basin,Somali Basin / Horn approaches,62,18,49.0,18.719385095173497,14.101474347549775,7,211.0,1.6989543204961386,False
2023-05-27,gulf_of_aden,Gulf of Aden,118,42,94.0,85.66087383290395,67.05033069179728,17,551.0,0.035676268361588374,False
2023-05-27,hormuz,Strait of Hormuz,7,0,1.0,5.4503814860937325,1.0,3,23.0,0.9291151885299499,False
2023-05-27,gulf_of_oman,Gulf of Oman,7,3,1.0,2.134850614851135,0.3194920387726188,2,28.0,0.5014347231785962,False
2023-05-27,southern_red_sea,Southern Red Sea,105,39,85.0,67.81884722400038,56.70415383751071,12,469.0,0.19347427434649078,False
2023-05-27,suez_canal,Suez Canal & Gulf of Suez,254,11,51.0,157.4394657817228,26.296631244973387,12,1145.0,-0.21240447544641372,False
2023-05-27,black_sea,Black Sea,80,3,0.0,61.667612312389274,0.0,21,197.0,1.8350806574527763,False
2023-05-27,bosphorus,Turkish Straits (Bosphorus-Dardanelles),73,1,0.0,56.88330476960862,0.0,14,183.0,2.0745750862810044,True
2023-06-03,persian_gulf,Persian Gulf,59,3,8.0,41.635422185554965,4.740401965830819,13,250.0,0.15170351342328942,False
2023-06-03,eastern_med,Eastern Mediterranean,448,45,133.0,395.7057267604802,108.87667282650153,35,1672.0,0.3886640378605739,False
2023-06-03,hormuz,Strait of Hormuz,2,0,0.0,1.1933373210006084,0.0,2,18.0,-1.080123449734642,False
2023-06-03,gulf_of_oman,Gulf of Oman,4,1,1.0,1.1255776702546805,0.26869521049402056,2,25.0,-0.8793850367236502,False
2023-06-03,bosphorus,Turkish Straits (Bosphorus-Dardanelles),63,0,2.0,40.42986160895097,1.4106535261051971,12,203.0,1.0528571820893147,False
2023-06-03,black_sea,Black Sea,59,0,3.0,35.58691080106771,1.4613974921780042,14,209.0,0.4086636248700813,False
2023-06-03,bab_el_mandeb,Bab-el-Mandeb,93,19,69.0,57.96256536789791,44.833360024379694,11,391.0,0.39956411856399504,False
2023-06-03,gulf_of_aden,Gulf of Aden,120,26,77.0,92.59572433493308,61.61540123643674,18,543.0,0.17528285887388143,False
2023-06-03,suez_canal,Suez Canal & Gulf of Suez,267,15,49.0,158.2202798100014,26.470309062652074,12,1012.0,0.1643072621476807,False
2023-06-03,somali_basin,Somali Basin / Horn approaches,64,11,48.0,20.780189874164318,14.743243704754164,7,226.0,1.7863784201344752,False
2023-06-03,southern_red_sea,Southern Red Sea,101,24,67.0,64.92791717910394,43.42567195775651,14,469.0,0.14537972933144075,False
2023-06-10,gulf_of_aden,Gulf of Aden,107,43,73.0,82.78293487432691,53.58391353438116,18,504.0,-0.10263684082089666,False
2023-06-10,eastern_med,Eastern Mediterranean,410,106,150.0,344.54734733715793,118.3475257130329,38,1695.0,-0.3312494524891546,False
2023-06-10,somali_basin,Somali Basin / Horn approaches,46,9,28.0,15.959835243440086,8.478493797503866,6,225.0,-0.01863759811556377,False
2023-06-10,hormuz,Strait of Hormuz,6,0,0.0,1.4148513023737168,0.0,2,18.0,0.338132124077753,False
2023-06-10,suez_canal,Suez Canal & Gulf of Suez,208,14,42.0,120.00026430768509,20.587657146204304,15,968.0,-0.8398684137220698,False
2023-06-10,gulf_of_oman,Gulf of Oman,4,3,1.0,1.0747808419760823,0.26869521049402056,1,23.0,-1.190159577799466,False
2023-06-10,southern_red_sea,Southern Red Sea,85,33,58.0,57.43109444757019,41.58737391272882,14,426.0,-0.23791849174379462,False
2023-06-10,bosphorus,Turkish Straits (Bosphorus-Dardanelles),61,0,0.0,37.55565363592907,0.0,10,233.0,0.8032638174040166,False
2023-06-10,black_sea,Black Sea,69,0,1.0,40.48914524571132,1.0,17,246.0,0.9096493528186798,False
2023-06-10,persian_gulf,Persian Gulf,47,8,4.0,30.093356508755647,1.529680855570707,13,237.0,-0.9339003219405927,False
2023-06-10,bab_el_mandeb,Bab-el-Mandeb,80,20,54.0,48.01617021307564,33.26491509503542,11,372.0,-0.08189998728912301,False
2023-06-17,gulf_of_oman,Gulf of Oman,15,4,3.0,4.132021813967505,0.8060856314820617,2,30.0,4.794646635951015,True
2023-06-17,bosphorus,Turkish Straits (Bosphorus-Dardanelles),63,0,0.0,41.66196483900579,0.0,13,260.0,0.7459713827580876,False
2023-06-17,somali_basin,Somali Basin / Horn approaches,61,7,31.0,20.556228827233348,8.880623530924058,6,233.0,1.065141328476899,False
2023-06-17,hormuz,Strait of Hormuz,4,0,0.0,2.4503814860937334,0.0,3,19.0,-0.7178049194865009,False
2023-06-17,suez_canal,Suez Canal & Gulf of Suez,342,34,45.0,205.73346089062684,23.12882359157738,15,1071.0,1.2466086431147925,False
2023-06-17,southern_red_sea,Southern Red Sea,99,21,61.0,62.45579475551201,42.17137374307571,15,390.0,0.11362490903247487,False
2023-06-17,black_sea,Black Sea,65,0,0.0,37.591682235865775,0.0,14,273.0,0.48277010168471196,False
2023-06-17,persian_gulf,Persian Gulf,45,4,7.0,33.9623910363137,3.3598879272667714,14,220.0,-1.3416972516747148,False
2023-06-17,bab_el_mandeb,Bab-el-Mandeb,98,20,60.0,56.467222035115256,32.49352226128088,12,365.0,0.6413733956409354,False
2023-06-17,gulf_of_aden,Gulf of Aden,121,24,77.0,97.86992574847453,59.95981439097695,19,466.0,0.1995652425200455,False
2023-06-17,eastern_med,Eastern Mediterranean,600,94,202.0,506.06492070340107,151.51908331996697,40,1903.0,2.630956872330964,True
2023-06-24,bosphorus,Turkish Straits (Bosphorus-Dardanelles),34,0,1.0,24.451340409625114,1.0,7,221.0,-1.318760946791568,False
2023-06-24,suez_canal,Suez Canal & Gulf of Suez,179,11,32.0,106.43476146556665,15.435420201079474,11,996.0,-1.66147557249174,False
2023-06-24,eastern_med,Eastern Mediterranean,361,84,146.0,314.77897654250376,120.72606436119571,32,1819.0,-1.301716324725169,False
2023-06-24,gulf_of_aden,Gulf of Aden,90,58,64.0,70.74247746860809,50.248278202106505,17,438.0,-1.2253404196258577,False
2023-06-24,black_sea,Black Sea,36,0,1.0,22.761109206662816,1.0,9,229.0,-1.2549900398011065,False
2023-06-24,northern_red_sea,Northern & Central Red Sea,1,2,1.0,1.0,1.0,1,4.0,-0.3535533905932738,False
2023-06-24,hormuz,Strait of Hormuz,3,0,0.0,2.257044165093125,0.0,2,15.0,-1.072993844098688,False
2023-06-24,gulf_of_oman,Gulf of Oman,13,8,8.0,3.5946313929794638,2.1495616839521645,2,36.0,1.6648443130894701,False
2023-06-24,bab_el_mandeb,Bab-el-Mandeb,76,55,54.0,44.68627908763813,31.559546329741245,13,347.0,-0.9255283141932031,False
2023-06-24,persian_gulf,Persian Gulf,44,4,7.0,30.31679171673195,3.216283939464696,14,195.0,-1.6407089396821852,False
2023-06-24,southern_red_sea,Southern Red Sea,75,56,53.0,50.17455915122397,35.11482795501527,15,360.0,-1.107467620717694,False
2023-06-24,somali_basin,Somali Basin / Horn approaches,45,29,34.0,13.986899328603538,10.326673750609864,6,216.0,-0.5803835822158409,False
2023-07-01,black_sea,Black Sea,59,0,2.0,35.742223217936655,1.7437313235468108,18,229.0,0.32767465519428085,False
2023-07-01,hormuz,Strait of Hormuz,7,0,0.0,3.9644698162799834,0.0,3,20.0,1.135181202996401,False
2023-07-01,bab_el_mandeb,Bab-el-Mandeb,76,38,62.0,46.658304256889,38.964322047056626,12,330.0,-1.696965089141407,False
2023-07-01,gulf_of_aden,Gulf of Aden,109,40,77.0,82.81913593546687,62.833199437021236,19,427.0,-0.6808509335606497,False
2023-07-01,southern_red_sea,Southern Red Sea,83,36,60.0,51.99990747760178,37.92470701523847,15,342.0,-1.0346040435103097,False
2023-07-01,gulf_of_oman,Gulf of Oman,12,8,6.0,3.3767330107640414,1.6121712629641234,2,44.0,1.0000000000000004,False
2023-07-01,persian_gulf,Persian Gulf,43,4,6.0,29.43249128750435,3.01015103532945,14,179.0,-1.3288732302054493,False
2023-07-01,suez_canal,Suez Canal & Gulf of Suez,418,44,77.0,247.46358118863134,40.983372411751354,15,1147.0,2.105262105291905,True
2023-07-01,bosphorus,Turkish Straits (Bosphorus-Dardanelles),49,0,0.0,33.33025118611385,0.0,9,207.0,-0.0923186182344992,False
2023-07-01,eastern_med,Eastern Mediterranean,606,106,166.0,544.3636632458265,138.46070074814125,38,1977.0,1.8040418738432968,False
2023-07-01,somali_basin,Somali Basin / Horn approaches,51,27,43.0,16.201986863112403,13.305382782192599,6,203.0,-0.3030690164455617,False
2023-07-08,somali_basin,Somali Basin / Horn approaches,70,35,44.0,24.57171717981078,13.216333158416932,7,227.0,2.1244617769918874,True
2023-07-08,eastern_med,Eastern Mediterranean,479,64,172.0,414.1794593022849,139.87173439924777,38,2046.0,0.24032605411434033,False
2023-07-08,gulf_of_aden,Gulf of Aden,138,68,89.0,102.47685230993481,64.55917223476874,20,458.0,0.7623205126380611,False
2023-07-08,hormuz,Strait of Hormuz,5,1,1.0,1.9007629721874668,0.257044165093125,3,19.0,0.1261312447773779,False
2023-07-08,bosphorus,Turkish Straits (Bosphorus-Dardanelles),78,0,2.0,53.80249401796563,2.0,15,224.0,1.6730424290927421,False
2023-07-08,persian_gulf,Persian Gulf,51,6,11.0,35.13081169074139,5.094374874463693,13,183.0,-0.26252344063941563,False
2023-07-08,suez_canal,Suez Canal & Gulf of Suez,282,19,52.0,160.19994157569255,24.311194401022657,13,1221.0,0.15889065805850677,False
2023-07-08,black_sea,Black Sea,77,0,3.0,51.189741802071666,2.536964968265156,17,237.0,1.2750768675112798,False
2023-07-08,bab_el_mandeb,Bab-el-Mandeb,103,58,71.0,60.28421339169304,41.98583158821946,13,353.0,1.1438393984362873,False
2023-07-08,gulf_of_oman,Gulf of Oman,5,6,2.0,1.394272880748701,0.5373904209880411,2,45.0,-0.8617180642181054,False
2023-07-08,india_west_coast,India West Coast corridor,2,1,1.0,2.0,1.0,1,5.0,,False
2023-07-08,southern_red_sea,Southern Red Sea,113,58,78.0,73.7837564688412,53.9576795623402,16,370.0,0.547150789374141,False
2023-07-08,arabian_sea,Arabian Sea (open),2,1,1.0,1.4222501698202272,0.7111250849101136,1,5.0,,False
2023-07-15,bab_el_mandeb,Bab-el-Mandeb,103,30,68.0,56.336662245071096,36.806611461858296,9,358.0,1.0502411298688374,False
2023-07-15,persian_gulf,Persian Gulf,45,7,12.0,31.549046084799713,7.059361711141414,11,183.0,-0.7747442536324962,False
2023-07-15,northern_red_sea,Northern & Central Red Sea,1,0,0.0,0.49561405823320354,0.0,1,4.0,-0.3535533905932738,False
2023-07-15,somali_basin,Somali Basin / Horn approaches,60,13,36.0,21.54360550219664,11.738307313266148,5,226.0,0.38651034126196065,False
2023-07-15,bosphorus,Turkish Straits (Bosphorus-Dardanelles),70,0,0.0,49.36099985014107,0.0,11,231.0,0.7987204993746081,False
2023-07-15,suez_canal,Suez Canal & Gulf of Suez,333,13,53.0,195.43702628148662,28.106896258304793,13,1212.0,0.7808071654373225,False
2023-07-15,hormuz,Strait of Hormuz,4,0,0.0,0.8370561280949501,0.0,2,19.0,-0.3250789573356215,False
2023-07-15,gulf_of_oman,Gulf of Oman,1,0,0.0,0.26869521049402056,0.0,1,31.0,-1.7403580533459648,False
2023-07-15,eastern_med,Eastern Mediterranean,524,50,130.0,464.01918011505074,102.75555258335172,39,1970.0,0.6187647321212427,False
2023-07-15,gulf_of_aden,Gulf of Aden,130,37,86.0,98.43812412215615,62.44978620458624,15,467.0,0.4678994792523842,False
2023-07-15,southern_red_sea,Southern Red Sea,117,33,76.0,71.62918853739617,50.81733588082487,14,388.0,0.9154545733352832,False
2023-07-15,black_sea,Black Sea,78,0,0.0,50.114192275676366,0.0,17,250.0,1.0824398810931861,False
2023-07-22,gulf_of_aden,Gulf of Aden,157,61,85.0,118.12955078258784,65.94278966391309,19,534.0,2.7328616291872025,True
2023-07-22,eastern_med,Eastern Mediterranean,498,98,150.0,421.85965208290304,113.10465532049443,39,2107.0,0.15887836493222113,False
2023-07-22,southern_red_sea,Southern Red Sea,136,48,70.0,90.1335275419622,47.62423820011212,16,449.0,2.5928165136809596,True
2023-07-22,somali_basin,Somali Basin / Horn approaches,68,44,39.0,20.24873861534902,11.307215986797232,6,249.0,1.1796456860134021,False
2023-07-22,bosphorus,Turkish Straits (Bosphorus-Dardanelles),67,0,4.0,45.340258014292054,3.2159169910087284,17,264.0,0.3986205025895481,False
2023-07-22,gulf_of_oman,Gulf of Oman,2,4,1.0,0.5881872492666393,0.26869521049402056,2,20.0,-1.1096503214964708,False
2023-07-22,suez_canal,Suez Canal & Gulf of Suez,270,17,44.0,156.27489941145993,21.79641598981784,16,1303.0,-0.19920340972793976,False
2023-07-22,black_sea,Black Sea,77,0,6.0,47.43416014021963,4.0700770485624025,26,291.0,0.8033291245010792,False
2023-07-22,hormuz,Strait of Hormuz,6,0,0.0,2.0303934490955586,0.0,3,22.0,0.6822210286372669,False
2023-07-22,persian_gulf,Persian Gulf,55,4,8.0,36.666524604651585,4.098421351623927,14,194.0,0.5055432008104109,False
2023-07-22,bab_el_mandeb,Bab-el-Mandeb,121,61,71.0,68.54201482943081,40.735737878915224,13,403.0,2.674443003047388,True
2023-07-29,eastern_med,Eastern Mediterranean,399,105,155.0,332.27555734893286,120.64646655413473,35,1900.0,-1.0676289016044758,False
2023-07-29,hormuz,Strait of Hormuz,5,0,0.0,2.5800119630018252,0.0,2,20.0,0.22254954928463022,False
2023-07-29,persian_gulf,Persian Gulf,41,1,5.0,25.833253914070784,1.931913691438086,13,192.0,-1.313553940028743,False
2023-07-29,bab_el_mandeb,Bab-el-Mandeb,139,73,99.0,79.73486105221914,58.309381772873095,12,466.0,2.860635558383407,True
2023-07-29,black_sea,Black Sea,76,1,3.0,46.542664401643336,2.1931997803047545,21,308.0,0.781735959970565,False
2023-07-29,southern_red_sea,Southern Red Sea,137,66,104.0,93.95260444009344,72.15308121348323,14,503.0,1.7671663356202272,False
2023-07-29,bosphorus,Turkish Straits (Bosphorus-Dardanelles),64,0,2.0,44.252570845461754,1.4106535261051971,14,279.0,0.24901380286190417,False
2023-07-29,somali_basin,Somali Basin / Horn approaches,85,36,59.0,26.03850665081243,17.80761523335552,6,283.0,2.7785504534987004,True
2023-07-29,gulf_of_aden,Gulf of Aden,164,80,120.0,123.46794470187463,86.16131695606006,17,589.0,2.0646782210406673,True
2023-07-29,suez_canal,Suez Canal & Gulf of Suez,209,35,51.0,120.02048023172193,23.217491039751017,13,1094.0,-1.0250839286220754,False
2023-07-29,gulf_of_oman,Gulf of Oman,6,0,0.0,1.7137649195213198,0.0,2,14.0,-0.18344984642633574,False
2023-08-05,gulf_of_aden,Gulf of Aden,137,64,96.0,105.95256251387782,71.65798787915367,20,588.0,0.39318397675384986,False
2023-08-05,arabian_sea,Arabian Sea (open),1,0,0.0,0.7111250849101136,0.0,1,5.0,-0.35355339059327373,False
2023-08-05,bosphorus,Turkish Straits (Bosphorus-Dardanelles),65,0,0.0,39.519724217508674,0.0,10,266.0,0.3128893238787299,False
2023-08-05,bab_el_mandeb,Bab-el-Mandeb,109,46,72.0,56.01882135288002,37.50031890848346,14,472.0,0.42280425832791146,False
2023-08-05,southern_red_sea,Southern Red Sea,106,41,75.0,72.06909304512173,51.95222250391707,16,496.0,0.015668047173630305,False
2023-08-05,hormuz,Strait of Hormuz,5,0,0.0,2.5800119630018252,0.0,2,20.0,0.0,False
2023-08-05,gulf_of_oman,Gulf of Oman,4,1,1.0,1.1763744985332787,0.26869521049402056,2,13.0,-0.6087807775281012,False
2023-08-05,suez_canal,Suez Canal & Gulf of Suez,185,18,35.0,111.92824065090336,18.39931518468835,11,997.0,-1.1705673920860384,False
2023-08-05,persian_gulf,Persian Gulf,64,6,6.0,48.11583091199529,2.0073133077519096,14,205.0,3.8608925137290946,True
2023-08-05,eastern_med,Eastern Mediterranean,393,114,149.0,323.2250596000839,111.62011771057456,35,1814.0,-1.0066868848040762,False
2023-08-05,india_west_coast,India West Coast corridor,1,0,0.0,1.0,0.0,1,5.0,-0.35355339059327373,False
2023-08-05,somali_basin,Somali Basin / Horn approaches,60,36,36.0,18.477937275732234,10.273315860966687,6,273.0,-0.055301468580720825,False
2023-08-05,black_sea,Black Sea,71,0,0.0,41.87359991709129,0.0,14,302.0,0.27065352791306974,False
2023-08-12,persian_gulf,Persian Gulf,81,9,15.0,65.53649713936507,9.67706395294636,16,241.0,4.195731958391303,True
2023-08-12,india_west_coast,India West Coast corridor,1,0,0.0,1.0,0.0,1,5.0,-0.35355339059327373,False
2023-08-12,black_sea,Black Sea,86,0,2.0,56.58387786693237,2.0,22,310.0,1.2959251763758335,False
2023-08-12,eastern_med,Eastern Mediterranean,411,81,155.0,342.577494942225,119.49190192410246,40,1701.0,-0.767329437140597,False
2023-08-12,arabian_sea,Arabian Sea (open),1,0,0.0,0.7111250849101136,0.0,1,5.0,-0.35355339059327373,False
2023-08-12,gulf_of_oman,Gulf of Oman,5,0,0.0,1.394272880748701,0.0,2,17.0,-0.42146361521176234,False
2023-08-12,hormuz,Strait of Hormuz,6,4,1.0,2.0941002931880752,0.19333732100060838,3,22.0,0.9025825017214667,False
2023-08-12,southern_red_sea,Southern Red Sea,168,44,104.0,109.2527087058077,70.38645618139401,16,547.0,2.660910924318883,True
2023-08-12,gulf_of_aden,Gulf of Aden,185,52,115.0,138.56673224271591,84.9993135946139,20,643.0,2.237368191806548,True
2023-08-12,bosphorus,Turkish Straits (Bosphorus-Dardanelles),74,0,1.0,54.94936519510388,1.0,12,270.0,0.9329070090698703,False
2023-08-12,suez_canal,Suez Canal & Gulf of Suez,211,13,44.0,120.61482859553773,22.49464718826039,12,875.0,-0.7838217868310193,False
2023-08-12,somali_basin,Somali Basin / Horn approaches,75,30,53.0,22.99847889367519,14.83519395517385,6,288.0,1.022570337728554,False
2023-08-12,bab_el_mandeb,Bab-el-Mandeb,154,42,98.0,83.65968964929259,55.879613653132346,13,523.0,2.4025167916193615,True
2023-08-19,gulf_of_oman,Gulf of Oman,14,2,2.0,3.812529775194886,0.5373904209880411,2,29.0,1.8422647458873536,False
2023-08-19,southern_red_sea,Southern Red Sea,107,24,77.0,64.8793767688411,52.337585337756266,14,518.0,-0.32610440487758896,False
2023-08-19,gulf_of_aden,Gulf of Aden,136,28,94.0,108.05900764813494,69.81871583642142,17,622.0,-0.09058397261923155,False
2023-08-19,black_sea,Black Sea,80,0,4.0,53.14821587782136,3.444849571973016,17,313.0,0.6357334692148137,False
2023-08-19,eastern_med,Eastern Mediterranean,675,97,165.0,567.5569511110697,133.84730113413195,39,1878.0,2.620381114945843,True
2023-08-19,somali_basin,Somali Basin / Horn approaches,72,14,41.0,26.637729574617858,12.662402230991272,6,292.0,0.5980526316587373,False
2023-08-19,bab_el_mandeb,Bab-el-Mandeb,108,22,73.0,58.46155188769685,39.69037052650852,12,510.0,-0.07716257364969495,False
2023-08-19,suez_canal,Suez Canal & Gulf of Suez,255,13,38.0,145.05386246966694,21.058128702291427,14,860.0,-0.07090389461656404,False
2023-08-19,bosphorus,Turkish Straits (Bosphorus-Dardanelles),67,0,3.0,48.295783040057145,2.2689610297146285,11,270.0,0.3037822985136348,False
2023-08-19,hormuz,Strait of Hormuz,2,0,0.0,1.1933373210006084,0.0,2,18.0,-2.507173615892963,False
2023-08-19,persian_gulf,Persian Gulf,57,4,8.0,44.63957489470481,4.275878214439986,12,243.0,0.2932942300427051,False
2023-08-26,black_sea,Black Sea,72,0,3.0,46.910883777692554,2.2747091556470465,18,309.0,-0.44450044450065596,False
2023-08-26,eastern_med,Eastern Mediterranean,552,157,193.0,471.0588716983245,162.73347969125282,38,2031.0,0.5296542067802921,False
2023-08-26,arabian_sea,Arabian Sea (open),1,0,0.0,0.7111250849101136,0.0,1,5.0,-0.35355339059327373,False
2023-08-26,hormuz,Strait of Hormuz,4,0,0.0,1.6437188070943418,0.0,3,17.0,-0.6614378277661443,False
2023-08-26,gulf_of_oman,Gulf of Oman,10,1,1.0,2.737748933218804,0.26869521049402056,2,33.0,0.8459540755102138,False
2023-08-26,southern_red_sea,Southern Red Sea,120,52,89.0,71.25918020810107,53.984371206990474,15,501.0,-0.034004630496797084,False
2023-08-26,persian_gulf,Persian Gulf,47,2,5.0,34.44340752649854,2.529680855570707,13,249.0,-0.5785546701242705,False
2023-08-26,india_west_coast,India West Coast corridor,1,0,0.0,1.0,0.0,1,5.0,-0.35355339059327373,False
2023-08-26,somali_basin,Somali Basin / Horn approaches,71,31,44.0,25.53812048745685,14.356261683067682,6,278.0,0.32098695924974696,False
2023-08-26,gulf_of_aden,Gulf of Aden,148,54,98.0,117.73630372331306,77.13428390197281,19,606.0,0.14986461499869225,False
2023-08-26,bosphorus,Turkish Straits (Bosphorus-Dardanelles),64,0,0.0,49.05753954851575,0.0,14,270.0,-0.32045524116588475,False
2023-08-26,suez_canal,Suez Canal & Gulf of Suez,248,9,50.0,145.41188536086668,26.572355678617374,13,899.0,-0.2935528654436619,False
2023-08-26,bab_el_mandeb,Bab-el-Mandeb,117,49,82.0,64.15500324471968,46.06035920540972,12,488.0,0.11995727262865362,False
2023-09-02,gulf_of_oman,Gulf of Oman,5,2,1.0,1.394272880748701,0.26869521049402056,2,34.0,-0.20552707683014623,False
2023-09-02,somali_basin,Somali Basin / Horn approaches,73,28,44.0,24.795217505599034,13.241796815685648,6,291.0,0.3550910043306892,False
2023-09-02,hormuz,Strait of Hormuz,2,0,0.0,1.1933373210006084,0.0,2,14.0,-2.015401226868512,False
2023-09-02,bab_el_mandeb,Bab-el-Mandeb,114,36,76.0,68.70575917282154,44.907221074435114,13,493.0,-0.2855925322609051,False
2023-09-02,black_sea,Black Sea,52,16,3.0,28.665803574192314,2.2650944084899143,13,290.0,-5.376341605560922,False
2023-09-02,bosphorus,Turkish Straits (Bosphorus-Dardanelles),45,0,0.0,29.840807746901866,0.0,10,250.0,-4.6605313502849635,False
2023-09-02,gulf_of_aden,Gulf of Aden,141,46,98.0,106.55351099005854,70.86489445802965,17,610.0,-0.4542100739999894,False
2023-09-02,eastern_med,Eastern Mediterranean,568,121,312.0,446.14494675708045,221.38936709586872,30,2206.0,0.8056175301843423,False
2023-09-02,persian_gulf,Persian Gulf,42,3,7.0,33.768738874906994,6.415103535848032,12,227.0,-1.0298926859022612,False
2023-09-02,southern_red_sea,Southern Red Sea,130,42,89.0,83.47044820050002,60.26539132286646,15,525.0,0.21629188199703953,False
2023-09-02,suez_canal,Suez Canal & Gulf of Suez,204,12,46.0,118.30632339082737,23.322935321827323,12,918.0,-0.9509299350895641,False
2023-09-09,bab_el_mandeb,Bab-el-Mandeb,116,39,76.0,69.2965947740919,47.82116524352756,11,455.0,-0.2661467123546548,False
2023-09-09,gulf_of_aden,Gulf of Aden,141,42,92.0,110.1910791146654,69.7570209404494,17,566.0,-0.48068424141421157,False
2023-09-09,somali_basin,Somali Basin / Horn approaches,76,34,52.0,23.673046263789203,15.276209237299238,6,292.0,0.6740913451683664,False
2023-09-09,bosphorus,Turkish Straits (Bosphorus-Dardanelles),78,0,0.0,53.65317815691542,0.0,16,254.0,1.5754376823760763,False
2023-09-09,gulf_of_oman,Gulf of Oman,3,2,1.0,0.8568824597606599,0.26869521049402056,2,32.0,-0.6753032524419091,False
2023-09-09,southern_red_sea,Southern Red Sea,121,29,82.0,81.12624091617185,55.21888754329454,13,478.0,-0.3278787629996369,False
2023-09-09,eastern_med,Eastern Mediterranean,468,114,184.0,393.74430850485,143.51525481857684,35,2263.0,-0.3498978603131462,False
2023-09-09,hormuz,Strait of Hormuz,6,0,0.0,2.0941002931880752,0.0,3,14.0,1.1067971810589279,False
2023-09-09,black_sea,Black Sea,88,10,6.0,55.101410334955055,6.0,20,292.0,1.3940382979688573,False
2023-09-09,suez_canal,Suez Canal & Gulf of Suez,239,38,59.0,142.92176788461109,29.82922278614768,12,946.0,-0.007854033661957723,False
2023-09-09,persian_gulf,Persian Gulf,50,2,4.0,38.86141626679534,2.7648404277853533,15,196.0,-0.295573162752948,False
2023-09-16,suez_canal,Suez Canal & Gulf of Suez,226,11,63.0,142.65558176169935,36.25722804297411,13,917.0,-0.05510227399992652,False
2023-09-16,eastern_med,Eastern Mediterranean,462,78,204.0,381.5488073040477,154.28453522650804,38,2050.0,-0.3389202555337382,False
2023-09-16,hormuz,Strait of Hormuz,8,4,2.0,2.5444817792818086,0.38667464200121676,3,20.0,2.0706279240848575,True
2023-09-16,bab_el_mandeb,Bab-el-Mandeb,94,37,63.0,54.216593698791655,37.2742130433957,12,441.0,-1.75998675235078,False
2023-09-16,bosphorus,Turkish Straits (Bosphorus-Dardanelles),69,0,1.0,49.75585468895197,0.23915254753668114,11,256.0,0.3609974361905731,False
2023-09-16,persian_gulf,Persian Gulf,54,5,7.0,38.87978020440854,3.944784391418739,15,193.0,-0.04746156491484856,False
2023-09-16,gulf_of_oman,Gulf of Oman,4,0,0.0,1.1255776702546805,0.0,2,22.0,-0.5339383781460851,False
2023-09-16,southern_red_sea,Southern Red Sea,106,43,70.0,72.96489747252633,49.149251042539156,15,477.0,-1.108851924409595,False
2023-09-16,black_sea,Black Sea,70,0,0.0,45.86800507076797,0.0,16,282.0,-0.4699772857412999,False
2023-09-16,somali_basin,Somali Basin / Horn approaches,62,28,35.0,20.037433622191294,10.668423528615538,6,282.0,-1.476511004280934,False
2023-09-16,gulf_of_aden,Gulf of Aden,126,47,77.0,93.39010520989184,55.64375339570555,19,556.0,-1.4898175773017481,False
2023-09-23,somali_basin,Somali Basin / Horn approaches,63,44,41.0,19.156681406431204,12.809438124165219,6,274.0,-1.1042759996957159,False
2023-09-23,southern_red_sea,Southern Red Sea,92,32,57.0,63.244534893352586,37.48606580728596,14,449.0,-1.5379657034331111,False
2023-09-23,suez_canal,Suez Canal & Gulf of Suez,236,13,57.0,152.34520798017792,36.40895656976845,14,905.0,0.5766342138860571,False
2023-09-23,gulf_of_oman,Gulf of Oman,17,0,0.0,4.669412234955546,0.0,2,29.0,2.8414634313453795,True
2023-09-23,eastern_med,Eastern Mediterranean,475,71,174.0,398.2835879531869,138.16481997960565,42,1973.0,-0.16075502519810111,False
2023-09-23,gulf_of_aden,Gulf of Aden,124,52,77.0,104.34403120135809,64.73873783221698,16,532.0,-1.2383499660022959,False
2023-09-23,black_sea,Black Sea,91,0,3.0,56.700447676686146,2.536964968265156,22,301.0,1.4728505414974382,False
2023-09-23,persian_gulf,Persian Gulf,58,12,11.0,40.85026539818006,6.124728355052126,15,204.0,0.26577107985318005,False
2023-09-23,bosphorus,Turkish Straits (Bosphorus-Dardanelles),82,0,2.0,61.2134155944045,2.0,13,274.0,1.6640897681778584,False
2023-09-23,hormuz,Strait of Hormuz,11,7,3.0,3.8674495771905084,0.5800119630018251,3,27.0,3.0445143777965837,True
2023-09-23,bab_el_mandeb,Bab-el-Mandeb,101,47,59.0,56.073256525018884,35.08722028613526,13,425.0,-0.9441816560130756,False
2023-09-30,hormuz,Strait of Hormuz,2,0,0.0,1.1933373210006084,0.0,2,27.0,-1.157516198590757,False
2023-09-30,southern_red_sea,Southern Red Sea,114,58,91.0,83.28319729976013,66.64684449494382,16,433.0,-0.2055663520219485,False
2023-09-30,black_sea,Black Sea,83,2,4.0,54.18522472034751,1.9942678832671092,18,332.0,0.5295135648730921,False
2023-09-30,suez_canal,Suez Canal & Gulf of Suez,214,14,53.0,125.15135818250259,29.262301405846383,11,915.0,-0.4821656111176352,False
2023-09-30,bab_el_mandeb,Bab-el-Mandeb,94,47,72.0,59.08546143862117,46.668610070078174,12,405.0,-1.124300422784429,False
2023-09-30,bosphorus,Turkish Straits (Bosphorus-Dardanelles),70,2,1.0,51.68340318033328,0.26896102971462843,12,299.0,0.17757120130114268,False
2023-09-30,gulf_of_oman,Gulf of Oman,11,0,0.0,3.0064441437128244,0.0,2,35.0,0.6149771792077261,False
2023-09-30,northern_red_sea,Northern & Central Red Sea,1,1,1.0,0.49561405823320354,0.49561405823320354,1,4.0,,False
2023-09-30,persian_gulf,Persian Gulf,55,8,8.0,37.02195602319791,2.9939950672307027,11,217.0,-0.13542506381835998,False
2023-09-30,gulf_of_aden,Gulf of Aden,133,59,103.0,94.96803035246079,72.12236745192847,19,524.0,-0.4867939483704891,False
2023-09-30,eastern_med,Eastern Mediterranean,527,171,250.0,449.96236330413524,205.26043573356193,36,1932.0,0.28525029243501293,False
2023-09-30,somali_basin,Somali Basin / Horn approaches,57,34,46.0,15.10376394465113,12.281524727378088,6,258.0,-1.897366596101014,False
2023-10-07,somali_basin,Somali Basin / Horn approaches,99,21,46.0,30.584261385947208,12.956275314103948,6,281.0,4.346419442990474,True
2023-10-07,black_sea,Black Sea,105,0,1.0,69.07422628711437,1.0,31,349.0,2.137665873006187,True
2023-10-07,gulf_of_oman,Gulf of Oman,10,0,0.0,3.621444207560578,0.0,3,42.0,0.26683403736587624,False
2023-10-07,gulf_of_aden,Gulf of Aden,229,45,79.0,181.69979927584166,65.32474715849098,21,612.0,4.5416140284436395,True
2023-10-07,southern_red_sea,Southern Red Sea,198,43,67.0,126.90555530654473,41.569491082542655,17,510.0,3.455543682600401,True
2023-10-07,suez_canal,Suez Canal & Gulf of Suez,1215,4004,771.0,842.3663517403459,583.1651848011635,20,1891.0,53.59197985457436,True
2023-10-07,eastern_med,Eastern Mediterranean,1677,4080,1059.0,1527.77152574639,957.3904185463631,54,3141.0,14.106253503935022,True
2023-10-07,bosphorus,Turkish Straits (Bosphorus-Dardanelles),88,0,0.0,65.47325774284229,0.0,19,309.0,1.7281452504158794,False
2023-10-07,hormuz,Strait of Hormuz,11,0,0.0,5.610019584458908,0.0,4,32.0,1.7963397212080952,False
2023-10-07,arabian_sea,Arabian Sea (open),1,0,0.0,1.0,0.0,1,4.0,-0.35355339059327373,False
2023-10-07,persian_gulf,Persian Gulf,118,6,12.0,81.38251126615545,5.615231507213981,20,285.0,5.376299685533505,True
2023-10-07,bab_el_mandeb,Bab-el-Mandeb,186,38,66.0,103.18351335984022,41.8357844830947,14,475.0,3.8314919593127206,True
2023-10-14,bosphorus,Turkish Straits (Bosphorus-Dardanelles),155,0,0.0,102.59837011939841,0.0,26,395.0,6.45829756083558,True
2023-10-14,gulf_of_oman,Gulf of Oman,13,0,0.0,5.872651435644618,0.0,4,51.0,0.7576144084141585,False
2023-10-14,black_sea,Black Sea,191,3,3.0,122.01434158826419,0.9089414367178704,43,470.0,6.978783730411318,True
2023-10-14,suez_canal,Suez Canal & Gulf of Suez,1133,2329,673.0,694.1562162131245,437.6386818680306,20,2798.0,2.2363670119758257,True
2023-10-14,eastern_med,Eastern Mediterranean,1542,2401,858.0,1414.7804509972577,801.6156714871862,59,4221.0,2.109829875012569,True
2023-10-14,arabian_sea,Arabian Sea (open),3,0,0.0,2.3750963858461267,0.0,2,6.0,5.303300858899106,True
2023-10-14,gulf_of_aden,Gulf of Aden,263,33,69.0,193.79052382375875,51.54336851744864,21,749.0,3.4062012059672737,True
2023-10-14,southern_red_sea,Southern Red Sea,222,31,58.0,161.90897475113076,41.49347301774404,16,626.0,3.0560349408925207,True
2023-10-14,persian_gulf,Persian Gulf,124,1,11.0,89.68008828882631,4.226434974794147,22,355.0,2.661829708250832,True
2023-10-14,somali_basin,Somali Basin / Horn approaches,70,20,31.0,23.3142202319995,9.213082938542858,7,289.0,-0.12667756566564328,False
2023-10-14,hormuz,Strait of Hormuz,17,0,0.0,7.273415956038349,0.0,5,41.0,2.8978460705049915,True
2023-10-14,bab_el_mandeb,Bab-el-Mandeb,191,28,56.0,95.06760201401522,31.411078526124033,14,572.0,2.519515245467177,True
2023-10-21,gulf_of_aden,Gulf of Aden,291,44,74.0,213.46805916651363,56.97357939653136,21,916.0,2.4328708990508425,True
2023-10-21,eastern_med,Eastern Mediterranean,1330,3195,836.0,1240.8139557619625,785.8627909792791,47,5076.0,1.0659086183702584,False
2023-10-21,black_sea,Black Sea,131,0,4.0,84.3300609710569,2.5494183112940934,34,510.0,0.8748801834898637,False
2023-10-21,persian_gulf,Persian Gulf,90,0,6.0,64.77334157887246,2.216283939464696,22,387.0,0.6550912625995073,False
2023-10-21,bab_el_mandeb,Bab-el-Mandeb,207,30,59.0,112.48457630629484,34.88936334479543,14,678.0,2.0443671045330367,True
2023-10-21,somali_basin,Somali Basin / Horn approaches,92,24,38.0,27.978377790044664,11.144932717614068,6,318.0,1.6064366184306078,False
2023-10-21,bosphorus,Turkish Straits (Bosphorus-Dardanelles),102,0,0.0,71.38682943029569,0.0,21,415.0,0.6350396017812121,False
2023-10-21,suez_canal,Suez Canal & Gulf of Suez,1030,3134,652.0,682.2726190343268,464.2908263185629,16,3592.0,1.2891455971251233,False
2023-10-21,gulf_of_oman,Gulf of Oman,9,2,1.0,3.2003585122307627,0.26869521049402056,3,43.0,-0.025913842725841484,False
2023-10-21,india_west_coast,India West Coast corridor,2,0,0.0,2.0,0.0,1,5.0,2.4748737341529163,True
2023-10-21,southern_red_sea,Southern Red Sea,268,40,61.0,194.49403730153156,39.29338213682162,17,802.0,2.8064528169192555,True
2023-10-21,hormuz,Strait of Hormuz,7,0,0.0,2.3529754193657832,0.0,4,37.0,-0.12000384018432979,False
2023-10-21,arabian_sea,Arabian Sea (open),3,0,0.0,2.4222501698202272,0.0,2,8.0,2.184069891354803,True
2023-10-28,eastern_med,Eastern Mediterranean,1441,2308,943.0,1360.4598448956153,905.8853159393942,50,5990.0,1.0457612370526517,False
2023-10-28,gulf_of_oman,Gulf of Oman,14,11,2.0,3.9649202600306808,0.5373904209880411,2,46.0,1.0393492741038732,False
2023-10-28,northern_red_sea,Northern & Central Red Sea,2,0,0.0,2.0,0.0,2,5.0,,False
2023-10-28,hormuz,Strait of Hormuz,12,0,0.0,5.8294944273945495,0.0,4,47.0,0.7977240352174653,False
2023-10-28,suez_canal,Suez Canal & Gulf of Suez,1193,2264,798.0,793.8638085595513,561.304289660941,19,4571.0,1.3431809838857252,False
2023-10-28,black_sea,Black Sea,121,0,1.0,75.72299969402589,0.2747091556470466,33,548.0,0.4559222530856773,False
2023-10-28,persian_gulf,Persian Gulf,103,8,15.0,69.84610549619067,6.6515714830452914,18,435.0,0.9013421626893908,False
2023-10-28,bab_el_mandeb,Bab-el-Mandeb,151,32,53.0,74.55243791989396,28.99817519389726,14,735.0,0.273040999794322,False
2023-10-28,bosphorus,Turkish Straits (Bosphorus-Dardanelles),104,0,0.0,70.83124840675859,0.0,21,449.0,0.5525043215530636,False
2023-10-28,southern_red_sea,Southern Red Sea,164,24,49.0,113.26369062198894,29.488678552140218,18,852.0,0.1186207402842538,False
2023-10-28,gulf_of_aden,Gulf of Aden,179,33,61.0,142.65966078516578,52.27291948694938,21,962.0,-0.02917033851155357,False
2023-10-28,somali_basin,Somali Basin / Horn approaches,53,29,33.0,14.21257247652363,9.010695421009242,6,314.0,-1.4232324304838961,False
2023-11-04,bab_el_mandeb,Bab-el-Mandeb,145,30,53.0,80.69748668591707,34.161924089177965,14,694.0,0.052947227928168805,False
2023-11-04,arabian_sea,Arabian Sea (open),2,0,0.0,1.4222501698202272,0.0,1,9.0,0.40933261718236147,False
2023-11-04,northern_red_sea,Northern & Central Red Sea,2,0,1.0,2.0,1.0,2,6.0,2.4748737341529163,True
2023-11-04,india_west_coast,India West Coast corridor,2,0,0.0,2.0,0.0,1,6.0,1.620185174601965,False
2023-11-04,hormuz,Strait of Hormuz,16,0,0.0,8.931156421283026,0.0,3,52.0,1.4908256020104274,False
2023-11-04,bosphorus,Turkish Straits (Bosphorus-Dardanelles),92,0,0.0,64.01295274277807,0.0,22,453.0,-0.053415923370893896,False
2023-11-04,southern_red_sea,Southern Red Sea,158,30,54.0,109.06409301325277,34.32754177100885,18,812.0,-0.04140014030205431,False
2023-11-04,gulf_of_oman,Gulf of Oman,18,0,0.0,5.192091586842558,0.0,2,54.0,1.6426888242837037,False
2023-11-04,suez_canal,Suez Canal & Gulf of Suez,956,1667,706.0,657.6777845451094,510.4893139703942,20,4312.0,0.549730101339728,False
2023-11-04,somali_basin,Somali Basin / Horn approaches,62,8,33.0,17.19332056012189,9.270487265000899,7,277.0,-0.574515378893517,False
2023-11-04,gulf_of_aden,Gulf of Aden,168,30,58.0,124.76757106349807,45.32504471571338,21,901.0,-0.26617134848085416,False
2023-11-04,persian_gulf,Persian Gulf,108,6,9.0,78.48831583272568,5.931913691438086,18,425.0,0.8580976842469653,False
2023-11-04,black_sea,Black Sea,121,0,2.0,77.65466211608572,1.265094408489914,40,564.0,0.28645722324269807,False
2023-11-04,eastern_med,Eastern Mediterranean,1218,1825,869.0,1137.5886132507637,823.9082191690762,58,5531.0,0.4132102510353031,False
2023-11-11,black_sea,Black Sea,99,1,3.0,71.0487071617085,2.3944811542052062,25,472.0,-0.40376167609848507,False
2023-11-11,india_west_coast,India West Coast corridor,1,0,1.0,1.0,1.0,1,6.0,-0.724568837309472,False
2023-11-11,southern_red_sea,Southern Red Sea,121,26,45.0,87.31390248591826,29.00043885688869,17,711.0,-0.7204413822708065,False
2023-11-11,eastern_med,Eastern Mediterranean,1195,1365,898.0,1122.3176076923824,856.4423311871558,51,5184.0,0.216776793154058,False
2023-11-11,gulf_of_oman,Gulf of Oman,15,1,1.0,5.561029923833199,0.26869521049402056,4,56.0,0.6614378277661481,False
2023-11-11,hormuz,Strait of Hormuz,10,0,0.0,6.157807137280592,0.0,3,45.0,-0.10267506354855001,False
2023-11-11,arabian_sea,Arabian Sea (open),3,0,1.0,2.2984991552655645,0.7111250849101136,3,11.0,1.4101901870444156,False
2023-11-11,bosphorus,Turkish Straits (Bosphorus-Dardanelles),87,0,0.0,68.40827135429137,0.0,17,385.0,-0.30103246018118823,False
2023-11-11,somali_basin,Somali Basin / Horn approaches,64,15,30.0,18.72011963613553,10.01324429387289,6,271.0,-0.343672063702051,False
2023-11-11,bab_el_mandeb,Bab-el-Mandeb,110,23,47.0,65.6047116427377,26.488866175064942,14,613.0,-0.7855150373973255,False
2023-11-11,suez_canal,Suez Canal & Gulf of Suez,954,1313,752.0,621.7546023396822,503.14116985765526,21,4133.0,0.3857563521893531,False
2023-11-11,persian_gulf,Persian Gulf,75,0,6.0,54.08592683454862,4.114577319722675,16,376.0,-0.4710080103406366,False
2023-11-11,gulf_of_aden,Gulf of Aden,134,28,53.0,102.29416877191075,42.96104262203045,21,772.0,-0.85130874772931,False
2023-11-18,bosphorus,Turkish Straits (Bosphorus-Dardanelles),65,0,0.0,44.79306903872575,0.0,14,348.0,-1.2683595142021773,False
2023-11-18,arabian_sea,Arabian Sea (open),3,0,2.0,2.133375254730341,1.4222501698202272,1,11.0,1.1351812029964043,False
2023-11-18,gulf_of_aden,Gulf of Aden,142,36,52.0,104.21177262115282,40.00938406644191,19,623.0,-0.7555870181845916,False
2023-11-18,india_west_coast,India West Coast corridor,3,0,2.0,3.0,2.0,1,8.0,3.139798295007712,True
2023-11-18,persian_gulf,Persian Gulf,86,1,7.0,59.23561554274511,3.944784391418739,18,372.0,-0.20332454682794127,False
2023-11-18,southern_red_sea,Southern Red Sea,131,35,43.0,90.32660437857272,27.22381694514807,17,574.0,-0.606590838775511,False
2023-11-18,eastern_med,Eastern Mediterranean,1148,2922,882.0,1075.0950636788903,837.6669045838795,43,5002.0,-0.06191252519976861,False
2023-11-18,suez_canal,Suez Canal & Gulf of Suez,908,2844,725.0,574.7576848385625,469.4379111823871,20,4011.0,0.10204334656512623,False
2023-11-18,gulf_of_oman,Gulf of Oman,16,0,1.0,4.654701165854517,0.26869521049402056,2,63.0,0.8080338988717556,False
2023-11-18,hormuz,Strait of Hormuz,16,0,0.0,8.994863265375542,0.0,3,54.0,1.099836123444125,False
2023-11-18,black_sea,Black Sea,80,0,4.0,49.809237906457824,3.3944811542052062,24,421.0,-1.1166949563227149,False
2023-11-18,bab_el_mandeb,Bab-el-Mandeb,111,28,42.0,56.47381701271909,22.91653732358142,14,517.0,-0.8497634198486509,False
2023-11-18,somali_basin,Somali Basin / Horn approaches,42,5,25.0,12.422138040196675,7.2564975858162075,6,221.0,-1.685401943200767,False
2023-11-25,bab_el_mandeb,Bab-el-Mandeb,90,34,55.0,49.74904670380269,30.04894473192709,13,456.0,-1.4047388736300954,False
2023-11-25,persian_gulf,Persian Gulf,74,8,12.0,49.45145154362217,7.059361711141414,16,343.0,-0.9068895672960385,False
2023-11-25,india_west_coast,India West Coast corridor,7,0,3.0,7.0,3.0,1,13.0,7.224231179096656,True
2023-11-25,black_sea,Black Sea,82,0,2.0,55.59030439028641,1.5959192167234328,22,382.0,-0.9754051202428623,False
2023-11-25,bosphorus,Turkish Straits (Bosphorus-Dardanelles),74,0,1.0,54.017077303517475,1.0,15,318.0,-0.7713128423833259,False
2023-11-25,southern_red_sea,Southern Red Sea,96,37,53.0,68.28843841791368,38.159523902327464,16,506.0,-1.4113540966904619,False
2023-11-25,suez_canal,Suez Canal & Gulf of Suez,441,238,224.0,286.3216691580068,156.6929910425208,20,3259.0,-1.5963981898588233,False
2023-11-25,somali_basin,Somali Basin / Horn approaches,45,12,30.0,12.553748881217896,8.239249621835228,5,213.0,-1.1583395092806197,False
2023-11-25,gulf_of_aden,Gulf of Aden,112,40,65.0,83.09409964870223,49.60051944075175,19,556.0,-1.3112731355131266,False
2023-11-25,gulf_of_oman,Gulf of Oman,12,3,0.0,3.5799203238784343,0.0,2,61.0,-0.4025382429497074,False
2023-11-25,eastern_med,Eastern Mediterranean,685,305,362.0,609.7042649884481,326.2038701196645,50,4246.0,-1.6523920138558006,False
2023-11-25,hormuz,Strait of Hormuz,11,3,0.0,7.83705612809495,0.0,3,53.0,-0.07316762275565931,False
2023-11-25,arabian_sea,Arabian Sea (open),7,0,3.0,4.977875594370795,2.133375254730341,1,15.0,4.919118546317752,True
2023-12-02,arabian_sea,Arabian Sea (open),6,0,6.0,4.266750509460682,4.266750509460682,1,19.0,1.657744123165408,False
2023-12-02,suez_canal,Suez Canal & Gulf of Suez,946,2492,815.0,603.1902669872794,522.2360511953675,19,3249.0,-0.13315593783778668,False
2023-12-02,eastern_med,Eastern Mediterranean,1168,2556,953.0,1097.5332360392615,913.5917564120444,42,4196.0,-0.36956378948392204,False
2023-12-02,black_sea,Black Sea,60,0,1.0,38.04330779873461,0.44484957197301606,16,321.0,-1.5899457792307503,False
2023-12-02,gulf_of_aden,Gulf of Aden,101,42,55.0,75.49822227299119,43.22478685436866,19,489.0,-1.3746067076861095,False
2023-12-02,bab_el_mandeb,Bab-el-Mandeb,69,38,42.0,38.49291545595315,26.1808440417353,13,380.0,-1.8561335662766167,False
2023-12-02,persian_gulf,Persian Gulf,73,2,6.0,53.12766740260006,6.0,16,308.0,-1.2807582525731238,False
2023-12-02,southern_red_sea,Southern Red Sea,82,42,41.0,57.89344166959622,28.389520044016553,16,430.0,-1.541967337537479,False
2023-12-02,gulf_of_oman,Gulf of Oman,6,7,2.0,1.8830007727424636,0.5373904209880411,3,49.0,-2.4414373713769906,False
2023-12-02,somali_basin,Somali Basin / Horn approaches,35,30,30.0,10.064841883191395,8.197617387271995,6,186.0,-1.4946773808759792,False
2023-12-02,india_west_coast,India West Coast corridor,6,0,6.0,6.0,6.0,1,17.0,1.8267086266779553,False
2023-12-02,bosphorus,Turkish Straits (Bosphorus-Dardanelles),55,0,1.0,37.46138167654523,0.26896102971462843,12,281.0,-1.5015987383240073,False
2023-12-02,hormuz,Strait of Hormuz,12,0,0.0,4.924065198366828,0.0,4,49.0,-0.14264935053936376,False
2023-12-09,eastern_med,Eastern Mediterranean,1095,1672,790.0,1016.2456127355355,758.0379706262618,55,4096.0,-0.47192172179179,False
2023-12-09,southern_red_sea,Southern Red Sea,115,60,56.0,77.99362294527249,34.159607005738934,16,424.0,-0.6376678783353054,False
2023-12-09,arabian_sea,Arabian Sea (open),10,0,9.0,7.111250849101136,6.4001257641910225,1,26.0,3.25,True
2023-12-09,hormuz,Strait of Hormuz,6,0,0.0,3.7074256511868584,0.0,3,45.0,-1.9138973276082294,False
2023-12-09,gulf_of_aden,Gulf of Aden,135,64,68.0,105.53279845338821,56.54718935360276,19,490.0,-0.5604141480461091,False
2023-12-09,india_west_coast,India West Coast corridor,10,0,9.0,10.0,9.0,1,26.0,3.0234214344708885,True
2023-12-09,bab_el_mandeb,Bab-el-Mandeb,101,58,56.0,58.76311430378645,31.664470676289763,13,371.0,-0.690028807017803,False
2023-12-09,black_sea,Black Sea,143,0,0.0,90.15586073625722,0.0,43,365.0,0.7971597667616169,False
2023-12-09,persian_gulf,Persian Gulf,72,3,6.0,51.855014473916505,5.349736891937321,16,305.0,-1.0568206653444951,False
2023-12-09,suez_canal,Suez Canal & Gulf of Suez,850,1576,672.0,556.5251561090298,451.3516061760253,19,3145.0,-0.4196595315675253,False
2023-12-09,gulf_of_oman,Gulf of Oman,13,13,1.0,3.645428221258062,0.26869521049402056,2,47.0,0.032294089615226555,False
2023-12-09,somali_basin,Somali Basin / Horn approaches,58,49,39.0,16.954406357328835,11.779329579575663,6,180.0,0.006850141476454272,False
2023-12-09,bosphorus,Turkish Straits (Bosphorus-Dardanelles),109,0,0.0,79.77466706271655,0.0,24,303.0,0.5592645707754366,False
2023-12-16,india_west_coast,India West Coast corridor,7,0,4.0,7.0,4.0,1,30.0,0.910465468000326,False
2023-12-16,gulf_of_aden,Gulf of Aden,124,25,41.0,92.67673262688407,30.460612564110402,18,472.0,-0.5652488134207019,False
2023-12-16,bosphorus,Turkish Straits (Bosphorus-Dardanelles),58,0,2.0,43.47768589684801,2.0,12,296.0,-1.4278070551118003,False
2023-12-16,black_sea,Black Sea,72,0,2.0,52.688237933746905,2.0,21,357.0,-1.12895018211414,False
2023-12-16,bab_el_mandeb,Bab-el-Mandeb,92,21,28.0,52.38676392715496,16.433080495966376,13,352.0,-0.7158870624264884,False
2023-12-16,southern_red_sea,Southern Red Sea,117,25,39.0,81.87910041258951,23.614622157567407,16,410.0,-0.428199083561179,False
2023-12-16,hormuz,Strait of Hormuz,6,0,0.0,2.900762972187467,0.0,3,35.0,-1.4364897054266652,False
2023-12-16,suez_canal,Suez Canal & Gulf of Suez,819,1138,657.0,547.5744268156483,449.66185262039403,19,3056.0,-0.42220623132697543,False
2023-12-16,gulf_of_oman,Gulf of Oman,5,4,2.0,1.4450697090272993,0.5373904209880411,2,36.0,-2.034527645759273,False
2023-12-16,eastern_med,Eastern Mediterranean,1044,1216,816.0,974.9463183996579,772.3546634477839,43,3992.0,-0.5244108267109069,False
2023-12-16,persian_gulf,Persian Gulf,45,1,4.0,33.556160388384015,2.1017066197420213,19,264.0,-2.8243089034475632,False
2023-12-16,arabian_sea,Arabian Sea (open),7,0,4.0,4.977875594370795,2.8445003396404545,1,30.0,0.8560891490320895,False
2023-12-16,somali_basin,Somali Basin / Horn approaches,44,14,18.0,12.591062931773463,5.781872395690964,6,182.0,-0.7035217578289048,False
2023-12-23,arabian_sea,Arabian Sea (open),12,0,10.0,8.533501018921363,7.111250849101136,1,35.0,2.4554690016824146,True
2023-12-23,black_sea,Black Sea,154,0,2.0,98.91744269427008,2.0,36,429.0,1.9750120597204377,False
2023-12-23,southern_red_sea,Southern Red Sea,78,17,24.0,55.404019878066435,15.38788544403824,16,392.0,-1.607728870966208,False
2023-12-23,gulf_of_aden,Gulf of Aden,91,19,29.0,69.96599844244653,22.41623094588409,20,451.0,-1.742310463502403,False
2023-12-23,india_west_coast,India West Coast corridor,12,0,10.0,12.0,10.0,1,35.0,2.2684750430584466,True
2023-12-23,bosphorus,Turkish Straits (Bosphorus-Dardanelles),130,0,1.0,96.94339049116743,1.0,22,352.0,2.399892962690355,True
2023-12-23,hormuz,Strait of Hormuz,10,0,0.0,4.608188623374325,0.0,3,34.0,-0.2934584493286594,False
2023-12-23,somali_basin,Somali Basin / Horn approaches,37,10,16.0,10.600367438636443,4.805049527668016,6,174.0,-1.2820381512126977,False
2023-12-23,suez_canal,Suez Canal & Gulf of Suez,758,1452,632.0,506.45358281162856,429.98693744512366,20,3373.0,-0.5942278007483626,False
2023-12-23,eastern_med,Eastern Mediterranean,1048,1498,822.0,963.370633134768,775.0128780996115,50,4355.0,-0.3584009964070885,False
2023-12-23,persian_gulf,Persian Gulf,60,3,9.0,38.73377683051332,6.307839523877267,15,250.0,-0.9845399989174197,False
2023-12-23,gulf_of_oman,Gulf of Oman,5,0,0.0,1.4958665373058975,0.0,2,29.0,-1.5938463294082474,False
2023-12-23,bab_el_mandeb,Bab-el-Mandeb,68,14,22.0,41.018373667391856,15.201239226714534,13,330.0,-1.465672847085679,False
2023-12-30,gulf_of_aden,Gulf of Aden,143,18,26.0,117.48641483739341,20.816303265097233,20,493.0,0.697890442068213,False
2023-12-30,arabian_sea,Arabian Sea (open),6,10,5.0,4.266750509460682,3.555625424550568,1,35.0,-0.07071067811865475,False
2023-12-30,eastern_med,Eastern Mediterranean,958,1158,744.0,890.9132431921638,701.482186336989,48,4145.0,-0.6877530969038198,False
2023-12-30,black_sea,Black Sea,76,0,1.0,49.407033419302785,1.0,31,445.0,-0.7369182210973676,False
2023-12-30,india_west_coast,India West Coast corridor,6,10,5.0,6.0,5.0,1,35.0,0.0,False
2023-12-30,suez_canal,Suez Canal & Gulf of Suez,740,1079,595.0,505.82770972614634,418.75508214568515,20,3167.0,-0.5165421971084069,False
2023-12-30,bosphorus,Turkish Straits (Bosphorus-Dardanelles),62,0,0.0,46.975732854536545,0.0,17,359.0,-0.8313282427463451,False
2023-12-30,bab_el_mandeb,Bab-el-Mandeb,116,16,19.0,64.95180639212663,12.982632251449163,13,377.0,0.7102841705136799,False
2023-12-30,southern_red_sea,Southern Red Sea,132,16,20.0,89.45876630917807,11.873331027160972,17,442.0,0.7462133769888748,False
2023-12-30,somali_basin,Somali Basin / Horn approaches,31,14,15.0,9.276817466675727,4.809887924377083,6,170.0,-1.5307372792731597,False
2023-12-30,gulf_of_oman,Gulf of Oman,10,0,0.0,2.991733074611795,0.0,2,33.0,-0.2389872015538227,False
2023-12-30,hormuz,Strait of Hormuz,14,93,0.0,7.86523278846745,0.0,3,36.0,0.8151623592462761,False
2023-12-30,persian_gulf,Persian Gulf,92,98,7.0,64.81154134761057,5.764840427785353,18,269.0,0.9770583742770506,False
2024-01-06,gulf_of_aden,Gulf of Aden,165,57,52.0,123.31224882513541,36.064323103832784,21,523.0,2.169214907693511,True
2024-01-06,eastern_med,Eastern Mediterranean,1018,1271,815.0,924.9352765667244,750.7126173455287,44,4068.0,-0.15031224950583003,False
2024-01-06,black_sea,Black Sea,62,0,0.0,40.677476890871176,0.0,22,364.0,-0.9798055742531498,False
2024-01-06,hormuz,Strait of Hormuz,6,0,1.0,4.058799111733596,0.6084176256398628,4,36.0,-1.320466482788884,False
2024-01-06,arabian_sea,Arabian Sea (open),10,0,9.0,6.6622909301570665,5.951165845246953,2,35.0,1.0465994316692373,False
2024-01-06,gulf_of_oman,Gulf of Oman,8,2,4.0,2.724724527767674,1.4975532009557972,3,28.0,-0.5040161287741856,False
2024-01-06,india_west_coast,India West Coast corridor,9,0,8.0,9.0,8.0,1,34.0,0.7132467526968195,False
2024-01-06,somali_basin,Somali Basin / Horn approaches,41,10,21.0,11.84473527695877,6.052427094800436,6,153.0,-0.3090145267269552,False
2024-01-06,persian_gulf,Persian Gulf,59,5,9.0,39.96085300522209,5.072679951662621,16,256.0,-0.9017705756567373,False
2024-01-06,suez_canal,Suez Canal & Gulf of Suez,755,1185,623.0,496.6886580933211,417.8587160640029,20,3072.0,-0.28249034453706573,False
2024-01-06,bosphorus,Turkish Straits (Bosphorus-Dardanelles),56,0,0.0,34.988946115540614,0.0,15,306.0,-0.8905483242699131,False
2024-01-06,southern_red_sea,Southern Red Sea,142,42,42.0,109.02528887693612,32.674298593302694,17,469.0,1.5640989892800834,False
2024-01-06,bab_el_mandeb,Bab-el-Mandeb,130,36,38.0,66.89431118893671,24.659604004971843,14,406.0,1.9121122798878478,False
2024-01-13,bosphorus,Turkish Straits (Bosphorus-Dardanelles),68,0,1.0,44.01545096162392,1.0,19,316.0,-0.2901025933170958,False
2024-01-13,gulf_of_aden,Gulf of Aden,144,38,49.0,104.01011179999195,34.470805142864315,20,543.0,0.7098491918955175,False
2024-01-13,bab_el_mandeb,Bab-el-Mandeb,104,18,32.0,59.41758122173053,19.600822232586754,13,418.0,0.31375853058808234,False
2024-01-13,persian_gulf,Persian Gulf,60,13,10.0,39.784614643388444,6.1992486993974705,17,271.0,-0.6666142547191588,False
2024-01-13,gulf_of_oman,Gulf of Oman,15,18,7.0,4.2844122988033,1.880866473458144,2,38.0,1.3825367145180245,False
2024-01-13,eastern_med,Eastern Mediterranean,1012,1172,770.0,922.6648597888452,710.2771180315858,49,4036.0,-0.055987559357914655,False
2024-01-13,black_sea,Black Sea,78,0,1.0,45.234705188250274,1.0,30,370.0,-0.36080739520996596,False
2024-01-13,hormuz,Strait of Hormuz,10,2,1.0,6.157807137280592,0.257044165093125,3,40.0,-0.032294089615226486,False
2024-01-13,somali_basin,Somali Basin / Horn approaches,36,14,17.0,9.709961288839882,4.529636074330508,6,145.0,-0.6909888875256261,False
2024-01-13,southern_red_sea,Southern Red Sea,133,28,42.0,97.94215448352476,28.54337636343422,16,485.0,0.8935244620964954,False
2024-01-13,india_west_coast,India West Coast corridor,8,0,6.0,8.0,6.0,1,35.0,0.18002057495577387,False
2024-01-13,suez_canal,Suez Canal & Gulf of Suez,786,1115,616.0,529.7073747137989,420.42857667613856,20,3039.0,0.057300691745426936,False
2024-01-13,arabian_sea,Arabian Sea (open),8,0,6.0,5.689000679280909,4.266750509460682,1,36.0,0.1304171741330692,False
2024-01-20,gulf_of_oman,Gulf of Oman,10,10,4.0,2.8393425897760003,1.0747808419760823,2,43.0,0.19504737440137362,False
2024-01-20,eastern_med,Eastern Mediterranean,867,1462,655.0,802.4594936222438,614.9536168932257,37,3855.0,-0.9555305774677275,False
2024-01-20,persian_gulf,Persian Gulf,38,7,5.0,24.404270041811333,2.464314211659996,15,249.0,-2.055861385411926,False
2024-01-20,bosphorus,Turkish Straits (Bosphorus-Dardanelles),60,0,0.0,44.11146911864449,0.0,13,246.0,-0.5923154808596331,False
2024-01-20,bab_el_mandeb,Bab-el-Mandeb,123,8,36.0,62.29244213457527,21.91076934605854,14,473.0,1.2492636871722649,False
2024-01-20,india_west_coast,India West Coast corridor,6,0,6.0,6.0,6.0,1,29.0,-1.0118228229790105,False
2024-01-20,gulf_of_aden,Gulf of Aden,157,17,48.0,117.84007318110724,34.66318752331319,20,609.0,1.221317637169322,False
2024-01-20,southern_red_sea,Southern Red Sea,145,16,41.0,102.92082046430397,28.948273129887216,17,552.0,1.3709109003661046,False
2024-01-20,somali_basin,Somali Basin / Horn approaches,29,2,15.0,8.08675654501733,4.336244405746916,6,137.0,-1.418068405812999,False
2024-01-20,arabian_sea,Arabian Sea (open),6,0,6.0,4.266750509460682,4.266750509460682,1,30.0,-1.0285114588061344,False
2024-01-20,hormuz,Strait of Hormuz,8,5,0.0,4.157807137280592,0.0,3,38.0,-0.4482201783423457,False
2024-01-20,suez_canal,Suez Canal & Gulf of Suez,693,1374,550.0,467.1243837666287,371.81708160833756,15,2974.0,-0.47205849826265095,False
2024-01-20,black_sea,Black Sea,63,0,0.0,42.37540455763238,0.0,16,279.0,-0.764308426937477,False
2024-01-27,persian_gulf,Persian Gulf,38,0,1.0,25.47033933608347,0.4151035358480323,13,195.0,-1.441368963708128,False
2024-01-27,bosphorus,Turkish Straits (Bosphorus-Dardanelles),58,1,1.0,37.214729414990266,1.0,11,242.0,-0.5883534464204884,False
2024-01-27,somali_basin,Somali Basin / Horn approaches,38,10,19.0,11.633192513809593,6.145986982971642,7,144.0,-0.09588912569387006,False
2024-01-27,hormuz,Strait of Hormuz,5,0,0.0,3.386674642001217,0.0,2,29.0,-1.3228756555322934,False
2024-01-27,india_west_coast,India West Coast corridor,20,0,12.0,20.0,12.0,1,43.0,5.444911277838179,True
2024-01-27,bab_el_mandeb,Bab-el-Mandeb,118,51,50.0,56.102184260282584,23.181702402592467,14,475.0,0.7614997238307534,False
2024-01-27,eastern_med,Eastern Mediterranean,915,1190,700.0,851.2807264269362,666.2407578371138,39,3812.0,-1.2449526883409483,False
2024-01-27,southern_red_sea,Southern Red Sea,182,70,65.0,132.24128142830202,38.80427585345751,18,602.0,2.4879675899904297,True
2024-01-27,suez_canal,Suez Canal & Gulf of Suez,731,1107,598.0,483.7536131520884,395.1257866851394,14,2965.0,-0.7971391304974621,False
2024-01-27,black_sea,Black Sea,68,1,1.0,43.15164280227106,1.0,18,271.0,-0.5433579448969315,False
2024-01-27,gulf_of_aden,Gulf of Aden,201,108,79.0,132.9325026589618,57.56521866761389,21,667.0,2.6458217958277346,True
2024-01-27,arabian_sea,Arabian Sea (open),20,0,12.0,14.222501698202272,8.533501018921363,1,44.0,5.17388324149378,True
2024-01-27,gulf_of_oman,Gulf of Oman,12,4,2.0,3.3767330107640414,0.5373904209880411,2,45.0,0.8100925873009831,False
2024-02-03,bab_el_mandeb,Bab-el-Mandeb,192,86,100.0,103.26727095144061,55.090539064759554,14,537.0,4.2934400568325,True
2024-02-03,bosphorus,Turkish Straits (Bosphorus-Dardanelles),70,3,1.0,51.29031056193556,1.0,11,256.0,-0.18179973217691656,False
2024-02-03,persian_gulf,Persian Gulf,46,3,5.0,32.03713734936858,1.814051103597317,13,182.0,-0.6577370490941427,False
2024-02-03,somali_basin,Somali Basin / Horn approaches,73,28,50.0,21.185771632663418,14.19594410457161,6,176.0,3.748347653587955,True
2024-02-03,gulf_of_oman,Gulf of Oman,5,1,1.0,1.394272880748701,0.26869521049402056,2,42.0,-1.3138085462406102,False
2024-02-03,eastern_med,Eastern Mediterranean,1003,954,753.0,928.496859996438,712.3938640367942,42,3797.0,0.11054256689395728,False
2024-02-03,india_west_coast,India West Coast corridor,5,0,4.0,5.0,4.0,1,39.0,-1.0278317601097473,False
2024-02-03,gulf_of_aden,Gulf of Aden,232,95,118.0,171.6979361459468,87.2602275652388,20,734.0,2.723694223151083,True
2024-02-03,arabian_sea,Arabian Sea (open),5,0,4.0,3.555625424550568,2.8445003396404545,1,39.0,-1.0570919188684718,False
2024-02-03,black_sea,Black Sea,90,3,4.0,56.580697239967066,4.0,19,299.0,0.013526929937811108,False
2024-02-03,southern_red_sea,Southern Red Sea,217,91,106.0,154.07039689806504,71.69630574164714,17,677.0,2.910721321058477,True
2024-02-03,suez_canal,Suez Canal & Gulf of Suez,796,906,638.0,508.92752985481746,404.20263424485665,14,3006.0,0.5870221263353899,False
2024-02-03,hormuz,Strait of Hormuz,3,0,0.0,1.4503814860937334,0.0,3,26.0,-1.6834654367363548,False
2024-02-10,persian_gulf,Persian Gulf,54,0,4.0,41.4781290480433,1.981019716814713,14,176.0,-0.04236834150611236,False
2024-02-10,gulf_of_aden,Gulf of Aden,271,49,76.0,165.89628141656465,57.571377930404864,21,861.0,2.5993250667922494,True
2024-02-10,arabian_sea,Arabian Sea (open),4,0,4.0,2.8445003396404545,2.8445003396404545,1,35.0,-1.0668994030756536,False
2024-02-10,gulf_of_oman,Gulf of Oman,7,4,2.0,1.9824601300153404,0.5373904209880411,2,34.0,-0.47378944668552525,False
2024-02-10,hormuz,Strait of Hormuz,5,0,1.0,2.643718807094342,0.19333732100060838,3,21.0,-0.7868621523390386,False
2024-02-10,india_west_coast,India West Coast corridor,4,0,4.0,4.0,4.0,1,35.0,-1.0434225270465396,False
2024-02-10,suez_canal,Suez Canal & Gulf of Suez,731,859,559.0,428.65555703824896,319.034010530764,18,2951.0,-0.7183812828047919,False
2024-02-10,somali_basin,Somali Basin / Horn approaches,59,18,36.0,16.774829915459232,11.073305526631858,6,199.0,1.298314970127826,False
2024-02-10,bab_el_mandeb,Bab-el-Mandeb,145,38,69.0,78.79848691108008,37.66496038976951,14,578.0,0.7556043237378264,False
2024-02-10,southern_red_sea,Southern Red Sea,258,49,67.0,195.52227358079992,46.8129308458297,17,802.0,2.757323395822774,True
2024-02-10,bosphorus,Turkish Straits (Bosphorus-Dardanelles),72,0,2.0,53.295251724910244,2.0,15,260.0,0.0710094218984601,False
2024-02-10,black_sea,Black Sea,84,0,5.0,57.36307106246349,4.477837963307126,23,305.0,0.03734949722579485,False
2024-02-10,eastern_med,Eastern Mediterranean,930,953,698.0,862.2611459258565,656.6199278765584,44,3715.0,-0.823712358732161,False
2024-02-17,gulf_of_oman,Gulf of Oman,13,1,2.0,3.7470218778152584,0.5373904209880411,2,37.0,1.1547005383792521,False
2024-02-17,persian_gulf,Persian Gulf,61,3,5.0,42.14562332464808,2.660414143392129,16,199.0,0.2966789024059282,False
2024-02-17,southern_red_sea,Southern Red Sea,195,45,68.0,143.08540505545707,51.227129401313356,17,852.0,0.6070993925862499,False
2024-02-17,black_sea,Black Sea,82,0,0.0,45.94131480705482,0.0,23,324.0,-0.07970058292595027,False
2024-02-17,arabian_sea,Arabian Sea (open),15,0,14.0,10.666876273651704,9.95575118874159,1,44.0,1.1729529396183236,False
2024-02-17,eastern_med,Eastern Mediterranean,990,885,689.0,921.073665412851,652.5990086302844,47,3838.0,0.34263559730184695,False
2024-02-17,gulf_of_aden,Gulf of Aden,211,51,80.0,143.28580943184795,60.39012796939963,19,915.0,0.6247190131067802,False
2024-02-17,somali_basin,Somali Basin / Horn approaches,55,28,39.0,15.136007877787804,11.054827065598808,6,225.0,0.791256568074942,False
2024-02-17,india_west_coast,India West Coast corridor,15,0,14.0,15.0,14.0,1,44.0,1.201225188091973,False
2024-02-17,hormuz,Strait of Hormuz,7,0,0.0,5.4503814860937325,0.0,3,20.0,-0.17442534299282328,False
2024-02-17,bab_el_mandeb,Bab-el-Mandeb,149,47,73.0,77.20477698924188,41.59423421045588,14,604.0,0.693519683413565,False
2024-02-17,suez_canal,Suez Canal & Gulf of Suez,778,834,568.0,506.7053172026655,378.2401796331717,18,3036.0,0.890078590248368,False
2024-02-17,bosphorus,Turkish Straits (Bosphorus-Dardanelles),69,0,0.0,45.95889482776285,0.0,15,269.0,-0.12426253043692688,False
2024-02-24,bosphorus,Turkish Straits (Bosphorus-Dardanelles),82,0,0.0,65.30160881381121,0.0,15,293.0,2.89265003801423,True
2024-02-24,gulf_of_oman,Gulf of Oman,7,2,2.0,2.084053786572537,0.5373904209880411,2,32.0,-0.9104654680003266,False
2024-02-24,southern_red_sea,Southern Red Sea,177,33,61.0,121.58105874542579,38.22867866017656,17,847.0,0.032730457049423047,False
2024-02-24,bab_el_mandeb,Bab-el-Mandeb,142,29,58.0,73.53318771960916,30.59230299170423,14,628.0,0.2674219920786971,False
2024-02-24,persian_gulf,Persian Gulf,33,9,3.0,23.369373384822914,1.1799439636333857,13,194.0,-1.3285384071725919,False
2024-02-24,suez_canal,Suez Canal & Gulf of Suez,748,728,588.0,465.1223266228554,365.8594847837712,18,3053.0,-0.09449967735963778,False
2024-02-24,black_sea,Black Sea,93,0,1.0,59.039109075204465,1.0,22,349.0,1.7308013535056381,False
2024-02-24,eastern_med,Eastern Mediterranean,975,815,740.0,904.071942841844,696.6088566718652,44,3898.0,0.24791681967338583,False
2024-02-24,gulf_of_aden,Gulf of Aden,195,48,74.0,139.14842476368602,58.325691301391984,22,909.0,0.09745831841044747,False
2024-02-24,hormuz,Strait of Hormuz,6,0,0.0,4.386674642001217,0.0,2,21.0,-0.36192267675857986,False
2024-02-24,india_west_coast,India West Coast corridor,10,1,9.0,10.0,9.0,1,34.0,0.15719992227084484,False
2024-02-24,somali_basin,Somali Basin / Horn approaches,52,26,32.0,16.280999499447052,9.889773491167588,7,239.0,0.4360351781703919,False
2024-02-24,arabian_sea,Arabian Sea (open),10,1,9.0,7.111250849101136,6.4001257641910225,1,34.0,0.13454905527673566,False
2024-03-02,bosphorus,Turkish Straits (Bosphorus-Dardanelles),87,0,0.0,63.9142923415802,0.0,17,310.0,2.3465726609710233,True
2024-03-02,hormuz,Strait of Hormuz,8,0,0.0,3.414851302373717,0.0,3,26.0,0.8249579113843027,False
2024-03-02,bab_el_mandeb,Bab-el-Mandeb,139,46,45.0,71.82241976835394,25.894252750566665,14,575.0,0.04231906601135333,False
2024-03-02,black_sea,Black Sea,104,0,1.0,63.43129575205441,0.2747091556470466,27,363.0,2.2171490703152723,True
2024-03-02,somali_basin,Somali Basin / Horn approaches,50,41,29.0,15.493688089108854,8.62303352534284,6,216.0,0.1468952222898966,False
2024-03-02,gulf_of_oman,Gulf of Oman,6,0,1.0,1.7137649195213198,0.26869521049402056,2,33.0,-1.0472268396346935,False
2024-03-02,gulf_of_aden,Gulf of Aden,197,52,54.0,137.78132150843953,39.739432713748116,20,874.0,0.0,False
2024-03-02,india_west_coast,India West Coast corridor,7,3,7.0,7.0,7.0,1,36.0,-0.4840347275623298,False
2024-03-02,southern_red_sea,Southern Red Sea,186,40,49.0,136.89195432297552,32.42449348069273,17,816.0,0.11509283055893194,False
2024-03-02,eastern_med,Eastern Mediterranean,1025,790,772.0,947.4589579284101,727.3678020063032,42,3920.0,1.1317255267233404,False
2024-03-02,arabian_sea,Arabian Sea (open),7,3,7.0,4.977875594370795,4.977875594370795,1,36.0,-0.5075464573081305,False
2024-03-02,suez_canal,Suez Canal & Gulf of Suez,760,714,604.0,481.01889908190253,383.2324979430768,19,3017.0,0.2270520495223974,False
2024-03-02,persian_gulf,Persian Gulf,57,5,6.0,41.05748676643163,2.944784391418739,17,205.0,0.7403040528684472,False
2024-03-09,somali_basin,Somali Basin / Horn approaches,35,14,21.0,10.078981776318871,6.26494752810651,6,192.0,-0.9857339337275436,False
2024-03-09,black_sea,Black Sea,94,0,2.0,62.968965509759684,1.2681977118732497,26,373.0,0.8447499612189673,False
2024-03-09,southern_red_sea,Southern Red Sea,151,16,41.0,109.20831635186549,28.573423242804267,17,709.0,-0.9065537464409456,False
2024-03-09,hormuz,Strait of Hormuz,6,0,0.0,2.9644698162799834,0.0,3,27.0,-0.22687130324325688,False
2024-03-09,arabian_sea,Arabian Sea (open),17,0,17.0,12.089126443471931,12.089126443471931,1,49.0,1.3859546192028351,False
2024-03-09,bab_el_mandeb,Bab-el-Mandeb,93,17,37.0,47.529111095637724,19.41437714902079,14,523.0,-1.7429101666628166,False
2024-03-09,bosphorus,Turkish Straits (Bosphorus-Dardanelles),86,0,1.0,60.58048525865336,1.0,17,324.0,1.545560228416367,False
2024-03-09,eastern_med,Eastern Mediterranean,917,807,659.0,847.4021756287974,625.4892264897566,44,3907.0,-0.8632454964844742,False
2024-03-09,india_west_coast,India West Coast corridor,17,0,17.0,17.0,17.0,1,49.0,1.3859546192028351,False
2024-03-09,gulf_of_oman,Gulf of Oman,7,2,2.0,1.9824601300153404,0.5373904209880411,2,33.0,-0.6485413316473058,False
2024-03-09,gulf_of_aden,Gulf of Aden,164,19,51.0,103.32616764561867,35.71534678636005,20,767.0,-0.9250826003484289,False
2024-03-09,suez_canal,Suez Canal & Gulf of Suez,695,729,543.0,441.718453097596,349.73395516456924,17,2981.0,-1.6904566550718174,False
2024-03-09,persian_gulf,Persian Gulf,54,2,3.0,34.86747493731995,1.7648404277853535,15,205.0,0.5081121042985967,False
2024-03-16,suez_canal,Suez Canal & Gulf of Suez,706,579,554.0,442.0455633335907,349.0907250568251,19,2909.0,-0.9676221985712482,False
2024-03-16,bosphorus,Turkish Straits (Bosphorus-Dardanelles),72,0,0.0,51.03863380841289,0.0,18,327.0,-0.08990628942180853,False
2024-03-16,southern_red_sea,Southern Red Sea,211,69,78.0,154.65391145122365,52.75016137146718,17,725.0,0.6115281007526775,False
2024-03-16,persian_gulf,Persian Gulf,35,1,4.0,23.73574779371861,2.7648404277853533,11,179.0,-1.2197925297508243,False
2024-03-16,gulf_of_aden,Gulf of Aden,215,71,81.0,139.72809034873688,60.15740931475541,19,771.0,0.31604858320935625,False
2024-03-16,gulf_of_oman,Gulf of Oman,4,1,1.0,1.0747808419760823,0.26869521049402056,1,24.0,-1.4959060345825967,False
2024-03-16,somali_basin,Somali Basin / Horn approaches,50,51,35.0,14.481941236429675,10.639374454160825,6,187.0,0.07846753485731046,False
2024-03-16,bab_el_mandeb,Bab-el-Mandeb,143,70,71.0,77.39886306210562,41.08381497639573,14,517.0,0.1875092811640418,False
2024-03-16,arabian_sea,Arabian Sea (open),10,0,9.0,7.111250849101136,6.4001257641910225,1,44.0,-0.08235864093362705,False
2024-03-16,eastern_med,Eastern Mediterranean,939,692,685.0,854.4121302682606,639.8338302923563,45,3856.0,-0.255952814362263,False
2024-03-16,india_west_coast,India West Coast corridor,10,0,9.0,10.0,9.0,1,44.0,-0.08235864093362705,False
2024-03-16,black_sea,Black Sea,83,0,0.0,51.38545852485321,0.0,28,374.0,-0.12775327143815768,False
2024-03-16,hormuz,Strait of Hormuz,2,0,0.0,0.51408833018625,0.0,1,22.0,-2.366431913239835,False
2024-03-23,black_sea,Black Sea,64,0,2.0,40.75785636355408,0.38639956060950903,20,345.0,-2.183727844028704,False
2024-03-23,eastern_med,Eastern Mediterranean,917,737,689.0,842.8094672102748,640.5346286156655,45,3798.0,-1.0636902285043421,False
2024-03-23,somali_basin,Somali Basin / Horn approaches,71,68,44.0,20.188643092623966,12.80264304996255,6,206.0,1.6397061821059107,False
2024-03-23,persian_gulf,Persian Gulf,56,2,4.0,45.971481365926074,2.7648404277853533,13,202.0,0.8106718455711331,False
2024-03-23,bosphorus,Turkish Straits (Bosphorus-Dardanelles),53,0,2.0,35.466558372217136,0.8213070522103945,11,298.0,-2.1813885216423112,False
2024-03-23,suez_canal,Suez Canal & Gulf of Suez,688,569,546.0,445.71047592884196,362.141947013458,19,2849.0,-1.6000240469601061,False
2024-03-23,gulf_of_aden,Gulf of Aden,252,88,74.0,159.25598988630708,61.07775542894946,20,828.0,1.3217837233152572,False
2024-03-23,hormuz,Strait of Hormuz,5,0,0.0,3.386674642001217,0.0,2,21.0,-0.1261312447773778,False
2024-03-23,gulf_of_oman,Gulf of Oman,7,3,2.0,2.0332569582939386,0.5373904209880411,2,24.0,-0.19504737440137357,False
2024-03-23,bab_el_mandeb,Bab-el-Mandeb,140,82,63.0,79.1028986547603,37.224069235067844,14,515.0,-0.004452587482515401,False
2024-03-23,arabian_sea,Arabian Sea (open),6,0,6.0,4.266750509460682,4.266750509460682,1,40.0,-0.861118704783965,False
2024-03-23,india_west_coast,India West Coast corridor,6,0,6.0,6.0,6.0,1,40.0,-0.861118704783965,False
2024-03-23,southern_red_sea,Southern Red Sea,241,79,63.0,169.60402729106488,39.01002913651573,17,789.0,1.3696733167139572,False
2024-03-30,somali_basin,Somali Basin / Horn approaches,55,123,37.0,15.42761951191436,11.088921576793451,5,211.0,-0.05098553381448673,False
2024-03-30,persian_gulf,Persian Gulf,116,4,8.0,85.7890234027459,5.01015103532945,16,261.0,6.35705956133163,True
2024-03-30,hormuz,Strait of Hormuz,26,0,0.0,9.442324805567875,0.0,3,39.0,10.468893316522358,True
2024-03-30,arabian_sea,Arabian Sea (open),4,0,4.0,2.8445003396404545,2.8445003396404545,1,37.0,-1.1138921074366432,False
2024-03-30,black_sea,Black Sea,88,1,5.0,54.49971074219042,4.341457062176675,26,329.0,0.10665577817540153,False
2024-03-30,suez_canal,Suez Canal & Gulf of Suez,705,497,511.0,443.34347622422916,324.6876476681395,16,2794.0,-0.8273073983332057,False
2024-03-30,southern_red_sea,Southern Red Sea,170,131,56.0,119.15195818519496,35.3227268345271,16,773.0,-0.9933310310194523,False
2024-03-30,bab_el_mandeb,Bab-el-Mandeb,128,129,52.0,72.81474524810304,32.18576461853983,13,504.0,-0.5584243909678684,False
2024-03-30,gulf_of_oman,Gulf of Oman,18,34,3.0,5.090497930285361,0.8060856314820617,2,36.0,4.115823125451338,True
2024-03-30,gulf_of_aden,Gulf of Aden,179,135,60.0,124.57870940023925,47.679750368507975,19,810.0,-1.1208474919379896,False
2024-03-30,eastern_med,Eastern Mediterranean,952,603,647.0,875.1000959035097,604.9550582878908,44,3725.0,-0.2394761884413835,False
2024-03-30,bosphorus,Turkish Straits (Bosphorus-Dardanelles),64,1,2.0,41.21909421985742,2.0,16,275.0,-0.8873764219333877,False
2024-03-30,india_west_coast,India West Coast corridor,4,0,4.0,4.0,4.0,1,37.0,-1.1138921074366432,False
2024-04-06,persian_gulf,Persian Gulf,51,4,9.0,36.79665626837053,5.150917295553985,14,258.0,-0.2839474671984415,False
2024-04-06,eastern_med,Eastern Mediterranean,757,624,547.0,701.9915754536994,517.6594162461043,35,3565.0,-5.178058506264274,False
2024-04-06,bosphorus,Turkish Straits (Bosphorus-Dardanelles),36,0,0.0,25.214159750292673,0.0,8,225.0,-3.195422605084108,False
2024-04-06,arabian_sea,Arabian Sea (open),12,0,12.0,8.533501018921363,8.533501018921363,1,32.0,0.592392381694186,False
2024-04-06,bab_el_mandeb,Bab-el-Mandeb,64,54,56.0,34.98651209335162,31.066474330460867,13,475.0,-3.9419563386379375,False
2024-04-06,black_sea,Black Sea,48,2,1.0,31.836830985109767,0.26509440848991406,17,283.0,-3.301347763993255,False
2024-04-06,somali_basin,Somali Basin / Horn approaches,42,45,40.0,13.372739206575503,12.496180551605423,7,218.0,-1.1295604675259692,False
2024-04-06,suez_canal,Suez Canal & Gulf of Suez,578,599,459.0,364.40802845897355,287.8728859407638,14,2677.0,-4.498905601882473,False
2024-04-06,gulf_of_aden,Gulf of Aden,84,60,69.0,65.4829691416888,56.53663723147232,20,730.0,-3.5318428976807095,False
2024-04-06,hormuz,Strait of Hormuz,6,0,0.0,2.900762972187467,0.0,3,39.0,-0.2858397485899927,False
2024-04-06,india_west_coast,India West Coast corridor,12,0,12.0,12.0,12.0,1,32.0,0.592392381694186,False
2024-04-06,gulf_of_oman,Gulf of Oman,6,8,2.0,1.7137649195213198,0.5373904209880411,2,35.0,-0.575026544597976,False
2024-04-06,southern_red_sea,Southern Red Sea,72,57,59.0,42.00373816930667,33.07012956657503,16,694.0,-3.492450936439257,False
2024-04-13,persian_gulf,Persian Gulf,130,5,8.0,92.46309990327593,6.5752066375566445,17,353.0,2.8145145553343593,True
2024-04-13,arabian_sea,Arabian Sea (open),2,0,1.0,1.4222501698202272,0.7111250849101136,1,24.0,-1.8241491857918866,False
2024-04-13,eastern_med,Eastern Mediterranean,895,472,653.0,825.376960013871,613.6426189707572,39,3521.0,-0.48451344072443087,False
2024-04-13,hormuz,Strait of Hormuz,15,0,0.0,6.445244751469275,0.0,3,52.0,0.9143353729961048,False
2024-04-13,bosphorus,Turkish Straits (Bosphorus-Dardanelles),62,0,2.0,43.09547487599839,2.0,13,215.0,-0.3771556289174238,False
2024-04-13,bab_el_mandeb,Bab-el-Mandeb,107,54,57.0,59.27936831341885,32.69442085603201,14,439.0,-0.5887072078991022,False
2024-04-13,somali_basin,Somali Basin / Horn approaches,63,51,45.0,18.644100877628592,14.278336476737925,6,231.0,1.119228914734351,False
2024-04-13,gulf_of_aden,Gulf of Aden,175,59,65.0,119.31262724513947,54.82691255390344,20,690.0,-0.246396597664884,False
2024-04-13,india_west_coast,India West Coast corridor,2,0,1.0,2.0,1.0,1,24.0,-1.8241491857918866,False
2024-04-13,southern_red_sea,Southern Red Sea,158,52,51.0,105.77252577793345,29.790365297976372,17,641.0,-0.3486386705699461,False
2024-04-13,black_sea,Black Sea,69,0,3.0,40.121069571605425,3.0,19,269.0,-0.7225408731189149,False
2024-04-13,suez_canal,Suez Canal & Gulf of Suez,648,411,520.0,380.281800030411,299.8468505578268,17,2619.0,-0.9596928384884372,False
2024-04-13,gulf_of_oman,Gulf of Oman,8,0,0.0,2.3527489970665574,0.0,2,39.0,-0.10801234497346435,False
2024-04-20,bab_el_mandeb,Bab-el-Mandeb,122,65,55.0,67.97366077034074,33.1939505463375,14,421.0,0.08633163741293598,False
2024-04-20,hormuz,Strait of Hormuz,7,0,0.0,4.707425651186858,0.0,3,54.0,-0.2913421348191127,False
2024-04-20,india_west_coast,India West Coast corridor,4,0,4.0,4.0,4.0,1,22.0,-0.941242529850835,False
2024-04-20,southern_red_sea,Southern Red Sea,176,65,55.0,124.691770715083,34.09325644263328,17,576.0,0.10612327112135296,False
2024-04-20,persian_gulf,Persian Gulf,66,1,5.0,51.4269231512936,2.242472879966556,15,363.0,-0.013796431679346655,False
2024-04-20,eastern_med,Eastern Mediterranean,912,416,673.0,842.197257113586,637.1745144328653,45,3516.0,-0.12977284498783304,False
2024-04-20,suez_canal,Suez Canal & Gulf of Suez,688,363,550.0,438.00883119779405,353.619346719665,17,2619.0,-0.052252711353639944,False
2024-04-20,bosphorus,Turkish Straits (Bosphorus-Dardanelles),83,0,1.0,59.2247867803019,1.0,15,245.0,0.8607051901469178,False
2024-04-20,somali_basin,Somali Basin / Horn approaches,60,39,38.0,17.756605455114247,12.065438590944877,6,220.0,0.6882822054696699,False
2024-04-20,gulf_of_aden,Gulf of Aden,195,69,67.0,132.92545320953516,55.294327084761946,21,633.0,0.2559320130866488,False
2024-04-20,black_sea,Black Sea,91,0,1.0,58.98158026172391,1.0,20,296.0,0.5721640544858717,False
2024-04-20,gulf_of_oman,Gulf of Oman,9,2,1.0,2.621444207560578,0.26869521049402056,2,41.0,0.2642490987816166,False
2024-04-20,arabian_sea,Arabian Sea (open),4,0,4.0,2.8445003396404545,2.8445003396404545,1,22.0,-0.941242529850835,False
2024-04-27,gulf_of_oman,Gulf of Oman,10,0,0.0,2.788545761497402,0.0,2,33.0,0.44041516463602765,False
2024-04-27,southern_red_sea,Southern Red Sea,182,28,39.0,130.98074959828952,25.601092089496554,16,588.0,0.2300118074197679,False
2024-04-27,eastern_med,Eastern Mediterranean,894,347,588.0,799.0160391718407,546.0587523604338,54,3458.0,-0.26984071249791264,False
2024-04-27,suez_canal,Suez Canal & Gulf of Suez,605,287,463.0,389.79255861342693,303.21800141674703,17,2519.0,-1.491753193314727,False
2024-04-27,bosphorus,Turkish Straits (Bosphorus-Dardanelles),130,0,0.0,85.78663289125086,0.0,23,311.0,3.4831125005592307,True
2024-04-27,black_sea,Black Sea,149,0,0.0,94.1512244922812,0.0,39,357.0,3.7456135775181854,True
2024-04-27,persian_gulf,Persian Gulf,99,2,4.0,74.36365590224516,2.7648404277853533,18,346.0,0.8427281109324931,False
2024-04-27,somali_basin,Somali Basin / Horn approaches,57,29,24.0,17.14703288507626,7.253288135202669,6,222.0,0.32369194745836216,False
2024-04-27,hormuz,Strait of Hormuz,9,0,0.0,3.608188623374325,0.0,3,37.0,-0.04888747104824681,False
2024-04-27,gulf_of_aden,Gulf of Aden,197,36,48.0,132.57857093707926,37.684384584410545,19,651.0,0.29729476267641025,False
2024-04-27,arabian_sea,Arabian Sea (open),6,0,6.0,4.266750509460682,4.266750509460682,1,24.0,-0.35150971225529215,False
2024-04-27,india_west_coast,India West Coast corridor,6,0,6.0,6.0,6.0,1,24.0,-0.35150971225529215,False
2024-04-27,bab_el_mandeb,Bab-el-Mandeb,120,31,38.0,66.18463696888759,20.551674941565718,13,413.0,0.10882143751650183,False
2024-05-04,southern_red_sea,Southern Red Sea,206,57,50.0,144.20512624755742,30.67802032293337,17,722.0,0.7277422733488197,False
2024-05-04,gulf_of_oman,Gulf of Oman,7,0,0.0,2.084053786572537,0.0,2,34.0,-0.3862874080977713,False
2024-05-04,gulf_of_aden,Gulf of Aden,216,60,57.0,149.4683483826979,45.23445711235637,21,783.0,0.6902408837791438,False
2024-05-04,black_sea,Black Sea,154,0,1.0,102.81557361788683,1.0,48,463.0,2.277260308555534,True
2024-05-04,suez_canal,Suez Canal & Gulf of Suez,747,372,573.0,478.7957009955916,367.64319499979274,17,2688.0,1.6971999452575381,False
2024-05-04,bosphorus,Turkish Straits (Bosphorus-Dardanelles),118,0,0.0,81.19065843777399,0.0,24,393.0,1.5979959156243546,False
2024-05-04,bab_el_mandeb,Bab-el-Mandeb,144,49,47.0,82.23661400541096,29.09975886146045,14,493.0,1.1217909487424744,False
2024-05-04,persian_gulf,Persian Gulf,63,1,6.0,48.939792048055445,2.814051103597317,15,358.0,-0.37311843935483713,False
2024-05-04,arabian_sea,Arabian Sea (open),11,0,10.0,7.82237593401125,7.111250849101136,1,23.0,0.6733188018726521,False
2024-05-04,india_west_coast,India West Coast corridor,11,0,10.0,11.0,10.0,1,23.0,0.6733188018726521,False
2024-05-04,somali_basin,Somali Basin / Horn approaches,73,43,34.0,22.292177526691308,10.324645066442825,6,253.0,1.631530343217845,False
2024-05-04,eastern_med,Eastern Mediterranean,1056,410,713.0,948.9594929070992,662.2815695286722,54,3757.0,2.6239424825359556,True
2024-05-04,hormuz,Strait of Hormuz,10,0,0.0,5.287437614188684,0.0,3,41.0,0.06533217188282375,False
2024-05-11,arabian_sea,Arabian Sea (open),5,0,5.0,3.555625424550568,3.555625424550568,1,26.0,-0.5093008460415672,False
2024-05-11,gulf_of_oman,Gulf of Oman,11,0,0.0,3.158834628548619,0.0,2,37.0,0.5645739041428965,False
2024-05-11,black_sea,Black Sea,132,0,4.0,83.60480826570199,3.5831585704508404,37,526.0,1.0039928676313459,False
2024-05-11,eastern_med,Eastern Mediterranean,972,939,603.0,892.951276335889,575.6343349575326,46,3834.0,0.6878805926314994,False
2024-05-11,bosphorus,Turkish Straits (Bosphorus-Dardanelles),109,0,1.0,69.70722178833343,1.0,20,440.0,0.9898770767583094,False
2024-05-11,india_west_coast,India West Coast corridor,5,0,5.0,5.0,5.0,1,26.0,-0.5093008460415672,False
2024-05-11,suez_canal,Suez Canal & Gulf of Suez,726,907,521.0,491.1039341714073,358.47485663974686,15,2766.0,0.9818007779054513,False
2024-05-11,hormuz,Strait of Hormuz,8,0,0.0,4.900762972187467,0.0,3,34.0,-0.2659080117391551,False
2024-05-11,southern_red_sea,Southern Red Sea,238,46,42.0,169.38589670090144,25.567228227979477,17,802.0,1.2181220592612927,False
2024-05-11,somali_basin,Somali Basin / Horn approaches,86,25,30.0,29.35643838248377,9.15448219770667,7,276.0,2.626000506680798,True
2024-05-11,persian_gulf,Persian Gulf,60,4,8.0,44.859613991920064,3.422416843599942,14,288.0,-0.5024900552414693,False
2024-05-11,bab_el_mandeb,Bab-el-Mandeb,176,44,41.0,94.26050184476165,23.55152378552372,14,562.0,2.085197660010718,True
2024-05-11,gulf_of_aden,Gulf of Aden,252,51,51.0,179.97425274809848,40.69155793960722,21,860.0,1.2836263693045291,False
2024-05-18,suez_canal,Suez Canal & Gulf of Suez,714,662,552.0,464.56975116138943,363.2557879743478,15,2792.0,0.6975959039060361,False
2024-05-18,southern_red_sea,Southern Red Sea,232,39,50.0,164.11202614980195,33.86146240985684,17,858.0,0.9651429631488945,False
2024-05-18,somali_basin,Somali Basin / Horn approaches,72,20,27.0,19.94586114717896,8.167421164072564,6,288.0,0.6475438477243957,False
2024-05-18,black_sea,Black Sea,78,0,3.0,51.46093906500588,3.0,23,513.0,-0.5268122608093706,False
2024-05-18,gulf_of_aden,Gulf of Aden,247,45,61.0,173.75395209436823,47.08403127672223,21,912.0,0.9985280514319188,False
2024-05-18,bosphorus,Turkish Straits (Bosphorus-Dardanelles),65,0,0.0,46.597093458800025,0.0,16,422.0,-0.4988302981261103,False
2024-05-18,arabian_sea,Arabian Sea (open),5,0,4.0,3.555625424550568,2.8445003396404545,1,27.0,-0.35766461469956334,False
2024-05-18,gulf_of_oman,Gulf of Oman,3,0,0.0,0.8060856314820617,0.0,1,31.0,-1.702794703985648,False
2024-05-18,bab_el_mandeb,Bab-el-Mandeb,162,35,51.0,93.52156618046902,28.757084418521977,14,602.0,1.1438479054149544,False
2024-05-18,eastern_med,Eastern Mediterranean,955,714,658.0,874.6461103398854,615.4819627135995,44,3877.0,0.42083161089135607,False
2024-05-18,india_west_coast,India West Coast corridor,5,0,4.0,5.0,4.0,1,27.0,-0.35766461469956334,False
2024-05-18,hormuz,Strait of Hormuz,2,0,0.0,0.4503814860937334,0.0,2,29.0,-1.2714969028893912,False
2024-05-18,persian_gulf,Persian Gulf,40,4,6.0,31.582704139842278,3.464314211659996,11,262.0,-1.3209477078438807,False
2024-05-25,gulf_of_aden,Gulf of Aden,292,68,70.0,208.61743314022502,54.228196179928226,19,1007.0,1.880745813085563,False
2024-05-25,arabian_sea,Arabian Sea (open),18,0,18.0,12.800251528382045,12.800251528382045,1,39.0,3.370817418956779,True
2024-05-25,black_sea,Black Sea,172,0,0.0,110.42215263759151,0.0,45,536.0,1.812388474405434,False
2024-05-25,somali_basin,Somali Basin / Horn approaches,94,42,41.0,25.364076811179388,12.014635138638479,6,325.0,2.2751421626121227,True
2024-05-25,hormuz,Strait of Hormuz,2,0,0.0,1.257044165093125,0.0,2,22.0,-1.1459630712849838,False
2024-05-25,southern_red_sea,Southern Red Sea,276,65,58.0,199.8752157711259,39.76307461674408,17,952.0,1.8566818591176537,False
2024-05-25,gulf_of_oman,Gulf of Oman,4,2,1.0,1.1255776702546805,0.26869521049402056,2,25.0,-1.134356516216288,False
2024-05-25,persian_gulf,Persian Gulf,52,0,1.0,37.14403515713808,0.3497368919373212,13,215.0,-0.8005438697739926,False
2024-05-25,bosphorus,Turkish Straits (Bosphorus-Dardanelles),140,0,0.0,92.99036144270084,0.0,23,432.0,1.7364316741359989,False
2024-05-25,india_west_coast,India West Coast corridor,18,0,18.0,18.0,18.0,1,39.0,3.370817418956779,True
2024-05-25,suez_canal,Suez Canal & Gulf of Suez,849,596,595.0,539.4015160946777,384.9496165532148,17,3036.0,2.8658537311356755,True
2024-05-25,bab_el_mandeb,Bab-el-Mandeb,205,61,59.0,117.67836914678851,34.62133783013944,14,687.0,2.2326785803618674,True
2024-05-25,eastern_med,Eastern Mediterranean,1139,640,689.0,1047.978441740449,662.6928199530745,56,4122.0,2.5113151459792102,True
2024-06-01,india_west_coast,India West Coast corridor,18,0,18.0,18.0,18.0,1,46.0,1.8995641102435066,False
2024-06-01,gulf_of_aden,Gulf of Aden,259,77,76.0,179.87257451843175,60.013965535415345,21,1050.0,0.8282461440010481,False
2024-06-01,black_sea,Black Sea,148,0,2.0,84.17101604376684,1.1931997803047545,33,530.0,0.7944738634772902,False
2024-06-01,eastern_med,Eastern Mediterranean,1076,588,713.0,973.1661375690953,668.4563468538062,48,4142.0,1.1192365583781037,False
2024-06-01,bab_el_mandeb,Bab-el-Mandeb,174,75,69.0,102.22900097879112,44.98775790737804,14,717.0,0.8293007147689097,False
2024-06-01,arabian_sea,Arabian Sea (open),18,0,18.0,12.800251528382045,12.800251528382045,1,46.0,1.8995641102435066,False
2024-06-01,somali_basin,Somali Basin / Horn approaches,91,67,50.0,25.022099172454283,14.637282809423203,6,343.0,1.3640288628746489,False
2024-06-01,hormuz,Strait of Hormuz,3,0,0.0,1.51408833018625,0.0,2,15.0,-1.0236093730435445,False
2024-06-01,persian_gulf,Persian Gulf,53,1,3.0,34.71876795083676,1.1145773197226747,13,205.0,-0.5758423246530884,False
2024-06-01,suez_canal,Suez Canal & Gulf of Suez,782,504,592.0,474.90703973215085,356.2218399956571,15,3071.0,1.018758843274288,False
2024-06-01,bosphorus,Turkish Straits (Bosphorus-Dardanelles),109,0,1.0,68.70825114185052,0.41065352610519723,19,423.0,0.4364974348136575,False
2024-06-01,southern_red_sea,Southern Red Sea,244,75,66.0,174.9559734280948,43.51466831674872,17,990.0,0.8311085961674379,False
2024-06-01,gulf_of_oman,Gulf of Oman,2,0,0.0,0.5881872492666393,0.0,2,20.0,-1.8644976136620164,False
2024-06-08,arabian_sea,Arabian Sea (open),17,1,17.0,12.089126443471931,12.089126443471931,1,58.0,1.3244994503979648,False
2024-06-08,eastern_med,Eastern Mediterranean,967,708,685.0,863.4503374053894,633.5434003901069,45,4137.0,-0.22049472172543821,False
2024-06-08,hormuz,Strait of Hormuz,8,0,0.0,3.2874376141886836,0.0,3,15.0,0.22047927592204905,False
2024-06-08,persian_gulf,Persian Gulf,53,1,6.0,37.238279916588475,3.56353373058469,14,198.0,-0.5877241460610473,False
2024-06-08,india_west_coast,India West Coast corridor,17,1,17.0,17.0,17.0,1,58.0,1.3244994503979648,False
2024-06-08,bosphorus,Turkish Straits (Bosphorus-Dardanelles),94,0,0.0,63.74801173116679,0.0,14,408.0,-0.27527818381491514,False
2024-06-08,bab_el_mandeb,Bab-el-Mandeb,165,42,59.0,96.42798039018686,36.69092454423307,14,706.0,0.4073036591555701,False
2024-06-08,southern_red_sea,Southern Red Sea,183,46,58.0,132.35871518269195,39.01757044450481,17,935.0,-0.771153822412742,False
2024-06-08,suez_canal,Suez Canal & Gulf of Suez,682,606,548.0,399.66878010082365,317.63046895341364,15,3027.0,-0.4965966393674925,False
2024-06-08,somali_basin,Somali Basin / Horn approaches,89,37,41.0,25.372641405303355,12.744584773890836,6,346.0,1.0102628707228445,False
2024-06-08,gulf_of_aden,Gulf of Aden,194,46,66.0,147.1826566858244,51.30795203364963,20,992.0,-0.8866010905857663,False
2024-06-08,black_sea,Black Sea,108,0,0.0,66.14245259928241,0.0,22,506.0,-0.41245795727545875,False
2024-06-08,gulf_of_oman,Gulf of Oman,6,0,0.0,1.7137649195213198,0.0,2,15.0,-0.22254954928463117,False
2024-06-15,southern_red_sea,Southern Red Sea,54,27,48.0,38.755935559320875,34.041913699913444,13,757.0,-4.534531374895978,False
2024-06-15,arabian_sea,Arabian Sea (open),11,0,11.0,8.111250849101136,8.111250849101136,2,64.0,0.07934080935292366,False
2024-06-15,eastern_med,Eastern Mediterranean,723,413,504.0,668.1689910666873,478.9119634785639,34,3905.0,-3.2025632441090273,False
2024-06-15,black_sea,Black Sea,49,0,0.0,36.359564760518985,0.0,12,477.0,-2.4074055645846757,False
2024-06-15,hormuz,Strait of Hormuz,2,0,1.0,1.2588751261777078,0.25887512617770786,2,15.0,-1.2612598042524914,False
2024-06-15,suez_canal,Suez Canal & Gulf of Suez,571,383,436.0,360.7317915800579,274.19105176419254,16,2884.0,-2.110660416415686,False
2024-06-15,gulf_of_oman,Gulf of Oman,8,4,4.0,2.931663301736742,1.8060856314820617,3,20.0,0.4493585171364587,False
2024-06-15,india_west_coast,India West Coast corridor,10,0,10.0,10.0,10.0,1,63.0,-0.07934080935292366,False
2024-06-15,bosphorus,Turkish Straits (Bosphorus-Dardanelles),44,0,0.0,33.6011854312817,0.0,7,387.0,-2.516798552311845,False
2024-06-15,bab_el_mandeb,Bab-el-Mandeb,56,26,52.0,33.624320955831074,31.862743797614698,10,600.0,-3.5645821186667503,False
2024-06-15,gulf_of_aden,Gulf of Aden,66,32,58.0,51.04114691239572,45.56694536702531,16,811.0,-4.553759324860299,False
2024-06-15,persian_gulf,Persian Gulf,29,0,5.0,19.89474743626869,2.8485387463145004,11,187.0,-1.8229158327444872,False
2024-06-15,somali_basin,Somali Basin / Horn approaches,35,19,33.0,10.664980230803915,9.826006408996022,5,309.0,-2.985269477919767,False
2024-06-22,southern_red_sea,Southern Red Sea,158,37,58.0,109.23614696052958,37.77985969479318,16,639.0,-0.6477381980334829,False
2024-06-22,eastern_med,Eastern Mediterranean,973,568,653.0,901.2802839153225,615.1762115140135,39,3739.0,0.0019576750611805384,False
2024-06-22,bab_el_mandeb,Bab-el-Mandeb,104,39,64.0,61.57051541557254,41.61924891844055,13,499.0,-1.0190975958326083,False
2024-06-22,gulf_of_oman,Gulf of Oman,3,0,0.0,0.9076792880392581,0.0,2,19.0,-1.0389007271208273,False
2024-06-22,black_sea,Black Sea,66,0,1.0,43.59372415696748,1.0,12,371.0,-1.368504270680688,False
2024-06-22,hormuz,Strait of Hormuz,3,0,0.0,2.257044165093125,0.0,2,16.0,-0.7050950935222067,False
2024-06-22,bosphorus,Turkish Straits (Bosphorus-Dardanelles),63,0,1.0,42.67930681169014,1.0,11,310.0,-1.174736429843986,False
2024-06-22,persian_gulf,Persian Gulf,49,8,12.0,31.562398150249752,6.915757723339338,12,184.0,-0.3480864452680725,False
2024-06-22,gulf_of_aden,Gulf of Aden,175,41,73.0,117.12398657268905,61.30192065448135,19,694.0,-0.5860523520589085,False
2024-06-22,arabian_sea,Arabian Sea (open),15,0,14.0,10.666876273651704,9.95575118874159,1,61.0,0.6325737409917348,False
2024-06-22,somali_basin,Somali Basin / Horn approaches,62,33,49.0,18.156703012926336,15.048834267459416,6,277.0,-0.6235178863840887,False
2024-06-22,india_west_coast,India West Coast corridor,15,0,14.0,15.0,14.0,1,60.0,0.652085870665346,False
2024-06-22,suez_canal,Suez Canal & Gulf of Suez,736,536,536.0,472.9509041101562,341.96151238955457,15,2771.0,0.2929652679964986,False
2024-06-29,gulf_of_oman,Gulf of Oman,4,2,1.0,1.1255776702546805,0.26869521049402056,2,21.0,-0.4885042104591974,False
2024-06-29,bosphorus,Turkish Straits (Bosphorus-Dardanelles),72,0,0.0,45.06000000077835,0.0,14,273.0,-0.6368378683499342,False
2024-06-29,persian_gulf,Persian Gulf,36,0,1.0,24.9548252325463,0.4151035358480323,12,167.0,-1.272014607478578,False
2024-06-29,hormuz,Strait of Hormuz,2,0,0.0,1.1933373210006084,0.0,2,15.0,-0.8264771721766003,False
2024-06-29,arabian_sea,Arabian Sea (open),6,0,6.0,4.266750509460682,4.266750509460682,1,49.0,-1.2040576821567912,False
2024-06-29,india_west_coast,India West Coast corridor,6,0,6.0,6.0,6.0,1,48.0,-1.169844339522643,False
2024-06-29,bab_el_mandeb,Bab-el-Mandeb,183,60,82.0,117.71606366023113,57.38797243374546,14,508.0,0.735883953481422,False
2024-06-29,black_sea,Black Sea,97,0,0.0,57.303829451389134,0.0,28,320.0,-0.36227122505338766,False
2024-06-29,southern_red_sea,Southern Red Sea,249,61,88.0,168.4108857937679,53.98125368860188,17,644.0,0.7237627099296167,False
2024-06-29,suez_canal,Suez Canal & Gulf of Suez,718,596,549.0,441.4162953374842,335.06281720068876,15,2707.0,-0.09831591472291931,False
2024-06-29,eastern_med,Eastern Mediterranean,995,650,672.0,909.9228690427176,641.7923211267198,41,3658.0,0.10001145852607769,False
2024-06-29,somali_basin,Somali Basin / Horn approaches,114,46,60.0,29.764096268182104,17.487608688454074,6,300.0,1.967414298117766,False
2024-06-29,gulf_of_aden,Gulf of Aden,273,71,105.0,197.42581294586063,83.62651585129021,20,708.0,0.8605468558232026,False
2024-07-06,gulf_of_oman,Gulf of Oman,3,0,1.0,0.9076792880392581,0.26869521049402056,2,18.0,-0.6980222542565386,False
2024-07-06,bosphorus,Turkish Straits (Bosphorus-Dardanelles),30,0,0.0,18.458096902470867,0.0,6,209.0,-1.8076704383800428,False
2024-07-06,eastern_med,Eastern Mediterranean,1037,654,686.0,986.0178519857093,663.882488815286,36,3728.0,0.5149377841827713,False
2024-07-06,somali_basin,Somali Basin / Horn approaches,137,19,41.0,34.95020797591455,11.755857743763418,6,348.0,2.368238709207509,True
2024-07-06,persian_gulf,Persian Gulf,44,2,10.0,26.03966828182479,4.383357203117428,12,158.0,-0.23961364352375444,False
2024-07-06,gulf_of_aden,Gulf of Aden,445,31,67.0,299.6357624619064,54.11675606705022,19,959.0,3.069998782720701,True
2024-07-06,hormuz,Strait of Hormuz,4,0,0.0,2.51408833018625,0.0,2,11.0,0.09401267913629413,False
2024-07-06,black_sea,Black Sea,33,0,0.0,19.879670560317415,0.0,10,245.0,-1.732476091817309,False
2024-07-06,arabian_sea,Arabian Sea (open),11,0,11.0,7.82237593401125,7.82237593401125,1,43.0,-0.14916303427451547,False
2024-07-06,india_west_coast,India West Coast corridor,11,0,11.0,11.0,11.0,1,42.0,-0.1271630103902034,False
2024-07-06,suez_canal,Suez Canal & Gulf of Suez,832,601,583.0,516.3449091474498,357.94275288279107,16,2857.0,1.3777072352709632,False
2024-07-06,southern_red_sea,Southern Red Sea,434,29,57.0,330.56548398615354,38.403154719815625,18,895.0,3.212400380651651,True
2024-07-06,bab_el_mandeb,Bab-el-Mandeb,279,28,60.0,168.26826359219118,37.60352721124586,14,622.0,2.5841540229560223,True
2024-07-13,somali_basin,Somali Basin / Horn approaches,136,30,55.0,35.82863467872038,16.11964722247956,6,449.0,1.5742091189363325,False
2024-07-13,southern_red_sea,Southern Red Sea,349,37,77.0,252.65948105563672,51.85740515342578,17,1190.0,1.1066594317919016,False
2024-07-13,hormuz,Strait of Hormuz,7,9,2.0,3.0906709924410443,0.5177502523554157,4,16.0,1.8267086266779475,False
2024-07-13,suez_canal,Suez Canal & Gulf of Suez,681,595,485.0,412.04008200076936,292.97660293102723,16,2967.0,-0.6145748019420355,False
2024-07-13,persian_gulf,Persian Gulf,54,13,5.0,43.26899322602486,2.8043415045997664,16,183.0,1.0678684189958927,False
2024-07-13,arabian_sea,Arabian Sea (open),12,9,12.0,9.111250849101136,9.111250849101136,2,44.0,-0.12000384018432983,False
2024-07-13,eastern_med,Eastern Mediterranean,955,671,624.0,866.8299385395169,575.2132176019371,45,3960.0,-0.2298752694464485,False
2024-07-13,black_sea,Black Sea,58,0,1.0,30.355153677133377,0.5831585704508404,12,254.0,-0.7505935282591596,False
2024-07-13,india_west_coast,India West Coast corridor,10,0,10.0,10.0,10.0,1,42.0,-0.4748846848631,False
2024-07-13,bosphorus,Turkish Straits (Bosphorus-Dardanelles),46,0,0.0,26.296282987059527,0.0,7,211.0,-0.870705408527585,False
2024-07-13,gulf_of_aden,Gulf of Aden,360,47,87.0,251.09904417401833,68.03684378912385,20,1253.0,1.0682101178877577,False
2024-07-13,gulf_of_oman,Gulf of Oman,7,10,3.0,3.563508733969845,2.2686952104940206,4,17.0,1.4672787658601858,False
2024-07-13,bab_el_mandeb,Bab-el-Mandeb,245,35,77.0,149.8728027277055,52.83219996460504,14,811.0,1.1947774429373346,False
2024-07-20,bab_el_mandeb,Bab-el-Mandeb,219,36,57.0,126.93281769485827,33.06405368085511,14,926.0,0.5946426043674397,False
2024-07-20,gulf_of_aden,Gulf of Aden,320,42,64.0,223.58307145611892,49.92423317567813,19,1398.0,0.5333176537094475,False
2024-07-20,arabian_sea,Arabian Sea (open),4,0,3.0,2.8445003396404545,2.133375254730341,1,33.0,-2.2391714737574007,False
2024-07-20,southern_red_sea,Southern Red Sea,310,38,55.0,230.39555713559326,38.459801287143236,17,1342.0,0.5707417664909213,False
2024-07-20,persian_gulf,Persian Gulf,88,0,5.0,61.67451729155797,2.242472879966556,17,222.0,4.511395542562285,True
2024-07-20,hormuz,Strait of Hormuz,5,0,0.0,1.9644698162799834,0.0,3,18.0,0.4773823317585598,False
2024-07-20,somali_basin,Somali Basin / Horn approaches,113,22,35.0,28.636221824551534,10.452678846361215,6,500.0,0.5222666978240522,False
2024-07-20,bosphorus,Turkish Straits (Bosphorus-Dardanelles),77,0,0.0,48.98456991965305,0.0,15,225.0,0.06037607797418203,False
2024-07-20,india_west_coast,India West Coast corridor,4,0,3.0,4.0,3.0,1,31.0,-2.0340654759000376,False
2024-07-20,gulf_of_oman,Gulf of Oman,2,0,0.0,0.5881872492666393,0.0,2,16.0,-1.2301362908709137,False
2024-07-20,suez_canal,Suez Canal & Gulf of Suez,673,534,489.0,426.46328088409757,309.4427635648693,15,2904.0,-0.6445324570343113,False
2024-07-20,black_sea,Black Sea,90,0,1.0,55.27675138544989,1.0,29,278.0,-0.027921299929315517,False
2024-07-20,eastern_med,Eastern Mediterranean,972,569,687.0,870.8771194074118,625.1977193443201,43,3959.0,-0.09092843991437297,False
2024-07-27,suez_canal,Suez Canal & Gulf of Suez,746,498,517.0,481.33693704271144,341.15218481043917,17,2932.0,0.4666463860380939,False
2024-07-27,eastern_med,Eastern Mediterranean,1039,555,693.0,930.5250813906293,630.7631861213554,46,4003.0,0.7311869099939733,False
2024-07-27,gulf_of_oman,Gulf of Oman,8,1,0.0,2.3527489970665574,0.0,2,20.0,1.558406353630627,False
2024-07-27,bab_el_mandeb,Bab-el-Mandeb,261,23,52.0,152.05957714600197,33.25112019391466,14,1004.0,1.1408248492782116,False
2024-07-27,arabian_sea,Arabian Sea (open),1,0,1.0,0.7111250849101136,0.7111250849101136,1,28.0,-2.171827970787253,False
2024-07-27,black_sea,Black Sea,98,1,1.0,55.889594776567925,0.9531698690141617,31,279.0,0.4548044324701971,False
2024-07-27,india_west_coast,India West Coast corridor,1,0,1.0,1.0,1.0,1,26.0,-2.069831872423338,False
2024-07-27,bosphorus,Turkish Straits (Bosphorus-Dardanelles),78,1,1.0,50.35907347535076,0.8113405823237476,17,231.0,0.4173931027666076,False
2024-07-27,hormuz,Strait of Hormuz,6,0,0.0,4.450381486093733,0.0,3,22.0,0.7770928126270474,False
2024-07-27,somali_basin,Somali Basin / Horn approaches,120,13,31.0,29.203364820972023,9.1157260899706,6,506.0,0.6438873873699832,False
2024-07-27,persian_gulf,Persian Gulf,77,5,8.0,53.40854553270165,5.451443511679343,15,263.0,1.4986897653635918,False
2024-07-27,southern_red_sea,Southern Red Sea,328,25,54.0,245.46504960818908,34.990867911104125,17,1421.0,0.6771613869620781,False
2024-07-27,gulf_of_aden,Gulf of Aden,338,25,57.0,243.1654480245701,44.39091996605265,20,1463.0,0.6492182613619688,False
2024-08-03,gulf_of_aden,Gulf of Aden,362,61,67.0,266.02885933051584,57.454819866134905,20,1380.0,0.7497982299142661,False
2024-08-03,bab_el_mandeb,Bab-el-Mandeb,265,59,53.0,153.71654892082756,34.56850610517773,14,990.0,0.971420961577074,False
2024-08-03,southern_red_sea,Southern Red Sea,342,49,50.0,242.0202758328266,33.37231431493028,17,1329.0,0.6875169096608706,False
2024-08-03,eastern_med,Eastern Mediterranean,1008,507,719.0,909.5296471154014,662.6807302581129,39,3974.0,0.5040890238574872,False
2024-08-03,gulf_of_oman,Gulf of Oman,13,1,1.0,3.899412362651053,0.26869521049402056,2,30.0,3.2588974890347053,True
2024-08-03,somali_basin,Somali Basin / Horn approaches,131,49,39.0,33.97597595159446,11.172220627659053,6,500.0,0.8337098782148633,False
2024-08-03,arabian_sea,Arabian Sea (open),12,0,12.0,8.533501018921363,8.533501018921363,1,29.0,0.43169078303039127,False
2024-08-03,suez_canal,Suez Canal & Gulf of Suez,738,455,552.0,454.93374509668723,338.8268548478034,14,2838.0,0.4436435242581525,False
2024-08-03,hormuz,Strait of Hormuz,16,0,0.0,9.801525944374934,0.0,3,34.0,5.0246344364055,True
2024-08-03,black_sea,Black Sea,75,1,5.0,41.67449298255402,2.2528670805701765,28,321.0,0.004614339388916506,False
2024-08-03,persian_gulf,Persian Gulf,87,3,9.0,57.479677268720785,3.474465246989446,16,306.0,1.6746554626682684,False
2024-08-03,bosphorus,Turkish Straits (Bosphorus-Dardanelles),55,0,0.0,35.39584150433834,0.0,12,256.0,-0.37404886666495984,False
2024-08-03,india_west_coast,India West Coast corridor,12,0,12.0,12.0,12.0,1,27.0,0.5100344450477193,False
2024-08-10,arabian_sea,Arabian Sea (open),6,1,6.0,4.266750509460682,4.266750509460682,1,23.0,-0.6274950199005567,False
2024-08-10,eastern_med,Eastern Mediterranean,995,692,706.0,920.3779198046136,666.1172765559896,41,4014.0,0.31766847281906874,False
2024-08-10,suez_canal,Suez Canal & Gulf of Suez,778,633,582.0,495.68411220373656,372.6981742171505,15,2935.0,0.8835550043594209,False
2024-08-10,southern_red_sea,Southern Red Sea,257,20,60.0,173.99793655039852,42.94564591564932,17,1237.0,-0.17361556194293448,False
2024-08-10,persian_gulf,Persian Gulf,60,3,5.0,40.16399532065748,2.9709733319205993,15,312.0,0.08675760324277111,False
2024-08-10,india_west_coast,India West Coast corridor,6,1,6.0,6.0,6.0,1,23.0,-0.5711247078814421,False
2024-08-10,bab_el_mandeb,Bab-el-Mandeb,197,38,60.0,122.18783453084687,37.8095981134308,14,942.0,-0.05503730599978365,False
2024-08-10,gulf_of_oman,Gulf of Oman,4,1,1.0,1.1255776702546805,0.26869521049402056,2,27.0,-0.5400617248673217,False
2024-08-10,hormuz,Strait of Hormuz,10,0,0.0,2.803742733097992,0.0,3,37.0,0.9583775743299588,False
2024-08-10,somali_basin,Somali Basin / Horn approaches,115,30,37.0,28.454986196723176,10.408922553311388,6,479.0,0.2408794774074852,False
2024-08-10,bosphorus,Turkish Straits (Bosphorus-Dardanelles),59,0,1.0,40.60624604508128,0.5999622532472528,12,269.0,0.0503401750394623,False
2024-08-10,gulf_of_aden,Gulf of Aden,283,52,72.0,208.2065403300423,57.412502321746096,20,1303.0,-0.07806389129485593,False
2024-08-10,black_sea,Black Sea,70,0,2.0,44.0608766796232,1.415214491941604,21,333.0,-0.031760197290521756,False
2024-08-17,somali_basin,Somali Basin / Horn approaches,109,27,38.0,26.773039262262806,11.108086148226434,6,475.0,-0.29239274861335923,False
2024-08-17,hormuz,Strait of Hormuz,8,0,0.0,4.83705612809495,0.0,3,40.0,0.30329066954751255,False
2024-08-17,bosphorus,Turkish Straits (Bosphorus-Dardanelles),71,0,0.0,53.75157544185831,0.0,14,263.0,0.6697931631152473,False
2024-08-17,persian_gulf,Persian Gulf,48,2,4.0,32.246488154984924,1.5950474994814179,13,272.0,-0.6983954373726586,False
2024-08-17,india_west_coast,India West Coast corridor,13,1,12.0,13.0,12.0,1,32.0,1.0500621356925715,False
2024-08-17,black_sea,Black Sea,77,0,1.0,52.65451348855575,0.2319114005394334,20,320.0,0.16506836597602528,False
2024-08-17,suez_canal,Suez Canal & Gulf of Suez,788,773,628.0,484.36101345559877,382.8447226307298,14,3050.0,0.9807128604217584,False
2024-08-17,gulf_of_aden,Gulf of Aden,293,33,69.0,201.1313542626541,53.855498075073626,20,1276.0,-0.3345749295401495,False
2024-08-17,eastern_med,Eastern Mediterranean,991,804,747.0,921.850969887922,707.631557321066,40,4033.0,-0.18931483935784293,False
2024-08-17,bab_el_mandeb,Bab-el-Mandeb,189,31,59.0,115.22072486308028,35.064504838469084,14,912.0,-0.5237193187173318,False
2024-08-17,southern_red_sea,Southern Red Sea,281,16,60.0,205.09070623206927,39.640765468039966,18,1208.0,-0.2715425333433855,False
2024-08-17,gulf_of_oman,Gulf of Oman,9,1,1.0,2.621444207560578,0.26869521049402056,2,34.0,0.955109440092177,False
2024-08-17,arabian_sea,Arabian Sea (open),13,1,12.0,9.244626103831477,8.533501018921363,1,32.0,0.9617692030835673,False
2024-08-24,black_sea,Black Sea,52,0,3.0,33.9682650220118,2.325625731169218,17,274.0,-1.0447059892652137,False
2024-08-24,suez_canal,Suez Canal & Gulf of Suez,794,485,619.0,486.259478354095,375.61859066835126,14,3098.0,0.9179408730108247,False
2024-08-24,persian_gulf,Persian Gulf,59,7,12.0,39.397602369234406,6.409098603078736,14,254.0,-0.13775853987104644,False
2024-08-24,eastern_med,Eastern Mediterranean,961,536,690.0,903.0228295439695,666.9606236334433,41,3955.0,-1.3104561331568494,False
2024-08-24,southern_red_sea,Southern Red Sea,218,14,33.0,158.63010511936213,19.6853239654023,17,1098.0,-1.6857519549591198,False
2024-08-24,gulf_of_oman,Gulf of Oman,8,0,1.0,2.251155340509361,0.26869521049402056,2,34.0,0.4737894466855251,False
2024-08-24,hormuz,Strait of Hormuz,4,0,0.0,2.386674642001217,0.0,2,38.0,-0.7556096518348245,False
2024-08-24,bosphorus,Turkish Straits (Bosphorus-Dardanelles),41,0,1.0,29.3874154259101,1.0,10,226.0,-1.1855895115763413,False
2024-08-24,india_west_coast,India West Coast corridor,1,0,1.0,1.0,1.0,1,32.0,-1.6148556036654345,False
2024-08-24,gulf_of_aden,Gulf of Aden,227,17,39.0,176.5807978104553,34.08749484567569,20,1165.0,-1.9132838316217233,False
2024-08-24,bab_el_mandeb,Bab-el-Mandeb,195,16,37.0,115.13378445358616,24.505982738357282,14,846.0,-0.9234941236184269,False
2024-08-24,arabian_sea,Arabian Sea (open),1,0,1.0,0.7111250849101136,0.7111250849101136,1,32.0,-1.5996385167713467,False
2024-08-24,somali_basin,Somali Basin / Horn approaches,106,11,30.0,26.45891214946299,8.246428999406003,6,461.0,-1.4248990706470162,False
2024-08-31,hormuz,Strait of Hormuz,7,0,0.0,3.8370561280949502,0.0,3,29.0,-0.12499999999999986,False
2024-08-31,gulf_of_aden,Gulf of Aden,188,29,35.0,151.4817858581625,31.44319380125098,19,991.0,-2.164945028194361,False
2024-08-31,black_sea,Black Sea,64,1,1.0,43.43929960107662,1.0,20,263.0,-0.24397353726251195,False
2024-08-31,gulf_of_oman,Gulf of Oman,6,1,1.0,1.764561747799918,0.26869521049402056,2,27.0,-0.20744345466956993,False
2024-08-31,somali_basin,Somali Basin / Horn approaches,104,13,22.0,25.21070106885439,6.544136727066148,6,434.0,-1.3772642397200576,False
2024-08-31,eastern_med,Eastern Mediterranean,1015,383,645.0,938.762119994703,599.3028935930458,39,3962.0,0.632746298144656,False
2024-08-31,persian_gulf,Persian Gulf,64,2,5.0,41.805317955469654,2.595047499481418,13,231.0,-0.03636360201786546,False
2024-08-31,india_west_coast,India West Coast corridor,2,0,2.0,2.0,2.0,1,22.0,-1.0732500508463956,False
2024-08-31,bosphorus,Turkish Straits (Bosphorus-Dardanelles),53,0,0.0,35.37117931519172,0.0,11,224.0,-0.2353235476554128,False
2024-08-31,southern_red_sea,Southern Red Sea,171,18,27.0,118.2908607370148,15.541015738009012,16,927.0,-2.1915672347452118,False
2024-08-31,bab_el_mandeb,Bab-el-Mandeb,150,18,30.0,98.68450868884855,16.94162154544345,13,731.0,-2.276667130733031,False
2024-08-31,suez_canal,Suez Canal & Gulf of Suez,788,319,506.0,470.4356354879639,296.73402820680894,14,3148.0,0.6162068433058945,False
2024-08-31,arabian_sea,Arabian Sea (open),2,0,2.0,1.4222501698202272,1.4222501698202272,1,22.0,-1.0786387432600122,False
2024-09-07,somali_basin,Somali Basin / Horn approaches,60,50,41.0,19.06160763443026,12.012568521272682,6,379.0,-4.898538138203249,False
2024-09-07,eastern_med,Eastern Mediterranean,946,404,646.0,870.3378972900216,601.4452298911837,41,3913.0,-1.6072299155364607,False
2024-09-07,bab_el_mandeb,Bab-el-Mandeb,87,56,53.0,55.339918176743524,36.9724624612266,11,621.0,-3.2093095964430605,False
2024-09-07,gulf_of_oman,Gulf of Oman,10,5,3.0,2.788545761497402,0.8060856314820617,2,33.0,0.867549581535698,False
2024-09-07,black_sea,Black Sea,65,2,1.0,47.022278235178526,1.0,21,258.0,-0.5148677086363455,False
2024-09-07,southern_red_sea,Southern Red Sea,90,56,56.0,53.86910531534238,33.17584067419169,12,760.0,-3.0340533040892366,False
2024-09-07,suez_canal,Suez Canal & Gulf of Suez,710,322,513.0,409.455061880945,289.687547129398,16,3080.0,-0.7894332690988901,False
2024-09-07,gulf_of_aden,Gulf of Aden,101,89,62.0,86.25464352308076,53.13287385234513,15,809.0,-3.123138730950095,False
2024-09-07,bosphorus,Turkish Straits (Bosphorus-Dardanelles),56,0,0.0,41.34380570848006,0.0,13,221.0,-0.286341081975568,False
2024-09-07,hormuz,Strait of Hormuz,10,0,0.0,3.737819100282417,0.0,3,29.0,0.5654115894520777,False
2024-09-07,arabian_sea,Arabian Sea (open),1,0,1.0,0.7111250849101136,0.7111250849101136,1,17.0,-1.0320330255852366,False
2024-09-07,persian_gulf,Persian Gulf,59,0,2.0,42.49486636658309,1.4151035358480324,14,230.0,-0.5386188416788545,False
2024-09-07,india_west_coast,India West Coast corridor,1,0,1.0,1.0,1.0,1,17.0,-1.0372982039938075,False
2024-09-14,hormuz,Strait of Hormuz,7,0,0.0,3.900762972187467,0.0,3,28.0,-0.32826608214930597,False
2024-09-14,somali_basin,Somali Basin / Horn approaches,81,115,56.0,24.73821746042584,16.899312771869276,6,351.0,-1.2539668108989916,False
2024-09-14,arabian_sea,Arabian Sea (open),1,0,1.0,0.7111250849101136,0.7111250849101136,1,5.0,-0.806946584785929,False
2024-09-14,india_west_coast,India West Coast corridor,1,0,1.0,1.0,1.0,1,5.0,-0.806946584785929,False
2024-09-14,southern_red_sea,Southern Red Sea,106,115,65.0,66.15597284908071,38.15001818414368,14,585.0,-1.6660424433246277,False
2024-09-14,bab_el_mandeb,Bab-el-Mandeb,112,126,69.0,66.22955718267957,43.58969105125686,12,544.0,-1.4371376792310928,False
2024-09-14,suez_canal,Suez Canal & Gulf of Suez,749,423,573.0,410.280955167738,301.4116865604433,15,3041.0,-0.0660343363677061,False
2024-09-14,eastern_med,Eastern Mediterranean,994,578,725.0,914.5393657926016,683.9517759570763,38,3916.0,0.1027821117575642,False
2024-09-14,bosphorus,Turkish Straits (Bosphorus-Dardanelles),66,0,1.0,45.7559597325351,1.0,16,216.0,0.3668606089971275,False
2024-09-14,gulf_of_aden,Gulf of Aden,125,132,75.0,110.13050396096116,66.4854395357939,16,641.0,-1.5954593308978386,False
2024-09-14,gulf_of_oman,Gulf of Oman,4,2,1.0,1.227171326811877,0.26869521049402056,2,28.0,-1.0103629710818454,False
2024-09-14,black_sea,Black Sea,69,0,1.0,46.37952181798042,1.0,22,250.0,-0.33051525667188114,False
2024-09-14,persian_gulf,Persian Gulf,57,4,9.0,34.91646654925191,3.837520379447974,13,239.0,-0.7384374415429245,False
2024-09-21,bosphorus,Turkish Straits (Bosphorus-Dardanelles),46,1,1.0,31.364542975607705,1.0,13,221.0,-1.2019053946894933,False
2024-09-21,gulf_of_aden,Gulf of Aden,346,48,68.0,272.44326269918116,60.16767341408543,20,760.0,1.107627676714109,False
2024-09-21,eastern_med,Eastern Mediterranean,1679,1197,1414.0,1610.773231775609,1371.2536897088569,40,4634.0,23.286389573624437,True
2024-09-21,persian_gulf,Persian Gulf,94,4,7.0,61.302072813585085,3.0201840077325626,16,274.0,2.4378816356361406,True
2024-09-21,southern_red_sea,Southern Red Sea,334,48,60.0,245.63200717066624,33.469944059248974,17,701.0,1.1508740130104476,False
2024-09-21,gulf_of_oman,Gulf of Oman,11,4,3.0,3.108037800270021,0.8060856314820617,2,31.0,1.0624579021745428,False
2024-09-21,suez_canal,Suez Canal & Gulf of Suez,1315,790,1128.0,586.3090628281077,469.32374020327796,14,3562.0,18.404751973506908,True
2024-09-21,arabian_sea,Arabian Sea (open),3,0,3.0,2.133375254730341,2.133375254730341,1,7.0,-0.31534931688694456,False
2024-09-21,black_sea,Black Sea,54,1,1.0,33.526663685278535,1.0,18,252.0,-1.3005316068493102,False
2024-09-21,india_west_coast,India West Coast corridor,3,0,3.0,3.0,3.0,1,7.0,-0.3153493168869445,False
2024-09-21,bab_el_mandeb,Bab-el-Mandeb,281,47,60.0,177.62763919761562,41.370218067485254,14,630.0,1.5509372498559295,False
2024-09-21,hormuz,Strait of Hormuz,13,0,0.0,5.315614274561184,0.0,3,37.0,1.2412738898265818,False
2024-09-21,somali_basin,Somali Basin / Horn approaches,167,45,53.0,42.325608136153534,16.504153642753174,6,412.0,2.8128693610889925,True
2024-09-28,gulf_of_oman,Gulf of Oman,16,15,10.0,4.502310681018722,2.6869521049402056,2,41.0,2.4078596263002154,True
2024-09-28,black_sea,Black Sea,71,0,1.0,46.149280554754014,1.0,21,259.0,0.5810322066777485,False
2024-09-28,hormuz,Strait of Hormuz,17,0,0.0,7.0230399257480425,0.0,3,47.0,2.0186474238403322,True
2024-09-28,southern_red_sea,Southern Red Sea,274,79,58.0,201.300886942987,34.32713065162771,17,804.0,0.5094773623580372,False
2024-09-28,gulf_of_aden,Gulf of Aden,293,79,71.0,224.4510202346363,60.927487986032475,20,865.0,0.5385972767815119,False
2024-09-28,bab_el_mandeb,Bab-el-Mandeb,237,75,63.0,134.13282911764432,38.61344885782333,14,717.0,0.7760975197356709,False
2024-09-28,india_west_coast,India West Coast corridor,6,0,5.0,6.0,5.0,1,11.0,0.22508040021696663,False
2024-09-28,arabian_sea,Arabian Sea (open),6,0,5.0,4.266750509460682,3.555625424550568,1,11.0,0.22508040021696663,False
2024-09-28,suez_canal,Suez Canal & Gulf of Suez,1183,648,1027.0,542.9432743974146,450.87580359337335,17,3957.0,1.7776670695592014,False
2024-09-28,persian_gulf,Persian Gulf,126,0,4.0,100.80732061965165,1.5950474994814179,17,336.0,3.7753666928072414,True
2024-09-28,bosphorus,Turkish Straits (Bosphorus-Dardanelles),58,0,1.0,39.13398332085026,1.0,11,226.0,0.217387952652651,False
2024-09-28,somali_basin,Somali Basin / Horn approaches,125,69,47.0,31.8447522435238,14.51442649687173,6,433.0,0.4983628583696087,False
2024-09-28,eastern_med,Eastern Mediterranean,1653,847,1413.0,1574.150509256579,1362.069789040045,44,5272.0,2.3581578155198293,True
2024-10-05,arabian_sea,Arabian Sea (open),5,0,5.0,3.555625424550568,3.555625424550568,1,15.0,0.21056628233273525,False
2024-10-05,hormuz,Strait of Hormuz,7,0,0.0,3.8370561280949502,0.0,3,44.0,-0.6194932847291894,False
2024-10-05,india_west_coast,India West Coast corridor,5,0,5.0,5.0,5.0,1,15.0,0.2105662823327352,False
2024-10-05,bosphorus,Turkish Straits (Bosphorus-Dardanelles),113,0,0.0,75.63981037216683,0.0,20,283.0,5.794178594461121,True
2024-10-05,bab_el_mandeb,Bab-el-Mandeb,236,27,46.0,139.33583179517336,26.914221902012738,14,866.0,0.8663834874895417,False
2024-10-05,somali_basin,Somali Basin / Horn approaches,130,26,41.0,33.846656663655324,13.34458619360183,6,503.0,0.6901881692398225,False
2024-10-05,black_sea,Black Sea,141,0,1.0,90.99228840779126,0.5369649682651559,37,335.0,8.861532572347869,True
2024-10-05,suez_canal,Suez Canal & Gulf of Suez,1226,751,1000.0,616.0750126302345,487.4250587822242,14,4473.0,1.487216442017222,False
2024-10-05,eastern_med,Eastern Mediterranean,1712,909,1336.0,1602.3879605746602,1275.4394490177438,48,6038.0,1.761359632330728,False
2024-10-05,gulf_of_oman,Gulf of Oman,6,1,0.0,1.764561747799918,0.0,2,37.0,-0.6250000000000002,False
2024-10-05,persian_gulf,Persian Gulf,54,3,3.0,40.40898678262894,1.2453106075440967,15,331.0,-0.6487043935083312,False
2024-10-05,southern_red_sea,Southern Red Sea,291,26,40.0,204.34024435261307,21.27257519200772,17,1005.0,0.8560245535302999,False
2024-10-05,gulf_of_aden,Gulf of Aden,304,47,51.0,230.14055168616034,46.53226459324223,20,1068.0,0.8227324231966748,False
2024-10-12,somali_basin,Somali Basin / Horn approaches,135,45,45.0,35.503438870581434,13.983305769134216,6,557.0,0.7681246512618647,False
2024-10-12,southern_red_sea,Southern Red Sea,243,44,57.0,163.6167756629947,35.264213161807575,17,1142.0,0.24801720423515222,False
2024-10-12,persian_gulf,Persian Gulf,79,1,5.0,61.346087201344616,3.1799439636333857,14,353.0,0.33548198396889606,False
2024-10-12,bosphorus,Turkish Straits (Bosphorus-Dardanelles),71,0,0.0,49.23643652634478,0.0,16,288.0,0.35675303400633707,False
2024-10-12,arabian_sea,Arabian Sea (open),2,0,2.0,1.4222501698202272,1.4222501698202272,1,16.0,-0.48712230044745475,False
2024-10-12,hormuz,Strait of Hormuz,8,0,0.0,4.157807137280592,0.0,3,45.0,-0.27299599608808556,False
2024-10-12,gulf_of_oman,Gulf of Oman,9,12,4.0,2.5706473792819797,1.0747808419760823,2,42.0,0.06698641270570839,False
2024-10-12,black_sea,Black Sea,77,0,2.0,48.94495373401346,1.6819929592616987,21,343.0,0.10167497288747784,False
2024-10-12,bab_el_mandeb,Bab-el-Mandeb,209,47,59.0,129.91415426488766,34.842742315945635,14,963.0,0.34868547067795624,False
2024-10-12,india_west_coast,India West Coast corridor,2,0,2.0,2.0,2.0,1,16.0,-0.48712230044745464,False
2024-10-12,eastern_med,Eastern Mediterranean,1667,981,1399.0,1581.4570541797693,1345.7194125530834,44,6711.0,1.1650086494958933,False
2024-10-12,gulf_of_aden,Gulf of Aden,260,50,65.0,201.08885580861073,54.83205605707035,20,1203.0,0.28335252453391524,False
2024-10-12,suez_canal,Suez Canal & Gulf of Suez,1277,857,1101.0,593.7819243354165,489.07692485305404,13,5001.0,1.3303770655140774,False
2024-10-19,gulf_of_oman,Gulf of Oman,6,0,0.0,1.764561747799918,0.0,2,37.0,-0.7368505397627922,False
2024-10-19,suez_canal,Suez Canal & Gulf of Suez,1249,989,1063.0,591.3196348691706,473.5179012091312,16,4935.0,0.9168278468905751,False
2024-10-19,black_sea,Black Sea,69,7,5.0,47.97274685203994,3.8896991439460322,18,358.0,-0.18124669079941702,False
2024-10-19,somali_basin,Somali Basin / Horn approaches,138,38,57.0,35.13521463977771,16.75203190546571,6,528.0,0.7342346969447767,False
2024-10-19,southern_red_sea,Southern Red Sea,235,82,66.0,164.59655270014278,42.93379397491098,16,1043.0,0.2184631791791804,False
2024-10-19,arabian_sea,Arabian Sea (open),2,0,1.0,1.4222501698202272,0.7111250849101136,1,15.0,-0.32507895733562236,False
2024-10-19,gulf_of_aden,Gulf of Aden,260,86,82.0,204.53544317006822,67.70136112950468,20,1117.0,0.338267419231972,False
2024-10-19,persian_gulf,Persian Gulf,70,2,4.0,48.810829303334295,1.3989475677492849,15,329.0,-0.16012815380508694,False
2024-10-19,hormuz,Strait of Hormuz,9,0,0.0,4.414851302373717,0.0,3,41.0,-0.030332888454231727,False
2024-10-19,bosphorus,Turkish Straits (Bosphorus-Dardanelles),61,7,2.0,42.07955457230901,0.5379220594292569,13,303.0,-0.08918825850158427,False
2024-10-19,india_west_coast,India West Coast corridor,2,0,1.0,2.0,1.0,1,15.0,-0.3250789573356222,False
2024-10-19,bab_el_mandeb,Bab-el-Mandeb,211,83,74.0,136.20069836715663,47.028050105086635,13,893.0,0.33854484488804715,False
2024-10-19,eastern_med,Eastern Mediterranean,1629,1136,1369.0,1541.7438561688923,1311.9222055601683,41,6661.0,0.8029054220490749,False
2024-10-26,arabian_sea,Arabian Sea (open),3,0,3.0,2.133375254730341,2.133375254730341,1,12.0,0.13644420572745378,False
2024-10-26,black_sea,Black Sea,54,0,7.0,32.49536444949669,4.053987103234887,13,341.0,-0.8245185258145925,False
2024-10-26,gulf_of_aden,Gulf of Aden,255,43,59.0,197.09750365496154,48.4115993575976,20,1079.0,0.23206581475924093,False
2024-10-26,bosphorus,Turkish Straits (Bosphorus-Dardanelles),43,0,1.0,29.63187657347516,1.0,5,288.0,-1.0886692192288319,False
2024-10-26,hormuz,Strait of Hormuz,16,0,0.0,5.768212549377975,0.0,3,40.0,1.7479037724558393,False
2024-10-26,india_west_coast,India West Coast corridor,3,0,3.0,3.0,3.0,1,12.0,0.1364442057274537,False
2024-10-26,southern_red_sea,Southern Red Sea,224,42,46.0,150.21924489430404,27.554800148740057,17,993.0,0.06833072277600166,False
2024-10-26,suez_canal,Suez Canal & Gulf of Suez,1203,946,988.0,590.6558577870449,462.6353765488279,15,4955.0,0.5359199197690652,False
2024-10-26,bab_el_mandeb,Bab-el-Mandeb,194,33,47.0,126.70830956899252,28.7264652051287,14,850.0,0.05386767808087417,False
2024-10-26,eastern_med,Eastern Mediterranean,1630,1210,1342.0,1523.414299057109,1264.2764653967329,37,6638.0,0.6148556892727238,False
2024-10-26,gulf_of_oman,Gulf of Oman,12,17,6.0,3.3767330107640414,1.6121712629641234,2,33.0,0.9080304129098492,False
2024-10-26,persian_gulf,Persian Gulf,58,6,11.0,43.760338344486875,5.688114090936743,15,261.0,-0.7141188715627731,False
2024-10-26,somali_basin,Somali Basin / Horn approaches,135,24,36.0,34.61880650979536,10.529621977588874,6,538.0,0.5109936345189435,False
2024-11-02,hormuz,Strait of Hormuz,18,0,0.0,7.895626237563008,0.0,3,51.0,1.79026397378393,False
2024-11-02,somali_basin,Somali Basin / Horn approaches,100,28,32.0,24.51697104056742,9.34568892716177,6,508.0,-0.6239949841354031,False
2024-11-02,arabian_sea,Arabian Sea (open),1,0,0.0,0.7111250849101136,0.0,1,8.0,-1.037217273347849,False
2024-11-02,black_sea,Black Sea,72,0,1.0,45.725277688786804,0.27040041591461966,19,272.0,-0.10771355506504864,False
2024-11-02,gulf_of_oman,Gulf of Oman,10,17,2.0,2.9409362463331967,0.5373904209880411,2,37.0,0.19318973803366626,False
2024-11-02,persian_gulf,Persian Gulf,90,3,4.0,60.026610715560274,2.1145773197226747,16,297.0,0.619485382749664,False
2024-11-02,gulf_of_aden,Gulf of Aden,233,41,53.0,172.41186954659915,45.09859591667385,20,1008.0,-0.1164275887567143,False
2024-11-02,suez_canal,Suez Canal & Gulf of Suez,1119,721,910.0,564.9367889411277,435.5785419552173,14,4848.0,0.020739365217375256,False
2024-11-02,bab_el_mandeb,Bab-el-Mandeb,158,33,42.0,95.97974316862394,24.693188127556063,14,772.0,-0.5800906757768308,False
2024-11-02,bosphorus,Turkish Straits (Bosphorus-Dardanelles),54,0,0.0,41.20948218998831,0.0,11,229.0,-0.47012554871568135,False
2024-11-02,eastern_med,Eastern Mediterranean,1432,888,1143.0,1354.482370309399,1095.2518025235684,38,6358.0,-0.17648855491537446,False
2024-11-02,india_west_coast,India West Coast corridor,1,0,0.0,1.0,0.0,1,8.0,-1.0372172733478484,False
2024-11-02,southern_red_sea,Southern Red Sea,210,36,37.0,136.21657414739911,23.21166631912299,17,912.0,-0.1705929872017586,False
2024-11-09,arabian_sea,Arabian Sea (open),3,0,3.0,2.133375254730341,2.133375254730341,1,9.0,0.06914781822318994,False
2024-11-09,gulf_of_aden,Gulf of Aden,276,52,91.0,218.04830552213417,77.65055183973126,20,1024.0,0.25460918776119357,False
2024-11-09,black_sea,Black Sea,52,0,0.0,33.831896131143374,0.0,13,247.0,-0.8649912179281298,False
2024-11-09,somali_basin,Somali Basin / Horn approaches,129,33,55.0,32.56002122774109,16.030500704948356,6,502.0,0.10126291885787672,False
2024-11-09,persian_gulf,Persian Gulf,58,5,7.0,40.41489710736372,3.8665470475273747,15,276.0,-0.8385076769374155,False
2024-11-09,bosphorus,Turkish Straits (Bosphorus-Dardanelles),48,0,0.0,33.25883535202032,0.0,9,206.0,-0.7298624306385059,False
2024-11-09,hormuz,Strait of Hormuz,6,0,0.0,1.223730770096167,0.0,2,49.0,-1.257154504782986,False
2024-11-09,gulf_of_oman,Gulf of Oman,5,12,2.0,1.3434760524701028,0.5373904209880411,1,33.0,-1.0947418488574423,False
2024-11-09,india_west_coast,India West Coast corridor,3,0,3.0,3.0,3.0,1,9.0,0.0691478182231899,False
2024-11-09,bab_el_mandeb,Bab-el-Mandeb,232,49,79.0,128.7046683870292,43.93077076475539,14,795.0,0.525938305092568,False
2024-11-09,suez_canal,Suez Canal & Gulf of Suez,1113,646,948.0,551.8413575636214,449.85304994384546,14,4684.0,-0.2921969177349399,False
2024-11-09,eastern_med,Eastern Mediterranean,1431,912,1210.0,1350.3921880875926,1153.2397587822766,37,6122.0,-0.49394482321029465,False
2024-11-09,southern_red_sea,Southern Red Sea,242,40,69.0,179.34476061310104,43.47154052944242,17,911.0,0.03527148228602057,False
2024-11-16,black_sea,Black Sea,59,0,1.0,36.39287223036952,1.0,17,237.0,-0.5115619145370804,False
2024-11-16,hormuz,Strait of Hormuz,12,1,1.0,4.117402519367436,0.9929087770838032,4,52.0,0.05172853157197939,False
2024-11-16,india_west_coast,India West Coast corridor,4,0,4.0,4.0,4.0,1,11.0,0.532860579655685,False
2024-11-16,eastern_med,Eastern Mediterranean,1446,943,1215.0,1372.2328688757293,1161.3360622592447,34,5939.0,-1.4394312295187677,False
2024-11-16,gulf_of_aden,Gulf of Aden,241,40,60.0,199.51485511549535,51.12538388619057,19,1005.0,-1.0583424323059443,False
2024-11-16,bosphorus,Turkish Straits (Bosphorus-Dardanelles),48,0,0.0,34.51821391554152,0.0,11,193.0,-0.6083917650532785,False
2024-11-16,southern_red_sea,Southern Red Sea,213,30,42.0,140.57876100231627,25.0713743929052,16,889.0,-1.0727722867584697,False
2024-11-16,persian_gulf,Persian Gulf,54,4,9.0,39.5044966944859,5.579339071923224,17,260.0,-1.0123408578011759,False
2024-11-16,suez_canal,Suez Canal & Gulf of Suez,1179,675,1000.0,564.3864698543654,449.67749209789696,14,4614.0,-0.44249243374261427,False
2024-11-16,bab_el_mandeb,Bab-el-Mandeb,204,38,52.0,123.10994532066725,27.404156185225165,14,788.0,-0.43607231599331786,False
2024-11-16,arabian_sea,Arabian Sea (open),4,0,4.0,2.8445003396404545,2.8445003396404545,1,11.0,0.5328605796556855,False
2024-11-16,gulf_of_oman,Gulf of Oman,6,3,3.0,1.8322039444638654,0.9753214847032055,3,33.0,-0.9119480702981227,False
2024-11-16,somali_basin,Somali Basin / Horn approaches,126,26,39.0,32.204044269714274,12.125429721091182,6,490.0,-0.34691010890169927,False
2024-11-23,somali_basin,Somali Basin / Horn approaches,123,23,45.0,31.067323392546843,12.735141433580438,7,478.0,-0.35638327778260687,False
2024-11-23,persian_gulf,Persian Gulf,54,9,7.0,36.1521798799648,3.2945212833560604,15,256.0,-0.7907252446479451,False
2024-11-23,hormuz,Strait of Hormuz,7,5,0.0,2.414851302373717,0.0,3,43.0,-0.9617692030835664,False
2024-11-23,bab_el_mandeb,Bab-el-Mandeb,200,27,60.0,116.69991617576363,30.897582373585607,14,794.0,-0.38320259081104485,False
2024-11-23,southern_red_sea,Southern Red Sea,222,28,45.0,153.68935656959746,28.972177164846478,17,887.0,-0.6856440299327443,False
2024-11-23,black_sea,Black Sea,68,0,0.0,41.240812563239224,0.0,16,251.0,-0.22451249483117586,False
2024-11-23,gulf_of_oman,Gulf of Oman,1,0,0.0,0.3194920387726188,0.0,1,22.0,-2.0352497093257003,False
2024-11-23,bosphorus,Turkish Straits (Bosphorus-Dardanelles),59,0,0.0,42.60828805361851,0.0,12,209.0,-0.13385846531766782,False
2024-11-23,eastern_med,Eastern Mediterranean,1552,874,1141.0,1417.530198380155,1065.4545535130803,41,5861.0,-0.19530035163693862,False
2024-11-23,suez_canal,Suez Canal & Gulf of Suez,1002,433,756.0,495.7863307658013,363.531514392739,15,4413.0,-3.3037477831707873,False
2024-11-23,gulf_of_aden,Gulf of Aden,251,31,68.0,203.75784214715708,60.66589587548374,21,1001.0,-0.5834580555605532,False
2024-11-30,gulf_of_oman,Gulf of Oman,4,3,2.0,1.1763744985332787,0.5373904209880411,2,16.0,-0.8458234512382631,False
2024-11-30,black_sea,Black Sea,67,0,2.0,48.344417642731194,2.0,16,246.0,-0.245911562302195,False
2024-11-30,hormuz,Strait of Hormuz,7,0,0.0,3.157807137280592,0.0,3,32.0,-0.7496695307175972,False
2024-11-30,eastern_med,Eastern Mediterranean,1268,1009,566.0,1079.8477400211314,497.810474629523,36,5697.0,-2.5924895584578005,False
2024-11-30,india_west_coast,India West Coast corridor,3,0,3.0,3.0,3.0,1,11.0,-0.14978617237881936,False
2024-11-30,persian_gulf,Persian Gulf,55,2,3.0,38.90876218295936,1.7648404277853535,16,221.0,-0.7046913722499207,False
2024-11-30,southern_red_sea,Southern Red Sea,248,62,53.0,167.92942298852466,32.12660785459205,17,925.0,0.5044978417091195,False
2024-11-30,bosphorus,Turkish Straits (Bosphorus-Dardanelles),56,0,0.0,44.24441548134115,0.0,8,211.0,-0.27357169701326617,False
2024-11-30,bab_el_mandeb,Bab-el-Mandeb,229,79,73.0,133.71375766339003,42.11662209133381,14,865.0,0.9714868095315289,False
2024-11-30,somali_basin,Somali Basin / Horn approaches,141,77,62.0,36.68678037120644,18.351876873011364,6,519.0,1.1666666666666707,False
2024-11-30,arabian_sea,Arabian Sea (open),3,0,3.0,2.133375254730341,2.133375254730341,1,11.0,-0.14978617237881944,False
2024-11-30,gulf_of_aden,Gulf of Aden,286,79,80.0,225.36629427604882,70.58745068859344,21,1054.0,1.1818181818182032,False
2024-11-30,suez_canal,Suez Canal & Gulf of Suez,655,425,375.0,388.865247026813,258.7973627764892,12,3949.0,-5.765864447091402,False
2024-12-07,bosphorus,Turkish Straits (Bosphorus-Dardanelles),49,0,0.0,35.348491580694024,0.0,6,212.0,-0.6756639246921657,False
2024-12-07,gulf_of_oman,Gulf of Oman,1,0,0.0,0.26869521049402056,0.0,1,12.0,-1.5875919121923643,False
2024-12-07,somali_basin,Somali Basin / Horn approaches,123,89,45.0,30.527223436040153,12.993320380323667,6,513.0,-0.41400872053636484,False
2024-12-07,black_sea,Black Sea,61,0,4.0,39.803330126221276,4.0,12,255.0,-0.4240218397063117,False
2024-12-07,bab_el_mandeb,Bab-el-Mandeb,202,98,59.0,121.93219869026623,34.83782508806234,14,835.0,-0.11399391162480187,False
2024-12-07,india_west_coast,India West Coast corridor,5,0,5.0,5.0,5.0,1,15.0,1.7048780588072234,False
2024-12-07,southern_red_sea,Southern Red Sea,241,77,49.0,165.1387959768197,31.06470453033672,17,924.0,0.7903785484495074,False
2024-12-07,hormuz,Strait of Hormuz,2,0,0.0,0.4503814860937334,0.0,2,28.0,-1.8602910577066303,False
2024-12-07,suez_canal,Suez Canal & Gulf of Suez,557,375,309.0,360.05911436480187,224.53402010370797,13,3393.0,-2.7202366641222975,False
2024-12-07,eastern_med,Eastern Mediterranean,1040,811,494.0,878.9804814976662,429.43360086739955,38,5306.0,-3.4274966286076674,False
2024-12-07,arabian_sea,Arabian Sea (open),5,0,5.0,3.555625424550568,3.555625424550568,1,15.0,1.7048780588072259,False
2024-12-07,gulf_of_aden,Gulf of Aden,270,99,66.0,211.18127169359585,57.924997637992526,19,1048.0,0.7093684464468379,False
2024-12-07,persian_gulf,Persian Gulf,76,1,4.0,67.57035233846685,1.8927359880292347,13,239.0,0.8301670692660664,False
2024-12-14,suez_canal,Suez Canal & Gulf of Suez,532,399,259.0,363.93694565761746,222.43053287113196,17,2746.0,-1.8302286627335669,False
2024-12-14,arabian_sea,Arabian Sea (open),2,0,1.0,1.4222501698202272,0.7111250849101136,1,14.0,-0.7020086124500341,False
2024-12-14,eastern_med,Eastern Mediterranean,760,556,389.0,660.7648390370084,336.66133565921956,42,4620.0,-3.3846350384017625,False
2024-12-14,bosphorus,Turkish Straits (Bosphorus-Dardanelles),66,0,0.0,41.63999396289729,0.0,12,230.0,2.207835952883084,True
2024-12-14,india_west_coast,India West Coast corridor,2,0,1.0,2.0,1.0,1,14.0,-0.7020086124500331,False
2024-12-14,persian_gulf,Persian Gulf,64,0,3.0,56.36250444937281,3.0,16,249.0,-0.028547579526156473,False
2024-12-14,hormuz,Strait of Hormuz,7,0,0.0,3.157807137280592,0.0,3,23.0,-0.4888065962575499,False
2024-12-14,somali_basin,Somali Basin / Horn approaches,147,68,44.0,37.27136510193929,13.222899101833946,6,534.0,1.5722690522782854,False
2024-12-14,bab_el_mandeb,Bab-el-Mandeb,247,95,61.0,150.3710235053966,35.91564619184832,14,878.0,1.8828515496539766,False
2024-12-14,gulf_of_aden,Gulf of Aden,354,96,79.0,246.05281033737523,61.953970319318756,20,1161.0,5.334529708156921,True
2024-12-14,gulf_of_oman,Gulf of Oman,5,5,2.0,1.4450697090272993,0.5373904209880411,2,11.0,-0.1607060866333063,False
2024-12-14,black_sea,Black Sea,76,0,0.0,43.66578592473867,0.0,21,272.0,1.7995296560133889,False
2024-12-14,southern_red_sea,Southern Red Sea,331,87,60.0,233.41291990186232,41.871977116230475,17,1042.0,7.186293487643403,True
2024-12-21,bosphorus,Turkish Straits (Bosphorus-Dardanelles),56,0,1.0,37.62522306161479,0.41065352610519723,11,227.0,0.4236505826889185,False
2024-12-21,bab_el_mandeb,Bab-el-Mandeb,306,91,77.0,185.70031869030493,43.37296789997285,14,984.0,3.5359750353213633,True
2024-12-21,somali_basin,Somali Basin / Horn approaches,164,79,48.0,40.41963030301804,13.966179764212525,6,575.0,2.529376069394024,True
2024-12-21,india_west_coast,India West Coast corridor,4,0,4.0,4.0,4.0,1,14.0,0.9025825017214711,False
2024-12-21,gulf_of_aden,Gulf of Aden,405,98,87.0,296.0565357763548,71.29958102305552,20,1315.0,3.5274027130307384,True
2024-12-21,southern_red_sea,Southern Red Sea,381,98,71.0,277.87195373981217,48.75488384003673,17,1201.0,3.597593433121025,True
2024-12-21,persian_gulf,Persian Gulf,58,2,7.0,43.09801271978312,3.085550651643274,14,253.0,-0.4347413023856812,False
2024-12-21,eastern_med,Eastern Mediterranean,736,650,381.0,639.3572669452846,326.78428039169626,42,3804.0,-2.019082604012651,False
2024-12-21,black_sea,Black Sea,62,0,1.0,38.83618676532737,0.19319978030475451,16,266.0,-0.19040157044763115,False
2024-12-21,suez_canal,Suez Canal & Gulf of Suez,487,445,250.0,343.8589507738821,214.9648840808919,15,2231.0,-1.5000220017748114,False
2024-12-21,gulf_of_oman,Gulf of Oman,2,0,0.0,0.6389840775452376,0.0,1,12.0,-0.8994232953125818,False
2024-12-21,arabian_sea,Arabian Sea (open),4,0,4.0,2.8445003396404545,2.8445003396404545,1,14.0,0.9025825017214725,False
2024-12-21,hormuz,Strait of Hormuz,8,0,0.0,3.1600239260036505,0.0,2,24.0,-0.2523193673480209,False
2024-12-28,gulf_of_aden,Gulf of Aden,341,65,75.0,238.58079556111105,60.8926552924341,21,1370.0,0.8600071985068215,False
2024-12-28,bosphorus,Turkish Straits (Bosphorus-Dardanelles),41,0,0.0,26.447893554768452,0.0,12,212.0,-2.1657001992290814,False
2024-12-28,persian_gulf,Persian Gulf,51,3,4.0,37.22340780956736,2.1145773197226747,14,249.0,-0.9757527009100845,False
2024-12-28,bab_el_mandeb,Bab-el-Mandeb,236,57,64.0,138.3308084038768,41.3863132998467,14,991.0,0.3174398746364625,False
2024-12-28,india_west_coast,India West Coast corridor,2,0,2.0,2.0,2.0,1,13.0,-0.9025825017214711,False
2024-12-28,hormuz,Strait of Hormuz,6,2,0.0,2.9644698162799834,0.0,3,23.0,-0.500098960911409,False
2024-12-28,suez_canal,Suez Canal & Gulf of Suez,458,348,262.0,326.41614533530884,220.91479395114055,16,2034.0,-1.2450308187136419,False
2024-12-28,eastern_med,Eastern Mediterranean,689,520,419.0,597.0356824823292,352.50819899699457,40,3225.0,-1.60731493126443,False
2024-12-28,black_sea,Black Sea,52,0,1.0,34.76244722695954,1.0,22,251.0,-1.6458781919575205,False
2024-12-28,gulf_of_oman,Gulf of Oman,3,7,1.0,0.9076792880392581,0.26869521049402056,2,11.0,-0.415023004769843,False
2024-12-28,arabian_sea,Arabian Sea (open),2,0,2.0,1.4222501698202272,1.4222501698202272,1,13.0,-0.9025825017214725,False
2024-12-28,southern_red_sea,Southern Red Sea,325,62,66.0,239.95847868362245,42.320914229354905,17,1278.0,1.0371259576834642,False
2024-12-28,somali_basin,Somali Basin / Horn approaches,126,45,46.0,30.581363479403947,12.881927162051916,6,560.0,-0.2941454719519871,False
2025-01-04,southern_red_sea,Southern Red Sea,419,90,98.0,292.89655380996606,59.15279938955291,17,1456.0,2.334390666784689,True
2025-01-04,bab_el_mandeb,Bab-el-Mandeb,347,81,107.0,208.4035396027714,54.16589382195105,14,1136.0,3.3130658048506323,True
2025-01-04,suez_canal,Suez Canal & Gulf of Suez,599,355,301.0,410.00076006284576,253.53552047473627,15,2076.0,-0.4972340468817314,False
2025-01-04,persian_gulf,Persian Gulf,43,0,3.0,32.28920881798613,1.686603083893989,15,216.0,-1.9742662618621587,False
2025-01-04,arabian_sea,Arabian Sea (open),4,0,4.0,2.8445003396404545,2.8445003396404545,1,12.0,0.7637626158259727,False
2025-01-04,bosphorus,Turkish Straits (Bosphorus-Dardanelles),63,0,0.0,40.80784716788247,0.0,15,226.0,1.2875461353031796,False
2025-01-04,black_sea,Black Sea,70,0,0.0,39.73046819100505,0.0,21,260.0,0.9642713710923436,False
2025-01-04,eastern_med,Eastern Mediterranean,878,600,465.0,757.7244082694526,390.66770203931856,48,3063.0,-0.668921868903738,False
2025-01-04,hormuz,Strait of Hormuz,4,0,0.0,2.4503814860937334,0.0,3,25.0,-1.0460722439104773,False
2025-01-04,india_west_coast,India West Coast corridor,4,0,4.0,4.0,4.0,1,12.0,0.7637626158259718,False
2025-01-04,gulf_of_oman,Gulf of Oman,3,0,1.0,0.9076792880392581,0.26869521049402056,2,13.0,-0.1950473744013737,False
2025-01-04,gulf_of_aden,Gulf of Aden,456,96,128.0,338.9274990638849,105.300993640349,21,1556.0,2.663157569690025,True
2025-01-04,somali_basin,Somali Basin / Horn approaches,189,47,57.0,48.05334113933752,16.751892368924093,6,626.0,3.688997114347493,True
2025-01-11,bab_el_mandeb,Bab-el-Mandeb,279,102,72.0,179.05751918034719,37.369900901579875,14,1168.0,0.6102682346520022,False
2025-01-11,eastern_med,Eastern Mediterranean,762,623,436.0,664.0858079078826,369.5609269032085,40,3065.0,-0.8410183991244888,False
2025-01-11,india_west_coast,India West Coast corridor,3,0,3.0,3.0,3.0,1,13.0,-0.3535533905932727,False
2025-01-11,gulf_of_aden,Gulf of Aden,383,108,82.0,278.5834089136674,70.45177923230729,21,1585.0,0.7446837187645221,False
2025-01-11,somali_basin,Somali Basin / Horn approaches,181,73,46.0,47.68848386968688,14.148070405317636,6,660.0,1.625608318114237,False
2025-01-11,bosphorus,Turkish Straits (Bosphorus-Dardanelles),55,0,0.0,37.11000942872547,0.0,14,215.0,0.030080897476104502,False
2025-01-11,persian_gulf,Persian Gulf,62,2,5.0,49.11295116708841,3.292034182538733,15,214.0,0.5258633310117725,False
2025-01-11,black_sea,Black Sea,68,0,1.0,45.23752101838194,1.0,25,252.0,0.4882403965335296,False
2025-01-11,suez_canal,Suez Canal & Gulf of Suez,520,407,272.0,360.384806175394,219.76705482790314,13,2064.0,-0.6226958351597605,False
2025-01-11,hormuz,Strait of Hormuz,14,0,0.0,6.407289601673316,0.0,4,32.0,2.5216701725820854,True
2025-01-11,southern_red_sea,Southern Red Sea,358,103,65.0,250.06227943675447,37.553843045443486,17,1483.0,0.7801605383524812,False
2025-01-11,arabian_sea,Arabian Sea (open),3,0,3.0,2.133375254730341,2.133375254730341,1,13.0,-0.35355339059327334,False
2025-01-11,gulf_of_oman,Gulf of Oman,7,0,1.0,2.084053786572537,0.26869521049402056,2,15.0,2.143582364918892,True
2025-01-18,black_sea,Black Sea,62,0,1.0,41.3739478521636,1.0,17,252.0,-0.48805168214483624,False
2025-01-18,somali_basin,Somali Basin / Horn approaches,68,43,49.0,21.32763974965478,15.625630130780591,7,564.0,-3.1035939596520645,False
2025-01-18,eastern_med,Eastern Mediterranean,667,365,325.0,561.1475031227625,253.59312864844352,36,2996.0,-0.9553283823903924,False
2025-01-18,persian_gulf,Persian Gulf,51,3,6.0,35.60861278875259,4.049210675811963,14,207.0,-0.7001805657094033,False
2025-01-18,suez_canal,Suez Canal & Gulf of Suez,419,133,162.0,255.53407804702994,118.34575273947269,12,1996.0,-1.0511614782795935,False
2025-01-18,southern_red_sea,Southern Red Sea,101,57,54.0,61.652697980957754,28.23683107026658,16,1203.0,-2.9933067602059125,False
2025-01-18,arabian_sea,Arabian Sea (open),1,0,1.0,0.7111250849101136,0.7111250849101136,1,10.0,-2.239171473757398,False
2025-01-18,hormuz,Strait of Hormuz,8,0,0.0,3.471466923550037,0.0,4,32.0,0.32308117137798176,False
2025-01-18,india_west_coast,India West Coast corridor,1,0,1.0,1.0,1.0,1,10.0,-2.2391714737573936,False
2025-01-18,gulf_of_aden,Gulf of Aden,131,69,77.0,110.1886922261614,69.10527482431196,20,1311.0,-2.9855261084499194,False
2025-01-18,bosphorus,Turkish Straits (Bosphorus-Dardanelles),53,0,0.0,37.63928237578671,0.0,10,212.0,-0.3341944978203075,False
2025-01-18,gulf_of_oman,Gulf of Oman,5,1,1.0,1.5635087339698448,0.26869521049402056,3,18.0,0.8524640257830466,False
2025-01-18,bab_el_mandeb,Bab-el-Mandeb,104,61,66.0,56.60268094180701,35.23639425289019,13,966.0,-2.946145751541789,False
2025-01-25,gulf_of_oman,Gulf of Oman,9,2,3.0,2.5198505510033815,0.8060856314820617,2,24.0,2.750668367976818,True
2025-01-25,black_sea,Black Sea,69,0,9.0,41.53242693299131,2.55945001235626,20,269.0,0.5914033758558208,False
2025-01-25,hormuz,Strait of Hormuz,4,0,0.0,2.4503814860937334,0.0,3,30.0,-0.8558961032361824,False
2025-01-25,eastern_med,Eastern Mediterranean,675,314,351.0,561.1941270452726,266.3663449027366,39,2982.0,-0.8455304427509909,False
2025-01-25,somali_basin,Somali Basin / Horn approaches,64,41,40.0,18.96315960176473,11.713627910665286,6,502.0,-2.0400321052034274,False
2025-01-25,gulf_of_aden,Gulf of Aden,132,59,83.0,109.96374086480343,69.87283450322803,19,1102.0,-1.9608270077944825,False
2025-01-25,southern_red_sea,Southern Red Sea,112,54,66.0,65.91762802322489,39.07376888205667,15,990.0,-1.8656966161829118,False
2025-01-25,bosphorus,Turkish Straits (Bosphorus-Dardanelles),59,0,0.0,39.997505960025464,0.0,13,230.0,0.5307218493221328,False
2025-01-25,suez_canal,Suez Canal & Gulf of Suez,415,96,160.0,205.08244393417752,78.31864205897891,12,1953.0,-1.4895697712276825,False
2025-01-25,bab_el_mandeb,Bab-el-Mandeb,119,56,74.0,65.12195056841978,37.98963693240839,13,849.0,-1.708068663873215,False
2025-01-25,persian_gulf,Persian Gulf,42,2,5.0,28.073687234062454,1.6575764158145883,13,198.0,-1.5433995441798178,False
2025-02-01,eastern_med,Eastern Mediterranean,564,227,275.0,450.9654582238541,196.76039866685545,49,2668.0,-1.6764949508426348,False
2025-02-01,hormuz,Strait of Hormuz,6,0,0.0,3.7074256511868584,0.0,3,32.0,-0.1706687714861328,False
2025-02-01,suez_canal,Suez Canal & Gulf of Suez,277,44,96.0,149.96727352666787,58.76998099859779,20,1631.0,-3.371913649127539,False
2025-02-01,somali_basin,Somali Basin / Horn approaches,77,53,42.0,26.763190292344717,12.632639878083097,6,390.0,-1.1760040690203746,False
2025-02-01,india_west_coast,India West Coast corridor,1,0,0.0,1.0,0.0,1,9.0,-1.5275252316519436,False
2025-02-01,persian_gulf,Persian Gulf,46,7,7.0,32.8617150972276,3.5922097719038772,13,201.0,-0.8619020356348023,False
2025-02-01,arabian_sea,Arabian Sea (open),1,0,0.0,0.7111250849101136,0.0,1,9.0,-1.5275252316519454,False
2025-02-01,southern_red_sea,Southern Red Sea,146,68,66.0,90.50755123756579,38.05856285642845,16,717.0,-1.1395201539765245,False
2025-02-01,gulf_of_oman,Gulf of Oman,6,0,0.0,1.764561747799918,0.0,2,27.0,0.6087807775281013,False
2025-02-01,black_sea,Black Sea,42,0,0.0,25.576208377217224,0.0,11,241.0,-3.1465964976010126,False
2025-02-01,gulf_of_aden,Gulf of Aden,163,70,77.0,128.91070221320365,67.00778323936345,19,809.0,-1.1984710396063063,False
2025-02-01,bosphorus,Turkish Straits (Bosphorus-Dardanelles),41,0,0.0,25.168440295003094,0.0,10,208.0,-1.802498266295941,False
2025-02-01,bab_el_mandeb,Bab-el-Mandeb,123,64,67.0,68.3312804413512,35.78753101633091,13,625.0,-1.2514589313014437,False
2025-02-08,arabian_sea,Arabian Sea (open),3,0,2.0,2.133375254730341,1.4222501698202272,1,8.0,0.16800537625806167,False
2025-02-08,hormuz,Strait of Hormuz,1,0,0.0,1.0,0.0,1,19.0,-1.9249017932300432,False
2025-02-08,somali_basin,Somali Basin / Horn approaches,159,15,25.0,42.7681170229022,8.047763176103095,6,368.0,0.6227991553292185,False
2025-02-08,gulf_of_oman,Gulf of Oman,3,0,1.0,0.8568824597606599,0.26869521049402056,2,23.0,-0.8583950752789528,False
2025-02-08,gulf_of_aden,Gulf of Aden,311,45,63.0,226.38594667772696,50.26164544393707,21,737.0,0.1163438644523953,False
2025-02-08,eastern_med,Eastern Mediterranean,647,199,310.0,530.6385602409694,227.91149104879048,40,2553.0,-0.7581700396600715,False
2025-02-08,india_west_coast,India West Coast corridor,3,0,2.0,3.0,2.0,1,8.0,0.16800537625806153,False
2025-02-08,suez_canal,Suez Canal & Gulf of Suez,368,52,124.0,209.74726197085198,78.94000309868949,15,1479.0,-0.9826592012703713,False
2025-02-08,persian_gulf,Persian Gulf,67,6,1.0,55.98943093892485,1.0,12,206.0,1.7620171210158915,False
2025-02-08,southern_red_sea,Southern Red Sea,283,36,50.0,189.27480470708355,25.453536119679917,17,642.0,0.08765132545956908,False
2025-02-08,bosphorus,Turkish Straits (Bosphorus-Dardanelles),57,0,0.0,37.06375756589792,0.0,8,210.0,0.29865607429966734,False
2025-02-08,bab_el_mandeb,Bab-el-Mandeb,212,32,41.0,143.86513452091998,22.475069625712706,14,558.0,-0.08699716560056579,False
2025-02-08,black_sea,Black Sea,67,0,3.0,40.26933189146123,3.0,12,240.0,0.3989360385832085,False
2025-02-15,bab_el_mandeb,Bab-el-Mandeb,139,86,60.0,87.08934096544365,32.27353517830172,13,593.0,-0.8272902175852219,False
2025-02-15,suez_canal,Suez Canal & Gulf of Suez,380,31,136.0,213.85856135384017,88.09673293991216,13,1440.0,-0.6428312803739469,False
2025-02-15,black_sea,Black Sea,78,0,1.0,45.51936655187048,1.0,14,256.0,1.6840241981633548,False
2025-02-15,arabian_sea,Arabian Sea (open),1,0,1.0,0.7111250849101136,0.7111250849101136,1,6.0,-1.2549900398011122,False
2025-02-15,southern_red_sea,Southern Red Sea,137,93,57.0,82.4100583241448,33.34408788727087,17,678.0,-1.0069928392967247,False
2025-02-15,bosphorus,Turkish Straits (Bosphorus-Dardanelles),73,0,0.0,47.21531502629914,0.0,11,230.0,2.470967218582133,True
2025-02-15,eastern_med,Eastern Mediterranean,605,160,260.0,515.6456565719095,209.52548420150745,41,2491.0,-1.0510903386789605,False
2025-02-15,gulf_of_aden,Gulf of Aden,158,96,72.0,137.50921274859778,60.745113121125655,20,764.0,-1.0149702895200041,False
2025-02-15,persian_gulf,Persian Gulf,72,11,9.0,53.45051758172977,5.29452128335606,14,227.0,2.145950560061506,True
2025-02-15,india_west_coast,India West Coast corridor,1,0,1.0,1.0,1.0,1,6.0,-1.2549900398011105,False
2025-02-15,gulf_of_oman,Gulf of Oman,8,0,1.0,2.3527489970665574,0.26869521049402056,2,26.0,1.3347758261311515,False
2025-02-15,somali_basin,Somali Basin / Horn approaches,107,44,38.0,33.539041593891575,11.192349043163418,7,407.0,-0.4117465985872646,False
2025-02-15,hormuz,Strait of Hormuz,10,0,0.0,5.287437614188684,0.0,3,21.0,0.9410257608329016,False
2025-02-22,black_sea,Black Sea,64,0,1.0,35.599197188964524,1.0,14,251.0,0.043804790253152405,False
2025-02-22,gulf_of_oman,Gulf of Oman,9,5,4.0,2.621444207560578,1.0747808419760823,2,26.0,1.4641550464346331,False
2025-02-22,southern_red_sea,Southern Red Sea,84,45,49.0,52.53615984595319,29.542866339391054,16,650.0,-1.2055666130674292,False
2025-02-22,eastern_med,Eastern Mediterranean,505,130,241.0,435.9023895539541,202.15887971116277,36,2321.0,-1.8613888181856468,False
2025-02-22,persian_gulf,Persian Gulf,72,4,3.0,54.79719876462243,0.8927359880292347,13,257.0,1.5623678693440926,False
2025-02-22,bab_el_mandeb,Bab-el-Mandeb,85,47,48.0,48.666822841912335,29.849230170104164,13,559.0,-1.2451517011297437,False
2025-02-22,suez_canal,Suez Canal & Gulf of Suez,318,60,131.0,182.21144572364994,83.00300904777241,12,1343.0,-1.1351073326076446,False
2025-02-22,hormuz,Strait of Hormuz,5,0,0.0,4.257044165093125,0.0,2,22.0,-0.40289157919763485,False
2025-02-22,somali_basin,Somali Basin / Horn approaches,53,44,33.0,17.347841001248874,9.788030928719486,7,396.0,-1.3528194292789395,False
2025-02-22,gulf_of_aden,Gulf of Aden,108,51,59.0,86.69439864690494,46.5976944818245,20,740.0,-1.1782392083449964,False
2025-02-22,bosphorus,Turkish Straits (Bosphorus-Dardanelles),59,0,0.0,36.40877316814046,0.0,11,230.0,0.3500155565926657,False
2025-03-01,somali_basin,Somali Basin / Horn approaches,46,14,34.0,14.752295816172646,10.630183773590478,7,365.0,-1.18526504219024,False
2025-03-01,persian_gulf,Persian Gulf,51,2,3.0,34.88267768848093,2.0350131633222786,15,262.0,-0.45778945023208084,False
2025-03-01,black_sea,Black Sea,59,0,1.0,36.58102693770132,0.4988988577831958,13,268.0,-0.5750727444569914,False
2025-03-01,gulf_of_aden,Gulf of Aden,133,61,72.0,99.7975942023792,62.16043868689175,18,710.0,-0.7277305301390967,False
2025-03-01,southern_red_sea,Southern Red Sea,87,57,56.0,47.17322198795587,26.823487127645997,15,591.0,-0.9107770822857927,False
2025-03-01,hormuz,Strait of Hormuz,9,2,1.0,3.608188623374325,0.257044165093125,3,25.0,0.6141296055506463,False
2025-03-01,bab_el_mandeb,Bab-el-Mandeb,87,55,59.0,41.945151817433036,28.020644778769586,11,523.0,-0.945388102339255,False
2025-03-01,gulf_of_oman,Gulf of Oman,8,3,2.0,2.251155340509361,0.5373904209880411,2,28.0,0.7187254448398509,False
2025-03-01,bosphorus,Turkish Straits (Bosphorus-Dardanelles),57,0,1.0,35.534827569193425,1.0,11,246.0,-0.055215763037422455,False
2025-03-01,suez_canal,Suez Canal & Gulf of Suez,330,59,148.0,196.29840532978827,96.63390642203815,12,1396.0,-0.7833055786700095,False
2025-03-01,eastern_med,Eastern Mediterranean,595,771,301.0,517.8562146849662,260.631534143157,39,2352.0,-0.5839560455798796,False
2025-03-08,southern_red_sea,Southern Red Sea,136,51,72.0,88.74589246724615,42.59895343589683,17,444.0,-0.271436550549575,False
2025-03-08,hormuz,Strait of Hormuz,7,0,0.0,4.580011963001825,0.0,2,31.0,-0.031128640318234483,False
2025-03-08,gulf_of_aden,Gulf of Aden,149,54,81.0,122.47232457422089,65.95228671098782,19,548.0,-0.4074110178048092,False
2025-03-08,gulf_of_oman,Gulf of Oman,6,1,2.0,1.8153585760785163,0.5373904209880411,2,31.0,-0.41663292710900474,False
2025-03-08,somali_basin,Somali Basin / Horn approaches,66,24,42.0,18.01364847403088,12.218940531316173,6,272.0,-0.56250977121315,False
2025-03-08,bosphorus,Turkish Straits (Bosphorus-Dardanelles),79,0,0.0,54.32628858111364,0.0,15,268.0,2.5344475664528874,True
2025-03-08,arabian_sea,Arabian Sea (open),4,0,0.0,2.8445003396404545,0.0,1,9.0,1.2476293309186102,False
2025-03-08,india_west_coast,India West Coast corridor,4,0,0.0,4.0,0.0,1,9.0,1.2476293309186086,False
2025-03-08,black_sea,Black Sea,85,0,0.0,53.715816650852005,0.0,21,286.0,2.0542644605849594,True
2025-03-08,persian_gulf,Persian Gulf,58,2,4.0,41.12975774524531,2.292034182538733,14,253.0,0.010527565673603361,False
2025-03-08,eastern_med,Eastern Mediterranean,664,1693,373.0,580.299323591623,326.7593520906388,43,2369.0,0.46630920370119827,False
2025-03-08,bab_el_mandeb,Bab-el-Mandeb,126,41,70.0,70.35137233637676,39.65920531330782,13,437.0,-0.2577514069357616,False
2025-03-08,suez_canal,Suez Canal & Gulf of Suez,331,81,145.0,211.709940396296,105.09502883745921,13,1359.0,-0.6312910099776808,False
2025-03-15,suez_canal,Suez Canal & Gulf of Suez,429,699,254.0,313.0358046595894,204.86288461577624,16,1408.0,1.5003608805537763,False
2025-03-15,arabian_sea,Arabian Sea (open),8,0,8.0,5.689000679280909,5.689000679280909,1,16.0,4.318716914718266,True
2025-03-15,black_sea,Black Sea,119,0,1.0,69.36747840169471,0.44484957197301606,31,327.0,4.137454736271455,True
2025-03-15,bosphorus,Turkish Straits (Bosphorus-Dardanelles),96,0,1.0,56.4525182165993,0.26896102971462843,17,291.0,3.0962394612592425,True
2025-03-15,northern_red_sea,Northern & Central Red Sea,1,0,1.0,1.0,1.0,1,6.0,-0.5400617248673217,False
2025-03-15,somali_basin,Somali Basin / Horn approaches,140,10,32.0,31.171529877878747,9.462215056754331,6,305.0,1.6321298294335675,False
2025-03-15,india_west_coast,India West Coast corridor,8,0,8.0,8.0,8.0,1,16.0,4.3187169147182605,True
2025-03-15,gulf_of_oman,Gulf of Oman,4,2,1.0,1.1763744985332787,0.26869521049402056,2,27.0,-1.296362432175338,False
2025-03-15,gulf_of_aden,Gulf of Aden,322,104,117.0,239.85022442916065,82.55228260596922,19,712.0,2.552024243866319,True
2025-03-15,hormuz,Strait of Hormuz,4,0,0.0,2.386674642001217,0.0,2,25.0,-0.7717436331412882,False
2025-03-15,eastern_med,Eastern Mediterranean,685,959,381.0,594.4334757314535,339.57120570902896,48,2449.0,1.1687898942425972,False
2025-03-15,bab_el_mandeb,Bab-el-Mandeb,241,79,92.0,145.7675147577521,44.28554012326452,13,539.0,2.9042538986717217,True
2025-03-15,southern_red_sea,Southern Red Sea,307,102,106.0,220.09420764061267,77.6710791704457,16,614.0,2.678421551390723,True
2025-03-15,persian_gulf,Persian Gulf,41,1,3.0,30.839891887083,1.1799439636333857,11,222.0,-1.392581728050919,False
2025-03-22,eastern_med,Eastern Mediterranean,804,450,471.0,729.4974562592764,441.791413813719,47,2748.0,2.998717840454455,True
2025-03-22,somali_basin,Somali Basin / Horn approaches,129,10,24.0,31.193632124267573,7.311087909776269,6,381.0,0.9554811589930695,False
2025-03-22,bosphorus,Turkish Straits (Bosphorus-Dardanelles),114,0,0.0,75.98952734436403,0.0,15,346.0,2.893745616544527,True
2025-03-22,suez_canal,Suez Canal & Gulf of Suez,566,363,375.0,391.72824174096456,267.8607896432407,15,1656.0,4.083144303250486,True
2025-03-22,southern_red_sea,Southern Red Sea,306,43,95.0,219.59263646405478,65.21822886356672,19,836.0,1.6858099194692702,False
2025-03-22,persian_gulf,Persian Gulf,92,1,3.0,74.20236617106842,1.1799439636333857,16,242.0,2.7597611915731592,True
2025-03-22,black_sea,Black Sea,134,0,0.0,86.59368636442498,0.0,26,397.0,2.704814349462474,True
2025-03-22,arabian_sea,Arabian Sea (open),7,0,7.0,4.977875594370795,4.977875594370795,1,20.0,1.644316920501711,False
2025-03-22,bab_el_mandeb,Bab-el-Mandeb,203,30,58.0,132.47237037818715,28.012440209711166,14,657.0,1.093838120094468,False
2025-03-22,gulf_of_aden,Gulf of Aden,313,45,101.0,209.28946618399155,63.04304278385878,21,917.0,1.542271463668512,False
2025-03-22,india_west_coast,India West Coast corridor,7,0,7.0,7.0,7.0,1,20.0,1.6443169205017103,False
2025-03-22,hormuz,Strait of Hormuz,17,0,0.0,8.636365283746825,0.0,3,37.0,3.858718165706441,True
2025-03-22,gulf_of_oman,Gulf of Oman,13,1,1.0,3.7978187060938566,0.26869521049402056,2,31.0,2.8160039149085887,True
2025-03-29,southern_red_sea,Southern Red Sea,116,133,88.0,81.09707403153153,62.56732084332108,17,865.0,-0.722965696107681,False
2025-03-29,arabian_sea,Arabian Sea (open),5,0,4.0,3.555625424550568,2.8445003396404545,1,24.0,0.550349539279007,False
2025-03-29,india_west_coast,India West Coast corridor,5,0,4.0,5.0,4.0,1,24.0,0.5503495392790069,False
2025-03-29,somali_basin,Somali Basin / Horn approaches,41,66,37.0,13.053305300428894,11.778783675290084,6,376.0,-1.316889474595389,False
2025-03-29,suez_canal,Suez Canal & Gulf of Suez,484,575,296.0,370.1229408190614,241.73529839647898,15,1810.0,1.2169631384911102,False
2025-03-29,bab_el_mandeb,Bab-el-Mandeb,91,105,66.0,47.5659370861332,37.234774974425186,13,661.0,-1.0306255647549054,False
2025-03-29,bosphorus,Turkish Straits (Bosphorus-Dardanelles),13,1,1.0,9.038843667459478,1.0,6,302.0,-2.477455019836856,False
2025-03-29,eastern_med,Eastern Mediterranean,616,660,375.0,572.8691391998411,349.88659383703344,35,2769.0,-0.19622848094502954,False
2025-03-29,persian_gulf,Persian Gulf,44,6,11.0,30.48798453000516,7.29452128335606,9,235.0,-1.0987120491820441,False
2025-03-29,gulf_of_oman,Gulf of Oman,3,0,0.0,0.8060856314820617,0.0,1,26.0,-1.315049701295888,False
2025-03-29,gulf_of_aden,Gulf of Aden,119,133,91.0,84.0392937857545,62.808586536940304,19,903.0,-0.9660108685011755,False
2025-03-29,black_sea,Black Sea,20,1,2.0,14.206767410636937,2.0,12,358.0,-1.9617726701777238,False
2025-04-05,bosphorus,Turkish Straits (Bosphorus-Dardanelles),52,0,0.0,31.22663051820075,0.0,8,275.0,-0.5460275818584506,False
2025-04-05,bab_el_mandeb,Bab-el-Mandeb,304,62,107.0,199.3789924068936,54.7275320672305,14,839.0,2.4991895731221123,True
2025-04-05,arabian_sea,Arabian Sea (open),6,0,6.0,4.266750509460682,4.266750509460682,1,26.0,0.8138692631928627,False
2025-04-05,gulf_of_oman,Gulf of Oman,7,0,1.0,2.0332569582939386,0.26869521049402056,2,27.0,0.07238453535171609,False
2025-04-05,gulf_of_aden,Gulf of Aden,395,65,117.0,297.5400922304625,91.50189971050484,21,1149.0,2.0250257308300417,True
2025-04-05,hormuz,Strait of Hormuz,10,3,1.0,4.480774935189292,0.257044165093125,3,38.0,0.5458690071555378,False
2025-04-05,eastern_med,Eastern Mediterranean,624,417,332.0,572.3076590538609,309.45267548094785,40,2729.0,-0.1878179274186869,False
2025-04-05,somali_basin,Somali Basin / Horn approaches,205,17,47.0,48.592382234135655,14.173466559097108,6,515.0,2.403826788961956,True
2025-04-05,india_west_coast,India West Coast corridor,6,0,6.0,6.0,6.0,1,26.0,0.8138692631928626,False
2025-04-05,suez_canal,Suez Canal & Gulf of Suez,468,325,257.0,337.47234157846424,207.75102835484276,14,1947.0,0.7709938621445002,False
2025-04-05,black_sea,Black Sea,52,0,0.0,29.749745577215965,0.0,9,325.0,-0.7358688381463169,False
2025-04-05,southern_red_sea,Southern Red Sea,378,63,109.0,275.1471411121054,74.80726241444582,17,1107.0,1.9838358626976378,False
2025-04-05,persian_gulf,Persian Gulf,77,4,6.0,55.182473529616146,2.5646940188929856,15,254.0,0.8741631829519084,False
2025-04-12,suez_canal,Suez Canal & Gulf of Suez,534,346,306.0,405.43476044573254,255.75652831949625,13,2052.0,1.3566131281805884,False
2025-04-12,gulf_of_oman,Gulf of Oman,10,10,2.0,2.788545761497402,0.5373904209880411,2,33.0,0.8855841344893549,False
2025-04-12,black_sea,Black Sea,100,0,0.0,61.736662861118376,0.0,14,306.0,0.6432676539675323,False
2025-04-12,bosphorus,Turkish Straits (Bosphorus-Dardanelles),92,0,0.0,61.976320133898746,0.0,9,271.0,0.7899455649093173,False
2025-04-12,hormuz,Strait of Hormuz,7,0,0.0,3.0303934490955586,0.0,3,38.0,-0.18029333355909996,False
2025-04-12,southern_red_sea,Southern Red Sea,312,135,108.0,218.81196939136646,71.75236889006361,17,1112.0,1.011772331299971,False
2025-04-12,bab_el_mandeb,Bab-el-Mandeb,248,133,93.0,157.16856512456522,47.872287791478264,14,846.0,1.0863540410301538,False
2025-04-12,persian_gulf,Persian Gulf,57,1,4.0,41.36109822542689,1.2424728799665559,17,270.0,-0.3586319016979837,False
2025-04-12,somali_basin,Somali Basin / Horn approaches,146,16,34.0,37.10644681943451,9.98646332445568,6,521.0,0.8262617841913619,False
2025-04-12,eastern_med,Eastern Mediterranean,665,379,349.0,622.2500513855978,336.64015482942926,37,2709.0,0.32276326990938986,False
2025-04-12,india_west_coast,India West Coast corridor,6,0,5.0,6.0,5.0,1,24.0,0.6213667240399384,False
2025-04-12,arabian_sea,Arabian Sea (open),6,0,5.0,4.266750509460682,3.555625424550568,1,24.0,0.6213667240399386,False
2025-04-12,gulf_of_aden,Gulf of Aden,327,140,117.0,239.28087546544566,84.63505730092723,20,1154.0,1.02234010039134,False
2025-04-19,suez_canal,Suez Canal & Gulf of Suez,506,386,307.0,383.5782308750695,255.31138341016188,12,1992.0,0.7571286849016171,False
2025-04-19,india_west_coast,India West Coast corridor,6,0,6.0,6.0,6.0,1,23.0,0.4409585518440981,False
2025-04-19,gulf_of_oman,Gulf of Oman,3,0,0.0,0.9076792880392581,0.0,2,23.0,-1.384030541765803,False
2025-04-19,black_sea,Black Sea,59,0,0.0,33.80754492002564,0.0,13,231.0,-0.5341460187123408,False
2025-04-19,bosphorus,Turkish Straits (Bosphorus-Dardanelles),58,0,0.0,36.833321496705786,0.0,11,215.0,-0.3862906550822183,False
2025-04-19,arabian_sea,Arabian Sea (open),6,0,6.0,4.266750509460682,4.266750509460682,1,23.0,0.4409585518440983,False
2025-04-19,gulf_of_aden,Gulf of Aden,334,134,132.0,239.55843324098268,94.0967044504583,21,1175.0,0.8644804931862705,False
2025-04-19,bab_el_mandeb,Bab-el-Mandeb,267,100,113.0,151.3732804780538,52.31254126765397,14,910.0,1.0851863057856912,False
2025-04-19,persian_gulf,Persian Gulf,45,3,5.0,31.755464111021862,1.944784391418739,13,223.0,-0.9414857135597997,False
2025-04-19,eastern_med,Eastern Mediterranean,667,455,388.0,604.652770221497,355.66816320066016,37,2572.0,0.26061170185042776,False
2025-04-19,somali_basin,Somali Basin / Horn approaches,122,19,28.0,31.067691183898248,8.65469812417937,7,514.0,0.31213172840833425,False
2025-04-19,southern_red_sea,Southern Red Sea,322,134,130.0,236.52990447862192,92.10121187349232,17,1128.0,0.8788777454580124,False
2025-04-19,hormuz,Strait of Hormuz,4,0,0.0,2.4503814860937334,0.0,3,38.0,-1.1466914177163454,False
2025-04-26,hormuz,Strait of Hormuz,7,0,0.0,3.0941002931880752,0.0,3,28.0,-0.20392606256011156,False
2025-04-26,bab_el_mandeb,Bab-el-Mandeb,296,64,104.0,173.243986011732,52.35063441619218,14,1115.0,1.1932105820477656,False
2025-04-26,southern_red_sea,Southern Red Sea,362,122,121.0,248.60108641914394,76.61144420700904,17,1374.0,1.0322850971857416,False
2025-04-26,gulf_of_aden,Gulf of Aden,386,131,134.0,280.9618270074264,99.73254902127366,21,1442.0,1.14227737844738,False
2025-04-26,eastern_med,Eastern Mediterranean,685,547,399.0,605.7752089528997,361.75536148424237,50,2641.0,0.31230400012009696,False
2025-04-26,gulf_of_oman,Gulf of Oman,4,0,0.0,1.1763744985332787,0.0,2,24.0,-0.7778174593052025,False
2025-04-26,persian_gulf,Persian Gulf,45,4,4.0,34.887827882663444,2.7648404277853533,16,224.0,-0.7368621932369137,False
2025-04-26,bosphorus,Turkish Straits (Bosphorus-Dardanelles),72,0,0.0,46.766847180402586,0.0,19,274.0,0.05902819890320043,False
2025-04-26,suez_canal,Suez Canal & Gulf of Suez,467,419,290.0,362.3395986383357,254.57550034883582,14,1975.0,0.1254241346422599,False
2025-04-26,india_west_coast,India West Coast corridor,10,0,10.0,10.0,10.0,1,28.0,2.167382988677321,True
2025-04-26,arabian_sea,Arabian Sea (open),10,0,10.0,7.111250849101136,7.111250849101136,1,28.0,2.1673829886773217,True
2025-04-26,black_sea,Black Sea,105,0,1.0,70.12001234546662,1.0,41,316.0,0.6972994395577232,False
2025-04-26,somali_basin,Somali Basin / Horn approaches,156,31,47.0,45.66632053922363,14.899498998925697,6,629.0,0.7784497123153244,False
2025-05-03,india_west_coast,India West Coast corridor,6,0,5.0,6.0,5.0,1,28.0,-0.27003086243366053,False
2025-05-03,arabian_sea,Arabian Sea (open),6,0,5.0,4.266750509460682,3.555625424550568,1,28.0,-0.2700308624336607,False
2025-05-03,persian_gulf,Persian Gulf,45,0,3.0,31.374903116706843,1.686603083893989,14,192.0,-0.6771479751969409,False
2025-05-03,gulf_of_aden,Gulf of Aden,313,97,119.0,225.92860453375553,88.91251497965318,21,1360.0,0.19311741795086096,False
2025-05-03,hormuz,Strait of Hormuz,8,0,0.0,4.900762972187467,0.0,3,26.0,-0.030080897476105,False
2025-05-03,bosphorus,Turkish Straits (Bosphorus-Dardanelles),58,0,0.0,40.93972128401947,0.0,13,280.0,-0.44701814924013134,False
2025-05-03,bab_el_mandeb,Bab-el-Mandeb,242,80,100.0,148.15504777249262,51.710340225020346,14,1053.0,0.25819888974716115,False
2025-05-03,black_sea,Black Sea,65,0,0.0,40.278126549167695,0.0,17,329.0,-0.5050945277150701,False
2025-05-03,southern_red_sea,Southern Red Sea,301,91,112.0,206.02861218022147,72.9259768541727,18,1297.0,0.2140935813489167,False
2025-05-03,suez_canal,Suez Canal & Gulf of Suez,456,382,290.0,353.50204214543237,248.7210235506145,12,1963.0,-0.23966080286486272,False
2025-05-03,eastern_med,Eastern Mediterranean,631,447,379.0,574.9489423874816,350.0124333563293,38,2648.0,-0.7860781673145396,False
2025-05-03,gulf_of_oman,Gulf of Oman,6,0,1.0,1.8153585760785163,0.26869521049402056,2,23.0,-0.06914781822318998,False
2025-05-03,somali_basin,Somali Basin / Horn approaches,134,32,43.0,37.53583841463312,13.22355882469803,7,558.0,0.1625332912340744,False
2025-05-10,gulf_of_aden,Gulf of Aden,293,34,61.0,219.3999048599204,50.29121287261763,21,1326.0,-0.24305861244140442,False
2025-05-10,eastern_med,Eastern Mediterranean,659,532,357.0,610.7529626773542,335.00371040577653,37,2642.0,-0.21981292744581707,False
2025-05-10,arabian_sea,Arabian Sea (open),5,0,5.0,3.555625424550568,3.555625424550568,1,27.0,-1.1067971810589319,False
2025-05-10,bosphorus,Turkish Straits (Bosphorus-Dardanelles),60,0,0.0,37.59157001750542,0.0,11,248.0,-0.297359614641981,False
2025-05-10,india_west_coast,India West Coast corridor,5,0,5.0,5.0,5.0,1,27.0,-1.1067971810589312,False
2025-05-10,suez_canal,Suez Canal & Gulf of Suez,523,489,291.0,391.6336524065257,246.80822280818944,13,1952.0,0.7691152048435418,False
2025-05-10,gulf_of_oman,Gulf of Oman,9,0,1.0,2.7230378641177744,0.26869521049402056,2,22.0,0.7606260004550899,False
2025-05-10,hormuz,Strait of Hormuz,10,0,0.0,6.900762972187467,0.0,3,29.0,0.48304589153964755,False
2025-05-10,southern_red_sea,Southern Red Sea,276,27,53.0,194.99017437325887,34.463308598134084,18,1261.0,-0.30729438066744397,False
2025-05-10,black_sea,Black Sea,63,0,1.0,39.57791147703593,1.0,14,292.0,-0.4844113442283967,False
2025-05-10,persian_gulf,Persian Gulf,73,4,5.0,56.488716934896814,1.8011804036166637,15,208.0,0.9184036565539861,False
2025-05-10,somali_basin,Somali Basin / Horn approaches,161,16,36.0,42.35632087073746,10.801231847677988,7,573.0,0.5900260592771877,False
2025-05-10,bab_el_mandeb,Bab-el-Mandeb,230,24,51.0,157.95669995406377,32.18350611138828,14,1035.0,-0.09689320309911276,False
2025-05-17,suez_canal,Suez Canal & Gulf of Suez,646,681,379.0,488.287985918447,310.02040789615535,13,2092.0,3.778447015601979,True
2025-05-17,southern_red_sea,Southern Red Sea,341,76,60.0,228.18325403511537,37.881571860465236,18,1280.0,0.5538605717319176,False
2025-05-17,gulf_of_aden,Gulf of Aden,367,98,78.0,287.9390281587726,65.40832662739214,22,1359.0,0.6700651063976578,False
2025-05-17,persian_gulf,Persian Gulf,80,3,5.0,58.3624590834903,2.595047499481418,15,243.0,1.088759132444978,False
2025-05-17,gulf_of_oman,Gulf of Oman,10,0,1.0,2.8901394180545985,0.26869521049402056,2,29.0,0.8673149446452264,False
2025-05-17,hormuz,Strait of Hormuz,18,0,0.0,7.152670402656133,0.0,3,43.0,2.3067070546338186,True
2025-05-17,black_sea,Black Sea,52,0,3.0,32.86260399996999,2.444849571973016,12,285.0,-0.6323802622397547,False
2025-05-17,bosphorus,Turkish Straits (Bosphorus-Dardanelles),50,0,1.0,29.377931028492277,0.26896102971462843,11,240.0,-0.5008318148150183,False
2025-05-17,india_west_coast,India West Coast corridor,7,0,6.0,7.0,6.0,1,28.0,0.39111638673421434,False
2025-05-17,eastern_med,Eastern Mediterranean,824,745,482.0,763.1621920804213,451.1244126137509,43,2799.0,2.602048849281486,True
2025-05-17,arabian_sea,Arabian Sea (open),7,0,6.0,4.977875594370795,4.266750509460682,1,28.0,0.39111638673421467,False
2025-05-17,bab_el_mandeb,Bab-el-Mandeb,302,89,64.0,159.2947844304212,35.229346325687956,14,1070.0,0.9967732314065987,False
2025-05-17,somali_basin,Somali Basin / Horn approaches,135,32,43.0,35.64078903666683,12.771582672508263,7,586.0,-0.037609878831428814,False
2025-05-24,bab_el_mandeb,Bab-el-Mandeb,254,54,67.0,146.21181845773796,38.486761876957594,14,1028.0,0.09364677727800248,False
2025-05-24,gulf_of_oman,Gulf of Oman,14,0,0.0,4.168107573145074,0.0,2,39.0,2.5200806438709273,True
2025-05-24,southern_red_sea,Southern Red Sea,306,69,74.0,209.76996521271474,48.15027184183313,18,1224.0,0.06124030566141677,False
2025-05-24,black_sea,Black Sea,66,0,0.0,38.77959770106239,0.0,13,246.0,0.05489788035533409,False
2025-05-24,somali_basin,Somali Basin / Horn approaches,141,45,39.0,36.979095702731925,12.097425548844525,6,571.0,0.0753728420849963,False
2025-05-24,suez_canal,Suez Canal & Gulf of Suez,621,488,342.0,474.76068350679793,289.6126682727217,13,2246.0,1.7972826343468948,False
2025-05-24,gulf_of_aden,Gulf of Aden,331,71,87.0,255.54452185293474,67.08828556513876,20,1304.0,0.16295485004221447,False
2025-05-24,persian_gulf,Persian Gulf,119,3,10.0,77.52888366975948,7.320710223857921,14,317.0,3.81662689075456,True
2025-05-24,hormuz,Strait of Hormuz,31,1,1.0,13.274947356216709,0.19333732100060838,3,67.0,4.225092684560139,True
2025-05-24,bosphorus,Turkish Straits (Bosphorus-Dardanelles),61,0,0.0,36.717397096265884,0.0,8,229.0,0.18524798224053732,False
2025-05-24,india_west_coast,India West Coast corridor,3,0,2.0,3.0,2.0,1,21.0,-2.1120284883647575,False
2025-05-24,arabian_sea,Arabian Sea (open),3,0,2.0,2.133375254730341,1.4222501698202272,1,21.0,-2.112028488364759,False
2025-05-24,eastern_med,Eastern Mediterranean,783,537,427.0,734.4459759325933,408.29283313202154,36,2897.0,1.6873668936778372,False
2025-05-31,hormuz,Strait of Hormuz,9,0,0.0,4.3511444582812,0.0,3,68.0,-0.32889761127230904,False
2025-05-31,bosphorus,Turkish Straits (Bosphorus-Dardanelles),42,0,1.0,27.794239960390804,0.8113405823237476,10,213.0,-1.5468268491670356,False
2025-05-31,somali_basin,Somali Basin / Horn approaches,40,12,27.0,11.708117995487864,7.8573619160947725,6,477.0,-4.317402551156473,False
2025-05-31,gulf_of_oman,Gulf of Oman,4,0,0.0,1.227171326811877,0.0,2,37.0,-1.0754705313600808,False
2025-05-31,india_west_coast,India West Coast corridor,5,0,5.0,5.0,5.0,1,20.0,-0.5741525605539847,False
2025-05-31,black_sea,Black Sea,51,0,4.0,33.439417199409625,3.953169869014162,16,232.0,-0.9324310621188786,False
2025-05-31,southern_red_sea,Southern Red Sea,169,32,58.0,98.16800205513347,34.300802929128665,17,1092.0,-4.621757647386921,False
2025-05-31,persian_gulf,Persian Gulf,67,6,13.0,43.011766931133174,6.615231507213981,15,339.0,-0.02449332990487697,False
2025-05-31,arabian_sea,Arabian Sea (open),5,0,5.0,3.555625424550568,3.555625424550568,1,20.0,-0.5741525605539849,False
2025-05-31,suez_canal,Suez Canal & Gulf of Suez,539,496,349.0,434.1677350673462,304.37025384629175,12,2329.0,0.15945643037794524,False
2025-05-31,eastern_med,Eastern Mediterranean,661,551,418.0,617.8922734732607,394.7415301072564,34,2927.0,-0.43251966333460534,False
2025-05-31,gulf_of_aden,Gulf of Aden,177,39,63.0,114.14169587946785,49.58376776551411,20,1168.0,-4.634045879005149,False
2025-05-31,bab_el_mandeb,Bab-el-Mandeb,104,37,53.0,55.15631456628893,28.45236073795818,14,890.0,-5.61950863761074,False
2025-06-07,gulf_of_aden,Gulf of Aden,259,12,45.0,177.38164257741596,38.38888012964464,19,1134.0,-0.9007667087402522,False
2025-06-07,arabian_sea,Arabian Sea (open),3,0,3.0,2.133375254730341,2.133375254730341,1,18.0,-1.4999999999999993,False
2025-06-07,hormuz,Strait of Hormuz,10,0,1.0,3.737819100282417,0.19333732100060838,3,68.0,-0.19933857264236504,False
2025-06-07,somali_basin,Somali Basin / Horn approaches,120,5,23.0,29.534716532480843,7.088631331119103,6,436.0,-0.24540449383663157,False
2025-06-07,bosphorus,Turkish Straits (Bosphorus-Dardanelles),56,0,0.0,43.231292435578005,0.0,9,209.0,-0.37442098664911017,False
2025-06-07,bab_el_mandeb,Bab-el-Mandeb,161,8,35.0,114.8262255707809,20.900725367096733,13,821.0,-1.330619362805327,False
2025-06-07,india_west_coast,India West Coast corridor,3,0,3.0,3.0,3.0,1,18.0,-1.4999999999999987,False
2025-06-07,gulf_of_oman,Gulf of Oman,5,1,1.0,1.4450697090272993,0.26869521049402056,2,33.0,-0.6485931520784637,False
2025-06-07,northern_red_sea,Northern & Central Red Sea,1,0,1.0,1.0,1.0,1,6.0,-0.5400617248673217,False
2025-06-07,eastern_med,Eastern Mediterranean,706,667,435.0,657.9316750127422,405.2994198298634,39,2974.0,0.13353093989646356,False
2025-06-07,black_sea,Black Sea,63,0,1.0,49.265661851163856,1.0,15,232.0,-0.3429789852900007,False
2025-06-07,suez_canal,Suez Canal & Gulf of Suez,578,602,355.0,422.4160137973735,285.4030136391667,14,2384.0,0.6179983856682747,False
2025-06-07,persian_gulf,Persian Gulf,90,11,23.0,60.586953615174316,12.300327597629995,16,356.0,0.9361746864183256,False
2025-06-07,southern_red_sea,Southern Red Sea,247,8,35.0,153.79976915539132,22.197676224528546,16,1063.0,-0.8832878748609486,False
2025-06-14,black_sea,Black Sea,89,0,0.0,53.675110191568024,0.0,18,269.0,1.3875065054942224,False
2025-06-14,india_west_coast,India West Coast corridor,5,0,5.0,5.0,5.0,1,16.0,-0.27607881518711613,False
2025-06-14,persian_gulf,Persian Gulf,144,64,76.0,86.04457346079371,39.528106513024994,16,420.0,2.8091695640169148,True
2025-06-14,gulf_of_aden,Gulf of Aden,202,25,28.0,152.8174728193281,25.537587297100117,20,969.0,-1.5961832132399218,False
2025-06-14,suez_canal,Suez Canal & Gulf of Suez,658,629,490.0,435.10214917501685,332.0730755004719,16,2396.0,1.6884452782447976,False
2025-06-14,eastern_med,Eastern Mediterranean,828,675,568.0,764.2646848093154,541.2773985812095,46,2978.0,1.8769271463178363,False
2025-06-14,bosphorus,Turkish Straits (Bosphorus-Dardanelles),80,0,0.0,49.90886251199315,0.0,12,239.0,2.6366733326950045,True
2025-06-14,arabian_sea,Arabian Sea (open),5,0,5.0,3.555625424550568,3.555625424550568,1,16.0,-0.27607881518711624,False
2025-06-14,bab_el_mandeb,Bab-el-Mandeb,141,13,20.0,90.10513514803523,12.833901759064938,14,660.0,-1.3410139990451417,False
2025-06-14,southern_red_sea,Southern Red Sea,190,25,21.0,128.27862272181628,10.6433578034372,18,912.0,-1.6531675327624793,False
2025-06-14,somali_basin,Somali Basin / Horn approaches,97,7,17.0,24.78980431306401,6.027608568464225,6,398.0,-0.7727854992210605,False
2025-06-14,hormuz,Strait of Hormuz,21,2,13.0,7.668975521565442,5.060786898191117,3,71.0,1.0308275298467975,False
2025-06-14,gulf_of_oman,Gulf of Oman,9,2,5.0,2.621444207560578,1.4958665373058975,2,32.0,0.5597784567969084,False
2025-06-21,black_sea,Black Sea,112,0,0.0,68.3145147658275,0.0,18,315.0,2.306122953418441,True
2025-06-21,eastern_med,Eastern Mediterranean,699,575,400.0,646.4243521508427,386.37286364163083,40,2894.0,-0.2951986869404323,False
2025-06-21,gulf_of_aden,Gulf of Aden,245,22,54.0,186.6595681699821,43.01252969962226,20,883.0,-0.6176225674702732,False
2025-06-21,arabian_sea,Arabian Sea (open),4,0,4.0,2.8445003396404545,2.8445003396404545,1,17.0,-0.6614378277661473,False
2025-06-21,southern_red_sea,Southern Red Sea,232,21,46.0,160.83773954090492,31.059802405524234,17,838.0,-0.6135661452803169,False
2025-06-21,bab_el_mandeb,Bab-el-Mandeb,190,20,44.0,118.38973888446591,26.04004882010613,14,596.0,-0.35957699209957295,False
2025-06-21,hormuz,Strait of Hormuz,12,7,10.0,7.287437614188684,6.83705612809495,3,52.0,-0.2674297440676877,False
2025-06-21,gulf_of_oman,Gulf of Oman,9,4,8.0,2.7230378641177744,2.454342653623754,2,27.0,0.39257111650480386,False
2025-06-21,bosphorus,Turkish Straits (Bosphorus-Dardanelles),104,0,0.0,70.85676875180137,0.0,13,282.0,3.712470741834152,True
2025-06-21,somali_basin,Somali Basin / Horn approaches,111,17,23.0,28.218240493739884,6.558837322813915,6,368.0,-0.3069867060579905,False
2025-06-21,persian_gulf,Persian Gulf,96,74,58.0,65.68250113223496,34.14903019774495,17,397.0,0.3807290654361703,False
2025-06-21,suez_canal,Suez Canal & Gulf of Suez,555,521,360.0,397.2486579900931,276.74898023512924,14,2330.0,-0.07717355267182519,False
2025-06-21,india_west_coast,India West Coast corridor,4,0,4.0,4.0,4.0,1,17.0,-0.6614378277661471,False
2025-06-28,suez_canal,Suez Canal & Gulf of Suez,569,809,310.0,436.83852720853173,266.59033796974114,13,2360.0,-0.043998189825998804,False
2025-06-28,gulf_of_oman,Gulf of Oman,10,4,4.0,2.788545761497402,1.0747808419760823,2,33.0,0.5475629414279011,False
2025-06-28,black_sea,Black Sea,105,0,1.0,66.86674624685507,1.0,24,369.0,1.6991630466593446,False
2025-06-28,india_west_coast,India West Coast corridor,3,0,3.0,3.0,3.0,1,15.0,-1.2601440246904148,False
2025-06-28,arabian_sea,Arabian Sea (open),3,0,3.0,2.133375254730341,2.133375254730341,1,15.0,-1.260144024690416,False
2025-06-28,southern_red_sea,Southern Red Sea,250,38,39.0,170.36232063637814,25.94991222992399,17,919.0,-0.13044766824889378,False
2025-06-28,bab_el_mandeb,Bab-el-Mandeb,193,23,36.0,122.00346168254163,21.531439518320816,14,685.0,-0.1521703173790272,False
2025-06-28,hormuz,Strait of Hormuz,4,0,1.0,2.4503814860937334,0.257044165093125,3,47.0,-1.3641410724011032,False
2025-06-28,bosphorus,Turkish Straits (Bosphorus-Dardanelles),80,0,0.0,53.53666593577643,0.0,13,320.0,0.8270590281080329,False
2025-06-28,somali_basin,Somali Basin / Horn approaches,129,17,23.0,32.394205567370015,7.011812938098349,6,457.0,0.31559401370325796,False
2025-06-28,persian_gulf,Persian Gulf,40,7,10.0,30.126944373207625,5.793744007902999,13,370.0,-1.588178563347094,False
2025-06-28,gulf_of_aden,Gulf of Aden,262,39,44.0,194.84280371811244,34.19053430764907,20,968.0,-0.17541307035489223,False
2025-06-28,eastern_med,Eastern Mediterranean,699,850,360.0,647.3607522310145,339.0506322047669,40,2932.0,-0.32079563524988997,False
2025-07-05,black_sea,Black Sea,63,0,2.0,41.01553454583503,2.0,20,369.0,-0.5111456485310681,False
2025-07-05,southern_red_sea,Southern Red Sea,231,42,44.0,156.90151910510224,28.214839664350794,18,903.0,-0.3588085796680692,False
2025-07-05,bosphorus,Turkish Straits (Bosphorus-Dardanelles),49,0,0.0,31.95417735975698,0.0,9,313.0,-0.8772061584887786,False
2025-07-05,suez_canal,Suez Canal & Gulf of Suez,588,612,333.0,444.4191365378553,287.5530270240685,12,2370.0,0.0374990625351552,False
2025-07-05,india_west_coast,India West Coast corridor,9,4,8.0,9.0,8.0,1,21.0,3.285067224071164,True
2025-07-05,somali_basin,Somali Basin / Horn approaches,116,37,32.0,28.844036587155596,9.568805228683019,6,453.0,-0.020517441702516015,False
2025-07-05,arabian_sea,Arabian Sea (open),9,4,8.0,6.4001257641910225,5.689000679280909,1,21.0,3.2850672240711676,True
2025-07-05,hormuz,Strait of Hormuz,1,0,1.0,1.0,1.0,1,38.0,-1.5610401231599715,False
2025-07-05,eastern_med,Eastern Mediterranean,734,667,393.0,684.7235576380981,372.5559827538494,37,2960.0,0.02348847740964714,False
2025-07-05,bab_el_mandeb,Bab-el-Mandeb,167,42,42.0,105.16340053027234,26.578776094043928,14,691.0,-0.4681304531474356,False
2025-07-05,gulf_of_oman,Gulf of Oman,7,12,7.0,1.9316633017367422,1.9316633017367422,2,35.0,-0.5635535401295895,False
2025-07-05,gulf_of_aden,Gulf of Aden,247,54,51.0,179.6133633028943,39.90738564692847,21,956.0,-0.31810788640693954,False
2025-07-05,persian_gulf,Persian Gulf,42,9,13.0,26.307864522589828,5.821364411349227,11,322.0,-1.4542064263840226,False
2025-07-12,somali_basin,Somali Basin / Horn approaches,111,6,20.0,29.142959990366222,6.221124975254722,6,467.0,-0.003913114069235099,False
2025-07-12,bab_el_mandeb,Bab-el-Mandeb,172,7,34.0,109.87543118941211,19.53861196248706,14,722.0,-0.2697199459662073,False
2025-07-12,southern_red_sea,Southern Red Sea,244,5,35.0,170.69413312769856,23.36846393291773,17,957.0,-0.03112582662059762,False
2025-07-12,gulf_of_oman,Gulf of Oman,8,3,3.0,2.2003585122307627,0.8060856314820617,2,34.0,-0.158113883008419,False
2025-07-12,hormuz,Strait of Hormuz,2,0,0.0,1.257044165093125,0.0,2,19.0,-1.1555296107135766,False
2025-07-12,arabian_sea,Arabian Sea (open),4,0,4.0,2.8445003396404545,2.8445003396404545,1,20.0,-0.40376083723934,False
2025-07-12,eastern_med,Eastern Mediterranean,795,1515,423.0,726.7374155147072,396.769374339657,37,2927.0,0.8508223046360923,False
2025-07-12,gulf_of_aden,Gulf of Aden,257,9,40.0,177.9862633399454,31.533642232041277,21,1011.0,-0.06826798040976986,False
2025-07-12,india_west_coast,India West Coast corridor,4,0,4.0,4.0,4.0,1,20.0,-0.4037608372393398,False
2025-07-12,suez_canal,Suez Canal & Gulf of Suez,562,768,319.0,424.05000117604305,273.5469059093442,12,2274.0,-0.7485987371590214,False
2025-07-12,persian_gulf,Persian Gulf,81,4,7.0,55.56644852793518,4.398947567749285,13,259.0,-0.10455056219079448,False
2025-07-12,black_sea,Black Sea,61,0,6.0,38.76339822290863,6.0,10,341.0,-0.5954583328248526,False
2025-07-12,bosphorus,Turkish Straits (Bosphorus-Dardanelles),54,0,1.0,34.54406356086189,1.0,6,287.0,-0.5365405024825457,False
2025-07-19,bab_el_mandeb,Bab-el-Mandeb,192,24,28.0,123.48735515829183,15.212904396060546,14,724.0,0.44303491559726205,False
2025-07-19,persian_gulf,Persian Gulf,68,10,8.0,49.09166314679769,4.670447115795241,16,231.0,-0.47070299128965676,False
2025-07-19,suez_canal,Suez Canal & Gulf of Suez,524,682,285.0,394.71670603544715,239.3231849248907,13,2243.0,-1.544836354465452,False
2025-07-19,arabian_sea,Arabian Sea (open),9,0,9.0,6.4001257641910225,6.4001257641910225,1,25.0,2.249999999999999,True
2025-07-19,hormuz,Strait of Hormuz,12,0,0.0,3.3815379073767584,0.0,3,19.0,0.07316762275565934,False
2025-07-19,black_sea,Black Sea,57,0,3.0,40.21614917271516,3.0,16,286.0,-0.8496125701812772,False
2025-07-19,southern_red_sea,Southern Red Sea,258,44,32.0,181.95965881782365,20.58573966317775,18,983.0,0.5916313172838092,False
2025-07-19,india_west_coast,India West Coast corridor,9,0,9.0,9.0,9.0,1,25.0,2.2499999999999982,True
2025-07-19,gulf_of_oman,Gulf of Oman,5,2,3.0,1.394272880748701,0.8060856314820617,2,30.0,-1.0465994316692375,False
2025-07-19,eastern_med,Eastern Mediterranean,674,816,364.0,634.8142830997618,344.57229625557176,40,2902.0,-1.1094529051750317,False
2025-07-19,somali_basin,Somali Basin / Horn approaches,123,9,17.0,30.227105043000776,5.123712829229618,6,479.0,0.4881126765824412,False
2025-07-19,gulf_of_aden,Gulf of Aden,274,49,43.0,195.46744413080046,32.17162696846083,21,1040.0,0.5832179976394364,False
2025-07-19,bosphorus,Turkish Straits (Bosphorus-Dardanelles),49,0,0.0,33.57956504530747,0.0,10,232.0,-0.813246432035653,False
2025-07-26,somali_basin,Somali Basin / Horn approaches,124,13,21.0,30.34880201711291,6.095629797054253,6,474.0,0.6407654626038503,False
2025-07-26,eastern_med,Eastern Mediterranean,671,719,326.0,614.1681578432734,301.01149379533206,44,2874.0,-0.9137245159460954,False
2025-07-26,hormuz,Strait of Hormuz,3,0,0.0,1.3866746420012168,0.0,2,18.0,-0.8961151904559195,False
2025-07-26,gulf_of_oman,Gulf of Oman,5,10,2.0,1.394272880748701,0.5373904209880411,2,25.0,-0.9520304654623506,False
2025-07-26,black_sea,Black Sea,65,0,4.0,44.80426525093273,4.0,17,246.0,-0.43179454209431645,False
2025-07-26,gulf_of_aden,Gulf of Aden,375,30,47.0,236.48044226173687,36.558000927792605,21,1153.0,4.039244116333043,True
2025-07-26,arabian_sea,Arabian Sea (open),3,0,3.0,2.133375254730341,2.133375254730341,1,25.0,-0.9240755719369502,False
2025-07-26,bosphorus,Turkish Straits (Bosphorus-Dardanelles),55,0,0.0,37.2024130022974,0.0,12,207.0,-0.4319883778072305,False
2025-07-26,india_west_coast,India West Coast corridor,3,0,3.0,3.0,3.0,1,25.0,-0.9240755719369499,False
2025-07-26,persian_gulf,Persian Gulf,49,4,10.0,37.6187555264071,3.497368919373212,11,240.0,-0.884191965136247,False
2025-07-26,bab_el_mandeb,Bab-el-Mandeb,196,22,41.0,126.95887678520916,24.41255338375309,14,727.0,1.0169988165508979,False
2025-07-26,southern_red_sea,Southern Red Sea,309,26,42.0,228.08917752011524,29.812924574246665,18,1042.0,2.5825665690616093,True
2025-07-26,suez_canal,Suez Canal & Gulf of Suez,489,673,248.0,356.0902215142984,207.58392132837895,12,2163.0,-2.0404678067361766,False
2025-08-02,persian_gulf,Persian Gulf,42,4,7.0,29.925061406648698,5.049210675811963,14,240.0,-0.9834868093971573,False
2025-08-02,bosphorus,Turkish Straits (Bosphorus-Dardanelles),57,0,0.0,36.312437545974575,0.0,12,215.0,-0.4454334996988333,False
2025-08-02,arabian_sea,Arabian Sea (open),5,0,5.0,3.555625424550568,3.555625424550568,1,21.0,0.0,False
2025-08-02,gulf_of_aden,Gulf of Aden,404,25,40.0,276.0381410994596,34.460928678461364,20,1310.0,2.819470048707161,True
2025-08-02,suez_canal,Suez Canal & Gulf of Suez,546,612,277.0,392.8692058890991,228.5763133727086,12,2121.0,-0.39399391047905763,False
2025-08-02,india_west_coast,India West Coast corridor,5,0,5.0,5.0,5.0,1,21.0,0.0,False
2025-08-02,black_sea,Black Sea,72,0,6.0,43.928470421010054,6.0,20,255.0,-0.22301480438459542,False
2025-08-02,hormuz,Strait of Hormuz,5,0,0.0,1.9924382992995988,0.0,4,22.0,-0.454534721857011,False
2025-08-02,bab_el_mandeb,Bab-el-Mandeb,256,22,37.0,156.81717749400187,22.46136853369286,14,816.0,4.058477517706292,True
2025-08-02,gulf_of_oman,Gulf of Oman,9,1,2.0,2.4690537227247833,0.5373904209880411,2,27.0,0.8524640257830464,False
2025-08-02,eastern_med,Eastern Mediterranean,708,678,360.0,657.7612032874607,334.7185608969395,39,2848.0,-0.31090834718714067,False
2025-08-02,somali_basin,Somali Basin / Horn approaches,154,16,27.0,38.630706122740904,8.574290480361164,6,512.0,3.7415128514812803,True
2025-08-02,southern_red_sea,Southern Red Sea,381,23,36.0,289.1817696632805,20.703706176835748,18,1192.0,4.100814960349523,True
2025-08-09,eastern_med,Eastern Mediterranean,630,574,335.0,582.3331141479679,314.85401049380533,39,2683.0,-1.6843216183330876,False
2025-08-09,persian_gulf,Persian Gulf,34,1,4.0,23.219601807657458,2.0492106758119637,10,193.0,-1.0007039871365513,False
2025-08-09,gulf_of_aden,Gulf of Aden,362,32,54.0,246.59109059403036,43.64594258303498,21,1415.0,1.1365991461364147,False
2025-08-09,india_west_coast,India West Coast corridor,3,0,2.0,3.0,2.0,1,20.0,-0.9240755719369499,False
2025-08-09,black_sea,Black Sea,73,0,3.0,45.63293825566086,3.0,24,267.0,-0.23510592228529428,False
2025-08-09,southern_red_sea,Southern Red Sea,344,30,46.0,243.4292238226048,25.880843360589267,17,1292.0,1.4055156111536615,False
2025-08-09,arabian_sea,Arabian Sea (open),3,0,2.0,2.133375254730341,1.4222501698202272,1,20.0,-0.9240755719369502,False
2025-08-09,gulf_of_oman,Gulf of Oman,6,5,2.0,1.7137649195213198,0.5373904209880411,2,25.0,-0.9168894559922725,False
2025-08-09,suez_canal,Suez Canal & Gulf of Suez,499,534,275.0,360.37412410509927,225.13581378425704,13,2058.0,-1.2651220796641094,False
2025-08-09,hormuz,Strait of Hormuz,4,0,0.0,2.386674642001217,0.0,2,24.0,-0.5066917474620122,False
2025-08-09,somali_basin,Somali Basin / Horn approaches,130,16,27.0,32.54183229625008,8.024483581987,6,531.0,0.5594256131029954,False
2025-08-09,bosphorus,Turkish Straits (Bosphorus-Dardanelles),53,0,0.0,32.303035307112836,0.0,9,214.0,-0.6546932017409335,False
2025-08-09,bab_el_mandeb,Bab-el-Mandeb,233,18,38.0,140.43618651416764,21.650545434689153,14,877.0,1.3509552888463432,False
2025-08-16,southern_red_sea,Southern Red Sea,296,13,33.0,213.7526824463253,19.94670291076616,17,1330.0,0.2622953034791409,False
2025-08-16,somali_basin,Somali Basin / Horn approaches,117,7,18.0,28.36950460896604,5.410949875511861,6,525.0,-0.5561105274314779,False
2025-08-16,persian_gulf,Persian Gulf,65,3,8.0,46.886149320282335,4.801180403616664,14,190.0,0.3775514479228433,False
2025-08-16,gulf_of_oman,Gulf of Oman,8,12,3.0,2.251155340509361,0.8060856314820617,2,28.0,0.32507895733562275,False
2025-08-16,suez_canal,Suez Canal & Gulf of Suez,531,422,265.0,385.45297432639614,221.4077667478108,12,2065.0,-0.3029286302968272,False
2025-08-16,india_west_coast,India West Coast corridor,3,0,3.0,3.0,3.0,1,14.0,-0.7801894976054935,False
2025-08-16,eastern_med,Eastern Mediterranean,674,478,344.0,628.2780527131176,319.8420005603626,40,2683.0,-0.5587130890604416,False
2025-08-16,black_sea,Black Sea,53,0,3.0,35.98360138829651,3.0,19,263.0,-1.1040353296958252,False
2025-08-16,arabian_sea,Arabian Sea (open),3,0,3.0,2.133375254730341,2.133375254730341,1,14.0,-0.7801894976054937,False
2025-08-16,bosphorus,Turkish Straits (Bosphorus-Dardanelles),40,0,0.0,27.162316440352768,0.0,9,205.0,-1.1646125754562344,False
2025-08-16,hormuz,Strait of Hormuz,8,0,0.0,3.1600239260036505,0.0,2,20.0,0.6141656238261266,False
2025-08-16,bab_el_mandeb,Bab-el-Mandeb,202,12,32.0,123.11751938497946,17.99589783954311,14,887.0,0.07068273199440595,False
2025-08-16,gulf_of_aden,Gulf of Aden,310,15,39.0,214.77702105285903,33.251134260217576,20,1451.0,0.10310193903213608,False
2025-08-23,black_sea,Black Sea,67,0,3.0,44.066640581019506,3.0,15,265.0,-0.10034155600434798,False
2025-08-23,suez_canal,Suez Canal & Gulf of Suez,583,419,301.0,417.06834247466594,251.7795809161179,12,2159.0,1.294974839705652,False
2025-08-23,persian_gulf,Persian Gulf,59,1,6.0,40.3777037794431,2.879417747508028,15,200.0,0.38295023118805094,False
2025-08-23,eastern_med,Eastern Mediterranean,736,465,375.0,677.5163183490591,349.2643350934394,37,2748.0,0.761626683891113,False
2025-08-23,hormuz,Strait of Hormuz,6,0,0.0,2.7733492840024336,0.0,2,23.0,0.31572700914523794,False
2025-08-23,somali_basin,Somali Basin / Horn approaches,105,9,19.0,25.44773350505242,5.746680490361968,6,506.0,-1.5490222143515695,False
2025-08-23,gulf_of_oman,Gulf of Oman,8,16,5.0,2.251155340509361,1.3434760524701028,2,31.0,0.40933261718236186,False
2025-08-23,bosphorus,Turkish Straits (Bosphorus-Dardanelles),60,0,0.0,39.1303861129163,0.0,10,210.0,0.46635345944138135,False
2025-08-23,arabian_sea,Arabian Sea (open),2,0,2.0,1.4222501698202272,1.4222501698202272,1,13.0,-1.0880365478290535,False
2025-08-23,southern_red_sea,Southern Red Sea,249,37,37.0,173.79760152150305,22.352257646641615,17,1270.0,-0.7542827220591545,False
2025-08-23,india_west_coast,India West Coast corridor,2,0,2.0,2.0,2.0,1,13.0,-1.088036547829053,False
2025-08-23,bab_el_mandeb,Bab-el-Mandeb,186,33,32.0,111.01141079964772,18.463118653966898,14,877.0,-0.5159564052574681,False
2025-08-23,gulf_of_aden,Gulf of Aden,260,40,42.0,189.19415159817174,34.43939430603721,20,1336.0,-0.8409086310063681,False
2025-08-30,bab_el_mandeb,Bab-el-Mandeb,66,23,21.0,34.07864547472196,12.04972410938385,13,687.0,-4.45653324002502,False
2025-08-30,black_sea,Black Sea,85,0,5.0,49.522319789600054,5.0,25,278.0,3.054248535598613,True
2025-08-30,india_west_coast,India West Coast corridor,8,0,8.0,8.0,8.0,1,16.0,1.1755889357230236,False
2025-08-30,bosphorus,Turkish Straits (Bosphorus-Dardanelles),60,0,0.0,34.55325349654703,0.0,12,213.0,1.2802037576732943,False
2025-08-30,somali_basin,Somali Basin / Horn approaches,36,17,15.0,11.478546772800799,4.69755420330113,6,388.0,-5.790613955980469,False
2025-08-30,persian_gulf,Persian Gulf,67,0,7.0,51.49976484128359,3.7229430597252993,15,225.0,0.7533708035008819,False
2025-08-30,eastern_med,Eastern Mediterranean,713,531,361.0,646.0356794822183,338.6886976280415,40,2753.0,0.19898759831994003,False
2025-08-30,gulf_of_oman,Gulf of Oman,8,3,2.0,2.3527489970665574,0.5373904209880411,2,30.0,0.6614378277661485,False
2025-08-30,arabian_sea,Arabian Sea (open),8,0,8.0,5.689000679280909,5.689000679280909,1,16.0,1.1755889357230238,False
2025-08-30,gulf_of_aden,Gulf of Aden,86,31,34.0,68.32199833857898,26.29703462427495,19,1018.0,-3.6707651045720513,False
2025-08-30,suez_canal,Suez Canal & Gulf of Suez,535,498,300.0,397.13108996230676,248.32310269888157,12,2148.0,-0.14410047347749944,False
2025-08-30,southern_red_sea,Southern Red Sea,70,21,29.0,46.297937723022365,17.05941925461658,17,959.0,-4.108635168092829,False
2025-08-30,hormuz,Strait of Hormuz,8,0,0.0,4.900762972187467,0.0,3,26.0,0.8068579122600524,False
2025-09-06,black_sea,Black Sea,74,2,5.0,46.229624069074646,4.193199780304755,21,279.0,0.7272479385741857,False
2025-09-06,eastern_med,Eastern Mediterranean,665,506,344.0,609.2329871214555,323.50763444748026,48,2788.0,-0.6995704366400818,False
2025-09-06,southern_red_sea,Southern Red Sea,210,94,35.0,139.5803302488681,19.35805460733325,17,825.0,-0.6294265584065626,False
2025-09-06,persian_gulf,Persian Gulf,58,10,14.0,40.85404152483527,8.915757723339338,16,249.0,-0.00808587992017804,False
2025-09-06,somali_basin,Somali Basin / Horn approaches,99,21,18.0,22.88252599297726,4.911368802000834,6,357.0,-0.39438728603060896,False
2025-09-06,india_west_coast,India West Coast corridor,7,0,7.0,7.0,7.0,1,20.0,0.9277363973070596,False
2025-09-06,suez_canal,Suez Canal & Gulf of Suez,502,464,280.0,371.9875348810848,235.3975653476443,13,2151.0,-1.023140981575566,False
2025-09-06,hormuz,Strait of Hormuz,6,0,0.0,5.193337321000608,0.0,2,28.0,0.0,False
2025-09-06,bosphorus,Turkish Straits (Bosphorus-Dardanelles),59,2,1.0,33.90318829830244,0.41065352610519723,14,219.0,0.8373523394589119,False
2025-09-06,gulf_of_oman,Gulf of Oman,9,6,2.0,2.672241035839176,0.5373904209880411,2,33.0,1.2076147288491215,False
2025-09-06,arabian_sea,Arabian Sea (open),7,0,7.0,4.977875594370795,4.977875594370795,1,20.0,0.9277363973070599,False
2025-09-06,bab_el_mandeb,Bab-el-Mandeb,146,87,29.0,89.80028925583879,16.38928803395363,14,600.0,-0.7457851691843764,False
2025-09-06,gulf_of_aden,Gulf of Aden,225,102,42.0,163.4369988039228,34.5431516756874,20,881.0,-0.6616182177465727,False
2025-09-13,gulf_of_oman,Gulf of Oman,11,4,4.0,3.108037800270021,1.0747808419760823,2,36.0,2.2467925856822952,True
2025-09-13,hormuz,Strait of Hormuz,4,0,0.0,3.1933373210006084,0.0,2,24.0,-0.8838834764831821,False
2025-09-13,arabian_sea,Arabian Sea (open),7,0,7.0,4.977875594370795,4.977875594370795,1,24.0,0.7483314773547881,False
2025-09-13,somali_basin,Somali Basin / Horn approaches,111,12,23.0,26.289811159923737,6.640510617735333,6,351.0,0.0,False
2025-09-13,india_west_coast,India West Coast corridor,7,0,7.0,7.0,7.0,1,24.0,0.7483314773547878,False
2025-09-13,eastern_med,Eastern Mediterranean,719,496,364.0,669.6985328279254,342.72428622027877,38,2833.0,1.054489343239684,False
2025-09-13,gulf_of_aden,Gulf of Aden,319,32,43.0,220.21909548844175,34.10749048118066,21,890.0,0.3139367836660671,False
2025-09-13,southern_red_sea,Southern Red Sea,300,22,31.0,218.4559886286389,18.9317389502125,17,829.0,0.370111355358951,False
2025-09-13,persian_gulf,Persian Gulf,59,1,3.0,41.34123027066073,1.0363399758313103,14,243.0,0.301415672246438,False
2025-09-13,black_sea,Black Sea,48,0,2.0,31.55557931153542,2.0,16,274.0,-1.9946002991652347,False
2025-09-13,suez_canal,Suez Canal & Gulf of Suez,576,441,305.0,403.60788575799205,242.96345458769966,14,2196.0,1.6452404268146654,False
2025-09-13,bosphorus,Turkish Straits (Bosphorus-Dardanelles),42,0,0.0,29.131299214551916,0.0,11,221.0,-1.7689491003989346,False
2025-09-13,bab_el_mandeb,Bab-el-Mandeb,199,23,29.0,113.44558636070698,16.584942174342547,14,597.0,0.24817241152884933,False
2025-09-20,persian_gulf,Persian Gulf,90,2,11.0,71.86266195318176,7.085550651643274,16,274.0,3.1210405379832853,True
2025-09-20,bab_el_mandeb,Bab-el-Mandeb,212,36,29.0,125.21827437759205,15.18644767941549,14,623.0,0.45608380891925315,False
2025-09-20,suez_canal,Suez Canal & Gulf of Suez,521,423,298.0,383.9244031073906,256.13205815881867,13,2134.0,-0.3320871912150698,False
2025-09-20,bosphorus,Turkish Straits (Bosphorus-Dardanelles),46,1,1.0,27.15426272098009,0.26896102971462843,12,207.0,-0.9108360568374223,False
2025-09-20,southern_red_sea,Southern Red Sea,300,44,32.0,221.90239086624663,20.743140032958593,17,880.0,0.3127786286323386,False
2025-09-20,arabian_sea,Arabian Sea (open),5,0,5.0,3.555625424550568,3.555625424550568,1,27.0,0.10801234497346429,False
2025-09-20,hormuz,Strait of Hormuz,6,0,0.0,4.450381486093733,0.0,3,24.0,0.27003086243365926,False
2025-09-20,gulf_of_aden,Gulf of Aden,308,44,34.0,219.3299352668298,27.917704282215542,20,938.0,0.15021653835398205,False
2025-09-20,black_sea,Black Sea,56,1,5.0,33.579379259021046,4.444849571973016,16,263.0,-0.9331786214277714,False
2025-09-20,eastern_med,Eastern Mediterranean,698,467,393.0,639.3077168293665,363.43011866080445,36,2795.0,0.24180200183721962,False
2025-09-20,somali_basin,Somali Basin / Horn approaches,115,5,15.0,26.065707886292163,4.58650005568723,6,361.0,0.16067630171617403,False
2025-09-20,gulf_of_oman,Gulf of Oman,10,3,2.0,2.8901394180545985,0.5373904209880411,2,38.0,1.0801234497346444,False
2025-09-20,india_west_coast,India West Coast corridor,5,0,5.0,5.0,5.0,1,27.0,0.10801234497346425,False
2025-09-27,gulf_of_aden,Gulf of Aden,301,25,32.0,222.74093036611004,27.123679530290875,20,1153.0,0.17221236242024454,False
2025-09-27,black_sea,Black Sea,90,0,2.0,61.868957451344976,2.0,34,268.0,1.9110661718117685,False
2025-09-27,suez_canal,Suez Canal & Gulf of Suez,541,498,329.0,407.35811520151555,280.062267919281,15,2140.0,0.14160477683987813,False
2025-09-27,persian_gulf,Persian Gulf,63,0,4.0,51.020940833813555,2.0492106758119637,15,270.0,0.22322445469840077,False
2025-09-27,gulf_of_oman,Gulf of Oman,9,3,3.0,2.5706473792819797,0.8060856314820617,2,39.0,0.24901380286190605,False
2025-09-27,somali_basin,Somali Basin / Horn approaches,153,16,21.0,36.78835442966819,6.777382291610511,6,478.0,1.3190466846667879,False
2025-09-27,bosphorus,Turkish Straits (Bosphorus-Dardanelles),66,0,0.0,45.30038927783769,0.0,18,213.0,1.6705698966059253,False
2025-09-27,arabian_sea,Arabian Sea (open),4,1,2.0,2.8445003396404545,1.4222501698202272,1,23.0,-0.4537426064865148,False
2025-09-27,india_west_coast,India West Coast corridor,4,1,2.0,4.0,2.0,1,23.0,-0.45374260648651465,False
2025-09-27,eastern_med,Eastern Mediterranean,704,556,386.0,641.1390255276289,363.2349127987472,53,2786.0,0.323296679792395,False
2025-09-27,hormuz,Strait of Hormuz,6,0,0.0,3.643718807094342,0.0,3,22.0,0.08050764858994064,False
2025-09-27,bab_el_mandeb,Bab-el-Mandeb,210,20,26.0,142.96882545606138,17.278384405880416,14,767.0,0.3827327723098715,False
2025-09-27,southern_red_sea,Southern Red Sea,291,21,29.0,201.81367447862797,16.104338317624,17,1101.0,0.23214989056559662,False
2025-10-04,gulf_of_aden,Gulf of Aden,281,8,29.0,199.0156781182104,25.803668454552437,19,1209.0,0.11294437502832379,False
2025-10-04,bab_el_mandeb,Bab-el-Mandeb,189,8,26.0,122.1917902602785,16.684718197842425,14,810.0,0.13652021151969573,False
2025-10-04,black_sea,Black Sea,134,1,7.0,87.48182001444373,6.994482729426203,47,328.0,4.34420483914371,True
2025-10-04,somali_basin,Somali Basin / Horn approaches,123,5,22.0,30.57034662597221,7.301376373310722,6,502.0,0.4384674180627843,False
2025-10-04,hormuz,Strait of Hormuz,9,0,0.0,8.193337321000609,0.0,2,25.0,1.984313483298425,False
2025-10-04,persian_gulf,Persian Gulf,64,4,6.0,50.568307712757566,3.4514435116793427,14,276.0,0.13896332484152688,False
2025-10-04,eastern_med,Eastern Mediterranean,771,178,343.0,690.4066003987352,319.102000448375,56,2892.0,2.2997639312514786,True
2025-10-04,bosphorus,Turkish Straits (Bosphorus-Dardanelles),100,1,2.0,67.4923275614368,2.0,24,254.0,4.883512513150189,True
2025-10-04,gulf_of_oman,Gulf of Oman,11,0,0.0,3.362021941663012,0.0,2,41.0,1.5770874181254049,False
2025-10-04,southern_red_sea,Southern Red Sea,274,6,26.0,189.79626531700916,14.186891187785736,17,1165.0,0.19295936126155763,False
2025-10-04,suez_canal,Suez Canal & Gulf of Suez,553,139,269.0,398.31635383650905,225.67940088315862,14,2191.0,0.55321915839598,False
2025-10-11,gulf_of_aden,Gulf of Aden,191,21,26.0,115.19223083001225,21.88191093455089,21,1081.0,-0.9080539661638964,False
2025-10-11,eastern_med,Eastern Mediterranean,507,132,226.0,462.7863317295671,205.64509040233708,40,2680.0,-6.009329668490299,False
2025-10-11,bab_el_mandeb,Bab-el-Mandeb,101,17,21.0,54.19607076921296,12.982470532053373,14,712.0,-1.5303288675775293,False
2025-10-11,gulf_of_oman,Gulf of Oman,14,0,3.0,4.066513916587877,0.8060856314820617,2,44.0,3.705900113626103,True
2025-10-11,hormuz,Strait of Hormuz,8,0,0.0,6.386674642001217,0.0,2,29.0,0.8604560508152659,False
2025-10-11,arabian_sea,Arabian Sea (open),3,0,0.0,2.133375254730341,0.0,1,19.0,-0.8400268812903086,False
2025-10-11,bosphorus,Turkish Straits (Bosphorus-Dardanelles),40,0,0.0,25.016482586172362,0.0,7,252.0,-1.0018573186491921,False
2025-10-11,somali_basin,Somali Basin / Horn approaches,44,16,15.0,12.528618065850033,4.3351671627284,6,435.0,-1.9158263892549237,False
2025-10-11,black_sea,Black Sea,55,0,5.0,35.44842864457246,5.0,14,335.0,-0.7488950591447091,False
2025-10-11,persian_gulf,Persian Gulf,80,4,8.0,60.93770865954289,3.0617008172586693,15,297.0,1.3870242401365924,False
2025-10-11,southern_red_sea,Southern Red Sea,185,21,24.0,127.8337234341672,13.855323042453508,17,1050.0,-0.8099851569477958,False
2025-10-11,suez_canal,Suez Canal & Gulf of Suez,373,98,165.0,225.51709810443018,102.66816263189874,13,1988.0,-6.248886262203733,False
2025-10-11,india_west_coast,India West Coast corridor,3,0,0.0,3.0,0.0,1,19.0,-0.840026881290308,False
2025-10-18,suez_canal,Suez Canal & Gulf of Suez,365,81,123.0,225.81626940632492,83.35970834187277,13,1832.0,-2.384961455276544,False
2025-10-18,black_sea,Black Sea,55,1,4.0,36.23431833875129,4.0,15,334.0,-0.7640703283878564,False
2025-10-18,bosphorus,Turkish Straits (Bosphorus-Dardanelles),50,1,1.0,32.460667970418896,1.0,12,256.0,-0.4780103546496145,False
2025-10-18,persian_gulf,Persian Gulf,66,1,7.0,52.220462386396946,3.944784391418739,16,273.0,-0.13013640486415615,False
2025-10-18,eastern_med,Eastern Mediterranean,502,124,188.0,457.26860159831,168.5079899617657,37,2484.0,-2.3491817119804077,False
2025-10-18,gulf_of_aden,Gulf of Aden,98,47,45.0,77.87975543781495,36.905983900274194,19,871.0,-1.9001060128264773,False
2025-10-18,southern_red_sea,Southern Red Sea,84,30,33.0,54.57614870223919,19.27875191940357,15,834.0,-1.910556463893133,False
2025-10-18,hormuz,Strait of Hormuz,6,0,0.0,5.193337321000608,0.0,2,29.0,-0.3911163867342118,False
2025-10-18,somali_basin,Somali Basin / Horn approaches,43,25,27.0,13.998817225379634,8.203876807244752,6,363.0,-1.399006402625331,False
2025-10-18,bab_el_mandeb,Bab-el-Mandeb,78,40,33.0,45.07853025004656,22.109345193331393,13,578.0,-1.576488804613319,False
2025-10-18,gulf_of_oman,Gulf of Oman,15,3,6.0,4.2844122988033,1.6121712629641234,2,49.0,2.5000000000000018,True
2025-10-25,gulf_of_oman,Gulf of Oman,18,6,6.0,5.1412947585639595,1.6629680912427216,2,58.0,2.878934751973802,True
2025-10-25,gulf_of_aden,Gulf of Aden,95,13,31.0,77.64652217319349,26.866910435790942,18,665.0,-1.4019812187839842,False
2025-10-25,southern_red_sea,Southern Red Sea,86,13,27.0,59.2302217877886,15.453076612626315,16,629.0,-1.3538791410379498,False
2025-10-25,somali_basin,Somali Basin / Horn approaches,35,6,15.0,9.64676712452425,4.623123079852406,5,245.0,-1.2664199728974754,False
2025-10-25,bab_el_mandeb,Bab-el-Mandeb,77,12,25.0,43.22874573645716,13.269365230713573,13,445.0,-1.1993260345408294,False
2025-10-25,eastern_med,Eastern Mediterranean,573,179,231.0,535.9672026117571,216.75943044143258,39,2353.0,-0.8663468996790241,False
2025-10-25,bosphorus,Turkish Straits (Bosphorus-Dardanelles),51,0,0.0,29.28969541386901,0.0,7,241.0,-0.35530274960725383,False
2025-10-25,persian_gulf,Persian Gulf,67,9,9.0,54.4176523449145,5.341244858350697,16,277.0,-0.12449576236571569,False
2025-10-25,hormuz,Strait of Hormuz,12,1,1.0,7.223730770096166,1.0,3,35.0,3.363600925914221,True
2025-10-25,black_sea,Black Sea,59,0,1.0,38.4660106827274,1.0,13,303.0,-0.5477581159861713,False
2025-10-25,suez_canal,Suez Canal & Gulf of Suez,438,144,178.0,288.43072902367135,133.09708088375422,12,1729.0,-0.7112730121160814,False
2025-11-01,somali_basin,Somali Basin / Horn approaches,67,16,27.0,18.14840146857953,7.573978207671289,6,189.0,-0.5312132530106148,False
2025-11-01,gulf_of_aden,Gulf of Aden,191,47,52.0,139.0569032153918,42.391952927405455,20,575.0,-0.3955821611352262,False
2025-11-01,persian_gulf,Persian Gulf,57,0,5.0,44.645631040765174,4.415103535848032,15,270.0,-1.0299194886618297,False
2025-11-01,black_sea,Black Sea,52,0,2.0,31.739718355980948,2.0,14,221.0,-0.6761406919775215,False
2025-11-01,arabian_sea,Arabian Sea (open),1,0,0.0,0.7111250849101136,0.0,1,13.0,-1.7360555546666376,False
2025-11-01,india_west_coast,India West Coast corridor,1,0,0.0,1.0,0.0,1,13.0,-1.7360555546666365,False
2025-11-01,bosphorus,Turkish Straits (Bosphorus-Dardanelles),45,0,0.0,24.429334815953023,0.0,8,186.0,-0.6035000919905449,False
2025-11-01,suez_canal,Suez Canal & Gulf of Suez,402,29,144.0,260.14568506839515,100.57338364491781,13,1578.0,-0.9986584217825876,False
2025-11-01,eastern_med,Eastern Mediterranean,542,52,198.0,493.70963451071344,179.82098436352385,37,2124.0,-0.985179352457188,False
2025-11-01,gulf_of_oman,Gulf of Oman,12,3,3.0,3.478326667321238,0.8060856314820617,2,59.0,-0.03874090387346565,False
2025-11-01,bab_el_mandeb,Bab-el-Mandeb,131,21,35.0,77.36836054532787,22.955083118247856,14,387.0,-0.3480939118217969,False
2025-11-01,southern_red_sea,Southern Red Sea,177,32,43.0,133.16094504024838,25.59265546817846,17,532.0,-0.4296376469253739,False
2025-11-01,hormuz,Strait of Hormuz,8,0,0.0,5.643718807094341,0.0,3,34.0,0.35355339059327257,False
2025-11-08,southern_red_sea,Southern Red Sea,127,42,38.0,82.17629562813296,22.71209090973356,17,474.0,-0.9210924404374999,False
2025-11-08,eastern_med,Eastern Mediterranean,521,60,212.0,470.4029962217952,189.7684498861596,32,2138.0,-0.9894635113186497,False
2025-11-08,india_west_coast,India West Coast corridor,1,0,0.0,1.0,0.0,1,9.0,-1.4160187116791962,False
2025-11-08,gulf_of_aden,Gulf of Aden,141,47,48.0,100.16020440656649,34.256515068256,20,525.0,-0.8861000635690414,False
2025-11-08,hormuz,Strait of Hormuz,14,0,0.0,7.086538592487674,0.0,4,40.0,2.70867869975518,True
2025-11-08,somali_basin,Somali Basin / Horn approaches,39,5,16.0,11.75340211344219,5.133820877473809,6,184.0,-1.0632222154201119,False
2025-11-08,bosphorus,Turkish Straits (Bosphorus-Dardanelles),56,0,0.0,39.70229288437926,0.0,8,202.0,0.050342778684504805,False
2025-11-08,persian_gulf,Persian Gulf,65,4,12.0,51.7821639983154,9.398947567749286,14,255.0,-0.29060581869913116,False
2025-11-08,arabian_sea,Arabian Sea (open),1,0,0.0,0.7111250849101136,0.0,1,9.0,-1.4160187116791967,False
2025-11-08,suez_canal,Suez Canal & Gulf of Suez,381,37,148.0,238.18630004008588,98.92901828729062,13,1586.0,-1.047288931809734,False
2025-11-08,gulf_of_oman,Gulf of Oman,16,5,6.0,4.55310750929732,1.6121712629641234,2,61.0,1.1760376338064327,False
2025-11-08,black_sea,Black Sea,68,0,6.0,47.413633416085176,6.0,14,234.0,-0.021249102244394764,False
2025-11-08,bab_el_mandeb,Bab-el-Mandeb,90,37,29.0,46.84441194682998,15.364411995045339,14,376.0,-1.004981719149737,False
2025-11-15,suez_canal,Suez Canal & Gulf of Suez,407,79,161.0,261.2122823372137,120.22415519460257,12,1628.0,-0.5001823370582242,False
2025-11-15,gulf_of_aden,Gulf of Aden,98,16,33.0,74.57114457782184,26.204629153217,18,525.0,-1.175385539871105,False
2025-11-15,somali_basin,Somali Basin / Horn approaches,46,2,15.0,13.583384591858394,4.863344627860921,6,187.0,-0.6803249487450137,False
2025-11-15,persian_gulf,Persian Gulf,59,10,12.0,42.55149905450692,7.167287389960189,16,248.0,-0.9377616887699198,False
2025-11-15,bab_el_mandeb,Bab-el-Mandeb,81,4,21.0,49.097951304216984,12.570280291967197,12,379.0,-0.9340259185974088,False
2025-11-15,eastern_med,Eastern Mediterranean,561,113,222.0,498.6150995605892,197.70829473256987,40,2197.0,-0.3902552652742688,False
2025-11-15,black_sea,Black Sea,66,0,2.0,43.67349453244215,2.0,19,245.0,-0.18150631599598072,False
2025-11-15,gulf_of_oman,Gulf of Oman,12,7,5.0,3.3767330107640414,1.394272880748701,2,58.0,-0.35864991853524214,False
2025-11-15,southern_red_sea,Southern Red Sea,88,15,25.0,62.597230005540766,14.024206658136249,15,478.0,-1.1504101028393203,False
2025-11-15,bosphorus,Turkish Straits (Bosphorus-Dardanelles),56,0,0.0,39.225800641185955,0.0,13,208.0,-0.03914587206174613,False
2025-11-15,hormuz,Strait of Hormuz,7,2,2.0,3.900762972187467,1.257044165093125,3,41.0,-0.5465687273686379,False
2025-11-22,eastern_med,Eastern Mediterranean,653,150,271.0,593.9502971827823,251.08251333400605,44,2277.0,0.6866684325674952,False
2025-11-22,persian_gulf,Persian Gulf,51,8,12.0,37.686222252729344,6.278365315257313,14,232.0,-2.042189849246559,False
2025-11-22,gulf_of_oman,Gulf of Oman,7,1,1.0,2.0332569582939386,0.26869521049402056,2,47.0,-2.179748793248926,False
2025-11-22,suez_canal,Suez Canal & Gulf of Suez,471,95,212.0,289.1907188305603,140.59843252400273,14,1661.0,0.5181121347814637,False
2025-11-22,bosphorus,Turkish Straits (Bosphorus-Dardanelles),71,0,0.0,50.20096695370235,0.0,16,228.0,0.6960165116137556,False
2025-11-22,hormuz,Strait of Hormuz,7,0,0.0,4.0281766603725,0.0,2,36.0,-0.6105948631920514,False
2025-11-22,bab_el_mandeb,Bab-el-Mandeb,87,36,27.0,50.09898649503664,16.017956648572724,13,389.0,-0.6201102047910899,False
2025-11-22,southern_red_sea,Southern Red Sea,96,51,34.0,66.89517749494289,21.752616958105772,16,488.0,-0.8172038106670143,False
2025-11-22,gulf_of_aden,Gulf of Aden,107,55,37.0,80.38500399490488,26.828755978744354,20,537.0,-0.8234506979535575,False
2025-11-22,black_sea,Black Sea,97,0,6.0,67.63069428686453,6.0,30,283.0,0.8894160934328933,False
2025-11-22,somali_basin,Somali Basin / Horn approaches,44,11,15.0,13.585736120592784,4.79506171444654,7,196.0,-0.5561847907668446,False
2025-11-29,india_west_coast,India West Coast corridor,1,0,1.0,1.0,1.0,1,6.0,-1.2841489249843492,False
2025-11-29,arabian_sea,Arabian Sea (open),1,0,1.0,0.7111250849101136,0.7111250849101136,1,6.0,-1.2841489249843496,False
2025-11-29,persian_gulf,Persian Gulf,67,3,8.0,49.060040526887725,4.216283939464696,15,242.0,0.3946761086881593,False
2025-11-29,hormuz,Strait of Hormuz,10,0,0.0,7.580011963001825,0.0,2,38.0,0.4093326171823604,False
2025-11-29,gulf_of_aden,Gulf of Aden,181,82,64.0,109.24887977895246,40.70015439241641,19,527.0,0.4629315945500126,False
2025-11-29,bosphorus,Turkish Straits (Bosphorus-Dardanelles),68,0,0.0,44.370414983432234,0.0,16,251.0,0.4917817553294786,False
2025-11-29,bab_el_mandeb,Bab-el-Mandeb,83,13,32.0,49.49589896494471,21.422936484091448,13,341.0,-0.5517951770805075,False
2025-11-29,southern_red_sea,Southern Red Sea,97,13,43.0,64.21407023305083,28.297061035275117,15,408.0,-0.6283749914120378,False
2025-11-29,eastern_med,Eastern Mediterranean,610,79,259.0,557.9825168103131,239.65000906848314,38,2345.0,0.3417057461535216,False
2025-11-29,gulf_of_oman,Gulf of Oman,10,0,1.0,3.042529902890393,0.26869521049402056,2,45.0,-0.9193733165633293,False
2025-11-29,suez_canal,Suez Canal & Gulf of Suez,467,42,200.0,295.76994577523965,143.15654766037022,11,1726.0,0.6869221976494363,False
2025-11-29,somali_basin,Somali Basin / Horn approaches,50,7,24.0,14.893411456305016,7.258484904088488,6,179.0,-0.17666600406404656,False
2025-11-29,black_sea,Black Sea,81,0,8.0,53.72159285520753,8.0,22,312.0,0.2726561004803773,False
2025-12-06,bab_el_mandeb,Bab-el-Mandeb,91,28,29.0,55.41466278703515,20.590337928758032,13,342.0,0.0,False
2025-12-06,eastern_med,Eastern Mediterranean,530,36,224.0,477.83276028604735,209.8988475357158,40,2354.0,-0.5448411253309117,False
2025-12-06,gulf_of_oman,Gulf of Oman,10,7,2.0,2.8393425897760003,0.5373904209880411,2,39.0,-0.8558961032361837,False
2025-12-06,suez_canal,Suez Canal & Gulf of Suez,393,23,179.0,250.20990580203804,122.44407574827684,11,1738.0,-0.4832472865417515,False
2025-12-06,hormuz,Strait of Hormuz,7,0,0.0,3.8370561280949502,0.0,3,31.0,-0.7200822998230937,False
2025-12-06,somali_basin,Somali Basin / Horn approaches,55,21,20.0,17.589601687880638,5.721289903429774,7,195.0,0.9383148632568078,False
2025-12-06,persian_gulf,Persian Gulf,55,4,4.0,41.701498845481964,3.4151035358480324,14,232.0,-1.0422125006694667,False
2025-12-06,arabian_sea,Arabian Sea (open),1,0,0.0,0.7111250849101136,0.0,1,4.0,-1.0253928601814872,False
2025-12-06,bosphorus,Turkish Straits (Bosphorus-Dardanelles),74,0,0.0,44.71278362572418,0.0,13,269.0,1.8216394170487709,False
2025-12-06,southern_red_sea,Southern Red Sea,98,28,37.0,68.9004383026212,26.215447824523512,15,379.0,-0.46991362539408377,False
2025-12-06,india_west_coast,India West Coast corridor,1,0,0.0,1.0,0.0,1,4.0,-1.025392860181487,False
2025-12-06,black_sea,Black Sea,90,0,3.0,52.92533967613371,3.0,20,334.0,1.5116078131802797,False
2025-12-06,gulf_of_aden,Gulf of Aden,158,55,55.0,107.42375897377366,38.872544535714034,20,544.0,0.46136061877387324,False
2025-12-13,eastern_med,Eastern Mediterranean,558,77,254.0,503.2661982715396,230.44923754593265,41,2351.0,-0.07018069727467686,False
2025-12-13,somali_basin,Somali Basin / Horn approaches,64,10,16.0,19.064258784660467,4.633110893073884,6,213.0,1.6555670475645525,False
2025-12-13,hormuz,Strait of Hormuz,11,4,1.0,4.6741122561899004,0.257044165093125,3,35.0,0.745499316410973,False
2025-12-13,persian_gulf,Persian Gulf,80,6,3.0,67.25959728050088,1.8914091755202034,15,253.0,3.085853129970479,True
2025-12-13,suez_canal,Suez Canal & Gulf of Suez,410,33,190.0,259.7532917304009,136.68778112412852,12,1741.0,-0.14041372759662724,False
2025-12-13,bosphorus,Turkish Straits (Bosphorus-Dardanelles),79,0,1.0,54.89571791591338,1.0,12,292.0,1.8721653481229523,False
2025-12-13,southern_red_sea,Southern Red Sea,279,24,37.0,203.7174070887874,26.051168835115888,17,570.0,5.477696147167737,True
2025-12-13,gulf_of_oman,Gulf of Oman,5,3,1.0,1.4958665373058975,0.26869521049402056,2,32.0,-2.0687898163776395,False
2025-12-13,black_sea,Black Sea,95,0,6.0,65.3642289287358,6.0,20,363.0,1.4446302370292101,False
2025-12-13,gulf_of_aden,Gulf of Aden,333,28,48.0,211.7621812494977,34.95606775006699,21,779.0,5.046977393488196,True
2025-12-13,bab_el_mandeb,Bab-el-Mandeb,186,22,28.0,91.10158681061789,15.932500005262863,14,447.0,5.513196027979963,True
2025-12-20,bosphorus,Turkish Straits (Bosphorus-Dardanelles),73,0,0.0,47.04998716779437,0.0,13,294.0,0.8656049010144189,False
2025-12-20,suez_canal,Suez Canal & Gulf of Suez,449,29,186.0,278.94745022905124,128.2945559018982,12,1719.0,0.8262660230891863,False
2025-12-20,eastern_med,Eastern Mediterranean,617,81,261.0,549.4148870765061,233.13573624038696,38,2315.0,1.104802844595476,False
2025-12-20,gulf_of_aden,Gulf of Aden,198,59,56.0,140.65485779160488,40.487699692468574,22,870.0,0.44917169492239595,False
2025-12-20,black_sea,Black Sea,86,0,3.0,54.40027597850451,3.0,24,352.0,0.5840638700420447,False
2025-12-20,arabian_sea,Arabian Sea (open),1,0,0.0,1.0,0.0,1,4.0,-0.8169289328674384,False
2025-12-20,persian_gulf,Persian Gulf,56,2,5.0,42.26506578797014,2.9709733319205993,12,258.0,-0.7253956759920827,False
2025-12-20,somali_basin,Somali Basin / Horn approaches,47,13,17.0,16.525857477410973,5.226266446687693,7,216.0,-0.2634070232774582,False
2025-12-20,gulf_of_oman,Gulf of Oman,8,0,0.0,3.084053786572537,0.0,3,33.0,-0.7556096518348255,False
2025-12-20,southern_red_sea,Southern Red Sea,155,45,41.0,102.671543258439,23.274119273080398,17,629.0,0.35845429799014844,False
2025-12-20,hormuz,Strait of Hormuz,8,0,0.0,4.838887089179533,0.0,3,36.0,-0.5612486080160897,False
2025-12-20,bab_el_mandeb,Bab-el-Mandeb,132,43,32.0,67.42919443026277,16.11834144090551,14,492.0,0.768317272956742,False
2025-12-27,suez_canal,Suez Canal & Gulf of Suez,321,10,135.0,207.72739507127145,101.38255415213521,12,1573.0,-2.922408685463092,False
2025-12-27,southern_red_sea,Southern Red Sea,96,12,31.0,64.86751504398588,20.750372091835228,17,628.0,-0.6738836767879108,False
2025-12-27,somali_basin,Somali Basin / Horn approaches,40,8,12.0,14.12609748282273,3.500449607002123,7,206.0,-1.1719711261267072,False
2025-12-27,hormuz,Strait of Hormuz,18,5,0.0,5.900059815009126,0.0,2,44.0,3.5897581584785834,True
2025-12-27,persian_gulf,Persian Gulf,111,16,5.0,80.04658858320029,2.529680855570707,15,302.0,5.402959889603105,True
2025-12-27,black_sea,Black Sea,75,9,3.0,52.69827037566804,2.861695647849051,23,346.0,-0.2749859704614313,False
2025-12-27,bab_el_mandeb,Bab-el-Mandeb,86,10,28.0,42.85305305459437,13.669329591799226,14,495.0,-0.6527810250496893,False
2025-12-27,gulf_of_oman,Gulf of Oman,5,0,0.0,1.4958665373058975,0.0,2,28.0,-1.4608717744769444,False
2025-12-27,bosphorus,Turkish Straits (Bosphorus-Dardanelles),68,9,1.0,44.830924198353614,1.0,16,294.0,0.23636986356355674,False
2025-12-27,gulf_of_aden,Gulf of Aden,181,31,55.0,112.59384900504726,35.21898928070021,22,870.0,0.06976375932661195,False
2025-12-27,eastern_med,Eastern Mediterranean,486,35,186.0,434.8280194906381,170.37180191175824,39,2191.0,-1.8652968872368108,False
2026-01-03,persian_gulf,Persian Gulf,209,6218,8.0,139.28458658225873,4.163787995534638,16,456.0,7.198054465365875,True
2026-01-03,somali_basin,Somali Basin / Horn approaches,68,30,25.0,28.017265818630193,8.623580512007424,7,219.0,2.4130510178049835,True
2026-01-03,bosphorus,Turkish Straits (Bosphorus-Dardanelles),70,0,1.0,45.3045215624497,0.2159169910087287,14,290.0,0.22669357403207857,False
2026-01-03,black_sea,Black Sea,94,0,4.0,58.633105265970975,4.0,28,350.0,0.9953441075140007,False
2026-01-03,eastern_med,Eastern Mediterranean,661,126,328.0,575.8618860484997,281.74696331768706,40,2322.0,1.6802562034573514,False
2026-01-03,gulf_of_aden,Gulf of Aden,193,58,66.0,139.40679252592878,50.004101481870954,22,905.0,0.25084343322839897,False
2026-01-03,hormuz,Strait of Hormuz,62,2354,0.0,23.04689032586246,0.0,3,99.0,12.966475400236266,True
2026-01-03,suez_canal,Suez Canal & Gulf of Suez,426,44,203.0,274.792896337978,142.82006714240381,13,1606.0,0.2724542704423017,False
2026-01-03,gulf_of_oman,Gulf of Oman,30,629,1.0,8.721215082442395,0.26869521049402056,2,48.0,5.611379567019264,True
2026-01-03,bab_el_mandeb,Bab-el-Mandeb,107,44,38.0,57.044437952425085,19.42080674443021,14,511.0,0.06802698602145403,False
2026-01-03,southern_red_sea,Southern Red Sea,113,43,42.0,68.30459048687555,23.816598806368564,17,643.0,-0.25625319877287683,False
2026-01-10,persian_gulf,Persian Gulf,57,104,4.0,42.39634448514121,2.6994737838746423,17,433.0,-0.543002069167424,False
2026-01-10,southern_red_sea,Southern Red Sea,121,45,42.0,82.0074471621938,25.77076195435807,17,485.0,-0.10439739427355808,False
2026-01-10,somali_basin,Somali Basin / Horn approaches,57,18,23.0,21.089994351157017,6.384745052617597,7,212.0,0.5320781114220199,False
2026-01-10,suez_canal,Suez Canal & Gulf of Suez,382,53,168.0,244.99978501754708,119.96352455783743,12,1578.0,-0.7425330252222154,False
2026-01-10,hormuz,Strait of Hormuz,11,94,0.0,6.287437614188684,0.0,3,99.0,-0.27850101269178856,False
2026-01-10,eastern_med,Eastern Mediterranean,627,132,268.0,529.3234732433357,228.7480558818685,43,2391.0,0.6949758579954991,False
2026-01-10,black_sea,Black Sea,99,0,5.0,65.04926956311965,5.0,25,354.0,1.2427757341627026,False
2026-01-10,bosphorus,Turkish Straits (Bosphorus-Dardanelles),88,0,0.0,57.40623537456088,0.0,17,299.0,2.7197822561203826,True
2026-01-10,gulf_of_aden,Gulf of Aden,138,47,47.0,97.46726316455798,34.90192921649983,22,710.0,-0.5977826788891932,False
2026-01-10,bab_el_mandeb,Bab-el-Mandeb,90,33,33.0,53.35681822401271,23.309257501743186,14,415.0,-0.45823632775891965,False
2026-01-10,gulf_of_oman,Gulf of Oman,9,5,1.0,2.672241035839176,0.26869521049402056,2,52.0,-0.23107806211161536,False
2026-01-17,bosphorus,Turkish Straits (Bosphorus-Dardanelles),71,0,0.0,47.755611481026534,0.0,12,297.0,-0.4259676649554554,False
2026-01-17,somali_basin,Somali Basin / Horn approaches,42,15,20.0,14.5563485483502,6.014971800846364,6,207.0,-1.1449575307864643,False
2026-01-17,bab_el_mandeb,Bab-el-Mandeb,74,17,25.0,40.37741197554493,15.796379203620045,13,357.0,-0.9506099421937159,False
2026-01-17,gulf_of_oman,Gulf of Oman,2,1,1.0,0.5373904209880411,0.26869521049402056,1,46.0,-1.0462776733243284,False
2026-01-17,eastern_med,Eastern Mediterranean,614,163,232.0,505.7898936028706,188.49852241689877,36,2388.0,0.34287256999672727,False
2026-01-17,gulf_of_aden,Gulf of Aden,126,29,43.0,86.70317465668386,31.255991247363337,19,638.0,-0.9008655103693974,False
2026-01-17,persian_gulf,Persian Gulf,31,1,5.0,21.608937492715235,2.3207102238579207,8,408.0,-1.0222999186373203,False
2026-01-17,southern_red_sea,Southern Red Sea,104,24,35.0,74.67526871053298,23.907776104509434,15,434.0,-0.4439820573260818,False
2026-01-17,black_sea,Black Sea,88,0,3.0,57.71537076055673,3.0,22,356.0,-0.19385410880840967,False
2026-01-17,suez_canal,Suez Canal & Gulf of Suez,394,25,153.0,248.30192362189968,111.15661315289876,12,1523.0,-0.4168944539159098,False
2026-01-24,gulf_of_oman,Gulf of Oman,2,1,2.0,0.5373904209880411,0.5373904209880411,1,43.0,-0.9146779490189896,False
2026-01-24,persian_gulf,Persian Gulf,39,2,5.0,27.100177267147092,3.830207071696065,7,336.0,-0.7926104661053358,False
2026-01-24,india_west_coast,India West Coast corridor,1,0,0.0,1.0,0.0,1,4.0,-0.8169289328674381,False
2026-01-24,southern_red_sea,Southern Red Sea,74,33,35.0,51.95620667736666,23.891348740314747,16,412.0,-0.9466658485885036,False
2026-01-24,arabian_sea,Arabian Sea (open),1,0,0.0,0.7111250849101136,0.0,1,4.0,-0.6851064595573096,False
2026-01-24,black_sea,Black Sea,83,0,3.0,54.731926282436724,3.0,22,364.0,-0.7017420184548356,False
2026-01-24,bab_el_mandeb,Bab-el-Mandeb,53,25,22.0,31.149730843328946,15.122716755185929,14,324.0,-1.441244709629975,False
2026-01-24,suez_canal,Suez Canal & Gulf of Suez,448,47,174.0,271.2281299442582,116.73019729849848,13,1650.0,0.9526752795984639,False
2026-01-24,gulf_of_aden,Gulf of Aden,94,35,41.0,63.65909262491563,27.163582925304382,21,551.0,-1.4812712847971576,False
2026-01-24,bosphorus,Turkish Straits (Bosphorus-Dardanelles),66,0,0.0,46.677574841794865,0.0,14,295.0,-1.1667809953127692,False
2026-01-24,eastern_med,Eastern Mediterranean,649,108,273.0,575.776179843047,232.07270723339914,37,2551.0,1.0545316531569515,False
2026-01-24,somali_basin,Somali Basin / Horn approaches,32,20,17.0,10.340208469659729,4.595936379059933,7,199.0,-2.0861965343717603,False
2026-01-31,somali_basin,Somali Basin / Horn approaches,71,47,28.0,23.374355516860863,8.231671356627789,6,202.0,1.634395429535012,False
2026-01-31,black_sea,Black Sea,84,0,0.0,52.67467840912656,0.0,20,354.0,-0.6256347458318054,False
2026-01-31,bosphorus,Turkish Straits (Bosphorus-Dardanelles),79,0,0.0,53.22468159534102,0.0,13,304.0,0.7646591725485301,False
2026-01-31,persian_gulf,Persian Gulf,38,8,5.0,29.590908323232256,2.2470610860914224,12,165.0,-0.7218921678810233,False
2026-01-31,suez_canal,Suez Canal & Gulf of Suez,421,108,174.0,265.3253228870132,125.54886840962115,11,1645.0,0.43658179477320674,False
2026-01-31,arabian_sea,Arabian Sea (open),3,0,1.0,2.133375254730341,0.7111250849101136,1,6.0,1.157665700199206,False
2026-01-31,bab_el_mandeb,Bab-el-Mandeb,125,59,37.0,75.62993914629703,25.65191965414752,14,342.0,0.5537413939545194,False
2026-01-31,india_west_coast,India West Coast corridor,3,0,1.0,3.0,1.0,1,6.0,0.5328605796556849,False
2026-01-31,gulf_of_oman,Gulf of Oman,4,3,1.0,1.1255776702546805,0.26869521049402056,2,17.0,-0.5388820342386854,False
2026-01-31,gulf_of_aden,Gulf of Aden,177,64,50.0,125.84251246658198,37.08261223504136,21,535.0,-0.00866506324466073,False
2026-01-31,eastern_med,Eastern Mediterranean,593,139,226.0,528.6817918963775,207.24855762111494,41,2483.0,0.004057404500269788,False
2026-01-31,hormuz,Strait of Hormuz,6,3,0.0,1.966686605003042,0.0,2,97.0,-0.5772685067966534,False
2026-01-31,southern_red_sea,Southern Red Sea,157,63,47.0,105.41144050634176,28.594799688771577,17,456.0,0.41812931347872284,False
2026-02-07,southern_red_sea,Southern Red Sea,112,7,24.0,82.29609701426135,13.32335570086249,17,447.0,-0.3979732092365347,False
2026-02-07,persian_gulf,Persian Gulf,57,5,15.0,48.256951335462105,12.312427730002133,14,165.0,-0.34857011437945884,False
2026-02-07,eastern_med,Eastern Mediterranean,562,64,220.0,514.765688332541,200.81177425794013,40,2418.0,-0.6867684176736241,False
2026-02-07,black_sea,Black Sea,66,0,2.0,40.7016313174085,2.0,17,321.0,-2.840187787218625,False
2026-02-07,bosphorus,Turkish Straits (Bosphorus-Dardanelles),62,0,1.0,35.863718569981295,1.0,10,278.0,-1.681534180603603,False
2026-02-07,suez_canal,Suez Canal & Gulf of Suez,441,41,177.0,273.3195643154825,118.90974461715496,14,1704.0,0.8294624168498403,False
2026-02-07,gulf_of_aden,Gulf of Aden,132,13,28.0,91.12874499219832,20.45308641246222,22,529.0,-0.6694396037938819,False
2026-02-07,hormuz,Strait of Hormuz,5,0,1.0,1.0941002931880752,0.19333732100060838,2,84.0,-0.621652039926541,False
2026-02-07,somali_basin,Somali Basin / Horn approaches,46,1,10.0,14.007542757124611,2.834470448027957,7,191.0,-0.4600131948920724,False
2026-02-07,bab_el_mandeb,Bab-el-Mandeb,82,3,18.0,49.803921455643234,11.277688800502293,14,334.0,-0.5966457506204095,False
2026-02-07,gulf_of_oman,Gulf of Oman,4,8,3.0,1.0747808419760823,0.8060856314820617,1,12.0,-0.44897810774159674,False
2026-02-14,arabian_sea,Arabian Sea (open),3,0,0.0,2.133375254730341,0.0,1,8.0,1.6201851746019613,False
2026-02-14,eastern_med,Eastern Mediterranean,560,86,213.0,520.619743316601,201.60904160092855,39,2364.0,-0.7366794692947605,False
2026-02-14,gulf_of_oman,Gulf of Oman,7,9,7.0,1.880866473458144,1.880866473458144,1,17.0,-0.1081928168536576,False
2026-02-14,gulf_of_aden,Gulf of Aden,87,31,29.0,67.85565146357123,20.50934549964196,19,490.0,-1.8110006387008197,False
2026-02-14,black_sea,Black Sea,77,0,6.0,47.26813402645655,6.0,19,310.0,-0.7125520718346239,False
2026-02-14,bab_el_mandeb,Bab-el-Mandeb,66,25,23.0,34.75567002111643,11.885387580932974,13,326.0,-1.0464921459067578,False
2026-02-14,southern_red_sea,Southern Red Sea,68,29,25.0,41.274068430217945,16.920242515333868,15,411.0,-1.7212005943951227,False
2026-02-14,persian_gulf,Persian Gulf,52,3,6.0,42.69958679759716,4.292034182538734,11,186.0,-0.3817391982463245,False
2026-02-14,somali_basin,Somali Basin / Horn approaches,38,15,10.0,13.674817824793731,2.579220359645362,6,187.0,-0.8991723355594965,False
2026-02-14,bosphorus,Turkish Straits (Bosphorus-Dardanelles),59,0,0.0,38.73811171792688,0.0,8,266.0,-1.614048087491003,False
2026-02-14,india_west_coast,India West Coast corridor,3,0,0.0,3.0,0.0,1,8.0,0.9025825017214708,False
2026-02-14,suez_canal,Suez Canal & Gulf of Suez,446,45,173.0,274.24198760314124,118.50145118187349,13,1756.0,0.8212889795264524,False
2026-02-21,black_sea,Black Sea,66,0,4.0,34.593245098531135,4.0,18,293.0,-1.6222308637684957,False
2026-02-21,southern_red_sea,Southern Red Sea,86,44,30.0,54.972877042439315,18.50284202594315,16,423.0,-0.7012843080849349,False
2026-02-21,persian_gulf,Persian Gulf,53,2,5.0,41.3604449955019,3.2137968386473688,12,200.0,-0.3553993038281521,False
2026-02-21,suez_canal,Suez Canal & Gulf of Suez,366,23,125.0,225.34006509665792,92.64118896013878,12,1674.0,-1.0165905974151797,False
2026-02-21,bosphorus,Turkish Straits (Bosphorus-Dardanelles),56,0,0.0,31.229519333220825,0.0,12,256.0,-1.5400558040160217,False
2026-02-21,gulf_of_oman,Gulf of Oman,11,12,8.0,3.0064441437128244,2.2003585122307627,2,26.0,0.33785546615259004,False
2026-02-21,hormuz,Strait of Hormuz,3,0,1.0,1.3866746420012168,1.0,2,25.0,-0.6829953512596343,False
2026-02-21,gulf_of_aden,Gulf of Aden,93,44,34.0,73.66911906814151,26.687005011124082,20,489.0,-1.2086643724448032,False
2026-02-21,somali_basin,Somali Basin / Horn approaches,44,7,16.0,16.51090502239749,5.085612610746176,6,199.0,-0.3638346371975824,False
2026-02-21,eastern_med,Eastern Mediterranean,495,62,170.0,438.69630421795966,152.71613144928085,39,2210.0,-1.732846603984668,False
2026-02-21,bab_el_mandeb,Bab-el-Mandeb,81,44,30.0,44.104772929102715,16.562263433472967,14,354.0,-0.19228281560481922,False
2026-02-28,suez_canal,Suez Canal & Gulf of Suez,839,97,710.0,366.8968814333472,297.257865147764,19,2092.0,13.575790113900801,True
2026-02-28,hormuz,Strait of Hormuz,136,249,114.0,83.79282402109014,75.52030163094938,10,150.0,6.226152061180304,True
2026-02-28,somali_basin,Somali Basin / Horn approaches,64,13,17.0,20.953661801433327,5.635164447143333,6,192.0,1.0085280370079452,False
2026-02-28,persian_gulf,Persian Gulf,547,294,355.0,450.5921432612309,289.5784181330743,36,709.0,8.248236736629082,True
2026-02-28,eastern_med,Eastern Mediterranean,1054,221,839.0,984.5454929497937,809.1573227406151,50,2671.0,8.382889217441289,True
2026-02-28,bosphorus,Turkish Straits (Bosphorus-Dardanelles),91,0,0.0,57.84933930119906,0.0,15,268.0,2.078882470318605,True
2026-02-28,southern_red_sea,Southern Red Sea,206,19,27.0,139.750478973583,15.030675792256881,18,472.0,3.542155824007336,True
2026-02-28,gulf_of_aden,Gulf of Aden,217,36,34.0,155.2603849886656,27.710470729946522,19,529.0,2.217376708067177,True
2026-02-28,black_sea,Black Sea,103,0,5.0,66.98883496703719,5.0,25,312.0,1.7371078229272903,False
2026-02-28,gulf_of_oman,Gulf of Oman,96,215,88.0,35.93271106107856,33.31118345606814,9,118.0,9.470188560194499,True
2026-02-28,india_west_coast,India West Coast corridor,16,1,11.0,16.0,11.0,1,23.0,13.766807908879917,True
2026-02-28,arabian_sea,Arabian Sea (open),23,1,18.0,14.121527185833493,10.565901761282925,4,30.0,23.222654169294778,True
2026-02-28,bab_el_mandeb,Bab-el-Mandeb,151,15,23.0,76.52343838585611,12.575883731133926,14,380.0,2.9054542462366957,True
2026-02-28,northern_red_sea,Northern & Central Red Sea,1,0,1.0,0.49561405823320354,0.49561405823320354,1,5.0,-0.5400617248673217,False
2026-03-07,gulf_of_aden,Gulf of Aden,146,44,27.0,109.87035434005341,21.22739118146095,21,543.0,0.2875832726402228,False
2026-03-07,somali_basin,Somali Basin / Horn approaches,49,25,12.0,15.284709760629957,3.2763338423862054,6,195.0,-0.018593363247540445,False
2026-03-07,persian_gulf,Persian Gulf,497,49,380.0,375.53133310923226,289.51410477645993,32,1149.0,2.188889580904933,True
2026-03-07,southern_red_sea,Southern Red Sea,137,44,23.0,94.24380193763889,13.98312295938604,17,497.0,0.45465318859141923,False
2026-03-07,india_west_coast,India West Coast corridor,12,3,9.0,12.0,9.0,1,34.0,1.6648443130894692,False
2026-03-07,arabian_sea,Arabian Sea (open),17,5,14.0,10.953176603747186,8.819801349016846,5,46.0,1.6710729076185418,False
2026-03-07,eastern_med,Eastern Mediterranean,1320,520,1010.0,1254.6505066803509,985.5360601859836,47,3429.0,3.9211416372295385,True
2026-03-07,hormuz,Strait of Hormuz,146,13,118.0,89.95881894085218,74.94334071580455,9,290.0,2.467731234940116,True
2026-03-07,black_sea,Black Sea,92,0,5.0,57.07890618689168,5.0,28,338.0,0.6431886386242013,False
2026-03-07,bab_el_mandeb,Bab-el-Mandeb,114,28,19.0,64.06947032260982,11.897887652461185,14,412.0,0.7358752458302761,False
2026-03-07,bosphorus,Turkish Straits (Bosphorus-Dardanelles),72,0,0.0,46.500814466644925,0.0,14,278.0,0.037781029618330776,False
2026-03-07,gulf_of_oman,Gulf of Oman,96,11,81.0,33.828857232974414,29.239663964499528,8,210.0,2.462223009533171,True
2026-03-07,suez_canal,Suez Canal & Gulf of Suez,1086,397,888.0,452.8742112338153,345.74370378268446,16,2737.0,4.034240828444725,True
2026-03-14,arabian_sea,Arabian Sea (open),7,0,7.0,3.451340641147258,3.451340641147258,2,50.0,0.08639707735973086,False
2026-03-14,gulf_of_oman,Gulf of Oman,80,16,65.0,28.135024751429086,23.095661889322017,6,283.0,1.2373766724501054,False
2026-03-14,southern_red_sea,Southern Red Sea,61,49,25.0,37.75562282560256,17.53428874528982,14,490.0,-1.2184924514698796,False
2026-03-14,black_sea,Black Sea,58,0,4.0,38.79191841944015,4.0,24,319.0,-1.9288436361093106,False
2026-03-14,gulf_of_aden,Gulf of Aden,82,50,31.0,63.642522493485366,23.24183367555907,18,538.0,-1.1449031942045238,False
2026-03-14,suez_canal,Suez Canal & Gulf of Suez,963,152,832.0,372.1552786735581,302.90552933952137,15,3254.0,1.5599712236747965,False
2026-03-14,somali_basin,Somali Basin / Horn approaches,26,24,11.0,8.425157329042744,3.257643168565366,6,183.0,-1.7011447699074949,False
2026-03-14,persian_gulf,Persian Gulf,428,50,325.0,339.6812293496964,263.1045987201948,32,1525.0,1.191359516295154,False
2026-03-14,bosphorus,Turkish Straits (Bosphorus-Dardanelles),41,0,0.0,28.088819852405827,0.0,12,260.0,-2.4832956025997848,False
2026-03-14,bab_el_mandeb,Bab-el-Mandeb,53,41,24.0,30.104958091165756,13.9440937221327,12,399.0,-1.2070560574461455,False
2026-03-14,india_west_coast,India West Coast corridor,4,0,4.0,4.0,4.0,1,35.0,-0.12768847961381227,False
2026-03-14,hormuz,Strait of Hormuz,148,20,122.0,85.25842051466643,71.59943165987733,8,433.0,1.6522453094043679,False
2026-03-14,eastern_med,Eastern Mediterranean,1106,225,906.0,1057.327584793474,887.5943803382363,41,3975.0,1.2768295229750648,False
2026-03-14,northern_red_sea,Northern & Central Red Sea,2,0,2.0,2.0,2.0,1,5.0,1.620185174601965,False
2026-03-21,india_west_coast,India West Coast corridor,3,0,1.0,3.0,1.0,1,35.0,-0.3732627343715461,False
2026-03-21,bosphorus,Turkish Straits (Bosphorus-Dardanelles),54,0,0.0,29.945748887277908,0.0,13,258.0,-0.772496304386116,False
2026-03-21,gulf_of_oman,Gulf of Oman,71,14,60.0,22.969037282940036,19.708608997834222,4,343.0,0.7548196363985852,False
2026-03-21,bab_el_mandeb,Bab-el-Mandeb,99,20,24.0,55.022314353057965,13.96838111006373,14,417.0,0.23385521465307613,False
2026-03-21,black_sea,Black Sea,68,0,2.0,37.37074816199852,1.955079559911832,22,321.0,-0.7099409724236958,False
2026-03-21,persian_gulf,Persian Gulf,413,83,312.0,300.79746967491764,230.5975689212097,29,1885.0,0.8601017526892301,False
2026-03-21,gulf_of_aden,Gulf of Aden,134,24,29.0,100.05689057090159,23.705680116135866,21,579.0,0.11214152478959623,False
2026-03-21,southern_red_sea,Southern Red Sea,124,24,26.0,78.8274351161126,13.457184873417201,17,528.0,0.2234515030569278,False
2026-03-21,suez_canal,Suez Canal & Gulf of Suez,1092,122,868.0,446.2285391518709,328.9204933789392,16,3980.0,1.6201711705224502,False
2026-03-21,arabian_sea,Arabian Sea (open),3,0,1.0,2.133375254730341,0.7111250849101136,1,50.0,-0.47519096331149147,False
2026-03-21,somali_basin,Somali Basin / Horn approaches,47,7,14.0,14.258566712511412,4.170496623973209,7,186.0,0.049277856315328585,False
2026-03-21,eastern_med,Eastern Mediterranean,1261,328,937.0,1199.4069131985968,916.0054589183026,46,4741.0,1.4808587798545492,False
2026-03-21,hormuz,Strait of Hormuz,116,20,101.0,70.11417869914007,62.11931543376452,6,546.0,0.7558431585007038,False
2026-03-28,southern_red_sea,Southern Red Sea,129,43,36.0,75.50975404829174,20.322801516559174,17,451.0,0.2087684337125975,False
2026-03-28,somali_basin,Somali Basin / Horn approaches,49,30,20.0,15.855912458275919,5.577951306381374,6,171.0,0.06207447033193354,False
2026-03-28,gulf_of_oman,Gulf of Oman,92,11,70.0,30.004552985822336,23.686883728725096,6,339.0,1.0622793480186177,False
2026-03-28,india_west_coast,India West Coast corridor,9,0,7.0,9.0,7.0,1,28.0,0.6558084672850083,False
2026-03-28,gulf_of_aden,Gulf of Aden,156,46,44.0,116.70904547412333,37.16970495205581,21,518.0,0.4784913784225435,False
2026-03-28,bosphorus,Turkish Straits (Bosphorus-Dardanelles),51,0,0.0,34.43758145133082,0.0,10,218.0,-0.8405289605966013,False
2026-03-28,hormuz,Strait of Hormuz,141,12,120.0,82.94233576232102,72.08244788583092,8,551.0,0.990208754077639,False
2026-03-28,arabian_sea,Arabian Sea (open),10,1,8.0,6.60240586469329,5.180155694873063,2,37.0,0.33366177299654937,False
2026-03-28,persian_gulf,Persian Gulf,454,23,354.0,344.3421408894123,266.03782358184515,30,1792.0,0.8447926951196872,False
2026-03-28,suez_canal,Suez Canal & Gulf of Suez,1188,191,912.0,491.62846279370024,352.58773873649994,16,4329.0,1.5092007928014954,False
2026-03-28,black_sea,Black Sea,57,0,1.0,36.59979310540309,1.0,15,275.0,-1.2928750383187195,False
2026-03-28,bab_el_mandeb,Bab-el-Mandeb,107,40,32.0,55.43013201408768,18.154820494171005,14,373.0,0.3274966290522933,False
2026-03-28,eastern_med,Eastern Mediterranean,1367,235,986.0,1303.1736896390648,965.1748702145956,46,5054.0,1.4267619954274335,False
2026-04-04,black_sea,Black Sea,79,1,2.0,52.609945519275506,2.0,31,262.0,0.3432472453701787,False
2026-04-04,bab_el_mandeb,Bab-el-Mandeb,142,33,43.0,77.38717882054209,26.297389769268637,14,401.0,1.5566827491465174,False
2026-04-04,southern_red_sea,Southern Red Sea,182,33,39.0,116.16058385148794,21.22518468928557,17,496.0,1.4385034899711087,False
2026-04-04,northern_red_sea,Northern & Central Red Sea,1,0,1.0,1.0,1.0,1,5.0,-0.724568837309472,False
2026-04-04,persian_gulf,Persian Gulf,369,26,272.0,274.2222384118264,207.1184387762752,29,1664.0,0.25848211272092925,False
2026-04-04,india_west_coast,India West Coast corridor,10,0,9.0,10.0,9.0,1,26.0,0.6783874305595683,False
2026-04-04,hormuz,Strait of Hormuz,97,2,80.0,59.26689068679453,48.592778430604625,7,502.0,0.13511981405885792,False
2026-04-04,arabian_sea,Arabian Sea (open),12,0,11.0,7.515811050105672,6.804685965195558,2,32.0,0.460441773009866,False
2026-04-04,bosphorus,Turkish Straits (Bosphorus-Dardanelles),58,1,1.0,42.44679459099225,1.0,14,204.0,-0.18192383045529523,False
2026-04-04,suez_canal,Suez Canal & Gulf of Suez,1137,300,894.0,453.6520851014209,323.68961717825874,16,4380.0,0.9964759984016703,False
2026-04-04,eastern_med,Eastern Mediterranean,1345,418,1003.0,1289.0093887082717,984.6989075025092,45,5079.0,1.0296024558231007,False
2026-04-04,gulf_of_aden,Gulf of Aden,222,53,59.0,162.72719434998598,51.28954445582644,22,594.0,2.034938765192826,True
2026-04-04,somali_basin,Somali Basin / Horn approaches,85,18,32.0,28.73435273038716,9.759783696503227,7,207.0,3.688469620131721,True
2026-04-04,gulf_of_oman,Gulf of Oman,72,9,56.0,23.548699571724587,18.792404749312876,5,315.0,0.35318303954915137,False
2026-04-11,suez_canal,Suez Canal & Gulf of Suez,1090,281,830.0,446.5489674166173,298.836130875021,13,4507.0,0.629751693263207,False
2026-04-11,persian_gulf,Persian Gulf,97,5,16.0,67.41642034683338,11.093214586155398,17,1333.0,-1.3246535910288435,False
2026-04-11,bosphorus,Turkish Straits (Bosphorus-Dardanelles),100,0,0.0,61.64046893075159,0.0,16,263.0,2.6263443704329217,True
2026-04-11,eastern_med,Eastern Mediterranean,1271,319,887.0,1200.9427842685627,872.0337891360208,43,5244.0,0.5938086916568004,False
2026-04-11,gulf_of_aden,Gulf of Aden,145,26,41.0,110.0256923619125,34.025403629089936,21,657.0,0.05208626993059635,False
2026-04-11,somali_basin,Somali Basin / Horn approaches,49,8,21.0,15.190265747112258,6.060739029184349,6,230.0,-0.07071067811865415,False
2026-04-11,hormuz,Strait of Hormuz,19,2,2.0,10.381537907376758,1.1933373210006084,3,373.0,-1.310444444739121,False
2026-04-11,arabian_sea,Arabian Sea (open),1,0,0.0,0.7111250849101136,0.0,1,26.0,-1.1915124786400546,False
2026-04-11,southern_red_sea,Southern Red Sea,133,24,35.0,78.48916432176007,21.618209776475567,17,568.0,0.17111265562057765,False
2026-04-11,india_west_coast,India West Coast corridor,1,0,0.0,1.0,0.0,1,23.0,-1.30373028026435,False
2026-04-11,bab_el_mandeb,Bab-el-Mandeb,111,19,33.0,60.09027299047798,21.93541069651524,14,459.0,0.27199838167834123,False
2026-04-11,gulf_of_oman,Gulf of Oman,19,7,4.0,5.5115836256151765,1.1255776702546805,2,254.0,-1.2834584810467389,False
2026-04-11,black_sea,Black Sea,121,0,2.0,67.4593559706322,2.0,31,325.0,2.8403411989339284,True
2026-04-18,arabian_sea,Arabian Sea (open),13,0,7.0,9.244626103831477,4.977875594370795,1,36.0,0.4584447279961358,False
2026-04-18,southern_red_sea,Southern Red Sea,100,16,41.0,65.9903262931871,19.303309224227313,16,544.0,-0.6913650186950981,False
2026-04-18,gulf_of_aden,Gulf of Aden,113,16,47.0,88.0308945299328,42.623354044697116,19,636.0,-0.7198108148242941,False
2026-04-18,suez_canal,Suez Canal & Gulf of Suez,539,95,225.0,284.31024244678974,132.56197223598838,12,3954.0,-1.6128335710656032,False
2026-04-18,india_west_coast,India West Coast corridor,13,0,7.0,13.0,7.0,1,33.0,1.0880365478290537,False
2026-04-18,persian_gulf,Persian Gulf,124,1,20.0,92.0222861235006,15.047841097094725,19,1044.0,-1.2772559046865173,False
2026-04-18,black_sea,Black Sea,89,0,4.0,49.73110683049072,4.0,21,346.0,0.36941560593490785,False
2026-04-18,bosphorus,Turkish Straits (Bosphorus-Dardanelles),74,0,0.0,45.84345813720739,0.0,11,283.0,0.41859386066839716,False
2026-04-18,bab_el_mandeb,Bab-el-Mandeb,88,14,42.0,47.856222372310526,22.504488627947076,13,448.0,-0.6139573413063646,False
2026-04-18,hormuz,Strait of Hormuz,40,0,8.0,24.00791652434724,7.257044165093125,5,297.0,-1.0456501795332356,False
2026-04-18,eastern_med,Eastern Mediterranean,664,112,262.0,615.300182229598,248.53132696928287,40,4647.0,-1.695017021517196,False
2026-04-18,somali_basin,Somali Basin / Horn approaches,47,9,24.0,13.933815614769053,6.882400564474114,6,230.0,-0.27200000635792326,False
2026-04-18,gulf_of_oman,Gulf of Oman,21,2,8.0,7.1087055795785785,3.006105903813132,3,204.0,-1.3680883083172413,False
2026-04-25,bosphorus,Turkish Straits (Bosphorus-Dardanelles),69,0,0.0,50.14793485957657,0.0,17,301.0,0.06734701891718788,False
2026-04-25,hormuz,Strait of Hormuz,33,0,0.0,16.264960689440365,0.0,4,189.0,-1.4437152086132494,False
2026-04-25,arabian_sea,Arabian Sea (open),4,0,1.0,2.8445003396404545,0.7111250849101136,1,30.0,-0.9341338336404729,False
2026-04-25,eastern_med,Eastern Mediterranean,817,178,491.0,775.1719356949036,476.33541091876737,43,4097.0,-1.5222854778304227,False
2026-04-25,black_sea,Black Sea,96,0,6.0,66.80769154671287,6.0,32,385.0,0.5644559909933937,False
2026-04-25,somali_basin,Somali Basin / Horn approaches,39,22,16.0,14.43453701619243,5.174016246329387,7,220.0,-0.7717964030848369,False
2026-04-25,india_west_coast,India West Coast corridor,4,0,1.0,4.0,1.0,1,28.0,-0.8461141122266492,False
2026-04-25,southern_red_sea,Southern Red Sea,80,32,33.0,50.32578427584229,16.134955783949273,16,495.0,-1.2028460720696086,False
2026-04-25,gulf_of_aden,Gulf of Aden,106,40,44.0,81.39974744686513,32.81567260801476,21,586.0,-0.9604189974449392,False
2026-04-25,suez_canal,Suez Canal & Gulf of Suez,687,152,451.0,294.59156343128365,175.09076625466838,12,3453.0,-1.4312999883150965,False
2026-04-25,persian_gulf,Persian Gulf,98,0,7.0,71.56984198148338,4.351936318066031,17,688.0,-1.6078884600255048,False
2026-04-25,bab_el_mandeb,Bab-el-Mandeb,74,29,27.0,38.612254124506116,14.853932782528872,13,415.0,-1.1149957907467176,False
2026-04-25,gulf_of_oman,Gulf of Oman,17,6,4.0,5.1265836894629295,1.0747808419760823,2,129.0,-1.6337627082619581,False
2026-05-02,gulf_of_oman,Gulf of Oman,39,11,19.0,13.927270097791954,7.791413463732568,4,96.0,-0.5761699518543164,False
2026-05-02,eastern_med,Eastern Mediterranean,941,158,594.0,896.5196386508793,581.9375021272082,38,3693.0,-0.767032713148878,False
2026-05-02,suez_canal,Suez Canal & Gulf of Suez,808,144,546.0,335.9156642702224,192.58335313646657,12,3124.0,-0.7034182597261533,False
2026-05-02,black_sea,Black Sea,46,0,4.0,27.69926657777685,4.0,17,352.0,-1.6887602893793625,False
2026-05-02,bab_el_mandeb,Bab-el-Mandeb,70,31,29.0,39.57050983688693,17.730478586792994,12,343.0,-1.051544954403688,False
2026-05-02,hormuz,Strait of Hormuz,53,9,20.0,35.88870616298202,16.743597461026287,6,145.0,-0.7287376367573483,False
2026-05-02,somali_basin,Somali Basin / Horn approaches,40,27,20.0,13.350930195821144,5.965031277823458,7,175.0,-0.5340912921728126,False
2026-05-02,persian_gulf,Persian Gulf,116,9,26.0,91.02890227463249,23.09072748533807,18,435.0,-1.1237364099248273,False
2026-05-02,southern_red_sea,Southern Red Sea,100,33,30.0,70.32871422348839,18.86397529060354,15,413.0,-0.48637647140823687,False
2026-05-02,bosphorus,Turkish Straits (Bosphorus-Dardanelles),40,0,0.0,24.43046792083947,0.0,14,283.0,-1.36847235503662,False
2026-05-02,arabian_sea,Arabian Sea (open),19,1,16.0,12.493686644476467,10.360311389746126,2,37.0,1.9132722979046541,False
2026-05-02,india_west_coast,India West Coast corridor,17,0,14.0,17.0,14.0,1,35.0,2.2047927592204917,True
2026-05-02,gulf_of_aden,Gulf of Aden,124,34,38.0,82.32066214626634,33.62620013511061,20,488.0,-0.3340645956381645,False
2026-05-09,bosphorus,Turkish Straits (Bosphorus-Dardanelles),43,0,0.0,24.793663123151585,0.0,9,226.0,-0.9013673539417917,False
2026-05-09,somali_basin,Somali Basin / Horn approaches,46,9,24.0,15.003232312342082,7.013669932600528,6,172.0,-0.10349259375567937,False
2026-05-09,bab_el_mandeb,Bab-el-Mandeb,83,19,29.0,48.28160866640909,18.390045567767302,13,315.0,-0.3576646146995631,False
2026-05-09,gulf_of_aden,Gulf of Aden,106,23,42.0,80.61525237808512,35.23630857390361,19,449.0,-0.6959355943926117,False
2026-05-09,black_sea,Black Sea,56,0,2.0,32.15044824092176,2.0,17,287.0,-0.8423652202069094,False
2026-05-09,gulf_of_oman,Gulf of Oman,18,2,6.0,5.845448493589132,2.1639345131535017,3,95.0,-1.0880868272386988,False
2026-05-09,arabian_sea,Arabian Sea (open),4,0,2.0,2.8445003396404545,1.4222501698202272,1,40.0,-0.7679815539184746,False
2026-05-09,hormuz,Strait of Hormuz,30,0,3.0,14.687165515161597,1.5420568132058654,5,156.0,-0.9982105732057468,False
2026-05-09,suez_canal,Suez Canal & Gulf of Suez,848,150,560.0,358.2482759733706,196.5622933346247,12,2882.0,-0.38195597738829296,False
2026-05-09,india_west_coast,India West Coast corridor,4,0,2.0,4.0,2.0,1,38.0,-0.6527634898733526,False
2026-05-09,southern_red_sea,Southern Red Sea,94,20,34.0,61.62795674565514,17.28728108216655,16,374.0,-0.5281266682804812,False
2026-05-09,persian_gulf,Persian Gulf,131,1,10.0,105.14409526461424,7.811893149257909,19,469.0,-0.7908871754367601,False
2026-05-09,eastern_med,Eastern Mediterranean,962,175,601.0,920.9598273006891,588.0264789803224,38,3384.0,-0.5126274447908715,False
2026-05-16,black_sea,Black Sea,75,0,5.0,44.982211235991194,5.0,25,273.0,-0.06033884900318436,False
2026-05-16,hormuz,Strait of Hormuz,24,0,6.0,15.847684420990705,4.046158476615771,4,140.0,-0.9247678696294028,False
2026-05-16,eastern_med,Eastern Mediterranean,936,153,561.0,891.1618615442181,553.2537937530751,42,3656.0,-0.5346380875756419,False
2026-05-16,gulf_of_oman,Gulf of Oman,18,3,5.0,5.496872556514147,1.4958665373058975,2,92.0,-0.8474754929936489,False
2026-05-16,bab_el_mandeb,Bab-el-Mandeb,154,11,29.0,78.73845534763745,16.086744004621437,14,381.0,2.438141958408807,True
2026-05-16,southern_red_sea,Southern Red Sea,188,18,34.0,136.2716313690242,19.472456612287175,17,462.0,2.198766121757952,True
2026-05-16,suez_canal,Suez Canal & Gulf of Suez,817,137,535.0,356.574517317051,200.49228605029398,13,3160.0,-0.449160072172484,False
2026-05-16,gulf_of_aden,Gulf of Aden,206,24,40.0,148.91265922577628,32.07150179475751,21,542.0,1.765042971359376,False
2026-05-16,persian_gulf,Persian Gulf,106,8,18.0,73.57968161145185,11.541123899656409,19,451.0,-0.7608594226285605,False
2026-05-16,india_west_coast,India West Coast corridor,1,0,0.0,1.0,0.0,1,26.0,-1.1929815504581962,False
2026-05-16,bosphorus,Turkish Straits (Bosphorus-Dardanelles),56,0,0.0,37.07530063055979,0.0,11,208.0,-0.2620769608553182,False
2026-05-16,arabian_sea,Arabian Sea (open),1,0,0.0,0.7111250849101136,0.0,1,28.0,-1.164131684247481,False
2026-05-16,somali_basin,Somali Basin / Horn approaches,63,3,19.0,18.204965622037307,5.677794510642315,7,188.0,0.8764121241016352,False
2026-05-23,gulf_of_aden,Gulf of Aden,56,15,29.0,43.763170350803904,24.268812098510832,19,492.0,-2.0233220972062305,False
2026-05-23,bab_el_mandeb,Bab-el-Mandeb,43,11,23.0,23.576466256487237,12.580838494544,13,350.0,-1.9517503340526927,False
2026-05-23,india_west_coast,India West Coast corridor,4,0,4.0,4.0,4.0,1,26.0,-0.5789597825821833,False
2026-05-23,suez_canal,Suez Canal & Gulf of Suez,897,235,660.0,361.53918108538073,230.07271053249505,12,3370.0,0.03379915685063006,False
2026-05-23,black_sea,Black Sea,39,0,7.0,29.002631262058628,7.0,14,216.0,-1.5574328481140272,False
2026-05-23,persian_gulf,Persian Gulf,84,6,13.0,66.3062563362805,9.275856928514076,18,437.0,-0.7296784214055136,False
2026-05-23,hormuz,Strait of Hormuz,37,3,4.0,25.154887191379196,4.0,3,144.0,-0.41291158461946753,False
2026-05-23,eastern_med,Eastern Mediterranean,1005,283,713.0,976.37992917077,702.437660782701,36,3844.0,-0.1267258465787941,False
2026-05-23,somali_basin,Somali Basin / Horn approaches,24,9,16.0,7.109980841680578,4.88316421257066,6,173.0,-1.867686590444126,False
2026-05-23,gulf_of_oman,Gulf of Oman,35,9,9.0,10.52186258941988,2.621444207560578,2,110.0,-0.06856487224404961,False
2026-05-23,southern_red_sea,Southern Red Sea,48,15,23.0,32.79420664236603,14.848586833968614,16,430.0,-1.9157735851818196,False
2026-05-23,arabian_sea,Arabian Sea (open),4,0,4.0,2.8445003396404545,2.8445003396404545,1,28.0,-0.6151246852292455,False
2026-05-23,bosphorus,Turkish Straits (Bosphorus-Dardanelles),28,0,0.0,20.733088547627876,0.0,9,167.0,-1.714722197050234,False
2026-05-30,suez_canal,Suez Canal & Gulf of Suez,1028,229,739.0,409.3034474640852,246.86206265254992,12,3590.0,0.8945819246025642,False
2026-05-30,eastern_med,Eastern Mediterranean,1156,262,789.0,1112.6990321365602,775.0265794956156,33,4059.0,0.7332989128728902,False
2026-05-30,arabian_sea,Arabian Sea (open),7,0,6.0,5.266750509460682,4.555625424550568,2,16.0,-0.03796729712188307,False
2026-05-30,black_sea,Black Sea,45,0,6.0,29.36221768912609,6.0,15,215.0,-1.098245847745798,False
2026-05-30,bosphorus,Turkish Straits (Bosphorus-Dardanelles),29,0,0.0,16.905396490798484,0.0,7,156.0,-1.302275505492172,False
2026-05-30,southern_red_sea,Southern Red Sea,37,10,26.0,22.460647390525367,15.173017063517177,13,367.0,-1.6076136752469954,False
2026-05-30,somali_basin,Somali Basin / Horn approaches,25,6,18.0,7.524179134450019,5.040514987616526,6,158.0,-1.327786090854619,False
2026-05-30,gulf_of_aden,Gulf of Aden,44,10,28.0,37.31583537563779,24.398129292616364,16,412.0,-1.6475703123323349,False
2026-05-30,bab_el_mandeb,Bab-el-Mandeb,35,9,24.0,22.189622502983568,15.514120000757767,12,315.0,-1.6115892058994683,False
2026-05-30,gulf_of_oman,Gulf of Oman,28,13,17.0,9.067519935796128,5.705497994133115,3,99.0,-0.09864761970925505,False
2026-05-30,india_west_coast,India West Coast corridor,6,0,5.0,6.0,5.0,1,15.0,-0.12716301039020336,False
2026-05-30,persian_gulf,Persian Gulf,76,8,28.0,60.13947469678329,22.95694509950931,18,397.0,-0.690837179150907,False
2026-05-30,hormuz,Strait of Hormuz,19,0,10.0,16.645549768178924,8.452212447178317,3,110.0,-0.9180098978610872,False
2026-06-06,somali_basin,Somali Basin / Horn approaches,65,23,22.0,26.709152713811527,7.288355302324758,6,177.0,1.819052377435718,False
2026-06-06,gulf_of_aden,Gulf of Aden,135,41,44.0,103.95567946282296,36.08236347604906,20,441.0,0.44494365973142613,False
2026-06-06,suez_canal,Suez Canal & Gulf of Suez,953,212,665.0,394.76212718906976,236.4002335919235,15,3695.0,0.6464805127905728,False
2026-06-06,southern_red_sea,Southern Red Sea,105,38,36.0,63.881872139975904,22.948026849843238,17,378.0,0.157405899399831,False
2026-06-06,india_west_coast,India West Coast corridor,9,3,9.0,9.0,9.0,1,20.0,0.47819630515458694,False
2026-06-06,hormuz,Strait of Hormuz,36,1,23.0,26.638582072469884,19.83705612809495,4,116.0,0.35655961143171505,False
2026-06-06,eastern_med,Eastern Mediterranean,1093,241,726.0,1052.9788965452356,712.9808362161617,39,4190.0,0.6621056096906582,False
2026-06-06,bosphorus,Turkish Straits (Bosphorus-Dardanelles),28,0,0.0,21.29198470168733,0.0,7,141.0,-1.0772337286293454,False
2026-06-06,bab_el_mandeb,Bab-el-Mandeb,101,38,37.0,56.179121219819216,19.907721710911325,13,333.0,0.49609077324897405,False
2026-06-06,arabian_sea,Arabian Sea (open),9,3,9.0,6.4001257641910225,6.4001257641910225,1,21.0,0.37695360071767064,False
2026-06-06,persian_gulf,Persian Gulf,113,3,49.0,90.62153976027895,45.32087637933314,21,379.0,0.47191342223258204,False
2026-06-06,gulf_of_oman,Gulf of Oman,32,6,22.0,10.318337036405795,7.377400790072599,3,113.0,0.8882119811073242,False
2026-06-06,black_sea,Black Sea,39,0,7.0,29.04353626064281,7.0,13,198.0,-1.0873914409670087,False
2026-06-13,eastern_med,Eastern Mediterranean,882,172,467.0,831.8710376640288,454.5092545378967,36,4136.0,-0.4208102039744425,False
2026-06-13,gulf_of_oman,Gulf of Oman,31,5,10.0,9.59247037140439,3.289512183408182,3,126.0,0.5779009133483466,False
2026-06-13,bosphorus,Turkish Straits (Bosphorus-Dardanelles),47,0,0.0,30.198714592691303,0.0,11,132.0,0.06082191882274193,False
2026-06-13,arabian_sea,Arabian Sea (open),3,0,3.0,2.133375254730341,2.133375254730341,1,23.0,-0.7835687654897643,False
2026-06-13,somali_basin,Somali Basin / Horn approaches,60,16,21.0,18.257627890692017,6.159542832211648,6,174.0,1.0777708860293371,False
2026-06-13,black_sea,Black Sea,60,0,7.0,38.56143379601423,7.0,16,183.0,-0.02726657286843213,False
2026-06-13,persian_gulf,Persian Gulf,56,1,3.0,41.99854533199426,2.6199096274742466,15,329.0,-2.6217412346254556,False
2026-06-13,gulf_of_aden,Gulf of Aden,156,35,39.0,112.0881554083097,31.32668317317503,20,391.0,0.8991845220055077,False
2026-06-13,bab_el_mandeb,Bab-el-Mandeb,116,20,29.0,66.14318890549609,17.801988883099764,13,295.0,0.9494697736818203,False
2026-06-13,india_west_coast,India West Coast corridor,3,0,3.0,3.0,3.0,1,22.0,-0.7882350514373845,False
2026-06-13,suez_canal,Suez Canal & Gulf of Suez,710,132,419.0,319.0720260553935,156.88267828483447,13,3588.0,-0.7315721278676136,False
2026-06-13,hormuz,Strait of Hormuz,21,1,3.0,16.3511444582812,2.257044165093125,4,113.0,-1.2542481006054307,False
2026-06-13,southern_red_sea,Southern Red Sea,143,25,31.0,98.49459188522995,17.95950887998946,16,333.0,1.0732909171025133,False
2026-06-20,hormuz,Strait of Hormuz,10,1,4.0,6.094100293188076,3.257044165093125,4,86.0,-1.9742302819407471,False
2026-06-20,persian_gulf,Persian Gulf,51,4,8.0,37.26660313098198,6.2983799503896485,16,296.0,-1.911138227424777,False
2026-06-20,india_west_coast,India West Coast corridor,3,0,0.0,3.0,0.0,1,21.0,-0.598293026413099,False
2026-06-20,arabian_sea,Arabian Sea (open),3,0,0.0,2.133375254730341,0.0,1,22.0,-0.5967878843395468,False
2026-06-20,eastern_med,Eastern Mediterranean,564,110,217.0,524.2390846300192,202.74925052329817,34,3695.0,-3.7419690450031413,False
2026-06-20,black_sea,Black Sea,59,1,9.0,41.86692023622233,8.444849571973016,12,203.0,0.10057637364916246,False
2026-06-20,gulf_of_oman,Gulf of Oman,7,1,4.0,2.635817036761915,1.728137748722657,3,98.0,-2.368924549043627,False
2026-06-20,bosphorus,Turkish Straits (Bosphorus-Dardanelles),47,0,1.0,31.386871819777035,0.26896102971462843,7,151.0,0.30598391441130807,False
2026-06-20,somali_basin,Somali Basin / Horn approaches,44,26,21.0,13.340529943788278,5.449193946033897,6,194.0,-0.07685943273766739,False
2026-06-20,suez_canal,Suez Canal & Gulf of Suez,457,94,178.0,259.37277473476536,100.70535671027856,12,3148.0,-3.3497613120535243,False
2026-06-20,southern_red_sea,Southern Red Sea,80,34,23.0,53.16152853058059,13.79997948217666,12,365.0,-0.3963896212792387,False
2026-06-20,bab_el_mandeb,Bab-el-Mandeb,57,35,25.0,37.483379029348676,15.735531583459515,11,309.0,-0.707023312286866,False
2026-06-20,gulf_of_aden,Gulf of Aden,94,36,27.0,66.20624437700454,24.530183140925036,15,429.0,-0.43306605308781204,False
2026-06-27,southern_red_sea,Southern Red Sea,105,27,36.0,65.4611658429442,21.23909606299732,17,433.0,0.11508085779074671,False
2026-06-27,black_sea,Black Sea,49,0,0.0,33.04666957825718,0.0,16,207.0,-0.27172903950623367,False
2026-06-27,bab_el_mandeb,Bab-el-Mandeb,83,9,24.0,47.5812297701915,15.316671269205202,14,357.0,0.015625087193810214,False
2026-06-27,india_west_coast,India West Coast corridor,2,0,2.0,2.0,2.0,1,17.0,-0.7623097154572938,False
2026-06-27,persian_gulf,Persian Gulf,68,3,14.0,52.32896135754856,12.948643058452326,16,288.0,-0.8049458813152786,False
2026-06-27,hormuz,Strait of Hormuz,13,1,7.0,9.030393449095559,6.257044165093125,3,80.0,-1.183603695817787,False
2026-06-27,somali_basin,Somali Basin / Horn approaches,48,5,20.0,15.235919576503111,5.9294293324473255,6,217.0,0.1321185254080129,False
2026-06-27,bosphorus,Turkish Straits (Bosphorus-Dardanelles),40,0,0.0,29.483752590528482,0.0,10,162.0,0.02381338116456055,False
2026-06-27,arabian_sea,Arabian Sea (open),2,0,2.0,1.4222501698202272,1.4222501698202272,1,17.0,-0.7422438453270771,False
2026-06-27,gulf_of_oman,Gulf of Oman,16,6,13.0,4.705497994133115,3.7978187060938566,2,86.0,-0.9330845439557721,False
2026-06-27,eastern_med,Eastern Mediterranean,545,90,206.0,511.6076938449514,194.2393033332484,33,3084.0,-2.2441210149649526,False
2026-06-27,gulf_of_aden,Gulf of Aden,117,29,38.0,88.33663892785704,27.689842394715768,21,502.0,0.035536871540848995,False
2026-06-27,suez_canal,Suez Canal & Gulf of Suez,454,51,170.0,266.9085598007372,108.57655825781197,12,2574.0,-2.0755516452914673,False
