cell_id,cell_lat,cell_lon,corridor,detections,dark,expected,sdr,dark_rate,solas_dark_rate,q_value,is_dark_spot,area_type,persistence,days_observed
26.0_55.5,26.0,55.5,Strait of Hormuz,38,31,5.540925594452554,5.5947331310560235,0.8157894736842105,0.8333333333333334,1.999627367383972e-18,True,Behavioural dark spot (selective switch-off),0.6666666666666666,3
25.5_54.5,25.5,54.5,Strait of Hormuz,136,128,26.177297394616584,4.889733194012742,0.9411764705882353,0.9487179487179487,2.2593828740925866e-78,True,Behavioural dark spot (selective switch-off),0.6666666666666666,3
25.5_55.0,25.5,55.0,Strait of Hormuz,196,183,37.48968789175581,4.881342318142977,0.9336734693877551,0.94,1.5716239590680785e-110,True,Behavioural dark spot (selective switch-off),1.0,2
26.5_56.0,26.5,56.0,Strait of Hormuz,115,97,21.140924781211687,4.588257183820342,0.8434782608695652,0.8350515463917526,5.922406004988354e-51,True,Behavioural dark spot (selective switch-off),1.0,3
44.0_37.5,44.0,37.5,Black Sea,144,113,24.636755600633602,4.586642893721521,0.7847222222222222,0.775,3.1960096987783165e-56,True,Behavioural dark spot (selective switch-off),0.8,5
35.5_139.5,35.5,139.5,Open ocean / other,73,73,16.057992296795003,4.546022855831733,1.0,1.0,8.509581879629969e-47,True,AIS dead zone (reception / feed gap),1.0,1
-7.0_110.0,-7.0,110.0,Open ocean / other,28,28,6.282451638572464,4.456858820541964,1.0,1.0,2.3241681057379813e-17,True,AIS dead zone (reception / feed gap),1.0,1
25.0_56.5,25.0,56.5,Strait of Hormuz,226,174,39.69965876593718,4.3829092090155255,0.7699115044247787,0.776595744680851,2.4757483030876556e-82,True,Behavioural dark spot (selective switch-off),0.6666666666666666,3
35.0_139.5,35.0,139.5,Open ocean / other,81,81,19.08120820468263,4.245014211423057,1.0,1.0,1.3079575197226987e-49,True,AIS dead zone (reception / feed gap),1.0,1
19.0_105.5,19.0,105.5,South China Sea,30,30,7.233056444763938,4.147624206875534,1.0,1.0,1.0840699529551567e-17,True,AIS dead zone (reception / feed gap),1.0,1
27.5_52.0,27.5,52.0,Persian Gulf,39,37,8.936279862140122,4.140425386267948,0.9487179487179487,0.9629629629629629,3.760112459515033e-20,True,Behavioural dark spot (selective switch-off),1.0,4
25.0_54.5,25.0,54.5,Strait of Hormuz,107,98,23.78709851436376,4.119880360390446,0.9158878504672897,0.9733333333333334,4.43621384003409e-51,True,Behavioural dark spot (selective switch-off),1.0,2
25.0_56.0,25.0,56.0,Strait of Hormuz,231,208,50.87926643718601,4.088109254813853,0.9004329004329005,0.9101796407185628,1.0755647640986794e-105,True,Behavioural dark spot (selective switch-off),1.0,3
44.5_37.5,44.5,37.5,Black Sea,74,56,13.78430996749983,4.062590012270101,0.7567567567567568,0.7903225806451613,1.3368945880869132e-24,True,Behavioural dark spot (selective switch-off),0.8,5
44.5_36.5,44.5,36.5,Black Sea,127,99,28.66877209003487,3.453234749262663,0.7795275590551181,0.7764705882352941,6.721936049489338e-38,True,Behavioural dark spot (selective switch-off),0.6666666666666666,3
44.0_37.0,44.0,37.0,Black Sea,92,55,16.32884859146726,3.368271785479142,0.5978260869565217,0.6,1.088756215532729e-17,True,Behavioural dark spot (selective switch-off),0.8,5
25.5_55.5,25.5,55.5,Strait of Hormuz,34,30,9.056389351190159,3.312578427964507,0.8823529411764706,0.9090909090909091,1.8471363887137895e-12,True,Behavioural dark spot (selective switch-off),0.6666666666666666,3
45.5_36.5,45.5,36.5,Black Sea,121,98,30.140962842869147,3.2513891646691433,0.8099173553719008,0.7857142857142857,2.243369866489875e-36,True,Behavioural dark spot (selective switch-off),1.0,4
27.0_56.0,27.0,56.0,Strait of Hormuz,230,165,50.80106140118666,3.2479636340067843,0.717391304347826,0.7718120805369127,1.3855286115332682e-55,True,Behavioural dark spot (selective switch-off),1.0,3
25.5_56.5,25.5,56.5,Strait of Hormuz,130,74,23.118139691111416,3.2009496001294564,0.5692307692307692,0.5663716814159292,7.758413002780244e-22,True,Behavioural dark spot (selective switch-off),0.6666666666666666,3
45.0_36.5,45.0,36.5,Black Sea,197,172,54.086559493094875,3.1800876523114563,0.8730964467005076,0.8495575221238938,5.0250915560706995e-67,True,Behavioural dark spot (selective switch-off),1.0,4
25.0_51.5,25.0,51.5,Persian Gulf,66,42,13.312684861665169,3.1548857677043056,0.6363636363636364,0.5833333333333334,5.05756950002997e-13,True,Behavioural dark spot (selective switch-off),0.4,5
26.5_54.5,26.5,54.5,Strait of Hormuz,95,89,28.34382320433786,3.1400139408990904,0.9368421052631579,0.9166666666666666,1.3173616986413366e-37,True,Behavioural dark spot (selective switch-off),1.0,2
25.0_55.0,25.0,55.0,Strait of Hormuz,222,211,67.46450420667816,3.127570601476585,0.9504504504504504,0.9519230769230769,5.918946515291205e-91,True,"Elevated dark, unclassified",1.0,2
35.5_14.5,35.5,14.5,Open ocean / other,77,47,15.093059602950799,3.1140140724556056,0.6103896103896104,0.6,4.954529528224859e-14,True,Behavioural dark spot (selective switch-off),0.6666666666666666,3
5.5_96.5,5.5,96.5,Open ocean / other,28,22,7.105617188140001,3.096142026440749,0.7857142857142857,0.7391304347826086,8.118091505848618e-08,True,Behavioural dark spot (selective switch-off),0.5,2
25.0_53.5,25.0,53.5,Persian Gulf,56,39,12.607243262835338,3.0934597823591923,0.6964285714285714,0.6571428571428571,1.8471363887137895e-12,True,Behavioural dark spot (selective switch-off),0.75,4
25.5_52.0,25.5,52.0,Persian Gulf,44,29,9.541019196436348,3.039507562340064,0.6590909090909091,0.6666666666666666,6.0867855345581465e-09,True,Behavioural dark spot (selective switch-off),0.5,4
18.0_106.0,18.0,106.0,South China Sea,45,35,11.646668191513823,3.005151295157721,0.7777777777777778,0.6666666666666666,1.0233891528230907e-11,True,Behavioural dark spot (selective switch-off),0.6666666666666666,3
25.0_54.0,25.0,54.0,Persian Gulf,99,88,29.345786314814685,2.9987269400777583,0.8888888888888888,0.8771929824561403,5.727301067412062e-33,True,Behavioural dark spot (selective switch-off),1.0,5
36.0_22.0,36.0,22.0,Open ocean / other,29,18,6.1789283904307535,2.9131264942115895,0.6206896551724138,0.5263157894736842,1.929215495303341e-05,True,Behavioural dark spot (selective switch-off),0.6666666666666666,3
36.0_22.5,36.0,22.5,Open ocean / other,30,19,6.582366799206215,2.8864997317213104,0.6333333333333333,0.6086956521739131,1.0890813056897281e-05,True,Behavioural dark spot (selective switch-off),0.5,4
20.0_86.5,20.0,86.5,Bay of Bengal,52,52,18.14306605159913,2.8661087300300445,1.0,1.0,7.503278992603132e-23,True,AIS dead zone (reception / feed gap),1.0,2
20.5_87.0,20.5,87.0,Bay of Bengal,25,25,8.759996345129569,2.853882469243225,1.0,1.0,7.62267202254913e-11,True,AIS dead zone (reception / feed gap),1.0,2
46.5_38.0,46.5,38.0,Black Sea,81,46,16.225248005438623,2.83508763530647,0.5679012345679012,0.5862068965517241,7.85126257365693e-12,True,Behavioural dark spot (selective switch-off),0.4,5
29.0_50.0,29.0,50.0,Persian Gulf,27,20,7.069801252050536,2.8289338394341947,0.7407407407407407,1.0,2.746702542673848e-06,True,Behavioural dark spot (selective switch-off),1.0,2
-33.0_-72.0,-33.0,-72.0,Open ocean / other,26,19,6.833097277051321,2.7805838596518635,0.7307692307692307,0.6666666666666666,7.329339878863771e-06,True,Behavioural dark spot (selective switch-off),0.6666666666666666,3
25.5_53.0,25.5,53.0,Persian Gulf,45,27,9.870248808720694,2.7354933521173854,0.6,0.5714285714285714,4.791533046567017e-07,True,Behavioural dark spot (selective switch-off),0.3333333333333333,3
24.5_56.5,24.5,56.5,Gulf of Oman,193,105,39.318286772504905,2.670513102657006,0.5440414507772021,0.5433070866141733,1.1296567788135031e-23,True,Behavioural dark spot (selective switch-off),0.5,2
22.0_91.0,22.0,91.0,Bay of Bengal,71,71,26.727388832368813,2.6564510452294474,1.0,1.0,4.092745646285719e-29,True,AIS dead zone (reception / feed gap),1.0,2
6.0_95.5,6.0,95.5,Open ocean / other,32,17,6.673492336186359,2.547391851762407,0.53125,0.4642857142857143,0.00034890672281302044,True,Behavioural dark spot (selective switch-off),0.3333333333333333,3
-6.0_109.5,-6.0,109.5,Open ocean / other,32,23,9.030096155508012,2.547038215752651,0.71875,0.6,3.6368796896674626e-06,True,Behavioural dark spot (selective switch-off),1.0,4
11.5_-70.5,11.5,-70.5,Open ocean / other,42,17,6.743683472344347,2.52087751000125,0.40476190476190477,0.4722222222222222,0.0007843582644685507,True,Behavioural dark spot (selective switch-off),0.0,1
25.5_51.5,25.5,51.5,Persian Gulf,255,151,61.228198643991824,2.46618393720811,0.592156862745098,0.6293103448275862,3.0397044991717273e-31,True,Behavioural dark spot (selective switch-off),0.5,4
24.5_54.5,24.5,54.5,Persian Gulf,37,35,14.261388338727462,2.4541790160047654,0.9459459459459459,0.8888888888888888,1.6769423979283217e-11,True,Behavioural dark spot (selective switch-off),1.0,2
38.5_125.0,38.5,125.0,Open ocean / other,38,38,15.505933574418634,2.4506747573517025,1.0,1.0,4.18101397577593e-14,True,AIS dead zone (reception / feed gap),1.0,2
25.5_53.5,25.5,53.5,Persian Gulf,61,36,14.698225528346558,2.449275249625982,0.5901639344262295,0.52,9.044968237612972e-08,True,Behavioural dark spot (selective switch-off),0.5,4
36.0_23.0,36.0,23.0,Open ocean / other,32,15,6.134651556923883,2.445126648321245,0.46875,0.5652173913043478,0.0017723569998343792,True,Behavioural dark spot (selective switch-off),0.4,5
36.0_15.0,36.0,15.0,Open ocean / other,33,19,7.820435253317897,2.429532293862936,0.5757575757575758,0.5833333333333334,0.00020105274772400328,True,Behavioural dark spot (selective switch-off),0.5,4
54.0_18.5,54.0,18.5,Open ocean / other,48,27,11.13451266604926,2.4248928363364217,0.5625,0.53125,7.327041795926455e-06,True,Behavioural dark spot (selective switch-off),0.6,5
24.5_54.0,24.5,54.0,Persian Gulf,197,165,68.59504527308248,2.4054215482054357,0.8375634517766497,0.803921568627451,1.7708098939352352e-43,True,Behavioural dark spot (selective switch-off),0.8,5
5.5_97.0,5.5,97.0,Open ocean / other,35,19,7.986752253673996,2.378939448291987,0.5428571428571428,0.4642857142857143,0.00033347245011346264,True,Behavioural dark spot (selective switch-off),0.3333333333333333,3
-4.0_106.0,-4.0,106.0,Open ocean / other,38,33,13.91338814080745,2.37181624389621,0.868421052631579,0.5555555555555556,3.6209036824523234e-09,True,Behavioural dark spot (selective switch-off),1.0,2
-1.5_104.5,-1.5,104.5,Open ocean / other,26,23,10.087559420020906,2.2800361358319843,0.8846153846153846,0.6666666666666666,2.2925927111696092e-06,True,Behavioural dark spot (selective switch-off),1.0,2
-3.5_106.0,-3.5,106.0,Open ocean / other,37,29,12.83778407636892,2.258956828334696,0.7837837837837838,0.8333333333333334,8.053419960670154e-07,True,Behavioural dark spot (selective switch-off),1.0,2
24.5_57.0,24.5,57.0,Gulf of Oman,45,32,14.203782744504382,2.2529209701113735,0.7111111111111111,0.5454545454545454,7.126910358830297e-07,True,Behavioural dark spot (selective switch-off),0.5,2
-6.0_119.5,-6.0,119.5,Open ocean / other,53,36,16.018869876925585,2.247349549412114,0.6792452830188679,0.23076923076923078,2.2237870323015205e-07,True,"Elevated dark, unclassified",0.8,5
-2.5_116.5,-2.5,116.5,Open ocean / other,33,27,12.132459593951413,2.2254349821581716,0.8181818181818182,0.75,1.5939070824414765e-06,True,Behavioural dark spot (selective switch-off),1.0,3
25.0_121.0,25.0,121.0,Taiwan Strait,30,22,10.246728176962161,2.1470267991945815,0.7333333333333333,0.6428571428571429,9.702597647198656e-05,True,Behavioural dark spot (selective switch-off),1.0,2
24.0_120.0,24.0,120.0,Taiwan Strait,50,30,14.007121856873228,2.1417676169697306,0.6,0.48148148148148145,1.8645087939043405e-05,True,Behavioural dark spot (selective switch-off),0.6666666666666666,3
24.0_58.0,24.0,58.0,Gulf of Oman,25,13,6.13419459698195,2.1192676225817904,0.52,0.42105263157894735,0.01215163086514924,True,Behavioural dark spot (selective switch-off),0.6,5
26.5_53.0,26.5,53.0,Persian Gulf,32,24,11.463970117200017,2.0935155757246346,0.75,0.6666666666666666,5.4574577443067364e-05,True,Behavioural dark spot (selective switch-off),0.6666666666666666,3
17.0_107.5,17.0,107.5,South China Sea,55,55,26.379452046759653,2.084956120487574,1.0,1.0,9.135173735800066e-17,True,AIS dead zone (reception / feed gap),1.0,3
16.0_96.0,16.0,96.0,Open ocean / other,36,29,14.1489730886778,2.0496187121315677,0.8055555555555556,0.75,4.721547699796005e-06,True,Behavioural dark spot (selective switch-off),1.0,3
34.5_10.5,34.5,10.5,Open ocean / other,74,61,29.82707740150785,2.0451215913268213,0.8243243243243243,0.6896551724137931,2.7813834582724544e-12,True,Behavioural dark spot (selective switch-off),0.6666666666666666,6
5.5_80.5,5.5,80.5,Dondra Head / Sri Lanka corridor,49,17,8.35097293068908,2.0356909477608913,0.3469387755102041,0.3333333333333333,0.009659818410573867,True,"Elevated dark, unclassified",0.5,2
-5.0_122.0,-5.0,122.0,Open ocean / other,40,34,16.745145877929797,2.0304391641527713,0.85,0.5,2.9588491817532224e-07,True,Behavioural dark spot (selective switch-off),1.0,3
-6.0_120.0,-6.0,120.0,Open ocean / other,27,17,8.3863029549449,2.027114938648397,0.6296296296296297,0.2857142857142857,0.003027169920813535,True,"Elevated dark, unclassified",0.75,4
25.0_52.5,25.0,52.5,Persian Gulf,42,23,11.412478363516797,2.0153378843219523,0.5476190476190477,0.4,0.000833237671471306,True,Behavioural dark spot (selective switch-off),0.3333333333333333,3
9.5_102.0,9.5,102.0,Open ocean / other,30,27,13.431231772229246,2.0102400478134763,0.9,0.25,2.7864685583619016e-06,True,"Elevated dark, unclassified",1.0,3
20.5_87.5,20.5,87.5,Bay of Bengal,49,41,20.490045320009827,2.0009716601241925,0.8367346938775511,0.6666666666666666,3.118205981917217e-08,True,Behavioural dark spot (selective switch-off),0.5,4
17.0_108.0,17.0,108.0,South China Sea,34,32,16.15090970774961,1.9813125439395902,0.9411764705882353,0.8,1.0078277500145465e-07,True,Behavioural dark spot (selective switch-off),1.0,3
-4.5_116.0,-4.5,116.0,Open ocean / other,40,21,10.939838683988592,1.9195895484944703,0.525,0.2727272727272727,0.003148323361901563,True,"Elevated dark, unclassified",0.6666666666666666,3
-1.0_117.0,-1.0,117.0,Open ocean / other,40,23,12.001267247447574,1.9164642804610184,0.575,0.7777777777777778,0.001439111173447019,True,Behavioural dark spot (selective switch-off),1.0,2
29.0_49.0,29.0,49.0,Persian Gulf,58,25,13.154144047013396,1.9005417540395693,0.43103448275862066,0.48717948717948717,0.002178005403770025,True,Behavioural dark spot (selective switch-off),0.25,4
53.5_1.5,53.5,1.5,Open ocean / other,78,74,39.005305601271466,1.8971778033598536,0.9487179487179487,0.3333333333333333,1.581941189670558e-16,True,"Elevated dark, unclassified",0.8,5
23.5_58.0,23.5,58.0,Gulf of Oman,41,29,15.424541259325496,1.8801207447558248,0.7073170731707317,0.45,0.00011970179132309475,True,Behavioural dark spot (selective switch-off),1.0,5
36.5_5.0,36.5,5.0,Open ocean / other,32,15,8.001894001306207,1.874556198513932,0.46875,0.38461538461538464,0.02433190452280818,True,Behavioural dark spot (selective switch-off),0.3333333333333333,3
22.5_91.5,22.5,91.5,Open ocean / other,40,40,21.39825141823287,1.8693116188884986,1.0,1.0,2.4294118451028234e-10,True,"Blackout, cause unresolved",1.0,3
35.0_35.5,35.0,35.5,Eastern Mediterranean,40,14,7.505962362611065,1.865183879649762,0.35,0.3333333333333333,0.04440595623958621,True,"Elevated dark, unclassified",0.3333333333333333,6
35.5_134.0,35.5,134.0,Open ocean / other,31,30,16.138498360135888,1.8589090094096832,0.967741935483871,0.5,5.737682905840157e-07,True,"Elevated dark, unclassified",1.0,3
32.5_34.5,32.5,34.5,Eastern Mediterranean,32,14,7.538094015527218,1.8572334029215254,0.4375,0.2777777777777778,0.03725287373308741,True,"Elevated dark, unclassified",0.6666666666666666,3
17.5_106.5,17.5,106.5,South China Sea,63,57,30.862108315849365,1.8469250194008104,0.9047619047619048,0.7857142857142857,5.412918659022845e-11,True,Behavioural dark spot (selective switch-off),0.75,4
-4.0_116.0,-4.0,116.0,Open ocean / other,32,22,11.92845418356916,1.8443295050169939,0.6875,0.42857142857142855,0.0015559951669661442,True,Behavioural dark spot (selective switch-off),1.0,3
28.0_-15.5,28.0,-15.5,Open ocean / other,56,21,11.388887850371146,1.8439026071641966,0.375,0.37209302325581395,0.010073838149217166,True,Behavioural dark spot (selective switch-off),0.5,4
17.0_107.0,17.0,107.0,South China Sea,52,48,26.072743760584668,1.8410030198879086,0.9230769230769231,0.8333333333333334,1.2176640180126721e-09,True,Behavioural dark spot (selective switch-off),1.0,4
26.0_50.5,26.0,50.5,Persian Gulf,49,36,19.58566024412365,1.8380794699428733,0.7346938775510204,0.5,1.679237075597265e-05,True,Behavioural dark spot (selective switch-off),1.0,2
26.0_52.0,26.0,52.0,Persian Gulf,25,15,8.167099212349724,1.8366374167853912,0.6,0.8,0.018688879839854382,True,Behavioural dark spot (selective switch-off),0.8,5
27.5_51.5,27.5,51.5,Persian Gulf,47,30,16.41792831567773,1.8272707386200817,0.6382978723404256,0.6666666666666666,0.00031873115419341893,True,Behavioural dark spot (selective switch-off),0.75,4
29.5_49.0,29.5,49.0,Persian Gulf,34,20,11.034706351946413,1.8124632737936155,0.5882352941176471,0.5238095238095238,0.006285982870027652,True,Behavioural dark spot (selective switch-off),0.75,4
24.0_54.0,24.0,54.0,Persian Gulf,48,32,17.80566433303679,1.7971809083599823,0.6666666666666666,0.6666666666666666,0.00020105274772400328,True,Behavioural dark spot (selective switch-off),0.8,5
24.0_52.5,24.0,52.5,Persian Gulf,39,25,13.929142403106948,1.794798220630127,0.6410256410256411,0.5384615384615384,0.0014988561817609674,True,Behavioural dark spot (selective switch-off),0.6666666666666666,3
-6.5_105.5,-6.5,105.5,Sunda Strait,26,10,5.571711126981268,1.7947807723868776,0.38461538461538464,0.26666666666666666,0.12767022037578313,False,Normal,0.3333333333333333,3
17.5_108.0,17.5,108.0,South China Sea,70,68,37.999367456025496,1.7895034720957534,0.9714285714285714,1.0,1.2957456706600738e-14,True,"Blackout, cause unresolved",1.0,3
-4.0_122.0,-4.0,122.0,Open ocean / other,29,22,12.29624049360772,1.7891647460406166,0.7586206896551724,0.5,0.001395532357177406,True,Behavioural dark spot (selective switch-off),1.0,2
41.0_37.0,41.0,37.0,Black Sea,31,28,15.699080602761345,1.7835439353738345,0.9032258064516129,0.6,2.5017199724693596e-05,True,Behavioural dark spot (selective switch-off),1.0,4
5.0_100.0,5.0,100.0,Strait of Malacca,37,27,15.373637015668743,1.7562532517504945,0.7297297297297297,0.5333333333333333,0.0006359188914981102,True,Behavioural dark spot (selective switch-off),0.5,2
38.5_124.0,38.5,124.0,Open ocean / other,69,69,39.38998059374234,1.751714495918326,1.0,,4.850082074595535e-16,True,"Blackout, cause unresolved",1.0,2
10.0_104.0,10.0,104.0,Open ocean / other,66,64,37.1065501017888,1.7247628740596594,0.9696969696969697,0.5,9.950849669054093e-13,True,"Elevated dark, unclassified",1.0,3
17.5_107.5,17.5,107.5,South China Sea,42,36,20.936709879282056,1.7194678728210224,0.8571428571428571,0.5,1.0890813056897281e-05,True,Behavioural dark spot (selective switch-off),1.0,3
-6.0_119.0,-6.0,119.0,Open ocean / other,34,19,11.067074988399984,1.7168041257436997,0.5588235294117647,0.09090909090909091,0.017550105246277932,True,"Elevated dark, unclassified",0.6666666666666666,3
-6.0_108.0,-6.0,108.0,Open ocean / other,52,30,17.68890479743743,1.6959783742148955,0.5769230769230769,0.35294117647058826,0.002011610867336516,True,Behavioural dark spot (selective switch-off),1.0,3
18.0_107.5,18.0,107.5,South China Sea,41,33,19.499129204147614,1.6923832677092394,0.8048780487804879,0.5,0.0001069497674634494,True,Behavioural dark spot (selective switch-off),0.6666666666666666,3
25.0_120.0,25.0,120.0,Taiwan Strait,45,19,11.250797031055752,1.6887692443081144,0.4222222222222222,0.4827586206896552,0.03408629578355653,True,Behavioural dark spot (selective switch-off),0.3333333333333333,3
21.5_89.5,21.5,89.5,Bay of Bengal,39,38,22.59862979726342,1.681517877008703,0.9743589743589743,0.6666666666666666,2.1763618779347235e-07,True,"Blackout, cause unresolved",1.0,4
-9.0_140.0,-9.0,140.0,Open ocean / other,28,25,14.94673521574808,1.6726060667522675,0.8928571428571429,0.7142857142857143,0.00035054917243393076,True,Behavioural dark spot (selective switch-off),1.0,3
54.5_18.5,54.5,18.5,Open ocean / other,105,75,44.84238224376808,1.6725248804198631,0.7142857142857143,0.5384615384615384,3.676195636131008e-08,True,Behavioural dark spot (selective switch-off),0.6,5
21.0_89.5,21.0,89.5,Bay of Bengal,85,69,41.43857163014987,1.665115308892476,0.8117647058823529,0.0625,1.037624209883014e-08,True,"Elevated dark, unclassified",1.0,4
10.0_-71.5,10.0,-71.5,Open ocean / other,44,39,23.492200573220565,1.6601254479521694,0.8863636363636364,,5.936088430724681e-06,True,"Elevated dark, unclassified",1.0,1
44.5_30.0,44.5,30.0,Black Sea,26,7,4.246850327642262,1.6482803630817413,0.2692307692307692,0.2916666666666667,0.37769445935560436,False,Normal,0.3333333333333333,3
-3.5_122.0,-3.5,122.0,Open ocean / other,27,14,8.500830930797251,1.646897828455813,0.5185185185185185,0.3333333333333333,0.08150988765299151,False,Normal,0.5,2
-1.0_117.5,-1.0,117.5,Open ocean / other,55,31,18.850627614047934,1.6445075800499112,0.5636363636363636,0.125,0.0031042345730911912,True,"Elevated dark, unclassified",0.5,2
39.5_124.5,39.5,124.5,Open ocean / other,28,28,17.08342205423747,1.6390158781480622,1.0,,8.485698619816199e-06,True,"Blackout, cause unresolved",1.0,2
19.5_111.0,19.5,111.0,South China Sea,41,37,22.75012252585524,1.6263648671759876,0.9024390243902439,0.0,1.296361604497842e-05,True,"Elevated dark, unclassified",1.0,1
20.5_111.5,20.5,111.5,South China Sea,30,21,12.938547911343818,1.623056941466232,0.7,0.2857142857142857,0.011643696417328441,True,"Elevated dark, unclassified",1.0,1
34.0_11.5,34.0,11.5,Open ocean / other,33,33,20.466105786347597,1.6124220379049068,1.0,1.0,1.538608709108914e-06,True,"Blackout, cause unresolved",1.0,4
-5.0_106.0,-5.0,106.0,Open ocean / other,37,26,16.133156466929993,1.6115879154395623,0.7027027027027027,0.5,0.004460799605023416,True,Behavioural dark spot (selective switch-off),1.0,2
2.0_104.5,2.0,104.5,Open ocean / other,72,21,13.045460876856176,1.6097553162921132,0.2916666666666667,0.2727272727272727,0.05804065193946911,False,Normal,0.0,1
17.5_107.0,17.5,107.0,South China Sea,61,61,37.91004995061706,1.6090720027924181,1.0,,5.418161382555026e-12,True,"Blackout, cause unresolved",1.0,4
26.5_56.5,26.5,56.5,Strait of Hormuz,75,69,42.94718255551525,1.6066246001308198,0.92,0.6923076923076923,4.5458876211275953e-10,True,Behavioural dark spot (selective switch-off),1.0,3
27.0_-13.5,27.0,-13.5,Open ocean / other,36,28,17.474121252046366,1.6023695610284818,0.7777777777777778,0.45454545454545453,0.0016514625898899822,True,Behavioural dark spot (selective switch-off),0.75,4
10.0_119.5,10.0,119.5,South China Sea,42,41,25.71378294527854,1.594475619835947,0.9761904761904762,0.0,3.831324619471886e-07,True,"Blackout, cause unresolved",0.5,2
10.0_106.5,10.0,106.5,South China Sea,61,35,21.95427010954284,1.594222892647503,0.5737704918032787,0.36363636363636365,0.002627924470408139,True,Behavioural dark spot (selective switch-off),1.0,3
21.0_90.0,21.0,90.0,Bay of Bengal,37,34,21.379687618078325,1.590294517271157,0.918918918918919,0.0,4.003949971723386e-05,True,"Elevated dark, unclassified",1.0,4
39.0_124.5,39.0,124.5,Open ocean / other,39,39,24.54001835439944,1.5892408651360372,1.0,,1.895411547730856e-07,True,"Blackout, cause unresolved",1.0,2
-44.0_-65.5,-44.0,-65.5,Open ocean / other,26,26,16.364596269931315,1.5887956886399328,1.0,,4.4519358545709756e-05,True,"Blackout, cause unresolved",1.0,1
54.5_1.5,54.5,1.5,Open ocean / other,48,30,18.88900509775342,1.5882255229825777,0.625,0.0,0.004629250389333543,True,"Elevated dark, unclassified",0.4,5
20.0_92.0,20.0,92.0,Bay of Bengal,73,71,44.78900624410198,1.5852104334051753,0.9726027397260274,0.0,7.51981710705162e-12,True,"Blackout, cause unresolved",1.0,4
-4.5_107.5,-4.5,107.5,Open ocean / other,39,29,18.4286683444669,1.5736351351022648,0.7435897435897436,0.2857142857142857,0.002627924470408139,True,"Elevated dark, unclassified",1.0,5
9.5_-72.0,9.5,-72.0,Open ocean / other,32,32,20.34793420413345,1.5726412164975239,1.0,1.0,4.721547699796005e-06,True,"Blackout, cause unresolved",1.0,1
6.0_121.0,6.0,121.0,Open ocean / other,65,63,40.12615807178006,1.5700481438392844,0.9692307692307692,,3.515937988396118e-10,True,"Elevated dark, unclassified",1.0,1
18.0_108.0,18.0,108.0,South China Sea,60,45,28.726368101111177,1.5665050256826354,0.75,0.6,0.00011903496374052234,True,Behavioural dark spot (selective switch-off),0.6666666666666666,3
24.5_53.5,24.5,53.5,Persian Gulf,118,77,49.597879291180966,1.5524857332698785,0.652542372881356,0.75,3.022858983612372e-06,True,Behavioural dark spot (selective switch-off),0.8,5
-6.0_107.0,-6.0,107.0,Open ocean / other,39,21,13.527297099166832,1.5524165578719658,0.5384615384615384,0.6,0.043262460558232727,True,Behavioural dark spot (selective switch-off),0.6666666666666666,3
20.5_92.0,20.5,92.0,Bay of Bengal,39,37,23.84233210734977,1.5518616146024649,0.9487179487179487,,1.2592801331873684e-05,True,"Elevated dark, unclassified",1.0,4
9.5_104.5,9.5,104.5,Open ocean / other,113,113,73.0948964561486,1.545935564294717,1.0,,1.736322816436899e-20,True,"Blackout, cause unresolved",1.0,5
18.0_107.0,18.0,107.0,South China Sea,67,65,42.06907750947519,1.5450778540451735,0.9701492537313433,0.3333333333333333,3.996734986859511e-10,True,"Blackout, cause unresolved",1.0,3
39.0_125.0,39.0,125.0,Open ocean / other,36,36,23.354376320683745,1.541466982704937,1.0,,1.8169338320517129e-06,True,"Blackout, cause unresolved",1.0,2
10.0_104.5,10.0,104.5,Open ocean / other,37,37,24.035999284606213,1.539357676037898,1.0,,1.2948251021049125e-06,True,"Blackout, cause unresolved",1.0,5
-3.0_120.5,-3.0,120.5,Open ocean / other,32,28,18.205689489809014,1.5379807513290578,0.875,0.6,0.0011178866444921014,True,Behavioural dark spot (selective switch-off),1.0,3
-6.0_107.5,-6.0,107.5,Open ocean / other,55,29,18.87013604720749,1.5368198685717256,0.5272727272727272,0.25,0.015993643556417643,True,"Elevated dark, unclassified",0.6,5
-6.5_109.0,-6.5,109.0,Open ocean / other,31,25,16.28668378280175,1.534996340163444,0.8064516129032258,0.75,0.005254705025822386,True,Behavioural dark spot (selective switch-off),1.0,4
9.0_106.0,9.0,106.0,South China Sea,41,33,21.50267089945195,1.5346930692615068,0.8048780487804879,0.5,0.0010211975503876714,True,Behavioural dark spot (selective switch-off),1.0,4
-4.5_115.0,-4.5,115.0,Open ocean / other,30,15,9.797217499150907,1.531046953004769,0.5,0.2857142857142857,0.12783960930056865,False,Normal,1.0,1
13.5_74.0,13.5,74.0,India West Coast corridor,59,59,38.7620878287368,1.5221058334288058,1.0,1.0,3.027604690025866e-10,True,"Blackout, cause unresolved",1.0,2
-4.5_106.0,-4.5,106.0,Open ocean / other,69,59,38.79083078488385,1.5209779941859696,0.855072463768116,0.75,1.997085104400084e-06,True,Behavioural dark spot (selective switch-off),1.0,2
10.0_-72.0,10.0,-72.0,Open ocean / other,33,29,19.167064258262453,1.5130120924751849,0.8787878787878788,0.6666666666666666,0.0011764039024772582,True,Behavioural dark spot (selective switch-off),1.0,1
-6.0_109.0,-6.0,109.0,Open ocean / other,32,15,9.98170620692754,1.502749098104054,0.46875,0.25,0.1566342842507525,False,Normal,0.5,4
24.0_53.0,24.0,53.0,Persian Gulf,29,17,11.352097101079154,1.497520665004173,0.5862068965517241,0.5,0.09625468555938867,False,Normal,0.6666666666666666,3
-3.0_116.5,-3.0,116.5,Open ocean / other,37,20,13.374458822356164,1.4953876089975968,0.5405405405405406,0.0,0.07478834829461777,False,Normal,1.0,3
54.5_2.0,54.5,2.0,Open ocean / other,59,35,23.417269140717302,1.4946234673941106,0.5932203389830508,0.0,0.008107236128252975,False,"Elevated dark, unclassified",0.4,5
19.0_110.5,19.0,110.5,South China Sea,60,54,36.203479163767554,1.491569353203026,0.9,0.16666666666666666,3.1679306811113336e-06,False,"Non-carriage area (small craft, AIS not required)",1.0,2
8.5_104.5,8.5,104.5,Open ocean / other,41,39,26.159459657431594,1.4908564821567543,0.9512195121951219,1.0,2.2762278824410897e-05,False,"Non-carriage area (small craft, AIS not required)",1.0,5
14.0_74.0,14.0,74.0,India West Coast corridor,39,39,26.16394966400678,1.4906006356391794,1.0,,1.8174872687154296e-06,False,"Non-carriage area (small craft, AIS not required)",1.0,1
10.5_120.0,10.5,120.0,Open ocean / other,60,56,37.572330848208374,1.490458503259729,0.9333333333333333,0.0,5.356889092644763e-07,False,"Non-carriage area (small craft, AIS not required)",0.5,2
10.5_98.0,10.5,98.0,Open ocean / other,37,36,24.17003569361812,1.4894475314947704,0.972972972972973,,2.3341948694294268e-05,False,"Non-carriage area (small craft, AIS not required)",1.0,2
41.5_35.5,41.5,35.5,Black Sea,36,32,21.515638296563477,1.4872902936424204,0.8888888888888888,,0.0007621237441120447,False,"Non-carriage area (small craft, AIS not required)",1.0,5
26.5_-14.5,26.5,-14.5,Open ocean / other,33,30,20.209910411160386,1.4844202368870125,0.9090909090909091,1.0,0.0008447287943490393,False,"Non-carriage area (small craft, AIS not required)",1.0,4
21.0_87.5,21.0,87.5,Bay of Bengal,103,59,39.883044031860656,1.47932539835394,0.5728155339805825,0.35185185185185186,0.0006200426652002285,False,"Elevated dark, unclassified",0.5,4
20.5_91.5,20.5,91.5,Bay of Bengal,63,55,37.26601359574798,1.4758755952977878,0.873015873015873,0.0,9.250061649655522e-06,False,"Non-carriage area (small craft, AIS not required)",1.0,3
18.0_106.5,18.0,106.5,South China Sea,56,50,33.90472607894506,1.4747206594024116,0.8928571428571429,0.4,1.5507472235757743e-05,False,"Non-carriage area (small craft, AIS not required)",0.75,4
10.5_75.5,10.5,75.5,India West Coast corridor,32,32,21.701918037558507,1.4745240464284806,1.0,,3.083216948280625e-05,False,"Non-carriage area (small craft, AIS not required)",1.0,2
-7.0_109.0,-7.0,109.0,Open ocean / other,26,22,14.973105449837991,1.4693010794389376,0.8461538461538461,0.6666666666666666,0.014070280748213869,False,"Elevated dark, unclassified",1.0,4
32.5_121.5,32.5,121.5,Open ocean / other,56,53,36.07467345158908,1.4691747680301002,0.9464285714285714,0.5,1.1903527017340283e-06,False,"Non-carriage area (small craft, AIS not required)",1.0,1
13.0_74.0,13.0,74.0,India West Coast corridor,41,41,28.072154066883364,1.4605220497976525,1.0,1.0,1.8679468547251238e-06,False,"Non-carriage area (small craft, AIS not required)",1.0,2
29.5_-114.0,29.5,-114.0,Open ocean / other,31,31,21.235101788148963,1.4598470169472275,1.0,,5.977802582138335e-05,False,"Non-carriage area (small craft, AIS not required)",1.0,2
53.5_2.0,53.5,2.0,Open ocean / other,41,26,17.83309039650418,1.4579637865289339,0.6341463414634146,0.0,0.03244088892096654,False,"Elevated dark, unclassified",0.4,5
13.0_97.5,13.0,97.5,Open ocean / other,26,26,17.84073906953168,1.4573387289993307,1.0,,0.0003426645445027421,False,"Non-carriage area (small craft, AIS not required)",1.0,2
32.5_121.0,32.5,121.0,Open ocean / other,120,115,78.99375533601088,1.4558112791426558,0.9583333333333334,0.0,3.3714227381570314e-14,False,"Non-carriage area (small craft, AIS not required)",1.0,1
16.5_107.5,16.5,107.5,South China Sea,32,24,16.498914760212738,1.45464112935938,0.75,0.6666666666666666,0.02380049819671738,False,"Elevated dark, unclassified",1.0,3
9.5_-71.5,9.5,-71.5,Open ocean / other,38,38,26.19376504812905,1.4507269165077221,1.0,,6.534977451984884e-06,False,"Non-carriage area (small craft, AIS not required)",1.0,1
26.5_54.0,26.5,54.0,Persian Gulf,26,19,13.10298154972157,1.4500516487717818,0.7307692307692307,,0.06188892394965173,False,Normal,0.8,5
11.0_102.5,11.0,102.5,Open ocean / other,41,41,28.29190004340734,1.4491780310652531,1.0,,2.4967135575131462e-06,False,"Non-carriage area (small craft, AIS not required)",1.0,2
26.5_51.5,26.5,51.5,Persian Gulf,38,17,11.748274492632358,1.4470210081200547,0.4473684210526316,0.3,0.17324288929583734,False,Normal,0.5,4
33.5_11.0,33.5,11.0,Open ocean / other,28,27,18.69360126284974,1.4443444909493055,0.9642857142857143,,0.001007751689612642,False,"Non-carriage area (small craft, AIS not required)",1.0,5
9.0_100.5,9.0,100.5,Open ocean / other,31,31,21.463859059986405,1.4442882760906293,1.0,1.0,8.158134346914134e-05,False,"Non-carriage area (small craft, AIS not required)",1.0,3
31.5_34.0,31.5,34.0,Eastern Mediterranean,69,28,19.39738308418467,1.4434936856420248,0.4057971014492754,0.2,0.06604834910421496,False,Normal,0.3333333333333333,3
0.0_9.0,0.0,9.0,Gulf of Guinea,56,25,17.325415464356322,1.442966839752423,0.44642857142857145,0.37037037037037035,0.07979328026217676,False,Normal,0.3333333333333333,3
39.5_124.0,39.5,124.0,Open ocean / other,119,108,74.94766866253346,1.4410054632425076,0.907563025210084,0.0,8.526691296020366e-11,False,"Non-carriage area (small craft, AIS not required)",1.0,2
21.5_91.5,21.5,91.5,Bay of Bengal,231,145,100.70804407861394,1.4398055421154958,0.6277056277056277,0.05747126436781609,5.246048859489274e-08,False,"Elevated dark, unclassified",0.6666666666666666,3
21.0_91.0,21.0,91.0,Bay of Bengal,168,167,116.76726944469549,1.430195300397054,0.9940476190476191,0.0,1.0601211792509452e-23,False,"Non-carriage area (small craft, AIS not required)",1.0,2
20.5_109.0,20.5,109.0,South China Sea,98,85,59.510102159043356,1.4283289209088195,0.8673469387755102,0.2,1.895411547730856e-07,False,"Non-carriage area (small craft, AIS not required)",1.0,1
42.0_130.0,42.0,130.0,Open ocean / other,25,25,17.535661887453625,1.425666174476536,1.0,1.0,0.0008092312370114418,False,"Non-carriage area (small craft, AIS not required)",1.0,1
-3.5_120.0,-3.5,120.0,Open ocean / other,30,30,21.050110457758304,1.4251706688286327,1.0,,0.00016424783495130215,False,"Non-carriage area (small craft, AIS not required)",1.0,3
21.0_90.5,21.0,90.5,Bay of Bengal,109,109,76.52903881635831,1.424295949431171,1.0,,5.366649558035458e-16,False,"Non-carriage area (small craft, AIS not required)",1.0,2
11.5_119.5,11.5,119.5,South China Sea,49,49,34.42881790084171,1.4232263257229654,1.0,,3.831324619471886e-07,False,"Non-carriage area (small craft, AIS not required)",1.0,1
27.5_-13.5,27.5,-13.5,Open ocean / other,25,25,17.588729534635068,1.421364741027539,1.0,,0.0008447287943490393,False,"Non-carriage area (small craft, AIS not required)",1.0,4
11.5_102.0,11.5,102.0,Open ocean / other,25,25,17.588729534635068,1.421364741027539,1.0,,0.0008447287943490393,False,"Non-carriage area (small craft, AIS not required)",1.0,3
13.5_74.5,13.5,74.5,India West Coast corridor,33,33,23.296033963043573,1.4165501326256063,1.0,,7.468866367237185e-05,False,"Non-carriage area (small craft, AIS not required)",1.0,2
9.0_98.0,9.0,98.0,Open ocean / other,40,40,28.24281978018706,1.4162891776146536,1.0,1.0,7.84463840385471e-06,False,"Non-carriage area (small craft, AIS not required)",1.0,2
-1.5_117.0,-1.5,117.0,Open ocean / other,195,81,57.27787308561667,1.4141586556282293,0.4153846153846154,0.19753086419753085,0.0010589003851167176,False,"Elevated dark, unclassified",0.0,2
3.0_103.5,3.0,103.5,Open ocean / other,36,35,24.763500915778152,1.4133704325182723,0.9722222222222222,,0.00016517571346681356,False,"Non-carriage area (small craft, AIS not required)",1.0,3
10.5_103.0,10.5,103.0,Open ocean / other,29,19,13.483545997690237,1.409124869915877,0.6551724137931034,0.0,0.11038797089076226,False,Normal,1.0,1
34.5_11.0,34.5,11.0,Open ocean / other,29,29,20.58329420834876,1.4089095606590198,1.0,,0.0003027631670640997,False,"Non-carriage area (small craft, AIS not required)",1.0,6
16.0_-17.0,16.0,-17.0,Open ocean / other,33,28,19.88149301448636,1.4083449356443305,0.8484848484848485,0.0,0.009564688235361973,False,"Elevated dark, unclassified",1.0,1
11.0_97.5,11.0,97.5,Open ocean / other,44,44,31.249261896737355,1.4080332567661034,1.0,,2.8308921958844502e-06,False,"Non-carriage area (small craft, AIS not required)",1.0,2
53.5_1.0,53.5,1.0,Open ocean / other,27,15,10.664921747738966,1.4064800806607043,0.5555555555555556,0.16666666666666666,0.22358102812535052,False,Normal,0.25,4
13.0_120.0,13.0,120.0,Open ocean / other,29,12,8.535209399194356,1.4059409018286873,0.41379310344827586,0.07142857142857142,0.3682853719928099,False,Normal,0.0,2
12.5_97.5,12.5,97.5,Open ocean / other,34,33,23.481025293434236,1.4053900793347154,0.9705882352941176,,0.0003426645445027421,False,"Non-carriage area (small craft, AIS not required)",1.0,2
13.5_98.0,13.5,98.0,Open ocean / other,31,31,22.08057654520561,1.4039488478271225,1.0,,0.00017996287680034203,False,"Non-carriage area (small craft, AIS not required)",1.0,2
14.0_97.5,14.0,97.5,Open ocean / other,130,129,91.96867843433633,1.40265144825478,0.9923076923076923,,5.294708861474182e-17,False,"Non-carriage area (small craft, AIS not required)",1.0,2
9.5_104.0,9.5,104.0,Open ocean / other,33,33,23.577858882062458,1.3996181826800953,1.0,,0.00010656623818450076,False,"Non-carriage area (small craft, AIS not required)",1.0,2
-6.0_108.5,-6.0,108.5,Open ocean / other,40,27,19.293910603235588,1.3994052608221426,0.675,0.0,0.043313597405123014,False,"Elevated dark, unclassified",1.0,3
10.0_75.5,10.0,75.5,India West Coast corridor,62,56,40.05847439709046,1.397956383582781,0.9032258064516129,0.2,2.7331857152330335e-05,False,"Non-carriage area (small craft, AIS not required)",1.0,2
-38.0_-74.0,-38.0,-74.0,Open ocean / other,48,44,31.480718141931582,1.3976809487517068,0.9166666666666666,0.0,0.00018592813942463408,False,"Non-carriage area (small craft, AIS not required)",1.0,1
15.0_42.5,15.0,42.5,Southern Red Sea,68,15,10.73971315251596,1.3966853478284933,0.22058823529411764,0.23076923076923078,0.3488009933713398,False,Normal,0.0,2
9.0_76.0,9.0,76.0,India West Coast corridor,54,53,38.02423523297685,1.3938478887284835,0.9814814814814815,,1.5381696381258644e-06,False,"Non-carriage area (small craft, AIS not required)",1.0,1
11.5_97.5,11.5,97.5,Open ocean / other,89,88,63.24716496190313,1.391366712689916,0.9887640449438202,,4.484804087067231e-11,False,"Non-carriage area (small craft, AIS not required)",1.0,2
14.0_97.0,14.0,97.0,Open ocean / other,40,39,28.03989050851073,1.3908756165849732,0.975,,8.77491856229214e-05,False,"Non-carriage area (small craft, AIS not required)",1.0,4
35.5_11.0,35.5,11.0,Open ocean / other,35,33,23.733034828330847,1.3904669267415768,0.9428571428571428,,0.0010260630123366022,False,"Non-carriage area (small craft, AIS not required)",1.0,5
11.5_100.5,11.5,100.5,Open ocean / other,31,25,18.01181112476092,1.3879781342828086,0.8064516129032258,0.25,0.029102689234735673,False,"Elevated dark, unclassified",1.0,2
13.5_97.5,13.5,97.5,Open ocean / other,43,42,30.285814013796003,1.3867878862647665,0.9767441860465116,,4.107280838623924e-05,False,"Non-carriage area (small craft, AIS not required)",1.0,2
9.0_97.5,9.0,97.5,Open ocean / other,25,24,17.306904615616183,1.3867297782611325,0.96,,0.005632375570340864,False,"Non-carriage area (small craft, AIS not required)",1.0,2
41.0_28.5,41.0,28.5,Turkish Straits (Bosphorus-Dardanelles),27,13,9.382366902765497,1.3855778754685226,0.48148148148148145,0.16666666666666666,0.340874669452761,False,Normal,0.3333333333333333,3
11.0_75.0,11.0,75.0,India West Coast corridor,27,26,18.792309509636432,1.3835446881431772,0.9629629629629629,0.0,0.0034066266736784557,False,"Non-carriage area (small craft, AIS not required)",1.0,1
11.5_74.5,11.5,74.5,India West Coast corridor,27,24,17.364493551535904,1.3821307214501042,0.8888888888888888,0.3333333333333333,0.017412501378776493,False,"Non-carriage area (small craft, AIS not required)",1.0,1
9.5_98.0,9.5,98.0,Open ocean / other,31,31,22.429419668730443,1.3821133340876435,1.0,,0.0002799989387909745,False,"Non-carriage area (small craft, AIS not required)",1.0,3
42.0_130.5,42.0,130.5,Open ocean / other,45,45,32.56155290320354,1.3819979696230247,1.0,,4.446733990557258e-06,False,"Non-carriage area (small craft, AIS not required)",1.0,1
9.5_101.0,9.5,101.0,Open ocean / other,26,18,13.051987017028042,1.3791003604674614,0.6923076923076923,0.3333333333333333,0.1370072355593533,False,Normal,1.0,2
11.5_98.0,11.5,98.0,Open ocean / other,36,36,26.10560730636661,1.3790140783746623,1.0,,6.958330359694854e-05,False,"Non-carriage area (small craft, AIS not required)",1.0,2
21.0_89.0,21.0,89.0,Bay of Bengal,62,62,45.00662784746786,1.37757488097363,1.0,,3.566193657395732e-08,False,"Non-carriage area (small craft, AIS not required)",1.0,3
18.5_57.0,18.5,57.0,Open ocean / other,25,25,18.15237937267283,1.37722992048281,1.0,,0.0017121431977301148,False,"Non-carriage area (small craft, AIS not required)",1.0,2
25.5_120.0,25.5,120.0,Taiwan Strait,44,15,10.896992679916035,1.3765265739460495,0.3409090909090909,0.39285714285714285,0.3433874357154594,False,Normal,0.3333333333333333,3
12.5_98.0,12.5,98.0,Open ocean / other,66,65,47.222735968630865,1.3764556133125836,0.9848484848484849,,9.689639337375521e-08,False,"Non-carriage area (small craft, AIS not required)",1.0,2
-8.5_140.0,-8.5,140.0,Open ocean / other,26,26,18.889143098264654,1.3764520637460056,1.0,1.0,0.0013066308536770726,False,"Non-carriage area (small craft, AIS not required)",1.0,2
-14.5_-77.0,-14.5,-77.0,Open ocean / other,27,27,19.637784266693078,1.3749005301883117,1.0,1.0,0.0010148713782157411,False,"Non-carriage area (small craft, AIS not required)",1.0,2
-3.5_-80.5,-3.5,-80.5,Open ocean / other,27,17,12.375149896813658,1.3737207340314435,0.6296296296296297,0.0,0.18939726534811308,False,Normal,0.25,4
-4.5_109.0,-4.5,109.0,Open ocean / other,63,61,44.41523573979574,1.3734025944917911,0.9682539682539683,0.5,1.1625121663461728e-06,False,"Non-carriage area (small craft, AIS not required)",1.0,3
-5.0_107.5,-5.0,107.5,Open ocean / other,28,22,16.027286811643723,1.372659031971471,0.7857142857142857,0.0,0.061748565940430655,False,Normal,1.0,5
26.5_52.0,26.5,52.0,Persian Gulf,41,19,13.873574939257573,1.369510027746083,0.4634146341463415,0.0,0.2205490866611752,False,Normal,0.25,4
36.0_11.0,36.0,11.0,Open ocean / other,45,42,30.699059993410074,1.3681200665106947,0.9333333333333333,0.0,0.0003426645445027421,False,"Non-carriage area (small craft, AIS not required)",1.0,5
-14.0_-77.5,-14.0,-77.5,Open ocean / other,28,27,19.748943472408264,1.3671617440053117,0.9642857142857143,0.5,0.0034066266736784557,False,"Non-carriage area (small craft, AIS not required)",0.6666666666666666,3
15.0_73.0,15.0,73.0,India West Coast corridor,34,32,23.457270407761037,1.3641825942976098,0.9411764705882353,0.5,0.0021477967025605713,False,"Non-carriage area (small craft, AIS not required)",1.0,1
0.0_117.5,0.0,117.5,Open ocean / other,54,19,13.934021128608753,1.3635690533718217,0.35185185185185186,0.2692307692307692,0.26631714652614064,False,Normal,0.0,2
38.5_23.0,38.5,23.0,Open ocean / other,28,25,18.344758139324906,1.3627871139063166,0.8928571428571429,,0.017903212859440215,False,"Non-carriage area (small craft, AIS not required)",1.0,3
12.0_97.5,12.0,97.5,Open ocean / other,58,58,42.57571301179193,1.3622790059660561,1.0,,2.143574407374616e-07,False,"Non-carriage area (small craft, AIS not required)",1.0,2
14.5_97.5,14.5,97.5,Open ocean / other,74,72,52.86302219253342,1.36201066480398,0.972972972972973,,9.914370487849907e-08,False,"Non-carriage area (small craft, AIS not required)",1.0,3
13.0_98.0,13.0,98.0,Open ocean / other,104,102,74.89264381636028,1.361949516031348,0.9807692307692307,,2.464783925572982e-11,False,"Non-carriage area (small craft, AIS not required)",1.0,2
27.0_-14.0,27.0,-14.0,Open ocean / other,54,48,35.27554037308115,1.3607162212780421,0.8888888888888888,0.0,0.00045900049676631086,False,"Non-carriage area (small craft, AIS not required)",1.0,4
-2.0_117.0,-2.0,117.0,Open ocean / other,28,13,9.565020563698434,1.359118876266523,0.4642857142857143,0.2222222222222222,0.38555595057624603,False,Normal,0.5,2
9.0_104.5,9.0,104.5,Open ocean / other,46,46,33.87384390966973,1.3579799246482536,1.0,,6.89676261045184e-06,False,"Non-carriage area (small craft, AIS not required)",1.0,5
32.0_122.0,32.0,122.0,Open ocean / other,83,67,49.36846876250616,1.3571415455948768,0.8072289156626506,0.6666666666666666,0.00020156309227356583,False,"Elevated dark, unclassified",1.0,1
25.0_53.0,25.0,53.0,Persian Gulf,95,49,36.11543307678789,1.3567606927436593,0.5157894736842106,0.625,0.020176897961698068,False,"Elevated dark, unclassified",0.3333333333333333,3
55.0_18.5,55.0,18.5,Open ocean / other,27,16,11.805973524809563,1.3552461358969623,0.5925925925925926,0.0,0.2535892965309193,False,Normal,0.2,5
39.5_123.5,39.5,123.5,Open ocean / other,228,196,144.628455899261,1.355196657402753,0.8596491228070176,0.0,6.910292771482283e-13,False,"Non-carriage area (small craft, AIS not required)",1.0,2
-13.5_-77.5,-13.5,-77.5,Open ocean / other,27,27,19.93148662854856,1.3546405495577518,1.0,,0.001439111173447019,False,"Non-carriage area (small craft, AIS not required)",1.0,3
-3.0_-80.5,-3.0,-80.5,Open ocean / other,42,24,17.720829136926067,1.3543384349883272,0.5714285714285714,0.058823529411764705,0.12767022037578313,False,Normal,0.6666666666666666,3
22.0_91.5,22.0,91.5,Bay of Bengal,234,75,55.43341679127639,1.352974511428688,0.32051282051282054,0.02631578947368421,0.009762817944172096,False,"Elevated dark, unclassified",0.0,3
9.0_100.0,9.0,100.0,Open ocean / other,35,35,25.92061597597595,1.3502765533210752,1.0,,0.00018009525654788793,False,"Non-carriage area (small craft, AIS not required)",1.0,3
0.0_128.0,0.0,128.0,Open ocean / other,34,14,10.370998844538974,1.349918191088406,0.4117647058823529,0.2727272727272727,0.3874834639738585,False,Normal,0.5,2
14.5_73.5,14.5,73.5,India West Coast corridor,56,55,40.76396383558557,1.3492309094825279,0.9821428571428571,0.0,3.915672352501357e-06,False,"Non-carriage area (small craft, AIS not required)",1.0,1
41.5_28.0,41.5,28.0,Black Sea,65,46,34.19408267138847,1.345261998751907,0.7076923076923077,,0.009659818410573867,False,"Elevated dark, unclassified",1.0,2
14.5_96.0,14.5,96.0,Open ocean / other,40,38,28.25469722302366,1.3449091207756871,0.95,,0.0008038461785468374,False,"Non-carriage area (small craft, AIS not required)",1.0,3
35.0_-6.5,35.0,-6.5,Open ocean / other,30,27,20.086284212858956,1.3442008344537404,0.9,0.0,0.015333544512169775,False,"Elevated dark, unclassified",1.0,2
53.5_0.0,53.5,0.0,Open ocean / other,105,40,29.816349684413158,1.3415458439203396,0.38095238095238093,0.25925925925925924,0.07606177587639776,False,Normal,0.3333333333333333,6
20.5_111.0,20.5,111.0,South China Sea,42,25,18.636409315302707,1.3414601266281498,0.5952380952380952,0.0,0.12372639375839245,False,Normal,1.0,1
35.5_11.5,35.5,11.5,Open ocean / other,36,32,23.878909068864576,1.3400947215685166,0.8888888888888888,0.0,0.00861902161193431,False,"Non-carriage area (small craft, AIS not required)",1.0,5
34.0_11.0,34.0,11.0,Open ocean / other,52,47,35.13177885835011,1.3378201026911296,0.9038461538461539,0.0,0.0006824519454725591,False,"Non-carriage area (small craft, AIS not required)",0.8333333333333334,6
35.5_-1.5,35.5,-1.5,Open ocean / other,31,30,22.429419668730443,1.337529032988042,0.967741935483871,,0.002741465982191248,False,"Non-carriage area (small craft, AIS not required)",1.0,5
7.0_98.5,7.0,98.5,Open ocean / other,36,35,26.172625510872564,1.3372750848194572,0.9722222222222222,,0.0008447287943490393,False,"Non-carriage area (small craft, AIS not required)",1.0,2
21.5_68.0,21.5,68.0,India West Coast corridor,39,35,26.174695323164933,1.3371693373265194,0.8974358974358975,0.2,0.004909065222361478,False,"Non-carriage area (small craft, AIS not required)",1.0,2
31.0_33.0,31.0,33.0,Suez Canal & Gulf of Suez,27,27,20.213311547567443,1.3357534185559663,1.0,,0.0020310479947012587,False,"Non-carriage area (small craft, AIS not required)",1.0,2
21.0_91.5,21.0,91.5,Bay of Bengal,223,204,152.83645739778976,1.3347600662389478,0.9147982062780269,0.0,5.405045602527555e-15,False,"Non-carriage area (small craft, AIS not required)",1.0,3
32.0_-117.5,32.0,-117.5,Open ocean / other,31,19,14.235939724925528,1.3346502139745042,0.6129032258064516,0.0,0.20999324211711407,False,Normal,1.0,2
13.5_121.5,13.5,121.5,Open ocean / other,48,39,29.238194688946567,1.3338716844492406,0.8125,0.0,0.009564688235361973,False,"Elevated dark, unclassified",1.0,3
45.0_29.5,45.0,29.5,Black Sea,28,9,6.754402363832572,1.3324642973879979,0.32142857142857145,0.2857142857142857,0.6417166041098485,False,Normal,0.0,3
-37.5_-73.5,-37.5,-73.5,Open ocean / other,50,47,35.31149547828204,1.3310113141174338,0.94,,0.0002915327759544798,False,"Non-carriage area (small craft, AIS not required)",1.0,1
20.5_70.0,20.5,70.0,India West Coast corridor,95,92,69.150209682056,1.3304370358818067,0.968421052631579,0.0,9.782016543108867e-09,False,"Non-carriage area (small craft, AIS not required)",1.0,1
3.5_103.5,3.5,103.5,Open ocean / other,105,94,70.7359318419448,1.3288861481324281,0.8952380952380953,0.2,1.224809145653424e-06,False,"Non-carriage area (small craft, AIS not required)",0.75,4
5.5_100.0,5.5,100.0,Strait of Malacca,30,22,16.559471551055783,1.328544810875764,0.7333333333333333,0.42857142857142855,0.1172266778950036,False,Normal,1.0,2
10.0_76.0,10.0,76.0,India West Coast corridor,37,36,27.136073393813916,1.3266473552583606,0.972972972972973,,0.0008447287943490393,False,"Non-carriage area (small craft, AIS not required)",1.0,2
36.5_11.0,36.5,11.0,Open ocean / other,50,44,33.16717764946969,1.3266127273480417,0.88,0.0,0.0021905713557028024,False,"Non-carriage area (small craft, AIS not required)",1.0,5
14.5_96.5,14.5,96.5,Open ocean / other,40,37,27.892101998503755,1.3265403949112486,0.925,,0.0026253425349822244,False,"Non-carriage area (small craft, AIS not required)",1.0,3
21.0_88.5,21.0,88.5,Bay of Bengal,44,43,32.44357977731883,1.3253777879980162,0.9772727272727273,,0.00016812132703648787,False,"Non-carriage area (small craft, AIS not required)",0.75,4
10.0_98.0,10.0,98.0,Open ocean / other,32,31,23.392867551671795,1.3251902500420285,0.96875,,0.002741465982191248,False,"Non-carriage area (small craft, AIS not required)",1.0,2
7.5_100.5,7.5,100.5,Open ocean / other,44,37,27.922702086509567,1.325086658353025,0.8409090909090909,0.5,0.010224470426463062,False,"Elevated dark, unclassified",1.0,3
36.5_13.5,36.5,13.5,Open ocean / other,36,18,13.608748114577262,1.3226786070585705,0.5,0.3888888888888889,0.30075507564847515,False,Normal,0.25,4
13.0_74.5,13.0,74.5,India West Coast corridor,50,48,36.30475874534566,1.3221407236634974,0.96,,0.00014867575958316036,False,"Non-carriage area (small craft, AIS not required)",1.0,2
27.0_120.5,27.0,120.5,Open ocean / other,31,15,11.348984616465739,1.3217041441960513,0.4838709677419355,0.25,0.3827719927192971,False,Normal,0.0,1
18.0_72.0,18.0,72.0,India West Coast corridor,26,24,18.189582193056513,1.319436573378881,0.9230769230769231,,0.02703292181587029,False,"Non-carriage area (small craft, AIS not required)",1.0,1
22.0_68.0,22.0,68.0,India West Coast corridor,61,57,43.24109278695865,1.3181905526955364,0.9344262295081968,0.25,9.69955873368661e-05,False,"Non-carriage area (small craft, AIS not required)",1.0,2
34.0_-8.0,34.0,-8.0,Open ocean / other,42,22,16.70127485840208,1.317264711018886,0.5238095238095238,0.06666666666666667,0.22224867061975587,False,Normal,0.5,4
8.5_100.0,8.5,100.0,Open ocean / other,65,60,45.614867942150724,1.3153605985682708,0.9230769230769231,,9.967699642264712e-05,False,"Non-carriage area (small craft, AIS not required)",1.0,2
1.5_104.5,1.5,104.5,Open ocean / other,177,49,37.28145585028912,1.314326355622188,0.2768361581920904,0.1937984496124031,0.08109954786136417,False,Normal,0.0,1
-1.5_117.5,-1.5,117.5,Open ocean / other,30,13,9.893350008835661,1.3140139576978291,0.43333333333333335,0.14285714285714285,0.4737625105491934,False,Normal,0.5,2
21.0_69.5,21.0,69.5,India West Coast corridor,46,40,30.49609111041897,1.311643510480398,0.8695652173913043,0.0,0.006193524906723217,False,"Non-carriage area (small craft, AIS not required)",0.5,2
15.5_73.0,15.5,73.0,India West Coast corridor,49,47,35.83794249593612,1.3114592168713262,0.9591836734693877,,0.00025082832751274796,False,"Non-carriage area (small craft, AIS not required)",1.0,1
20.5_69.5,20.5,69.5,India West Coast corridor,52,47,35.845753332182014,1.3111734482032436,0.9038461538461539,0.0,0.0013052575307956418,False,"Non-carriage area (small craft, AIS not required)",0.3333333333333333,3
13.0_100.0,13.0,100.0,Open ocean / other,27,24,18.307555318941223,1.310934178916248,0.8888888888888888,,0.04440595623958621,False,"Non-carriage area (small craft, AIS not required)",1.0,1
8.0_100.5,8.0,100.5,Open ocean / other,25,21,16.01993898669708,1.3108664157484213,0.84,0.0,0.09523229796614943,False,Normal,1.0,3
9.5_100.0,9.5,100.0,Open ocean / other,44,39,29.773317553466434,1.3098976937979598,0.8863636363636364,1.0,0.005632375570340864,False,"Non-carriage area (small craft, AIS not required)",1.0,3
-13.0_-77.5,-13.0,-77.5,Open ocean / other,36,31,23.667711376354813,1.3098013368107275,0.8611111111111112,0.2,0.022768912754883852,False,"Elevated dark, unclassified",1.0,3
9.5_76.0,9.5,76.0,India West Coast corridor,108,92,70.33969990553406,1.3079384774679965,0.8518518518518519,0.0,2.0786260806585466e-05,False,"Elevated dark, unclassified",1.0,1
22.5_68.0,22.5,68.0,India West Coast corridor,42,36,27.601310822197892,1.3042858809099604,0.8571428571428571,0.0,0.01398511835011255,False,"Non-carriage area (small craft, AIS not required)",0.6666666666666666,3
24.5_66.0,24.5,66.0,Open ocean / other,41,36,27.61070047946935,1.3038423283309575,0.8780487804878049,0.0,0.010745276353504715,False,"Non-carriage area (small craft, AIS not required)",0.5,4
14.5_95.5,14.5,95.5,Open ocean / other,39,37,28.633355730670765,1.2921992220551104,0.9487179487179487,,0.00313630748520735,False,"Non-carriage area (small craft, AIS not required)",1.0,3
15.0_95.5,15.0,95.5,Open ocean / other,236,220,170.7491150068749,1.2884400600913342,0.9322033898305084,0.0,1.2672227780449723e-14,False,"Non-carriage area (small craft, AIS not required)",1.0,4
15.0_73.5,15.0,73.5,India West Coast corridor,28,23,17.87790227860059,1.2865044031217485,0.8214285714285714,0.0,0.10800296068750888,False,Normal,1.0,1
19.5_57.5,19.5,57.5,Open ocean / other,35,28,21.884492475861894,1.2794447954817034,0.8,0.0,0.08035236849644609,False,Normal,1.0,1
28.5_49.0,28.5,49.0,Persian Gulf,32,11,8.61349185942462,1.277066279219169,0.34375,0.15789473684210525,0.655046479602219,False,Normal,0.0,4
20.5_109.5,20.5,109.5,South China Sea,53,47,36.84598063552257,1.275580109128324,0.8867924528301887,,0.004460799605023416,False,"Non-carriage area (small craft, AIS not required)",1.0,1
9.5_75.5,9.5,75.5,India West Coast corridor,33,28,21.95566193629981,1.2752974645554616,0.8484848484848485,0.0,0.06188892394965173,False,Normal,1.0,2
5.5_98.5,5.5,98.5,Strait of Malacca,25,22,17.253836968434744,1.2750786993205157,0.88,0.0,0.09625468555938867,False,"Non-carriage area (small craft, AIS not required)",1.0,1
35.5_-6.5,35.5,-6.5,Strait of Gibraltar,60,34,26.749125420727673,1.271069594434429,0.5666666666666667,0.20833333333333334,0.13898126404132208,False,Normal,0.6666666666666666,3
6.5_-58.5,6.5,-58.5,Open ocean / other,27,11,8.654640327938523,1.2709944703872085,0.4074074074074074,0.0,0.651784287299719,False,Normal,0.6666666666666666,3
-10.5_-78.5,-10.5,-78.5,Open ocean / other,26,22,17.33269300446252,1.2692776589498136,0.8461538461538461,0.0,0.12662883545950837,False,Normal,1.0,4
11.5_100.0,11.5,100.0,Open ocean / other,26,23,18.12256398855056,1.269136089933571,0.8846153846153846,,0.08883852433312253,False,"Non-carriage area (small craft, AIS not required)",1.0,2
35.0_-3.0,35.0,-3.0,Open ocean / other,46,34,26.824635949312732,1.2674915724577096,0.7391304347826086,0.0,0.07874562233987872,False,Normal,0.75,4
29.0_32.5,29.0,32.5,Suez Canal & Gulf of Suez,57,34,26.86093084556621,1.2657789186636546,0.5964912280701754,0.0,0.136516948093451,False,Normal,0.6666666666666666,3
19.0_71.5,19.0,71.5,India West Coast corridor,28,23,18.19696962931793,1.2639467157731417,0.8214285714285714,,0.13659412612112082,False,Normal,1.0,1
34.0_-7.0,34.0,-7.0,Open ocean / other,28,24,18.98917828286369,1.263877754081555,0.8571428571428571,,0.10234367981098706,False,"Non-carriage area (small craft, AIS not required)",1.0,2
-5.5_119.0,-5.5,119.0,Open ocean / other,52,20,15.852691387168338,1.2616154261470467,0.38461538461538464,0.16666666666666666,0.4244733621745151,False,Normal,0.0,3
14.5_97.0,14.5,97.0,Open ocean / other,80,71,56.29458773153439,1.2612224880053275,0.8875,,0.0004956643689008954,False,"Non-carriage area (small craft, AIS not required)",1.0,4
-4.5_106.5,-4.5,106.5,Open ocean / other,61,49,38.877882130178456,1.2603567199449988,0.8032786885245902,0.5,0.016298804665238822,False,"Elevated dark, unclassified",1.0,2
30.0_-10.0,30.0,-10.0,Open ocean / other,44,31,24.613842149923233,1.2594539207320254,0.7045454545454546,0.0,0.12516189150897306,False,Normal,1.0,2
15.5_95.5,15.5,95.5,Open ocean / other,117,109,86.74554194906894,1.2565487234375383,0.9316239316239316,,1.2948251021049125e-06,False,"Non-carriage area (small craft, AIS not required)",1.0,3
47.0_-3.0,47.0,-3.0,Open ocean / other,27,17,13.614935776122335,1.2486287324112346,0.6296296296296297,0.6666666666666666,0.41527781528436,False,Normal,0.8,5
-5.0_107.0,-5.0,107.0,Open ocean / other,56,40,32.07687400829673,1.2470043056456794,0.7142857142857143,0.2222222222222222,0.07874562233987872,False,Normal,1.0,3
23.5_67.0,23.5,67.0,Arabian Sea (open),28,26,20.961952715995864,1.2403424600876831,0.9285714285714286,,0.06188892394965173,False,"Non-carriage area (small craft, AIS not required)",1.0,2
-3.5_106.5,-3.5,106.5,Open ocean / other,29,20,16.129434722045445,1.2399690593412012,0.6896551724137931,0.0,0.3332148800969811,False,Normal,1.0,2
2.0_118.0,2.0,118.0,Open ocean / other,31,14,11.314775446751147,1.2373201806687089,0.45161290322580644,0.0,0.6162091825884923,False,Normal,0.5,2
-5.0_106.5,-5.0,106.5,Open ocean / other,51,34,27.499187683140754,1.2364001581342992,0.6666666666666666,0.0,0.15433563449442533,False,Normal,1.0,2
31.5_30.0,31.5,30.0,Eastern Mediterranean,31,23,18.711372029969063,1.229199011337173,0.7419354838709677,0.0,0.2631679524604738,False,Normal,1.0,3
15.0_96.5,15.0,96.5,Open ocean / other,34,29,23.61506170244614,1.2280298211965317,0.8529411764705882,,0.10425032608822125,False,"Non-carriage area (small craft, AIS not required)",1.0,3
12.0_101.0,12.0,101.0,Open ocean / other,80,64,52.18525072056885,1.2264001631935124,0.8,0.4444444444444444,0.012497951119671521,False,"Elevated dark, unclassified",1.0,2
12.0_74.0,12.0,74.0,India West Coast corridor,26,22,17.969836216532535,1.2242738183534279,0.8461538461538461,0.0,0.2071554686812704,False,Normal,1.0,1
-2.0_127.0,-2.0,127.0,Open ocean / other,26,9,7.359784640143978,1.222861868934243,0.34615384615384615,0.4,0.8629750464845647,False,Normal,0.3333333333333333,3
21.5_68.5,21.5,68.5,India West Coast corridor,26,17,13.996254670212636,1.214610651246583,0.6538461538461539,0.0,0.49155151854376683,False,Normal,1.0,2
23.0_68.0,23.0,68.0,India West Coast corridor,25,13,10.721530765935626,1.2125134259096202,0.52,0.0,0.6892975159296119,False,Normal,0.6666666666666666,3
7.0_100.5,7.0,100.5,Open ocean / other,44,26,21.444610623081296,1.2124258377541088,0.5909090909090909,0.0,0.3541746292961236,False,Normal,1.0,3
31.5_31.0,31.5,31.0,Eastern Mediterranean,29,19,15.729258315183861,1.207939981611136,0.6551724137931034,0.0,0.4653427939308479,False,Normal,1.0,3
54.5_17.5,54.5,17.5,Open ocean / other,37,21,17.39031219814415,1.2075688901226893,0.5675675675675675,0.875,0.4680754412151473,False,Normal,0.6,5
37.0_26.5,37.0,26.5,Open ocean / other,25,15,12.518152563112546,1.1982598809508647,0.6,0.0,0.6392239707738679,False,Normal,1.0,4
15.5_96.0,15.5,96.0,Open ocean / other,42,33,27.542716641050117,1.1981388920371152,0.7857142857142857,1.0,0.17095628490259218,False,Normal,1.0,3
41.5_16.5,41.5,16.5,Open ocean / other,47,30,25.12176938104807,1.1941834010558223,0.6382978723404256,0.3076923076923077,0.3240230539361767,False,Normal,1.0,3
-3.5_116.5,-3.5,116.5,Open ocean / other,46,28,23.45481282025219,1.1937848412852496,0.6086956521739131,0.0,0.36987527940630044,False,Normal,0.5,2
35.0_-2.0,35.0,-2.0,Open ocean / other,29,16,13.411441657555745,1.1930111921253381,0.5517241379310345,0.0,0.6466791345321952,False,Normal,0.6,5
27.5_-83.0,27.5,-83.0,Open ocean / other,30,22,18.462691653894836,1.1915922343511025,0.7333333333333333,0.0,0.39509608474758795,False,Normal,1.0,1
34.5_138.0,34.5,138.0,Open ocean / other,29,15,12.59181751362167,1.1912497924762004,0.5172413793103449,0.5,0.6912040280561685,False,Normal,0.5,2
43.5_-10.0,43.5,-10.0,Open ocean / other,43,11,9.236488675684996,1.1909287594275342,0.2558139534883721,0.23333333333333334,0.8812262484338461,False,Normal,0.2,5
4.5_104.0,4.5,104.0,Open ocean / other,25,13,10.979137787982056,1.18406383552541,0.52,0.0,0.7790725248591331,False,Normal,0.6666666666666666,3
-2.0_118.5,-2.0,118.5,Open ocean / other,36,13,11.008774366590755,1.1808762326396827,0.3611111111111111,0.09090909090909091,0.8319252407654086,False,Normal,0.2,5
5.0_103.5,5.0,103.5,Open ocean / other,38,24,20.3299879336961,1.1805220976162514,0.631578947368421,0.125,0.4653427939308479,False,Normal,0.5,4
14.5_95.0,14.5,95.0,Open ocean / other,67,55,46.765181813641206,1.1760886597035902,0.8208955223880597,0.0,0.06306291077747979,False,Normal,1.0,5
24.5_53.0,24.5,53.0,Persian Gulf,75,33,28.06534615124709,1.1758272932804585,0.44,0.4166666666666667,0.4498642914857837,False,Normal,0.3333333333333333,3
13.5_120.5,13.5,120.5,Open ocean / other,41,13,11.065862957690808,1.1747841130605148,0.3170731707317073,0.2,0.8605300758985394,False,Normal,0.0,2
28.5_33.0,28.5,33.0,Suez Canal & Gulf of Suez,53,28,23.879110843397747,1.1725729732412387,0.5283018867924528,0.0,0.4817916058164726,False,Normal,0.3333333333333333,3
7.5_98.0,7.5,98.0,Open ocean / other,27,21,18.01385295708574,1.1657694803009737,0.7777777777777778,0.0,0.4722039912977584,False,Normal,1.0,2
50.0_1.0,50.0,1.0,Dover Strait / English Channel,48,31,26.59724522660241,1.165534239951812,0.6458333333333334,0.0,0.40054542245970876,False,Normal,0.75,4
32.0_122.5,32.0,122.5,Open ocean / other,101,58,49.77195334329004,1.1653149234461222,0.5742574257425742,0.11764705882352941,0.2092268207433929,False,Normal,1.0,1
28.0_33.0,28.0,33.0,Suez Canal & Gulf of Suez,39,20,17.164929123155584,1.1651664773273016,0.5128205128205128,0.0,0.6616678907184956,False,Normal,0.3333333333333333,3
18.5_106.5,18.5,106.5,South China Sea,44,33,28.377945059367093,1.1628748991853883,0.75,0.0,0.30935137863221723,False,Normal,1.0,3
7.0_104.5,7.0,104.5,Open ocean / other,26,21,18.08992206821993,1.1608673559126297,0.8076923076923077,0.0,0.4653427939308479,False,Normal,1.0,1
-8.5_115.5,-8.5,115.5,Lombok Strait,29,12,10.349359433830239,1.159492051341275,0.41379310344827586,0.07692307692307693,0.9129131999450305,False,Normal,0.3333333333333333,3
3.5_119.5,3.5,119.5,South China Sea,27,13,11.241654914392607,1.1564133660922287,0.48148148148148145,0.0,0.8812262484338461,False,Normal,0.3333333333333333,3
12.0_101.5,12.0,101.5,Open ocean / other,72,61,52.7888150080955,1.1555478180490557,0.8472222222222222,0.0,0.06188892394965173,False,Normal,1.0,3
5.5_81.0,5.5,81.0,Dondra Head / Sri Lanka corridor,46,9,7.821445335230291,1.1506824652294279,0.1956521739130435,0.18181818181818182,1.0,False,Normal,0.0,2
26.5_53.5,26.5,53.5,Persian Gulf,36,20,17.40854881929708,1.1488608388673005,0.5555555555555556,,0.7076926566900024,False,Normal,0.5,4
-3.0_118.5,-3.0,118.5,Open ocean / other,33,10,8.75868859867191,1.1417234312356204,0.30303030303030304,0.14285714285714285,1.0,False,Normal,0.2,5
40.5_121.0,40.5,121.0,Open ocean / other,27,12,10.516141748367323,1.1411029146562286,0.4444444444444444,0.0,0.9713450371977278,False,Normal,0.0,1
15.0_96.0,15.0,96.0,Open ocean / other,81,67,58.734178414076105,1.1407327353359713,0.8271604938271605,,0.08456370079259702,False,Normal,1.0,3
55.0_17.5,55.0,17.5,Open ocean / other,25,12,10.536985448490904,1.1388456460019718,0.48,0.6,0.9713450371977278,False,Normal,0.4,5
9.0_104.0,9.0,104.0,Open ocean / other,46,38,33.37721227613792,1.138501312980144,0.8260869565217391,,0.2704637655403276,False,Normal,1.0,3
1.5_101.5,1.5,101.5,Strait of Malacca,27,10,8.844082053589593,1.130699595436391,0.37037037037037035,0.1,1.0,False,Normal,0.5,2
3.5_98.5,3.5,98.5,Strait of Malacca,41,20,17.691785784930754,1.1304681304153763,0.4878048780487805,0.06666666666666667,0.8156641472761859,False,Normal,0.0,1
31.0_30.0,31.0,30.0,Eastern Mediterranean,42,28,24.807046315880424,1.1287115621691561,0.6666666666666666,0.0,0.5998658883499772,False,Normal,1.0,3
3.5_104.0,3.5,104.0,Open ocean / other,25,10,8.8710709015035,1.127259618487004,0.4,0.09090909090909091,1.0,False,Normal,0.0,3
15.5_94.0,15.5,94.0,Bay of Bengal,70,54,47.95082384735691,1.126153748096166,0.7714285714285715,0.0,0.24557442281299294,False,Normal,1.0,2
39.0_121.0,39.0,121.0,Open ocean / other,31,12,10.6888635181,1.1226637873783107,0.3870967741935484,0.08333333333333333,1.0,False,Normal,0.0,1
20.5_110.0,20.5,110.0,South China Sea,37,30,26.921266679300988,1.114360641249699,0.8108108108108109,,0.5146525425908183,False,Normal,1.0,2
48.5_-3.0,48.5,-3.0,Open ocean / other,31,22,19.800347649222886,1.1110916025185773,0.7096774193548387,0.0,0.7745583883378896,False,Normal,0.8,5
35.5_-0.5,35.5,-0.5,Open ocean / other,33,15,13.518712472166428,1.109573121766099,0.45454545454545453,0.0,1.0,False,Normal,0.5,2
27.5_33.5,27.5,33.5,Suez Canal & Gulf of Suez,25,10,9.08966978613807,1.1001499763225944,0.4,0.0,1.0,False,Normal,0.3333333333333333,3
-4.0_118.0,-4.0,118.0,Open ocean / other,27,7,6.364566939258571,1.0998391668758931,0.25925925925925924,0.15789473684210525,1.0,False,Normal,0.2,5
4.0_103.5,4.0,103.5,Open ocean / other,120,64,58.22451992119985,1.0991932623337486,0.5333333333333333,0.0,0.5057930327528187,False,Normal,0.6,5
55.0_16.5,55.0,16.5,Open ocean / other,27,15,13.709855095277312,1.0941034675973424,0.5555555555555556,0.6,1.0,False,Normal,0.4,5
12.5_74.5,12.5,74.5,India West Coast corridor,35,22,20.352415881556954,1.0809527541119117,0.6285714285714286,0.0,0.9828924157518093,False,Normal,1.0,1
-6.0_105.0,-6.0,105.0,Sunda Strait,42,19,17.649629946672633,1.0765098224386254,0.4523809523809524,0.14285714285714285,1.0,False,Normal,0.5,2
39.0_123.5,39.0,123.5,Open ocean / other,55,38,35.32395916867274,1.0757571035157498,0.6909090909090909,,0.7900371237965849,False,Normal,0.6666666666666666,3
-1.0_131.0,-1.0,131.0,Open ocean / other,25,17,15.805132272184153,1.0755999827928504,0.68,0.0,1.0,False,Normal,0.6,5
51.5_1.0,51.5,1.0,Open ocean / other,27,11,10.239874705183485,1.0742318941101627,0.4074074074074074,0.14285714285714285,1.0,False,Normal,0.6,5
37.5_24.5,37.5,24.5,Open ocean / other,25,10,9.33838977352707,1.0708484270327308,0.4,0.0,1.0,False,Normal,0.25,4
-3.5_116.0,-3.5,116.0,Open ocean / other,125,48,44.939333357343784,1.0681066320748183,0.384,0.0851063829787234,0.8912696091531431,False,Normal,0.3333333333333333,3
22.0_68.5,22.0,68.5,India West Coast corridor,36,12,11.23524403395309,1.0680675883617485,0.3333333333333333,0.043478260869565216,1.0,False,Normal,0.0,2
4.5_103.5,4.5,103.5,Open ocean / other,58,27,25.330828960544537,1.0658948446596586,0.46551724137931033,0.0,1.0,False,Normal,0.4,5
55.5_16.5,55.5,16.5,Open ocean / other,36,9,8.512467403549662,1.057272771023715,0.25,0.043478260869565216,1.0,False,Normal,0.0,5
-7.0_111.5,-7.0,111.5,Open ocean / other,30,7,6.62587873292361,1.0564636453754281,0.23333333333333334,0.3076923076923077,1.0,False,Normal,0.3333333333333333,3
58.5_10.0,58.5,10.0,Open ocean / other,26,12,11.396834162856539,1.052923981214822,0.46153846153846156,0.09090909090909091,1.0,False,Normal,0.3333333333333333,3
36.5_13.0,36.5,13.0,Open ocean / other,36,8,7.628677318578561,1.0486745822263495,0.2222222222222222,0.18518518518518517,1.0,False,Normal,0.25,4
28.5_48.0,28.5,48.0,Persian Gulf,26,8,7.629362023814328,1.0485804678069754,0.3076923076923077,0.1,1.0,False,Normal,0.0,2
1.5_118.0,1.5,118.0,Open ocean / other,84,27,25.767390901525914,1.0478360072692146,0.32142857142857145,0.10344827586206896,1.0,False,Normal,0.0,2
-4.0_106.5,-4.0,106.5,Open ocean / other,70,44,42.028452551776184,1.046909827236561,0.6285714285714286,0.0,1.0,False,Normal,0.5,2
12.0_100.5,12.0,100.5,Open ocean / other,28,15,14.379724877019216,1.0431353957245781,0.5357142857142857,0.25,1.0,False,Normal,0.5,2
4.0_99.0,4.0,99.0,Strait of Malacca,48,24,23.026565846780873,1.0422743955697247,0.5,0.05,1.0,False,Normal,0.6666666666666666,3
-37.0_-73.5,-37.0,-73.5,Open ocean / other,34,19,18.40298166302075,1.032441391721805,0.5588235294117647,0.0,1.0,False,Normal,0.5,2
21.0_88.0,21.0,88.0,Bay of Bengal,43,19,18.447356864738666,1.0299578492091563,0.4418604651162791,0.0,1.0,False,Normal,0.5,4
40.5_24.0,40.5,24.0,Open ocean / other,43,29,28.167324185144764,1.0295617648798314,0.6744186046511628,0.0,1.0,False,Normal,1.0,6
20.0_108.5,20.0,108.5,South China Sea,120,79,77.2692466078757,1.022398994012553,0.6583333333333333,0.16666666666666666,1.0,False,Normal,0.5,2
20.5_108.5,20.5,108.5,South China Sea,168,115,112.48863657174891,1.022325485531592,0.6845238095238095,0.0,1.0,False,Normal,1.0,2
18.5_72.0,18.5,72.0,India West Coast corridor,25,15,14.738036880445058,1.017774627766234,0.6,0.0,1.0,False,Normal,1.0,1
55.5_15.5,55.5,15.5,Open ocean / other,50,12,11.803599961996362,1.0166389947673575,0.24,0.1935483870967742,1.0,False,Normal,0.0,5
12.5_100.5,12.5,100.5,Open ocean / other,36,22,21.655695592709677,1.0158990232300011,0.6111111111111112,0.0,1.0,False,Normal,1.0,2
29.0_34.5,29.0,34.5,Open ocean / other,29,8,7.883968756182337,1.0147173647443333,0.27586206896551724,0.10526315789473684,1.0,False,Normal,0.0,4
-2.0_116.5,-2.0,116.5,Open ocean / other,91,27,26.803277420457434,1.007339497198668,0.2967032967032967,0.1,1.0,False,Normal,0.0,3
21.0_109.0,21.0,109.0,South China Sea,167,107,106.27918664759885,1.0067822625966383,0.6407185628742516,0.0,1.0,False,Normal,1.0,1
18.0_-16.5,18.0,-16.5,Open ocean / other,35,18,17.886338973715358,1.0063546277665694,0.5142857142857142,0.0,1.0,False,Normal,0.5,2
20.5_110.5,20.5,110.5,South China Sea,99,61,61.18610414005015,0.9969583920619596,0.6161616161616161,0.0,1.0,False,Normal,0.5,2
23.5_58.5,23.5,58.5,Gulf of Oman,35,10,10.03665393897916,0.9963479921493748,0.2857142857142857,0.3684210526315789,1.0,False,Normal,0.25,4
40.5_24.5,40.5,24.5,Open ocean / other,26,14,14.058737830116922,0.995821969879039,0.5384615384615384,0.0,1.0,False,Normal,0.6,5
24.5_66.5,24.5,66.5,Open ocean / other,132,54,54.2400473081079,0.9955743528993565,0.4090909090909091,0.045454545454545456,1.0,False,Normal,0.5,4
-4.0_122.5,-4.0,122.5,Open ocean / other,26,7,7.036769516780255,0.994774659495018,0.2692307692307692,0.1,1.0,False,Normal,0.0,1
29.5_32.0,29.5,32.0,Suez Canal & Gulf of Suez,49,14,14.099388965458493,0.9929508317202979,0.2857142857142857,0.0,1.0,False,Normal,0.0,3
16.5_42.0,16.5,42.0,Southern Red Sea,33,19,19.378584667757693,0.9804637606797164,0.5757575757575758,0.3333333333333333,1.0,False,Normal,0.3333333333333333,3
52.5_3.5,52.5,3.5,Open ocean / other,74,25,25.551889219132452,0.9784012362295617,0.33783783783783783,0.08695652173913043,1.0,False,Normal,0.0,5
34.5_33.0,34.5,33.0,Eastern Mediterranean,30,8,8.21981320043255,0.973258127031283,0.26666666666666666,0.0625,1.0,False,Normal,0.0,4
34.5_-7.0,34.5,-7.0,Open ocean / other,26,17,17.480018503170246,0.972539016301202,0.6538461538461539,0.0,1.0,False,Normal,1.0,2
39.5_123.0,39.5,123.0,Open ocean / other,94,61,63.11184014228686,0.9665381307607943,0.648936170212766,,1.0,False,Normal,1.0,3
37.5_23.5,37.5,23.5,Open ocean / other,100,30,31.052546289233764,0.9661043484347468,0.3,0.058823529411764705,1.0,False,Normal,0.0,4
39.0_25.0,39.0,25.0,Open ocean / other,28,10,10.365291876997695,0.964758167803423,0.35714285714285715,0.0,1.0,False,Normal,0.0,3
24.5_120.0,24.5,120.0,Taiwan Strait,25,7,7.288792807540256,0.9603785132647069,0.28,0.15384615384615385,1.0,False,Normal,0.3333333333333333,3
21.0_112.0,21.0,112.0,South China Sea,94,47,49.04398429850833,0.9583234452146561,0.5,0.0,1.0,False,Normal,0.5,2
10.0_103.5,10.0,103.5,Open ocean / other,30,20,20.99704281057686,0.952515084168204,0.6666666666666666,0.0,1.0,False,Normal,1.0,1
38.5_123.5,38.5,123.5,Open ocean / other,58,35,36.77954867857072,0.9516158098044428,0.603448275862069,0.0,1.0,False,Normal,1.0,3
51.5_2.0,51.5,2.0,Open ocean / other,110,36,37.87822926878116,0.950414016044589,0.32727272727272727,0.05172413793103448,1.0,False,Normal,0.2,5
-4.0_107.0,-4.0,107.0,Open ocean / other,59,25,26.320897876682224,0.9498156224430165,0.423728813559322,0.07692307692307693,1.0,False,Normal,0.25,4
20.5_88.0,20.5,88.0,Bay of Bengal,32,7,7.3881982661348795,0.94745697771617,0.21875,0.15384615384615385,1.0,False,Normal,0.4,5
35.5_35.5,35.5,35.5,Eastern Mediterranean,35,9,9.514035919732757,0.9459707821087145,0.2571428571428571,0.1111111111111111,1.0,False,Normal,0.0,6
4.0_104.0,4.0,104.0,Open ocean / other,27,12,12.715724599505057,0.9437134239654014,0.4444444444444444,0.0,1.0,False,Normal,0.3333333333333333,3
38.5_24.0,38.5,24.0,Open ocean / other,28,12,12.727966648436263,0.9428057388470844,0.42857142857142855,0.0,1.0,False,Normal,0.3333333333333333,6
54.5_19.5,54.5,19.5,Open ocean / other,45,20,21.220026067545273,0.9425059109889018,0.4444444444444444,0.2727272727272727,1.0,False,Normal,0.4,5
-10.5_139.5,-10.5,139.5,Open ocean / other,32,22,23.380990108835196,0.9409353452353009,0.6875,0.0,1.0,False,Normal,0.6666666666666666,3
21.0_109.5,21.0,109.5,South China Sea,137,83,88.22791141289171,0.9407453794477127,0.6058394160583942,0.2857142857142857,1.0,False,Normal,1.0,1
35.5_-6.0,35.5,-6.0,Strait of Gibraltar,57,12,12.771063208866424,0.9396241960237808,0.21052631578947367,0.20512820512820512,1.0,False,Normal,0.0,4
21.0_110.5,21.0,110.5,South China Sea,49,20,21.32431798591278,0.9378963497548832,0.40816326530612246,0.15384615384615385,1.0,False,Normal,0.0,2
35.5_-1.0,35.5,-1.0,Open ocean / other,26,8,8.531538212620575,0.937697259348346,0.3076923076923077,0.0,1.0,False,Normal,0.3333333333333333,3
31.5_122.0,31.5,122.0,Open ocean / other,62,31,33.06213562758546,0.9376284807849825,0.5,0.0,1.0,False,Normal,1.0,1
53.5_7.0,53.5,7.0,Open ocean / other,42,15,16.01286382976148,0.9367468654870486,0.35714285714285715,0.1,1.0,False,Normal,0.3333333333333333,6
-5.5_106.0,-5.5,106.0,Open ocean / other,44,16,17.18666803195535,0.9309541541298776,0.36363636363636365,0.125,1.0,False,Normal,0.0,2
30.5_121.5,30.5,121.5,Open ocean / other,45,20,21.48556275978192,0.9308576286136337,0.4444444444444444,0.14285714285714285,1.0,False,Normal,0.0,1
51.5_2.5,51.5,2.5,Open ocean / other,136,38,40.846928957642874,0.930302496900194,0.27941176470588236,0.13846153846153847,1.0,False,Normal,0.0,5
31.5_32.0,31.5,32.0,Eastern Mediterranean,183,31,33.395690509006144,0.9282634833269857,0.16939890710382513,0.10062893081761007,1.0,False,Normal,0.0,3
6.5_79.5,6.5,79.5,Dondra Head / Sri Lanka corridor,43,11,11.850963978450311,0.9281945350608021,0.2558139534883721,0.06896551724137931,1.0,False,Normal,0.0,2
31.5_31.5,31.5,31.5,Eastern Mediterranean,80,22,23.739823152407897,0.9267128848754111,0.275,0.0625,1.0,False,Normal,0.0,3
-6.0_106.5,-6.0,106.5,Open ocean / other,110,32,34.699279846646725,0.9222093409841305,0.2909090909090909,0.020833333333333332,1.0,False,Normal,0.0,2
8.0_104.5,8.0,104.5,Open ocean / other,37,13,14.11426129634918,0.9210542250172599,0.35135135135135137,0.0,1.0,False,Normal,0.2,5
42.0_14.5,42.0,14.5,Open ocean / other,27,15,16.445062409147756,0.9121278853679556,0.5555555555555556,1.0,1.0,False,Normal,0.25,4
11.5_-17.5,11.5,-17.5,Open ocean / other,48,25,27.489238265640786,0.90944680818049,0.5208333333333334,0.0,1.0,False,Normal,0.6666666666666666,3
-4.5_107.0,-4.5,107.0,Open ocean / other,94,51,56.09226766042357,0.9092162276046388,0.5425531914893617,0.07692307692307693,1.0,False,Normal,0.75,4
42.0_15.5,42.0,15.5,Open ocean / other,26,15,16.516531008914118,0.9081810212994706,0.5769230769230769,0.75,1.0,False,Normal,0.3333333333333333,3
39.0_122.5,39.0,122.5,Open ocean / other,57,35,38.662052644137766,0.9052804392502157,0.6140350877192983,0.0,1.0,False,Normal,0.6666666666666666,3
40.0_-74.0,40.0,-74.0,Open ocean / other,39,16,17.714413913881643,0.903219269786952,0.41025641025641024,0.07142857142857142,1.0,False,Normal,0.0,2
34.0_130.0,34.0,130.0,Open ocean / other,43,23,25.536642062448543,0.900666577216953,0.5348837209302325,0.0,1.0,False,Normal,1.0,1
13.0_100.5,13.0,100.5,Open ocean / other,125,47,52.203083477243894,0.9003299588708779,0.376,0.08108108108108109,1.0,False,Normal,0.0,1
49.0_-123.5,49.0,-123.5,Open ocean / other,36,12,13.329913603737547,0.9002308909665659,0.3333333333333333,0.0625,1.0,False,Normal,0.0,2
34.0_-7.5,34.0,-7.5,Open ocean / other,37,20,22.256349794801682,0.8986199527054213,0.5405405405405406,0.0,1.0,False,Normal,0.5,4
37.5_9.5,37.5,9.5,Open ocean / other,35,11,12.278838641320952,0.8958501957166061,0.3142857142857143,0.15789473684210525,1.0,False,Normal,0.2,5
37.0_23.5,37.0,23.5,Open ocean / other,45,8,8.955237272758009,0.8933319973928712,0.17777777777777778,0.0967741935483871,1.0,False,Normal,0.0,4
47.0_-2.5,47.0,-2.5,Open ocean / other,39,9,10.158521470332088,0.8859556999790231,0.23076923076923078,0.18181818181818182,1.0,False,Normal,0.2,5
54.0_5.5,54.0,5.5,Open ocean / other,35,12,13.555711349803346,0.8852357276089451,0.34285714285714286,0.0,1.0,False,Normal,0.4,5
37.0_27.0,37.0,27.0,Open ocean / other,59,31,35.023151451825356,0.8851287995211043,0.5254237288135594,0.0,1.0,False,Normal,0.75,4
39.0_26.5,39.0,26.5,Open ocean / other,55,24,27.20420239709823,0.8822166387998933,0.43636363636363634,0.0,1.0,False,Normal,0.4,5
38.0_26.0,38.0,26.0,Open ocean / other,55,23,26.11066039137403,0.8808662689971,0.41818181818181815,0.0,1.0,False,Normal,0.2,5
69.0_16.0,69.0,16.0,Open ocean / other,28,10,11.373982815011209,0.8791994996512702,0.35714285714285715,0.5,1.0,False,Normal,0.4444444444444444,9
52.0_2.5,52.0,2.5,Open ocean / other,110,30,34.272281167230624,0.8753429587489625,0.2727272727272727,0.1044776119402985,1.0,False,Normal,0.0,5
20.0_109.0,20.0,109.0,South China Sea,116,62,70.83971525875398,0.8752152627030553,0.5344827586206896,0.2857142857142857,1.0,False,Normal,1.0,1
-2.5_105.0,-2.5,105.0,Open ocean / other,33,8,9.175927542237044,0.8718464660031132,0.24242424242424243,0.21428571428571427,1.0,False,Normal,0.0,2
14.0_120.5,14.0,120.5,Open ocean / other,31,9,10.343349553397553,0.8701243203217188,0.2903225806451613,0.0,1.0,False,Normal,0.0,2
33.5_134.5,33.5,134.5,Open ocean / other,29,10,11.49449206668308,0.8699818958495015,0.3448275862068966,0.0,1.0,False,Normal,0.0,2
29.0_48.0,29.0,48.0,Persian Gulf,47,18,20.715419666091147,0.8689179504996469,0.3829787234042553,0.09090909090909091,1.0,False,Normal,0.0,2
-5.0_11.5,-5.0,11.5,Open ocean / other,41,14,16.117592963682466,0.8686160539942902,0.34146341463414637,0.0,1.0,False,Normal,0.0,1
37.0_26.0,37.0,26.0,Open ocean / other,29,8,9.24591360166632,0.8652471074960317,0.27586206896551724,0.0,1.0,False,Normal,0.2,5
15.0_95.0,15.0,95.0,Open ocean / other,174,108,124.97590804969293,0.8641665556617283,0.6206896551724138,,1.0,False,Normal,0.8,5
38.5_25.0,38.5,25.0,Open ocean / other,42,12,13.938983500036052,0.8608949138916021,0.2857142857142857,0.0,1.0,False,Normal,0.0,3
51.0_2.0,51.0,2.0,Dover Strait / English Channel,107,35,40.6863822614251,0.8602386856396328,0.32710280373831774,0.061224489795918366,1.0,False,Normal,0.2,5
42.0_41.5,42.0,41.5,Black Sea,37,11,12.808437189963227,0.8588089114118989,0.2972972972972973,0.0,1.0,False,Normal,0.0,3
35.5_-5.5,35.5,-5.5,Strait of Gibraltar,64,22,25.80117170713215,0.8526744540798742,0.34375,0.0,1.0,False,Normal,0.0,4
4.5_100.0,4.5,100.0,Strait of Malacca,41,21,24.67413114330654,0.8510937985225374,0.5121951219512195,0.4444444444444444,1.0,False,Normal,0.5,2
3.5_9.0,3.5,9.0,Gulf of Guinea,39,12,14.100683015758383,0.8510226055425301,0.3076923076923077,0.0,1.0,False,Normal,0.25,4
46.5_-124.5,46.5,-124.5,Open ocean / other,33,19,22.33254646878745,0.8507762438356458,0.5757575757575758,0.0,1.0,False,Normal,1.0,2
21.0_111.5,21.0,111.5,South China Sea,59,22,25.86985850253364,0.850410526901234,0.3728813559322034,0.0,1.0,False,Normal,0.0,1
10.0_-62.0,10.0,-62.0,Open ocean / other,29,11,12.975624193277111,0.8477434176692081,0.3793103448275862,0.0,1.0,False,Normal,0.0,1
22.5_70.0,22.5,70.0,India West Coast corridor,82,17,20.079908961289398,0.8466173842109079,0.2073170731707317,0.043478260869565216,1.0,False,Normal,0.0,2
49.5_-2.0,49.5,-2.0,Dover Strait / English Channel,27,9,10.666994862226877,0.8437240400171272,0.3333333333333333,0.125,1.0,False,Normal,0.2,5
8.5_-79.5,8.5,-79.5,Panama Canal approaches,27,7,8.371394939580593,0.8361808337226412,0.25925925925925924,0.0,1.0,False,Normal,0.0,1
-7.0_112.0,-7.0,112.0,Open ocean / other,30,7,8.440663415041238,0.8293186987560741,0.23333333333333334,0.07142857142857142,1.0,False,Normal,0.0,2
8.5_106.5,8.5,106.5,South China Sea,27,13,15.742635356416478,0.82578295855029,0.48148148148148145,0.2,1.0,False,Normal,0.6666666666666666,3
37.0_10.5,37.0,10.5,Open ocean / other,31,13,15.74753170491721,0.8255261995085055,0.41935483870967744,0.0,1.0,False,Normal,0.5,4
44.0_-9.5,44.0,-9.5,Open ocean / other,34,7,8.519095991378919,0.8216834282749953,0.20588235294117646,0.13333333333333333,1.0,False,Normal,0.2,5
50.5_-0.5,50.5,-0.5,Dover Strait / English Channel,25,8,9.860386395920738,0.8113272318932264,0.32,0.25,1.0,False,Normal,0.25,4
55.5_16.0,55.5,16.0,Open ocean / other,36,6,7.396003615963448,0.8112489273328193,0.16666666666666666,0.08333333333333333,1.0,False,Normal,0.0,5
34.5_134.5,34.5,134.5,Open ocean / other,130,40,49.43677127731142,0.809114328596084,0.3076923076923077,0.0,1.0,False,Normal,0.0,3
20.5_108.0,20.5,108.0,South China Sea,74,36,44.81005382726671,0.803391134917454,0.4864864864864865,0.0,1.0,False,Normal,0.5,2
-6.5_108.0,-6.5,108.0,Open ocean / other,35,11,13.694158542760887,0.8032622059728457,0.3142857142857143,0.07692307692307693,1.0,False,Normal,0.3333333333333333,3
49.5_-5.5,49.5,-5.5,Open ocean / other,26,8,9.966482078968847,0.8026904515166395,0.3076923076923077,0.0,1.0,False,Normal,0.25,4
38.0_123.0,38.0,123.0,Open ocean / other,63,31,38.6485084287388,0.8021008121738686,0.49206349206349204,0.0,1.0,False,Normal,0.6666666666666666,3
-34.0_-72.0,-34.0,-72.0,Open ocean / other,31,7,8.815073858121506,0.7940943107981742,0.22580645161290322,0.0,1.0,False,Normal,0.0,4
22.0_120.0,22.0,120.0,Taiwan Strait,29,8,10.172811402945433,0.7864099395063672,0.27586206896551724,0.1,1.0,False,Normal,0.0,2
37.5_24.0,37.5,24.0,Open ocean / other,54,12,15.305871950135993,0.7840128310947603,0.2222222222222222,0.03571428571428571,1.0,False,Normal,0.0,6
36.0_35.5,36.0,35.5,Eastern Mediterranean,45,19,24.235183642276127,0.7839841562766698,0.4222222222222222,0.2857142857142857,1.0,False,Normal,0.3333333333333333,6
52.0_3.0,52.0,3.0,Open ocean / other,98,22,28.16000626457957,0.7812498262002237,0.22448979591836735,0.038461538461538464,1.0,False,Normal,0.2,5
4.0_8.5,4.0,8.5,Gulf of Guinea,34,16,20.48935804940677,0.7808931817882526,0.47058823529411764,0.0,1.0,False,Normal,0.75,4
3.5_100.0,3.5,100.0,Strait of Malacca,26,4,5.132343434589343,0.7793710711255344,0.15384615384615385,0.09523809523809523,1.0,False,Normal,0.0,1
37.0_9.5,37.0,9.5,Open ocean / other,26,8,10.280000282758394,0.7782100953263194,0.3076923076923077,0.0,1.0,False,Normal,0.25,4
21.5_112.0,21.5,112.0,South China Sea,81,35,44.99298956946916,0.7778989645922508,0.43209876543209874,0.0,1.0,False,Normal,0.5,2
32.0_121.5,32.0,121.5,Open ocean / other,87,45,57.99745870210958,0.7758960652247197,0.5172413793103449,0.0,1.0,False,Normal,1.0,1
50.0_-1.0,50.0,-1.0,Dover Strait / English Channel,65,13,16.783411463052808,0.7745743485237401,0.2,0.07317073170731707,1.0,False,Normal,0.0,4
37.5_-122.5,37.5,-122.5,Open ocean / other,33,10,12.975795769753985,0.7706656437449151,0.30303030303030304,0.0,1.0,False,Normal,0.0,2
20.0_110.5,20.0,110.5,South China Sea,43,14,18.185339058746596,0.769850919731212,0.32558139534883723,0.2,1.0,False,Normal,0.0,2
4.5_99.0,4.5,99.0,Strait of Malacca,41,16,20.829152390819534,0.7681541572019038,0.3902439024390244,0.06666666666666667,1.0,False,Normal,0.5,2
-2.0_121.0,-2.0,121.0,Open ocean / other,27,5,6.521702805766072,0.7666709368570613,0.18518518518518517,0.11764705882352941,1.0,False,Normal,0.0,2
34.5_134.0,34.5,134.0,Open ocean / other,39,12,15.689050246650822,0.764864654733429,0.3076923076923077,0.0,1.0,False,Normal,0.0,3
53.5_6.0,53.5,6.0,Open ocean / other,42,11,14.39241728150127,0.7642913476486274,0.2619047619047619,0.18181818181818182,1.0,False,Normal,0.2,5
37.0_11.0,37.0,11.0,Open ocean / other,48,11,14.404983079047728,0.763624638754326,0.22916666666666666,0.0,1.0,False,Normal,0.0,5
8.5_-80.0,8.5,-80.0,Panama Canal approaches,71,11,14.437284480277109,0.7619161356158902,0.15492957746478872,0.061224489795918366,1.0,False,Normal,0.0,1
0.5_104.0,0.5,104.0,Open ocean / other,29,9,11.833786687921787,0.7605342429558828,0.3103448275862069,0.5,1.0,False,Normal,0.0,2
-7.0_134.5,-7.0,134.5,Open ocean / other,30,16,21.117128662264257,0.7576787666493491,0.5333333333333333,,1.0,False,Normal,0.75,4
34.0_134.5,34.0,134.5,Open ocean / other,69,19,25.13801189423218,0.755827472750917,0.2753623188405797,0.0625,1.0,False,Normal,0.0,3
8.5_104.0,8.5,104.0,Open ocean / other,33,15,19.865213516611377,0.7550887881198426,0.45454545454545453,0.0,1.0,False,Normal,0.6666666666666666,3
54.0_6.0,54.0,6.0,Open ocean / other,116,40,53.07160393676863,0.753698720838688,0.3448275862068966,0.0,1.0,False,Normal,0.2,5
26.0_-79.0,26.0,-79.0,Open ocean / other,51,9,11.995349014550253,0.7502907992992183,0.17647058823529413,0.025,1.0,False,Normal,0.0,3
36.5_35.5,36.5,35.5,Eastern Mediterranean,37,9,11.99668597836046,0.7502071835700408,0.24324324324324326,0.0,1.0,False,Normal,0.2,5
19.0_72.5,19.0,72.5,India West Coast corridor,25,6,8.015760474229456,0.7485253606678874,0.24,0.0,1.0,False,Normal,0.0,1
53.5_5.5,53.5,5.5,Open ocean / other,49,13,17.628150574666126,0.7374568276426364,0.2653061224489796,0.26666666666666666,1.0,False,Normal,0.0,5
53.0_1.0,53.0,1.0,Open ocean / other,46,14,18.990487537971493,0.7372111943944035,0.30434782608695654,0.09090909090909091,1.0,False,Normal,0.16666666666666666,6
9.5_103.5,9.5,103.5,Open ocean / other,37,20,27.136073393813916,0.737026308476867,0.5405405405405406,,1.0,False,Normal,1.0,1
54.5_7.5,54.5,7.5,Open ocean / other,33,15,20.361382138843933,0.7366886932191167,0.45454545454545453,0.0,1.0,False,Normal,0.6,5
52.5_4.0,52.5,4.0,Open ocean / other,57,15,20.375081348130212,0.7361933797322741,0.2631578947368421,0.037037037037037035,1.0,False,Normal,0.0,4
-6.5_107.5,-6.5,107.5,Open ocean / other,61,18,24.511879015701364,0.7343378281391604,0.29508196721311475,0.2,1.0,False,Normal,0.0,5
54.0_7.0,54.0,7.0,Open ocean / other,63,11,15.008136987927305,0.7329357407150874,0.1746031746031746,0.046511627906976744,1.0,False,Normal,0.2,5
54.0_-5.5,54.0,-5.5,Open ocean / other,38,18,24.691992704697014,0.728981261871828,0.47368421052631576,0.0,1.0,False,Normal,0.75,4
35.0_119.5,35.0,119.5,Open ocean / other,84,26,35.71091610493778,0.7280686925980304,0.30952380952380953,0.0,1.0,False,Normal,0.0,1
22.5_116.0,22.5,116.0,Open ocean / other,52,11,15.19083592495791,0.7241207827100192,0.21153846153846154,0.13636363636363635,1.0,False,Normal,0.0,2
51.5_1.5,51.5,1.5,Open ocean / other,52,11,15.211758694432842,0.7231248023955146,0.21153846153846154,0.03333333333333333,1.0,False,Normal,0.3333333333333333,6
10.0_-65.0,10.0,-65.0,Open ocean / other,37,5,6.92074076485251,0.7224660148221224,0.13513513513513514,0.13333333333333333,1.0,False,Normal,0.0,1
55.5_12.5,55.5,12.5,Open ocean / other,52,15,20.76877488095943,0.7222380754751127,0.28846153846153844,0.0,1.0,False,Normal,0.0,4
18.0_109.0,18.0,109.0,South China Sea,45,12,16.704243241271797,0.7183803436453291,0.26666666666666666,0.14285714285714285,1.0,False,Normal,0.0,2
1.0_105.0,1.0,105.0,Open ocean / other,37,16,22.288975681474565,0.7178436653461094,0.43243243243243246,0.0,1.0,False,Normal,0.0,1
-3.5_107.0,-3.5,107.0,Open ocean / other,30,7,9.799092157309378,0.714351889708327,0.23333333333333334,0.125,1.0,False,Normal,0.0,4
-2.5_118.5,-2.5,118.5,Open ocean / other,32,7,9.814872181487683,0.7132033785628963,0.21875,0.0,1.0,False,Normal,0.0,5
12.5_43.0,12.5,43.0,Bab-el-Mandeb,25,4,5.614454237194672,0.7124468080086528,0.16,0.0,1.0,False,Normal,0.3333333333333333,3
53.5_8.0,53.5,8.0,Open ocean / other,65,18,25.290459769202467,0.7117308330598068,0.27692307692307694,0.0,1.0,False,Normal,0.2,5
36.0_35.0,36.0,35.0,Eastern Mediterranean,69,24,33.83936411576923,0.7092331852895528,0.34782608695652173,0.041666666666666664,1.0,False,Normal,0.25,4
40.5_27.5,40.5,27.5,Turkish Straits (Bosphorus-Dardanelles),57,12,16.953041766939116,0.707837576581787,0.21052631578947367,0.0,1.0,False,Normal,0.0,3
12.5_101.0,12.5,101.0,Open ocean / other,55,13,18.37903094764201,0.7073278257724394,0.23636363636363636,0.0,1.0,False,Normal,0.0,2
15.5_94.5,15.5,94.5,Bay of Bengal,25,13,18.434204291691714,0.7052108023918935,0.52,,1.0,False,Normal,0.5,2
20.5_107.0,20.5,107.0,South China Sea,48,14,19.85657335421921,0.7050561922369762,0.2916666666666667,0.0,1.0,False,Normal,0.0,1
14.5_120.5,14.5,120.5,Open ocean / other,125,23,32.727203153268874,0.7027792717967928,0.184,0.10344827586206896,1.0,False,Normal,0.0,2
29.5_48.5,29.5,48.5,Persian Gulf,229,60,85.4114819270197,0.702481664599466,0.26200873362445415,0.010309278350515464,1.0,False,Normal,0.0,4
27.0_123.0,27.0,123.0,Open ocean / other,109,35,49.88984027626551,0.7015456414810538,0.3211009174311927,0.0,1.0,False,Normal,0.0,1
16.5_82.0,16.5,82.0,Bay of Bengal,31,9,12.857737994528021,0.6999675995754625,0.2903225806451613,0.0,1.0,False,Normal,0.0,2
52.5_4.5,52.5,4.5,Open ocean / other,26,9,12.87442273421357,0.6990604694129426,0.34615384615384615,,1.0,False,Normal,0.25,4
58.5_5.0,58.5,5.0,Open ocean / other,33,7,10.029331969483906,0.6979527670734993,0.21212121212121213,0.1,1.0,False,Normal,0.0,4
42.0_-10.5,42.0,-10.5,Open ocean / other,26,4,5.750266899160404,0.6956198851542074,0.15384615384615385,0.23076923076923078,1.0,False,Normal,0.0,4
38.0_122.0,38.0,122.0,Open ocean / other,36,13,18.725908834847676,0.6942253171609947,0.3611111111111111,0.14285714285714285,1.0,False,Normal,0.0,1
39.5_0.0,39.5,0.0,Open ocean / other,26,4,5.766555125942639,0.6936550353962209,0.15384615384615385,0.058823529411764705,1.0,False,Normal,0.0,5
13.0_109.5,13.0,109.5,South China Sea,25,10,14.501812949716653,0.6895689549074888,0.4,0.0,1.0,False,Normal,0.0,1
42.5_14.5,42.5,14.5,Open ocean / other,41,20,29.058479153121436,0.6882672659711999,0.4878048780487805,0.0,1.0,False,Normal,0.3333333333333333,3
20.5_106.5,20.5,106.5,South China Sea,38,12,17.449196789713124,0.6877107378990874,0.3157894736842105,0.0,1.0,False,Normal,0.0,1
37.0_122.5,37.0,122.5,Open ocean / other,52,12,17.476887251745488,0.6866211257843705,0.23076923076923078,0.0,1.0,False,Normal,0.0,1
54.0_14.0,54.0,14.0,Open ocean / other,29,5,7.299893191293762,0.6849415284545894,0.1724137931034483,0.0,1.0,False,Normal,0.0,4
40.0_26.0,40.0,26.0,Turkish Straits (Bosphorus-Dardanelles),62,11,16.07058080400214,0.6844805507751538,0.1774193548387097,0.027777777777777776,1.0,False,Normal,0.0,5
34.0_130.5,34.0,130.5,Open ocean / other,28,7,10.242701241391847,0.6834134702389106,0.25,0.07692307692307693,1.0,False,Normal,0.0,1
29.5_32.5,29.5,32.5,Suez Canal & Gulf of Suez,146,27,39.93136902733807,0.6761601381989956,0.18493150684931506,0.0,1.0,False,Normal,0.0,3
55.5_6.0,55.5,6.0,Open ocean / other,29,4,5.924837471600165,0.675124004527282,0.13793103448275862,0.09523809523809523,1.0,False,Normal,0.0,5
24.5_119.5,24.5,119.5,Taiwan Strait,33,7,10.37680693182843,0.6745813086807211,0.21212121212121213,0.1111111111111111,1.0,False,Normal,0.3333333333333333,3
49.5_-2.5,49.5,-2.5,Open ocean / other,36,6,8.91484118555519,0.6730349845964573,0.16666666666666666,0.041666666666666664,1.0,False,Normal,0.0,5
55.0_14.5,55.0,14.5,Open ocean / other,29,7,10.437695356460637,0.6706461302941936,0.2413793103448276,0.0,1.0,False,Normal,0.0,4
17.5_-16.5,17.5,-16.5,Open ocean / other,27,6,8.968578689222623,0.6690023255535562,0.2222222222222222,0.0,1.0,False,Normal,0.0,1
37.0_12.0,37.0,12.0,Open ocean / other,44,6,9.004362633710391,0.6663436651848399,0.13636363636363635,0.058823529411764705,1.0,False,Normal,0.0,5
48.0_-6.5,48.0,-6.5,Open ocean / other,26,4,6.005925067374953,0.6660089753248128,0.15384615384615385,0.15384615384615385,1.0,False,Normal,0.0,4
34.5_119.5,34.5,119.5,Open ocean / other,95,26,39.14073895094238,0.6642695231836957,0.2736842105263158,0.02857142857142857,1.0,False,Normal,0.0,1
40.0_22.5,40.0,22.5,Open ocean / other,26,12,18.06949634136912,0.6641026276159484,0.46153846153846156,0.0,1.0,False,Normal,0.75,4
58.5_21.0,58.5,21.0,Open ocean / other,30,3,4.53437335710435,0.6616129206254422,0.1,0.1,1.0,False,Normal,0.0,3
54.0_-4.0,54.0,-4.0,Open ocean / other,27,9,13.705708866301487,0.65666067240991,0.3333333333333333,0.0,1.0,False,Normal,0.3333333333333333,6
42.0_33.5,42.0,33.5,Black Sea,30,9,13.734439782566154,0.6552870115186039,0.3,0.0,1.0,False,Normal,0.2,5
9.5_106.5,9.5,106.5,South China Sea,52,9,13.736076216675572,0.6552089445364329,0.17307692307692307,0.07407407407407407,1.0,False,Normal,0.0,5
39.5_-73.0,39.5,-73.0,Open ocean / other,43,17,25.99142202400682,0.654061943371088,0.3953488372093023,,1.0,False,Normal,0.3333333333333333,3
41.0_29.0,41.0,29.0,Turkish Straits (Bosphorus-Dardanelles),99,20,30.57848445022416,0.6540546518110183,0.20202020202020202,0.0,1.0,False,Normal,0.0,3
36.0_-2.5,36.0,-2.5,Open ocean / other,50,7,10.755137045800938,0.6508517715943906,0.14,0.02857142857142857,1.0,False,Normal,0.0,4
39.0_123.0,39.0,123.0,Open ocean / other,88,32,49.18774141092885,0.6505685986405148,0.36363636363636365,0.0,1.0,False,Normal,0.0,3
52.5_1.5,52.5,1.5,Open ocean / other,39,10,15.385808111416466,0.6499496111991591,0.2564102564102564,0.1,1.0,False,Normal,0.0,5
45.5_13.5,45.5,13.5,Open ocean / other,32,5,7.695819843446162,0.6497033586691937,0.15625,0.0,1.0,False,Normal,0.0,4
38.5_26.0,38.5,26.0,Open ocean / other,73,23,35.56396301352995,0.6467220762559528,0.3150684931506849,0.0,1.0,False,Normal,0.2,5
56.5_7.5,56.5,7.5,Open ocean / other,37,7,10.827247462380125,0.6465170417801838,0.1891891891891892,0.041666666666666664,1.0,False,Normal,0.0,5
2.0_101.5,2.0,101.5,Strait of Malacca,66,9,13.934124875732115,0.645896321460025,0.13636363636363635,0.0196078431372549,1.0,False,Normal,0.0,2
25.5_119.5,25.5,119.5,Taiwan Strait,102,20,30.994486660220737,0.6452760524557616,0.19607843137254902,0.09090909090909091,1.0,False,Normal,0.3333333333333333,3
56.0_11.0,56.0,11.0,Open ocean / other,41,8,12.401925848183508,0.6450611056646294,0.1951219512195122,0.09090909090909091,1.0,False,Normal,0.0,4
11.0_-17.5,11.0,-17.5,Open ocean / other,29,10,15.50570486032728,0.6449239225225992,0.3448275862068966,0.0,1.0,False,Normal,0.3333333333333333,3
54.5_5.0,54.5,5.0,Open ocean / other,29,5,7.768359155206739,0.6436365646983189,0.1724137931034483,0.1875,1.0,False,Normal,0.0,5
40.5_-74.0,40.5,-74.0,Open ocean / other,28,6,9.36616332532452,0.6406038194718445,0.21428571428571427,0.0,1.0,False,Normal,0.0,3
5.5_79.5,5.5,79.5,Dondra Head / Sri Lanka corridor,26,4,6.277442482397356,0.6372021744868939,0.15384615384615385,0.0,1.0,False,Normal,0.0,2
50.0_-2.5,50.0,-2.5,Open ocean / other,46,10,15.711527634848684,0.6364753467905738,0.21739130434782608,0.19047619047619047,1.0,False,Normal,0.2,5
52.5_3.0,52.5,3.0,Open ocean / other,72,14,22.027906302160606,0.6355574518957715,0.19444444444444445,0.10256410256410256,1.0,False,Normal,0.0,5
40.5_27.0,40.5,27.0,Turkish Straits (Bosphorus-Dardanelles),48,7,11.08322944769513,0.6315848673019867,0.14583333333333334,0.05263157894736842,1.0,False,Normal,0.0,3
-7.0_108.5,-7.0,108.5,Open ocean / other,31,5,7.924219182065285,0.6309769940887542,0.16129032258064516,0.16666666666666666,1.0,False,Normal,0.0,3
40.0_18.5,40.0,18.5,Open ocean / other,25,5,7.928347884741404,0.6306484115843112,0.2,0.0,1.0,False,Normal,0.0,3
54.5_10.5,54.5,10.5,Open ocean / other,35,6,9.539898044791318,0.6289375391465463,0.17142857142857143,0.058823529411764705,1.0,False,Normal,0.0,5
-6.5_106.5,-6.5,106.5,Open ocean / other,66,10,15.941390678508348,0.6272978438124389,0.15151515151515152,0.0,1.0,False,Normal,0.0,2
5.5_0.0,5.5,0.0,Gulf of Guinea,38,5,8.0513888758981,0.6210108686921758,0.13157894736842105,0.038461538461538464,1.0,False,Normal,0.0,2
36.5_12.5,36.5,12.5,Open ocean / other,36,5,8.061098007665107,0.6202628965986542,0.1388888888888889,0.10714285714285714,1.0,False,Normal,0.0,5
3.0_105.0,3.0,105.0,South China Sea,42,5,8.081715586454273,0.6186805198119664,0.11904761904761904,0.02857142857142857,1.0,False,Normal,0.0,3
60.0_4.0,60.0,4.0,Open ocean / other,28,4,6.484917898949542,0.6168158274830186,0.14285714285714285,0.0,1.0,False,Normal,0.0,3
33.5_130.0,33.5,130.0,Open ocean / other,48,13,21.169432450065585,0.6140929866997792,0.2708333333333333,0.125,1.0,False,Normal,0.0,1
31.0_32.0,31.0,32.0,Suez Canal & Gulf of Suez,115,16,26.155141314803945,0.6117344122680736,0.1391304347826087,0.012048192771084338,1.0,False,Normal,0.0,3
34.0_132.5,34.0,132.5,Open ocean / other,28,5,8.177776196118753,0.6114131617313086,0.17857142857142858,0.0,1.0,False,Normal,0.0,2
53.0_5.0,53.0,5.0,Open ocean / other,45,17,27.81191794055683,0.6112487472577246,0.37777777777777777,0.0,1.0,False,Normal,0.5,4
33.5_135.0,33.5,135.0,Open ocean / other,25,6,9.833675226965822,0.6101482773751619,0.24,0.0,1.0,False,Normal,0.0,2
34.0_135.0,34.0,135.0,Open ocean / other,81,18,29.57574309888291,0.6086068552806664,0.2222222222222222,0.0,1.0,False,Normal,0.0,2
19.5_108.5,19.5,108.5,South China Sea,74,27,44.395000840482105,0.6081765849496219,0.36486486486486486,0.0,1.0,False,Normal,0.0,2
31.0_29.5,31.0,29.5,Eastern Mediterranean,105,16,26.366361611495584,0.6068338224195519,0.1523809523809524,0.0,1.0,False,Normal,0.3333333333333333,3
9.0_103.5,9.0,103.5,Open ocean / other,25,11,18.15237937267283,0.6059811650124364,0.44,,1.0,False,Normal,0.0,1
27.0_50.0,27.0,50.0,Persian Gulf,82,11,18.206381427510433,0.6041837607213174,0.13414634146341464,0.0967741935483871,1.0,False,Normal,0.0,3
54.5_12.5,54.5,12.5,Open ocean / other,42,8,13.335134947018112,0.59991893833732,0.19047619047619047,0.058823529411764705,1.0,False,Normal,0.0,4
36.5_27.0,36.5,27.0,Eastern Mediterranean,29,6,10.009493574293996,0.5994309257971825,0.20689655172413793,0.0,1.0,False,Normal,0.0,4
46.0_-3.0,46.0,-3.0,Open ocean / other,25,9,15.05230526346513,0.5979150596848942,0.36,,1.0,False,Normal,0.25,4
4.0_6.5,4.0,6.5,Gulf of Guinea,60,16,26.97126795417182,0.5932238716839849,0.26666666666666666,0.0,1.0,False,Normal,0.0,4
25.0_119.0,25.0,119.0,Taiwan Strait,38,9,15.176863439023165,0.5930079054977166,0.23684210526315788,0.0,1.0,False,Normal,0.0,1
31.0_33.5,31.0,33.5,Suez Canal & Gulf of Suez,54,9,15.227501997830116,0.5910358771440306,0.16666666666666666,0.0,1.0,False,Normal,0.0,2
34.5_35.5,34.5,35.5,Eastern Mediterranean,72,10,17.021264208177552,0.5875004275649328,0.1388888888888889,0.09302325581395349,1.0,False,Normal,0.0,6
38.5_26.5,38.5,26.5,Open ocean / other,151,32,54.59588085853604,0.5861248045968072,0.2119205298013245,0.013333333333333334,1.0,False,Normal,0.2,5
36.0_-3.5,36.0,-3.5,Open ocean / other,55,7,11.971085514611325,0.5847422935418964,0.12727272727272726,0.0,1.0,False,Normal,0.2,5
39.0_25.5,39.0,25.5,Open ocean / other,50,12,20.552760002872862,0.5838631890958996,0.24,0.0,1.0,False,Normal,0.0,4
4.0_96.0,4.0,96.0,Open ocean / other,37,7,12.024885772876743,0.5821261118163098,0.1891891891891892,0.2857142857142857,1.0,False,Normal,0.0,2
55.0_12.5,55.0,12.5,Open ocean / other,41,7,12.119174906566121,0.5775970768610186,0.17073170731707318,0.0,1.0,False,Normal,0.0,4
58.0_-0.5,58.0,-0.5,Open ocean / other,36,10,17.3196503872764,0.5773788602191611,0.2777777777777778,0.0,1.0,False,Normal,0.0,4
55.0_13.0,55.0,13.0,Open ocean / other,31,7,12.152311804710328,0.5760220863726313,0.22580645161290322,0.2857142857142857,1.0,False,Normal,0.0,4
34.5_135.0,34.5,135.0,Open ocean / other,148,26,45.17171113490636,0.575581472270342,0.17567567567567569,0.06666666666666667,1.0,False,Normal,0.0,2
28.0_48.5,28.0,48.5,Persian Gulf,95,20,34.78754116661955,0.5749184716507368,0.21052631578947367,0.2222222222222222,1.0,False,Normal,0.0,3
52.0_1.5,52.0,1.5,Open ocean / other,31,7,12.1990285430215,0.573816183420964,0.22580645161290322,0.1111111111111111,1.0,False,Normal,0.0,5
53.5_6.5,53.5,6.5,Open ocean / other,37,7,12.203597147580622,0.5736013664944486,0.1891891891891892,0.06666666666666667,1.0,False,Normal,0.0,5
3.5_-77.5,3.5,-77.5,Open ocean / other,26,4,6.992492095621373,0.5720421196478376,0.15384615384615385,0.0,1.0,False,Normal,0.0,1
53.5_-6.0,53.5,-6.0,Open ocean / other,27,9,15.737571833749397,0.5718798360430292,0.3333333333333333,0.0,1.0,False,Normal,0.25,4
18.0_108.5,18.0,108.5,South China Sea,35,12,20.999702172618875,0.5714366756899333,0.34285714285714286,0.0,1.0,False,Normal,0.5,2
42.0_15.0,42.0,15.0,Open ocean / other,48,20,35.37112624652658,0.5654329426947209,0.4166666666666667,,1.0,False,Normal,0.3333333333333333,3
55.0_13.5,55.0,13.5,Open ocean / other,29,4,7.076544772070336,0.5652476072485509,0.13793103448275862,0.0,1.0,False,Normal,0.0,4
36.0_-2.0,36.0,-2.0,Open ocean / other,26,3,5.31102346742451,0.5648628778239608,0.11538461538461539,0.0,1.0,False,Normal,0.0,4
36.5_26.5,36.5,26.5,Eastern Mediterranean,34,5,8.853460079513829,0.5647509510512827,0.14705882352941177,0.0,1.0,False,Normal,0.0,4
33.5_-8.0,33.5,-8.0,Open ocean / other,219,29,51.41436117961508,0.5640447403146576,0.1324200913242009,0.0,1.0,False,Normal,0.0,4
35.5_122.5,35.5,122.5,Open ocean / other,32,5,8.887138586941225,0.5626107831093135,0.15625,0.05263157894736842,1.0,False,Normal,0.0,1
53.0_1.5,53.0,1.5,Open ocean / other,43,12,21.421159903692683,0.5601937548643845,0.27906976744186046,0.4,1.0,False,Normal,0.2,5
32.0_-9.5,32.0,-9.5,Open ocean / other,28,4,7.143412860468871,0.5599564351286078,0.14285714285714285,0.0,1.0,False,Normal,0.0,3
56.0_-2.5,56.0,-2.5,Open ocean / other,41,13,23.22132307188482,0.5598302887288851,0.3170731707317073,0.0,1.0,False,Normal,0.0,5
36.5_12.0,36.5,12.0,Open ocean / other,27,5,8.94078580157188,0.5592349611060976,0.18518518518518517,0.0,1.0,False,Normal,0.0,5
39.0_26.0,39.0,26.0,Open ocean / other,29,10,17.9542221888412,0.5569720534156661,0.3448275862068966,0.0,1.0,False,Normal,0.2,5
53.0_2.5,53.0,2.5,Open ocean / other,28,5,9.039539179957634,0.5531255410769107,0.17857142857142858,0.0,1.0,False,Normal,0.0,5
26.5_50.0,26.5,50.0,Persian Gulf,146,26,47.11822045625175,0.5518035220396416,0.1780821917808219,0.17307692307692307,1.0,False,Normal,0.0,3
1.0_103.0,1.0,103.0,Singapore Strait,80,10,18.15092673671719,0.5509360566020675,0.125,0.019230769230769232,1.0,False,Normal,0.0,1
36.0_-4.0,36.0,-4.0,Open ocean / other,32,3,5.473722117311958,0.5480731275180706,0.09375,0.04,1.0,False,Normal,0.0,3
-4.0_115.5,-4.0,115.5,Open ocean / other,66,9,16.441078186985486,0.5474093546446526,0.13636363636363635,0.11538461538461539,1.0,False,Normal,0.0,1
21.0_108.5,21.0,108.5,South China Sea,189,60,109.75790598405963,0.5466576595285438,0.31746031746031744,0.038461538461538464,1.0,False,Normal,0.0,2
63.0_7.5,63.0,7.5,Open ocean / other,26,5,9.192964788429203,0.543894175064533,0.19230769230769232,0.14285714285714285,1.0,False,Normal,0.0,5
-3.0_107.0,-3.0,107.0,Open ocean / other,33,6,11.05409006498875,0.5427855178241762,0.18181818181818182,0.0,1.0,False,Normal,0.0,3
36.5_34.5,36.5,34.5,Eastern Mediterranean,37,8,14.75377351974563,0.5422341605890347,0.21621621621621623,0.0,1.0,False,Normal,0.25,4
-4.0_114.0,-4.0,114.0,Open ocean / other,89,10,18.461015199486518,0.5416820197557795,0.11235955056179775,0.05,1.0,False,Normal,0.0,1
56.0_16.5,56.0,16.5,Open ocean / other,27,3,5.579632527725421,0.5376698169803975,0.1111111111111111,0.13333333333333333,1.0,False,Normal,0.2,5
41.0_30.5,41.0,30.5,Black Sea,29,4,7.446942623095688,0.5371331837034087,0.13793103448275862,0.0,1.0,False,Normal,0.25,4
34.0_127.5,34.0,127.5,Open ocean / other,25,5,9.317501035377006,0.5366245714398988,0.2,0.0,1.0,False,Normal,0.5,2
51.0_3.5,51.0,3.5,Open ocean / other,29,5,9.318943964399319,0.5365414814276427,0.1724137931034483,0.0,1.0,False,Normal,0.25,4
-3.0_122.0,-3.0,122.0,Open ocean / other,47,7,13.123481947715161,0.5333950264029373,0.14893617021276595,0.0,1.0,False,Normal,0.0,2
49.5_-6.0,49.5,-6.0,Open ocean / other,43,12,22.79096895260072,0.5265243450138901,0.27906976744186046,0.16666666666666666,1.0,False,Normal,0.0,4
38.0_119.0,38.0,119.0,Open ocean / other,60,8,15.208442760400809,0.5260236124128441,0.13333333333333333,0.03125,1.0,False,Normal,0.0,1
29.0_48.5,29.0,48.5,Persian Gulf,29,6,11.410657157329478,0.5258242288127974,0.20689655172413793,0.07692307692307693,1.0,False,Normal,0.25,4
0.5_118.0,0.5,118.0,Open ocean / other,55,7,13.322634963516364,0.5254215865832315,0.12727272727272726,0.034482758620689655,1.0,False,Normal,0.0,2
22.0_-98.0,22.0,-98.0,Open ocean / other,42,5,9.54893074076862,0.5236188360496513,0.11904761904761904,0.0,1.0,False,Normal,0.0,4
51.0_-3.5,51.0,-3.5,Open ocean / other,33,6,11.552794813008473,0.5193548485119797,0.18181818181818182,0.0,1.0,False,Normal,0.0,5
-0.5_117.5,-0.5,117.5,Open ocean / other,151,20,38.56822052964697,0.5185616480445661,0.13245033112582782,0.05263157894736842,1.0,False,Normal,0.0,2
-7.0_112.5,-7.0,112.5,Open ocean / other,43,6,11.678397845109338,0.5137691042536859,0.13953488372093023,0.05263157894736842,1.0,False,Normal,0.0,1
53.0_4.5,53.0,4.5,Open ocean / other,62,11,21.59944058966977,0.5092724487161442,0.1774193548387097,0.08333333333333333,1.0,False,Normal,0.0,4
58.0_0.0,58.0,0.0,Open ocean / other,27,7,13.760849627970842,0.5086895205781136,0.25925925925925924,0.0,1.0,False,Normal,0.3333333333333333,3
-5.5_106.5,-5.5,106.5,Open ocean / other,43,7,13.777767424352653,0.5080648979186041,0.16279069767441862,0.14285714285714285,1.0,False,Normal,0.0,2
19.5_109.0,19.5,109.0,South China Sea,33,7,13.844593743053288,0.5056125249982395,0.21212121212121213,0.0,1.0,False,Normal,0.0,1
56.0_18.5,56.0,18.5,Open ocean / other,26,3,5.94411940875711,0.5047004936644245,0.11538461538461539,0.05,1.0,False,Normal,0.2,5
36.0_-6.5,36.0,-6.5,Strait of Gibraltar,25,5,9.95257986186636,0.5023823038243246,0.2,0.0,1.0,False,Normal,0.0,2
54.5_13.0,54.5,13.0,Open ocean / other,25,4,7.975394644788549,0.5015425791642505,0.16,0.0,1.0,False,Normal,0.0,4
3.5_5.5,3.5,5.5,Gulf of Guinea,27,5,9.969961353898652,0.5015064574994366,0.18518518518518517,0.0,1.0,False,Normal,0.0,3
40.5_14.0,40.5,14.0,Open ocean / other,34,5,9.975233221623025,0.5012414135001519,0.14705882352941177,0.0,1.0,False,Normal,0.2,5
50.0_-1.5,50.0,-1.5,Dover Strait / English Channel,65,8,15.9629877067798,0.5011593159720495,0.12307692307692308,0.022727272727272728,1.0,False,Normal,0.0,5
40.5_28.0,40.5,28.0,Turkish Straits (Bosphorus-Dardanelles),58,8,15.972655102715867,0.5008559909767125,0.13793103448275862,0.02857142857142857,1.0,False,Normal,0.0,4
56.5_7.0,56.5,7.0,Open ocean / other,34,4,8.049977288744499,0.4968958118171105,0.11764705882352941,0.0,1.0,False,Normal,0.0,5
-8.5_139.0,-8.5,139.0,Open ocean / other,59,21,42.54589762766966,0.4935846032389896,0.3559322033898305,,1.0,False,Normal,0.6666666666666666,3
39.5_25.5,39.5,25.5,Open ocean / other,139,17,34.48968983035502,0.4929009244101112,0.1223021582733813,0.010638297872340425,1.0,False,Normal,0.0,4
45.0_13.0,45.0,13.0,Open ocean / other,26,7,14.202050089412102,0.4928865872131118,0.2692307692307692,0.0,1.0,False,Normal,0.2,5
40.5_25.5,40.5,25.5,Turkish Straits (Bosphorus-Dardanelles),40,13,26.697784117922275,0.48693179713267193,0.325,,1.0,False,Normal,0.0,4
38.5_119.0,38.5,119.0,Open ocean / other,48,4,8.27650291604194,0.4832959089819199,0.08333333333333333,0.05,1.0,False,Normal,0.0,1
50.5_0.5,50.5,0.5,Dover Strait / English Channel,81,16,33.10911448666725,0.48325061687901855,0.19753086419753085,0.027777777777777776,1.0,False,Normal,0.0,5
51.0_2.5,51.0,2.5,Open ocean / other,198,23,47.935507163448655,0.4798113415505438,0.11616161616161616,0.022556390977443608,1.0,False,Normal,0.0,5
3.5_105.5,3.5,105.5,South China Sea,30,3,6.2561154358074225,0.47953079363421564,0.1,0.0,1.0,False,Normal,0.0,3
9.5_-14.5,9.5,-14.5,Open ocean / other,45,5,10.43571172799832,0.4791240051778483,0.1111111111111111,0.027777777777777776,1.0,False,Normal,0.0,1
46.0_-2.5,46.0,-2.5,Open ocean / other,36,10,20.928233572852513,0.47782341329426414,0.2777777777777778,0.0,1.0,False,Normal,0.4,5
27.5_49.0,27.5,49.0,Persian Gulf,65,12,25.12709465859715,0.47757212535092036,0.18461538461538463,0.14285714285714285,1.0,False,Normal,0.0,3
50.5_0.0,50.5,0.0,Dover Strait / English Channel,45,8,16.870517353204953,0.4742000397800611,0.17777777777777778,0.0,1.0,False,Normal,0.0,5
55.5_15.0,55.5,15.0,Open ocean / other,42,6,12.668834575964597,0.47360315299903294,0.14285714285714285,0.1,1.0,False,Normal,0.0,5
56.0_7.5,56.0,7.5,Open ocean / other,33,7,14.782097634623561,0.473545783083191,0.21212121212121213,0.16666666666666666,1.0,False,Normal,0.0,5
18.5_72.5,18.5,72.5,India West Coast corridor,64,9,19.021308642791187,0.4731535652469882,0.140625,0.0,1.0,False,Normal,0.0,1
49.0_-4.5,49.0,-4.5,Open ocean / other,37,4,8.461918883802072,0.4727060203397669,0.10810810810810811,0.125,1.0,False,Normal,0.0,4
55.0_8.0,55.0,8.0,Open ocean / other,32,6,12.746689293605478,0.4707104615007733,0.1875,0.0,1.0,False,Normal,0.0,5
1.5_102.5,1.5,102.5,Strait of Malacca,38,3,6.38435857889,0.46989841860066506,0.07894736842105263,0.05714285714285714,1.0,False,Normal,0.0,1
54.0_11.0,54.0,11.0,Open ocean / other,29,6,12.816627012812727,0.4681418905303108,0.20689655172413793,0.0,1.0,False,Normal,0.0,4
50.5_-1.5,50.5,-1.5,Dover Strait / English Channel,71,10,21.467301791827747,0.46582472715815815,0.14084507042253522,0.02631578947368421,1.0,False,Normal,0.0,5
27.5_49.5,27.5,49.5,Persian Gulf,30,4,8.610795163862193,0.46453317305551645,0.13333333333333333,0.0,1.0,False,Normal,0.0,3
15.0_94.5,15.0,94.5,Bay of Bengal,40,13,28.173926917522635,0.46141952586363505,0.325,,1.0,False,Normal,0.0,2
-1.5_116.5,-1.5,116.5,Open ocean / other,124,14,30.369317527733937,0.46099159084542773,0.11290322580645161,0.11428571428571428,1.0,False,Normal,0.0,3
26.5_50.5,26.5,50.5,Persian Gulf,32,5,10.854669132316577,0.460631267434396,0.15625,0.09090909090909091,1.0,False,Normal,0.0,3
4.5_5.0,4.5,5.0,Gulf of Guinea,29,8,17.369807873309405,0.46056928541465725,0.27586206896551724,0.0,1.0,False,Normal,0.0,3
35.5_129.5,35.5,129.5,Open ocean / other,26,4,8.746658915211727,0.4573174784537912,0.15384615384615385,0.08333333333333333,1.0,False,Normal,0.0,1
36.5_122.0,36.5,122.0,Open ocean / other,77,17,37.50969198908013,0.45321619822815556,0.22077922077922077,0.058823529411764705,1.0,False,Normal,0.0,1
27.0_49.5,27.0,49.5,Persian Gulf,154,20,44.264815080070164,0.4518261279036681,0.12987012987012986,0.0821917808219178,1.0,False,Normal,0.0,3
50.0_-0.5,50.0,-0.5,Dover Strait / English Channel,79,12,26.767600584994188,0.4483031626946478,0.1518987341772152,0.10526315789473684,1.0,False,Normal,0.0,6
49.5_-1.5,49.5,-1.5,Dover Strait / English Channel,29,7,15.673993292858476,0.4465996551873862,0.2413793103448276,0.0,1.0,False,Normal,0.0,5
3.0_117.5,3.0,117.5,South China Sea,51,7,15.683155179748729,0.44633875771623605,0.13725490196078433,0.0,1.0,False,Normal,0.0,3
56.0_6.0,56.0,6.0,Open ocean / other,25,3,6.732155346001453,0.445622515496741,0.12,0.07692307692307693,1.0,False,Normal,0.0,5
43.5_29.0,43.5,29.0,Black Sea,39,11,24.7173180822441,0.44503210111221353,0.28205128205128205,0.0,1.0,False,Normal,0.0,4
23.5_117.5,23.5,117.5,Taiwan Strait,36,4,8.992717891511917,0.4448043459447934,0.1111111111111111,0.0,1.0,False,Normal,0.0,2
1.5_102.0,1.5,102.0,Strait of Malacca,29,3,6.752876909985168,0.444255098973304,0.10344827586206896,0.05263157894736842,1.0,False,Normal,0.0,2
54.5_-1.0,54.5,-1.0,Open ocean / other,30,4,9.020138468561983,0.443452172485074,0.13333333333333333,0.1875,1.0,False,Normal,0.0,4
48.5_-6.5,48.5,-6.5,Open ocean / other,25,4,9.024385945476809,0.4432434543654325,0.16,0.23076923076923078,1.0,False,Normal,0.0,4
15.0_108.5,15.0,108.5,South China Sea,30,4,9.059379819074943,0.4415313277381102,0.13333333333333333,0.0625,1.0,False,Normal,0.0,1
-8.0_109.0,-8.0,109.0,Open ocean / other,32,3,6.799621687969511,0.44120101641946696,0.09375,0.04,1.0,False,Normal,0.0,4
54.0_5.0,54.0,5.0,Open ocean / other,30,3,6.830931184070471,0.4391787765328263,0.1,0.0,1.0,False,Normal,0.0,5
52.0_4.0,52.0,4.0,Open ocean / other,83,11,25.263088127255035,0.43541786912949376,0.13253012048192772,0.0,1.0,False,Normal,0.0,4
4.0_100.0,4.0,100.0,Strait of Malacca,65,17,39.043063045346756,0.4354166572498491,0.26153846153846155,0.0,1.0,False,Normal,0.0,2
5.5_80.0,5.5,80.0,Dondra Head / Sri Lanka corridor,33,3,6.912020904361425,0.434026465126433,0.09090909090909091,0.08,1.0,False,Normal,0.0,2
52.0_3.5,52.0,3.5,Open ocean / other,111,11,25.440181990616704,0.4323868439328466,0.0990990990990991,0.02631578947368421,1.0,False,Normal,0.0,5
21.0_108.0,21.0,108.0,South China Sea,133,28,64.84916253642093,0.4317711887840416,0.21052631578947367,0.03333333333333333,1.0,False,Normal,0.0,2
54.5_6.0,54.5,6.0,Open ocean / other,27,3,6.953423474177292,0.4314421538025125,0.1111111111111111,0.3333333333333333,1.0,False,Normal,0.0,5
56.0_11.5,56.0,11.5,Open ocean / other,31,8,18.71470118879145,0.4274714257682797,0.25806451612903225,0.3333333333333333,1.0,False,Normal,0.0,4
50.0_-2.0,50.0,-2.0,Dover Strait / English Channel,50,5,11.725594062751327,0.4264176273919878,0.1,0.058823529411764705,1.0,False,Normal,0.0,5
50.5_1.0,50.5,1.0,Dover Strait / English Channel,114,17,40.07068424553811,0.42425030468235536,0.14912280701754385,0.03773584905660377,1.0,False,Normal,0.0,5
56.0_12.0,56.0,12.0,Open ocean / other,47,7,16.595352304178423,0.42180484461529155,0.14893617021276595,0.10526315789473684,1.0,False,Normal,0.0,4
68.5_16.5,68.5,16.5,Open ocean / other,33,6,14.23400845709897,0.4215256733957891,0.18181818181818182,0.14285714285714285,1.0,False,Normal,0.2857142857142857,7
34.0_128.0,34.0,128.0,Open ocean / other,26,4,9.504565480255579,0.42085038062070773,0.15384615384615385,0.0,1.0,False,Normal,0.0,2
29.5_49.5,29.5,49.5,Persian Gulf,51,4,9.523697657363243,0.4200049333682282,0.0784313725490196,0.022222222222222223,1.0,False,Normal,0.0,2
49.0_-5.5,49.0,-5.5,Open ocean / other,32,3,7.156518742340592,0.4191982314321206,0.09375,0.043478260869565216,1.0,False,Normal,0.0,4
0.0_127.5,0.0,127.5,Open ocean / other,43,4,9.551978346267886,0.41876141831528185,0.09302325581395349,0.08,1.0,False,Normal,0.0,2
44.0_8.5,44.0,8.5,Open ocean / other,43,4,9.575792025830953,0.4177200161835067,0.09302325581395349,0.029411764705882353,1.0,False,Normal,0.0,4
22.5_114.5,22.5,114.5,Open ocean / other,38,6,14.365344808647288,0.41767184010705205,0.15789473684210525,0.0,1.0,False,Normal,0.0,1
51.5_3.0,51.5,3.0,Open ocean / other,242,25,59.94482334940458,0.4170501905440734,0.10330578512396695,0.03496503496503497,1.0,False,Normal,0.0,5
9.0_-14.0,9.0,-14.0,Open ocean / other,33,3,7.202139006778744,0.4165429183158451,0.09090909090909091,0.0,1.0,False,Normal,0.0,1
34.5_127.5,34.5,127.5,Open ocean / other,93,12,28.834309468315944,0.4161708818858999,0.12903225806451613,0.0,1.0,False,Normal,0.0,2
52.0_2.0,52.0,2.0,Open ocean / other,47,6,14.497123777373425,0.4138751998078804,0.1276595744680851,0.038461538461538464,1.0,False,Normal,0.0,5
57.0_7.5,57.0,7.5,Open ocean / other,32,5,12.131162385954587,0.4121616577970286,0.15625,0.0,1.0,False,Normal,0.0,5
50.0_0.5,50.0,0.5,Dover Strait / English Channel,69,10,24.483480645444402,0.40843865889879843,0.14492753623188406,0.034482758620689655,1.0,False,Normal,0.0,5
52.5_2.5,52.5,2.5,Open ocean / other,58,8,19.588689638971978,0.40839893568398195,0.13793103448275862,0.041666666666666664,1.0,False,Normal,0.0,5
51.0_1.0,51.0,1.0,Dover Strait / English Channel,58,8,19.752038809492127,0.4050214804233518,0.13793103448275862,0.0,1.0,False,Normal,0.0,5
33.0_132.0,33.0,132.0,Open ocean / other,27,3,7.409327914663514,0.40489502348287437,0.1111111111111111,0.0,1.0,False,Normal,0.0,2
4.0_7.5,4.0,7.5,Gulf of Guinea,96,19,46.95010273480296,0.4046849504743632,0.19791666666666666,0.3076923076923077,1.0,False,Normal,0.0,3
56.0_7.0,56.0,7.0,Open ocean / other,31,4,9.914199135670948,0.40346173657215917,0.12903225806451613,0.16666666666666666,1.0,False,Normal,0.0,5
4.0_99.5,4.0,99.5,Strait of Malacca,28,5,12.403745545720684,0.4031040447879076,0.17857142857142858,0.0,1.0,False,Normal,0.0,3
53.5_-4.0,53.5,-4.0,Open ocean / other,38,7,17.39118988052063,0.40250264922013745,0.18421052631578946,0.0,1.0,False,Normal,0.0,5
37.0_11.5,37.0,11.5,Open ocean / other,26,2,5.016858094269777,0.3986558843042396,0.07692307692307693,0.05,1.0,False,Normal,0.0,5
47.5_-7.0,47.5,-7.0,Open ocean / other,25,2,5.017575206870994,0.39859890834545525,0.08,0.0,1.0,False,Normal,0.0,4
36.0_122.0,36.0,122.0,Open ocean / other,25,5,12.604480744448612,0.39668433007064957,0.2,0.0,1.0,False,Normal,0.0,1
43.0_14.5,43.0,14.5,Open ocean / other,31,4,10.112990907278704,0.3955308609168281,0.12903225806451613,0.0,1.0,False,Normal,0.0,5
38.0_121.5,38.0,121.5,Open ocean / other,31,4,10.133910987297478,0.3947143412857946,0.12903225806451613,0.0,1.0,False,Normal,0.0,1
55.0_19.0,55.0,19.0,Open ocean / other,30,7,17.735229634037672,0.3946946357303157,0.23333333333333334,,1.0,False,Normal,0.0,3
-6.0_106.0,-6.0,106.0,Sunda Strait,93,9,22.80799161818161,0.3945985315438981,0.0967741935483871,0.075,1.0,False,Normal,0.0,2
34.5_128.0,34.5,128.0,Open ocean / other,64,14,35.69230964125033,0.3922413578923991,0.21875,0.0,1.0,False,Normal,0.0,2
39.0_-10.0,39.0,-10.0,Open ocean / other,25,3,7.686880066256179,0.39027537494299963,0.12,0.0,1.0,False,Normal,0.0,2
54.0_11.5,54.0,11.5,Open ocean / other,47,5,12.863537256211007,0.3886955741964217,0.10638297872340426,0.05,1.0,False,Normal,0.0,4
-2.5_104.5,-2.5,104.5,Open ocean / other,79,7,18.017760353375085,0.38850555578006457,0.08860759493670886,0.0425531914893617,1.0,False,Normal,0.0,2
44.0_12.5,44.0,12.5,Open ocean / other,25,5,12.947765992138404,0.3861670038704661,0.2,0.0,1.0,False,Normal,0.0,4
34.0_132.0,34.0,132.0,Open ocean / other,39,5,12.955717590938852,0.38592999306321474,0.1282051282051282,0.0,1.0,False,Normal,0.0,2
0.5_117.5,0.5,117.5,Open ocean / other,77,6,15.55079141964161,0.3858324530301158,0.07792207792207792,0.061224489795918366,1.0,False,Normal,0.0,2
26.0_119.5,26.0,119.5,Open ocean / other,63,7,18.329020794687686,0.38190801780468353,0.1111111111111111,0.0,1.0,False,Normal,0.0,2
20.0_110.0,20.0,110.0,South China Sea,51,7,18.330529746636564,0.3818765794962591,0.13725490196078433,0.0,1.0,False,Normal,0.0,2
25.0_119.5,25.0,119.5,Taiwan Strait,100,12,31.461986402568424,0.381412662457332,0.12,0.13043478260869565,1.0,False,Normal,0.3333333333333333,3
4.0_8.0,4.0,8.0,Gulf of Guinea,133,25,65.73261737922434,0.3803286860733098,0.18796992481203006,0.125,1.0,False,Normal,0.0,3
38.5_122.0,38.5,122.0,Open ocean / other,26,3,7.9070494427646345,0.37940827633816776,0.11538461538461539,0.07142857142857142,1.0,False,Normal,0.0,1
27.5_48.5,27.5,48.5,Persian Gulf,32,5,13.182159278333637,0.3793005299380704,0.15625,0.5,1.0,False,Normal,0.0,2
4.0_5.5,4.0,5.5,Gulf of Guinea,53,12,31.673670424675553,0.37886357466961995,0.22641509433962265,0.0,1.0,False,Normal,0.0,3
36.0_-3.0,36.0,-3.0,Open ocean / other,46,4,10.579738855967317,0.37808116575050144,0.08695652173913043,0.06451612903225806,1.0,False,Normal,0.0,4
54.0_8.0,54.0,8.0,Open ocean / other,87,15,39.84916718028646,0.37641941002522533,0.1724137931034483,0.0,1.0,False,Normal,0.0,5
59.0_10.5,59.0,10.5,Open ocean / other,31,4,10.667322041228495,0.37497696090361426,0.12903225806451613,0.0,1.0,False,Normal,0.0,3
57.5_9.5,57.5,9.5,Open ocean / other,49,8,21.633969823907275,0.3697888119987741,0.16326530612244897,0.0625,1.0,False,Normal,0.0,4
22.5_120.0,22.5,120.0,Taiwan Strait,77,9,24.390516733586363,0.36899587238374376,0.11688311688311688,0.06666666666666667,1.0,False,Normal,0.0,2
-9.0_115.5,-9.0,115.5,Lombok Strait,31,3,8.130387383232843,0.3689861083602053,0.0967741935483871,0.06666666666666667,1.0,False,Normal,0.0,3
53.5_4.0,53.5,4.0,Open ocean / other,32,3,8.231105555535649,0.3644710883317996,0.09375,0.047619047619047616,1.0,False,Normal,0.0,6
33.5_131.0,33.5,131.0,Open ocean / other,68,7,19.29375600412661,0.36281167847788776,0.10294117647058823,0.041666666666666664,1.0,False,Normal,0.0,1
37.5_10.0,37.5,10.0,Open ocean / other,41,3,8.285915211362232,0.3620601856854857,0.07317073170731707,0.0,1.0,False,Normal,0.0,4
38.5_123.0,38.5,123.0,Open ocean / other,100,24,66.41144238676382,0.3613835076827564,0.24,0.0,1.0,False,Normal,0.0,3
22.5_69.5,22.5,69.5,India West Coast corridor,104,9,25.113532554738427,0.3583725220808045,0.08653846153846154,0.014285714285714285,1.0,False,Normal,0.0,2
34.5_136.5,34.5,136.5,Open ocean / other,169,15,41.86791241342774,0.35826959443025036,0.08875739644970414,0.047058823529411764,1.0,False,Normal,0.0,3
51.0_3.0,51.0,3.0,Open ocean / other,51,6,16.752168083450993,0.3581625954390486,0.11764705882352941,0.0,1.0,False,Normal,0.0,5
12.0_-17.5,12.0,-17.5,Open ocean / other,25,5,13.992023791895553,0.3573464478309489,0.2,,1.0,False,Normal,0.3333333333333333,3
43.0_-10.0,43.0,-10.0,Open ocean / other,32,3,8.398436623599629,0.357209339601372,0.09375,0.0,1.0,False,Normal,0.2,5
54.0_7.5,54.0,7.5,Open ocean / other,100,16,44.96173273110776,0.35585817156308236,0.16,0.0,1.0,False,Normal,0.0,5
34.0_133.0,34.0,133.0,Open ocean / other,33,4,11.254218655908105,0.35542227517501873,0.12121212121212122,0.0,1.0,False,Normal,0.0,1
41.0_36.0,41.0,36.0,Black Sea,69,6,16.921257122957304,0.35458358421016584,0.08695652173913043,0.0,1.0,False,Normal,0.0,4
20.0_109.5,20.0,109.5,South China Sea,54,10,28.49328075182002,0.3509599363829399,0.18518518518518517,0.0,1.0,False,Normal,0.0,1
-8.0_113.5,-8.0,113.5,Open ocean / other,38,3,8.553982602674337,0.3507138299605698,0.07894736842105263,0.0,1.0,False,Normal,0.0,2
50.0_-3.5,50.0,-3.5,Open ocean / other,36,6,17.323920876908257,0.3463419189357785,0.16666666666666666,0.0,1.0,False,Normal,0.0,5
18.5_-93.5,18.5,-93.5,Open ocean / other,27,3,8.746339440716179,0.3430006370475773,0.1111111111111111,0.0,1.0,False,Normal,0.0,3
31.5_122.5,31.5,122.5,Open ocean / other,99,16,46.80221142450941,0.34186418788794903,0.16161616161616163,0.0,1.0,False,Normal,0.0,1
53.5_-3.5,53.5,-3.5,Open ocean / other,27,4,11.77478610514285,0.33970893095484156,0.14814814814814814,0.0,1.0,False,Normal,0.0,5
36.0_-5.0,36.0,-5.0,Open ocean / other,86,5,14.735280891562695,0.3393216618532844,0.05813953488372093,0.02564102564102564,1.0,False,Normal,0.0,3
37.5_11.5,37.5,11.5,Open ocean / other,30,5,14.852852423984249,0.3366356749041717,0.16666666666666666,0.0,1.0,False,Normal,0.2,5
28.5_121.5,28.5,121.5,Open ocean / other,45,5,14.96815575016728,0.3340424888312724,0.1111111111111111,0.09090909090909091,1.0,False,Normal,0.0,1
-4.0_114.5,-4.0,114.5,Open ocean / other,25,2,6.000480998528095,0.3333066133349302,0.08,0.0,1.0,False,Normal,0.0,1
57.5_10.0,57.5,10.0,Open ocean / other,27,3,9.068363074715238,0.33082045516734065,0.1111111111111111,0.0,1.0,False,Normal,0.0,4
11.5_43.0,11.5,43.0,Open ocean / other,76,5,15.16279383887247,0.3297545329134283,0.06578947368421052,0.03333333333333333,1.0,False,Normal,0.0,3
41.5_29.0,41.5,29.0,Black Sea,33,3,9.144056041980175,0.328081978744122,0.09090909090909091,0.0625,1.0,False,Normal,0.0,3
34.0_133.5,34.0,133.5,Open ocean / other,54,6,18.416608887493766,0.3257928773236012,0.1111111111111111,0.1,1.0,False,Normal,0.0,2
2.0_102.0,2.0,102.0,Strait of Malacca,45,3,9.280036824949043,0.3232745792489323,0.06666666666666667,0.05555555555555555,1.0,False,Normal,0.0,2
22.0_113.5,22.0,113.5,Open ocean / other,149,18,55.71414959726182,0.3230777123965048,0.12080536912751678,0.0,1.0,False,Normal,0.0,1
55.5_10.5,55.5,10.5,Open ocean / other,48,4,12.408767748320578,0.3223527171375551,0.08333333333333333,0.0,1.0,False,Normal,0.0,4
51.0_1.5,51.0,1.5,Dover Strait / English Channel,134,10,31.06418706759748,0.32191410572693946,0.07462686567164178,0.022222222222222223,1.0,False,Normal,0.0,5
4.0_6.0,4.0,6.0,Gulf of Guinea,54,9,27.992751410624443,0.3215118038230467,0.16666666666666666,0.125,1.0,False,Normal,0.0,3
55.0_14.0,55.0,14.0,Open ocean / other,42,3,9.336872492426508,0.3213067333235421,0.07142857142857142,0.09090909090909091,1.0,False,Normal,0.0,4
30.5_121.0,30.5,121.0,Open ocean / other,36,4,12.46170679224108,0.32098331847211203,0.1111111111111111,0.0,1.0,False,Normal,0.0,1
49.0_-1.0,49.0,-1.0,Dover Strait / English Channel,35,7,21.87054191853738,0.3200652286565807,0.2,0.0,1.0,False,Normal,0.2,5
33.5_-118.5,33.5,-118.5,Open ocean / other,33,2,6.251981212847017,0.3198985940473169,0.06060606060606061,0.034482758620689655,1.0,False,Normal,0.0,2
43.0_4.5,43.0,4.5,Open ocean / other,45,4,12.57565504736602,0.3180748823766284,0.08888888888888889,0.0,1.0,False,Normal,0.0,4
53.0_2.0,53.0,2.0,Open ocean / other,31,3,9.497454638846355,0.31587410670322574,0.0967741935483871,0.0,1.0,False,Normal,0.2,5
36.5_3.0,36.5,3.0,Open ocean / other,31,2,6.345854735850975,0.31516636974070306,0.06451612903225806,0.0,1.0,False,Normal,0.0,2
44.0_28.5,44.0,28.5,Black Sea,29,2,6.348967220464391,0.3150118642215499,0.06896551724137931,0.0,1.0,False,Normal,0.0,4
44.5_12.5,44.5,12.5,Open ocean / other,29,5,15.975591200006726,0.31297746276819444,0.1724137931034483,0.0,1.0,False,Normal,0.0,5
29.0_-95.0,29.0,-95.0,Open ocean / other,63,7,22.589791518591767,0.3098744844209335,0.1111111111111111,0.0,1.0,False,Normal,0.0,2
33.5_12.5,33.5,12.5,Open ocean / other,55,4,12.95631303564098,0.30872980523059046,0.07272727272727272,0.1,1.0,False,Normal,0.16666666666666666,6
16.5_54.0,16.5,54.0,Open ocean / other,56,4,12.99671408131473,0.3077701005787892,0.07142857142857142,0.027777777777777776,1.0,False,Normal,0.0,2
35.5_123.0,35.5,123.0,Open ocean / other,55,10,32.63040507044639,0.30646263748215236,0.18181818181818182,0.0,1.0,False,Normal,0.0,1
40.0_121.0,40.0,121.0,Open ocean / other,27,3,9.810105673632885,0.30580710338964556,0.1111111111111111,0.0,1.0,False,Normal,0.0,1
49.5_-1.0,49.5,-1.0,Dover Strait / English Channel,64,11,36.03396596906497,0.30526753589775435,0.171875,0.125,1.0,False,Normal,0.16666666666666666,6
37.5_122.0,37.5,122.0,Open ocean / other,51,5,16.527852937427898,0.3025196327030068,0.09803921568627451,0.0,1.0,False,Normal,0.0,1
38.0_15.5,38.0,15.5,Open ocean / other,29,2,6.629337638819354,0.30168926504642296,0.06896551724137931,0.0,1.0,False,Normal,0.0,3
-2.5_-44.5,-2.5,-44.5,Open ocean / other,115,5,16.672415069616,0.2998965644222748,0.043478260869565216,0.043859649122807015,1.0,False,Normal,0.0,3
2.5_101.0,2.5,101.0,Strait of Malacca,102,6,20.010638623798148,0.2998405054831359,0.058823529411764705,0.024096385542168676,1.0,False,Normal,0.0,1
58.5_10.5,58.5,10.5,Open ocean / other,50,9,30.13665787055511,0.2986396181904899,0.18,0.3333333333333333,1.0,False,Normal,0.3333333333333333,3
60.5_4.5,60.5,4.5,Open ocean / other,42,4,13.475059253601033,0.2968447058168633,0.09523809523809523,0.0,1.0,False,Normal,0.0,4
36.0_122.5,36.0,122.5,Open ocean / other,45,4,13.564722020471196,0.2948825633111686,0.08888888888888889,0.0,1.0,False,Normal,0.0,1
33.0_135.5,33.0,135.5,Open ocean / other,35,3,10.197805734355365,0.29418093246209887,0.08571428571428572,0.0,1.0,False,Normal,0.0,2
68.0_11.0,68.0,11.0,Open ocean / other,26,3,10.365701121363214,0.28941602356420865,0.11538461538461539,0.0,1.0,False,Normal,0.16666666666666666,6
57.0_19.5,57.0,19.5,Open ocean / other,34,3,10.417525855427956,0.28797624710831676,0.08823529411764706,0.05,1.0,False,Normal,0.0,4
36.0_121.5,36.0,121.5,Open ocean / other,25,4,13.911872100218526,0.2875242074671725,0.16,0.0,1.0,False,Normal,0.0,1
37.0_126.0,37.0,126.0,Open ocean / other,53,4,13.94465079655694,0.2868483448138863,0.07547169811320754,0.0,1.0,False,Normal,0.0,1
-6.0_105.5,-6.0,105.5,Sunda Strait,151,10,34.87443917663074,0.2867429623556777,0.06622516556291391,0.061855670103092786,1.0,False,Normal,0.0,3
10.5_-62.0,10.5,-62.0,Open ocean / other,30,2,6.989092571267509,0.28616018168397067,0.06666666666666667,0.0,1.0,False,Normal,0.0,1
57.0_11.5,57.0,11.5,Open ocean / other,43,4,13.979671081766867,0.28612976489962216,0.09302325581395349,0.0,1.0,False,Normal,0.0,4
57.0_8.0,57.0,8.0,Open ocean / other,37,3,10.489943031048668,0.2859882070970688,0.08108108108108109,0.0,1.0,False,Normal,0.0,5
37.0_-7.0,37.0,-7.0,Open ocean / other,33,4,13.987485844853914,0.2859699051257039,0.12121212121212122,0.0,1.0,False,Normal,0.0,3
14.0_109.0,14.0,109.0,South China Sea,29,4,14.105665756219745,0.2835739956645607,0.13793103448275862,0.0,1.0,False,Normal,0.0,1
54.5_13.5,54.5,13.5,Open ocean / other,59,7,24.77440771375352,0.28254964077764605,0.11864406779661017,0.06666666666666667,1.0,False,Normal,0.0,4
21.5_112.5,21.5,112.5,South China Sea,39,4,14.297625525197866,0.27976673420005826,0.10256410256410256,0.0,1.0,False,Normal,0.5,2
28.0_49.0,28.0,49.0,Persian Gulf,155,14,50.2824121404358,0.2784273745837576,0.09032258064516129,0.0,1.0,False,Normal,0.0,3
69.0_15.0,69.0,15.0,Open ocean / other,25,3,10.79742727619176,0.27784396442428244,0.12,,1.0,False,Normal,0.2,5
29.5_121.5,29.5,121.5,Open ocean / other,39,3,10.800899841251674,0.27775463564083397,0.07692307692307693,0.09523809523809523,1.0,False,Normal,0.0,1
13.5_121.0,13.5,121.0,Open ocean / other,27,2,7.218276085823784,0.2770744671193538,0.07407407407407407,0.0,1.0,False,Normal,0.0,2
5.5_5.0,5.5,5.0,Gulf of Guinea,68,9,32.579307746245874,0.276248963609028,0.1323529411764706,0.0,1.0,False,Normal,0.0,3
37.5_121.0,37.5,121.0,Open ocean / other,65,6,21.75413867588913,0.2758095868281841,0.09230769230769231,0.0,1.0,False,Normal,0.0,1
1.0_103.5,1.0,103.5,Singapore Strait,161,10,36.31043428422527,0.27540293023552204,0.062111801242236024,0.009009009009009009,1.0,False,Normal,0.0,1
55.5_6.5,55.5,6.5,Open ocean / other,32,3,10.927848518270606,0.2745279635771129,0.09375,0.06666666666666667,1.0,False,Normal,0.0,5
50.0_0.0,50.0,0.0,Dover Strait / English Channel,69,6,21.859810899247144,0.27447629934468654,0.08695652173913043,0.03333333333333333,1.0,False,Normal,0.0,5
54.5_11.0,54.5,11.0,Open ocean / other,58,5,18.303334113241537,0.27317427355395063,0.08620689655172414,0.04,1.0,False,Normal,0.0,4
34.0_134.0,34.0,134.0,Open ocean / other,35,3,10.991658615987237,0.2729342408466485,0.08571428571428572,0.0,1.0,False,Normal,0.0,3
36.0_-5.5,36.0,-5.5,Strait of Gibraltar,136,8,29.534775826986255,0.2708671312375532,0.058823529411764705,0.03,1.0,False,Normal,0.25,4
50.0_-3.0,50.0,-3.0,Open ocean / other,42,3,11.158719616025717,0.2688480491696841,0.07142857142857142,0.038461538461538464,1.0,False,Normal,0.0,5
57.5_8.0,57.5,8.0,Open ocean / other,31,3,11.221929242084084,0.2673337119921863,0.0967741935483871,0.09090909090909091,1.0,False,Normal,0.0,4
60.0_5.0,60.0,5.0,Open ocean / other,37,3,11.227306187889392,0.26720568138027834,0.08108108108108109,0.0,1.0,False,Normal,0.0,4
40.0_26.5,40.0,26.5,Turkish Straits (Bosphorus-Dardanelles),73,4,15.115064150827175,0.2646366538762655,0.0547945205479452,0.03636363636363636,1.0,False,Normal,0.0,5
24.0_118.0,24.0,118.0,Taiwan Strait,82,5,18.923156229391846,0.2642265349072104,0.06097560975609756,0.021739130434782608,1.0,False,Normal,0.0,2
38.0_121.0,38.0,121.0,Open ocean / other,47,6,22.73187757555063,0.2639465209179785,0.1276595744680851,0.0,1.0,False,Normal,0.0,1
30.0_122.5,30.0,122.5,Open ocean / other,61,5,19.05204562211406,0.2624390104439183,0.08196721311475409,0.03225806451612903,1.0,False,Normal,0.0,1
36.5_122.5,36.5,122.5,Open ocean / other,100,10,38.163118876445616,0.2620330909634335,0.1,0.0,1.0,False,Normal,0.0,1
35.0_130.0,35.0,130.0,Open ocean / other,51,7,26.76786802639579,0.2615075654548693,0.13725490196078433,0.0,1.0,False,Normal,0.5,2
30.0_121.5,30.0,121.5,Open ocean / other,127,9,34.770762693229265,0.25883815317495246,0.07086614173228346,0.0,1.0,False,Normal,0.0,1
34.5_129.0,34.5,129.0,Open ocean / other,43,4,15.544299367071279,0.25732906357127405,0.09302325581395349,0.0,1.0,False,Normal,0.0,1
45.5_-2.5,45.5,-2.5,Open ocean / other,28,5,19.552828120901456,0.25571748337802513,0.17857142857142858,,1.0,False,Normal,0.0,5
38.5_118.5,38.5,118.5,Open ocean / other,80,4,15.6444651827482,0.2556814792499884,0.05,0.0,1.0,False,Normal,0.0,1
49.5_-3.5,49.5,-3.5,Open ocean / other,101,8,31.29008336804416,0.2556720576900161,0.07920792079207921,0.07547169811320754,1.0,False,Normal,0.0,5
37.5_-9.0,37.5,-9.0,Open ocean / other,29,2,7.837161788540003,0.25519442547741295,0.06896551724137931,0.0,1.0,False,Normal,0.0,3
7.0_79.5,7.0,79.5,Dondra Head / Sri Lanka corridor,25,2,7.861453940891483,0.25440586627328143,0.08,0.0,1.0,False,Normal,0.0,2
38.5_118.0,38.5,118.0,Open ocean / other,167,9,35.56068282635482,0.2530885035011166,0.05389221556886228,0.02654867256637168,1.0,False,Normal,0.0,1
5.0_5.0,5.0,5.0,Gulf of Guinea,98,11,43.49454960949067,0.25290525131911606,0.11224489795918367,0.15625,1.0,False,Normal,0.0,3
49.5_-4.0,49.5,-4.0,Open ocean / other,50,4,15.943645347671609,0.2508836538178614,0.08,0.12,1.0,False,Normal,0.0,5
30.5_122.5,30.5,122.5,Open ocean / other,59,5,19.93745029737734,0.2507843242451981,0.0847457627118644,0.06896551724137931,1.0,False,Normal,0.0,1
33.5_132.0,33.5,132.0,Open ocean / other,51,4,15.981706667856677,0.2502861604915468,0.0784313725490196,0.0,1.0,False,Normal,0.0,2
1.0_104.0,1.0,104.0,Singapore Strait,216,12,48.049246423783316,0.2497437710919076,0.05555555555555555,0.013422818791946308,1.0,False,Normal,0.0,2
25.5_-78.0,25.5,-78.0,Open ocean / other,27,2,8.010550112563129,0.24967074319444732,0.07407407407407407,0.0625,1.0,False,Normal,0.0,4
27.0_122.5,27.0,122.5,Open ocean / other,179,18,72.32728751410555,0.2488687274009767,0.1005586592178771,0.25,1.0,False,Normal,0.0,1
36.5_-7.0,36.5,-7.0,Open ocean / other,54,6,24.126955332632047,0.24868450731887068,0.1111111111111111,0.13636363636363635,1.0,False,Normal,0.0,3
4.0_7.0,4.0,7.0,Gulf of Guinea,121,14,56.73699575669145,0.2467525785122112,0.11570247933884298,0.0,1.0,False,Normal,0.0,4
21.5_113.0,21.5,113.0,South China Sea,68,6,24.468372542562637,0.24521451067344277,0.08823529411764706,0.0,1.0,False,Normal,0.0,1
50.5_1.5,50.5,1.5,Dover Strait / English Channel,27,2,8.245262898341284,0.24256352097667425,0.07407407407407407,0.0,1.0,False,Normal,0.0,5
41.5_32.0,41.5,32.0,Black Sea,37,2,8.25146415934491,0.24238122609245893,0.05405405405405406,0.05555555555555555,1.0,False,Normal,0.0,3
23.5_118.0,23.5,118.0,Taiwan Strait,25,1,4.164633790923384,0.24011715079953758,0.04,0.043478260869565216,1.0,False,Normal,0.0,2
28.0_49.5,28.0,49.5,Persian Gulf,78,6,25.01159666252918,0.23988872365708774,0.07692307692307693,0.07142857142857142,1.0,False,Normal,0.0,3
-24.5_-46.5,-24.5,-46.5,Open ocean / other,85,3,12.580270676446492,0.2384686368964042,0.03529411764705882,0.0,1.0,False,Normal,0.0,1
42.5_-10.0,42.5,-10.0,Open ocean / other,32,2,8.41537758910331,0.2376601618672119,0.0625,0.07142857142857142,1.0,False,Normal,0.2,5
29.5_123.0,29.5,123.0,Open ocean / other,56,4,16.854801464835234,0.2373210985810388,0.07142857142857142,0.027777777777777776,1.0,False,Normal,0.0,1
33.5_136.0,33.5,136.0,Open ocean / other,30,2,8.488371642717077,0.23561645085556268,0.06666666666666667,0.0,1.0,False,Normal,0.0,2
67.0_11.0,67.0,11.0,Open ocean / other,25,3,12.783953810319003,0.2346691832990235,0.12,,1.0,False,Normal,0.0,5
23.0_116.5,23.0,116.5,Open ocean / other,31,2,8.647534972946625,0.23127978160908266,0.06451612903225806,0.0,1.0,False,Normal,0.0,1
56.0_6.5,56.0,6.5,Open ocean / other,25,2,8.78408998144599,0.22768437074579817,0.08,0.07692307692307693,1.0,False,Normal,0.0,4
38.5_117.5,38.5,117.5,Open ocean / other,40,3,13.223552341318447,0.2268679340139313,0.075,0.0,1.0,False,Normal,0.0,1
56.5_11.5,56.5,11.5,Open ocean / other,44,4,17.684191563188215,0.22619071873924304,0.09090909090909091,0.09090909090909091,1.0,False,Normal,0.0,4
26.5_120.5,26.5,120.5,Open ocean / other,77,8,35.64917396098295,0.22440912680770056,0.1038961038961039,0.0,1.0,False,Normal,0.0,1
39.5_26.0,39.5,26.0,Turkish Straits (Bosphorus-Dardanelles),53,3,13.36949360819451,0.22439144577332548,0.05660377358490566,0.0,1.0,False,Normal,0.0,5
34.5_128.5,34.5,128.5,Open ocean / other,74,7,31.26306282220341,0.22390640481419866,0.0945945945945946,0.0,1.0,False,Normal,0.0,2
66.0_12.5,66.0,12.5,Open ocean / other,37,3,13.419133788048136,0.22356137492808778,0.08108108108108109,0.0,1.0,False,Normal,0.0,5
28.0_122.5,28.0,122.5,Open ocean / other,26,2,9.002037220245503,0.2221719318713788,0.07692307692307693,0.0,1.0,False,Normal,0.0,1
51.5_3.5,51.5,3.5,Open ocean / other,69,4,18.34568123849802,0.21803496681312032,0.057971014492753624,0.0,1.0,False,Normal,0.0,7
53.0_3.5,53.0,3.5,Open ocean / other,30,2,9.313470737905531,0.21474271582344306,0.06666666666666667,0.0,1.0,False,Normal,0.0,5
41.0_2.0,41.0,2.0,Open ocean / other,66,3,14.051335311136501,0.21350284037577022,0.045454545454545456,0.0,1.0,False,Normal,0.0,3
26.5_121.0,26.5,121.0,Open ocean / other,30,2,9.382702351213176,0.2131582059342852,0.06666666666666667,0.0,1.0,False,Normal,0.0,2
37.5_123.0,37.5,123.0,Open ocean / other,37,2,9.400075420521212,0.21276425034141958,0.05405405405405406,0.0,1.0,False,Normal,0.0,2
38.0_24.5,38.0,24.5,Open ocean / other,28,1,4.730104919941456,0.21141180099074353,0.03571428571428571,0.041666666666666664,1.0,False,Normal,0.0,4
48.5_-6.0,48.5,-6.0,Open ocean / other,32,2,9.478491083298572,0.21100404931794145,0.0625,0.05,1.0,False,Normal,0.0,3
41.0_19.0,41.0,19.0,Open ocean / other,26,2,9.586945888945262,0.20861701142031128,0.07692307692307693,0.0,1.0,False,Normal,0.0,3
24.0_118.5,24.0,118.5,Taiwan Strait,36,2,9.598285500163586,0.20837054700716223,0.05555555555555555,0.047619047619047616,1.0,False,Normal,0.0,1
57.5_10.5,57.5,10.5,Open ocean / other,133,8,38.43077904450531,0.20816648006889182,0.06015037593984962,0.023255813953488372,1.0,False,Normal,0.0,3
21.0_111.0,21.0,111.0,South China Sea,89,10,49.06290648411378,0.20381996739711963,0.11235955056179775,0.0,1.0,False,Normal,0.0,1
37.5_-1.5,37.5,-1.5,Open ocean / other,27,1,4.983119700066123,0.20067749927555034,0.037037037037037035,0.0,1.0,False,Normal,0.0,4
54.5_10.0,54.5,10.0,Open ocean / other,44,3,15.145495089326715,0.1980787014426587,0.06818181818181818,0.0,1.0,False,Normal,0.0,4
44.0_14.5,44.0,14.5,Open ocean / other,39,5,25.26540725976869,0.19789904625688493,0.1282051282051282,0.0,1.0,False,Normal,0.4,5
9.0_-80.0,9.0,-80.0,Panama Canal approaches,59,2,10.16684139631308,0.19671793057825052,0.03389830508474576,0.0,1.0,False,Normal,0.0,1
59.0_5.5,59.0,5.5,Open ocean / other,44,3,15.372642257975496,0.19515187757937755,0.06818181818181818,0.09090909090909091,1.0,False,Normal,0.0,4
40.5_29.0,40.5,29.0,Turkish Straits (Bosphorus-Dardanelles),123,6,30.79160071781848,0.1948583334457153,0.04878048780487805,0.03076923076923077,1.0,False,Normal,0.0,3
-21.5_149.5,-21.5,149.5,Open ocean / other,38,1,5.218034731744862,0.19164303256095985,0.02631578947368421,0.02631578947368421,1.0,False,Normal,0.0,1
33.0_131.5,33.0,131.5,Open ocean / other,70,4,20.93692085096325,0.19105006072638284,0.05714285714285714,0.0,1.0,False,Normal,0.0,2
27.5_-97.0,27.5,-97.0,Open ocean / other,29,1,5.301737735641981,0.18861740241832448,0.034482758620689655,0.0,1.0,False,Normal,0.0,2
37.5_122.5,37.5,122.5,Open ocean / other,36,2,10.620410029372186,0.18831664638829654,0.05555555555555555,0.0,1.0,False,Normal,0.0,1
5.5_4.5,5.5,4.5,Gulf of Guinea,51,5,26.845029309893647,0.18625422018657534,0.09803921568627451,0.0,1.0,False,Normal,0.0,4
60.5_4.0,60.5,4.0,Open ocean / other,29,1,5.386801143736322,0.18563892991720746,0.034482758620689655,0.043478260869565216,1.0,False,Normal,0.0,3
6.0_1.0,6.0,1.0,Gulf of Guinea,50,2,11.187006737433189,0.17877883217033724,0.04,0.0,1.0,False,Normal,0.0,1
36.5_-2.0,36.5,-2.0,Open ocean / other,25,1,5.605135533106699,0.17840781799003896,0.04,0.0,1.0,False,Normal,0.0,4
36.0_-7.5,36.0,-7.5,Open ocean / other,29,1,5.6421205613076495,0.17723832540158171,0.034482758620689655,0.0,1.0,False,Normal,0.0,3
70.5_21.5,70.5,21.5,Open ocean / other,28,3,17.08342205423747,0.17560884408729238,0.10714285714285714,,1.0,False,Normal,0.0,7
26.0_120.0,26.0,120.0,Open ocean / other,37,2,11.454453356538172,0.1746045784767551,0.05405405405405406,0.0,1.0,False,Normal,0.0,1
38.0_118.0,38.0,118.0,Open ocean / other,63,2,11.543461616228862,0.1732582535890461,0.031746031746031744,0.0,1.0,False,Normal,0.0,1
53.5_7.5,53.5,7.5,Open ocean / other,81,4,23.223370190524697,0.17224028929410207,0.04938271604938271,0.0,1.0,False,Normal,0.0,5
43.5_13.5,43.5,13.5,Open ocean / other,35,3,17.52722851054258,0.1711622575238012,0.08571428571428572,0.0,1.0,False,Normal,0.0,4
44.0_13.0,44.0,13.0,Open ocean / other,25,2,11.715941124888655,0.17070758368282662,0.08,0.0,1.0,False,Normal,0.0,5
36.0_-8.0,36.0,-8.0,Open ocean / other,28,1,5.8738512083527,0.17024605570157886,0.03571428571428571,0.0,1.0,False,Normal,0.0,4
37.5_25.5,37.5,25.5,Open ocean / other,29,1,6.111941527793512,0.16361413070668113,0.034482758620689655,0.0,1.0,False,Normal,0.0,4
30.0_122.0,30.0,122.0,Open ocean / other,65,3,18.422639603650296,0.16284311393713496,0.046153846153846156,0.0,1.0,False,Normal,0.0,1
49.5_-0.5,49.5,-0.5,Dover Strait / English Channel,98,5,30.792373318012068,0.16237787027202735,0.05102040816326531,0.01694915254237288,1.0,False,Normal,0.0,6
-26.0_-48.5,-26.0,-48.5,Open ocean / other,36,1,6.353060654430643,0.15740444714668309,0.027777777777777776,0.0,1.0,False,Normal,0.0,1
54.5_-1.5,54.5,-1.5,Open ocean / other,30,1,6.385707029548822,0.15659973051890141,0.03333333333333333,0.0,1.0,False,Normal,0.0,4
38.5_120.5,38.5,120.5,Open ocean / other,85,8,51.297297348563,0.15595363524983263,0.09411764705882353,0.0,1.0,False,Normal,0.0,1
62.5_5.5,62.5,5.5,Open ocean / other,40,3,19.25018427310358,0.1558426640201886,0.075,0.0,1.0,False,Normal,0.0,5
36.5_1.0,36.5,1.0,Open ocean / other,32,1,6.487286850570358,0.15414764647135662,0.03125,0.0,1.0,False,Normal,0.0,4
70.5_23.5,70.5,23.5,Open ocean / other,30,2,12.985793127720406,0.15401446645031303,0.06666666666666667,0.0,1.0,False,Normal,0.0,9
70.0_21.5,70.0,21.5,Open ocean / other,33,3,19.60668047196644,0.1530090728152269,0.09090909090909091,0.0,1.0,False,Normal,0.0,7
56.5_12.0,56.5,12.0,Open ocean / other,45,3,19.985863530837804,0.15010609851163337,0.06666666666666667,0.1,1.0,False,Normal,0.0,4
49.5_-3.0,49.5,-3.0,Open ocean / other,61,3,20.280204823074317,0.1479275000510189,0.04918032786885246,0.0,1.0,False,Normal,0.0,5
31.0_122.0,31.0,122.0,Open ocean / other,144,6,40.591293375000134,0.1478149499837163,0.041666666666666664,0.0,1.0,False,Normal,0.0,1
41.0_1.0,41.0,1.0,Open ocean / other,34,1,6.79278743263289,0.14721497027802607,0.029411764705882353,0.0,1.0,False,Normal,0.0,4
57.0_-2.0,57.0,-2.0,Open ocean / other,25,1,6.810124970745501,0.14684018344681427,0.04,0.0,1.0,False,Normal,0.0,3
70.0_21.0,70.0,21.0,Open ocean / other,27,2,13.760849627970842,0.14533986302231816,0.07407407407407407,0.5,1.0,False,Normal,0.0,8
-20.0_35.0,-20.0,35.0,Mozambique Channel,84,2,13.822742352120992,0.14468908911502035,0.023809523809523808,0.0,1.0,False,Normal,0.0,2
41.5_-10.5,41.5,-10.5,Open ocean / other,26,1,7.158515536638928,0.13969376679868473,0.038461538461538464,0.0,1.0,False,Normal,0.0,4
28.5_123.0,28.5,123.0,Open ocean / other,32,2,14.363254167859669,0.13924421141800547,0.0625,0.0,1.0,False,Normal,0.0,1
43.5_-6.0,43.5,-6.0,Open ocean / other,30,2,14.409751448933132,0.1387948992102897,0.06666666666666667,0.0,1.0,False,Normal,0.0,4
43.0_-3.5,43.0,-3.5,Open ocean / other,49,3,21.862734400495214,0.13721979808399662,0.061224489795918366,0.0,1.0,False,Normal,0.0,4
27.0_122.0,27.0,122.0,Open ocean / other,49,3,22.37262378185413,0.13409245286792085,0.061224489795918366,0.0,1.0,False,Normal,0.0,1
24.5_119.0,24.5,119.0,Taiwan Strait,46,2,15.126336319939414,0.13221972311719768,0.043478260869565216,0.0,1.0,False,Normal,0.0,1
49.0_-0.5,49.0,-0.5,Dover Strait / English Channel,95,4,30.327392728185607,0.13189396252591434,0.042105263157894736,0.0,1.0,False,Normal,0.0,6
39.0_-0.5,39.0,-0.5,Open ocean / other,72,2,15.356574270083335,0.1302373800839337,0.027777777777777776,0.0,1.0,False,Normal,0.0,6
70.0_17.0,70.0,17.0,Open ocean / other,27,1,7.831045798396605,0.12769686523921855,0.037037037037037035,0.0,1.0,False,Normal,0.0,8
6.0_3.0,6.0,3.0,Gulf of Guinea,63,2,15.710715307055727,0.12730165119227857,0.031746031746031744,0.0,1.0,False,Normal,0.0,2
53.0_4.0,53.0,4.0,Open ocean / other,56,2,16.059867051652695,0.12453403216648566,0.03571428571428571,0.043478260869565216,1.0,False,Normal,0.0,6
49.0_-5.0,49.0,-5.0,Open ocean / other,37,1,8.089289532735327,0.12362025069732648,0.02702702702702703,0.04,1.0,False,Normal,0.0,4
27.5_121.0,27.5,121.0,Open ocean / other,89,4,32.37821885142573,0.12353984072919026,0.0449438202247191,0.0,1.0,False,Normal,0.0,2
23.0_117.0,23.0,117.0,Open ocean / other,35,1,8.162579483187615,0.12251029249512242,0.02857142857142857,0.041666666666666664,1.0,False,Normal,0.0,1
31.5_121.0,31.5,121.0,Open ocean / other,66,2,16.430671184897975,0.12172357279222241,0.030303030303030304,0.0,1.0,False,Normal,0.0,1
6.0_3.5,6.0,3.5,Gulf of Guinea,25,1,8.33716549440452,0.11994484224538292,0.04,0.0,1.0,False,Normal,0.0,2
22.0_114.5,22.0,114.5,Open ocean / other,37,1,8.518439950461932,0.11739238708207043,0.02702702702702703,0.043478260869565216,1.0,False,Normal,0.0,2
57.0_10.5,57.0,10.5,Open ocean / other,44,3,25.735120938864462,0.11657221301297573,0.06818181818181818,0.0,1.0,False,Normal,0.0,3
40.5_28.5,40.5,28.5,Turkish Straits (Bosphorus-Dardanelles),240,6,51.80639295255648,0.11581582229619249,0.025,0.006060606060606061,1.0,False,Normal,0.0,4
29.5_122.0,29.5,122.0,Open ocean / other,93,3,25.94697553843697,0.11562041192646526,0.03225806451612903,0.0,1.0,False,Normal,0.0,1
62.0_5.0,62.0,5.0,Open ocean / other,27,1,8.999535678816974,0.11111684376715023,0.037037037037037035,0.0,1.0,False,Normal,0.0,4
10.0_-15.0,10.0,-15.0,Open ocean / other,91,3,27.219006205204984,0.11021710261509554,0.03296703296703297,0.0,1.0,False,Normal,0.0,2
28.0_121.5,28.0,121.5,Open ocean / other,58,2,18.41134406576289,0.10862867984305025,0.034482758620689655,0.08333333333333333,1.0,False,Normal,0.0,2
43.0_14.0,43.0,14.0,Open ocean / other,27,2,18.51048459061755,0.1080468742030527,0.07407407407407407,0.0,1.0,False,Normal,0.25,4
59.0_5.0,59.0,5.0,Open ocean / other,35,1,9.481956602364988,0.10546346518297502,0.02857142857142857,0.0,1.0,False,Normal,0.0,4
69.5_17.5,69.5,17.5,Open ocean / other,57,3,29.48231308086094,0.10175592368793861,0.05263157894736842,0.0,1.0,False,Normal,0.0,8
57.5_9.0,57.5,9.0,Open ocean / other,51,2,19.862046521007382,0.1006945582311808,0.0392156862745098,0.05,1.0,False,Normal,0.0,3
3.0_5.5,3.0,5.5,Gulf of Guinea,28,1,9.99762440090346,0.10002376163577745,0.03571428571428571,0.0,1.0,False,Normal,0.0,3
10.0_107.0,10.0,107.0,South China Sea,80,2,20.643186522593446,0.09688426725258964,0.025,0.0,1.0,False,Normal,0.0,1
54.0_6.5,54.0,6.5,Open ocean / other,28,1,10.322373888111875,0.09687694040531561,0.03571428571428571,0.0,1.0,False,Normal,0.0,5
38.0_141.0,38.0,141.0,Open ocean / other,39,1,10.678973456303257,0.0936419595096709,0.02564102564102564,0.0,1.0,False,Normal,0.0,1
35.0_129.5,35.0,129.5,Open ocean / other,116,4,42.94356672023914,0.09314550014111463,0.034482758620689655,0.0,1.0,False,Normal,0.0,1
57.5_11.5,57.5,11.5,Open ocean / other,36,1,10.86298477539828,0.0920557306003714,0.027777777777777776,0.0,1.0,False,Normal,0.0,3
36.5_-9.5,36.5,-9.5,Open ocean / other,31,1,10.878149641226328,0.09192739877471173,0.03225806451612903,0.0,1.0,False,Normal,0.0,3
22.0_114.0,22.0,114.0,Open ocean / other,132,3,33.0303698805322,0.0908255042511096,0.022727272727272728,0.0136986301369863,1.0,False,Normal,0.0,2
43.5_14.0,43.5,14.0,Open ocean / other,38,2,22.154775400491854,0.09027399122067373,0.05263157894736842,0.0,1.0,False,Normal,0.0,3
43.5_-9.0,43.5,-9.0,Open ocean / other,25,1,12.064585792084047,0.08288722192651912,0.04,0.0,1.0,False,Normal,0.0,2
30.5_122.0,30.5,122.0,Open ocean / other,91,2,24.134800732251158,0.08286788949234682,0.02197802197802198,0.0,1.0,False,Normal,0.0,1
57.5_11.0,57.5,11.0,Open ocean / other,54,1,12.684054249135745,0.07883914562003211,0.018518518518518517,0.0,1.0,False,Normal,0.0,3
27.0_121.0,27.0,121.0,Open ocean / other,39,1,13.035010782814496,0.07671646895132693,0.02564102564102564,0.0,1.0,False,Normal,0.0,2
29.5_122.5,29.5,122.5,Open ocean / other,98,2,26.32121602432215,0.07598433135277252,0.02040816326530612,0.0,1.0,False,Normal,0.0,1
27.0_121.5,27.0,121.5,Open ocean / other,69,2,27.17474786464243,0.07359773897303523,0.028985507246376812,0.0,1.0,False,Normal,0.0,2
5.0_4.5,5.0,4.5,Gulf of Guinea,54,2,28.11317601295506,0.07114101939526021,0.037037037037037035,0.0,1.0,False,Normal,0.0,3
44.5_13.0,44.5,13.0,Open ocean / other,26,1,14.732933746463203,0.06787514402825985,0.038461538461538464,0.0,1.0,False,Normal,0.0,4
69.5_17.0,69.5,17.0,Open ocean / other,27,1,14.888149304046369,0.06716751555737122,0.037037037037037035,0.0,1.0,False,Normal,0.14285714285714285,7
13.5_-91.0,13.5,-91.0,Open ocean / other,112,1,15.985773830983184,0.06255562042682149,0.008928571428571428,0.0,1.0,False,Normal,0.0,3
36.5_36.0,36.5,36.0,Eastern Mediterranean,191,3,48.16895575485751,0.06228077717249394,0.015706806282722512,0.007575757575757576,1.0,False,Normal,0.0,5
33.0_-9.0,33.0,-9.0,Open ocean / other,98,1,16.197818470262792,0.06173670867073102,0.01020408163265306,0.0,1.0,False,Normal,0.0,2
40.0_121.5,40.0,121.5,Open ocean / other,78,1,16.979174868315372,0.058895677072393404,0.01282051282051282,0.0,1.0,False,Normal,0.0,1
28.5_122.5,28.5,122.5,Open ocean / other,41,1,18.332513981885715,0.054547892394250785,0.024390243902439025,0.0,1.0,False,Normal,0.0,1
28.0_122.0,28.0,122.0,Open ocean / other,45,1,18.40572465000284,0.054330922526315516,0.022222222222222223,0.0,1.0,False,Normal,0.0,1
27.5_123.0,27.5,123.0,Open ocean / other,36,1,18.6704293225351,0.05356063230924239,0.027777777777777776,0.0,1.0,False,Normal,0.0,1
27.5_121.5,27.5,121.5,Open ocean / other,58,1,20.700214164547145,0.04830867893689142,0.017241379310344827,0.0,1.0,False,Normal,0.0,2
57.0_11.0,57.0,11.0,Open ocean / other,39,1,22.057941811863632,0.045335145433295164,0.02564102564102564,0.0,1.0,False,Normal,0.0,3
35.0_129.0,35.0,129.0,Open ocean / other,95,1,24.336616977229912,0.041090345504292185,0.010526315789473684,0.0,1.0,False,Normal,0.0,1
31.0_121.5,31.0,121.5,Open ocean / other,110,1,25.09405878835514,0.039850070027892356,0.00909090909090909,0.0,1.0,False,Normal,0.0,1
29.0_122.0,29.0,122.0,Open ocean / other,69,1,26.20313161199244,0.038163377370601305,0.014492753623188406,0.0,1.0,False,Normal,0.0,1
21.5_113.5,21.5,113.5,South China Sea,80,1,29.01603121169789,0.03446370706951981,0.0125,0.03225806451612903,1.0,False,Normal,0.0,1
28.0_123.0,28.0,123.0,Open ocean / other,65,1,29.277769379399224,0.03415560752055216,0.015384615384615385,0.0,1.0,False,Normal,0.0,1
29.0_122.5,29.0,122.5,Open ocean / other,83,1,33.231161464187544,0.030092237404271197,0.012048192771084338,0.0,1.0,False,Normal,0.0,1
28.5_122.0,28.5,122.0,Open ocean / other,61,0,22.98339613518862,0.0,0.0,0.0,1.0,False,Normal,0.0,1
33.5_131.5,33.5,131.5,Open ocean / other,52,0,14.104274953863959,0.0,0.0,0.0,1.0,False,Normal,0.0,2
21.5_114.0,21.5,114.0,South China Sea,31,0,6.750848833523737,0.0,0.0,0.0,1.0,False,Normal,0.0,2
54.0_12.0,54.0,12.0,Open ocean / other,28,0,8.574250568617279,0.0,0.0,0.0,1.0,False,Normal,0.0,4
54.5_12.0,54.5,12.0,Open ocean / other,29,0,6.904193035143974,0.0,0.0,0.0,1.0,False,Normal,0.0,4
22.0_115.0,22.0,115.0,Open ocean / other,33,0,9.776291333907853,0.0,0.0,0.0,1.0,False,Normal,0.0,1
36.5_23.5,36.5,23.5,Open ocean / other,34,0,6.118591516286609,0.0,0.0,0.0,1.0,False,Normal,0.0,4
22.5_115.5,22.5,115.5,Open ocean / other,36,0,11.427517875802426,0.0,0.0,0.0,1.0,False,Normal,0.0,1
38.5_121.5,38.5,121.5,Open ocean / other,41,0,15.296491706123014,0.0,0.0,0.0,1.0,False,Normal,0.0,1
39.0_119.0,39.0,119.0,Open ocean / other,34,0,7.1460639530648224,0.0,0.0,0.0,1.0,False,Normal,0.0,1
27.5_122.0,27.5,122.0,Open ocean / other,52,0,21.70117517908666,0.0,0.0,0.0,1.0,False,Normal,0.0,1
49.5_-4.5,49.5,-4.5,Open ocean / other,30,0,9.675487419377404,0.0,0.0,0.0,1.0,False,Normal,0.0,4
39.0_9.0,39.0,9.0,Open ocean / other,31,0,5.291068456379021,0.0,0.0,0.0,1.0,False,Normal,0.0,2
22.0_115.5,22.0,115.5,Open ocean / other,25,0,8.297386936918896,0.0,0.0,0.0,1.0,False,Normal,0.0,1
26.5_120.0,26.5,120.0,Open ocean / other,30,0,10.165172143176413,0.0,0.0,0.0,1.0,False,Normal,0.0,1
36.0_-4.5,36.0,-4.5,Open ocean / other,47,0,7.593427694631667,0.0,0.0,0.0,1.0,False,Normal,0.0,3
36.5_-1.5,36.5,-1.5,Open ocean / other,32,0,5.277886628985921,0.0,0.0,0.0,1.0,False,Normal,0.0,5
35.5_-5.0,35.5,-5.0,Strait of Gibraltar,35,0,5.480047111025221,0.0,0.0,0.0,1.0,False,Normal,0.0,3
31.0_122.5,31.0,122.5,Open ocean / other,155,0,37.83989779912827,0.0,0.0,0.0,1.0,False,Normal,0.0,1
3.5_7.0,3.5,7.0,Gulf of Guinea,31,0,13.74992076098859,0.0,0.0,0.0,1.0,False,Normal,0.0,3
24.5_118.5,24.5,118.5,Taiwan Strait,31,0,8.38215388323472,0.0,0.0,0.0,1.0,False,Normal,0.0,1
42.0_-10.0,42.0,-10.0,Open ocean / other,28,0,7.374573268530196,0.0,0.0,0.0,1.0,False,Normal,0.0,5
41.5_-10.0,41.5,-10.0,Open ocean / other,27,0,6.150189204720023,0.0,0.0,0.0,1.0,False,Normal,0.0,5
28.0_121.0,28.0,121.0,Open ocean / other,26,0,8.727520574564105,0.0,0.0,0.0,1.0,False,Normal,0.0,2
53.5_4.5,53.5,4.5,Open ocean / other,28,0,5.975855581950719,0.0,0.0,0.0,1.0,False,Normal,0.0,4
57.5_8.5,57.5,8.5,Open ocean / other,26,0,9.335814036425129,0.0,0.0,0.0,1.0,False,Normal,0.0,3
57.0_1.5,57.0,1.5,Open ocean / other,34,0,10.179947015699243,0.0,0.0,0.0,1.0,False,Normal,0.0,5
70.5_17.0,70.5,17.0,Open ocean / other,39,0,11.57702150737338,0.0,0.0,0.0,1.0,False,Normal,0.0,9
71.5_16.0,71.5,16.0,Open ocean / other,26,0,8.101032885893662,0.0,0.0,0.0,1.0,False,Normal,0.0,9
