record_id,photo_url,platform_name,country_of_origin,manufacturer,domain,category,status,photo_status,photo_search_url,photo_page_url,photo_license,aliases,model_codes,airframe_type,class_mark,mtow_kg,endurance_min,endurance_h,range_km,max_speed_kmh,payload_kg,wingspan_m,length_m,source_count,source_datasets,source_urls,verification_level,origin_confidence,last_compiled,notes
UAV-0001,,Dronamics Black Swan,Bulgaria,,Civilian / Commercial,Cargo fixed-wing UAV,Not specified,Not collected,https://commons.wikimedia.org/w/index.php?search=Dronamics%20Black%20Swan%20UAV&title=Special:MediaSearch&type=image,,,,,,,,,,,,,,,1,Curated UAV Seed 2026,Internal curated seed,Curated; source review required,High,2026-08-02,Long-range freight
UAV-0002,,AutoFlight Prosperity I,China,,Civilian / Commercial,eVTOL aircraft,Not specified,Not collected,https://commons.wikimedia.org/w/index.php?search=AutoFlight%20Prosperity%20I%20UAV&title=Special:MediaSearch&type=image,,,,,,,,,,,,,,,1,Curated UAV Seed 2026,Internal curated seed,Curated; source review required,High,2026-08-02,Urban air mobility
UAV-0003,,DJI Agras T50,China,,Civilian / Commercial,Agricultural multirotor,Not specified,Not collected,https://commons.wikimedia.org/w/index.php?search=DJI%20Agras%20T50%20UAV&title=Special:MediaSearch&type=image,,,,,,,,,,,,,,,1,Curated UAV Seed 2026,Internal curated seed,Curated; source review required,High,2026-08-02,Spraying / spreading
UAV-0004,,DJI FlyCart 30,China,DJI,Civilian / Commercial,Cargo multirotor,Not specified,Not collected,https://commons.wikimedia.org/w/index.php?search=DJI%20FlyCart%2030%20UAV&title=Special:MediaSearch&type=image,,,FlyCart 30,,,none,95000,18,,,,,,,2,Curated UAV Seed 2026 | OpenDroneList,Internal curated seed | https://github.com/dronetag/opendronelist,Curated; source review required,High,2026-08-02,Logistics / delivery
UAV-0005,,EHang EH216-S,China,,Civilian / Commercial,Passenger eVTOL multicopter,Not specified,Not collected,https://commons.wikimedia.org/w/index.php?search=EHang%20EH216-S%20UAV&title=Special:MediaSearch&type=image,,,,,,,,,,,,,,,1,Curated UAV Seed 2026,Internal curated seed,Curated; source review required,High,2026-08-02,Urban air mobility
UAV-0006,,XPeng AeroHT flying-car concepts,China,,Civilian / Commercial,eVTOL / modular aircraft,Not specified,Not collected,https://commons.wikimedia.org/w/index.php?search=XPeng%20AeroHT%20flying-car%20concepts%20UAV&title=Special:MediaSearch&type=image,,,,,,,,,,,,,,,1,Curated UAV Seed 2026,Internal curated seed,Curated; source review required,High,2026-08-02,Personal air mobility
UAV-0007,,Delair UX11,France,Delair,Civilian / Commercial,Fixed-wing survey UAV,Not specified,Not collected,https://commons.wikimedia.org/w/index.php?search=Delair%20UX11%20UAV&title=Special:MediaSearch&type=image,,,UX11 UAV,,,C6,1600,80,,,,,,,2,Curated UAV Seed 2026 | OpenDroneList,Internal curated seed | https://github.com/dronetag/opendronelist,Curated; source review required,High,2026-08-02,Mapping / photogrammetry
UAV-0008,,Lilium Jet,Germany,,Civilian / Commercial,Ducted-fan eVTOL,Not specified,Not collected,https://commons.wikimedia.org/w/index.php?search=Lilium%20Jet%20UAV&title=Special:MediaSearch&type=image,,,,,,,,,,,,,,,1,Curated UAV Seed 2026,Internal curated seed,Curated; source review required,High,2026-08-02,Regional air mobility
UAV-0009,,Microdrones md4-3000,Germany,,Civilian / Commercial,Heavy multirotor,Not specified,Not collected,https://commons.wikimedia.org/w/index.php?search=Microdrones%20md4-3000%20UAV&title=Special:MediaSearch&type=image,,,,,,,,,,,,,,,1,Curated UAV Seed 2026,Internal curated seed,Curated; source review required,High,2026-08-02,Mapping / LiDAR
UAV-0010,,Trinity Pro,Germany,,Civilian / Commercial,VTOL fixed-wing,Not specified,Not collected,https://commons.wikimedia.org/w/index.php?search=Trinity%20Pro%20UAV&title=Special:MediaSearch&type=image,,,,,,,,,,,,,,,1,Curated UAV Seed 2026,Internal curated seed,Curated; source review required,High,2026-08-02,Survey / mapping
UAV-0011,,Volocopter VoloDrone,Germany,,Civilian / Commercial,Heavy-lift multicopter,Not specified,Not collected,https://commons.wikimedia.org/w/index.php?search=Volocopter%20VoloDrone%20UAV&title=Special:MediaSearch&type=image,,,,,,,,,,,,,,,1,Curated UAV Seed 2026,Internal curated seed,Curated; source review required,High,2026-08-02,Cargo logistics
UAV-0012,,Terra Drone survey platforms,Japan,,Civilian / Commercial,Multi-platform services,Not specified,Not collected,https://commons.wikimedia.org/w/index.php?search=Terra%20Drone%20survey%20platforms%20UAV&title=Special:MediaSearch&type=image,,,,,,,,,,,,,,,1,Curated UAV Seed 2026,Internal curated seed,Curated; source review required,High,2026-08-02,Survey / inspection
UAV-0013,,Yamaha FAZER R G2,Japan,,Civilian / Commercial,Unmanned helicopter,Not specified,Not collected,https://commons.wikimedia.org/w/index.php?search=Yamaha%20FAZER%20R%20G2%20UAV&title=Special:MediaSearch&type=image,,,,,,,,,,,,,,,1,Curated UAV Seed 2026,Internal curated seed,Curated; source review required,High,2026-08-02,Agriculture / cargo
UAV-0014,,Flyability Elios 3,Switzerland,,Civilian / Commercial,Caged indoor multirotor,Not specified,Not collected,https://commons.wikimedia.org/w/index.php?search=Flyability%20Elios%203%20UAV&title=Special:MediaSearch&type=image,,,,,,,,,,,,,,,1,Curated UAV Seed 2026,Internal curated seed,Curated; source review required,High,2026-08-02,Confined-space inspection
UAV-0015,,Fotokite Sigma,Switzerland,,Civilian / Commercial,Tethered multirotor,Not specified,Not collected,https://commons.wikimedia.org/w/index.php?search=Fotokite%20Sigma%20UAV&title=Special:MediaSearch&type=image,,,,,,,,,,,,,,,1,Curated UAV Seed 2026,Internal curated seed,Curated; source review required,High,2026-08-02,Public safety situational awareness
UAV-0016,,senseFly eBee X,Switzerland,,Civilian / Commercial,Fixed-wing survey UAV,Not specified,Not collected,https://commons.wikimedia.org/w/index.php?search=senseFly%20eBee%20X%20UAV&title=Special:MediaSearch&type=image,,,,,,,,,,,,,,,1,Curated UAV Seed 2026,Internal curated seed,Curated; source review required,High,2026-08-02,Mapping / agriculture
UAV-0017,,WingtraOne GEN II,Switzerland,,Civilian / Commercial,VTOL fixed-wing,Not specified,Not collected,https://commons.wikimedia.org/w/index.php?search=WingtraOne%20GEN%20II%20UAV&title=Special:MediaSearch&type=image,,,,,,,,,,,,,,,1,Curated UAV Seed 2026,Internal curated seed,Curated; source review required,High,2026-08-02,Survey / mapping
UAV-0018,,Vertical VX4,United Kingdom,,Civilian / Commercial,eVTOL aircraft,Not specified,Not collected,https://commons.wikimedia.org/w/index.php?search=Vertical%20VX4%20UAV&title=Special:MediaSearch&type=image,,,,,,,,,,,,,,,1,Curated UAV Seed 2026,Internal curated seed,Curated; source review required,High,2026-08-02,Urban air mobility
UAV-0019,,Amazon MK30,United States,,Civilian / Commercial,Delivery UAV,Not specified,Not collected,https://commons.wikimedia.org/w/index.php?search=Amazon%20MK30%20UAV&title=Special:MediaSearch&type=image,,,,,,,,,,,,,,,1,Curated UAV Seed 2026,Internal curated seed,Curated; source review required,High,2026-08-02,Parcel delivery
UAV-0020,,Archer Midnight,United States,,Civilian / Commercial,eVTOL aircraft,Not specified,Not collected,https://commons.wikimedia.org/w/index.php?search=Archer%20Midnight%20UAV&title=Special:MediaSearch&type=image,,,,,,,,,,,,,,,1,Curated UAV Seed 2026,Internal curated seed,Curated; source review required,High,2026-08-02,Urban air mobility
UAV-0021,,Freefly Alta X,United States,,Civilian / Commercial,Heavy-lift multirotor,Not specified,Not collected,https://commons.wikimedia.org/w/index.php?search=Freefly%20Alta%20X%20UAV&title=Special:MediaSearch&type=image,,,,,,,,,,,,,,,1,Curated UAV Seed 2026,Internal curated seed,Curated; source review required,High,2026-08-02,Cinema / sensors / cargo
UAV-0022,,Joby S4,United States,,Civilian / Commercial,Piloted/autonomous-capable eVTOL,Not specified,Not collected,https://commons.wikimedia.org/w/index.php?search=Joby%20S4%20UAV&title=Special:MediaSearch&type=image,,,,,,,,,,,,,,,1,Curated UAV Seed 2026,Internal curated seed,Curated; source review required,High,2026-08-02,Urban air mobility
UAV-0023,,Wing delivery drone,United States,,Civilian / Commercial,Hybrid VTOL delivery UAV,Not specified,Not collected,https://commons.wikimedia.org/w/index.php?search=Wing%20delivery%20drone%20UAV&title=Special:MediaSearch&type=image,,,,,,,,,,,,,,,1,Curated UAV Seed 2026,Internal curated seed,Curated; source review required,High,2026-08-02,Parcel delivery
UAV-0024,,Wisk Generation 6,United States,,Civilian / Commercial,Autonomous eVTOL,Not specified,Not collected,https://commons.wikimedia.org/w/index.php?search=Wisk%20Generation%206%20UAV&title=Special:MediaSearch&type=image,,,,,,,,,,,,,,,1,Curated UAV Seed 2026,Internal curated seed,Curated; source review required,High,2026-08-02,Urban air mobility
UAV-0025,,Zipline Platform 1,United States,,Civilian / Commercial,Fixed-wing delivery UAV,Not specified,Not collected,https://commons.wikimedia.org/w/index.php?search=Zipline%20Platform%201%20UAV&title=Special:MediaSearch&type=image,,,,,,,,,,,,,,,1,Curated UAV Seed 2026,Internal curated seed,Curated; source review required,High,2026-08-02,Medical logistics
UAV-0026,,Zipline Platform 2,United States,,Civilian / Commercial,VTOL delivery system,Not specified,Not collected,https://commons.wikimedia.org/w/index.php?search=Zipline%20Platform%202%20UAV&title=Special:MediaSearch&type=image,,,,,,,,,,,,,,,1,Curated UAV Seed 2026,Internal curated seed,Curated; source review required,High,2026-08-02,Precision delivery
UAV-0027,,Matternet M2,United States / Switzerland,,Civilian / Commercial,Delivery multirotor,Not specified,Not collected,https://commons.wikimedia.org/w/index.php?search=Matternet%20M2%20UAV&title=Special:MediaSearch&type=image,,,,,,,,,,,,,,,1,Curated UAV Seed 2026,Internal curated seed,Curated; source review required,High,2026-08-02,Medical logistics
UAV-0028,,AVSS PRS-M350EX,Canada,AVSS - Aerial Vehicle Safety Solutions Inc.,Civilian / Commercial,Multirotor,EASA-listed for EU operations,Not collected,https://commons.wikimedia.org/w/index.php?search=AVSS%20PRS-M350EX%20UAV&title=Special:MediaSearch&type=image,,,,,Multirotor,C5 (STS 01),,,,,,,,,1,EASA Drones for EU Operations,https://www.easa.europa.eu/en/domains/drones-air-mobility/drones-evtol-designs/drones-eu-operations/pr-190-avss-prs-m350ex,Official regulatory list; manufacturer-supplied data,Medium,2026-08-02,Operations: Open / Standard
UAV-0029,,AVSS PRS-M3DTEX,Canada,AVSS - Aerial Vehicle Safety Solutions Inc.,Civilian / Commercial,Multirotor,EASA-listed for EU operations,Not collected,https://commons.wikimedia.org/w/index.php?search=AVSS%20PRS-M3DTEX%20UAV&title=Special:MediaSearch&type=image,,,,,Multirotor,C5 (STS 01),,,,,,,,,1,EASA Drones for EU Operations,https://www.easa.europa.eu/en/domains/drones-air-mobility/drones-evtol-designs/drones-eu-operations/pr-189-avss-prs-m3dtex,Official regulatory list; manufacturer-supplied data,Medium,2026-08-02,Operations: Open / Standard
UAV-0030,,PRS-M4EX,Canada,AVSS - Aerial Vehicle Safety Solutions Inc.,Civilian / Commercial,Multirotor,EASA-listed for EU operations,Not collected,https://commons.wikimedia.org/w/index.php?search=PRS-M4EX%20UAV&title=Special:MediaSearch&type=image,,,,AVSS PRS-M4EX,Multirotor,C5 (STS 01),,,,,,,,,1,EASA Drones for EU Operations,https://www.easa.europa.eu/en/domains/drones-air-mobility/drones-evtol-designs/drones-eu-operations/pr-467-avss-prs-m4ex,Official regulatory list; manufacturer-supplied data,Medium,2026-08-02,Operations: Open / Standard
UAV-0031,,Agras MG-1,China,DJI,Civilian / Commercial,Commercial multirotor/fixed-wing,Listed in OpenDroneList,Not collected,https://commons.wikimedia.org/w/index.php?search=Agras%20MG-1%20UAV&title=Special:MediaSearch&type=image,,,,,,none,24500,22,,,,,,,1,OpenDroneList,https://github.com/dronetag/opendronelist,Community dataset; verify against manufacturer,Medium,2026-08-02,
UAV-0032,,Agras MG-1P,China,DJI,Civilian / Commercial,Commercial multirotor/fixed-wing,Listed in OpenDroneList,Not collected,https://commons.wikimedia.org/w/index.php?search=Agras%20MG-1P%20UAV&title=Special:MediaSearch&type=image,,,,,,none,24800,20,,,,,,,1,OpenDroneList,https://github.com/dronetag/opendronelist,Community dataset; verify against manufacturer,Medium,2026-08-02,
UAV-0033,,Agras MG-1P RTK,China,DJI,Civilian / Commercial,Commercial multirotor/fixed-wing,Listed in OpenDroneList,Not collected,https://commons.wikimedia.org/w/index.php?search=Agras%20MG-1P%20RTK%20UAV&title=Special:MediaSearch&type=image,,,,,,none,24800,20,,,,,,,1,OpenDroneList,https://github.com/dronetag/opendronelist,Community dataset; verify against manufacturer,Medium,2026-08-02,
UAV-0034,,Agras MG-1S,China,DJI,Civilian / Commercial,Commercial multirotor/fixed-wing,Listed in OpenDroneList,Not collected,https://commons.wikimedia.org/w/index.php?search=Agras%20MG-1S%20UAV&title=Special:MediaSearch&type=image,,,,,,none,24800,22,,,,,,,1,OpenDroneList,https://github.com/dronetag/opendronelist,Community dataset; verify against manufacturer,Medium,2026-08-02,
UAV-0035,,Agras MG-1S RTK,China,DJI,Civilian / Commercial,Commercial multirotor/fixed-wing,Listed in OpenDroneList,Not collected,https://commons.wikimedia.org/w/index.php?search=Agras%20MG-1S%20RTK%20UAV&title=Special:MediaSearch&type=image,,,,,,none,24800,22,,,,,,,1,OpenDroneList,https://github.com/dronetag/opendronelist,Community dataset; verify against manufacturer,Medium,2026-08-02,
UAV-0036,,Agras T10,China,DJI,Civilian / Commercial,Commercial multirotor/fixed-wing,Listed in OpenDroneList,Not collected,https://commons.wikimedia.org/w/index.php?search=Agras%20T10%20UAV&title=Special:MediaSearch&type=image,,,,,,none,24800,17,,,,,,,1,OpenDroneList,https://github.com/dronetag/opendronelist,Community dataset; verify against manufacturer,Medium,2026-08-02,
UAV-0037,,Agras T100,China,DJI,Civilian / Commercial,Commercial multirotor/fixed-wing,Listed in OpenDroneList,Not collected,https://commons.wikimedia.org/w/index.php?search=Agras%20T100%20UAV&title=Special:MediaSearch&type=image,,,,,,none,175000,10,,,,,,,1,OpenDroneList,https://github.com/dronetag/opendronelist,Community dataset; verify against manufacturer,Medium,2026-08-02,
UAV-0038,,Agras T16,China,DJI,Civilian / Commercial,Commercial multirotor/fixed-wing,Listed in OpenDroneList,Not collected,https://commons.wikimedia.org/w/index.php?search=Agras%20T16%20UAV&title=Special:MediaSearch&type=image,,,,,,none,42000,18,,,,,,,1,OpenDroneList,https://github.com/dronetag/opendronelist,Community dataset; verify against manufacturer,Medium,2026-08-02,
UAV-0039,,Agras T20,China,DJI,Civilian / Commercial,Commercial multirotor/fixed-wing,Listed in OpenDroneList,Not collected,https://commons.wikimedia.org/w/index.php?search=Agras%20T20%20UAV&title=Special:MediaSearch&type=image,,,,,,none,47500,9,,,,,,,1,OpenDroneList,https://github.com/dronetag/opendronelist,Community dataset; verify against manufacturer,Medium,2026-08-02,
UAV-0040,,Agras T20P,China,DJI,Civilian / Commercial,Commercial multirotor/fixed-wing,Listed in OpenDroneList,Not collected,https://commons.wikimedia.org/w/index.php?search=Agras%20T20P%20UAV&title=Special:MediaSearch&type=image,,,,,,none,58000,7,,,,,,,1,OpenDroneList,https://github.com/dronetag/opendronelist,Community dataset; verify against manufacturer,Medium,2026-08-02,
UAV-0041,,Agras T25,China,DJI,Civilian / Commercial,Commercial multirotor/fixed-wing,Listed in OpenDroneList,Not collected,https://commons.wikimedia.org/w/index.php?search=Agras%20T25%20UAV&title=Special:MediaSearch&type=image,,,,,,none,58000,15,,,,,,,1,OpenDroneList,https://github.com/dronetag/opendronelist,Community dataset; verify against manufacturer,Medium,2026-08-02,
UAV-0042,,Agras T25P,China,DJI,Civilian / Commercial,Commercial multirotor/fixed-wing,Listed in OpenDroneList,Not collected,https://commons.wikimedia.org/w/index.php?search=Agras%20T25P%20UAV&title=Special:MediaSearch&type=image,,,,,,none,60000,15,,,,,,,1,OpenDroneList,https://github.com/dronetag/opendronelist,Community dataset; verify against manufacturer,Medium,2026-08-02,
UAV-0043,,Agras T30,China,DJI,Civilian / Commercial,Commercial multirotor/fixed-wing,Listed in OpenDroneList,Not collected,https://commons.wikimedia.org/w/index.php?search=Agras%20T30%20UAV&title=Special:MediaSearch&type=image,,,,,,none,78000,20.5,,,,,,,1,OpenDroneList,https://github.com/dronetag/opendronelist,Community dataset; verify against manufacturer,Medium,2026-08-02,
UAV-0044,,Agras T40,China,DJI,Civilian / Commercial,Commercial multirotor/fixed-wing,Listed in OpenDroneList,Not collected,https://commons.wikimedia.org/w/index.php?search=Agras%20T40%20UAV&title=Special:MediaSearch&type=image,,,,,,none,101000,18,,,,,,,1,OpenDroneList,https://github.com/dronetag/opendronelist,Community dataset; verify against manufacturer,Medium,2026-08-02,
UAV-0045,,Agras T70P,China,DJI,Civilian / Commercial,Commercial multirotor/fixed-wing,Listed in OpenDroneList,Not collected,https://commons.wikimedia.org/w/index.php?search=Agras%20T70P%20UAV&title=Special:MediaSearch&type=image,,,,,,none,126000,11,,,,,,,1,OpenDroneList,https://github.com/dronetag/opendronelist,Community dataset; verify against manufacturer,Medium,2026-08-02,
UAV-0046,,ATOM,China,"Shenzhen Potensic Intelligent Co., Ltd",Civilian / Commercial,Multirotor,EASA-listed for EU operations,Not collected,https://commons.wikimedia.org/w/index.php?search=ATOM%20UAV&title=Special:MediaSearch&type=image,,,,DSDR04C,Multirotor,C0,,,,,,,,,1,EASA Drones for EU Operations,https://www.easa.europa.eu/en/domains/drones-air-mobility/drones-evtol-designs/drones-eu-operations/pr-71-dsdr04c,Official regulatory list; manufacturer-supplied data,Medium,2026-08-02,Operations: Open / Standard
UAV-0047,,ATOM 2,China,"Shenzhen Potensic Intelligent Co., Ltd",Civilian / Commercial,Multirotor,EASA-listed for EU operations,Not collected,https://commons.wikimedia.org/w/index.php?search=ATOM%202%20UAV&title=Special:MediaSearch&type=image,,,,DSDR23A,Multirotor,C0,,,,,,,,,1,EASA Drones for EU Operations,https://www.easa.europa.eu/en/domains/drones-air-mobility/drones-evtol-designs/drones-eu-operations/pr-252-dsdr23a,Official regulatory list; manufacturer-supplied data,Medium,2026-08-02,Operations: Open / Standard
UAV-0048,,ATOM 3,China,"Shenzhen Potensic Intelligent Co., Ltd",Civilian / Commercial,Multirotor,EASA-listed for EU operations,Not collected,https://commons.wikimedia.org/w/index.php?search=ATOM%203%20UAV&title=Special:MediaSearch&type=image,,,,DSDR24A,Multirotor,C0,,,,,,,,,1,EASA Drones for EU Operations,https://www.easa.europa.eu/en/domains/drones-air-mobility/drones-evtol-designs/drones-eu-operations/pr-670-dsdr24a,Official regulatory list; manufacturer-supplied data,Medium,2026-08-02,Operations: Open / Standard
UAV-0049,,ATOM LT,China,"Shenzhen Potensic Intelligent Co., Ltd",Civilian / Commercial,Multirotor,EASA-listed for EU operations,Not collected,https://commons.wikimedia.org/w/index.php?search=ATOM%20LT%20UAV&title=Special:MediaSearch&type=image,,,,DSDR04D,Multirotor,C0,,,,,,,,,1,EASA Drones for EU Operations,https://www.easa.europa.eu/en/domains/drones-air-mobility/drones-evtol-designs/drones-eu-operations/pr-78-dsdr04d,Official regulatory list; manufacturer-supplied data,Medium,2026-08-02,Operations: Open / Standard
UAV-0050,,ATOM SE,China,"Shenzhen Potensic Intelligent Co., Ltd",Civilian / Commercial,Multirotor,EASA-listed for EU operations,Not collected,https://commons.wikimedia.org/w/index.php?search=ATOM%20SE%20UAV&title=Special:MediaSearch&type=image,,,,DSDR04B,Multirotor,C0,,,,,,,,,1,EASA Drones for EU Operations,https://www.easa.europa.eu/en/domains/drones-air-mobility/drones-evtol-designs/drones-eu-operations/pr-72-dsdr04b,Official regulatory list; manufacturer-supplied data,Medium,2026-08-02,Operations: Open / Standard
UAV-0051,,Avata,China,DJI,Civilian / Commercial,Commercial multirotor/fixed-wing,Listed in OpenDroneList,Not collected,https://commons.wikimedia.org/w/index.php?search=Avata%20UAV&title=Special:MediaSearch&type=image,,,,,,none,410,18,,,,,,,1,OpenDroneList,https://github.com/dronetag/opendronelist,Community dataset; verify against manufacturer,Medium,2026-08-02,
UAV-0052,,Breeze,China,Yuneec,Civilian / Commercial,Commercial multirotor/fixed-wing,Listed in OpenDroneList,Not collected,https://commons.wikimedia.org/w/index.php?search=Breeze%20UAV&title=Special:MediaSearch&type=image,,,,,,none,385,12,,,,,,,1,OpenDroneList,https://github.com/dronetag/opendronelist,Community dataset; verify against manufacturer,Medium,2026-08-02,
UAV-0053,,C5 Eurosafe Matrice 400,China,"EUROSAFE SYSTEMS, S.L.",Civilian / Commercial,Multirotor,EASA-listed for EU operations,Not collected,https://commons.wikimedia.org/w/index.php?search=C5%20Eurosafe%20Matrice%20400%20UAV&title=Special:MediaSearch&type=image,,,,,Multirotor,C5 (STS 01),,,,,,,,,1,EASA Drones for EU Operations,https://www.easa.europa.eu/en/domains/drones-air-mobility/drones-evtol-designs/drones-eu-operations/pr-2627-c5-eurosafe-matrice-400,Official regulatory list; manufacturer-supplied data,Medium,2026-08-02,Operations: Open / Standard
UAV-0054,,C5 Eurosafe Matrice 4D,China,"EUROSAFE SYSTEMS, S.L.",Civilian / Commercial,Multirotor,EASA-listed for EU operations,Not collected,https://commons.wikimedia.org/w/index.php?search=C5%20Eurosafe%20Matrice%204D%20UAV&title=Special:MediaSearch&type=image,,,,,Multirotor,C5 (STS 01),,,,,,,,,1,EASA Drones for EU Operations,https://www.easa.europa.eu/en/domains/drones-air-mobility/drones-evtol-designs/drones-eu-operations/pr-677-c5-eurosafe-matrice-4d,Official regulatory list; manufacturer-supplied data,Medium,2026-08-02,Operations: Open / Standard
UAV-0055,,C5 Eurosafe Matrice 4E,China,"EUROSAFE SYSTEMS, S.L.",Civilian / Commercial,Multirotor,EASA-listed for EU operations,Not collected,https://commons.wikimedia.org/w/index.php?search=C5%20Eurosafe%20Matrice%204E%20UAV&title=Special:MediaSearch&type=image,,,,,Multirotor,C5 (STS 01),,,,,,,,,1,EASA Drones for EU Operations,https://www.easa.europa.eu/en/domains/drones-air-mobility/drones-evtol-designs/drones-eu-operations/pr-547-c5-eurosafe-matrice-4e,Official regulatory list; manufacturer-supplied data,Medium,2026-08-02,Operations: Open / Standard
UAV-0056,,C5 Eurosafe Matrice 4T,China,"EUROSAFE SYSTEMS, S.L.",Civilian / Commercial,Multirotor,EASA-listed for EU operations,Not collected,https://commons.wikimedia.org/w/index.php?search=C5%20Eurosafe%20Matrice%204T%20UAV&title=Special:MediaSearch&type=image,,,,,Multirotor,C5 (STS 01),,,,,,,,,1,EASA Drones for EU Operations,https://www.easa.europa.eu/en/domains/drones-air-mobility/drones-evtol-designs/drones-eu-operations/pr-549-c5-eurosafe-matrice-4t,Official regulatory list; manufacturer-supplied data,Medium,2026-08-02,Operations: Open / Standard
UAV-0057,,C5 Eurosafe Matrice 4TD,China,"EUROSAFE SYSTEMS, S.L.",Civilian / Commercial,Multirotor,EASA-listed for EU operations,Not collected,https://commons.wikimedia.org/w/index.php?search=C5%20Eurosafe%20Matrice%204TD%20UAV&title=Special:MediaSearch&type=image,,,,,Multirotor,C5 (STS 01),,,,,,,,,1,EASA Drones for EU Operations,https://www.easa.europa.eu/en/domains/drones-air-mobility/drones-evtol-designs/drones-eu-operations/pr-678-c5-eurosafe-matrice-4td,Official regulatory list; manufacturer-supplied data,Medium,2026-08-02,Operations: Open / Standard
UAV-0058,,C5 Eurosafe Mavic 3,China,"EUROSAFE SYSTEMS, S.L.",Civilian / Commercial,Multirotor,EASA-listed for EU operations,Not collected,https://commons.wikimedia.org/w/index.php?search=C5%20Eurosafe%20Mavic%203%20UAV&title=Special:MediaSearch&type=image,,,,,Multirotor,C5 (STS 01),,,,,,,,,1,EASA Drones for EU Operations,https://www.easa.europa.eu/en/domains/drones-air-mobility/drones-evtol-designs/drones-eu-operations/pr-568-c5-eurosafe-mavic-3,Official regulatory list; manufacturer-supplied data,Medium,2026-08-02,Operations: Open / Standard
UAV-0059,,C5 Eurosafe Mavic 3 Cine,China,"EUROSAFE SYSTEMS, S.L.",Civilian / Commercial,Multirotor,EASA-listed for EU operations,Not collected,https://commons.wikimedia.org/w/index.php?search=C5%20Eurosafe%20Mavic%203%20Cine%20UAV&title=Special:MediaSearch&type=image,,,,,Multirotor,C5 (STS 01),,,,,,,,,1,EASA Drones for EU Operations,https://www.easa.europa.eu/en/domains/drones-air-mobility/drones-evtol-designs/drones-eu-operations/pr-532-c5-eurosafe-mavic-3,Official regulatory list; manufacturer-supplied data,Medium,2026-08-02,Operations: Open / Standard
UAV-0060,,C5 Eurosafe Mavic 3 Classic,China,"EUROSAFE SYSTEMS, S.L.",Civilian / Commercial,Multirotor,EASA-listed for EU operations,Not collected,https://commons.wikimedia.org/w/index.php?search=C5%20Eurosafe%20Mavic%203%20Classic%20UAV&title=Special:MediaSearch&type=image,,,,,Multirotor,C5 (STS 01),,,,,,,,,1,EASA Drones for EU Operations,https://www.easa.europa.eu/en/domains/drones-air-mobility/drones-evtol-designs/drones-eu-operations/pr-531-c5-eurosafe-mavic-3,Official regulatory list; manufacturer-supplied data,Medium,2026-08-02,Operations: Open / Standard
UAV-0061,,C5 Eurosafe Mavic 3 Pro,China,"EUROSAFE SYSTEMS, S.L.",Civilian / Commercial,Multirotor,EASA-listed for EU operations,Not collected,https://commons.wikimedia.org/w/index.php?search=C5%20Eurosafe%20Mavic%203%20Pro%20UAV&title=Special:MediaSearch&type=image,,,,,Multirotor,C5 (STS 01),,,,,,,,,1,EASA Drones for EU Operations,https://www.easa.europa.eu/en/domains/drones-air-mobility/drones-evtol-designs/drones-eu-operations/pr-530-c5-eurosafe-mavic-3,Official regulatory list; manufacturer-supplied data,Medium,2026-08-02,Operations: Open / Standard
UAV-0062,,C5 Eurosafe Mavic 3 Pro Cine,China,"EUROSAFE SYSTEMS, S.L.",Civilian / Commercial,Multirotor,EASA-listed for EU operations,Not collected,https://commons.wikimedia.org/w/index.php?search=C5%20Eurosafe%20Mavic%203%20Pro%20Cine%20UAV&title=Special:MediaSearch&type=image,,,,,Multirotor,C5 (STS 01),,,,,,,,,1,EASA Drones for EU Operations,https://www.easa.europa.eu/en/domains/drones-air-mobility/drones-evtol-designs/drones-eu-operations/pr-569-c5-eurosafe-mavic-3,Official regulatory list; manufacturer-supplied data,Medium,2026-08-02,Operations: Open / Standard
UAV-0063,,C5 Eurosafe Mavic 3E,China,"EUROSAFE SYSTEMS, S.L.",Civilian / Commercial,Multirotor,EASA-listed for EU operations,Not collected,https://commons.wikimedia.org/w/index.php?search=C5%20Eurosafe%20Mavic%203E%20UAV&title=Special:MediaSearch&type=image,,,,,Multirotor,C5 (STS 01),,,,,,,,,1,EASA Drones for EU Operations,https://www.easa.europa.eu/en/domains/drones-air-mobility/drones-evtol-designs/drones-eu-operations/pr-405-c5-eurosafe-mavic-3e,Official regulatory list; manufacturer-supplied data,Medium,2026-08-02,Operations: Open / Standard
UAV-0064,,C5 Eurosafe Mavic 3M,China,"EUROSAFE SYSTEMS, S.L.",Civilian / Commercial,Multirotor,EASA-listed for EU operations,Not collected,https://commons.wikimedia.org/w/index.php?search=C5%20Eurosafe%20Mavic%203M%20UAV&title=Special:MediaSearch&type=image,,,,,Multirotor,C5 (STS 01),,,,,,,,,1,EASA Drones for EU Operations,https://www.easa.europa.eu/en/domains/drones-air-mobility/drones-evtol-designs/drones-eu-operations/pr-407-c5-eurosafe-mavic-3m,Official regulatory list; manufacturer-supplied data,Medium,2026-08-02,Operations: Open / Standard
UAV-0065,,C5 Eurosafe Mavic 3T,China,"EUROSAFE SYSTEMS, S.L.",Civilian / Commercial,Multirotor,EASA-listed for EU operations,Not collected,https://commons.wikimedia.org/w/index.php?search=C5%20Eurosafe%20Mavic%203T%20UAV&title=Special:MediaSearch&type=image,,,,,Multirotor,C5 (STS 01),,,,,,,,,1,EASA Drones for EU Operations,https://www.easa.europa.eu/en/domains/drones-air-mobility/drones-evtol-designs/drones-eu-operations/pr-406-c5-eurosafe-mavic-3t,Official regulatory list; manufacturer-supplied data,Medium,2026-08-02,Operations: Open / Standard
UAV-0066,,DJI Air 2S,China,DJI,Civilian / Commercial,Multirotor,EASA-listed for EU operations,Not collected,https://commons.wikimedia.org/w/index.php?search=DJI%20Air%202S%20UAV&title=Special:MediaSearch&type=image,,,Air 2S,DA2SUE1A,Multirotor,C1,595,31,,,,,,,2,EASA Drones for EU Operations | OpenDroneList,https://github.com/dronetag/opendronelist | https://www.easa.europa.eu/en/domains/drones-air-mobility/drones-evtol-designs/drones-eu-operations/pr-49-da2sue1a,Official regulatory list; manufacturer-supplied data,Medium,2026-08-02,Operations: Open / Standard
UAV-0067,,DJI Air 3,China,DJI,Civilian / Commercial,Multirotor,EASA-listed for EU operations,Not collected,https://commons.wikimedia.org/w/index.php?search=DJI%20Air%203%20UAV&title=Special:MediaSearch&type=image,,,Air 3,EB3WBC,Multirotor,C1,720,46,,,,,,,2,EASA Drones for EU Operations | OpenDroneList,https://github.com/dronetag/opendronelist | https://www.easa.europa.eu/en/domains/drones-air-mobility/drones-evtol-designs/drones-eu-operations/pr-36-eb3wbc,Official regulatory list; manufacturer-supplied data,Medium,2026-08-02,Operations: Open / Standard
UAV-0068,,DJI AIR 3S,China,DJI,Civilian / Commercial,Multirotor,EASA-listed for EU operations,Not collected,https://commons.wikimedia.org/w/index.php?search=DJI%20AIR%203S%20UAV&title=Special:MediaSearch&type=image,,,Air 3S,CZ3SCL,Multirotor,C1,724,45,,,,,,,2,EASA Drones for EU Operations | OpenDroneList,https://github.com/dronetag/opendronelist | https://www.easa.europa.eu/en/domains/drones-air-mobility/drones-evtol-designs/drones-eu-operations/pr-232-cz3scl,Official regulatory list; manufacturer-supplied data,Medium,2026-08-02,Operations: Open / Standard
UAV-0069,,DJI Avata 2,China,DJI,Civilian / Commercial,Multirotor,EASA-listed for EU operations,Not collected,https://commons.wikimedia.org/w/index.php?search=DJI%20Avata%202%20UAV&title=Special:MediaSearch&type=image,,,Avata 2,QF3W4K,Multirotor,C1,377,23,,,,,,,2,EASA Drones for EU Operations | OpenDroneList,https://github.com/dronetag/opendronelist | https://www.easa.europa.eu/en/domains/drones-air-mobility/drones-evtol-designs/drones-eu-operations/pr-48-qf3w4k,Official regulatory list; manufacturer-supplied data,Medium,2026-08-02,Operations: Open / Standard
UAV-0070,,DJI Avata 360,China,DJI GmbH,Civilian / Commercial,Multirotor,EASA-listed for EU operations,Not collected,https://commons.wikimedia.org/w/index.php?search=DJI%20Avata%20360%20UAV&title=Special:MediaSearch&type=image,,,,DVN3NT | DVN3XT,Multirotor,C1,,,,,,,,,1,EASA Drones for EU Operations,https://www.easa.europa.eu/en/domains/drones-air-mobility/drones-evtol-designs/drones-eu-operations/pr-652-dvn3nt,Official regulatory list; manufacturer-supplied data,Medium,2026-08-02,Operations: Open / Standard
UAV-0071,,DJI Dock 3 and Matrice 4D Series,China,DJI GmbH,Civilian / Commercial,Multirotor,EASA-listed for EU operations,Not collected,https://commons.wikimedia.org/w/index.php?search=DJI%20Dock%203%20and%20Matrice%204D%20Series%20UAV&title=Special:MediaSearch&type=image,,,,M4D | M4TD,Multirotor,C6 (STS 02),,,,,,,,,1,EASA Drones for EU Operations,https://www.easa.europa.eu/en/domains/drones-air-mobility/drones-evtol-designs/drones-eu-operations/pr-349-m4d,Official regulatory list; manufacturer-supplied data,Medium,2026-08-02,Operations: Open / Standard
UAV-0072,,DJI Flip,China,DJI GmbH,Civilian / Commercial,EU-listed drone,EASA-listed for EU operations,Not collected,https://commons.wikimedia.org/w/index.php?search=DJI%20Flip%20UAV&title=Special:MediaSearch&type=image,,,,,,C0,,,,,,,,,1,EASA Drones for EU Operations,https://www.easa.europa.eu/en/domains/drones-air-mobility/drones-evtol-designs/drones-eu-operations/pr-377-dji-flip,Official regulatory list; manufacturer-supplied data,Medium,2026-08-02,Operations: Open / Standard
UAV-0073,,DJI Inspire 3,China,DJI,Civilian / Commercial,Multirotor,EASA-listed for EU operations,Not collected,https://commons.wikimedia.org/w/index.php?search=DJI%20Inspire%203%20UAV&title=Special:MediaSearch&type=image,,,Inspire 3,T740,Multirotor,C3,4310,26,,,,,,,2,EASA Drones for EU Operations | OpenDroneList,https://github.com/dronetag/opendronelist | https://www.easa.europa.eu/en/domains/drones-air-mobility/drones-evtol-designs/drones-eu-operations/pr-92-t740,Official regulatory list; manufacturer-supplied data,Medium,2026-08-02,Operations: Open / Standard
UAV-0074,,DJI Lito 1,China,DJI GmbH,Civilian / Commercial,Multirotor,EASA-listed for EU operations,Not collected,https://commons.wikimedia.org/w/index.php?search=DJI%20Lito%201%20UAV&title=Special:MediaSearch&type=image,,,,DGN12C | DGN12D,Multirotor,C0 | C1,,,,,,,,,1,EASA Drones for EU Operations,https://www.easa.europa.eu/en/domains/drones-air-mobility/drones-evtol-designs/drones-eu-operations/pr-656-dgn12c,Official regulatory list; manufacturer-supplied data,Medium,2026-08-02,Operations: Open / Standard
UAV-0075,,DJI Lito X1,China,DJI GmbH,Civilian / Commercial,Multirotor,EASA-listed for EU operations,Not collected,https://commons.wikimedia.org/w/index.php?search=DJI%20Lito%20X1%20UAV&title=Special:MediaSearch&type=image,,,,DGP14C | DGP14D,Multirotor,C0 | C1,,,,,,,,,1,EASA Drones for EU Operations,https://www.easa.europa.eu/en/domains/drones-air-mobility/drones-evtol-designs/drones-eu-operations/pr-654-dgp14c,Official regulatory list; manufacturer-supplied data,Medium,2026-08-02,Operations: Open / Standard
UAV-0076,,DJI Matrice 4D,China,DJI GmbH,Civilian / Commercial,Multirotor,EASA-listed for EU operations,Not collected,https://commons.wikimedia.org/w/index.php?search=DJI%20Matrice%204D%20UAV&title=Special:MediaSearch&type=image,,,,M4D,Multirotor,"C2 with low speed mode,C6 (STS 02)",,,,,,,,,1,EASA Drones for EU Operations,https://www.easa.europa.eu/en/domains/drones-air-mobility/drones-evtol-designs/drones-eu-operations/pr-682-m4d,Official regulatory list; manufacturer-supplied data,Medium,2026-08-02,Operations: Open / Standard
UAV-0077,,DJI Matrice 4E,China,DJI,Civilian / Commercial,Multirotor,EASA-listed for EU operations,Not collected,https://commons.wikimedia.org/w/index.php?search=DJI%20Matrice%204E%20UAV&title=Special:MediaSearch&type=image,,,Matrice 4E,M4E,Multirotor,C2 with low speed mode,1420,49,,,,,,,2,EASA Drones for EU Operations | OpenDroneList,https://github.com/dronetag/opendronelist | https://www.easa.europa.eu/en/domains/drones-air-mobility/drones-evtol-designs/drones-eu-operations/pr-356-m4e,Official regulatory list; manufacturer-supplied data,Medium,2026-08-02,Operations: Open / Standard
UAV-0078,,DJI Matrice 4T,China,DJI,Civilian / Commercial,Multirotor,EASA-listed for EU operations,Not collected,https://commons.wikimedia.org/w/index.php?search=DJI%20Matrice%204T%20UAV&title=Special:MediaSearch&type=image,,,Matrice 4T,M4T,Multirotor,C2 with low speed mode,1420,49,,,,,,,2,EASA Drones for EU Operations | OpenDroneList,https://github.com/dronetag/opendronelist | https://www.easa.europa.eu/en/domains/drones-air-mobility/drones-evtol-designs/drones-eu-operations/pr-357-m4t,Official regulatory list; manufacturer-supplied data,Medium,2026-08-02,Operations: Open / Standard
UAV-0079,,DJI Matrice 4TD,China,DJI GmbH,Civilian / Commercial,Multirotor,EASA-listed for EU operations,Not collected,https://commons.wikimedia.org/w/index.php?search=DJI%20Matrice%204TD%20UAV&title=Special:MediaSearch&type=image,,,,M4TD,Multirotor,"C2 with low speed mode,C6 (STS 02)",,,,,,,,,1,EASA Drones for EU Operations,https://www.easa.europa.eu/en/domains/drones-air-mobility/drones-evtol-designs/drones-eu-operations/pr-683-m4td,Official regulatory list; manufacturer-supplied data,Medium,2026-08-02,Operations: Open / Standard
UAV-0080,,DJI MAVIC 3 Cine V2.0,China,DJI GmbH,Civilian / Commercial,Multirotor,EASA-listed for EU operations,Not collected,https://commons.wikimedia.org/w/index.php?search=DJI%20MAVIC%203%20Cine%20V2.0%20UAV&title=Special:MediaSearch&type=image,,,,L2PA,Multirotor,C1,,,,,,,,,1,EASA Drones for EU Operations,https://www.easa.europa.eu/en/domains/drones-air-mobility/drones-evtol-designs/drones-eu-operations/pr-38-l2pa,Official regulatory list; manufacturer-supplied data,Medium,2026-08-02,Operations: Open / Standard
UAV-0081,,DJI MAVIC 3 Classic,China,DJI,Civilian / Commercial,Multirotor,EASA-listed for EU operations,Not collected,https://commons.wikimedia.org/w/index.php?search=DJI%20MAVIC%203%20Classic%20UAV&title=Special:MediaSearch&type=image,,,Mavic 3 Classic,L2C,Multirotor,C1,895,46,,,,,,,2,EASA Drones for EU Operations | OpenDroneList,https://github.com/dronetag/opendronelist | https://www.easa.europa.eu/en/domains/drones-air-mobility/drones-evtol-designs/drones-eu-operations/pr-46-l2c,Official regulatory list; manufacturer-supplied data,Medium,2026-08-02,Operations: Open / Standard
UAV-0082,,DJI Mavic 3 Pro,China,DJI,Civilian / Commercial,Multirotor,EASA-listed for EU operations,Not collected,https://commons.wikimedia.org/w/index.php?search=DJI%20Mavic%203%20Pro%20UAV&title=Special:MediaSearch&type=image,,,Mavic 3 Pro,L2S,Multirotor,C2 with low speed mode,958,43,,,,,,,2,EASA Drones for EU Operations | OpenDroneList,https://github.com/dronetag/opendronelist | https://www.easa.europa.eu/en/domains/drones-air-mobility/drones-evtol-designs/drones-eu-operations/pr-90-l2s,Official regulatory list; manufacturer-supplied data,Medium,2026-08-02,Operations: Open / Standard
UAV-0083,,DJI Mavic 3 Pro Cine,China,DJI,Civilian / Commercial,Multirotor,EASA-listed for EU operations,Not collected,https://commons.wikimedia.org/w/index.php?search=DJI%20Mavic%203%20Pro%20Cine%20UAV&title=Special:MediaSearch&type=image,,,Mavic 3 Pro Cine,L2E,Multirotor,C2 with low speed mode,963,43,,,,,,,2,EASA Drones for EU Operations | OpenDroneList,https://github.com/dronetag/opendronelist | https://www.easa.europa.eu/en/domains/drones-air-mobility/drones-evtol-designs/drones-eu-operations/pr-91-l2e,Official regulatory list; manufacturer-supplied data,Medium,2026-08-02,Operations: Open / Standard
UAV-0084,,DJI MAVIC 3 V2.0,China,DJI GmbH,Civilian / Commercial,Multirotor,EASA-listed for EU operations,Not collected,https://commons.wikimedia.org/w/index.php?search=DJI%20MAVIC%203%20V2.0%20UAV&title=Special:MediaSearch&type=image,,,,L2AA,Multirotor,C1,,,,,,,,,1,EASA Drones for EU Operations,https://www.easa.europa.eu/en/domains/drones-air-mobility/drones-evtol-designs/drones-eu-operations/pr-37-l2aa,Official regulatory list; manufacturer-supplied data,Medium,2026-08-02,Operations: Open / Standard
UAV-0085,,DJI MAVIC 3E EU,China,DJI GmbH,Civilian / Commercial,EU-listed drone,EASA-listed for EU operations,Not collected,https://commons.wikimedia.org/w/index.php?search=DJI%20MAVIC%203E%20EU%20UAV&title=Special:MediaSearch&type=image,,,,M3E-EU,,C2 with low speed mode,,,,,,,,,1,EASA Drones for EU Operations,https://www.easa.europa.eu/en/domains/drones-air-mobility/drones-evtol-designs/drones-eu-operations/pr-43-m3e-eu,Official regulatory list; manufacturer-supplied data,Medium,2026-08-02,Operations: Open / Standard
UAV-0086,,DJI MAVIC 3M EU,China,DJI GmbH,Civilian / Commercial,Multirotor,EASA-listed for EU operations,Not collected,https://commons.wikimedia.org/w/index.php?search=DJI%20MAVIC%203M%20EU%20UAV&title=Special:MediaSearch&type=image,,,,M3M-EU,Multirotor,C2 with low speed mode,,,,,,,,,1,EASA Drones for EU Operations,https://www.easa.europa.eu/en/domains/drones-air-mobility/drones-evtol-designs/drones-eu-operations/pr-45-m3m-eu,Official regulatory list; manufacturer-supplied data,Medium,2026-08-02,Operations: Open / Standard
UAV-0087,,DJI MAVIC 3T EU,China,DJI GmbH,Civilian / Commercial,Multirotor,EASA-listed for EU operations,Not collected,https://commons.wikimedia.org/w/index.php?search=DJI%20MAVIC%203T%20EU%20UAV&title=Special:MediaSearch&type=image,,,,M3T-EU,Multirotor,C2 with low speed mode,,,,,,,,,1,EASA Drones for EU Operations,https://www.easa.europa.eu/en/domains/drones-air-mobility/drones-evtol-designs/drones-eu-operations/pr-44-m3t-eu,Official regulatory list; manufacturer-supplied data,Medium,2026-08-02,Operations: Open / Standard
UAV-0088,,DJI Mavic 4 Pro,China,DJI,Civilian / Commercial,Multirotor,EASA-listed for EU operations,Not collected,https://commons.wikimedia.org/w/index.php?search=DJI%20Mavic%204%20Pro%20UAV&title=Special:MediaSearch&type=image,,,Mavic 4 Pro,L3A | L3B,Multirotor,C2 with low speed mode,1063,51,,,,,,,2,EASA Drones for EU Operations | OpenDroneList,https://github.com/dronetag/opendronelist | https://www.easa.europa.eu/en/domains/drones-air-mobility/drones-evtol-designs/drones-eu-operations/pr-345-l3a,Official regulatory list; manufacturer-supplied data,Medium,2026-08-02,Operations: Open / Standard
UAV-0089,,DJI Mini 2 SE,China,DJI,Civilian / Commercial,Multirotor,EASA-listed for EU operations,Not collected,https://commons.wikimedia.org/w/index.php?search=DJI%20Mini%202%20SE%20UAV&title=Special:MediaSearch&type=image,,,Mini 2 SE,MT2SD | MT2SDCE,Multirotor,C0,246,31,,,,,,,2,EASA Drones for EU Operations | OpenDroneList,https://github.com/dronetag/opendronelist | https://www.easa.europa.eu/en/domains/drones-air-mobility/drones-evtol-designs/drones-eu-operations/pr-31-mt2sd,Official regulatory list; manufacturer-supplied data,Medium,2026-08-02,Operations: Open / Standard
UAV-0090,,DJI Mini 3,China,DJI,Civilian / Commercial,Multirotor,EASA-listed for EU operations,Not collected,https://commons.wikimedia.org/w/index.php?search=DJI%20Mini%203%20UAV&title=Special:MediaSearch&type=image,,,Mini 3,MT3PD | MT3PDCE,Multirotor,C0,248,51,,,,,,,2,EASA Drones for EU Operations | OpenDroneList,https://github.com/dronetag/opendronelist | https://www.easa.europa.eu/en/domains/drones-air-mobility/drones-evtol-designs/drones-eu-operations/pr-418-mt3pd,Official regulatory list; manufacturer-supplied data,Medium,2026-08-02,Operations: Open / Standard
UAV-0091,,DJI Mini 4 Pro Fly More Combo,China,DJI GmbH,Civilian / Commercial,Multirotor,EASA-listed for EU operations,Not collected,https://commons.wikimedia.org/w/index.php?search=DJI%20Mini%204%20Pro%20Fly%20More%20Combo%20UAV&title=Special:MediaSearch&type=image,,,,MT4MFVD | MT4MFVDB,Multirotor,C0 | C1,,,,,,,,,1,EASA Drones for EU Operations,https://www.easa.europa.eu/en/domains/drones-air-mobility/drones-evtol-designs/drones-eu-operations/pr-35-mt4mfvd,Official regulatory list; manufacturer-supplied data,Medium,2026-08-02,Operations: Open / Standard
UAV-0092,,DJI Mini 5 Pro,China,DJI,Civilian / Commercial,Multirotor,EASA-listed for EU operations,Not collected,https://commons.wikimedia.org/w/index.php?search=DJI%20Mini%205%20Pro%20UAV&title=Special:MediaSearch&type=image,,,Mini 5 Pro,MT5MFND | MT5MFNDB | MT5MFNDC,Multirotor,C0 | C1,249,36,,,,,,,2,EASA Drones for EU Operations | OpenDroneList,https://github.com/dronetag/opendronelist | https://www.easa.europa.eu/en/domains/drones-air-mobility/drones-evtol-designs/drones-eu-operations/pr-425-mt5mfnd,Official regulatory list; manufacturer-supplied data,Medium,2026-08-02,Operations: Open / Standard
UAV-0093,,DJI Neo,China,DJI,Civilian / Commercial,Multirotor,EASA-listed for EU operations,Not collected,https://commons.wikimedia.org/w/index.php?search=DJI%20Neo%20UAV&title=Special:MediaSearch&type=image,,,Neo,DN1A0626,Multirotor,C0,135,18,,,,,,,2,EASA Drones for EU Operations | OpenDroneList,https://github.com/dronetag/opendronelist | https://www.easa.europa.eu/en/domains/drones-air-mobility/drones-evtol-designs/drones-eu-operations/pr-134-dn1a0626,Official regulatory list; manufacturer-supplied data,Medium,2026-08-02,Operations: Open / Standard
UAV-0094,,DJI Neo 2,China,DJI GmbH,Civilian / Commercial,Multirotor,EASA-listed for EU operations,Not collected,https://commons.wikimedia.org/w/index.php?search=DJI%20Neo%202%20UAV&title=Special:MediaSearch&type=image,,,,DEN225,Multirotor,C0,,,,,,,,,1,EASA Drones for EU Operations,https://www.easa.europa.eu/en/domains/drones-air-mobility/drones-evtol-designs/drones-eu-operations/pr-490-den225,Official regulatory list; manufacturer-supplied data,Medium,2026-08-02,Operations: Open / Standard
UAV-0095,,Dragonfish,China,Autel,Civilian / Commercial,Commercial multirotor/fixed-wing,Listed in OpenDroneList,Not collected,https://commons.wikimedia.org/w/index.php?search=Dragonfish%20UAV&title=Special:MediaSearch&type=image,,,,,,none,8500,120,,,,,,,1,OpenDroneList,https://github.com/dronetag/opendronelist,Community dataset; verify against manufacturer,Medium,2026-08-02,
UAV-0096,,Evo,China,Autel,Civilian / Commercial,Commercial multirotor/fixed-wing,Listed in OpenDroneList,Not collected,https://commons.wikimedia.org/w/index.php?search=Evo%20UAV&title=Special:MediaSearch&type=image,,,,,,none,1000,30,,,,,,,1,OpenDroneList,https://github.com/dronetag/opendronelist,Community dataset; verify against manufacturer,Medium,2026-08-02,
UAV-0097,,Evo 2 Dual,China,Autel,Civilian / Commercial,Commercial multirotor/fixed-wing,Listed in OpenDroneList,Not collected,https://commons.wikimedia.org/w/index.php?search=Evo%202%20Dual%20UAV&title=Special:MediaSearch&type=image,,,,,,none,2000,40,,,,,,,1,OpenDroneList,https://github.com/dronetag/opendronelist,Community dataset; verify against manufacturer,Medium,2026-08-02,
UAV-0098,,Evo 2 Dual 640T,China,Autel,Civilian / Commercial,Commercial multirotor/fixed-wing,Listed in OpenDroneList,Not collected,https://commons.wikimedia.org/w/index.php?search=Evo%202%20Dual%20640T%20UAV&title=Special:MediaSearch&type=image,,,,,,none,2000,40,,,,,,,1,OpenDroneList,https://github.com/dronetag/opendronelist,Community dataset; verify against manufacturer,Medium,2026-08-02,
UAV-0099,,Evo 2 Pro,China,Autel,Civilian / Commercial,Commercial multirotor/fixed-wing,Listed in OpenDroneList,Not collected,https://commons.wikimedia.org/w/index.php?search=Evo%202%20Pro%20UAV&title=Special:MediaSearch&type=image,,,,,,none,1999,40,,,,,,,1,OpenDroneList,https://github.com/dronetag/opendronelist,Community dataset; verify against manufacturer,Medium,2026-08-02,
UAV-0100,,Evo II,China,Autel,Civilian / Commercial,Commercial multirotor/fixed-wing,Listed in OpenDroneList,Not collected,https://commons.wikimedia.org/w/index.php?search=Evo%20II%20UAV&title=Special:MediaSearch&type=image,,,,,,none,1999,40,,,,,,,1,OpenDroneList,https://github.com/dronetag/opendronelist,Community dataset; verify against manufacturer,Medium,2026-08-02,
UAV-0101,,Evo Lite,China,Autel,Civilian / Commercial,Commercial multirotor/fixed-wing,Listed in OpenDroneList,Not collected,https://commons.wikimedia.org/w/index.php?search=Evo%20Lite%20UAV&title=Special:MediaSearch&type=image,,,Evo Lite+,,,none,835,40,,,,,,,2,OpenDroneList,https://github.com/dronetag/opendronelist,Community dataset; verify against manufacturer,Medium,2026-08-02,
UAV-0102,,EVO Nano,China,Autel,Civilian / Commercial,Commercial multirotor/fixed-wing,Listed in OpenDroneList,Not collected,https://commons.wikimedia.org/w/index.php?search=EVO%20Nano%20UAV&title=Special:MediaSearch&type=image,,,,,,none,249,28,,,,,,,1,OpenDroneList,https://github.com/dronetag/opendronelist,Community dataset; verify against manufacturer,Medium,2026-08-02,
UAV-0103,,FIMI X8,China,Xiaomi,Civilian / Commercial,Commercial multirotor/fixed-wing,Listed in OpenDroneList,Not collected,https://commons.wikimedia.org/w/index.php?search=FIMI%20X8%20UAV&title=Special:MediaSearch&type=image,,,,,,none,790,35,,,,,,,1,OpenDroneList,https://github.com/dronetag/opendronelist,Community dataset; verify against manufacturer,Medium,2026-08-02,
UAV-0104,,Flame Wheel F330,China,DJI,Civilian / Commercial,Commercial multirotor/fixed-wing,Listed in OpenDroneList,Not collected,https://commons.wikimedia.org/w/index.php?search=Flame%20Wheel%20F330%20UAV&title=Special:MediaSearch&type=image,,,,,,none,1200,15,,,,,,,1,OpenDroneList,https://github.com/dronetag/opendronelist,Community dataset; verify against manufacturer,Medium,2026-08-02,
UAV-0105,,Flame Wheel F450,China,DJI,Civilian / Commercial,Commercial multirotor/fixed-wing,Listed in OpenDroneList,Not collected,https://commons.wikimedia.org/w/index.php?search=Flame%20Wheel%20F450%20UAV&title=Special:MediaSearch&type=image,,,,,,none,1600,15,,,,,,,1,OpenDroneList,https://github.com/dronetag/opendronelist,Community dataset; verify against manufacturer,Medium,2026-08-02,
UAV-0106,,Flame Wheel F550,China,DJI,Civilian / Commercial,Commercial multirotor/fixed-wing,Listed in OpenDroneList,Not collected,https://commons.wikimedia.org/w/index.php?search=Flame%20Wheel%20F550%20UAV&title=Special:MediaSearch&type=image,,,,,,none,2400,15,,,,,,,1,OpenDroneList,https://github.com/dronetag/opendronelist,Community dataset; verify against manufacturer,Medium,2026-08-02,
UAV-0107,,FlyCart 100 Ultimate,China,DJI,Civilian / Commercial,Commercial multirotor/fixed-wing,Listed in OpenDroneList,Not collected,https://commons.wikimedia.org/w/index.php?search=FlyCart%20100%20Ultimate%20UAV&title=Special:MediaSearch&type=image,,,,,,none,149900,14,,,,,,,1,OpenDroneList,https://github.com/dronetag/opendronelist,Community dataset; verify against manufacturer,Medium,2026-08-02,
UAV-0108,,FPV,China,DJI,Civilian / Commercial,Commercial multirotor/fixed-wing,Listed in OpenDroneList,Not collected,https://commons.wikimedia.org/w/index.php?search=FPV%20UAV&title=Special:MediaSearch&type=image,,,,,,none,795,20,,,,,,,1,OpenDroneList,https://github.com/dronetag/opendronelist,Community dataset; verify against manufacturer,Medium,2026-08-02,
UAV-0109,,GEMINI,China,TBS,Civilian / Commercial,Commercial multirotor/fixed-wing,Listed in OpenDroneList,Not collected,https://commons.wikimedia.org/w/index.php?search=GEMINI%20UAV&title=Special:MediaSearch&type=image,,,,,,none,370,10,,,,,,,1,OpenDroneList,https://github.com/dronetag/opendronelist,Community dataset; verify against manufacturer,Medium,2026-08-02,
UAV-0110,,H109S X4 Pro,China,Hubsan,Civilian / Commercial,Commercial multirotor/fixed-wing,Listed in OpenDroneList,Not collected,https://commons.wikimedia.org/w/index.php?search=H109S%20X4%20Pro%20UAV&title=Special:MediaSearch&type=image,,,,,,none,1400,40,,,,,,,1,OpenDroneList,https://github.com/dronetag/opendronelist,Community dataset; verify against manufacturer,Medium,2026-08-02,
UAV-0111,,H520,China,Yuneec,Civilian / Commercial,Commercial multirotor/fixed-wing,Listed in OpenDroneList,Not collected,https://commons.wikimedia.org/w/index.php?search=H520%20UAV&title=Special:MediaSearch&type=image,,,,,,none,2500,25,,,,,,,1,OpenDroneList,https://github.com/dronetag/opendronelist,Community dataset; verify against manufacturer,Medium,2026-08-02,
UAV-0112,,H520E,China,Yuneec,Civilian / Commercial,Commercial multirotor/fixed-wing,Listed in OpenDroneList,Not collected,https://commons.wikimedia.org/w/index.php?search=H520E%20UAV&title=Special:MediaSearch&type=image,,,,,,C2,2500,25,,,,,,,1,OpenDroneList,https://github.com/dronetag/opendronelist,Community dataset; verify against manufacturer,Medium,2026-08-02,
UAV-0113,,H520E-RTK,China,Yuneec,Civilian / Commercial,Commercial multirotor/fixed-wing,Listed in OpenDroneList,Not collected,https://commons.wikimedia.org/w/index.php?search=H520E-RTK%20UAV&title=Special:MediaSearch&type=image,,,,,,C2,2500,25,,,,,,,1,OpenDroneList,https://github.com/dronetag/opendronelist,Community dataset; verify against manufacturer,Medium,2026-08-02,
UAV-0114,,H850-RTK,China,Yuneec,Civilian / Commercial,Commercial multirotor/fixed-wing,Listed in OpenDroneList,Not collected,https://commons.wikimedia.org/w/index.php?search=H850-RTK%20UAV&title=Special:MediaSearch&type=image,,,,,,none,9300,65,,,,,,,1,OpenDroneList,https://github.com/dronetag/opendronelist,Community dataset; verify against manufacturer,Medium,2026-08-02,
UAV-0115,,Inspire 1,China,DJI,Civilian / Commercial,Commercial multirotor/fixed-wing,Listed in OpenDroneList,Not collected,https://commons.wikimedia.org/w/index.php?search=Inspire%201%20UAV&title=Special:MediaSearch&type=image,,,,,,none,2845,18,,,,,,,1,OpenDroneList,https://github.com/dronetag/opendronelist,Community dataset; verify against manufacturer,Medium,2026-08-02,
UAV-0116,,Inspire 1 Pro,China,DJI,Civilian / Commercial,Commercial multirotor/fixed-wing,Listed in OpenDroneList,Not collected,https://commons.wikimedia.org/w/index.php?search=Inspire%201%20Pro%20UAV&title=Special:MediaSearch&type=image,,,,,,none,2870,15,,,,,,,1,OpenDroneList,https://github.com/dronetag/opendronelist,Community dataset; verify against manufacturer,Medium,2026-08-02,
UAV-0117,,Inspire 1 Raw,China,DJI,Civilian / Commercial,Commercial multirotor/fixed-wing,Listed in OpenDroneList,Not collected,https://commons.wikimedia.org/w/index.php?search=Inspire%201%20Raw%20UAV&title=Special:MediaSearch&type=image,,,,,,none,2870,15,,,,,,,1,OpenDroneList,https://github.com/dronetag/opendronelist,Community dataset; verify against manufacturer,Medium,2026-08-02,
UAV-0118,,Inspire 2,China,DJI,Civilian / Commercial,Commercial multirotor/fixed-wing,Listed in OpenDroneList,Not collected,https://commons.wikimedia.org/w/index.php?search=Inspire%202%20UAV&title=Special:MediaSearch&type=image,,,,,,none,3400,27,,,,,,,1,OpenDroneList,https://github.com/dronetag/opendronelist,Community dataset; verify against manufacturer,Medium,2026-08-02,
UAV-0119,,Inspire 3 C5,China,DRONAVIA,Civilian / Commercial,Multirotor,EASA-listed for EU operations,Not collected,https://commons.wikimedia.org/w/index.php?search=Inspire%203%20C5%20UAV&title=Special:MediaSearch&type=image,,,,,Multirotor,C5 (STS 01),,,,,,,,,1,EASA Drones for EU Operations,https://www.easa.europa.eu/en/domains/drones-air-mobility/drones-evtol-designs/drones-eu-operations/pr-238-inspire-3-c5,Official regulatory list; manufacturer-supplied data,Medium,2026-08-02,Operations: Open / Standard
UAV-0120,,Inspire 3 Flysafe C5,China,Flying Eye,Civilian / Commercial,Multirotor,EASA-listed for EU operations,Not collected,https://commons.wikimedia.org/w/index.php?search=Inspire%203%20Flysafe%20C5%20UAV&title=Special:MediaSearch&type=image,,,,,Multirotor,C5 (STS 01),,,,,,,,,1,EASA Drones for EU Operations,https://www.easa.europa.eu/en/domains/drones-air-mobility/drones-evtol-designs/drones-eu-operations/pr-314-inspire-3-flysafe-c5,Official regulatory list; manufacturer-supplied data,Medium,2026-08-02,Operations: Open / Standard
UAV-0121,,Kestrel,China,Autel,Civilian / Commercial,Commercial multirotor/fixed-wing,Listed in OpenDroneList,Not collected,https://commons.wikimedia.org/w/index.php?search=Kestrel%20UAV&title=Special:MediaSearch&type=image,,,,,,none,14000,120,,,,,,,1,OpenDroneList,https://github.com/dronetag/opendronelist,Community dataset; verify against manufacturer,Medium,2026-08-02,
UAV-0122,,Kronos AD Matrice 30,China,DRONAVIA,Civilian / Commercial,Multirotor,EASA-listed for EU operations,Not collected,https://commons.wikimedia.org/w/index.php?search=Kronos%20AD%20Matrice%2030%20UAV&title=Special:MediaSearch&type=image,,,,,Multirotor,C5 (STS 01),,,,,,,,,1,EASA Drones for EU Operations,https://www.easa.europa.eu/en/domains/drones-air-mobility/drones-evtol-designs/drones-eu-operations/pr-353-kronos-ad-matrice-30,Official regulatory list; manufacturer-supplied data,Medium,2026-08-02,Operations: Open / Standard
UAV-0123,,Kronos AD Matrice 30T,China,DRONAVIA,Civilian / Commercial,Multirotor,EASA-listed for EU operations,Not collected,https://commons.wikimedia.org/w/index.php?search=Kronos%20AD%20Matrice%2030T%20UAV&title=Special:MediaSearch&type=image,,,,,Multirotor,C5 (STS 01),,,,,,,,,1,EASA Drones for EU Operations,https://www.easa.europa.eu/en/domains/drones-air-mobility/drones-evtol-designs/drones-eu-operations/pr-354-kronos-ad-matrice-30t,Official regulatory list; manufacturer-supplied data,Medium,2026-08-02,Operations: Open / Standard
UAV-0124,,Kronos AD Matrice 4D,China,DRONAVIA,Civilian / Commercial,Multirotor,EASA-listed for EU operations,Not collected,https://commons.wikimedia.org/w/index.php?search=Kronos%20AD%20Matrice%204D%20UAV&title=Special:MediaSearch&type=image,,,,,Multirotor,C5 (STS 01),,,,,,,,,1,EASA Drones for EU Operations,https://www.easa.europa.eu/en/domains/drones-air-mobility/drones-evtol-designs/drones-eu-operations/pr-622-kronos-ad-matrice-4d,Official regulatory list; manufacturer-supplied data,Medium,2026-08-02,Operations: Open / Standard
UAV-0125,,Kronos AD Matrice 4E,China,DRONAVIA,Civilian / Commercial,Multirotor,EASA-listed for EU operations,Not collected,https://commons.wikimedia.org/w/index.php?search=Kronos%20AD%20Matrice%204E%20UAV&title=Special:MediaSearch&type=image,,,,,Multirotor,C5 (STS 01),,,,,,,,,1,EASA Drones for EU Operations,https://www.easa.europa.eu/en/domains/drones-air-mobility/drones-evtol-designs/drones-eu-operations/pr-373-kronos-ad-matrice-4e,Official regulatory list; manufacturer-supplied data,Medium,2026-08-02,Operations: Open / Standard
UAV-0126,,Kronos AD Matrice 4T,China,DRONAVIA,Civilian / Commercial,Multirotor,EASA-listed for EU operations,Not collected,https://commons.wikimedia.org/w/index.php?search=Kronos%20AD%20Matrice%204T%20UAV&title=Special:MediaSearch&type=image,,,,,Multirotor,C5 (STS 01),,,,,,,,,1,EASA Drones for EU Operations,https://www.easa.europa.eu/en/domains/drones-air-mobility/drones-evtol-designs/drones-eu-operations/pr-374-kronos-ad-matrice-4t,Official regulatory list; manufacturer-supplied data,Medium,2026-08-02,Operations: Open / Standard
UAV-0127,,Kronos AD Matrice 4TD,China,DRONAVIA,Civilian / Commercial,Multirotor,EASA-listed for EU operations,Not collected,https://commons.wikimedia.org/w/index.php?search=Kronos%20AD%20Matrice%204TD%20UAV&title=Special:MediaSearch&type=image,,,,,Multirotor,C5 (STS 01),,,,,,,,,1,EASA Drones for EU Operations,https://www.easa.europa.eu/en/domains/drones-air-mobility/drones-evtol-designs/drones-eu-operations/pr-623-kronos-ad-matrice-4td,Official regulatory list; manufacturer-supplied data,Medium,2026-08-02,Operations: Open / Standard
UAV-0128,,Kronos AD Mavic 3 Pro,China,DRONAVIA,Civilian / Commercial,Multirotor,EASA-listed for EU operations,Not collected,https://commons.wikimedia.org/w/index.php?search=Kronos%20AD%20Mavic%203%20Pro%20UAV&title=Special:MediaSearch&type=image,,,,,Multirotor,C5 (STS 01),,,,,,,,,1,EASA Drones for EU Operations,https://www.easa.europa.eu/en/domains/drones-air-mobility/drones-evtol-designs/drones-eu-operations/pr-83-kronos-ad-mavic-3-pro,Official regulatory list; manufacturer-supplied data,Medium,2026-08-02,Operations: Open / Standard
UAV-0129,,Kronos AD Mavic 3 Pro Cine,China,DRONAVIA,Civilian / Commercial,Multirotor,EASA-listed for EU operations,Not collected,https://commons.wikimedia.org/w/index.php?search=Kronos%20AD%20Mavic%203%20Pro%20Cine%20UAV&title=Special:MediaSearch&type=image,,,,,Multirotor,C5 (STS 01),,,,,,,,,1,EASA Drones for EU Operations,https://www.easa.europa.eu/en/domains/drones-air-mobility/drones-evtol-designs/drones-eu-operations/pr-85-kronos-ad-mavic-3-pro,Official regulatory list; manufacturer-supplied data,Medium,2026-08-02,Operations: Open / Standard
UAV-0130,,Kronos AD Mavic 3E,China,DRONAVIA,Civilian / Commercial,Multirotor,EASA-listed for EU operations,Not collected,https://commons.wikimedia.org/w/index.php?search=Kronos%20AD%20Mavic%203E%20UAV&title=Special:MediaSearch&type=image,,,,,Multirotor,C5 (STS 01),,,,,,,,,1,EASA Drones for EU Operations,https://www.easa.europa.eu/en/domains/drones-air-mobility/drones-evtol-designs/drones-eu-operations/pr-80-kronos-ad-mavic-3e,Official regulatory list; manufacturer-supplied data,Medium,2026-08-02,Operations: Open / Standard
UAV-0131,,Kronos AD Mavic 3M,China,DRONAVIA,Civilian / Commercial,Multirotor,EASA-listed for EU operations,Not collected,https://commons.wikimedia.org/w/index.php?search=Kronos%20AD%20Mavic%203M%20UAV&title=Special:MediaSearch&type=image,,,,,Multirotor,C5 (STS 01),,,,,,,,,1,EASA Drones for EU Operations,https://www.easa.europa.eu/en/domains/drones-air-mobility/drones-evtol-designs/drones-eu-operations/pr-82-kronos-ad-mavic-3m,Official regulatory list; manufacturer-supplied data,Medium,2026-08-02,Operations: Open / Standard
UAV-0132,,Kronos AD Mavic 3T,China,DRONAVIA,Civilian / Commercial,Multirotor,EASA-listed for EU operations,Not collected,https://commons.wikimedia.org/w/index.php?search=Kronos%20AD%20Mavic%203T%20UAV&title=Special:MediaSearch&type=image,,,,,Multirotor,C5 (STS 01),,,,,,,,,1,EASA Drones for EU Operations,https://www.easa.europa.eu/en/domains/drones-air-mobility/drones-evtol-designs/drones-eu-operations/pr-81-kronos-ad-mavic-3t,Official regulatory list; manufacturer-supplied data,Medium,2026-08-02,Operations: Open / Standard
UAV-0133,,Kronos AD Mavic 4 Pro,China,DRONAVIA,Civilian / Commercial,Multirotor,EASA-listed for EU operations,Not collected,https://commons.wikimedia.org/w/index.php?search=Kronos%20AD%20Mavic%204%20Pro%20UAV&title=Special:MediaSearch&type=image,,,,,Multirotor,C5 (STS 01),,,,,,,,,1,EASA Drones for EU Operations,https://www.easa.europa.eu/en/domains/drones-air-mobility/drones-evtol-designs/drones-eu-operations/pr-621-kronos-ad-mavic-4-pro,Official regulatory list; manufacturer-supplied data,Medium,2026-08-02,Operations: Open / Standard
UAV-0134,,Mantis G,China,Yuneec,Civilian / Commercial,Commercial multirotor/fixed-wing,Listed in OpenDroneList,Not collected,https://commons.wikimedia.org/w/index.php?search=Mantis%20G%20UAV&title=Special:MediaSearch&type=image,,,,,,none,490,33,,,,,,,1,OpenDroneList,https://github.com/dronetag/opendronelist,Community dataset; verify against manufacturer,Medium,2026-08-02,
UAV-0135,,Mantis Q,China,Yuneec,Civilian / Commercial,Commercial multirotor/fixed-wing,Listed in OpenDroneList,Not collected,https://commons.wikimedia.org/w/index.php?search=Mantis%20Q%20UAV&title=Special:MediaSearch&type=image,,,,,,none,480,33,,,,,,,1,OpenDroneList,https://github.com/dronetag/opendronelist,Community dataset; verify against manufacturer,Medium,2026-08-02,
UAV-0136,,Matrice 100,China,DJI,Civilian / Commercial,Commercial multirotor/fixed-wing,Listed in OpenDroneList,Not collected,https://commons.wikimedia.org/w/index.php?search=Matrice%20100%20UAV&title=Special:MediaSearch&type=image,,,,,,none,3600,40,,,,,,,1,OpenDroneList,https://github.com/dronetag/opendronelist,Community dataset; verify against manufacturer,Medium,2026-08-02,
UAV-0137,,Matrice 200,China,DJI,Civilian / Commercial,Commercial multirotor/fixed-wing,Listed in OpenDroneList,Not collected,https://commons.wikimedia.org/w/index.php?search=Matrice%20200%20UAV&title=Special:MediaSearch&type=image,,,,,,none,6140,38,,,,,,,1,OpenDroneList,https://github.com/dronetag/opendronelist,Community dataset; verify against manufacturer,Medium,2026-08-02,
UAV-0138,,Matrice 200 V2,China,DJI,Civilian / Commercial,Commercial multirotor/fixed-wing,Listed in OpenDroneList,Not collected,https://commons.wikimedia.org/w/index.php?search=Matrice%20200%20V2%20UAV&title=Special:MediaSearch&type=image,,,,,,none,6140,38,,,,,,,1,OpenDroneList,https://github.com/dronetag/opendronelist,Community dataset; verify against manufacturer,Medium,2026-08-02,
UAV-0139,,Matrice 210,China,DJI,Civilian / Commercial,Commercial multirotor/fixed-wing,Listed in OpenDroneList,Not collected,https://commons.wikimedia.org/w/index.php?search=Matrice%20210%20UAV&title=Special:MediaSearch&type=image,,,,,Rotary-wing,none,6140,34,0.5,,,2.3,0.79,0.4,2,OpenDroneList | Bard Drone Databook 2019,https://dronecenter.bard.edu/files/2019/10/CSD-Drone-Databook-Web.pdf | https://github.com/dronetag/opendronelist,Community dataset; verify against manufacturer,Medium,2026-08-02,Databook systems specification page 305.
UAV-0140,,Matrice 210 RTK,China,DJI,Civilian / Commercial,Commercial multirotor/fixed-wing,Listed in OpenDroneList,Not collected,https://commons.wikimedia.org/w/index.php?search=Matrice%20210%20RTK%20UAV&title=Special:MediaSearch&type=image,,,,,,none,6140,33,,,,,,,1,OpenDroneList,https://github.com/dronetag/opendronelist,Community dataset; verify against manufacturer,Medium,2026-08-02,
UAV-0141,,Matrice 210 RTK V2,China,DJI,Civilian / Commercial,Commercial multirotor/fixed-wing,Listed in OpenDroneList,Not collected,https://commons.wikimedia.org/w/index.php?search=Matrice%20210%20RTK%20V2%20UAV&title=Special:MediaSearch&type=image,,,,,,none,6140,33,,,,,,,1,OpenDroneList,https://github.com/dronetag/opendronelist,Community dataset; verify against manufacturer,Medium,2026-08-02,
UAV-0142,,Matrice 210 V2,China,DJI,Civilian / Commercial,Commercial multirotor/fixed-wing,Listed in OpenDroneList,Not collected,https://commons.wikimedia.org/w/index.php?search=Matrice%20210%20V2%20UAV&title=Special:MediaSearch&type=image,,,,,,none,6140,34,,,,,,,1,OpenDroneList,https://github.com/dronetag/opendronelist,Community dataset; verify against manufacturer,Medium,2026-08-02,
UAV-0143,,Matrice 30,China,DJI,Civilian / Commercial,Commercial multirotor/fixed-wing,Listed in OpenDroneList,Not collected,https://commons.wikimedia.org/w/index.php?search=Matrice%2030%20UAV&title=Special:MediaSearch&type=image,,,,,,C2,3998,41,,,,,,,1,OpenDroneList,https://github.com/dronetag/opendronelist,Community dataset; verify against manufacturer,Medium,2026-08-02,
UAV-0144,,Matrice 30 Flysafe C5,China,Flying Eye,Civilian / Commercial,Multirotor,EASA-listed for EU operations,Not collected,https://commons.wikimedia.org/w/index.php?search=Matrice%2030%20Flysafe%20C5%20UAV&title=Special:MediaSearch&type=image,,,,,Multirotor,C5 (STS 01),,,,,,,,,1,EASA Drones for EU Operations,https://www.easa.europa.eu/en/domains/drones-air-mobility/drones-evtol-designs/drones-eu-operations/pr-140-matrice-30-flysafe-c5,Official regulatory list; manufacturer-supplied data,Medium,2026-08-02,Operations: Open / Standard
UAV-0145,,Matrice 300 RTK,China,DJI,Civilian / Commercial,Commercial multirotor/fixed-wing,Listed in OpenDroneList,Not collected,https://commons.wikimedia.org/w/index.php?search=Matrice%20300%20RTK%20UAV&title=Special:MediaSearch&type=image,,,,,,none,9000,55,,,,,,,1,OpenDroneList,https://github.com/dronetag/opendronelist,Community dataset; verify against manufacturer,Medium,2026-08-02,
UAV-0146,,Matrice 30T,China,DJI,Civilian / Commercial,Commercial multirotor/fixed-wing,Listed in OpenDroneList,Not collected,https://commons.wikimedia.org/w/index.php?search=Matrice%2030T%20UAV&title=Special:MediaSearch&type=image,,,,,,C2,3998,41,,,,,,,1,OpenDroneList,https://github.com/dronetag/opendronelist,Community dataset; verify against manufacturer,Medium,2026-08-02,
UAV-0147,,Matrice 30T Flysafe c5,China,Flying Eye,Civilian / Commercial,Multirotor,EASA-listed for EU operations,Not collected,https://commons.wikimedia.org/w/index.php?search=Matrice%2030T%20Flysafe%20c5%20UAV&title=Special:MediaSearch&type=image,,,,Matrice 30T Flysafe C5,Multirotor,C5 (STS 01),,,,,,,,,1,EASA Drones for EU Operations,https://www.easa.europa.eu/en/domains/drones-air-mobility/drones-evtol-designs/drones-eu-operations/pr-141-matrice-30t-flysafe-c5,Official regulatory list; manufacturer-supplied data,Medium,2026-08-02,Operations: Open / Standard
UAV-0148,,Matrice 350 RTK C5,China,DRONAVIA,Civilian / Commercial,Multirotor,EASA-listed for EU operations,Not collected,https://commons.wikimedia.org/w/index.php?search=Matrice%20350%20RTK%20C5%20UAV&title=Special:MediaSearch&type=image,,,,Matrice 350 C5,Multirotor,C5 (STS 01),,,,,,,,,1,EASA Drones for EU Operations,https://www.easa.europa.eu/en/domains/drones-air-mobility/drones-evtol-designs/drones-eu-operations/pr-236-matrice-350-c5,Official regulatory list; manufacturer-supplied data,Medium,2026-08-02,Operations: Open / Standard
UAV-0149,,Matrice 350 RTK Flysafe,China,Flying Eye,Civilian / Commercial,Multirotor,EASA-listed for EU operations,Not collected,https://commons.wikimedia.org/w/index.php?search=Matrice%20350%20RTK%20Flysafe%20UAV&title=Special:MediaSearch&type=image,,,,,Multirotor,C5 (STS 01),,,,,,,,,1,EASA Drones for EU Operations,https://www.easa.europa.eu/en/domains/drones-air-mobility/drones-evtol-designs/drones-eu-operations/pr-120-matrice-350-rtk,Official regulatory list; manufacturer-supplied data,Medium,2026-08-02,Operations: Open / Standard
UAV-0150,,Matrice 4 Flysafe C5,China,Flying Eye,Civilian / Commercial,Multirotor,EASA-listed for EU operations,Not collected,https://commons.wikimedia.org/w/index.php?search=Matrice%204%20Flysafe%20C5%20UAV&title=Special:MediaSearch&type=image,,,,,Multirotor,C5 (STS 01),,,,,,,,,1,EASA Drones for EU Operations,https://www.easa.europa.eu/en/domains/drones-air-mobility/drones-evtol-designs/drones-eu-operations/pr-326-matrice-4-flysafe-c5,Official regulatory list; manufacturer-supplied data,Medium,2026-08-02,Operations: Open / Standard
UAV-0151,,Matrice 4D Flysafe C5,China,Flying Eye,Civilian / Commercial,Multirotor,EASA-listed for EU operations,Not collected,https://commons.wikimedia.org/w/index.php?search=Matrice%204D%20Flysafe%20C5%20UAV&title=Special:MediaSearch&type=image,,,,,Multirotor,C5 (STS 01),,,,,,,,,1,EASA Drones for EU Operations,https://www.easa.europa.eu/en/domains/drones-air-mobility/drones-evtol-designs/drones-eu-operations/pr-548-matrice-4d-flysafe-c5,Official regulatory list; manufacturer-supplied data,Medium,2026-08-02,Operations: Open / Standard
UAV-0152,,Matrice 4T Flysafe C5,China,Flying Eye,Civilian / Commercial,Multirotor,EASA-listed for EU operations,Not collected,https://commons.wikimedia.org/w/index.php?search=Matrice%204T%20Flysafe%20C5%20UAV&title=Special:MediaSearch&type=image,,,,,Multirotor,C5 (STS 01),,,,,,,,,1,EASA Drones for EU Operations,https://www.easa.europa.eu/en/domains/drones-air-mobility/drones-evtol-designs/drones-eu-operations/pr-327-matrice-4t-flysafe-c5,Official regulatory list; manufacturer-supplied data,Medium,2026-08-02,Operations: Open / Standard
UAV-0153,,Matrice 600,China,DJI,Civilian / Commercial,Commercial multirotor/fixed-wing,Listed in OpenDroneList,Not collected,https://commons.wikimedia.org/w/index.php?search=Matrice%20600%20UAV&title=Special:MediaSearch&type=image,,,,,,none,15100,38,,,,,,,1,OpenDroneList,https://github.com/dronetag/opendronelist,Community dataset; verify against manufacturer,Medium,2026-08-02,
UAV-0154,,Matrice 600 Pro,China,DJI,Civilian / Commercial,Commercial multirotor/fixed-wing,Listed in OpenDroneList,Not collected,https://commons.wikimedia.org/w/index.php?search=Matrice%20600%20Pro%20UAV&title=Special:MediaSearch&type=image,,,,,,none,15500,38,,,,,,,1,OpenDroneList,https://github.com/dronetag/opendronelist,Community dataset; verify against manufacturer,Medium,2026-08-02,
UAV-0155,,Mavic 2 Enterprise,China,DJI,Civilian / Commercial,Commercial multirotor/fixed-wing,Listed in OpenDroneList,Not collected,https://commons.wikimedia.org/w/index.php?search=Mavic%202%20Enterprise%20UAV&title=Special:MediaSearch&type=image,,,,,,none,905,31,,,,,,,1,OpenDroneList,https://github.com/dronetag/opendronelist,Community dataset; verify against manufacturer,Medium,2026-08-02,
UAV-0156,,Mavic 2 Enterprise Advanced,China,DJI,Civilian / Commercial,Commercial multirotor/fixed-wing,Listed in OpenDroneList,Not collected,https://commons.wikimedia.org/w/index.php?search=Mavic%202%20Enterprise%20Advanced%20UAV&title=Special:MediaSearch&type=image,,,,,,none,909,31,,,,,,,1,OpenDroneList,https://github.com/dronetag/opendronelist,Community dataset; verify against manufacturer,Medium,2026-08-02,
UAV-0157,,Mavic 2 Enterprise Dual,China,DJI,Civilian / Commercial,Commercial multirotor/fixed-wing,Listed in OpenDroneList,Not collected,https://commons.wikimedia.org/w/index.php?search=Mavic%202%20Enterprise%20Dual%20UAV&title=Special:MediaSearch&type=image,,,,,,none,899,31,,,,,,,1,OpenDroneList,https://github.com/dronetag/opendronelist,Community dataset; verify against manufacturer,Medium,2026-08-02,
UAV-0158,,Mavic 2 Pro,China,DJI,Civilian / Commercial,Commercial multirotor/fixed-wing,Listed in OpenDroneList,Not collected,https://commons.wikimedia.org/w/index.php?search=Mavic%202%20Pro%20UAV&title=Special:MediaSearch&type=image,,,,,,none,907,31,,,,,,,1,OpenDroneList,https://github.com/dronetag/opendronelist,Community dataset; verify against manufacturer,Medium,2026-08-02,
UAV-0159,,Mavic 2 Zoom,China,DJI,Civilian / Commercial,Commercial multirotor/fixed-wing,Listed in OpenDroneList,Not collected,https://commons.wikimedia.org/w/index.php?search=Mavic%202%20Zoom%20UAV&title=Special:MediaSearch&type=image,,,,,,none,905,31,,,,,,,1,OpenDroneList,https://github.com/dronetag/opendronelist,Community dataset; verify against manufacturer,Medium,2026-08-02,
UAV-0160,,Mavic 3,China,DJI,Civilian / Commercial,Commercial multirotor/fixed-wing,Listed in OpenDroneList,Not collected,https://commons.wikimedia.org/w/index.php?search=Mavic%203%20UAV&title=Special:MediaSearch&type=image,,,,,,C1,895,46,,,,,,,1,OpenDroneList,https://github.com/dronetag/opendronelist,Community dataset; verify against manufacturer,Medium,2026-08-02,
UAV-0161,,Mavic 3 3E,China,DJI,Civilian / Commercial,Commercial multirotor/fixed-wing,Listed in OpenDroneList,Not collected,https://commons.wikimedia.org/w/index.php?search=Mavic%203%203E%20UAV&title=Special:MediaSearch&type=image,,,,,,none,1050,45,,,,,,,1,OpenDroneList,https://github.com/dronetag/opendronelist,Community dataset; verify against manufacturer,Medium,2026-08-02,
UAV-0162,,Mavic 3 3M,China,DJI,Civilian / Commercial,Commercial multirotor/fixed-wing,Listed in OpenDroneList,Not collected,https://commons.wikimedia.org/w/index.php?search=Mavic%203%203M%20UAV&title=Special:MediaSearch&type=image,,,,,,none,1050,43,,,,,,,1,OpenDroneList,https://github.com/dronetag/opendronelist,Community dataset; verify against manufacturer,Medium,2026-08-02,
UAV-0163,,Mavic 3 3T,China,DJI,Civilian / Commercial,Commercial multirotor/fixed-wing,Listed in OpenDroneList,Not collected,https://commons.wikimedia.org/w/index.php?search=Mavic%203%203T%20UAV&title=Special:MediaSearch&type=image,,,,,,none,1050,45,,,,,,,1,OpenDroneList,https://github.com/dronetag/opendronelist,Community dataset; verify against manufacturer,Medium,2026-08-02,
UAV-0164,,Mavic 3 Cine,China,DJI,Civilian / Commercial,Commercial multirotor/fixed-wing,Listed in OpenDroneList,Not collected,https://commons.wikimedia.org/w/index.php?search=Mavic%203%20Cine%20UAV&title=Special:MediaSearch&type=image,,,,,,C1,899,46,,,,,,,1,OpenDroneList,https://github.com/dronetag/opendronelist,Community dataset; verify against manufacturer,Medium,2026-08-02,
UAV-0165,,Mavic 3 Pro Cine Flysafe C5,China,Flying Eye,Civilian / Commercial,Multirotor,EASA-listed for EU operations,Not collected,https://commons.wikimedia.org/w/index.php?search=Mavic%203%20Pro%20Cine%20Flysafe%20C5%20UAV&title=Special:MediaSearch&type=image,,,,,Multirotor,C5 (STS 01),,,,,,,,,1,EASA Drones for EU Operations,https://www.easa.europa.eu/en/domains/drones-air-mobility/drones-evtol-designs/drones-eu-operations/pr-173-mavic-3-pro-cine,Official regulatory list; manufacturer-supplied data,Medium,2026-08-02,Operations: Open / Standard
UAV-0166,,Mavic 3 Pro Flysafe C5,China,Flying Eye,Civilian / Commercial,Multirotor,EASA-listed for EU operations,Not collected,https://commons.wikimedia.org/w/index.php?search=Mavic%203%20Pro%20Flysafe%20C5%20UAV&title=Special:MediaSearch&type=image,,,,,Multirotor,C5 (STS 01),,,,,,,,,1,EASA Drones for EU Operations,https://www.easa.europa.eu/en/domains/drones-air-mobility/drones-evtol-designs/drones-eu-operations/pr-151-mavic-3-pro-flysafe-c5,Official regulatory list; manufacturer-supplied data,Medium,2026-08-02,Operations: Open / Standard
UAV-0167,,Mavic 3E Flysafe,China,Flying Eye,Civilian / Commercial,Multirotor,EASA-listed for EU operations,Not collected,https://commons.wikimedia.org/w/index.php?search=Mavic%203E%20Flysafe%20UAV&title=Special:MediaSearch&type=image,,,,,Multirotor,C5 (STS 01),,,,,,,,,1,EASA Drones for EU Operations,https://www.easa.europa.eu/en/domains/drones-air-mobility/drones-evtol-designs/drones-eu-operations/pr-116-mavic-3e-flysafe,Official regulatory list; manufacturer-supplied data,Medium,2026-08-02,Operations: Open / Standard
UAV-0168,,Mavic 3M Flysafe,China,Flying Eye,Civilian / Commercial,Multirotor,EASA-listed for EU operations,Not collected,https://commons.wikimedia.org/w/index.php?search=Mavic%203M%20Flysafe%20UAV&title=Special:MediaSearch&type=image,,,,,Multirotor,C5 (STS 01),,,,,,,,,1,EASA Drones for EU Operations,https://www.easa.europa.eu/en/domains/drones-air-mobility/drones-evtol-designs/drones-eu-operations/pr-119-mavic-3m-flysafe,Official regulatory list; manufacturer-supplied data,Medium,2026-08-02,Operations: Open / Standard
UAV-0169,,Mavic 3T Flysafe,China,Flying Eye,Civilian / Commercial,Multirotor,EASA-listed for EU operations,Not collected,https://commons.wikimedia.org/w/index.php?search=Mavic%203T%20Flysafe%20UAV&title=Special:MediaSearch&type=image,,,,,Multirotor,C5 (STS 01),,,,,,,,,1,EASA Drones for EU Operations,https://www.easa.europa.eu/en/domains/drones-air-mobility/drones-evtol-designs/drones-eu-operations/pr-118-mavic-3t-flysafe,Official regulatory list; manufacturer-supplied data,Medium,2026-08-02,Operations: Open / Standard
UAV-0170,,Mavic Air,China,DJI,Civilian / Commercial,Commercial multirotor/fixed-wing,Listed in OpenDroneList,Not collected,https://commons.wikimedia.org/w/index.php?search=Mavic%20Air%20UAV&title=Special:MediaSearch&type=image,,,,,,none,430,21,,,,,,,1,OpenDroneList,https://github.com/dronetag/opendronelist,Community dataset; verify against manufacturer,Medium,2026-08-02,
UAV-0171,,Mavic Air 2,China,DJI,Civilian / Commercial,Commercial multirotor/fixed-wing,Listed in OpenDroneList,Not collected,https://commons.wikimedia.org/w/index.php?search=Mavic%20Air%202%20UAV&title=Special:MediaSearch&type=image,,,,,,none,570,34,,,,,,,1,OpenDroneList,https://github.com/dronetag/opendronelist,Community dataset; verify against manufacturer,Medium,2026-08-02,
UAV-0172,,Mavic Mini,China,DJI,Civilian / Commercial,Commercial multirotor/fixed-wing,Listed in OpenDroneList,Not collected,https://commons.wikimedia.org/w/index.php?search=Mavic%20Mini%20UAV&title=Special:MediaSearch&type=image,,,,,,none,249,30,,,,,,,1,OpenDroneList,https://github.com/dronetag/opendronelist,Community dataset; verify against manufacturer,Medium,2026-08-02,
UAV-0173,,Mavic Pro,China,DJI,Civilian / Commercial,Commercial multirotor/fixed-wing,Listed in OpenDroneList,Not collected,https://commons.wikimedia.org/w/index.php?search=Mavic%20Pro%20UAV&title=Special:MediaSearch&type=image,,,,,,none,734,27,,,,,,,1,OpenDroneList,https://github.com/dronetag/opendronelist,Community dataset; verify against manufacturer,Medium,2026-08-02,
UAV-0174,,Mavic Pro Platinum,China,DJI,Civilian / Commercial,Commercial multirotor/fixed-wing,Listed in OpenDroneList,Not collected,https://commons.wikimedia.org/w/index.php?search=Mavic%20Pro%20Platinum%20UAV&title=Special:MediaSearch&type=image,,,,,,none,734,30,,,,,,,1,OpenDroneList,https://github.com/dronetag/opendronelist,Community dataset; verify against manufacturer,Medium,2026-08-02,
UAV-0175,,Mi Drone 4K,China,Xiaomi,Civilian / Commercial,Commercial multirotor/fixed-wing,Listed in OpenDroneList,Not collected,https://commons.wikimedia.org/w/index.php?search=Mi%20Drone%204K%20UAV&title=Special:MediaSearch&type=image,,,,,,none,1390,27,,,,,,,1,OpenDroneList,https://github.com/dronetag/opendronelist,Community dataset; verify against manufacturer,Medium,2026-08-02,
UAV-0176,,Mi Drone Mini,China,Xiaomi,Civilian / Commercial,Commercial multirotor/fixed-wing,Listed in OpenDroneList,Not collected,https://commons.wikimedia.org/w/index.php?search=Mi%20Drone%20Mini%20UAV&title=Special:MediaSearch&type=image,,,,,,none,88,10,,,,,,,1,OpenDroneList,https://github.com/dronetag/opendronelist,Community dataset; verify against manufacturer,Medium,2026-08-02,
UAV-0177,,Mini 2,China,DJI,Civilian / Commercial,Commercial multirotor/fixed-wing,Listed in OpenDroneList,Not collected,https://commons.wikimedia.org/w/index.php?search=Mini%202%20UAV&title=Special:MediaSearch&type=image,,,,,,none,242,31,,,,,,,1,OpenDroneList,https://github.com/dronetag/opendronelist,Community dataset; verify against manufacturer,Medium,2026-08-02,
UAV-0178,,Mini 3 Pro,China,DJI,Civilian / Commercial,Commercial multirotor/fixed-wing,Listed in OpenDroneList,Not collected,https://commons.wikimedia.org/w/index.php?search=Mini%203%20Pro%20UAV&title=Special:MediaSearch&type=image,,,,,,C0,249,34,,,,,,,1,OpenDroneList,https://github.com/dronetag/opendronelist,Community dataset; verify against manufacturer,Medium,2026-08-02,
UAV-0179,,Mini 4 Pro,China,DJI,Civilian / Commercial,Commercial multirotor/fixed-wing,Listed in OpenDroneList,Not collected,https://commons.wikimedia.org/w/index.php?search=Mini%204%20Pro%20UAV&title=Special:MediaSearch&type=image,,,,,,C0,249,34,,,,,,,1,OpenDroneList,https://github.com/dronetag/opendronelist,Community dataset; verify against manufacturer,Medium,2026-08-02,
UAV-0180,,Phantom 1,China,DJI,Civilian / Commercial,Commercial multirotor/fixed-wing,Listed in OpenDroneList,Not collected,https://commons.wikimedia.org/w/index.php?search=Phantom%201%20UAV&title=Special:MediaSearch&type=image,,,,,,none,800,10,,,,,,,1,OpenDroneList,https://github.com/dronetag/opendronelist,Community dataset; verify against manufacturer,Medium,2026-08-02,
UAV-0181,,Phantom 2,China,DJI,Civilian / Commercial,Commercial multirotor/fixed-wing,Listed in OpenDroneList,Not collected,https://commons.wikimedia.org/w/index.php?search=Phantom%202%20UAV&title=Special:MediaSearch&type=image,,,,,,none,1000,25,,,,,,,1,OpenDroneList,https://github.com/dronetag/opendronelist,Community dataset; verify against manufacturer,Medium,2026-08-02,
UAV-0182,,Phantom 2 Vision,China,DJI,Civilian / Commercial,Commercial multirotor/fixed-wing,Listed in OpenDroneList,Not collected,https://commons.wikimedia.org/w/index.php?search=Phantom%202%20Vision%20UAV&title=Special:MediaSearch&type=image,,,Phantom 2 Vision+,,,none,1160,25,,,,,,,2,OpenDroneList,https://github.com/dronetag/opendronelist,Community dataset; verify against manufacturer,Medium,2026-08-02,
UAV-0183,,Phantom 3 4k,China,DJI,Civilian / Commercial,Commercial multirotor/fixed-wing,Listed in OpenDroneList,Not collected,https://commons.wikimedia.org/w/index.php?search=Phantom%203%204k%20UAV&title=Special:MediaSearch&type=image,,,,,,none,1280,25,,,,,,,1,OpenDroneList,https://github.com/dronetag/opendronelist,Community dataset; verify against manufacturer,Medium,2026-08-02,
UAV-0184,,Phantom 3 Advanced,China,DJI,Civilian / Commercial,Commercial multirotor/fixed-wing,Listed in OpenDroneList,Not collected,https://commons.wikimedia.org/w/index.php?search=Phantom%203%20Advanced%20UAV&title=Special:MediaSearch&type=image,,,,,,none,1280,23,,,,,,,1,OpenDroneList,https://github.com/dronetag/opendronelist,Community dataset; verify against manufacturer,Medium,2026-08-02,
UAV-0185,,Phantom 3 Professional,China,DJI,Civilian / Commercial,Commercial multirotor/fixed-wing,Listed in OpenDroneList,Not collected,https://commons.wikimedia.org/w/index.php?search=Phantom%203%20Professional%20UAV&title=Special:MediaSearch&type=image,,,,,,none,1280,23,,,,,,,1,OpenDroneList,https://github.com/dronetag/opendronelist,Community dataset; verify against manufacturer,Medium,2026-08-02,
UAV-0186,,Phantom 3 SE,China,DJI,Civilian / Commercial,Commercial multirotor/fixed-wing,Listed in OpenDroneList,Not collected,https://commons.wikimedia.org/w/index.php?search=Phantom%203%20SE%20UAV&title=Special:MediaSearch&type=image,,,,,,none,1236,25,,,,,,,1,OpenDroneList,https://github.com/dronetag/opendronelist,Community dataset; verify against manufacturer,Medium,2026-08-02,
UAV-0187,,Phantom 3 Standard,China,DJI,Civilian / Commercial,Commercial multirotor/fixed-wing,Listed in OpenDroneList,Not collected,https://commons.wikimedia.org/w/index.php?search=Phantom%203%20Standard%20UAV&title=Special:MediaSearch&type=image,,,,,,none,1216,25,,,,,,,1,OpenDroneList,https://github.com/dronetag/opendronelist,Community dataset; verify against manufacturer,Medium,2026-08-02,
UAV-0188,,Phantom 4,China,DJI,Civilian / Commercial,Commercial multirotor/fixed-wing,Listed in OpenDroneList,Not collected,https://commons.wikimedia.org/w/index.php?search=Phantom%204%20UAV&title=Special:MediaSearch&type=image,,,,,,none,1380,28,,,,,,,1,OpenDroneList,https://github.com/dronetag/opendronelist,Community dataset; verify against manufacturer,Medium,2026-08-02,
UAV-0189,,Phantom 4 Advanced,China,DJI,Civilian / Commercial,Commercial multirotor/fixed-wing,Listed in OpenDroneList,Not collected,https://commons.wikimedia.org/w/index.php?search=Phantom%204%20Advanced%20UAV&title=Special:MediaSearch&type=image,,,,,,none,1368,30,,,,,,,1,OpenDroneList,https://github.com/dronetag/opendronelist,Community dataset; verify against manufacturer,Medium,2026-08-02,
UAV-0190,,Phantom 4 Multispectral,China,DJI,Civilian / Commercial,Commercial multirotor/fixed-wing,Listed in OpenDroneList,Not collected,https://commons.wikimedia.org/w/index.php?search=Phantom%204%20Multispectral%20UAV&title=Special:MediaSearch&type=image,,,,,,none,1487,27,,,,,,,1,OpenDroneList,https://github.com/dronetag/opendronelist,Community dataset; verify against manufacturer,Medium,2026-08-02,
UAV-0191,,Phantom 4 Pro,China,DJI,Civilian / Commercial,Commercial multirotor/fixed-wing,Listed in OpenDroneList,Not collected,https://commons.wikimedia.org/w/index.php?search=Phantom%204%20Pro%20UAV&title=Special:MediaSearch&type=image,,,Phantom 4 Pro+,,,none,1388,30,,,,,,,2,OpenDroneList,https://github.com/dronetag/opendronelist,Community dataset; verify against manufacturer,Medium,2026-08-02,
UAV-0192,,Phantom 4 Pro V2.0,China,DJI,Civilian / Commercial,Commercial multirotor/fixed-wing,Listed in OpenDroneList,Not collected,https://commons.wikimedia.org/w/index.php?search=Phantom%204%20Pro%20V2.0%20UAV&title=Special:MediaSearch&type=image,,,,,,none,1375,30,,,,,,,1,OpenDroneList,https://github.com/dronetag/opendronelist,Community dataset; verify against manufacturer,Medium,2026-08-02,
UAV-0193,,Phantom 4 RTK,China,DJI,Civilian / Commercial,Commercial multirotor/fixed-wing,Listed in OpenDroneList,Not collected,https://commons.wikimedia.org/w/index.php?search=Phantom%204%20RTK%20UAV&title=Special:MediaSearch&type=image,,,,,,none,1391,30,,,,,,,1,OpenDroneList,https://github.com/dronetag/opendronelist,Community dataset; verify against manufacturer,Medium,2026-08-02,
UAV-0194,,Phantom FC40,China,DJI,Civilian / Commercial,Commercial multirotor/fixed-wing,Listed in OpenDroneList,Not collected,https://commons.wikimedia.org/w/index.php?search=Phantom%20FC40%20UAV&title=Special:MediaSearch&type=image,,,,,,none,800,25,,,,,,,1,OpenDroneList,https://github.com/dronetag/opendronelist,Community dataset; verify against manufacturer,Medium,2026-08-02,
UAV-0195,,Spark,China,DJI,Civilian / Commercial,Commercial multirotor/fixed-wing,Listed in OpenDroneList,Not collected,https://commons.wikimedia.org/w/index.php?search=Spark%20UAV&title=Special:MediaSearch&type=image,,,,,,none,300,16,,,,,,,1,OpenDroneList,https://github.com/dronetag/opendronelist,Community dataset; verify against manufacturer,Medium,2026-08-02,
UAV-0196,,Spreading Wings S1000+,China,DJI,Civilian / Commercial,Commercial multirotor/fixed-wing,Listed in OpenDroneList,Not collected,https://commons.wikimedia.org/w/index.php?search=Spreading%20Wings%20S1000%2B%20UAV&title=Special:MediaSearch&type=image,,,,,,none,11000,15,,,,,,,1,OpenDroneList,https://github.com/dronetag/opendronelist,Community dataset; verify against manufacturer,Medium,2026-08-02,
UAV-0197,,Spreading Wings S800,China,DJI,Civilian / Commercial,Commercial multirotor/fixed-wing,Listed in OpenDroneList,Not collected,https://commons.wikimedia.org/w/index.php?search=Spreading%20Wings%20S800%20UAV&title=Special:MediaSearch&type=image,,,,,,none,7000,22,,,,,,,1,OpenDroneList,https://github.com/dronetag/opendronelist,Community dataset; verify against manufacturer,Medium,2026-08-02,
UAV-0198,,Spreading Wings S800 EVO,China,DJI,Civilian / Commercial,Commercial multirotor/fixed-wing,Listed in OpenDroneList,Not collected,https://commons.wikimedia.org/w/index.php?search=Spreading%20Wings%20S800%20EVO%20UAV&title=Special:MediaSearch&type=image,,,,,,none,8000,22,,,,,,,1,OpenDroneList,https://github.com/dronetag/opendronelist,Community dataset; verify against manufacturer,Medium,2026-08-02,
UAV-0199,,Spreading Wings S900,China,DJI,Civilian / Commercial,Commercial multirotor/fixed-wing,Listed in OpenDroneList,Not collected,https://commons.wikimedia.org/w/index.php?search=Spreading%20Wings%20S900%20UAV&title=Special:MediaSearch&type=image,,,,,,none,8200,18,,,,,,,1,OpenDroneList,https://github.com/dronetag/opendronelist,Community dataset; verify against manufacturer,Medium,2026-08-02,
UAV-0200,,Tello,China,DJI,Civilian / Commercial,Commercial multirotor/fixed-wing,Listed in OpenDroneList,Not collected,https://commons.wikimedia.org/w/index.php?search=Tello%20UAV&title=Special:MediaSearch&type=image,,,,,,none,80,13,,,,,,,1,OpenDroneList,https://github.com/dronetag/opendronelist,Community dataset; verify against manufacturer,Medium,2026-08-02,
UAV-0201,,Tello EDU,China,DJI,Civilian / Commercial,Commercial multirotor/fixed-wing,Listed in OpenDroneList,Not collected,https://commons.wikimedia.org/w/index.php?search=Tello%20EDU%20UAV&title=Special:MediaSearch&type=image,,,,,,none,80,13,,,,,,,1,OpenDroneList,https://github.com/dronetag/opendronelist,Community dataset; verify against manufacturer,Medium,2026-08-02,
UAV-0202,,Tello Iron Man,China,DJI,Civilian / Commercial,Commercial multirotor/fixed-wing,Listed in OpenDroneList,Not collected,https://commons.wikimedia.org/w/index.php?search=Tello%20Iron%20Man%20UAV&title=Special:MediaSearch&type=image,,,,,,none,80,13,,,,,,,1,OpenDroneList,https://github.com/dronetag/opendronelist,Community dataset; verify against manufacturer,Medium,2026-08-02,
UAV-0203,,Typhoon 4K,China,Yuneec,Civilian / Commercial,Commercial multirotor/fixed-wing,Listed in OpenDroneList,Not collected,https://commons.wikimedia.org/w/index.php?search=Typhoon%204K%20UAV&title=Special:MediaSearch&type=image,,,,,,none,1700,25,,,,,,,1,OpenDroneList,https://github.com/dronetag/opendronelist,Community dataset; verify against manufacturer,Medium,2026-08-02,
UAV-0204,,Typhoon H,China,Yuneec,Civilian / Commercial,Commercial multirotor/fixed-wing,Listed in OpenDroneList,Not collected,https://commons.wikimedia.org/w/index.php?search=Typhoon%20H%20UAV&title=Special:MediaSearch&type=image,,,,,Rotary-wing,none,1950,28,,,,,,,2,OpenDroneList | Bard Drone Databook 2019,https://dronecenter.bard.edu/files/2019/10/CSD-Drone-Databook-Web.pdf | https://github.com/dronetag/opendronelist,Community dataset; verify against manufacturer,Medium,2026-08-02,Databook systems specification page 305.
UAV-0205,,Typhoon H Plus,China,Yuneec,Civilian / Commercial,Commercial multirotor/fixed-wing,Listed in OpenDroneList,Not collected,https://commons.wikimedia.org/w/index.php?search=Typhoon%20H%20Plus%20UAV&title=Special:MediaSearch&type=image,,,,,,none,2086,28,,,,,,,1,OpenDroneList,https://github.com/dronetag/opendronelist,Community dataset; verify against manufacturer,Medium,2026-08-02,
UAV-0206,,Typhoon H3,China,Yuneec,Civilian / Commercial,Commercial multirotor/fixed-wing,Listed in OpenDroneList,Not collected,https://commons.wikimedia.org/w/index.php?search=Typhoon%20H3%20UAV&title=Special:MediaSearch&type=image,,,,,,none,1985,25,,,,,,,1,OpenDroneList,https://github.com/dronetag/opendronelist,Community dataset; verify against manufacturer,Medium,2026-08-02,
UAV-0207,,Typhoon Q500,China,Yuneec,Civilian / Commercial,Commercial multirotor/fixed-wing,Listed in OpenDroneList,Not collected,https://commons.wikimedia.org/w/index.php?search=Typhoon%20Q500%20UAV&title=Special:MediaSearch&type=image,,,,,,none,1700,25,,,,,,,1,OpenDroneList,https://github.com/dronetag/opendronelist,Community dataset; verify against manufacturer,Medium,2026-08-02,
UAV-0208,,Vitus 320,China,Walkera,Civilian / Commercial,Commercial multirotor/fixed-wing,Listed in OpenDroneList,Not collected,https://commons.wikimedia.org/w/index.php?search=Vitus%20320%20UAV&title=Special:MediaSearch&type=image,,,,,,none,890,25,,,,,,,1,OpenDroneList,https://github.com/dronetag/opendronelist,Community dataset; verify against manufacturer,Medium,2026-08-02,
UAV-0209,,X-Star,China,Autel,Civilian / Commercial,Commercial multirotor/fixed-wing,Listed in OpenDroneList,Not collected,https://commons.wikimedia.org/w/index.php?search=X-Star%20UAV&title=Special:MediaSearch&type=image,,,,,,none,1420,25,,,,,,,1,OpenDroneList,https://github.com/dronetag/opendronelist,Community dataset; verify against manufacturer,Medium,2026-08-02,
UAV-0210,,X-Star Premium,China,Autel,Civilian / Commercial,Commercial multirotor/fixed-wing,Listed in OpenDroneList,Not collected,https://commons.wikimedia.org/w/index.php?search=X-Star%20Premium%20UAV&title=Special:MediaSearch&type=image,,,,,,none,1420,25,,,,,,,1,OpenDroneList,https://github.com/dronetag/opendronelist,Community dataset; verify against manufacturer,Medium,2026-08-02,
UAV-0211,,X25 Pro,China,Syma,Civilian / Commercial,Commercial multirotor/fixed-wing,Listed in OpenDroneList,Not collected,https://commons.wikimedia.org/w/index.php?search=X25%20Pro%20UAV&title=Special:MediaSearch&type=image,,,,,,none,200,7,,,,,,,1,OpenDroneList,https://github.com/dronetag/opendronelist,Community dataset; verify against manufacturer,Medium,2026-08-02,
UAV-0212,,X5C,China,Syma,Civilian / Commercial,Commercial multirotor/fixed-wing,Listed in OpenDroneList,Not collected,https://commons.wikimedia.org/w/index.php?search=X5C%20UAV&title=Special:MediaSearch&type=image,,,,,,none,200,10,,,,,,,1,OpenDroneList,https://github.com/dronetag/opendronelist,Community dataset; verify against manufacturer,Medium,2026-08-02,
UAV-0213,,X8 Pro,China,Syma,Civilian / Commercial,Commercial multirotor/fixed-wing,Listed in OpenDroneList,Not collected,https://commons.wikimedia.org/w/index.php?search=X8%20Pro%20UAV&title=Special:MediaSearch&type=image,,,,,,none,620,15,,,,,,,1,OpenDroneList,https://github.com/dronetag/opendronelist,Community dataset; verify against manufacturer,Medium,2026-08-02,
UAV-0214,,Zino,China,Hubsan,Civilian / Commercial,Commercial multirotor/fixed-wing,Listed in OpenDroneList,Not collected,https://commons.wikimedia.org/w/index.php?search=Zino%20UAV&title=Special:MediaSearch&type=image,,,,,,none,700,45,,,,,,,1,OpenDroneList,https://github.com/dronetag/opendronelist,Community dataset; verify against manufacturer,Medium,2026-08-02,
UAV-0215,,Zino Pro,China,Hubsan,Civilian / Commercial,Commercial multirotor/fixed-wing,Listed in OpenDroneList,Not collected,https://commons.wikimedia.org/w/index.php?search=Zino%20Pro%20UAV&title=Special:MediaSearch&type=image,,,,,,none,700,43,,,,,,,1,OpenDroneList,https://github.com/dronetag/opendronelist,Community dataset; verify against manufacturer,Medium,2026-08-02,
UAV-0216,,Swift,Denmark,Upteko Aps,Civilian / Commercial,Multirotor,EASA-listed for EU operations,Not collected,https://commons.wikimedia.org/w/index.php?search=Swift%20UAV&title=Special:MediaSearch&type=image,,,,021-000-01,Multirotor,C2 with low speed mode,,,,,,,,,1,EASA Drones for EU Operations,https://www.easa.europa.eu/en/domains/drones-air-mobility/drones-evtol-designs/drones-eu-operations/pr-680-021-000-01,Official regulatory list; manufacturer-supplied data,Medium,2026-08-02,Operations: Open / Standard
UAV-0217,,NDN Electric Drone,Finland,NOKIA SOLUTIONS AND NETWORKS OY,Civilian / Commercial,Multirotor,EASA-listed for EU operations,Not collected,https://commons.wikimedia.org/w/index.php?search=NDN%20Electric%20Drone%20UAV&title=Special:MediaSearch&type=image,,,,,Multirotor,"C5 (STS 01),C6 (STS 02)",,,,,,,,,1,EASA Drones for EU Operations,https://www.easa.europa.eu/en/domains/drones-air-mobility/drones-evtol-designs/drones-eu-operations/pr-202-ndn-electric-drone,Official regulatory list; manufacturer-supplied data,Medium,2026-08-02,Operations: Open / Standard
UAV-0218,,NDN electric drone XLR,Finland,NOKIA SOLUTIONS AND NETWORKS OY,Civilian / Commercial,Multirotor,EASA-listed for EU operations,Not collected,https://commons.wikimedia.org/w/index.php?search=NDN%20electric%20drone%20XLR%20UAV&title=Special:MediaSearch&type=image,,,,,Multirotor,"C5 (STS 01),C6 (STS 02)",,,,,,,,,1,EASA Drones for EU Operations,https://www.easa.europa.eu/en/domains/drones-air-mobility/drones-evtol-designs/drones-eu-operations/pr-695-ndn-electric-drone-xlr,Official regulatory list; manufacturer-supplied data,Medium,2026-08-02,Operations: Open / Standard
UAV-0219,,AD405,France,Artech'Drone,Civilian / Commercial,Multirotor,EASA-listed for EU operations,Not collected,https://commons.wikimedia.org/w/index.php?search=AD405%20UAV&title=Special:MediaSearch&type=image,,,,,Multirotor,"C5 (STS 01),C6 (STS 02)",,,,,,,,,1,EASA Drones for EU Operations,https://www.easa.europa.eu/en/domains/drones-air-mobility/drones-evtol-designs/drones-eu-operations/pr-367-ad405,Official regulatory list; manufacturer-supplied data,Medium,2026-08-02,Operations: Open / Standard
UAV-0220,,AD405 Spray,France,Artech'Drone,Civilian / Commercial,Multirotor,EASA-listed for EU operations,Not collected,https://commons.wikimedia.org/w/index.php?search=AD405%20Spray%20UAV&title=Special:MediaSearch&type=image,,,,,Multirotor,C5 (STS 01),,,,,,,,,1,EASA Drones for EU Operations,https://www.easa.europa.eu/en/domains/drones-air-mobility/drones-evtol-designs/drones-eu-operations/pr-366-ad405-spray,Official regulatory list; manufacturer-supplied data,Medium,2026-08-02,Operations: Open / Standard
UAV-0221,,AD405PRO Tethered,France,Artech'Drone,Civilian / Commercial,Multirotor,EASA-listed for EU operations,Not collected,https://commons.wikimedia.org/w/index.php?search=AD405PRO%20Tethered%20UAV&title=Special:MediaSearch&type=image,,,,,Multirotor,C5 (STS 01),,,,,,,,,1,EASA Drones for EU Operations,https://www.easa.europa.eu/en/domains/drones-air-mobility/drones-evtol-designs/drones-eu-operations/pr-641-ad405pro-tethered,Official regulatory list; manufacturer-supplied data,Medium,2026-08-02,Operations: Open / Standard
UAV-0222,,AD410,France,Artech'Drone,Civilian / Commercial,Multirotor,EASA-listed for EU operations,Not collected,https://commons.wikimedia.org/w/index.php?search=AD410%20UAV&title=Special:MediaSearch&type=image,,,,,Multirotor,"C5 (STS 01),C6 (STS 02)",,,,,,,,,1,EASA Drones for EU Operations,https://www.easa.europa.eu/en/domains/drones-air-mobility/drones-evtol-designs/drones-eu-operations/pr-369-ad410,Official regulatory list; manufacturer-supplied data,Medium,2026-08-02,Operations: Open / Standard
UAV-0223,,AD410 Spray,France,Artech'Drone,Civilian / Commercial,Multirotor,EASA-listed for EU operations,Not collected,https://commons.wikimedia.org/w/index.php?search=AD410%20Spray%20UAV&title=Special:MediaSearch&type=image,,,,,Multirotor,C5 (STS 01),,,,,,,,,1,EASA Drones for EU Operations,https://www.easa.europa.eu/en/domains/drones-air-mobility/drones-evtol-designs/drones-eu-operations/pr-368-ad410-spray,Official regulatory list; manufacturer-supplied data,Medium,2026-08-02,Operations: Open / Standard
UAV-0224,,AD420 Tethered,France,Artech'Drone,Civilian / Commercial,Multirotor,EASA-listed for EU operations,Not collected,https://commons.wikimedia.org/w/index.php?search=AD420%20Tethered%20UAV&title=Special:MediaSearch&type=image,,,,,Multirotor,C5 (STS 01),,,,,,,,,1,EASA Drones for EU Operations,https://www.easa.europa.eu/en/domains/drones-air-mobility/drones-evtol-designs/drones-eu-operations/pr-342-ad420-tethered,Official regulatory list; manufacturer-supplied data,Medium,2026-08-02,Operations: Open / Standard
UAV-0225,,Aerobotic Spray-L,France,Aeotic,Civilian / Commercial,EU-listed drone,EASA-listed for EU operations,Not collected,https://commons.wikimedia.org/w/index.php?search=Aerobotic%20Spray-L%20UAV&title=Special:MediaSearch&type=image,,,,,,"C5,C6",,,,,,,,,1,EASA Drones for EU Operations,https://www.easa.europa.eu/en/domains/drones-air-mobility/drones-evtol-designs/drones-eu-operations/pr-178-aerobotic-spray-l,Official regulatory list; manufacturer-supplied data,Medium,2026-08-02,Operations: Open / Standard
UAV-0226,,Anafi,France,Parrot,Civilian / Commercial,Commercial multirotor/fixed-wing,Listed in OpenDroneList,Not collected,https://commons.wikimedia.org/w/index.php?search=Anafi%20UAV&title=Special:MediaSearch&type=image,,,,,,none,320,25,,,,,,,1,OpenDroneList,https://github.com/dronetag/opendronelist,Community dataset; verify against manufacturer,Medium,2026-08-02,
UAV-0227,,AR Drone,France,Parrot,Civilian / Commercial,Commercial multirotor/fixed-wing,Listed in OpenDroneList,Not collected,https://commons.wikimedia.org/w/index.php?search=AR%20Drone%20UAV&title=Special:MediaSearch&type=image,,,AR-Drone,,Rotary-wing,none,420,12,0.2,,40,,0.5,0.5,2,OpenDroneList | Bard Drone Databook 2019,https://dronecenter.bard.edu/files/2019/10/CSD-Drone-Databook-Web.pdf | https://github.com/dronetag/opendronelist,Community dataset; verify against manufacturer,Medium,2026-08-02,Databook systems specification page 306.
UAV-0228,,AR Drone 2.0,France,Parrot,Civilian / Commercial,Commercial multirotor/fixed-wing,Listed in OpenDroneList,Not collected,https://commons.wikimedia.org/w/index.php?search=AR%20Drone%202.0%20UAV&title=Special:MediaSearch&type=image,,,,,,none,420,12,,,,,,,1,OpenDroneList,https://github.com/dronetag/opendronelist,Community dataset; verify against manufacturer,Medium,2026-08-02,
UAV-0229,,ARES,France,OBJECTIF DRONE PRODUCTION,Civilian / Commercial,Multirotor,EASA-listed for EU operations,Not collected,https://commons.wikimedia.org/w/index.php?search=ARES%20UAV&title=Special:MediaSearch&type=image,,,,,Multirotor,"C5 (STS 01),C6 (STS 02)",,,,,,,,,1,EASA Drones for EU Operations,https://www.easa.europa.eu/en/domains/drones-air-mobility/drones-evtol-designs/drones-eu-operations/pr-88-ares,Official regulatory list; manufacturer-supplied data,Medium,2026-08-02,Operations: Open / Standard
UAV-0230,,ATLAS,France,OBJECTIF DRONE PRODUCTION,Civilian / Commercial,Multirotor,EASA-listed for EU operations,Not collected,https://commons.wikimedia.org/w/index.php?search=ATLAS%20UAV&title=Special:MediaSearch&type=image,,,,,Multirotor,"C5 (STS 01),C6 (STS 02)",,,,,,,,,1,EASA Drones for EU Operations,https://www.easa.europa.eu/en/domains/drones-air-mobility/drones-evtol-designs/drones-eu-operations/pr-93-atlas,Official regulatory list; manufacturer-supplied data,Medium,2026-08-02,Operations: Open / Standard
UAV-0231,,Bebop,France,Parrot,Civilian / Commercial,Commercial multirotor/fixed-wing,Listed in OpenDroneList,Not collected,https://commons.wikimedia.org/w/index.php?search=Bebop%20UAV&title=Special:MediaSearch&type=image,,,,,,none,400,60,,,,,,,1,OpenDroneList,https://github.com/dronetag/opendronelist,Community dataset; verify against manufacturer,Medium,2026-08-02,
UAV-0232,,Bebop 2,France,Parrot,Civilian / Commercial,Commercial multirotor/fixed-wing,Listed in OpenDroneList,Not collected,https://commons.wikimedia.org/w/index.php?search=Bebop%202%20UAV&title=Special:MediaSearch&type=image,,,,,,none,500,60,,,,,,,1,OpenDroneList,https://github.com/dronetag/opendronelist,Community dataset; verify against manufacturer,Medium,2026-08-02,
UAV-0233,,CHRONOS,France,OBJECTIF DRONE PRODUCTION,Civilian / Commercial,Multirotor,EASA-listed for EU operations,Not collected,https://commons.wikimedia.org/w/index.php?search=CHRONOS%20UAV&title=Special:MediaSearch&type=image,,,,,Multirotor,"C5 (STS 01),C6 (STS 02)",,,,,,,,,1,EASA Drones for EU Operations,https://www.easa.europa.eu/en/domains/drones-air-mobility/drones-evtol-designs/drones-eu-operations/pr-94-chronos,Official regulatory list; manufacturer-supplied data,Medium,2026-08-02,Operations: Open / Standard
UAV-0234,,CHRONOS MINI,France,OBJECTIF DRONE PRODUCTION,Civilian / Commercial,Multirotor,EASA-listed for EU operations,Not collected,https://commons.wikimedia.org/w/index.php?search=CHRONOS%20MINI%20UAV&title=Special:MediaSearch&type=image,,,,CHRONOS MINI +,Multirotor,C5 (STS 01),,,,,,,,,1,EASA Drones for EU Operations,https://www.easa.europa.eu/en/domains/drones-air-mobility/drones-evtol-designs/drones-eu-operations/pr-95-chronos-mini,Official regulatory list; manufacturer-supplied data,Medium,2026-08-02,Operations: Open / Standard
UAV-0235,,CK23VE SW C6,France,CAVOK UAS,Civilian / Commercial,Fixed wing,EASA-listed for EU operations,Not collected,https://commons.wikimedia.org/w/index.php?search=CK23VE%20SW%20C6%20UAV&title=Special:MediaSearch&type=image,,,,,Fixed wing,C6 (STS 02),,,,,,,,,1,EASA Drones for EU Operations,https://www.easa.europa.eu/en/domains/drones-air-mobility/drones-evtol-designs/drones-eu-operations/pr-264-ck23ve-sw-c6,Official regulatory list; manufacturer-supplied data,Medium,2026-08-02,Operations: Open / Standard
UAV-0236,,CK25 C5/C6,France,CAVOK UAS,Civilian / Commercial,Multirotor,EASA-listed for EU operations,Not collected,https://commons.wikimedia.org/w/index.php?search=CK25%20C5/C6%20UAV&title=Special:MediaSearch&type=image,,,,,Multirotor,"C5 (STS 01),C6 (STS 02)",,,,,,,,,1,EASA Drones for EU Operations,https://www.easa.europa.eu/en/domains/drones-air-mobility/drones-evtol-designs/drones-eu-operations/pr-337-ck25-c5c6,Official regulatory list; manufacturer-supplied data,Medium,2026-08-02,Operations: Open / Standard
UAV-0237,,CK4 C5/C6,France,CAVOK UAS,Civilian / Commercial,Multirotor,EASA-listed for EU operations,Not collected,https://commons.wikimedia.org/w/index.php?search=CK4%20C5/C6%20UAV&title=Special:MediaSearch&type=image,,,,,Multirotor,"C5 (STS 01),C6 (STS 02)",,,,,,,,,1,EASA Drones for EU Operations,https://www.easa.europa.eu/en/domains/drones-air-mobility/drones-evtol-designs/drones-eu-operations/pr-561-ck4-c5c6,Official regulatory list; manufacturer-supplied data,Medium,2026-08-02,Operations: Open / Standard
UAV-0238,,CK7-2 C6,France,CAVOK UAS,Civilian / Commercial,Fixed wing,EASA-listed for EU operations,Not collected,https://commons.wikimedia.org/w/index.php?search=CK7-2%20C6%20UAV&title=Special:MediaSearch&type=image,,,,CK7 C6,Fixed wing,C6 (STS 02),,,,,,,,,1,EASA Drones for EU Operations,https://www.easa.europa.eu/en/domains/drones-air-mobility/drones-evtol-designs/drones-eu-operations/pr-586-ck7-c6,Official regulatory list; manufacturer-supplied data,Medium,2026-08-02,Operations: Open / Standard
UAV-0239,,CK9 C5/C6,France,CAVOK UAS,Civilian / Commercial,Multirotor,EASA-listed for EU operations,Not collected,https://commons.wikimedia.org/w/index.php?search=CK9%20C5/C6%20UAV&title=Special:MediaSearch&type=image,,,,,Multirotor,"C5 (STS 01),C6 (STS 02)",,,,,,,,,1,EASA Drones for EU Operations,https://www.easa.europa.eu/en/domains/drones-air-mobility/drones-evtol-designs/drones-eu-operations/pr-560-ck9-c5c6,Official regulatory list; manufacturer-supplied data,Medium,2026-08-02,Operations: Open / Standard
UAV-0240,,Delair UX 11 Caméra AG,France,DELAIR,Civilian / Commercial,Fixed wing,EASA-listed for EU operations,Not collected,https://commons.wikimedia.org/w/index.php?search=Delair%20UX%2011%20Cam%C3%A9ra%20AG%20UAV&title=Special:MediaSearch&type=image,,,,UX11-AG-C6,Fixed wing,C6 (STS 02),,,,,,,,,1,EASA Drones for EU Operations,https://www.easa.europa.eu/en/domains/drones-air-mobility/drones-evtol-designs/drones-eu-operations/pr-86-ux11-ag-c6,Official regulatory list; manufacturer-supplied data,Medium,2026-08-02,Operations: Open / Standard
UAV-0241,,Delair UX11 Caméra IR,France,DELAIR,Civilian / Commercial,Fixed wing,EASA-listed for EU operations,Not collected,https://commons.wikimedia.org/w/index.php?search=Delair%20UX11%20Cam%C3%A9ra%20IR%20UAV&title=Special:MediaSearch&type=image,,,,UX11-IR-C6,Fixed wing,C6 (STS 02),,,,,,,,,1,EASA Drones for EU Operations,https://www.easa.europa.eu/en/domains/drones-air-mobility/drones-evtol-designs/drones-eu-operations/pr-99-ux11-ir-c6,Official regulatory list; manufacturer-supplied data,Medium,2026-08-02,Operations: Open / Standard
UAV-0242,,Delair UX11 Caméra RGB,France,DELAIR,Civilian / Commercial,Fixed wing,EASA-listed for EU operations,Not collected,https://commons.wikimedia.org/w/index.php?search=Delair%20UX11%20Cam%C3%A9ra%20RGB%20UAV&title=Special:MediaSearch&type=image,,,,UX11-RGB- C6,Fixed wing,C6 (STS 02),,,,,,,,,1,EASA Drones for EU Operations,https://www.easa.europa.eu/en/domains/drones-air-mobility/drones-evtol-designs/drones-eu-operations/pr-100-ux11-rgb-c6,Official regulatory list; manufacturer-supplied data,Medium,2026-08-02,Operations: Open / Standard
UAV-0243,,Delair UX11 Longue Elongation Caméra AG,France,DELAIR,Civilian / Commercial,Fixed wing,EASA-listed for EU operations,Not collected,https://commons.wikimedia.org/w/index.php?search=Delair%20UX11%20Longue%20Elongation%20Cam%C3%A9ra%20AG%20UAV&title=Special:MediaSearch&type=image,,,,UX11-AG-LE,Fixed wing,C6 (STS 02),,,,,,,,,1,EASA Drones for EU Operations,https://www.easa.europa.eu/en/domains/drones-air-mobility/drones-evtol-designs/drones-eu-operations/pr-101-ux11-ag-le,Official regulatory list; manufacturer-supplied data,Medium,2026-08-02,Operations: Open / Standard
UAV-0244,,Delair UX11 Longue Elongation Caméra IR,France,DELAIR,Civilian / Commercial,Fixed wing,EASA-listed for EU operations,Not collected,https://commons.wikimedia.org/w/index.php?search=Delair%20UX11%20Longue%20Elongation%20Cam%C3%A9ra%20IR%20UAV&title=Special:MediaSearch&type=image,,,,UX11-IR-LE,Fixed wing,C6 (STS 02),,,,,,,,,1,EASA Drones for EU Operations,https://www.easa.europa.eu/en/domains/drones-air-mobility/drones-evtol-designs/drones-eu-operations/pr-102-ux11-ir-le,Official regulatory list; manufacturer-supplied data,Medium,2026-08-02,Operations: Open / Standard
UAV-0245,,Delair UX11 Longue Elongation Caméra RGB,France,DELAIR,Civilian / Commercial,Fixed wing,EASA-listed for EU operations,Not collected,https://commons.wikimedia.org/w/index.php?search=Delair%20UX11%20Longue%20Elongation%20Cam%C3%A9ra%20RGB%20UAV&title=Special:MediaSearch&type=image,,,,UX11-RGB-LE,Fixed wing,C6 (STS 02),,,,,,,,,1,EASA Drones for EU Operations,https://www.easa.europa.eu/en/domains/drones-air-mobility/drones-evtol-designs/drones-eu-operations/pr-103-ux11-rgb-le,Official regulatory list; manufacturer-supplied data,Medium,2026-08-02,Operations: Open / Standard
UAV-0246,,Delair UX11-Longue Élongation Caméra IR Radiométrique,France,DELAIR,Civilian / Commercial,Fixed wing,EASA-listed for EU operations,Not collected,https://commons.wikimedia.org/w/index.php?search=Delair%20UX11-Longue%20%C3%89longation%20Cam%C3%A9ra%20IR%20Radiom%C3%A9trique%20UAV&title=Special:MediaSearch&type=image,,,,UX11 IR Radiometric,Fixed wing,C6 (STS 02),,,,,,,,,1,EASA Drones for EU Operations,https://www.easa.europa.eu/en/domains/drones-air-mobility/drones-evtol-designs/drones-eu-operations/pr-104-ux11-ir-radiometric,Official regulatory list; manufacturer-supplied data,Medium,2026-08-02,Operations: Open / Standard
UAV-0247,,DEN-S,France,Artech'Drone,Civilian / Commercial,Multirotor,EASA-listed for EU operations,Not collected,https://commons.wikimedia.org/w/index.php?search=DEN-S%20UAV&title=Special:MediaSearch&type=image,,,,,Multirotor,C5 (STS 01) | C6 (STS 02),,,,,,,,,1,EASA Drones for EU Operations,https://www.easa.europa.eu/en/domains/drones-air-mobility/drones-evtol-designs/drones-eu-operations/pr-435-den-s,Official regulatory list; manufacturer-supplied data,Medium,2026-08-02,Operations: Open / Standard
UAV-0248,,DEN-S Spray,France,Artech'Drone,Civilian / Commercial,Multirotor,EASA-listed for EU operations,Not collected,https://commons.wikimedia.org/w/index.php?search=DEN-S%20Spray%20UAV&title=Special:MediaSearch&type=image,,,,,Multirotor,C5 (STS 01),,,,,,,,,1,EASA Drones for EU Operations,https://www.easa.europa.eu/en/domains/drones-air-mobility/drones-evtol-designs/drones-eu-operations/pr-433-den-s-spray,Official regulatory list; manufacturer-supplied data,Medium,2026-08-02,Operations: Open / Standard
UAV-0249,,Disco,France,Parrot,Civilian / Commercial,Commercial multirotor/fixed-wing,Listed in OpenDroneList,Not collected,https://commons.wikimedia.org/w/index.php?search=Disco%20UAV&title=Special:MediaSearch&type=image,,,,,,none,750,45,,,,,,,1,OpenDroneList,https://github.com/dronetag/opendronelist,Community dataset; verify against manufacturer,Medium,2026-08-02,
UAV-0250,,Hercules 20,France,DRONE VOLT,Civilian / Commercial,Multirotor,EASA-listed for EU operations,Not collected,https://commons.wikimedia.org/w/index.php?search=Hercules%2020%20UAV&title=Special:MediaSearch&type=image,,,,,Multirotor,C5 (STS 01),,,,,,,,,1,EASA Drones for EU Operations,https://www.easa.europa.eu/en/domains/drones-air-mobility/drones-evtol-designs/drones-eu-operations/pr-559-hercules-20,Official regulatory list; manufacturer-supplied data,Medium,2026-08-02,Operations: Open / Standard
UAV-0251,,INNOVADRONE 410 SPECIAL,France,INNOVADRONE LLC,Civilian / Commercial,Multirotor,EASA-listed for EU operations,Not collected,https://commons.wikimedia.org/w/index.php?search=INNOVADRONE%20410%20SPECIAL%20UAV&title=Special:MediaSearch&type=image,,,,,Multirotor,"C5 (STS 01),C6 (STS 02)",,,,,,,,,1,EASA Drones for EU Operations,https://www.easa.europa.eu/en/domains/drones-air-mobility/drones-evtol-designs/drones-eu-operations/pr-587-innovadrone-410,Official regulatory list; manufacturer-supplied data,Medium,2026-08-02,Operations: Open / Standard
UAV-0252,,Kobra,France,DRONE VOLT,Civilian / Commercial,Multirotor,EASA-listed for EU operations,Not collected,https://commons.wikimedia.org/w/index.php?search=Kobra%20UAV&title=Special:MediaSearch&type=image,,,,,Multirotor,C3,,,,,,,,,1,EASA Drones for EU Operations,https://www.easa.europa.eu/en/domains/drones-air-mobility/drones-evtol-designs/drones-eu-operations/pr-574-kobra,Official regulatory list; manufacturer-supplied data,Medium,2026-08-02,Operations: Open / Standard
UAV-0253,,MANTA,France,OBJECTIF DRONE PRODUCTION,Civilian / Commercial,Multirotor,EASA-listed for EU operations,Not collected,https://commons.wikimedia.org/w/index.php?search=MANTA%20UAV&title=Special:MediaSearch&type=image,,,,,Multirotor,"C5 (STS 01),C6 (STS 02)",,,,,,,,,1,EASA Drones for EU Operations,https://www.easa.europa.eu/en/domains/drones-air-mobility/drones-evtol-designs/drones-eu-operations/pr-375-manta,Official regulatory list; manufacturer-supplied data,Medium,2026-08-02,Operations: Open / Standard
UAV-0254,,MéthoDrone Distribution,France,METHODRONE DISTRIBUTION,Civilian / Commercial,Multirotor,EASA-listed for EU operations,Not collected,https://commons.wikimedia.org/w/index.php?search=M%C3%A9thoDrone%20Distribution%20UAV&title=Special:MediaSearch&type=image,,,,Hélios,Multirotor,C5 (STS 01),,,,,,,,,1,EASA Drones for EU Operations,https://www.easa.europa.eu/en/domains/drones-air-mobility/drones-evtol-designs/drones-eu-operations/pr-477-helios,Official regulatory list; manufacturer-supplied data,Medium,2026-08-02,Operations: Open / Standard
UAV-0255,,S-R,France,Aeotic,Civilian / Commercial,Multirotor,EASA-listed for EU operations,Not collected,https://commons.wikimedia.org/w/index.php?search=S-R%20UAV&title=Special:MediaSearch&type=image,,,,,Multirotor,"C5 (STS 01),C6 (STS 02)",,,,,,,,,1,EASA Drones for EU Operations,https://www.easa.europa.eu/en/domains/drones-air-mobility/drones-evtol-designs/drones-eu-operations/pr-306-s-r,Official regulatory list; manufacturer-supplied data,Medium,2026-08-02,Operations: Open / Standard
UAV-0256,,SERVICE2DRONE,France,"Thibaut, Bessard",Civilian / Commercial,Multirotor,EASA-listed for EU operations,Not collected,https://commons.wikimedia.org/w/index.php?search=SERVICE2DRONE%20UAV&title=Special:MediaSearch&type=image,,,,TITAN MINI C5 | TITAN X4 C5 | TITAN X8 C5,Multirotor,C5 (STS 01),,,,,,,,,1,EASA Drones for EU Operations,https://www.easa.europa.eu/en/domains/drones-air-mobility/drones-evtol-designs/drones-eu-operations/pr-456-titan-x4-c5,Official regulatory list; manufacturer-supplied data,Medium,2026-08-02,Operations: Open / Standard
UAV-0257,,Servidrone1000 C5,France,"Houssard, Francois",Civilian / Commercial,Multirotor,EASA-listed for EU operations,Not collected,https://commons.wikimedia.org/w/index.php?search=Servidrone1000%20C5%20UAV&title=Special:MediaSearch&type=image,,,,,Multirotor,C5 (STS 01),,,,,,,,,1,EASA Drones for EU Operations,https://www.easa.europa.eu/en/domains/drones-air-mobility/drones-evtol-designs/drones-eu-operations/pr-343-servidrone1000-c5,Official regulatory list; manufacturer-supplied data,Medium,2026-08-02,Operations: Open / Standard
UAV-0258,,SERVIDRONE1000 C5 CAPTIF,France,"Houssard, Francois",Civilian / Commercial,Multirotor,EASA-listed for EU operations,Not collected,https://commons.wikimedia.org/w/index.php?search=SERVIDRONE1000%20C5%20CAPTIF%20UAV&title=Special:MediaSearch&type=image,,,,,Multirotor,C5 STS01,,,,,,,,,1,EASA Drones for EU Operations,https://www.easa.europa.eu/en/domains/drones-air-mobility/drones-evtol-designs/drones-eu-operations/pr-424-servidrone1000-c5,Official regulatory list; manufacturer-supplied data,Medium,2026-08-02,Operations: Open / Standard
UAV-0259,,Servidrone900 C5,France,"Houssard, Francois",Civilian / Commercial,Multirotor,EASA-listed for EU operations,Not collected,https://commons.wikimedia.org/w/index.php?search=Servidrone900%20C5%20UAV&title=Special:MediaSearch&type=image,,,,,Multirotor,C5 (STS 01),,,,,,,,,1,EASA Drones for EU Operations,https://www.easa.europa.eu/en/domains/drones-air-mobility/drones-evtol-designs/drones-eu-operations/pr-344-servidrone900-c5,Official regulatory list; manufacturer-supplied data,Medium,2026-08-02,Operations: Open / Standard
UAV-0260,,SERVIDRONE900C5 captif,France,"Houssard, Francois",Civilian / Commercial,Multirotor,EASA-listed for EU operations,Not collected,https://commons.wikimedia.org/w/index.php?search=SERVIDRONE900C5%20captif%20UAV&title=Special:MediaSearch&type=image,,,,,Multirotor,C5 STS01,,,,,,,,,1,EASA Drones for EU Operations,https://www.easa.europa.eu/en/domains/drones-air-mobility/drones-evtol-designs/drones-eu-operations/pr-423-servidrone900c5-captif,Official regulatory list; manufacturer-supplied data,Medium,2026-08-02,Operations: Open / Standard
UAV-0261,,Skydart5 C6,France,CAVOK UAS,Civilian / Commercial,Fixed wing,EASA-listed for EU operations,Not collected,https://commons.wikimedia.org/w/index.php?search=Skydart5%20C6%20UAV&title=Special:MediaSearch&type=image,,,,,Fixed wing,C6 (STS 02),,,,,,,,,1,EASA Drones for EU Operations,https://www.easa.europa.eu/en/domains/drones-air-mobility/drones-evtol-designs/drones-eu-operations/pr-671-skydart5-c6,Official regulatory list; manufacturer-supplied data,Medium,2026-08-02,Operations: Open / Standard
UAV-0262,,Skyinnov AQ3F,France,Aeromapping Solutions t/a SKYINNOV,Civilian / Commercial,Multirotor,EASA-listed for EU operations,Not collected,https://commons.wikimedia.org/w/index.php?search=Skyinnov%20AQ3F%20UAV&title=Special:MediaSearch&type=image,,,,AQ3F,Multirotor,C5 (STS 01),,,,,,,,,1,EASA Drones for EU Operations,https://www.easa.europa.eu/en/domains/drones-air-mobility/drones-evtol-designs/drones-eu-operations/pr-254-aq3f,Official regulatory list; manufacturer-supplied data,Medium,2026-08-02,Operations: Open / Standard
UAV-0263,,SURVEYOR,France,INNOVADRONE LLC,Civilian / Commercial,Multirotor,EASA-listed for EU operations,Not collected,https://commons.wikimedia.org/w/index.php?search=SURVEYOR%20UAV&title=Special:MediaSearch&type=image,,,,,Multirotor,"C5 (STS 01),C6 (STS 02)",,,,,,,,,1,EASA Drones for EU Operations,https://www.easa.europa.eu/en/domains/drones-air-mobility/drones-evtol-designs/drones-eu-operations/pr-588-surveyor,Official regulatory list; manufacturer-supplied data,Medium,2026-08-02,Operations: Open / Standard
UAV-0264,,SURVEYOR TETHERED,France,INNOVADRONE LLC,Civilian / Commercial,Multirotor,EASA-listed for EU operations,Not collected,https://commons.wikimedia.org/w/index.php?search=SURVEYOR%20TETHERED%20UAV&title=Special:MediaSearch&type=image,,,,,Multirotor,C5 (STS 01),,,,,,,,,1,EASA Drones for EU Operations,https://www.easa.europa.eu/en/domains/drones-air-mobility/drones-evtol-designs/drones-eu-operations/pr-581-surveyor-tethered,Official regulatory list; manufacturer-supplied data,Medium,2026-08-02,Operations: Open / Standard
UAV-0265,,SURVEYOR XL TETHERED,France,INNOVADRONE LLC,Civilian / Commercial,Multirotor,EASA-listed for EU operations,Not collected,https://commons.wikimedia.org/w/index.php?search=SURVEYOR%20XL%20TETHERED%20UAV&title=Special:MediaSearch&type=image,,,,,Multirotor,C5 (STS 01),,,,,,,,,1,EASA Drones for EU Operations,https://www.easa.europa.eu/en/domains/drones-air-mobility/drones-evtol-designs/drones-eu-operations/pr-583-surveyor-xl-tethered,Official regulatory list; manufacturer-supplied data,Medium,2026-08-02,Operations: Open / Standard
UAV-0266,,SX1.2,France,XSUN,Civilian / Commercial,Fixed wing,EASA-listed for EU operations,Not collected,https://commons.wikimedia.org/w/index.php?search=SX1.2%20UAV&title=Special:MediaSearch&type=image,,,,,Fixed wing,,,,,,,,,,1,EASA Drones for EU Operations,https://www.easa.europa.eu/en/domains/drones-air-mobility/drones-evtol-designs/drones-eu-operations/pr-8-sx12,Official regulatory list; manufacturer-supplied data,Medium,2026-08-02,Operations: Specific
UAV-0267,,TUNDRA 2.1 C5 C6,France,HEXADRONE,Civilian / Commercial,Multirotor,EASA-listed for EU operations,Not collected,https://commons.wikimedia.org/w/index.php?search=TUNDRA%202.1%20C5%20C6%20UAV&title=Special:MediaSearch&type=image,,,,,Multirotor,"C5 (STS 01),C6 (STS 02)",,,,,,,,,1,EASA Drones for EU Operations,https://www.easa.europa.eu/en/domains/drones-air-mobility/drones-evtol-designs/drones-eu-operations/pr-526-tundra-21-c5-c6,Official regulatory list; manufacturer-supplied data,Medium,2026-08-02,Operations: Open / Standard
UAV-0268,,TUNDRA 2.1 C6,France,HEXADRONE,Civilian / Commercial,Multirotor,EASA-listed for EU operations,Not collected,https://commons.wikimedia.org/w/index.php?search=TUNDRA%202.1%20C6%20UAV&title=Special:MediaSearch&type=image,,,,,Multirotor,C6 (STS 02),,,,,,,,,1,EASA Drones for EU Operations,https://www.easa.europa.eu/en/domains/drones-air-mobility/drones-evtol-designs/drones-eu-operations/pr-527-tundra-21-c6,Official regulatory list; manufacturer-supplied data,Medium,2026-08-02,Operations: Open / Standard
UAV-0269,,AIR4 LIGHT,Germany,AIR6 SYSTEMS GmBH,Civilian / Commercial,Multirotor,EASA-listed for EU operations,Not collected,https://commons.wikimedia.org/w/index.php?search=AIR4%20LIGHT%20UAV&title=Special:MediaSearch&type=image,,,,,Multirotor,"C5 (STS 01),C6 (STS 02)",,,,,,,,,1,EASA Drones for EU Operations,https://www.easa.europa.eu/en/domains/drones-air-mobility/drones-evtol-designs/drones-eu-operations/pr-638-air4-light,Official regulatory list; manufacturer-supplied data,Medium,2026-08-02,Operations: Open / Standard
UAV-0270,,AIR4 MICRO,Germany,AIR6 SYSTEMS GmBH,Civilian / Commercial,Multirotor,EASA-listed for EU operations,Not collected,https://commons.wikimedia.org/w/index.php?search=AIR4%20MICRO%20UAV&title=Special:MediaSearch&type=image,,,,,Multirotor,"C5 (STS 01),C6 (STS 02)",,,,,,,,,1,EASA Drones for EU Operations,https://www.easa.europa.eu/en/domains/drones-air-mobility/drones-evtol-designs/drones-eu-operations/pr-639-air4-micro,Official regulatory list; manufacturer-supplied data,Medium,2026-08-02,Operations: Open / Standard
UAV-0271,,AIR4 NANO,Germany,AIR6 SYSTEMS GmBH,Civilian / Commercial,Multirotor,EASA-listed for EU operations,Not collected,https://commons.wikimedia.org/w/index.php?search=AIR4%20NANO%20UAV&title=Special:MediaSearch&type=image,,,,,Multirotor,"C5 (STS 01),C6 (STS 02)",,,,,,,,,1,EASA Drones for EU Operations,https://www.easa.europa.eu/en/domains/drones-air-mobility/drones-evtol-designs/drones-eu-operations/pr-640-air4-nano,Official regulatory list; manufacturer-supplied data,Medium,2026-08-02,Operations: Open / Standard
UAV-0272,,AIR4 NANO E,Germany,AIR6 SYSTEMS GmBH,Civilian / Commercial,Multirotor,EASA-listed for EU operations,Not collected,https://commons.wikimedia.org/w/index.php?search=AIR4%20NANO%20E%20UAV&title=Special:MediaSearch&type=image,,,,,Multirotor,"C5 (STS 01),C6 (STS 02)",,,,,,,,,1,EASA Drones for EU Operations,https://www.easa.europa.eu/en/domains/drones-air-mobility/drones-evtol-designs/drones-eu-operations/pr-643-air4-nano-e,Official regulatory list; manufacturer-supplied data,Medium,2026-08-02,Operations: Open / Standard
UAV-0273,,AIR4 RUGGED,Germany,AIR6 SYSTEMS GmBH,Civilian / Commercial,Multirotor,EASA-listed for EU operations,Not collected,https://commons.wikimedia.org/w/index.php?search=AIR4%20RUGGED%20UAV&title=Special:MediaSearch&type=image,,,,,Multirotor,"C5 (STS 01),C6 (STS 02)",,,,,,,,,1,EASA Drones for EU Operations,https://www.easa.europa.eu/en/domains/drones-air-mobility/drones-evtol-designs/drones-eu-operations/pr-541-air4-rugged,Official regulatory list; manufacturer-supplied data,Medium,2026-08-02,Operations: Open / Standard
UAV-0274,,AIR8 COMPACT,Germany,AIR6 SYSTEMS GmBH,Civilian / Commercial,Multirotor,EASA-listed for EU operations,Not collected,https://commons.wikimedia.org/w/index.php?search=AIR8%20COMPACT%20UAV&title=Special:MediaSearch&type=image,,,,,Multirotor,"C5 (STS 01),C6 (STS 02)",,,,,,,,,1,EASA Drones for EU Operations,https://www.easa.europa.eu/en/domains/drones-air-mobility/drones-evtol-designs/drones-eu-operations/pr-584-air8-compact,Official regulatory list; manufacturer-supplied data,Medium,2026-08-02,Operations: Open / Standard
UAV-0275,,AIR8 MEDIUM LIFTER,Germany,AIR6 SYSTEMS GmBH,Civilian / Commercial,Multirotor,EASA-listed for EU operations,Not collected,https://commons.wikimedia.org/w/index.php?search=AIR8%20MEDIUM%20LIFTER%20UAV&title=Special:MediaSearch&type=image,,,,,Multirotor,"C5 (STS 01),C6 (STS 02)",,,,,,,,,1,EASA Drones for EU Operations,https://www.easa.europa.eu/en/domains/drones-air-mobility/drones-evtol-designs/drones-eu-operations/pr-478-air8-medium-lifter,Official regulatory list; manufacturer-supplied data,Medium,2026-08-02,Operations: Open / Standard
UAV-0276,,HIGHDRA,Germany,Starcopter GmbH,Civilian / Commercial,Multirotor,EASA-listed for EU operations,Not collected,https://commons.wikimedia.org/w/index.php?search=HIGHDRA%20UAV&title=Special:MediaSearch&type=image,,,,,Multirotor,C3,,,,,,,,,1,EASA Drones for EU Operations,https://www.easa.europa.eu/en/domains/drones-air-mobility/drones-evtol-designs/drones-eu-operations/pr-371-highdra,Official regulatory list; manufacturer-supplied data,Medium,2026-08-02,Operations: Open / Standard
UAV-0277,,M30 EU,Germany,DJI GmbH,Civilian / Commercial,Multirotor,EASA-listed for EU operations,Not collected,https://commons.wikimedia.org/w/index.php?search=M30%20EU%20UAV&title=Special:MediaSearch&type=image,,,,M30 RTK EU,Multirotor,C2 with low speed mode,,,,,,,,,1,EASA Drones for EU Operations,https://www.easa.europa.eu/en/domains/drones-air-mobility/drones-evtol-designs/drones-eu-operations/pr-40-m30-rtk-eu,Official regulatory list; manufacturer-supplied data,Medium,2026-08-02,Operations: Open / Standard
UAV-0278,,M30T EU,Germany,DJI GmbH,Civilian / Commercial,Multirotor,EASA-listed for EU operations,Not collected,https://commons.wikimedia.org/w/index.php?search=M30T%20EU%20UAV&title=Special:MediaSearch&type=image,,,,M30T RTK EU,Multirotor,C2 with low speed mode,,,,,,,,,1,EASA Drones for EU Operations,https://www.easa.europa.eu/en/domains/drones-air-mobility/drones-evtol-designs/drones-eu-operations/pr-41-m30t-rtk-eu,Official regulatory list; manufacturer-supplied data,Medium,2026-08-02,Operations: Open / Standard
UAV-0279,,Trinity F90+,Germany,Quantum-Systems,Civilian / Commercial,Commercial multirotor/fixed-wing,Listed in OpenDroneList,Not collected,https://commons.wikimedia.org/w/index.php?search=Trinity%20F90%2B%20UAV&title=Special:MediaSearch&type=image,,,,,,C3,5500,90,,,,,,,1,OpenDroneList,https://github.com/dronetag/opendronelist,Community dataset; verify against manufacturer,Medium,2026-08-02,
UAV-0280,,ABZ Innovation C10,Hungary,ABZ Innovation Kft.,Civilian / Commercial,Multirotor,EASA-listed for EU operations,Not collected,https://commons.wikimedia.org/w/index.php?search=ABZ%20Innovation%20C10%20UAV&title=Special:MediaSearch&type=image,,,,,Multirotor,C5 (STS 01),,,,,,,,,1,EASA Drones for EU Operations,https://www.easa.europa.eu/en/domains/drones-air-mobility/drones-evtol-designs/drones-eu-operations/pr-512-abz-innovation-c10,Official regulatory list; manufacturer-supplied data,Medium,2026-08-02,Operations: Open / Standard
UAV-0281,,ARIES,Italy,ANT-X,Civilian / Commercial,Commercial multirotor/fixed-wing,Listed in OpenDroneList,Not collected,https://commons.wikimedia.org/w/index.php?search=ARIES%20UAV&title=Special:MediaSearch&type=image,,,,,,none,11000,33,,,,,,,1,OpenDroneList,https://github.com/dronetag/opendronelist,Community dataset; verify against manufacturer,Medium,2026-08-02,
UAV-0282,,FireHound | FH-0,Italy,Vector Robotics Srl,Civilian / Commercial,Fixed wing,EASA-listed for EU operations,Not collected,https://commons.wikimedia.org/w/index.php?search=FireHound%20%7C%20FH-0%20UAV&title=Special:MediaSearch&type=image,,,,VRFH25A,Fixed wing,C6 (STS 02),,,,,,,,,1,EASA Drones for EU Operations,https://www.easa.europa.eu/en/domains/drones-air-mobility/drones-evtol-designs/drones-eu-operations/pr-262-vrfh25a,Official regulatory list; manufacturer-supplied data,Medium,2026-08-02,Operations: Open / Standard
UAV-0283,,Guardian,Italy,Vector Robotics Srl,Civilian / Commercial,Fixed wing,EASA-listed for EU operations,Not collected,https://commons.wikimedia.org/w/index.php?search=Guardian%20UAV&title=Special:MediaSearch&type=image,,,,VRGU25A,Fixed wing,C6 (STS 02),,,,,,,,,1,EASA Drones for EU Operations,https://www.easa.europa.eu/en/domains/drones-air-mobility/drones-evtol-designs/drones-eu-operations/pr-261-vrgu25a,Official regulatory list; manufacturer-supplied data,Medium,2026-08-02,Operations: Open / Standard
UAV-0284,,Guardian 4K,Italy,Vector Robotics Srl,Civilian / Commercial,Fixed wing,EASA-listed for EU operations,Not collected,https://commons.wikimedia.org/w/index.php?search=Guardian%204K%20UAV&title=Special:MediaSearch&type=image,,,,VRGU25B,Fixed wing,C6 (STS 02),,,,,,,,,1,EASA Drones for EU Operations,https://www.easa.europa.eu/en/domains/drones-air-mobility/drones-evtol-designs/drones-eu-operations/pr-324-vrgu25b,Official regulatory list; manufacturer-supplied data,Medium,2026-08-02,Operations: Open / Standard
UAV-0285,,ARS-S1,Japan,Sony,Civilian / Commercial,Commercial multirotor/fixed-wing,Listed in OpenDroneList,Not collected,https://commons.wikimedia.org/w/index.php?search=ARS-S1%20UAV&title=Special:MediaSearch&type=image,,,,,,none,7450,30,,,,,,,1,OpenDroneList,https://github.com/dronetag/opendronelist,Community dataset; verify against manufacturer,Medium,2026-08-02,
UAV-0286,,Antigravity A1 Infinity Bundle,Singapore,Yingling Innovations Pte. Ltd.,Civilian / Commercial,Multirotor,EASA-listed for EU operations,Not collected,https://commons.wikimedia.org/w/index.php?search=Antigravity%20A1%20Infinity%20Bundle%20UAV&title=Special:MediaSearch&type=image,,,,DE001,Multirotor,C1,,,,,,,,,1,EASA Drones for EU Operations,https://www.easa.europa.eu/en/domains/drones-air-mobility/drones-evtol-designs/drones-eu-operations/pr-538-de001,Official regulatory list; manufacturer-supplied data,Medium,2026-08-02,Operations: Open / Standard
UAV-0287,,Antigravity A1 Standard Bundle/Antigravity A1 Explorer Bundle,Singapore,Yingling Innovations Pte. Ltd.,Civilian / Commercial,Multirotor,EASA-listed for EU operations,Not collected,https://commons.wikimedia.org/w/index.php?search=Antigravity%20A1%20Standard%20Bundle/Antigravity%20A1%20Explorer%20Bundle%20UAV&title=Special:MediaSearch&type=image,,,,DE001,Multirotor,C0,,,,,,,,,1,EASA Drones for EU Operations,https://www.easa.europa.eu/en/domains/drones-air-mobility/drones-evtol-designs/drones-eu-operations/pr-546-de001,Official regulatory list; manufacturer-supplied data,Medium,2026-08-02,Operations: Open / Standard
UAV-0288,,AQUILA,South Korea,"ARGOSDYNE Co., Ltd.",Civilian / Commercial,Multirotor,EASA-listed for EU operations,Not collected,https://commons.wikimedia.org/w/index.php?search=AQUILA%20UAV&title=Special:MediaSearch&type=image,,,,AL-200F,Multirotor,C2 with low speed mode,,,,,,,,,1,EASA Drones for EU Operations,https://www.easa.europa.eu/en/domains/drones-air-mobility/drones-evtol-designs/drones-eu-operations/pr-318-al-200f,Official regulatory list; manufacturer-supplied data,Medium,2026-08-02,Operations: Open / Standard
UAV-0289,,AQUILA3,South Korea,"ARGOSDYNE Co., Ltd.",Civilian / Commercial,Multirotor,EASA-listed for EU operations,Not collected,https://commons.wikimedia.org/w/index.php?search=AQUILA3%20UAV&title=Special:MediaSearch&type=image,,,,AL-300FM,Multirotor,c3,,,,,,,,,1,EASA Drones for EU Operations,https://www.easa.europa.eu/en/domains/drones-air-mobility/drones-evtol-designs/drones-eu-operations/pr-396-al-300fm,Official regulatory list; manufacturer-supplied data,Medium,2026-08-02,Operations: Open / Standard
UAV-0290,,MARVIN-5-Mk.3-EC,Spain,FUVEX CIVIL SL,Civilian / Commercial,Multirotor,EASA-listed for EU operations,Not collected,https://commons.wikimedia.org/w/index.php?search=MARVIN-5-Mk.3-EC%20UAV&title=Special:MediaSearch&type=image,,,,,Multirotor,,,,,,,,,,1,EASA Drones for EU Operations,https://www.easa.europa.eu/en/domains/drones-air-mobility/drones-evtol-designs/drones-eu-operations/pr-457-marvin-5-mk3-ec,Official regulatory list; manufacturer-supplied data,Medium,2026-08-02,Operations: Specific
UAV-0291,,X6 Mk.2,Spain,FUVEX CIVIL SL,Civilian / Commercial,Multirotor,EASA-listed for EU operations,Not collected,https://commons.wikimedia.org/w/index.php?search=X6%20Mk.2%20UAV&title=Special:MediaSearch&type=image,,,,,Multirotor,,,,,,,,,,1,EASA Drones for EU Operations,https://www.easa.europa.eu/en/domains/drones-air-mobility/drones-evtol-designs/drones-eu-operations/pr-458-x6-mk2,Official regulatory list; manufacturer-supplied data,Medium,2026-08-02,Operations: Specific
UAV-0292,,WingtraOne,Switzerland,Wingtra,Civilian / Commercial,Commercial multirotor/fixed-wing,Listed in OpenDroneList,Not collected,https://commons.wikimedia.org/w/index.php?search=WingtraOne%20UAV&title=Special:MediaSearch&type=image,,,,,,C3,4800,59,,,,,,,1,OpenDroneList,https://github.com/dronetag/opendronelist,Community dataset; verify against manufacturer,Medium,2026-08-02,
UAV-0293,,WingtraRAY,Switzerland,WINGTRA AG,Civilian / Commercial,Fixed wing,EASA-listed for EU operations,Not collected,https://commons.wikimedia.org/w/index.php?search=WingtraRAY%20UAV&title=Special:MediaSearch&type=image,,,,,Fixed wing,"C3,C6 (STS 02)",,,,,,,,,1,EASA Drones for EU Operations,https://www.easa.europa.eu/en/domains/drones-air-mobility/drones-evtol-designs/drones-eu-operations/pr-487-wingtraray,Official regulatory list; manufacturer-supplied data,Medium,2026-08-02,Operations: Open / Standard
UAV-0294,,SENSEFLY eBee,Switzerland / United States,AgEagle,Civilian / Commercial,Commercial multirotor/fixed-wing,Listed in OpenDroneList,Not collected,https://commons.wikimedia.org/w/index.php?search=SENSEFLY%20eBee%20UAV&title=Special:MediaSearch&type=image,,,,,,C2,1600,55,,,,,,,1,OpenDroneList,https://github.com/dronetag/opendronelist,Community dataset; verify against manufacturer,Medium,2026-08-02,
UAV-0295,,Aero,United States,3D Robotics,Civilian / Commercial,Commercial multirotor/fixed-wing,Listed in OpenDroneList,Not collected,https://commons.wikimedia.org/w/index.php?search=Aero%20UAV&title=Special:MediaSearch&type=image,,,,,,none,3000,40,,,,,,,1,OpenDroneList,https://github.com/dronetag/opendronelist,Community dataset; verify against manufacturer,Medium,2026-08-02,
UAV-0296,,Aero M,United States,3D Robotics,Civilian / Commercial,Commercial multirotor/fixed-wing,Listed in OpenDroneList,Not collected,https://commons.wikimedia.org/w/index.php?search=Aero%20M%20UAV&title=Special:MediaSearch&type=image,,,,,,none,3000,40,,,,,,,1,OpenDroneList,https://github.com/dronetag/opendronelist,Community dataset; verify against manufacturer,Medium,2026-08-02,
UAV-0297,,Alias,United States,LaTrax,Civilian / Commercial,Commercial multirotor/fixed-wing,Listed in OpenDroneList,Not collected,https://commons.wikimedia.org/w/index.php?search=Alias%20UAV&title=Special:MediaSearch&type=image,,,,,,none,100,12,,,,,,,1,OpenDroneList,https://github.com/dronetag/opendronelist,Community dataset; verify against manufacturer,Medium,2026-08-02,
UAV-0298,,Alta X,United States,Freefly,Civilian / Commercial,Commercial multirotor/fixed-wing,Listed in OpenDroneList,Not collected,https://commons.wikimedia.org/w/index.php?search=Alta%20X%20UAV&title=Special:MediaSearch&type=image,,,,,,none,34860,50,,,,,,,1,OpenDroneList,https://github.com/dronetag/opendronelist,Community dataset; verify against manufacturer,Medium,2026-08-02,
UAV-0299,,Astro,United States,Freefly,Civilian / Commercial,Commercial multirotor/fixed-wing,Listed in OpenDroneList,Not collected,https://commons.wikimedia.org/w/index.php?search=Astro%20UAV&title=Special:MediaSearch&type=image,,,,,,none,6665,38,,,,,,,1,OpenDroneList,https://github.com/dronetag/opendronelist,Community dataset; verify against manufacturer,Medium,2026-08-02,
UAV-0300,,IRIS+,United States,3D Robotics,Civilian / Commercial,Commercial multirotor/fixed-wing,Listed in OpenDroneList,Not collected,https://commons.wikimedia.org/w/index.php?search=IRIS%2B%20UAV&title=Special:MediaSearch&type=image,,,,,,none,1282,20,,,,,,,1,OpenDroneList,https://github.com/dronetag/opendronelist,Community dataset; verify against manufacturer,Medium,2026-08-02,
UAV-0301,,Karma,United States,GoPro,Civilian / Commercial,Commercial multirotor/fixed-wing,Listed in OpenDroneList,Not collected,https://commons.wikimedia.org/w/index.php?search=Karma%20UAV&title=Special:MediaSearch&type=image,,,,,Rotary-wing,none,1006,20,,,,,,,2,OpenDroneList | Bard Drone Databook 2019,https://dronecenter.bard.edu/files/2019/10/CSD-Drone-Databook-Web.pdf | https://github.com/dronetag/opendronelist,Community dataset; verify against manufacturer,Medium,2026-08-02,Databook systems specification page 312.
UAV-0302,,Solo,United States,3D Robotics,Civilian / Commercial,Commercial multirotor/fixed-wing,Listed in OpenDroneList,Not collected,https://commons.wikimedia.org/w/index.php?search=Solo%20UAV&title=Special:MediaSearch&type=image,,,,,,none,1510,25,,,,,,,1,OpenDroneList,https://github.com/dronetag/opendronelist,Community dataset; verify against manufacturer,Medium,2026-08-02,
UAV-0303,,X8+,United States,3D Robotics,Civilian / Commercial,Commercial multirotor/fixed-wing,Listed in OpenDroneList,Not collected,https://commons.wikimedia.org/w/index.php?search=X8%2B%20UAV&title=Special:MediaSearch&type=image,,,,,,none,2600,15,,,,,,,1,OpenDroneList,https://github.com/dronetag/opendronelist,Community dataset; verify against manufacturer,Medium,2026-08-02,
UAV-0304,,X8-M,United States,3D Robotics,Civilian / Commercial,Commercial multirotor/fixed-wing,Listed in OpenDroneList,Not collected,https://commons.wikimedia.org/w/index.php?search=X8-M%20UAV&title=Special:MediaSearch&type=image,,,,,,none,2600,14,,,,,,,1,OpenDroneList,https://github.com/dronetag/opendronelist,Community dataset; verify against manufacturer,Medium,2026-08-02,
UAV-0305,,Aquila 2,Unknown,Codev Dynamics,Civilian / Commercial,Commercial multirotor/fixed-wing,Listed in OpenDroneList,Not collected,https://commons.wikimedia.org/w/index.php?search=Aquila%202%20UAV&title=Special:MediaSearch&type=image,,,,,,none,4000,68,,,,,,,1,OpenDroneList,https://github.com/dronetag/opendronelist,Community dataset; verify against manufacturer,Low,2026-08-02,
UAV-0306,,Aquila 3,Unknown,Codev Dynamics,Civilian / Commercial,Commercial multirotor/fixed-wing,Listed in OpenDroneList,Not collected,https://commons.wikimedia.org/w/index.php?search=Aquila%203%20UAV&title=Special:MediaSearch&type=image,,,,,,none,5850,80,,,,,,,1,OpenDroneList,https://github.com/dronetag/opendronelist,Community dataset; verify against manufacturer,Low,2026-08-02,
UAV-0307,,CUBEE,Unknown,AirWood,Civilian / Commercial,Commercial multirotor/fixed-wing,Listed in OpenDroneList,Not collected,https://commons.wikimedia.org/w/index.php?search=CUBEE%20UAV&title=Special:MediaSearch&type=image,,,,,,none,80,8,,,,,,,1,OpenDroneList,https://github.com/dronetag/opendronelist,Community dataset; verify against manufacturer,Low,2026-08-02,
UAV-0308,,Aeryon SkyRanger R70,Canada,,Dual-use,Quadrotor,Not specified,Not collected,https://commons.wikimedia.org/w/index.php?search=Aeryon%20SkyRanger%20R70%20UAV&title=Special:MediaSearch&type=image,,,,,,,,,,,,,,,1,Curated UAV Seed 2026,Internal curated seed,Curated; source review required,High,2026-08-02,ISR / public safety
UAV-0309,,Draganfly Commander 3 XL,Canada,,Dual-use,Multirotor,Not specified,Not collected,https://commons.wikimedia.org/w/index.php?search=Draganfly%20Commander%203%20XL%20UAV&title=Special:MediaSearch&type=image,,,,,,,,,,,,,,,1,Curated UAV Seed 2026,Internal curated seed,Curated; source review required,High,2026-08-02,Public safety / delivery
UAV-0310,,Autel EVO Max 4T,China,Autel,Dual-use,Enterprise multirotor,Not specified,Not collected,https://commons.wikimedia.org/w/index.php?search=Autel%20EVO%20Max%204T%20UAV&title=Special:MediaSearch&type=image,,,EVO MAX 4T,,,none,3500,42,,,,,,,2,Curated UAV Seed 2026 | OpenDroneList,Internal curated seed | https://github.com/dronetag/opendronelist,Curated; source review required,High,2026-08-02,Inspection / public safety
UAV-0311,,DJI Matrice 350 RTK,China,DJI,Dual-use,Enterprise multirotor,Not specified,Not collected,https://commons.wikimedia.org/w/index.php?search=DJI%20Matrice%20350%20RTK%20UAV&title=Special:MediaSearch&type=image,,,Matrice 350 RTK,Matrice 350,Multirotor,C3,9200,55,,,,,,,3,Curated UAV Seed 2026 | EASA Drones for EU Operations | OpenDroneList,Internal curated seed | https://github.com/dronetag/opendronelist | https://www.easa.europa.eu/en/domains/drones-air-mobility/drones-evtol-designs/drones-eu-operations/pr-42-matrice-350,Curated; source review required,High,2026-08-02,Inspection / mapping / emergency response
UAV-0312,,DJI Matrice 400,China,DJI,Dual-use,Enterprise multirotor,Not specified,Not collected,https://commons.wikimedia.org/w/index.php?search=DJI%20Matrice%20400%20UAV&title=Special:MediaSearch&type=image,,,Matrice 400,Matrice 400,Multirotor,C3 | C6 (STS 02),15800,59,,,,,,,3,Curated UAV Seed 2026 | EASA Drones for EU Operations | OpenDroneList,Internal curated seed | https://github.com/dronetag/opendronelist | https://www.easa.europa.eu/en/domains/drones-air-mobility/drones-evtol-designs/drones-eu-operations/pr-376-matrice-400,Curated; source review required,High,2026-08-02,Heavy sensor operations
UAV-0313,,DJI Mavic 3 Enterprise,China,,Dual-use,Small multirotor,Not specified,Not collected,https://commons.wikimedia.org/w/index.php?search=DJI%20Mavic%203%20Enterprise%20UAV&title=Special:MediaSearch&type=image,,,,,,,,,,,,,,,1,Curated UAV Seed 2026,Internal curated seed,Curated; source review required,High,2026-08-02,Survey / inspection / public safety
UAV-0314,,JOUAV CW-25E,China,,Dual-use,VTOL fixed-wing,Not specified,Not collected,https://commons.wikimedia.org/w/index.php?search=JOUAV%20CW-25E%20UAV&title=Special:MediaSearch&type=image,,,,,,,,,,,,,,,1,Curated UAV Seed 2026,Internal curated seed,Curated; source review required,High,2026-08-02,Survey / surveillance
UAV-0315,,Parrot Anafi AI,France,,Dual-use,Enterprise quadrotor,Not specified,Not collected,https://commons.wikimedia.org/w/index.php?search=Parrot%20Anafi%20AI%20UAV&title=Special:MediaSearch&type=image,,,,,,,,,,,,,,,1,Curated UAV Seed 2026,Internal curated seed,Curated; source review required,High,2026-08-02,Mapping / inspection
UAV-0316,,Parrot Anafi USA,France / United States,,Dual-use,Enterprise quadrotor,Not specified,Not collected,https://commons.wikimedia.org/w/index.php?search=Parrot%20Anafi%20USA%20UAV&title=Special:MediaSearch&type=image,,,,,,,,,,,,,,,1,Curated UAV Seed 2026,Internal curated seed,Curated; source review required,High,2026-08-02,Public safety / inspection
UAV-0317,,Quantum Systems Vector,Germany,,Dual-use,VTOL fixed-wing,Not specified,Not collected,https://commons.wikimedia.org/w/index.php?search=Quantum%20Systems%20Vector%20UAV&title=Special:MediaSearch&type=image,,,,,,,,,,,,,,,1,Curated UAV Seed 2026,Internal curated seed,Curated; source review required,High,2026-08-02,ISR / mapping
UAV-0318,,ideaForge NETRA V4+,India,,Dual-use,Quadrotor,Not specified,Not collected,https://commons.wikimedia.org/w/index.php?search=ideaForge%20NETRA%20V4%2B%20UAV&title=Special:MediaSearch&type=image,,,,,,,,,,,,,,,1,Curated UAV Seed 2026,Internal curated seed,Curated; source review required,High,2026-08-02,ISR / inspection
UAV-0319,,ideaForge SWITCH UAV,India,,Dual-use,VTOL fixed-wing,Not specified,Not collected,https://commons.wikimedia.org/w/index.php?search=ideaForge%20SWITCH%20UAV%20UAV&title=Special:MediaSearch&type=image,,,,,,,,,,,,,,,1,Curated UAV Seed 2026,Internal curated seed,Curated; source review required,High,2026-08-02,Mapping / surveillance
UAV-0320,,Netra V-series,India,,Dual-use,Small multirotor,Not specified,Not collected,https://commons.wikimedia.org/w/index.php?search=Netra%20V-series%20UAV&title=Special:MediaSearch&type=image,,,,,,,,,,,,,,,1,Curated UAV Seed 2026,Internal curated seed,Curated; source review required,High,2026-08-02,ISR / public safety
UAV-0321,,Orbiter family,Israel,,Dual-use,Small fixed-wing,Not specified,Not collected,https://commons.wikimedia.org/w/index.php?search=Orbiter%20family%20UAV&title=Special:MediaSearch&type=image,,,,,,,,,,,,,,,1,Curated UAV Seed 2026,Internal curated seed,Curated; source review required,High,2026-08-02,ISR / mapping
UAV-0322,,AWHero,Italy,,Dual-use,Unmanned helicopter,Not specified,Not collected,https://commons.wikimedia.org/w/index.php?search=AWHero%20UAV&title=Special:MediaSearch&type=image,,,,,,,,,,,,,,,1,Curated UAV Seed 2026,Internal curated seed,Curated; source review required,High,2026-08-02,Maritime ISR / civil missions
UAV-0323,,ACSL SOTEN,Japan,,Dual-use,Secure quadrotor,Not specified,Not collected,https://commons.wikimedia.org/w/index.php?search=ACSL%20SOTEN%20UAV&title=Special:MediaSearch&type=image,,,,,,,,,,,,,,,1,Curated UAV Seed 2026,Internal curated seed,Curated; source review required,High,2026-08-02,Inspection / public safety
UAV-0324,,FIXAR 025,Latvia,,Dual-use,VTOL fixed-wing,Not specified,Not collected,https://commons.wikimedia.org/w/index.php?search=FIXAR%20025%20UAV&title=Special:MediaSearch&type=image,,,,,,,,,,,,,,,1,Curated UAV Seed 2026,Internal curated seed,Curated; source review required,High,2026-08-02,Mapping / delivery
UAV-0325,,Alpha 900,Spain,,Dual-use,Unmanned helicopter,Not specified,Not collected,https://commons.wikimedia.org/w/index.php?search=Alpha%20900%20UAV&title=Special:MediaSearch&type=image,,,,,,,,,,,,,,,1,Curated UAV Seed 2026,Internal curated seed,Curated; source review required,High,2026-08-02,Maritime / inspection
UAV-0326,,Malloy T150/T400,United Kingdom,,Dual-use,Cargo multirotor,Not specified,Not collected,https://commons.wikimedia.org/w/index.php?search=Malloy%20T150/T400%20UAV&title=Special:MediaSearch&type=image,,,,,,,,,,,,,,,1,Curated UAV Seed 2026,Internal curated seed,Curated; source review required,High,2026-08-02,Resupply / logistics
UAV-0327,,AeroVironment Quantix Recon,United States,,Dual-use,VTOL fixed-wing,Not specified,Not collected,https://commons.wikimedia.org/w/index.php?search=AeroVironment%20Quantix%20Recon%20UAV&title=Special:MediaSearch&type=image,,,,,,,,,,,,,,,1,Curated UAV Seed 2026,Internal curated seed,Curated; source review required,High,2026-08-02,Mapping / reconnaissance
UAV-0328,,Beta ALIA,United States,,Dual-use,eVTOL/CTOL aircraft,Not specified,Not collected,https://commons.wikimedia.org/w/index.php?search=Beta%20ALIA%20UAV&title=Special:MediaSearch&type=image,,,,,,,,,,,,,,,1,Curated UAV Seed 2026,Internal curated seed,Curated; source review required,High,2026-08-02,Cargo / passenger
UAV-0329,,Elroy Air Chaparral,United States,,Dual-use,Autonomous cargo VTOL,Not specified,Not collected,https://commons.wikimedia.org/w/index.php?search=Elroy%20Air%20Chaparral%20UAV&title=Special:MediaSearch&type=image,,,,,,,,,,,,,,,1,Curated UAV Seed 2026,Internal curated seed,Curated; source review required,High,2026-08-02,Middle-mile logistics
UAV-0330,,Inspired Flight IF1200A,United States,,Dual-use,Heavy-lift multirotor,Not specified,Not collected,https://commons.wikimedia.org/w/index.php?search=Inspired%20Flight%20IF1200A%20UAV&title=Special:MediaSearch&type=image,,,,,,,,,,,,,,,1,Curated UAV Seed 2026,Internal curated seed,Curated; source review required,High,2026-08-02,Mapping / public safety
UAV-0331,,Puma AE,United States,,Dual-use,Small hand-launched fixed-wing,Not specified,Not collected,https://commons.wikimedia.org/w/index.php?search=Puma%20AE%20UAV&title=Special:MediaSearch&type=image,,,,,,,,,,,,,,,1,Curated UAV Seed 2026,Internal curated seed,Curated; source review required,High,2026-08-02,ISR / mapping
UAV-0332,,ScanEagle,United States,Insitu,Dual-use,Small fixed-wing,Not specified,Not collected,https://commons.wikimedia.org/w/index.php?search=ScanEagle%20UAV&title=Special:MediaSearch&type=image,,,,,Fixed-wing,Group I,26.5,,18,,150,5,3.11,1.71,2,Curated UAV Seed 2026 | Bard Drone Databook 2019,Internal curated seed | https://dronecenter.bard.edu/files/2019/10/CSD-Drone-Databook-Web.pdf,Curated; source review required,High,2026-08-02,ISR / maritime surveillance
UAV-0333,,Skydio X10,United States,,Dual-use,Autonomous quadrotor,Not specified,Not collected,https://commons.wikimedia.org/w/index.php?search=Skydio%20X10%20UAV&title=Special:MediaSearch&type=image,,,,,,,,,,,,,,,1,Curated UAV Seed 2026,Internal curated seed,Curated; source review required,High,2026-08-02,Inspection / public safety
UAV-0334,,Skydio X2D,United States,,Dual-use,Autonomous quadrotor,Not specified,Not collected,https://commons.wikimedia.org/w/index.php?search=Skydio%20X2D%20UAV&title=Special:MediaSearch&type=image,,,,,,,,,,,,,,,1,Curated UAV Seed 2026,Internal curated seed,Curated; source review required,High,2026-08-02,Defense / public safety
UAV-0335,,AgEagle eBee VISION,United States / Switzerland,,Dual-use,Fixed-wing ISR UAV,Not specified,Not collected,https://commons.wikimedia.org/w/index.php?search=AgEagle%20eBee%20VISION%20UAV&title=Special:MediaSearch&type=image,,,,,,,,,,,,,,,1,Curated UAV Seed 2026,Internal curated seed,Curated; source review required,High,2026-08-02,Reconnaissance / mapping
UAV-0336,,ASN-209 / Silver Eagle,China,,Military / Government,Tactical fixed-wing,Not specified,Not collected,https://commons.wikimedia.org/w/index.php?search=ASN-209%20/%20Silver%20Eagle%20UAV&title=Special:MediaSearch&type=image,,,,,,,,,,,,,,,1,Curated UAV Seed 2026,Internal curated seed,Curated; source review required,High,2026-08-02,ISR
UAV-0337,,CH-4,China,CASC,Military / Government,MALE fixed-wing,Not specified,Not collected,https://commons.wikimedia.org/w/index.php?search=CH-4%20UAV&title=Special:MediaSearch&type=image,,,,,Fixed-wing,Group III,1330,,40,3500,180,345,18,8.5,2,Curated UAV Seed 2026 | Bard Drone Databook 2019,Internal curated seed | https://dronecenter.bard.edu/files/2019/10/CSD-Drone-Databook-Web.pdf,Curated; source review required,High,2026-08-02,ISR / strike
UAV-0338,,CH-5,China,CASC,Military / Government,Heavy MALE,Not specified,Not collected,https://commons.wikimedia.org/w/index.php?search=CH-5%20UAV&title=Special:MediaSearch&type=image,,,,,Fixed-wing,Group III,,,48,250-2000,,,21,11,2,Curated UAV Seed 2026 | Bard Drone Databook 2019,Internal curated seed | https://dronecenter.bard.edu/files/2019/10/CSD-Drone-Databook-Web.pdf,Curated; source review required,High,2026-08-02,Long-endurance ISR / strike
UAV-0339,,GJ-11 Sharp Sword,China,,Military / Government,Flying-wing UCAV,Not specified,Not collected,https://commons.wikimedia.org/w/index.php?search=GJ-11%20Sharp%20Sword%20UAV&title=Special:MediaSearch&type=image,,,,,,,,,,,,,,,1,Curated UAV Seed 2026,Internal curated seed,Curated; source review required,High,2026-08-02,Low-observable strike
UAV-0340,,TB-001 Twin-Tailed Scorpion,China,,Military / Government,Twin-engine MALE,Not specified,Not collected,https://commons.wikimedia.org/w/index.php?search=TB-001%20Twin-Tailed%20Scorpion%20UAV&title=Special:MediaSearch&type=image,,,,,,,,,,,,,,,1,Curated UAV Seed 2026,Internal curated seed,Curated; source review required,High,2026-08-02,ISR / strike
UAV-0341,,Wing Loong I,China,AVIC,Military / Government,MALE fixed-wing,Not specified,Not collected,https://commons.wikimedia.org/w/index.php?search=Wing%20Loong%20I%20UAV&title=Special:MediaSearch&type=image,,,,,Fixed-wing,Group III,1150,,20,200,280,200,14,9,2,Curated UAV Seed 2026 | Bard Drone Databook 2019,Internal curated seed | https://dronecenter.bard.edu/files/2019/10/CSD-Drone-Databook-Web.pdf,Curated; source review required,High,2026-08-02,ISR / strike
UAV-0342,,Wing Loong II,China,AVIC,Military / Government,MALE fixed-wing,Not specified,Not collected,https://commons.wikimedia.org/w/index.php?search=Wing%20Loong%20II%20UAV&title=Special:MediaSearch&type=image,,,,,Fixed-wing,Group III,4200,,20,,370,480,20.5,11,2,Curated UAV Seed 2026 | Bard Drone Databook 2019,Internal curated seed | https://dronecenter.bard.edu/files/2019/10/CSD-Drone-Databook-Web.pdf,Curated; source review required,High,2026-08-02,ISR / strike
UAV-0343,,WZ-7 Soaring Dragon,China,,Military / Government,HALE fixed-wing,Not specified,Not collected,https://commons.wikimedia.org/w/index.php?search=WZ-7%20Soaring%20Dragon%20UAV&title=Special:MediaSearch&type=image,,,,,,,,,,,,,,,1,Curated UAV Seed 2026,Internal curated seed,Curated; source review required,High,2026-08-02,Strategic ISR
UAV-0344,,WZ-8,China,,Military / Government,High-speed reconnaissance UAV,Not specified,Not collected,https://commons.wikimedia.org/w/index.php?search=WZ-8%20UAV&title=Special:MediaSearch&type=image,,,,,,,,,,,,,,,1,Curated UAV Seed 2026,Internal curated seed,Curated; source review required,High,2026-08-02,Strategic ISR
UAV-0345,,Eurodrone,European consortium,,Military / Government,Twin-engine MALE,Not specified,Not collected,https://commons.wikimedia.org/w/index.php?search=Eurodrone%20UAV&title=Special:MediaSearch&type=image,,,,,,,,,,,,,,,1,Curated UAV Seed 2026,Internal curated seed,Curated; source review required,High,2026-08-02,ISR / strike development
UAV-0346,,nEUROn,European consortium,,Military / Government,Flying-wing UCAV demonstrator,Not specified,Not collected,https://commons.wikimedia.org/w/index.php?search=nEUROn%20UAV&title=Special:MediaSearch&type=image,,,,,,,,,,,,,,,1,Curated UAV Seed 2026,Internal curated seed,Curated; source review required,High,2026-08-02,Low-observable technology
UAV-0347,,Aarok,France,,Military / Government,Heavy MALE,Not specified,Not collected,https://commons.wikimedia.org/w/index.php?search=Aarok%20UAV&title=Special:MediaSearch&type=image,,,,,,,,,,,,,,,1,Curated UAV Seed 2026,Internal curated seed,Curated; source review required,High,2026-08-02,ISR / strike development
UAV-0348,,Aliaca,France,,Military / Government,Mini fixed-wing,Not specified,Not collected,https://commons.wikimedia.org/w/index.php?search=Aliaca%20UAV&title=Special:MediaSearch&type=image,,,,,,,,,,,,,,,1,Curated UAV Seed 2026,Internal curated seed,Curated; source review required,High,2026-08-02,Naval ISR
UAV-0349,,Patroller,France,Sagem,Military / Government,MALE fixed-wing,Not specified,Not collected,https://commons.wikimedia.org/w/index.php?search=Patroller%20UAV&title=Special:MediaSearch&type=image,,,,,Fixed-wing,Group III,660,,20,180,200,250,18,8.5,2,Curated UAV Seed 2026 | Bard Drone Databook 2019,Internal curated seed | https://dronecenter.bard.edu/files/2019/10/CSD-Drone-Databook-Web.pdf,Curated; source review required,High,2026-08-02,ISR
UAV-0350,,Luna NG,Germany,EMT,Military / Government,Tactical fixed-wing,Not specified,Not collected,https://commons.wikimedia.org/w/index.php?search=Luna%20NG%20UAV&title=Special:MediaSearch&type=image,,,LUNA NG,,Fixed-wing,Group I,110,,12,100,90,,5.3,3,2,Curated UAV Seed 2026 | Bard Drone Databook 2019,Internal curated seed | https://dronecenter.bard.edu/files/2019/10/CSD-Drone-Databook-Web.pdf,Curated; source review required,High,2026-08-02,ISR
UAV-0351,,Archer-NG,India,,Military / Government,MALE fixed-wing,Not specified,Not collected,https://commons.wikimedia.org/w/index.php?search=Archer-NG%20UAV&title=Special:MediaSearch&type=image,,,,,,,,,,,,,,,1,Curated UAV Seed 2026,Internal curated seed,Curated; source review required,High,2026-08-02,ISR / strike development
UAV-0352,,Ghatak / SWiFT demonstrator,India,,Military / Government,Flying-wing UCAV demonstrator,Not specified,Not collected,https://commons.wikimedia.org/w/index.php?search=Ghatak%20/%20SWiFT%20demonstrator%20UAV&title=Special:MediaSearch&type=image,,,,,,,,,,,,,,,1,Curated UAV Seed 2026,Internal curated seed,Curated; source review required,High,2026-08-02,Technology development
UAV-0353,,NewSpace BEL VUAV concepts,India,,Military / Government,Swarm / tactical UAS,Not specified,Not collected,https://commons.wikimedia.org/w/index.php?search=NewSpace%20BEL%20VUAV%20concepts%20UAV&title=Special:MediaSearch&type=image,,,,,,,,,,,,,,,1,Curated UAV Seed 2026,Internal curated seed,Curated; source review required,High,2026-08-02,Collaborative missions
UAV-0354,,Nishant,India,,Military / Government,Tactical fixed-wing,Not specified,Not collected,https://commons.wikimedia.org/w/index.php?search=Nishant%20UAV&title=Special:MediaSearch&type=image,,,,,,,,,,,,,,,1,Curated UAV Seed 2026,Internal curated seed,Curated; source review required,High,2026-08-02,ISR
UAV-0355,,Rustom-II / TAPAS BH-201,India,,Military / Government,MALE fixed-wing,Not specified,Not collected,https://commons.wikimedia.org/w/index.php?search=Rustom-II%20/%20TAPAS%20BH-201%20UAV&title=Special:MediaSearch&type=image,,,,,,,,,,,,,,,1,Curated UAV Seed 2026,Internal curated seed,Curated; source review required,High,2026-08-02,ISR development
UAV-0356,,Ababil family,Iran,,Military / Government,Tactical fixed-wing,Not specified,Not collected,https://commons.wikimedia.org/w/index.php?search=Ababil%20family%20UAV&title=Special:MediaSearch&type=image,,,,,,,,,,,,,,,1,Curated UAV Seed 2026,Internal curated seed,Curated; source review required,High,2026-08-02,ISR / strike variants
UAV-0357,,Karrar,Iran,,Military / Government,Jet target/strike UAV,Not specified,Not collected,https://commons.wikimedia.org/w/index.php?search=Karrar%20UAV&title=Special:MediaSearch&type=image,,,,,,,,,,,,,,,1,Curated UAV Seed 2026,Internal curated seed,Curated; source review required,High,2026-08-02,Strike / target drone
UAV-0358,,Mohajer-6,Iran,Qods Aviation,Military / Government,Tactical/MALE fixed-wing,Not specified,Not collected,https://commons.wikimedia.org/w/index.php?search=Mohajer-6%20UAV&title=Special:MediaSearch&type=image,,,,,Fixed-wing,Group II,600,,12,200,200,,10,5.7,2,Curated UAV Seed 2026 | Bard Drone Databook 2019,Internal curated seed | https://dronecenter.bard.edu/files/2019/10/CSD-Drone-Databook-Web.pdf,Curated; source review required,High,2026-08-02,ISR / strike
UAV-0359,,Shahed-129,Iran,HESA,Military / Government,MALE fixed-wing,Not specified,Not collected,https://commons.wikimedia.org/w/index.php?search=Shahed-129%20UAV&title=Special:MediaSearch&type=image,,,,,Fixed-wing,Group III,,,24,1700,,,15,7,2,Curated UAV Seed 2026 | Bard Drone Databook 2019,Internal curated seed | https://dronecenter.bard.edu/files/2019/10/CSD-Drone-Databook-Web.pdf,Curated; source review required,High,2026-08-02,ISR / strike
UAV-0360,,Shahed-131,Iran,,Military / Government,One-way attack UAV,Not specified,Not collected,https://commons.wikimedia.org/w/index.php?search=Shahed-131%20UAV&title=Special:MediaSearch&type=image,,,,,,,,,,,,,,,1,Curated UAV Seed 2026,Internal curated seed,Curated; source review required,High,2026-08-02,Long-range strike
UAV-0361,,Shahed-136,Iran,,Military / Government,One-way attack UAV,Not specified,Not collected,https://commons.wikimedia.org/w/index.php?search=Shahed-136%20UAV&title=Special:MediaSearch&type=image,,,,,,,,,,,,,,,1,Curated UAV Seed 2026,Internal curated seed,Curated; source review required,High,2026-08-02,Long-range strike
UAV-0362,,Shahed-238,Iran,,Military / Government,Jet-powered one-way attack UAV,Not specified,Not collected,https://commons.wikimedia.org/w/index.php?search=Shahed-238%20UAV&title=Special:MediaSearch&type=image,,,,,,,,,,,,,,,1,Curated UAV Seed 2026,Internal curated seed,Curated; source review required,High,2026-08-02,High-speed strike
UAV-0363,,Geran-2 / Shahed-136 derivative,Iran / Russia,,Military / Government,One-way attack UAV,Not specified,Not collected,https://commons.wikimedia.org/w/index.php?search=Geran-2%20/%20Shahed-136%20derivative%20UAV&title=Special:MediaSearch&type=image,,,,,,,,,,,,,,,1,Curated UAV Seed 2026,Internal curated seed,Curated; source review required,High,2026-08-02,Long-range strike
UAV-0364,,Harop,Israel,IAI,Military / Government,Loitering munition,Not specified,Not collected,https://commons.wikimedia.org/w/index.php?search=Harop%20UAV&title=Special:MediaSearch&type=image,,,,,Fixed-wing,Group I,,,9,200,416,16,,,2,Curated UAV Seed 2026 | Bard Drone Databook 2019,Internal curated seed | https://dronecenter.bard.edu/files/2019/10/CSD-Drone-Databook-Web.pdf,Curated; source review required,High,2026-08-02,SEAD / precision strike
UAV-0365,,Harpy,Israel,IAI,Military / Government,Loitering munition,Not specified,Not collected,https://commons.wikimedia.org/w/index.php?search=Harpy%20UAV&title=Special:MediaSearch&type=image,,,,,Fixed-wing,Group I,135,,,500,185,32,3,2.5,2,Curated UAV Seed 2026 | Bard Drone Databook 2019,Internal curated seed | https://dronecenter.bard.edu/files/2019/10/CSD-Drone-Databook-Web.pdf,Curated; source review required,High,2026-08-02,Anti-radiation
UAV-0366,,Hermes 450,Israel,Elbit Systems,Military / Government,Tactical/MALE fixed-wing,Not specified,Not collected,https://commons.wikimedia.org/w/index.php?search=Hermes%20450%20UAV&title=Special:MediaSearch&type=image,,,,,Fixed-wing,Group II,550,,17,,,180,10.5,6.1,2,Curated UAV Seed 2026 | Bard Drone Databook 2019,Internal curated seed | https://dronecenter.bard.edu/files/2019/10/CSD-Drone-Databook-Web.pdf,Curated; source review required,High,2026-08-02,ISR
UAV-0367,,Hermes 900,Israel,Elbit Systems,Military / Government,MALE fixed-wing,Not specified,Not collected,https://commons.wikimedia.org/w/index.php?search=Hermes%20900%20UAV&title=Special:MediaSearch&type=image,,,,,Fixed-wing,Group III,1180,,36,,222,350,15,9.1,2,Curated UAV Seed 2026 | Bard Drone Databook 2019,Internal curated seed | https://dronecenter.bard.edu/files/2019/10/CSD-Drone-Databook-Web.pdf,Curated; source review required,High,2026-08-02,ISR / maritime
UAV-0368,,Heron 1,Israel,,Military / Government,MALE fixed-wing,Not specified,Not collected,https://commons.wikimedia.org/w/index.php?search=Heron%201%20UAV&title=Special:MediaSearch&type=image,,,,,,,,,,,,,,,1,Curated UAV Seed 2026,Internal curated seed,Curated; source review required,High,2026-08-02,ISR
UAV-0369,,Heron TP / Eitan,Israel,,Military / Government,HALE/MALE fixed-wing,Not specified,Not collected,https://commons.wikimedia.org/w/index.php?search=Heron%20TP%20/%20Eitan%20UAV&title=Special:MediaSearch&type=image,,,,,,,,,,,,,,,1,Curated UAV Seed 2026,Internal curated seed,Curated; source review required,High,2026-08-02,Strategic ISR / strike capable
UAV-0370,,Searcher Mk II,Israel,,Military / Government,Tactical fixed-wing,Not specified,Not collected,https://commons.wikimedia.org/w/index.php?search=Searcher%20Mk%20II%20UAV&title=Special:MediaSearch&type=image,,,,,,,,,,,,,,,1,Curated UAV Seed 2026,Internal curated seed,Curated; source review required,High,2026-08-02,ISR
UAV-0371,,SkyStriker,Israel,,Military / Government,Loitering munition,Not specified,Not collected,https://commons.wikimedia.org/w/index.php?search=SkyStriker%20UAV&title=Special:MediaSearch&type=image,,,,,,,,,,,,,,,1,Curated UAV Seed 2026,Internal curated seed,Curated; source review required,High,2026-08-02,Precision strike
UAV-0372,,Falco EVO,Italy,,Military / Government,MALE fixed-wing,Not specified,Not collected,https://commons.wikimedia.org/w/index.php?search=Falco%20EVO%20UAV&title=Special:MediaSearch&type=image,,,,,,,,,,,,,,,1,Curated UAV Seed 2026,Internal curated seed,Curated; source review required,High,2026-08-02,ISR
UAV-0373,,Falco Xplorer,Italy,,Military / Government,MALE fixed-wing,Not specified,Not collected,https://commons.wikimedia.org/w/index.php?search=Falco%20Xplorer%20UAV&title=Special:MediaSearch&type=image,,,,,,,,,,,,,,,1,Curated UAV Seed 2026,Internal curated seed,Curated; source review required,High,2026-08-02,Persistent ISR
UAV-0374,,FlyEye,Poland,WB Electronics,Military / Government,Mini fixed-wing,Not specified,Not collected,https://commons.wikimedia.org/w/index.php?search=FlyEye%20UAV&title=Special:MediaSearch&type=image,,,,,Fixed-wing,Group I,11,,2.5,30,120,4,3.6,1.9,2,Curated UAV Seed 2026 | Bard Drone Databook 2019,Internal curated seed | https://dronecenter.bard.edu/files/2019/10/CSD-Drone-Databook-Web.pdf,Curated; source review required,High,2026-08-02,Source country values: Peru | Poland | ISR
UAV-0375,,Gladius system,Poland,,Military / Government,Loitering munition system,Not specified,Not collected,https://commons.wikimedia.org/w/index.php?search=Gladius%20system%20UAV&title=Special:MediaSearch&type=image,,,,,,,,,,,,,,,1,Curated UAV Seed 2026,Internal curated seed,Curated; source review required,High,2026-08-02,Recon-strike
UAV-0376,,Warmate,Poland,WB Electronics,Military / Government,Loitering munition,Not specified,Not collected,https://commons.wikimedia.org/w/index.php?search=Warmate%20UAV&title=Special:MediaSearch&type=image,,,,,Fixed-wing,Group I,4,,0.8,10,,,1.4,1.1,2,Curated UAV Seed 2026 | Bard Drone Databook 2019,Internal curated seed | https://dronecenter.bard.edu/files/2019/10/CSD-Drone-Databook-Web.pdf,Curated; source review required,High,2026-08-02,Source country values: Peru | Poland | Tactical strike
UAV-0377,,Forpost-R,Russia,,Military / Government,Tactical/MALE fixed-wing,Not specified,Not collected,https://commons.wikimedia.org/w/index.php?search=Forpost-R%20UAV&title=Special:MediaSearch&type=image,,,,,,,,,,,,,,,1,Curated UAV Seed 2026,Internal curated seed,Curated; source review required,High,2026-08-02,ISR / strike
UAV-0378,,Kub-BLA,Russia,,Military / Government,Loitering munition,Not specified,Not collected,https://commons.wikimedia.org/w/index.php?search=Kub-BLA%20UAV&title=Special:MediaSearch&type=image,,,,,,,,,,,,,,,1,Curated UAV Seed 2026,Internal curated seed,Curated; source review required,High,2026-08-02,Tactical strike
UAV-0379,,Orion / Inokhodets,Russia,,Military / Government,MALE fixed-wing,Not specified,Not collected,https://commons.wikimedia.org/w/index.php?search=Orion%20/%20Inokhodets%20UAV&title=Special:MediaSearch&type=image,,,,,,,,,,,,,,,1,Curated UAV Seed 2026,Internal curated seed,Curated; source review required,High,2026-08-02,ISR / strike
UAV-0380,,Orlan-10,Russia,Special Technol- ogy Center,Military / Government,Small fixed-wing,Not specified,Not collected,https://commons.wikimedia.org/w/index.php?search=Orlan-10%20UAV&title=Special:MediaSearch&type=image,,,,,Fixed-wing,Group I,16.5,,18,120-600,150,,3.1,2,2,Curated UAV Seed 2026 | Bard Drone Databook 2019,Internal curated seed | https://dronecenter.bard.edu/files/2019/10/CSD-Drone-Databook-Web.pdf,Curated; source review required,High,2026-08-02,Artillery spotting / ISR
UAV-0381,,Orlan-30,Russia,,Military / Government,Small fixed-wing,Not specified,Not collected,https://commons.wikimedia.org/w/index.php?search=Orlan-30%20UAV&title=Special:MediaSearch&type=image,,,,,,,,,,,,,,,1,Curated UAV Seed 2026,Internal curated seed,Curated; source review required,High,2026-08-02,ISR / laser designation
UAV-0382,,S-70 Okhotnik-B,Russia,,Military / Government,Heavy flying-wing UCAV,Not specified,Not collected,https://commons.wikimedia.org/w/index.php?search=S-70%20Okhotnik-B%20UAV&title=Special:MediaSearch&type=image,,,,,,,,,,,,,,,1,Curated UAV Seed 2026,Internal curated seed,Curated; source review required,High,2026-08-02,Collaborative / strike
UAV-0383,,ZALA Lancet,Russia,,Military / Government,Loitering munition,Not specified,Not collected,https://commons.wikimedia.org/w/index.php?search=ZALA%20Lancet%20UAV&title=Special:MediaSearch&type=image,,,,,,,,,,,,,,,1,Curated UAV Seed 2026,Internal curated seed,Curated; source review required,High,2026-08-02,Precision strike
UAV-0384,,Saqr-1,Saudi Arabia,KACST,Military / Government,MALE fixed-wing,Not specified,Not collected,https://commons.wikimedia.org/w/index.php?search=Saqr-1%20UAV&title=Special:MediaSearch&type=image,,,,,Fixed-wing,Group III,1400,,24,2500,,250,18,9.2,2,Curated UAV Seed 2026 | Bard Drone Databook 2019,Internal curated seed | https://dronecenter.bard.edu/files/2019/10/CSD-Drone-Databook-Web.pdf,Curated; source review required,High,2026-08-02,ISR / strike
UAV-0385,,Milkor 380,South Africa,,Military / Government,MALE fixed-wing,Not specified,Not collected,https://commons.wikimedia.org/w/index.php?search=Milkor%20380%20UAV&title=Special:MediaSearch&type=image,,,,,,,,,,,,,,,1,Curated UAV Seed 2026,Internal curated seed,Curated; source review required,High,2026-08-02,ISR / strike
UAV-0386,,Seeker 400,South Africa,Denel Dynamics,Military / Government,Tactical/MALE fixed-wing,Not specified,Not collected,https://commons.wikimedia.org/w/index.php?search=Seeker%20400%20UAV&title=Special:MediaSearch&type=image,,,,,Fixed-wing,Group II,450,,16,250,222,100,10,5.8,2,Curated UAV Seed 2026 | Bard Drone Databook 2019,Internal curated seed | https://dronecenter.bard.edu/files/2019/10/CSD-Drone-Databook-Web.pdf,Curated; source review required,High,2026-08-02,ISR
UAV-0387,,KUS-FC,South Korea,,Military / Government,Low-observable UCAV concept,Not specified,Not collected,https://commons.wikimedia.org/w/index.php?search=KUS-FC%20UAV&title=Special:MediaSearch&type=image,,,,,,,,,,,,,,,1,Curated UAV Seed 2026,Internal curated seed,Curated; source review required,High,2026-08-02,Collaborative combat
UAV-0388,,KUS-FS,South Korea,,Military / Government,MALE fixed-wing,Not specified,Not collected,https://commons.wikimedia.org/w/index.php?search=KUS-FS%20UAV&title=Special:MediaSearch&type=image,,,,,,,,,,,,,,,1,Curated UAV Seed 2026,Internal curated seed,Curated; source review required,High,2026-08-02,ISR development
UAV-0389,,KUS-VH,South Korea,,Military / Government,Unmanned helicopter,Not specified,Not collected,https://commons.wikimedia.org/w/index.php?search=KUS-VH%20UAV&title=Special:MediaSearch&type=image,,,,,,,,,,,,,,,1,Curated UAV Seed 2026,Internal curated seed,Curated; source review required,High,2026-08-02,Maritime / tactical ISR
UAV-0390,,RQ-101 Songgolmae,South Korea,,Military / Government,Tactical fixed-wing,Not specified,Not collected,https://commons.wikimedia.org/w/index.php?search=RQ-101%20Songgolmae%20UAV&title=Special:MediaSearch&type=image,,,,,,,,,,,,,,,1,Curated UAV Seed 2026,Internal curated seed,Curated; source review required,High,2026-08-02,ISR
UAV-0391,,SIRTAP,Spain / Colombia,,Military / Government,Tactical MALE,Not specified,Not collected,https://commons.wikimedia.org/w/index.php?search=SIRTAP%20UAV&title=Special:MediaSearch&type=image,,,,,,,,,,,,,,,1,Curated UAV Seed 2026,Internal curated seed,Curated; source review required,High,2026-08-02,ISR development
UAV-0392,,Karayel,Turkiye / Saudi Arabia,Vestel Defence,Military / Government,Tactical MALE,Not specified,Not collected,https://commons.wikimedia.org/w/index.php?search=Karayel%20UAV&title=Special:MediaSearch&type=image,,,,,Fixed-wing,Group II,550,,20,200,,190,10.5,6.5,2,Curated UAV Seed 2026 | Bard Drone Databook 2019,Internal curated seed | https://dronecenter.bard.edu/files/2019/10/CSD-Drone-Databook-Web.pdf,Curated; source review required,High,2026-08-02,Source country values: Turkiye / Saudi Arabia | Türkiye | ISR / strike
UAV-0393,,Bayraktar Akinci,Türkiye,,Military / Government,Heavy HALE/MALE UCAV,Not specified,Not collected,https://commons.wikimedia.org/w/index.php?search=Bayraktar%20Akinci%20UAV&title=Special:MediaSearch&type=image,,,,,,,,,,,,,,,1,Curated UAV Seed 2026,Internal curated seed,Curated; source review required,High,2026-08-02,ISR / heavy strike
UAV-0394,,Bayraktar Kizilelma,Türkiye,,Military / Government,Jet UCAV,Not specified,Not collected,https://commons.wikimedia.org/w/index.php?search=Bayraktar%20Kizilelma%20UAV&title=Special:MediaSearch&type=image,,,,,,,,,,,,,,,1,Curated UAV Seed 2026,Internal curated seed,Curated; source review required,High,2026-08-02,Collaborative / strike
UAV-0395,,Bayraktar TB2,Türkiye,Baykar Makina,Military / Government,MALE fixed-wing,Not specified,Not collected,https://commons.wikimedia.org/w/index.php?search=Bayraktar%20TB2%20UAV&title=Special:MediaSearch&type=image,,,Bayraktar-TB2,,Fixed-wing,Group III,630,,20,150,130,55,12,6.5,2,Curated UAV Seed 2026 | Bard Drone Databook 2019,Internal curated seed | https://dronecenter.bard.edu/files/2019/10/CSD-Drone-Databook-Web.pdf,Curated; source review required,High,2026-08-02,ISR / precision strike
UAV-0396,,Bayraktar TB3,Türkiye,,Military / Government,Ship-capable MALE,Not specified,Not collected,https://commons.wikimedia.org/w/index.php?search=Bayraktar%20TB3%20UAV&title=Special:MediaSearch&type=image,,,,,,,,,,,,,,,1,Curated UAV Seed 2026,Internal curated seed,Curated; source review required,High,2026-08-02,Naval ISR / strike
UAV-0397,,STM Alpagu,Türkiye,,Military / Government,Fixed-wing loitering munition,Not specified,Not collected,https://commons.wikimedia.org/w/index.php?search=STM%20Alpagu%20UAV&title=Special:MediaSearch&type=image,,,,,,,,,,,,,,,1,Curated UAV Seed 2026,Internal curated seed,Curated; source review required,High,2026-08-02,Tactical strike
UAV-0398,,STM Kargu,Türkiye,,Military / Government,Rotary-wing loitering munition,Not specified,Not collected,https://commons.wikimedia.org/w/index.php?search=STM%20Kargu%20UAV&title=Special:MediaSearch&type=image,,,,,,,,,,,,,,,1,Curated UAV Seed 2026,Internal curated seed,Curated; source review required,High,2026-08-02,Tactical strike
UAV-0399,,TAI Aksungur,Türkiye,,Military / Government,Twin-engine MALE,Not specified,Not collected,https://commons.wikimedia.org/w/index.php?search=TAI%20Aksungur%20UAV&title=Special:MediaSearch&type=image,,,,,,,,,,,,,,,1,Curated UAV Seed 2026,Internal curated seed,Curated; source review required,High,2026-08-02,ISR / strike / maritime
UAV-0400,,TAI Anka,Türkiye,,Military / Government,MALE fixed-wing,Not specified,Not collected,https://commons.wikimedia.org/w/index.php?search=TAI%20Anka%20UAV&title=Special:MediaSearch&type=image,,,,,,,,,,,,,,,1,Curated UAV Seed 2026,Internal curated seed,Curated; source review required,High,2026-08-02,ISR / strike
UAV-0401,,TAI Anka-3,Türkiye,,Military / Government,Flying-wing UCAV,Not specified,Not collected,https://commons.wikimedia.org/w/index.php?search=TAI%20Anka-3%20UAV&title=Special:MediaSearch&type=image,,,,,,,,,,,,,,,1,Curated UAV Seed 2026,Internal curated seed,Curated; source review required,High,2026-08-02,Low-observable strike
UAV-0402,,AQ-400 Scythe,Ukraine,,Military / Government,One-way attack UAV,Not specified,Not collected,https://commons.wikimedia.org/w/index.php?search=AQ-400%20Scythe%20UAV&title=Special:MediaSearch&type=image,,,,,,,,,,,,,,,1,Curated UAV Seed 2026,Internal curated seed,Curated; source review required,High,2026-08-02,Long-range strike
UAV-0403,,Bober,Ukraine,,Military / Government,One-way attack UAV,Not specified,Not collected,https://commons.wikimedia.org/w/index.php?search=Bober%20UAV&title=Special:MediaSearch&type=image,,,,,,,,,,,,,,,1,Curated UAV Seed 2026,Internal curated seed,Curated; source review required,High,2026-08-02,Long-range strike
UAV-0404,,Leleka-100,Ukraine,DeViro,Military / Government,Small fixed-wing,Not specified,Not collected,https://commons.wikimedia.org/w/index.php?search=Leleka-100%20UAV&title=Special:MediaSearch&type=image,,,,,Fixed-wing,Group I,5.5,,2.25,50,120,,1.98,1.1,2,Curated UAV Seed 2026 | Bard Drone Databook 2019,Internal curated seed | https://dronecenter.bard.edu/files/2019/10/CSD-Drone-Databook-Web.pdf,Curated; source review required,High,2026-08-02,ISR / artillery spotting
UAV-0405,,Magura V5,Ukraine,,Military / Government,Uncrewed surface vessel,Not specified,Not collected,https://commons.wikimedia.org/w/index.php?search=Magura%20V5%20UAV&title=Special:MediaSearch&type=image,,,,,,,,,,,,,,,1,Curated UAV Seed 2026,Internal curated seed,Curated; source review required,High,2026-08-02,Maritime strike (included as adjacent unmanned system)
UAV-0406,,PD-2,Ukraine,,Military / Government,VTOL fixed-wing,Not specified,Not collected,https://commons.wikimedia.org/w/index.php?search=PD-2%20UAV&title=Special:MediaSearch&type=image,,,,,,,,,,,,,,,1,Curated UAV Seed 2026,Internal curated seed,Curated; source review required,High,2026-08-02,ISR / targeting
UAV-0407,,Shark,Ukraine,,Military / Government,Small fixed-wing,Not specified,Not collected,https://commons.wikimedia.org/w/index.php?search=Shark%20UAV&title=Special:MediaSearch&type=image,,,,,,,,,,,,,,,1,Curated UAV Seed 2026,Internal curated seed,Curated; source review required,High,2026-08-02,ISR / targeting
UAV-0408,,UJ-22 Airborne,Ukraine,,Military / Government,Long-range fixed-wing,Not specified,Not collected,https://commons.wikimedia.org/w/index.php?search=UJ-22%20Airborne%20UAV&title=Special:MediaSearch&type=image,,,,,,,,,,,,,,,1,Curated UAV Seed 2026,Internal curated seed,Curated; source review required,High,2026-08-02,Strike / ISR
UAV-0409,,QX-4 / QX-5 families,United Arab Emirates,,Military / Government,Loitering / tactical UAS,Not specified,Not collected,https://commons.wikimedia.org/w/index.php?search=QX-4%20/%20QX-5%20families%20UAV&title=Special:MediaSearch&type=image,,,,,,,,,,,,,,,1,Curated UAV Seed 2026,Internal curated seed,Curated; source review required,High,2026-08-02,Strike / ISR
UAV-0410,,Yabhon United 40,United Arab Emirates,,Military / Government,MALE fixed-wing,Not specified,Not collected,https://commons.wikimedia.org/w/index.php?search=Yabhon%20United%2040%20UAV&title=Special:MediaSearch&type=image,,,,,,,,,,,,,,,1,Curated UAV Seed 2026,Internal curated seed,Curated; source review required,High,2026-08-02,ISR / strike
UAV-0411,,Protector RG Mk1,United Kingdom,,Military / Government,MQ-9B MALE,Not specified,Not collected,https://commons.wikimedia.org/w/index.php?search=Protector%20RG%20Mk1%20UAV&title=Special:MediaSearch&type=image,,,,,,,,,,,,,,,1,Curated UAV Seed 2026,Internal curated seed,Curated; source review required,High,2026-08-02,ISR / strike
UAV-0412,,Taranis demonstrator,United Kingdom,,Military / Government,Flying-wing UCAV demonstrator,Not specified,Not collected,https://commons.wikimedia.org/w/index.php?search=Taranis%20demonstrator%20UAV&title=Special:MediaSearch&type=image,,,,,,,,,,,,,,,1,Curated UAV Seed 2026,Internal curated seed,Curated; source review required,High,2026-08-02,Autonomy / low observability
UAV-0413,,Watchkeeper WK450,United Kingdom,,Military / Government,Tactical fixed-wing,Not specified,Not collected,https://commons.wikimedia.org/w/index.php?search=Watchkeeper%20WK450%20UAV&title=Special:MediaSearch&type=image,,,,,,,,,,,,,,,1,Curated UAV Seed 2026,Internal curated seed,Curated; source review required,High,2026-08-02,ISR
UAV-0414,,Anduril Ghost / Ghost-X,United States,,Military / Government,VTOL tactical UAS,Not specified,Not collected,https://commons.wikimedia.org/w/index.php?search=Anduril%20Ghost%20/%20Ghost-X%20UAV&title=Special:MediaSearch&type=image,,,,,,,,,,,,,,,1,Curated UAV Seed 2026,Internal curated seed,Curated; source review required,High,2026-08-02,ISR / autonomy
UAV-0415,,Manta Ray,United States,,Military / Government,Large autonomous UUV,Not specified,Not collected,https://commons.wikimedia.org/w/index.php?search=Manta%20Ray%20UAV&title=Special:MediaSearch&type=image,,,,,,,,,,,,,,,1,Curated UAV Seed 2026,Internal curated seed,Curated; source review required,High,2026-08-02,Undersea mission (adjacent unmanned system)
UAV-0416,,MQ-1C Gray Eagle,United States,GA-ASI,Military / Government,MALE fixed-wing,Not specified,Not collected,https://commons.wikimedia.org/w/index.php?search=MQ-1C%20Gray%20Eagle%20UAV&title=Special:MediaSearch&type=image,,,,,Fixed-wing,Group III,1633,,25,,305,261,17,9,2,Curated UAV Seed 2026 | Bard Drone Databook 2019,Internal curated seed | https://dronecenter.bard.edu/files/2019/10/CSD-Drone-Databook-Web.pdf,Curated; source review required,High,2026-08-02,ISR / strike
UAV-0417,,MQ-25 Stingray,United States,Boeing,Military / Government,Carrier fixed-wing,Not specified,Not collected,https://commons.wikimedia.org/w/index.php?search=MQ-25%20Stingray%20UAV&title=Special:MediaSearch&type=image,,,,,Fixed-wing,Group III,,,,,,,,,2,Curated UAV Seed 2026 | Bard Drone Databook 2019,Internal curated seed | https://dronecenter.bard.edu/files/2019/10/CSD-Drone-Databook-Web.pdf,Curated; source review required,High,2026-08-02,Aerial refuelling / ISR
UAV-0418,,MQ-4C Triton,United States,Northrop Grum- man,Military / Government,HALE fixed-wing,Not specified,Not collected,https://commons.wikimedia.org/w/index.php?search=MQ-4C%20Triton%20UAV&title=Special:MediaSearch&type=image,,,,,Fixed-wing,Group III,14628,,24,15184,613,1452,40,14.5,2,Curated UAV Seed 2026 | Bard Drone Databook 2019,Internal curated seed | https://dronecenter.bard.edu/files/2019/10/CSD-Drone-Databook-Web.pdf,Curated; source review required,High,2026-08-02,Maritime ISR
UAV-0419,,MQ-9A Reaper,United States,,Military / Government,MALE fixed-wing,Not specified,Not collected,https://commons.wikimedia.org/w/index.php?search=MQ-9A%20Reaper%20UAV&title=Special:MediaSearch&type=image,,,,,,,,,,,,,,,1,Curated UAV Seed 2026,Internal curated seed,Curated; source review required,High,2026-08-02,ISR / strike
UAV-0420,,MQ-9B SkyGuardian/SeaGuardian,United States,,Military / Government,MALE fixed-wing,Not specified,Not collected,https://commons.wikimedia.org/w/index.php?search=MQ-9B%20SkyGuardian/SeaGuardian%20UAV&title=Special:MediaSearch&type=image,,,,,,,,,,,,,,,1,Curated UAV Seed 2026,Internal curated seed,Curated; source review required,High,2026-08-02,ISR / maritime / strike
UAV-0421,,Phoenix Ghost family,United States,,Military / Government,Loitering munition,Not specified,Not collected,https://commons.wikimedia.org/w/index.php?search=Phoenix%20Ghost%20family%20UAV&title=Special:MediaSearch&type=image,,,,,,,,,,,,,,,1,Curated UAV Seed 2026,Internal curated seed,Curated; source review required,High,2026-08-02,Tactical strike
UAV-0422,,Raven RQ-11,United States,,Military / Government,Mini hand-launched fixed-wing,Not specified,Not collected,https://commons.wikimedia.org/w/index.php?search=Raven%20RQ-11%20UAV&title=Special:MediaSearch&type=image,,,,,,,,,,,,,,,1,Curated UAV Seed 2026,Internal curated seed,Curated; source review required,High,2026-08-02,Tactical ISR
UAV-0423,,RQ-170 Sentinel,United States,Lockheed Martin,Military / Government,Low-observable flying wing,Not specified,Not collected,https://commons.wikimedia.org/w/index.php?search=RQ-170%20Sentinel%20UAV&title=Special:MediaSearch&type=image,,,,,Fixed-wing,Group III,,,,,,,,,2,Curated UAV Seed 2026 | Bard Drone Databook 2019,Internal curated seed | https://dronecenter.bard.edu/files/2019/10/CSD-Drone-Databook-Web.pdf,Curated; source review required,High,2026-08-02,Strategic ISR
UAV-0424,,RQ-21A Blackjack,United States,,Military / Government,Tactical fixed-wing,Not specified,Not collected,https://commons.wikimedia.org/w/index.php?search=RQ-21A%20Blackjack%20UAV&title=Special:MediaSearch&type=image,,,,,,,,,,,,,,,1,Curated UAV Seed 2026,Internal curated seed,Curated; source review required,High,2026-08-02,Maritime / land ISR
UAV-0425,,RQ-4 Global Hawk,United States,Northrop Grum- man,Military / Government,HALE fixed-wing,Not specified,Not collected,https://commons.wikimedia.org/w/index.php?search=RQ-4%20Global%20Hawk%20UAV&title=Special:MediaSearch&type=image,,,,,Fixed-wing,Group III,14628,,36,22780,,1360,39.9,14.5,2,Curated UAV Seed 2026 | Bard Drone Databook 2019,Internal curated seed | https://dronecenter.bard.edu/files/2019/10/CSD-Drone-Databook-Web.pdf,Curated; source review required,High,2026-08-02,Strategic ISR
UAV-0426,,RQ-7B Shadow,United States,,Military / Government,Tactical fixed-wing,Not specified,Not collected,https://commons.wikimedia.org/w/index.php?search=RQ-7B%20Shadow%20UAV&title=Special:MediaSearch&type=image,,,,,,,,,,,,,,,1,Curated UAV Seed 2026,Internal curated seed,Curated; source review required,High,2026-08-02,Brigade ISR
UAV-0427,,Switchblade 300,United States,,Military / Government,Loitering munition,Not specified,Not collected,https://commons.wikimedia.org/w/index.php?search=Switchblade%20300%20UAV&title=Special:MediaSearch&type=image,,,,,,,,,,,,,,,1,Curated UAV Seed 2026,Internal curated seed,Curated; source review required,High,2026-08-02,Anti-personnel / light target
UAV-0428,,Switchblade 600,United States,,Military / Government,Loitering munition,Not specified,Not collected,https://commons.wikimedia.org/w/index.php?search=Switchblade%20600%20UAV&title=Special:MediaSearch&type=image,,,,,,,,,,,,,,,1,Curated UAV Seed 2026,Internal curated seed,Curated; source review required,High,2026-08-02,Anti-armour
UAV-0429,,XQ-58A Valkyrie,United States,,Military / Government,Collaborative combat aircraft,Not specified,Not collected,https://commons.wikimedia.org/w/index.php?search=XQ-58A%20Valkyrie%20UAV&title=Special:MediaSearch&type=image,,,,,,,,,,,,,,,1,Curated UAV Seed 2026,Internal curated seed,Curated; source review required,High,2026-08-02,Attritable combat support
UAV-0430,,Aukán,Argentina,DGIyD,Military / Government,Medium tactical; Fixed-wing,In use or under development as documented in 2019,Not collected,https://commons.wikimedia.org/w/index.php?search=Auk%C3%A1n%20UAV&title=Special:MediaSearch&type=image,,,,,Fixed-wing,Group II,,,,,,,,,1,Bard Drone Databook 2019,https://dronecenter.bard.edu/files/2019/10/CSD-Drone-Databook-Web.pdf,Published research baseline; status may be outdated,Low,2026-08-02,Databook systems specification page 303.
UAV-0431,,Vigía 2B,Argentina,DGIyD,Military / Government,Large / strategic; Fixed-wing,In use or under development as documented in 2019,Not collected,https://commons.wikimedia.org/w/index.php?search=Vig%C3%ADa%202B%20UAV&title=Special:MediaSearch&type=image,,,,,Fixed-wing,Group III,1020,,14,,,,12,8.3,1,Bard Drone Databook 2019,https://dronecenter.bard.edu/files/2019/10/CSD-Drone-Databook-Web.pdf,Published research baseline; status may be outdated,Low,2026-08-02,Databook systems specification page 303.
UAV-0432,,Baze,Armenia,Military Avia- tion Institute,Military / Government,Small / tactical; Fixed-wing,In use or under development as documented in 2019,Not collected,https://commons.wikimedia.org/w/index.php?search=Baze%20UAV&title=Special:MediaSearch&type=image,,,,,Fixed-wing,Group I,,,,,,,,,1,Bard Drone Databook 2019,https://dronecenter.bard.edu/files/2019/10/CSD-Drone-Databook-Web.pdf,Published research baseline; status may be outdated,Low,2026-08-02,Databook systems specification page 303.
UAV-0433,,Krunk,Armenia,,Military / Government,Small / tactical; Fixed-wing,In use or under development as documented in 2019,Not collected,https://commons.wikimedia.org/w/index.php?search=Krunk%20UAV&title=Special:MediaSearch&type=image,,,,,Fixed-wing,Group I,,,,,,,,,1,Bard Drone Databook 2019,https://dronecenter.bard.edu/files/2019/10/CSD-Drone-Databook-Web.pdf,Published research baseline; status may be outdated,Low,2026-08-02,Databook systems specification page 303.
UAV-0434,,CamCopter S-100,Austria,Schiebel,Military / Government,Medium tactical; Rotary-wing,In use or under development as documented in 2019,Not collected,https://commons.wikimedia.org/w/index.php?search=CamCopter%20S-100%20UAV&title=Special:MediaSearch&type=image,,,,,Rotary-wing,Group II,200,,10,200,240,50,3.4,3.1,1,Bard Drone Databook 2019,https://dronecenter.bard.edu/files/2019/10/CSD-Drone-Databook-Web.pdf,Published research baseline; status may be outdated,Low,2026-08-02,Databook systems specification page 303.
UAV-0435,,Berkut-2,Belarus,JSC Agat Con- trol Systems,Military / Government,Small / tactical; Fixed-wing,In use or under development as documented in 2019,Not collected,https://commons.wikimedia.org/w/index.php?search=Berkut-2%20UAV&title=Special:MediaSearch&type=image,,,,,Fixed-wing,Group I,10,,2,35,100,,,,1,Bard Drone Databook 2019,https://dronecenter.bard.edu/files/2019/10/CSD-Drone-Databook-Web.pdf,Published research baseline; status may be outdated,Low,2026-08-02,Databook systems specification page 303.
UAV-0436,,Burevestnik-MB,Belarus,NPT MBK*,Military / Government,Medium tactical; Fixed-wing,In use or under development as documented in 2019,Not collected,https://commons.wikimedia.org/w/index.php?search=Burevestnik-MB%20UAV&title=Special:MediaSearch&type=image,,,,,Fixed-wing,Group II,400,,10,290,220,60,,,1,Bard Drone Databook 2019,https://dronecenter.bard.edu/files/2019/10/CSD-Drone-Databook-Web.pdf,Published research baseline; status may be outdated,Low,2026-08-02,Databook systems specification page 304.
UAV-0437,,Busel (M50),Belarus,NPT MBK*,Military / Government,Medium tactical; Fixed-wing,In use or under development as documented in 2019,Not collected,https://commons.wikimedia.org/w/index.php?search=Busel%20%28M50%29%20UAV&title=Special:MediaSearch&type=image,,,,,Fixed-wing,Group II,14,,2.5,70,100,,3.47,,1,Bard Drone Databook 2019,https://dronecenter.bard.edu/files/2019/10/CSD-Drone-Databook-Web.pdf,Published research baseline; status may be outdated,Low,2026-08-02,Databook systems specification page 304.
UAV-0438,,Mosquito,Belarus,558 Aviation Repair Plant,Military / Government,Small / tactical; Fixed-wing,In use or under development as documented in 2019,Not collected,https://commons.wikimedia.org/w/index.php?search=Mosquito%20UAV&title=Special:MediaSearch&type=image,,,,,Fixed-wing,Group I,2.8,,0.75,12,,0.35,1,0.58,1,Bard Drone Databook 2019,https://dronecenter.bard.edu/files/2019/10/CSD-Drone-Databook-Web.pdf,Published research baseline; status may be outdated,Low,2026-08-02,Databook systems specification page 303.
UAV-0439,,FT-100 Horus,Brazil,FT Sistemas,Military / Government,Small / tactical; Fixed-wing,In use or under development as documented in 2019,Not collected,https://commons.wikimedia.org/w/index.php?search=FT-100%20Horus%20UAV&title=Special:MediaSearch&type=image,,,,,Fixed-wing,Group I,7,,2,20,,3,2.7,1.9,1,Bard Drone Databook 2019,https://dronecenter.bard.edu/files/2019/10/CSD-Drone-Databook-Web.pdf,Published research baseline; status may be outdated,Low,2026-08-02,Databook systems specification page 304.
UAV-0440,,NightHawk IV,Canada,ARA Robotics,Military / Government,Small / tactical; Fixed-wing,In use or under development as documented in 2019,Not collected,https://commons.wikimedia.org/w/index.php?search=NightHawk%20IV%20UAV&title=Special:MediaSearch&type=image,,,,,Fixed-wing,Group I,,,,,,,,,1,Bard Drone Databook 2019,https://dronecenter.bard.edu/files/2019/10/CSD-Drone-Databook-Web.pdf,Published research baseline; status may be outdated,Low,2026-08-02,Databook systems specification page 304.
UAV-0441,,ASN-104,China,Xi’an ASN Technology Group,Military / Government,Small / tactical; Fixed-wing,In use or under development as documented in 2019,Not collected,https://commons.wikimedia.org/w/index.php?search=ASN-104%20UAV&title=Special:MediaSearch&type=image,,,,,Fixed-wing,Group I,,,,,,,,,1,Bard Drone Databook 2019,https://dronecenter.bard.edu/files/2019/10/CSD-Drone-Databook-Web.pdf,Published research baseline; status may be outdated,Low,2026-08-02,Databook systems specification page 304.
UAV-0442,,ASN-206,China,Xi’an ASN Technology Group,Military / Government,Medium tactical; Fixed-wing,In use or under development as documented in 2019,Not collected,https://commons.wikimedia.org/w/index.php?search=ASN-206%20UAV&title=Special:MediaSearch&type=image,,,,,Fixed-wing,Group II,222,,8,150,210,50,6,3.8,1,Bard Drone Databook 2019,https://dronecenter.bard.edu/files/2019/10/CSD-Drone-Databook-Web.pdf,Published research baseline; status may be outdated,Low,2026-08-02,Databook systems specification page 304.
UAV-0443,,ASN-207,China,Xi’an ASN Technology Group,Military / Government,Medium tactical; Fixed-wing,In use or under development as documented in 2019,Not collected,https://commons.wikimedia.org/w/index.php?search=ASN-207%20UAV&title=Special:MediaSearch&type=image,,,,,Fixed-wing,Group II,222,,6,,210,,6,3.8,1,Bard Drone Databook 2019,https://dronecenter.bard.edu/files/2019/10/CSD-Drone-Databook-Web.pdf,Published research baseline; status may be outdated,Low,2026-08-02,Databook systems specification page 304.
UAV-0444,,ASN-209,China,Xi’an ASN Technology Group,Military / Government,Medium tactical; Fixed-wing,In use or under development as documented in 2019,Not collected,https://commons.wikimedia.org/w/index.php?search=ASN-209%20UAV&title=Special:MediaSearch&type=image,,,,,Fixed-wing,Group II,320,,10,200,180,50,7.5,4.3,1,Bard Drone Databook 2019,https://dronecenter.bard.edu/files/2019/10/CSD-Drone-Databook-Web.pdf,Published research baseline; status may be outdated,Low,2026-08-02,Databook systems specification page 304.
UAV-0445,,AV500W,China,AVIC,Military / Government,Medium tactical; Rotary-wing,In use or under development as documented in 2019,Not collected,https://commons.wikimedia.org/w/index.php?search=AV500W%20UAV&title=Special:MediaSearch&type=image,,,,,Rotary-wing,Group II,470,,8,200,170,160,,7.2,1,Bard Drone Databook 2019,https://dronecenter.bard.edu/files/2019/10/CSD-Drone-Databook-Web.pdf,Published research baseline; status may be outdated,Low,2026-08-02,Databook systems specification page 304.
UAV-0446,,Blowfish 1,China,Ziyan,Military / Government,Small / tactical; Rotary-wing,In use or under development as documented in 2019,Not collected,https://commons.wikimedia.org/w/index.php?search=Blowfish%201%20UAV&title=Special:MediaSearch&type=image,,,,,Rotary-wing,Group I,24.7,,0.8,,150,15,1.87,,1,Bard Drone Databook 2019,https://dronecenter.bard.edu/files/2019/10/CSD-Drone-Databook-Web.pdf,Published research baseline; status may be outdated,Low,2026-08-02,Databook systems specification page 304.
UAV-0447,,BZK-005,China,Beihang,Military / Government,Large / strategic; Fixed-wing,In use or under development as documented in 2019,Not collected,https://commons.wikimedia.org/w/index.php?search=BZK-005%20UAV&title=Special:MediaSearch&type=image,,,,,Fixed-wing,Group III,1250,,40,,180,150,18,10.5,1,Bard Drone Databook 2019,https://dronecenter.bard.edu/files/2019/10/CSD-Drone-Databook-Web.pdf,Published research baseline; status may be outdated,Low,2026-08-02,Databook systems specification page 304.
UAV-0448,,BZK-007,China,GAIC,Military / Government,Large / strategic; Fixed-wing,In use or under development as documented in 2019,Not collected,https://commons.wikimedia.org/w/index.php?search=BZK-007%20UAV&title=Special:MediaSearch&type=image,,,,,Fixed-wing,Group III,700,,16,,230,100,14.6,7.7,1,Bard Drone Databook 2019,https://dronecenter.bard.edu/files/2019/10/CSD-Drone-Databook-Web.pdf,Published research baseline; status may be outdated,Low,2026-08-02,Databook systems specification page 304.
UAV-0449,,BZK-206,China,Beihang,Military / Government,Small / tactical; Fixed-wing,In use or under development as documented in 2019,Not collected,https://commons.wikimedia.org/w/index.php?search=BZK-206%20UAV&title=Special:MediaSearch&type=image,,,,,Fixed-wing,Group I,,,,,,,,,1,Bard Drone Databook 2019,https://dronecenter.bard.edu/files/2019/10/CSD-Drone-Databook-Web.pdf,Published research baseline; status may be outdated,Low,2026-08-02,Databook systems specification page 304.
UAV-0450,,CH-3,China,CASC,Military / Government,Medium tactical; Fixed-wing,In use or under development as documented in 2019,Not collected,https://commons.wikimedia.org/w/index.php?search=CH-3%20UAV&title=Special:MediaSearch&type=image,,,,,Fixed-wing,Group II,,,6,200,250,180,8,,1,Bard Drone Databook 2019,https://dronecenter.bard.edu/files/2019/10/CSD-Drone-Databook-Web.pdf,Published research baseline; status may be outdated,Low,2026-08-02,Databook systems specification page 304.
UAV-0451,,CH-7,China,CASC,Military / Government,Large / strategic; Fixed-wing,In use or under development as documented in 2019,Not collected,https://commons.wikimedia.org/w/index.php?search=CH-7%20UAV&title=Special:MediaSearch&type=image,,,,,Fixed-wing,Group III,13000,,,,926,10,22,,1,Bard Drone Databook 2019,https://dronecenter.bard.edu/files/2019/10/CSD-Drone-Databook-Web.pdf,Published research baseline; status may be outdated,Low,2026-08-02,Databook systems specification page 304.
UAV-0452,,CH-802,China,CASC,Military / Government,Small / tactical; Fixed-wing,In use or under development as documented in 2019,Not collected,https://commons.wikimedia.org/w/index.php?search=CH-802%20UAV&title=Special:MediaSearch&type=image,,,,,Fixed-wing,Group I,10,,2.5,125,70,,,,1,Bard Drone Databook 2019,https://dronecenter.bard.edu/files/2019/10/CSD-Drone-Databook-Web.pdf,Published research baseline; status may be outdated,Low,2026-08-02,Databook systems specification page 304.
UAV-0453,,Cloud Shadow,China,AVIC,Military / Government,Large / strategic; Fixed-wing,In use or under development as documented in 2019,Not collected,https://commons.wikimedia.org/w/index.php?search=Cloud%20Shadow%20UAV&title=Special:MediaSearch&type=image,,,,,Fixed-wing,Group III,3000,,,290,,400,17,9,1,Bard Drone Databook 2019,https://dronecenter.bard.edu/files/2019/10/CSD-Drone-Databook-Web.pdf,Published research baseline; status may be outdated,Low,2026-08-02,Databook systems specification page 304.
UAV-0454,,Divine Eagle,China,Shenyang Aircraft Cor- poration’s 601 Institute,Military / Government,Large / strategic; Fixed-wing,In use or under development as documented in 2019,Not collected,https://commons.wikimedia.org/w/index.php?search=Divine%20Eagle%20UAV&title=Special:MediaSearch&type=image,,,,,Fixed-wing,Group III,,,,,,,45,15,1,Bard Drone Databook 2019,https://dronecenter.bard.edu/files/2019/10/CSD-Drone-Databook-Web.pdf,Published research baseline; status may be outdated,Low,2026-08-02,Databook systems specification page 305.
UAV-0455,,Fei Long 1,China,Guide Control Technology Company,Military / Government,Large / strategic; Fixed-wing,In use or under development as documented in 2019,Not collected,https://commons.wikimedia.org/w/index.php?search=Fei%20Long%201%20UAV&title=Special:MediaSearch&type=image,,,,,Fixed-wing,Group III,3200,,,,240,1400,20,10,1,Bard Drone Databook 2019,https://dronecenter.bard.edu/files/2019/10/CSD-Drone-Databook-Web.pdf,Published research baseline; status may be outdated,Low,2026-08-02,Databook systems specification page 305.
UAV-0456,,Feihong-98,China,AVIC,Military / Government,Large / strategic; Fixed-wing,In use or under development as documented in 2019,Not collected,https://commons.wikimedia.org/w/index.php?search=Feihong-98%20UAV&title=Special:MediaSearch&type=image,,,,,Fixed-wing,Group III,,,,,,1360,18.2,12.4,1,Bard Drone Databook 2019,https://dronecenter.bard.edu/files/2019/10/CSD-Drone-Databook-Web.pdf,Published research baseline; status may be outdated,Low,2026-08-02,Databook systems specification page 305.
UAV-0457,,HW-350,China,CASIC,Military / Government,Medium tactical; Fixed-wing,In use or under development as documented in 2019,Not collected,https://commons.wikimedia.org/w/index.php?search=HW-350%20UAV&title=Special:MediaSearch&type=image,,,,,Fixed-wing,Group II,220,,26,,160,,7.9,5.25,1,Bard Drone Databook 2019,https://dronecenter.bard.edu/files/2019/10/CSD-Drone-Databook-Web.pdf,Published research baseline; status may be outdated,Low,2026-08-02,Databook systems specification page 305.
UAV-0458,,Inspire,China,DJI,Military / Government,Small / tactical; Rotary-wing,In use or under development as documented in 2019,Not collected,https://commons.wikimedia.org/w/index.php?search=Inspire%20UAV&title=Special:MediaSearch&type=image,,,,,Rotary-wing,Group I,3.5,,0.3,,65,,0.4,0.4,1,Bard Drone Databook 2019,https://dronecenter.bard.edu/files/2019/10/CSD-Drone-Databook-Web.pdf,Published research baseline; status may be outdated,Low,2026-08-02,Databook systems specification page 305.
UAV-0459,,Mavic,China,DJI,Military / Government,Small / tactical; Rotary-wing,In use or under development as documented in 2019,Not collected,https://commons.wikimedia.org/w/index.php?search=Mavic%20UAV&title=Special:MediaSearch&type=image,,,,,Rotary-wing,Group I,,,,,,,,,1,Bard Drone Databook 2019,https://dronecenter.bard.edu/files/2019/10/CSD-Drone-Databook-Web.pdf,Published research baseline; status may be outdated,Low,2026-08-02,Databook systems specification page 305.
UAV-0460,,Phantom,China,DJI,Military / Government,Small / tactical; Rotary-wing,In use or under development as documented in 2019,Not collected,https://commons.wikimedia.org/w/index.php?search=Phantom%20UAV&title=Special:MediaSearch&type=image,,,,,Rotary-wing,Group I,1.2,,0.4,,58,,,,1,Bard Drone Databook 2019,https://dronecenter.bard.edu/files/2019/10/CSD-Drone-Databook-Web.pdf,Published research baseline; status may be outdated,Low,2026-08-02,Databook systems specification page 305.
UAV-0461,,Qi Mingxing,China,AVIC,Military / Government,Large / strategic; Rotary-wing,In use or under development as documented in 2019,Not collected,https://commons.wikimedia.org/w/index.php?search=Qi%20Mingxing%20UAV&title=Special:MediaSearch&type=image,,,,,Rotary-wing,Group III,,,,,,,50,21,1,Bard Drone Databook 2019,https://dronecenter.bard.edu/files/2019/10/CSD-Drone-Databook-Web.pdf,Published research baseline; status may be outdated,Low,2026-08-02,Databook systems specification page 305.
UAV-0462,,SD-40 (Sea Cavalry),China,Han's Eagle,Military / Government,Small / tactical; Hybrid VTOL,In use or under development as documented in 2019,Not collected,https://commons.wikimedia.org/w/index.php?search=SD-40%20%28Sea%20Cavalry%29%20UAV&title=Special:MediaSearch&type=image,,,,,Hybrid VTOL,Group I,40,,6,,180,6,3.7,2,1,Bard Drone Databook 2019,https://dronecenter.bard.edu/files/2019/10/CSD-Drone-Databook-Web.pdf,Published research baseline; status may be outdated,Low,2026-08-02,Databook systems specification page 305.
UAV-0463,,Sky-09P,China,Taiyuan,Military / Government,Small / tactical; Fixed-wing,In use or under development as documented in 2019,Not collected,https://commons.wikimedia.org/w/index.php?search=Sky-09P%20UAV&title=Special:MediaSearch&type=image,,,,,Fixed-wing,Group I,,,,,100,3,1.92,,1,Bard Drone Databook 2019,https://dronecenter.bard.edu/files/2019/10/CSD-Drone-Databook-Web.pdf,Published research baseline; status may be outdated,Low,2026-08-02,Databook systems specification page 305.
UAV-0464,,TB-001,China,Tengoen Tech- nology,Military / Government,Large / strategic; Fixed-wing,In use or under development as documented in 2019,Not collected,https://commons.wikimedia.org/w/index.php?search=TB-001%20UAV&title=Special:MediaSearch&type=image,,,,,Fixed-wing,Group III,,,35,,,1000,20,10,1,Bard Drone Databook 2019,https://dronecenter.bard.edu/files/2019/10/CSD-Drone-Databook-Web.pdf,Published research baseline; status may be outdated,Low,2026-08-02,Databook systems specification page 305.
UAV-0465,,TB-002,China,Tengoen Tech- nology,Military / Government,Medium tactical; Fixed-wing,In use or under development as documented in 2019,Not collected,https://commons.wikimedia.org/w/index.php?search=TB-002%20UAV&title=Special:MediaSearch&type=image,,,,,Fixed-wing,Group II,,,,,,,,,1,Bard Drone Databook 2019,https://dronecenter.bard.edu/files/2019/10/CSD-Drone-Databook-Web.pdf,Published research baseline; status may be outdated,Low,2026-08-02,Databook systems specification page 305.
UAV-0466,,Tian Ying,China,CASIC,Military / Government,Large / strategic; Fixed-wing,In use or under development as documented in 2019,Not collected,https://commons.wikimedia.org/w/index.php?search=Tian%20Ying%20UAV&title=Special:MediaSearch&type=image,,,,,Fixed-wing,Group III,,,,,,,,,1,Bard Drone Databook 2019,https://dronecenter.bard.edu/files/2019/10/CSD-Drone-Databook-Web.pdf,Published research baseline; status may be outdated,Low,2026-08-02,Databook systems specification page 305.
UAV-0467,,UV-10CAM,China,Microfly,Military / Government,Small / tactical; Fixed-wing,In use or under development as documented in 2019,Not collected,https://commons.wikimedia.org/w/index.php?search=UV-10CAM%20UAV&title=Special:MediaSearch&type=image,,,,,Fixed-wing,Group I,,,,,,,,,1,Bard Drone Databook 2019,https://dronecenter.bard.edu/files/2019/10/CSD-Drone-Databook-Web.pdf,Published research baseline; status may be outdated,Low,2026-08-02,Databook systems specification page 305.
UAV-0468,,Wing Loon 1D,China,AVIC,Military / Government,Large / strategic; Fixed-wing,In use or under development as documented in 2019,Not collected,https://commons.wikimedia.org/w/index.php?search=Wing%20Loon%201D%20UAV&title=Special:MediaSearch&type=image,,,,,Fixed-wing,Group III,,,,,,,,,1,Bard Drone Databook 2019,https://dronecenter.bard.edu/files/2019/10/CSD-Drone-Databook-Web.pdf,Published research baseline; status may be outdated,Low,2026-08-02,Databook systems specification page 305.
UAV-0469,,Xianglong,China,GAIG,Military / Government,Large / strategic; Fixed-wing,In use or under development as documented in 2019,Not collected,https://commons.wikimedia.org/w/index.php?search=Xianglong%20UAV&title=Special:MediaSearch&type=image,,,,,Fixed-wing,Group III,,,,,,,,,1,Bard Drone Databook 2019,https://dronecenter.bard.edu/files/2019/10/CSD-Drone-Databook-Web.pdf,Published research baseline; status may be outdated,Low,2026-08-02,Databook systems specification page 305.
UAV-0470,,Yaoying 2,China,AVIC,Military / Government,Large / strategic; Fixed-wing,In use or under development as documented in 2019,Not collected,https://commons.wikimedia.org/w/index.php?search=Yaoying%202%20UAV&title=Special:MediaSearch&type=image,,,,,Fixed-wing,Group III,1280,,16,,230,,,,1,Bard Drone Databook 2019,https://dronecenter.bard.edu/files/2019/10/CSD-Drone-Databook-Web.pdf,Published research baseline; status may be outdated,Low,2026-08-02,Databook systems specification page 305.
UAV-0471,,Huginn X1,Denmark,Sky-Watch,Military / Government,Small / tactical; Rotary-wing,In use or under development as documented in 2019,Not collected,https://commons.wikimedia.org/w/index.php?search=Huginn%20X1%20UAV&title=Special:MediaSearch&type=image,,,,,Rotary-wing,Group I,,,,,,,,,1,Bard Drone Databook 2019,https://dronecenter.bard.edu/files/2019/10/CSD-Drone-Databook-Web.pdf,Published research baseline; status may be outdated,Low,2026-08-02,Databook systems specification page 306.
UAV-0472,,3S,France,Drone Protect Systems,Military / Government,Small / tactical; Rotary-wing,In use or under development as documented in 2019,Not collected,https://commons.wikimedia.org/w/index.php?search=3S%20UAV&title=Special:MediaSearch&type=image,,,,,Rotary-wing,Group I,,,,,,,,,1,Bard Drone Databook 2019,https://dronecenter.bard.edu/files/2019/10/CSD-Drone-Databook-Web.pdf,Published research baseline; status may be outdated,Low,2026-08-02,Databook systems specification page 306.
UAV-0473,,IT180-3EL-1,France,"ECA Group,In- fotron",Military / Government,Small / tactical; Rotary-wing,In use or under development as documented in 2019,Not collected,https://commons.wikimedia.org/w/index.php?search=IT180-3EL-1%20UAV&title=Special:MediaSearch&type=image,,,,,Rotary-wing,Group I,21,,0.8,10,80,3,1.8,,1,Bard Drone Databook 2019,https://dronecenter.bard.edu/files/2019/10/CSD-Drone-Databook-Web.pdf,Published research baseline; status may be outdated,Low,2026-08-02,Databook systems specification page 306.
UAV-0474,,NX70,France,Novadem,Military / Government,Small / tactical; Rotary-wing,In use or under development as documented in 2019,Not collected,https://commons.wikimedia.org/w/index.php?search=NX70%20UAV&title=Special:MediaSearch&type=image,,,,,Rotary-wing,Group I,1,,0.75,3,,,,,1,Bard Drone Databook 2019,https://dronecenter.bard.edu/files/2019/10/CSD-Drone-Databook-Web.pdf,Published research baseline; status may be outdated,Low,2026-08-02,Databook systems specification page 306.
UAV-0475,,Sperwer,France,Sagem,Military / Government,Medium tactical; Fixed-wing,In use or under development as documented in 2019,Not collected,https://commons.wikimedia.org/w/index.php?search=Sperwer%20UAV&title=Special:MediaSearch&type=image,,,,,Fixed-wing,Group II,,,6,200,166,50,4.2,3.5,1,Bard Drone Databook 2019,https://dronecenter.bard.edu/files/2019/10/CSD-Drone-Databook-Web.pdf,Published research baseline; status may be outdated,Low,2026-08-02,Databook systems specification page 306.
UAV-0476,,Spy’Ranger,France,Thales,Military / Government,Small / tactical; Fixed-wing,In use or under development as documented in 2019,Not collected,https://commons.wikimedia.org/w/index.php?search=Spy%E2%80%99Ranger%20UAV&title=Special:MediaSearch&type=image,,,,,Fixed-wing,Group I,14.5,,3,30,90,1.2,3.8,,1,Bard Drone Databook 2019,https://dronecenter.bard.edu/files/2019/10/CSD-Drone-Databook-Web.pdf,Published research baseline; status may be outdated,Low,2026-08-02,Databook systems specification page 306.
UAV-0477,,Tracker,France,EADS Cassidian,Military / Government,Small / tactical; Fixed-wing,In use or under development as documented in 2019,Not collected,https://commons.wikimedia.org/w/index.php?search=Tracker%20UAV&title=Special:MediaSearch&type=image,,,,,Fixed-wing,Group I,8.5,,,,100,1,3.6,1.4,1,Bard Drone Databook 2019,https://dronecenter.bard.edu/files/2019/10/CSD-Drone-Databook-Web.pdf,Published research baseline; status may be outdated,Low,2026-08-02,Databook systems specification page 306.
UAV-0478,,ALADIN,Germany,EMT,Military / Government,Small / tactical; Fixed-wing,In use or under development as documented in 2019,Not collected,https://commons.wikimedia.org/w/index.php?search=ALADIN%20UAV&title=Special:MediaSearch&type=image,,,,,Fixed-wing,Group I,3.2,,1,15,90,0,1.46,1.53,1,Bard Drone Databook 2019,https://dronecenter.bard.edu/files/2019/10/CSD-Drone-Databook-Web.pdf,Published research baseline; status may be outdated,Low,2026-08-02,Databook systems specification page 306.
UAV-0479,,KZO,Germany,Rheinmetall,Military / Government,Medium tactical; Fixed-wing,In use or under development as documented in 2019,Not collected,https://commons.wikimedia.org/w/index.php?search=KZO%20UAV&title=Special:MediaSearch&type=image,,,,,Fixed-wing,Group II,161,,5.5,,220,35,3.2,2.25,1,Bard Drone Databook 2019,https://dronecenter.bard.edu/files/2019/10/CSD-Drone-Databook-Web.pdf,Published research baseline; status may be outdated,Low,2026-08-02,Databook systems specification page 306.
UAV-0480,,LUNA,Germany,EMT,Military / Government,Small / tactical; Fixed-wing,In use or under development as documented in 2019,Not collected,https://commons.wikimedia.org/w/index.php?search=LUNA%20UAV&title=Special:MediaSearch&type=image,,,,,Fixed-wing,Group I,40,,8,100,70,,4.2,2.4,1,Bard Drone Databook 2019,https://dronecenter.bard.edu/files/2019/10/CSD-Drone-Databook-Web.pdf,Published research baseline; status may be outdated,Low,2026-08-02,Databook systems specification page 306.
UAV-0481,,MIKADO,Germany,AirRobot,Military / Government,Small / tactical; Rotary-wing,In use or under development as documented in 2019,Not collected,https://commons.wikimedia.org/w/index.php?search=MIKADO%20UAV&title=Special:MediaSearch&type=image,,,,,Rotary-wing,Group I,,,0.5,,,0.2,1,1,1,Bard Drone Databook 2019,https://dronecenter.bard.edu/files/2019/10/CSD-Drone-Databook-Web.pdf,Published research baseline; status may be outdated,Low,2026-08-02,Databook systems specification page 306.
UAV-0482,,Pegasus II Block I,Greece,Hellenic Aero- space Industry,Military / Government,Medium tactical; Fixed-wing,In use or under development as documented in 2019,Not collected,https://commons.wikimedia.org/w/index.php?search=Pegasus%20II%20Block%20I%20UAV&title=Special:MediaSearch&type=image,,,,,Fixed-wing,Group II,250,,,,160,,6.2,4.3,1,Bard Drone Databook 2019,https://dronecenter.bard.edu/files/2019/10/CSD-Drone-Databook-Web.pdf,Published research baseline; status may be outdated,Low,2026-08-02,Databook systems specification page 306.
UAV-0483,,PUNA Wulung,Indonesia,"BPPT,PTDI",Military / Government,Small / tactical; Fixed-wing,In use or under development as documented in 2019,Not collected,https://commons.wikimedia.org/w/index.php?search=PUNA%20Wulung%20UAV&title=Special:MediaSearch&type=image,,,,,Fixed-wing,Group I,120,,6,150,128,,6,4.3,1,Bard Drone Databook 2019,https://dronecenter.bard.edu/files/2019/10/CSD-Drone-Databook-Web.pdf,Published research baseline; status may be outdated,Low,2026-08-02,Databook systems specification page 306.
UAV-0484,,Ababil-3,Iran,Qods Aviation,Military / Government,Medium tactical; Fixed-wing,In use or under development as documented in 2019,Not collected,https://commons.wikimedia.org/w/index.php?search=Ababil-3%20UAV&title=Special:MediaSearch&type=image,,,,,Fixed-wing,Group II,,,4,100,200,,5,3.5,1,Bard Drone Databook 2019,https://dronecenter.bard.edu/files/2019/10/CSD-Drone-Databook-Web.pdf,Published research baseline; status may be outdated,Low,2026-08-02,Databook systems specification page 306.
UAV-0485,,Mohajer-2,Iran,Qods Aviation,Military / Government,Small / tactical; Fixed-wing,In use or under development as documented in 2019,Not collected,https://commons.wikimedia.org/w/index.php?search=Mohajer-2%20UAV&title=Special:MediaSearch&type=image,,,,,Fixed-wing,Group I,85,,1.5,50,200,15,3.8,2.91,1,Bard Drone Databook 2019,https://dronecenter.bard.edu/files/2019/10/CSD-Drone-Databook-Web.pdf,Published research baseline; status may be outdated,Low,2026-08-02,Databook systems specification page 306.
UAV-0486,,Mohajer-4,Iran,Qods Aviation,Military / Government,Medium tactical; Fixed-wing,In use or under development as documented in 2019,Not collected,https://commons.wikimedia.org/w/index.php?search=Mohajer-4%20UAV&title=Special:MediaSearch&type=image,,,,,Fixed-wing,Group II,175,,5,150,180,,5.3,3.6,1,Bard Drone Databook 2019,https://dronecenter.bard.edu/files/2019/10/CSD-Drone-Databook-Web.pdf,Published research baseline; status may be outdated,Low,2026-08-02,Databook systems specification page 306.
UAV-0487,,Oghab-1,Iran,Farnas Aero- space,Military / Government,Small / tactical; Fixed-wing,In use or under development as documented in 2019,Not collected,https://commons.wikimedia.org/w/index.php?search=Oghab-1%20UAV&title=Special:MediaSearch&type=image,,,,,Fixed-wing,Group I,4.2,,0.75,25,,,2,1.65,1,Bard Drone Databook 2019,https://dronecenter.bard.edu/files/2019/10/CSD-Drone-Databook-Web.pdf,Published research baseline; status may be outdated,Low,2026-08-02,Databook systems specification page 307.
UAV-0488,,Saegheh,Iran,Shahed Aviation Industries,Military / Government,Large / strategic; Fixed-wing,In use or under development as documented in 2019,Not collected,https://commons.wikimedia.org/w/index.php?search=Saegheh%20UAV&title=Special:MediaSearch&type=image,,,,,Fixed-wing,Group III,,,,,,,,,1,Bard Drone Databook 2019,https://dronecenter.bard.edu/files/2019/10/CSD-Drone-Databook-Web.pdf,Published research baseline; status may be outdated,Low,2026-08-02,Databook systems specification page 307.
UAV-0489,,Shahed-123,Iran,HESA,Military / Government,Medium tactical; Fixed-wing,In use or under development as documented in 2019,Not collected,https://commons.wikimedia.org/w/index.php?search=Shahed-123%20UAV&title=Special:MediaSearch&type=image,,,,,Fixed-wing,Group II,,,,,,,,,1,Bard Drone Databook 2019,https://dronecenter.bard.edu/files/2019/10/CSD-Drone-Databook-Web.pdf,Published research baseline; status may be outdated,Low,2026-08-02,Databook systems specification page 307.
UAV-0490,,UAV (Mohajem 92),Iran / Iraq,State Company for Military In- dustries (Iraq),Military / Government,Medium tactical; Fixed-wing,In use or under development as documented in 2019,Not collected,https://commons.wikimedia.org/w/index.php?search=UAV%20%28Mohajem%2092%29%20UAV&title=Special:MediaSearch&type=image,,,,,Fixed-wing,Group II,,,8,80,175,30,4,3,1,Bard Drone Databook 2019,https://dronecenter.bard.edu/files/2019/10/CSD-Drone-Databook-Web.pdf,Published research baseline; status may be outdated,Low,2026-08-02,Databook systems specification page 307.
UAV-0491,,Bird Eye 400,Israel,IAI,Military / Government,Small / tactical; Fixed-wing,In use or under development as documented in 2019,Not collected,https://commons.wikimedia.org/w/index.php?search=Bird%20Eye%20400%20UAV&title=Special:MediaSearch&type=image,,,,,Fixed-wing,Group I,5.6,,2,10,83,,2.2,0.8,1,Bard Drone Databook 2019,https://dronecenter.bard.edu/files/2019/10/CSD-Drone-Databook-Web.pdf,Published research baseline; status may be outdated,Low,2026-08-02,Databook systems specification page 307.
UAV-0492,,Blue Horizon II,Israel,EMIT Aviation,Military / Government,Medium tactical; Fixed-wing,In use or under development as documented in 2019,Not collected,https://commons.wikimedia.org/w/index.php?search=Blue%20Horizon%20II%20UAV&title=Special:MediaSearch&type=image,,,,,Fixed-wing,Group II,180,,16,,,37,6.5,3.2,1,Bard Drone Databook 2019,https://dronecenter.bard.edu/files/2019/10/CSD-Drone-Databook-Web.pdf,Published research baseline; status may be outdated,Low,2026-08-02,Databook systems specification page 307.
UAV-0493,,Dominator,Israel,Aeronautics,Military / Government,Large / strategic; Fixed-wing,In use or under development as documented in 2019,Not collected,https://commons.wikimedia.org/w/index.php?search=Dominator%20UAV&title=Special:MediaSearch&type=image,,,,,Fixed-wing,Group III,1910,,20,300,277,373,13.5,8.6,1,Bard Drone Databook 2019,https://dronecenter.bard.edu/files/2019/10/CSD-Drone-Databook-Web.pdf,Published research baseline; status may be outdated,Low,2026-08-02,Databook systems specification page 307.
UAV-0494,,Heron,Israel,IAI,Military / Government,Large / strategic; Fixed-wing,In use or under development as documented in 2019,Not collected,https://commons.wikimedia.org/w/index.php?search=Heron%20UAV&title=Special:MediaSearch&type=image,,,,,Fixed-wing,Group III,1270,,45,1000,278,470,16.6,8.5,1,Bard Drone Databook 2019,https://dronecenter.bard.edu/files/2019/10/CSD-Drone-Databook-Web.pdf,Published research baseline; status may be outdated,Low,2026-08-02,Databook systems specification page 307.
UAV-0495,,Hovermast 150,Israel,Sky Sapience,Military / Government,Small / tactical; Rotary-wing,In use or under development as documented in 2019,Not collected,https://commons.wikimedia.org/w/index.php?search=Hovermast%20150%20UAV&title=Special:MediaSearch&type=image,,,,,Rotary-wing,Group I,,,,,,8,,,1,Bard Drone Databook 2019,https://dronecenter.bard.edu/files/2019/10/CSD-Drone-Databook-Web.pdf,Published research baseline; status may be outdated,Low,2026-08-02,Databook systems specification page 307.
UAV-0496,,Hunter,Israel,"IAI,Northrop Grumman",Military / Government,Large / strategic; Fixed-wing,In use or under development as documented in 2019,Not collected,https://commons.wikimedia.org/w/index.php?search=Hunter%20UAV&title=Special:MediaSearch&type=image,,,,,Fixed-wing,Group III,884,,21,,,226,10.44,7.01,2,Bard Drone Databook 2019,https://dronecenter.bard.edu/files/2019/10/CSD-Drone-Databook-Web.pdf,Published research baseline; status may be outdated,Low,2026-08-02,Source country values: Israel | Israel / United States | Databook systems specification page 307.
UAV-0497,,MicroFalcon,Israel,Innocon,Military / Government,Small / tactical; Fixed-wing,In use or under development as documented in 2019,Not collected,https://commons.wikimedia.org/w/index.php?search=MicroFalcon%20UAV&title=Special:MediaSearch&type=image,,,,,Fixed-wing,Group I,10,,4,40,120,2,2,,1,Bard Drone Databook 2019,https://dronecenter.bard.edu/files/2019/10/CSD-Drone-Databook-Web.pdf,Published research baseline; status may be outdated,Low,2026-08-02,Databook systems specification page 307.
UAV-0498,,Orbiter (Orbiter 3),Israel,Aeronautics,Military / Government,Small / tactical; Fixed-wing,In use or under development as documented in 2019,Not collected,https://commons.wikimedia.org/w/index.php?search=Orbiter%20%28Orbiter%203%29%20UAV&title=Special:MediaSearch&type=image,,,,,Fixed-wing,Group I,30,,7,150,130,5.5,4.4,,1,Bard Drone Databook 2019,https://dronecenter.bard.edu/files/2019/10/CSD-Drone-Databook-Web.pdf,Published research baseline; status may be outdated,Low,2026-08-02,Databook systems specification page 307.
UAV-0499,,Orbiter-1K,Israel,Aeronautics,Military / Government,Small / tactical; Fixed-wing,In use or under development as documented in 2019,Not collected,https://commons.wikimedia.org/w/index.php?search=Orbiter-1K%20UAV&title=Special:MediaSearch&type=image,,,,,Fixed-wing,Group I,11,,2.5,100,,2.6,2.2,,1,Bard Drone Databook 2019,https://dronecenter.bard.edu/files/2019/10/CSD-Drone-Databook-Web.pdf,Published research baseline; status may be outdated,Low,2026-08-02,Databook systems specification page 307.
UAV-0500,,Searcher (Mk 3),Israel,IAI,Military / Government,Medium tactical; Fixed-wing,In use or under development as documented in 2019,Not collected,https://commons.wikimedia.org/w/index.php?search=Searcher%20%28Mk%203%29%20UAV&title=Special:MediaSearch&type=image,,,,,Fixed-wing,Group II,450,,18,250,204,120,8.6,,1,Bard Drone Databook 2019,https://dronecenter.bard.edu/files/2019/10/CSD-Drone-Databook-Web.pdf,Published research baseline; status may be outdated,Low,2026-08-02,Databook systems specification page 307.
UAV-0501,,Sky Striker,Israel,Elbit Systems,Military / Government,Small / tactical; Fixed-wing,In use or under development as documented in 2019,Not collected,https://commons.wikimedia.org/w/index.php?search=Sky%20Striker%20UAV&title=Special:MediaSearch&type=image,,,,,Fixed-wing,Group I,,,2,20,,10,,,1,Bard Drone Databook 2019,https://dronecenter.bard.edu/files/2019/10/CSD-Drone-Databook-Web.pdf,Published research baseline; status may be outdated,Low,2026-08-02,Databook systems specification page 307.
UAV-0502,,Skylark (Skylark 3),Israel,Elbit,Military / Government,Small / tactical; Fixed-wing,In use or under development as documented in 2019,Not collected,https://commons.wikimedia.org/w/index.php?search=Skylark%20%28Skylark%203%29%20UAV&title=Special:MediaSearch&type=image,,,,,Fixed-wing,Group I,45,,6,100,,10,4.7,2.2,1,Bard Drone Databook 2019,https://dronecenter.bard.edu/files/2019/10/CSD-Drone-Databook-Web.pdf,Published research baseline; status may be outdated,Low,2026-08-02,Databook systems specification page 308.
UAV-0503,,Skylark I-LE (Skylark I-LEX),Israel,Elbit,Military / Government,Small / tactical; Fixed-wing,In use or under development as documented in 2019,Not collected,https://commons.wikimedia.org/w/index.php?search=Skylark%20I-LE%20%28Skylark%20I-LEX%29%20UAV&title=Special:MediaSearch&type=image,,,,,Fixed-wing,Group I,7.5,,3,40,,1.2,3,,1,Bard Drone Databook 2019,https://dronecenter.bard.edu/files/2019/10/CSD-Drone-Databook-Web.pdf,Published research baseline; status may be outdated,Low,2026-08-02,Databook systems specification page 308.
UAV-0504,,SpyLite,Israel,Bluebird Aero,Military / Government,Small / tactical; Fixed-wing,In use or under development as documented in 2019,Not collected,https://commons.wikimedia.org/w/index.php?search=SpyLite%20UAV&title=Special:MediaSearch&type=image,,,,,Fixed-wing,Group I,9,,4,80,120,,2.7,1.4,1,Bard Drone Databook 2019,https://dronecenter.bard.edu/files/2019/10/CSD-Drone-Databook-Web.pdf,Published research baseline; status may be outdated,Low,2026-08-02,Databook systems specification page 308.
UAV-0505,,Ranger,Israel / Switzerland,"IAI,RUAG",Military / Government,Medium tactical; Fixed-wing,In use or under development as documented in 2019,Not collected,https://commons.wikimedia.org/w/index.php?search=Ranger%20UAV&title=Special:MediaSearch&type=image,,,,,Fixed-wing,Group II,280,,9,,240,,5.71,4.61,1,Bard Drone Databook 2019,https://dronecenter.bard.edu/files/2019/10/CSD-Drone-Databook-Web.pdf,Published research baseline; status may be outdated,Low,2026-08-02,Databook systems specification page 308.
UAV-0506,,Watchkeeper,Israel / United Kingdom,"Thales UK,Elbit Systems",Military / Government,Medium tactical; Fixed-wing,In use or under development as documented in 2019,Not collected,https://commons.wikimedia.org/w/index.php?search=Watchkeeper%20UAV&title=Special:MediaSearch&type=image,,,,,Fixed-wing,Group II,,,,,,,,,1,Bard Drone Databook 2019,https://dronecenter.bard.edu/files/2019/10/CSD-Drone-Databook-Web.pdf,Published research baseline; status may be outdated,Low,2026-08-02,Databook systems specification page 308.
UAV-0507,,Falco,Italy,Leonardo,Military / Government,Medium tactical; Fixed-wing,In use or under development as documented in 2019,Not collected,https://commons.wikimedia.org/w/index.php?search=Falco%20UAV&title=Special:MediaSearch&type=image,,,,,Fixed-wing,Group II,490,,14,200,216,70,7.2,5.25,1,Bard Drone Databook 2019,https://dronecenter.bard.edu/files/2019/10/CSD-Drone-Databook-Web.pdf,Published research baseline; status may be outdated,Low,2026-08-02,Databook systems specification page 308.
UAV-0508,,Falco Explorer,Italy,Leonardo,Military / Government,Large / strategic; Fixed-wing,In use or under development as documented in 2019,Not collected,https://commons.wikimedia.org/w/index.php?search=Falco%20Explorer%20UAV&title=Special:MediaSearch&type=image,,,,,Fixed-wing,Group III,1300,,24,,,350,,,1,Bard Drone Databook 2019,https://dronecenter.bard.edu/files/2019/10/CSD-Drone-Databook-Web.pdf,Published research baseline; status may be outdated,Low,2026-08-02,Databook systems specification page 308.
UAV-0509,,P.1HH Hammer- Head,Italy,Piaggio Aero- space,Military / Government,Large / strategic; Fixed-wing,In use or under development as documented in 2019,Not collected,https://commons.wikimedia.org/w/index.php?search=P.1HH%20Hammer-%20Head%20UAV&title=Special:MediaSearch&type=image,,,,,Fixed-wing,Group III,"6,146",,10.5,8148.8,,226.796,15.6,14.4,1,Bard Drone Databook 2019,https://dronecenter.bard.edu/files/2019/10/CSD-Drone-Databook-Web.pdf,Published research baseline; status may be outdated,Low,2026-08-02,Databook systems specification page 308.
UAV-0510,,RQ-24A Sixton,Italy,Alpi Aviation,Military / Government,Small / tactical; Rotary-wing,In use or under development as documented in 2019,Not collected,https://commons.wikimedia.org/w/index.php?search=RQ-24A%20Sixton%20UAV&title=Special:MediaSearch&type=image,,,,,Rotary-wing,Group I,,,0.5,5,,,,,1,Bard Drone Databook 2019,https://dronecenter.bard.edu/files/2019/10/CSD-Drone-Databook-Web.pdf,Published research baseline; status may be outdated,Low,2026-08-02,Databook systems specification page 308.
UAV-0511,,Strix-C,Italy,Alpi Aviation,Military / Government,Small / tactical; Fixed-wing,In use or under development as documented in 2019,Not collected,https://commons.wikimedia.org/w/index.php?search=Strix-C%20UAV&title=Special:MediaSearch&type=image,,,,,Fixed-wing,Group I,8.65,,,,86,1.5,3,,1,Bard Drone Databook 2019,https://dronecenter.bard.edu/files/2019/10/CSD-Drone-Databook-Web.pdf,Published research baseline; status may be outdated,Low,2026-08-02,Databook systems specification page 308.
UAV-0512,,Strix-D,Italy,Alpi Aviation,Military / Government,Small / tactical; Fixed-wing,In use or under development as documented in 2019,Not collected,https://commons.wikimedia.org/w/index.php?search=Strix-D%20UAV&title=Special:MediaSearch&type=image,,,,,Fixed-wing,Group I,,,,,,,,,1,Bard Drone Databook 2019,https://dronecenter.bard.edu/files/2019/10/CSD-Drone-Databook-Web.pdf,Published research baseline; status may be outdated,Low,2026-08-02,Databook systems specification page 308.
UAV-0513,,FFOS/FFRS,Japan,Fuji Heavy Industries,Military / Government,Medium tactical; Rotary-wing,In use or under development as documented in 2019,Not collected,https://commons.wikimedia.org/w/index.php?search=FFOS/FFRS%20UAV&title=Special:MediaSearch&type=image,,,,,Rotary-wing,Group II,,,,,,,,,1,Bard Drone Databook 2019,https://dronecenter.bard.edu/files/2019/10/CSD-Drone-Databook-Web.pdf,Published research baseline; status may be outdated,Low,2026-08-02,Databook systems specification page 308.
UAV-0514,,JUXS-S1,Japan,Hitachi,Military / Government,Small / tactical; Fixed-wing,In use or under development as documented in 2019,Not collected,https://commons.wikimedia.org/w/index.php?search=JUXS-S1%20UAV&title=Special:MediaSearch&type=image,,,,,Fixed-wing,Group I,,,,,,,,,1,Bard Drone Databook 2019,https://dronecenter.bard.edu/files/2019/10/CSD-Drone-Databook-Web.pdf,Published research baseline; status may be outdated,Low,2026-08-02,Databook systems specification page 308.
UAV-0515,,Penguin C,Latvia,UAV Factory,Military / Government,Small / tactical; Fixed-wing,In use or under development as documented in 2019,Not collected,https://commons.wikimedia.org/w/index.php?search=Penguin%20C%20UAV&title=Special:MediaSearch&type=image,,,,,Fixed-wing,Group I,23,,20,100,115,,3.3,2.3,1,Bard Drone Databook 2019,https://dronecenter.bard.edu/files/2019/10/CSD-Drone-Databook-Web.pdf,Published research baseline; status may be outdated,Low,2026-08-02,Databook systems specification page 308.
UAV-0516,,Aludra (Mk1),Malaysia,CTRM,Military / Government,Medium tactical; Fixed-wing,In use or under development as documented in 2019,Not collected,https://commons.wikimedia.org/w/index.php?search=Aludra%20%28Mk1%29%20UAV&title=Special:MediaSearch&type=image,,,,,Fixed-wing,Group II,200,,3,100,220,25,6,4.5,1,Bard Drone Databook 2019,https://dronecenter.bard.edu/files/2019/10/CSD-Drone-Databook-Web.pdf,Published research baseline; status may be outdated,Low,2026-08-02,Databook systems specification page 308.
UAV-0517,,G1 Guerrero,Mexico,Hydra Technol- ogies,Military / Government,Small / tactical; Fixed-wing,In use or under development as documented in 2019,Not collected,https://commons.wikimedia.org/w/index.php?search=G1%20Guerrero%20UAV&title=Special:MediaSearch&type=image,,,,,Fixed-wing,Group I,30,,6,40,,,2.8,,1,Bard Drone Databook 2019,https://dronecenter.bard.edu/files/2019/10/CSD-Drone-Databook-Web.pdf,Published research baseline; status may be outdated,Low,2026-08-02,Databook systems specification page 309.
UAV-0518,,S4 Ehécatl,Mexico,Hydra Technol- ogies,Military / Government,Small / tactical; Fixed-wing,In use or under development as documented in 2019,Not collected,https://commons.wikimedia.org/w/index.php?search=S4%20Eh%C3%A9catl%20UAV&title=Special:MediaSearch&type=image,,,,,Fixed-wing,Group I,55,,8,,167,9,3.7,,1,Bard Drone Databook 2019,https://dronecenter.bard.edu/files/2019/10/CSD-Drone-Databook-Web.pdf,Published research baseline; status may be outdated,Low,2026-08-02,Databook systems specification page 309.
UAV-0519,,S45 Balaam,Mexico,Hydra Technol- ogies,Military / Government,Medium tactical; Fixed-wing,In use or under development as documented in 2019,Not collected,https://commons.wikimedia.org/w/index.php?search=S45%20Balaam%20UAV&title=Special:MediaSearch&type=image,,,,,Fixed-wing,Group II,,,12,,,5,,,1,Bard Drone Databook 2019,https://dronecenter.bard.edu/files/2019/10/CSD-Drone-Databook-Web.pdf,Published research baseline; status may be outdated,Low,2026-08-02,Databook systems specification page 309.
UAV-0520,,Tsaigumi,Mexico,"431 Engineering Group, UAVi- sion",Military / Government,Small / tactical; Fixed-wing,In use or under development as documented in 2019,Not collected,https://commons.wikimedia.org/w/index.php?search=Tsaigumi%20UAV&title=Special:MediaSearch&type=image,,,,,Fixed-wing,Group I,95,,,,,,,,1,Bard Drone Databook 2019,https://dronecenter.bard.edu/files/2019/10/CSD-Drone-Databook-Web.pdf,Published research baseline; status may be outdated,Low,2026-08-02,Databook systems specification page 309.
UAV-0521,,Shahpar,Pakistan,GIDS,Military / Government,Medium tactical; Fixed-wing,In use or under development as documented in 2019,Not collected,https://commons.wikimedia.org/w/index.php?search=Shahpar%20UAV&title=Special:MediaSearch&type=image,,,,,Fixed-wing,Group II,480,,7,250,150,50,6.6,4.2,1,Bard Drone Databook 2019,https://dronecenter.bard.edu/files/2019/10/CSD-Drone-Databook-Web.pdf,Published research baseline; status may be outdated,Low,2026-08-02,Databook systems specification page 309.
UAV-0522,,Uqab,Pakistan,GIDS,Military / Government,Medium tactical; Fixed-wing,In use or under development as documented in 2019,Not collected,https://commons.wikimedia.org/w/index.php?search=Uqab%20UAV&title=Special:MediaSearch&type=image,,,,,Fixed-wing,Group II,200,,6,150,,,5.5,4,1,Bard Drone Databook 2019,https://dronecenter.bard.edu/files/2019/10/CSD-Drone-Databook-Web.pdf,Published research baseline; status may be outdated,Low,2026-08-02,Databook systems specification page 309.
UAV-0523,,PGZ-19R,Peru,WZL-2,Military / Government,Small / tactical; Fixed-wing,In use or under development as documented in 2019,Not collected,https://commons.wikimedia.org/w/index.php?search=PGZ-19R%20UAV&title=Special:MediaSearch&type=image,,,,,Fixed-wing,Group I,90,,12,150,180,20,5.4,2.8,1,Bard Drone Databook 2019,https://dronecenter.bard.edu/files/2019/10/CSD-Drone-Databook-Web.pdf,Published research baseline; status may be outdated,Low,2026-08-02,Databook systems specification page 309.
UAV-0524,,Ricuk,Peru,CIDEP,Military / Government,Small / tactical; Fixed-wing,In use or under development as documented in 2019,Not collected,https://commons.wikimedia.org/w/index.php?search=Ricuk%20UAV&title=Special:MediaSearch&type=image,,,,,Fixed-wing,Group I,,,,,,,,,1,Bard Drone Databook 2019,https://dronecenter.bard.edu/files/2019/10/CSD-Drone-Databook-Web.pdf,Published research baseline; status may be outdated,Low,2026-08-02,Databook systems specification page 309.
UAV-0525,,SACT Boreal 5,Romania,Military Equipment and Technolo- gies Research Agency,Military / Government,Small / tactical; Fixed-wing,In use or under development as documented in 2019,Not collected,https://commons.wikimedia.org/w/index.php?search=SACT%20Boreal%205%20UAV&title=Special:MediaSearch&type=image,,,,,Fixed-wing,Group I,5,,,6,75,,1.6,1.4,1,Bard Drone Databook 2019,https://dronecenter.bard.edu/files/2019/10/CSD-Drone-Databook-Web.pdf,Published research baseline; status may be outdated,Low,2026-08-02,Databook systems specification page 309.
UAV-0526,,Corsair,Russia,OKB Luch,Military / Government,Medium tactical; Fixed-wing,In use or under development as documented in 2019,Not collected,https://commons.wikimedia.org/w/index.php?search=Corsair%20UAV&title=Special:MediaSearch&type=image,,,,,Fixed-wing,Group II,,,,100,,,,,1,Bard Drone Databook 2019,https://dronecenter.bard.edu/files/2019/10/CSD-Drone-Databook-Web.pdf,Published research baseline; status may be outdated,Low,2026-08-02,Databook systems specification page 309.
UAV-0527,,Eleron-3SV,Russia,Eniks,Military / Government,Small / tactical; Fixed-wing,In use or under development as documented in 2019,Not collected,https://commons.wikimedia.org/w/index.php?search=Eleron-3SV%20UAV&title=Special:MediaSearch&type=image,,,,,Fixed-wing,Group I,5.5,,1.5,,130,1,1.47,0.6,1,Bard Drone Databook 2019,https://dronecenter.bard.edu/files/2019/10/CSD-Drone-Databook-Web.pdf,Published research baseline; status may be outdated,Low,2026-08-02,Databook systems specification page 309.
UAV-0528,,Granat-1,Russia,Kalashnikov,Military / Government,Small / tactical; Fixed-wing,In use or under development as documented in 2019,Not collected,https://commons.wikimedia.org/w/index.php?search=Granat-1%20UAV&title=Special:MediaSearch&type=image,,,,,Fixed-wing,Group I,2.5,,1.3,,120,0.4,,,1,Bard Drone Databook 2019,https://dronecenter.bard.edu/files/2019/10/CSD-Drone-Databook-Web.pdf,Published research baseline; status may be outdated,Low,2026-08-02,Databook systems specification page 309.
UAV-0529,,Granat-4,Russia,Kalashnikov,Military / Government,Small / tactical; Fixed-wing,In use or under development as documented in 2019,Not collected,https://commons.wikimedia.org/w/index.php?search=Granat-4%20UAV&title=Special:MediaSearch&type=image,,,,,Fixed-wing,Group I,30,,,70,145,3,3.2,2.4,1,Bard Drone Databook 2019,https://dronecenter.bard.edu/files/2019/10/CSD-Drone-Databook-Web.pdf,Published research baseline; status may be outdated,Low,2026-08-02,Databook systems specification page 309.
UAV-0530,,Orion,Russia,Kronshtadt Group,Military / Government,Large / strategic; Fixed-wing,In use or under development as documented in 2019,Not collected,https://commons.wikimedia.org/w/index.php?search=Orion%20UAV&title=Special:MediaSearch&type=image,,,,,Fixed-wing,Group III,1000,,24,300,,60-200,16,8,1,Bard Drone Databook 2019,https://dronecenter.bard.edu/files/2019/10/CSD-Drone-Databook-Web.pdf,Published research baseline; status may be outdated,Low,2026-08-02,Databook systems specification page 310.
UAV-0531,,Ptero-5E,Russia,AFM Servers,Military / Government,Small / tactical; Fixed-wing,In use or under development as documented in 2019,Not collected,https://commons.wikimedia.org/w/index.php?search=Ptero-5E%20UAV&title=Special:MediaSearch&type=image,,,,,Fixed-wing,Group I,30,,8,15-75,,5,,,1,Bard Drone Databook 2019,https://dronecenter.bard.edu/files/2019/10/CSD-Drone-Databook-Web.pdf,Published research baseline; status may be outdated,Low,2026-08-02,Databook systems specification page 310.
UAV-0532,,Takhion,Russia,Izhmash-UAV,Military / Government,Small / tactical; Fixed-wing,In use or under development as documented in 2019,Not collected,https://commons.wikimedia.org/w/index.php?search=Takhion%20UAV&title=Special:MediaSearch&type=image,,,,,Fixed-wing,Group I,25,,6,40,,,,,1,Bard Drone Databook 2019,https://dronecenter.bard.edu/files/2019/10/CSD-Drone-Databook-Web.pdf,Published research baseline; status may be outdated,Low,2026-08-02,Databook systems specification page 310.
UAV-0533,,Skyblade III,Singapore,Singapore Tech- nologies,Military / Government,Small / tactical; Fixed-wing,In use or under development as documented in 2019,Not collected,https://commons.wikimedia.org/w/index.php?search=Skyblade%20III%20UAV&title=Special:MediaSearch&type=image,,,,,Fixed-wing,Group I,5,,1,8,,,2.6,1.4,1,Bard Drone Databook 2019,https://dronecenter.bard.edu/files/2019/10/CSD-Drone-Databook-Web.pdf,Published research baseline; status may be outdated,Low,2026-08-02,Databook systems specification page 310.
UAV-0534,,Bramor,Slovenia,C-Astral,Military / Government,Small / tactical; Fixed-wing,In use or under development as documented in 2019,Not collected,https://commons.wikimedia.org/w/index.php?search=Bramor%20UAV&title=Special:MediaSearch&type=image,,,,,Fixed-wing,Group I,4.5,,3,30,108,,2.3,1,1,Bard Drone Databook 2019,https://dronecenter.bard.edu/files/2019/10/CSD-Drone-Databook-Web.pdf,Published research baseline; status may be outdated,Low,2026-08-02,Databook systems specification page 310.
UAV-0535,,Indiza,South Africa,CSIR,Military / Government,Small / tactical; Fixed-wing,In use or under development as documented in 2019,Not collected,https://commons.wikimedia.org/w/index.php?search=Indiza%20UAV&title=Special:MediaSearch&type=image,,,,,Fixed-wing,Group I,,,1,10,,0.5,2,,1,Bard Drone Databook 2019,https://dronecenter.bard.edu/files/2019/10/CSD-Drone-Databook-Web.pdf,Published research baseline; status may be outdated,Low,2026-08-02,Databook systems specification page 310.
UAV-0536,,Seeker 200,South Africa,Denel Dynamics,Military / Government,Medium tactical; Fixed-wing,In use or under development as documented in 2019,Not collected,https://commons.wikimedia.org/w/index.php?search=Seeker%20200%20UAV&title=Special:MediaSearch&type=image,,,,,Fixed-wing,Group II,,,10,250,,40,,,1,Bard Drone Databook 2019,https://dronecenter.bard.edu/files/2019/10/CSD-Drone-Databook-Web.pdf,Published research baseline; status may be outdated,Low,2026-08-02,Databook systems specification page 310.
UAV-0537,,RemoEye-002B,South Korea,UconSystem,Military / Government,Small / tactical; Fixed-wing,In use or under development as documented in 2019,Not collected,https://commons.wikimedia.org/w/index.php?search=RemoEye-002B%20UAV&title=Special:MediaSearch&type=image,,,,,Fixed-wing,Group I,3.4,,1,10,80,,1.8,1.44,1,Bard Drone Databook 2019,https://dronecenter.bard.edu/files/2019/10/CSD-Drone-Databook-Web.pdf,Published research baseline; status may be outdated,Low,2026-08-02,Databook systems specification page 310.
UAV-0538,,Remoeye-006,South Korea,Ucon System,Military / Government,Small / tactical; Fixed-wing,In use or under development as documented in 2019,Not collected,https://commons.wikimedia.org/w/index.php?search=Remoeye-006%20UAV&title=Special:MediaSearch&type=image,,,,,Fixed-wing,Group I,,,2,15,75,,2.72,1.72,1,Bard Drone Databook 2019,https://dronecenter.bard.edu/files/2019/10/CSD-Drone-Databook-Web.pdf,Published research baseline; status may be outdated,Low,2026-08-02,Databook systems specification page 310.
UAV-0539,,RQ-101 Falcon,South Korea,KAI,Military / Government,Medium tactical; Fixed-wing,In use or under development as documented in 2019,Not collected,https://commons.wikimedia.org/w/index.php?search=RQ-101%20Falcon%20UAV&title=Special:MediaSearch&type=image,,,,,Fixed-wing,Group II,,,6,80,185,,6.4,4.7,1,Bard Drone Databook 2019,https://dronecenter.bard.edu/files/2019/10/CSD-Drone-Databook-Web.pdf,Published research baseline; status may be outdated,Low,2026-08-02,Databook systems specification page 310.
UAV-0540,,RQ-102,South Korea,KAI,Military / Government,Medium tactical; Fixed-wing,In use or under development as documented in 2019,Not collected,https://commons.wikimedia.org/w/index.php?search=RQ-102%20UAV&title=Special:MediaSearch&type=image,,,,,Fixed-wing,Group II,,,,,,,,,1,Bard Drone Databook 2019,https://dronecenter.bard.edu/files/2019/10/CSD-Drone-Databook-Web.pdf,Published research baseline; status may be outdated,Low,2026-08-02,Databook systems specification page 310.
UAV-0541,,XeFI,South Korea,NESTEC,Military / Government,Small / tactical; Rotary-wing,In use or under development as documented in 2019,Not collected,https://commons.wikimedia.org/w/index.php?search=XeFI%20UAV&title=Special:MediaSearch&type=image,,,,,Rotary-wing,Group I,3,,0.5,3,36,0.5,,,1,Bard Drone Databook 2019,https://dronecenter.bard.edu/files/2019/10/CSD-Drone-Databook-Web.pdf,Published research baseline; status may be outdated,Low,2026-08-02,Databook systems specification page 310.
UAV-0542,,Alpha 800,Spain,Alpha Un- manned Systems,Military / Government,Small / tactical; Rotary-wing,In use or under development as documented in 2019,Not collected,https://commons.wikimedia.org/w/index.php?search=Alpha%20800%20UAV&title=Special:MediaSearch&type=image,,,,,Rotary-wing,Group I,,,2.5,30,,,1.8,1.7,1,Bard Drone Databook 2019,https://dronecenter.bard.edu/files/2019/10/CSD-Drone-Databook-Web.pdf,Published research baseline; status may be outdated,Low,2026-08-02,Databook systems specification page 310.
UAV-0543,,Atlante Tucan,Spain,Airbus SCR,Military / Government,Small / tactical; Fixed-wing,In use or under development as documented in 2019,Not collected,https://commons.wikimedia.org/w/index.php?search=Atlante%20Tucan%20UAV&title=Special:MediaSearch&type=image,,,,,Fixed-wing,Group I,5,,0.8,,,,2.73,,1,Bard Drone Databook 2019,https://dronecenter.bard.edu/files/2019/10/CSD-Drone-Databook-Web.pdf,Published research baseline; status may be outdated,Low,2026-08-02,Databook systems specification page 311.
UAV-0544,,Atlantic,Spain,SCR,Military / Government,Small / tactical; Fixed-wing,In use or under development as documented in 2019,Not collected,https://commons.wikimedia.org/w/index.php?search=Atlantic%20UAV&title=Special:MediaSearch&type=image,,,,,Fixed-wing,Group I,,,5,100,,,,,1,Bard Drone Databook 2019,https://dronecenter.bard.edu/files/2019/10/CSD-Drone-Databook-Web.pdf,Published research baseline; status may be outdated,Low,2026-08-02,Databook systems specification page 310.
UAV-0545,,Condor,Spain,Drone Tools,Military / Government,Small / tactical; Fixed-wing,In use or under development as documented in 2019,Not collected,https://commons.wikimedia.org/w/index.php?search=Condor%20UAV&title=Special:MediaSearch&type=image,,,,,Fixed-wing,Group I,,,,,,,,,1,Bard Drone Databook 2019,https://dronecenter.bard.edu/files/2019/10/CSD-Drone-Databook-Web.pdf,Published research baseline; status may be outdated,Low,2026-08-02,Databook systems specification page 310.
UAV-0546,,Fulmar X,Spain,Thales España,Military / Government,Small / tactical; Fixed-wing,In use or under development as documented in 2019,Not collected,https://commons.wikimedia.org/w/index.php?search=Fulmar%20X%20UAV&title=Special:MediaSearch&type=image,,,,,Fixed-wing,Group I,20,,8,80,,4,3,1.2,1,Bard Drone Databook 2019,https://dronecenter.bard.edu/files/2019/10/CSD-Drone-Databook-Web.pdf,Published research baseline; status may be outdated,Low,2026-08-02,Databook systems specification page 311.
UAV-0547,,Sistema integra- do de vigilancia aérea (SIVA),Spain,National Insti- tute of Aero- space Technol- ogy,Military / Government,Small / tactical; Fixed-wing,In use or under development as documented in 2019,Not collected,https://commons.wikimedia.org/w/index.php?search=Sistema%20integra-%20do%20de%20vigilancia%20a%C3%A9rea%20%28SIVA%29%20UAV&title=Special:MediaSearch&type=image,,,,,Fixed-wing,Group I,300,,,,190,,5.8,4,1,Bard Drone Databook 2019,https://dronecenter.bard.edu/files/2019/10/CSD-Drone-Databook-Web.pdf,Published research baseline; status may be outdated,Low,2026-08-02,Databook systems specification page 311.
UAV-0548,,F-330,Sweden,UMS Skeldar,Military / Government,Small / tactical; Fixed-wing,In use or under development as documented in 2019,Not collected,https://commons.wikimedia.org/w/index.php?search=F-330%20UAV&title=Special:MediaSearch&type=image,,,,,Fixed-wing,Group I,23.7,,8,,120,10,3.3,2.27,1,Bard Drone Databook 2019,https://dronecenter.bard.edu/files/2019/10/CSD-Drone-Databook-Web.pdf,Published research baseline; status may be outdated,Low,2026-08-02,Databook systems specification page 311.
UAV-0549,,V-200,Sweden,UMS Skeldar,Military / Government,Medium tactical; Rotary-wing,In use or under development as documented in 2019,Not collected,https://commons.wikimedia.org/w/index.php?search=V-200%20UAV&title=Special:MediaSearch&type=image,,,,,Rotary-wing,Group II,235,,5,100-200,150,,4.6,4,1,Bard Drone Databook 2019,https://dronecenter.bard.edu/files/2019/10/CSD-Drone-Databook-Web.pdf,Published research baseline; status may be outdated,Low,2026-08-02,Databook systems specification page 311.
UAV-0550,,Cardinal II,Taiwan,NCSIST,Military / Government,Small / tactical; Fixed-wing,In use or under development as documented in 2019,Not collected,https://commons.wikimedia.org/w/index.php?search=Cardinal%20II%20UAV&title=Special:MediaSearch&type=image,,,,,Fixed-wing,Group I,5.5,,1,,55,,1.9,1.3,1,Bard Drone Databook 2019,https://dronecenter.bard.edu/files/2019/10/CSD-Drone-Databook-Web.pdf,Published research baseline; status may be outdated,Low,2026-08-02,Databook systems specification page 311.
UAV-0551,,Chung Shyang II,Taiwan,CSIST,Military / Government,Medium tactical; Fixed-wing,In use or under development as documented in 2019,Not collected,https://commons.wikimedia.org/w/index.php?search=Chung%20Shyang%20II%20UAV&title=Special:MediaSearch&type=image,,,,,Fixed-wing,Group II,450,,,,180,,8.7,5.3,1,Bard Drone Databook 2019,https://dronecenter.bard.edu/files/2019/10/CSD-Drone-Databook-Web.pdf,Published research baseline; status may be outdated,Low,2026-08-02,Databook systems specification page 311.
UAV-0552,,Teng Yun,Taiwan,National Chung- Shan Institute of Science and Technology,Military / Government,Large / strategic; Fixed-wing,In use or under development as documented in 2019,Not collected,https://commons.wikimedia.org/w/index.php?search=Teng%20Yun%20UAV&title=Special:MediaSearch&type=image,,,,,Fixed-wing,Group III,,,24,,,,18,8,1,Bard Drone Databook 2019,https://dronecenter.bard.edu/files/2019/10/CSD-Drone-Databook-Web.pdf,Published research baseline; status may be outdated,Low,2026-08-02,Databook systems specification page 311.
UAV-0553,,Narai 3.0,Thailand,Naval Research and Develop- ment Office (NRDO),Military / Government,Small / tactical; Rotary-wing,In use or under development as documented in 2019,Not collected,https://commons.wikimedia.org/w/index.php?search=Narai%203.0%20UAV&title=Special:MediaSearch&type=image,,,,,Rotary-wing,Group I,,,,,,,,,1,Bard Drone Databook 2019,https://dronecenter.bard.edu/files/2019/10/CSD-Drone-Databook-Web.pdf,Published research baseline; status may be outdated,Low,2026-08-02,Databook systems specification page 311.
UAV-0554,,Tiger Shark II,Thailand,DTI,Military / Government,Small / tactical; Fixed-wing,In use or under development as documented in 2019,Not collected,https://commons.wikimedia.org/w/index.php?search=Tiger%20Shark%20II%20UAV&title=Special:MediaSearch&type=image,,,,,Fixed-wing,Group I,,,12,,185.2,,6,4.2,1,Bard Drone Databook 2019,https://dronecenter.bard.edu/files/2019/10/CSD-Drone-Databook-Web.pdf,Published research baseline; status may be outdated,Low,2026-08-02,Databook systems specification page 311.
UAV-0555,,U-1 Sky Scout,Thailand,RV Connex,Military / Government,Small / tactical; Fixed-wing,In use or under development as documented in 2019,Not collected,https://commons.wikimedia.org/w/index.php?search=U-1%20Sky%20Scout%20UAV&title=Special:MediaSearch&type=image,,,,,Fixed-wing,Group I,,,,,,,,,1,Bard Drone Databook 2019,https://dronecenter.bard.edu/files/2019/10/CSD-Drone-Databook-Web.pdf,Published research baseline; status may be outdated,Low,2026-08-02,Databook systems specification page 311.
UAV-0556,,Anka,Türkiye,TAI,Military / Government,Large / strategic; Fixed-wing,In use or under development as documented in 2019,Not collected,https://commons.wikimedia.org/w/index.php?search=Anka%20UAV&title=Special:MediaSearch&type=image,,,,,Fixed-wing,Group III,1600,,24,,217,200,17,8,1,Bard Drone Databook 2019,https://dronecenter.bard.edu/files/2019/10/CSD-Drone-Databook-Web.pdf,Published research baseline; status may be outdated,Low,2026-08-02,Databook systems specification page 311.
UAV-0557,,Bayraktar Mini,Türkiye,Kale-Baykar,Military / Government,Small / tactical; Fixed-wing,In use or under development as documented in 2019,Not collected,https://commons.wikimedia.org/w/index.php?search=Bayraktar%20Mini%20UAV&title=Special:MediaSearch&type=image,,,,,Fixed-wing,Group I,,,1.2,55,60,,2,1.2,1,Bard Drone Databook 2019,https://dronecenter.bard.edu/files/2019/10/CSD-Drone-Databook-Web.pdf,Published research baseline; status may be outdated,Low,2026-08-02,Databook systems specification page 311.
UAV-0558,,Kargu,Türkiye,STM,Military / Government,Small / tactical; Rotary-wing,In use or under development as documented in 2019,Not collected,https://commons.wikimedia.org/w/index.php?search=Kargu%20UAV&title=Special:MediaSearch&type=image,,,,,Rotary-wing,Group I,,,,,,,,,1,Bard Drone Databook 2019,https://dronecenter.bard.edu/files/2019/10/CSD-Drone-Databook-Web.pdf,Published research baseline; status may be outdated,Low,2026-08-02,Databook systems specification page 311.
UAV-0559,,Serçe-1,Türkiye,Aselsan,Military / Government,Small / tactical; Rotary-wing,In use or under development as documented in 2019,Not collected,https://commons.wikimedia.org/w/index.php?search=Ser%C3%A7e-1%20UAV&title=Special:MediaSearch&type=image,,,,,Rotary-wing,Group I,6.5,,0.5,3,,1,,,1,Bard Drone Databook 2019,https://dronecenter.bard.edu/files/2019/10/CSD-Drone-Databook-Web.pdf,Published research baseline; status may be outdated,Low,2026-08-02,Databook systems specification page 311.
UAV-0560,,A1-S/M Fury,Ukraine,Athlone Air,Military / Government,Small / tactical; Fixed-wing,In use or under development as documented in 2019,Not collected,https://commons.wikimedia.org/w/index.php?search=A1-S/M%20Fury%20UAV&title=Special:MediaSearch&type=image,,,,,Fixed-wing,Group I,2.5,,,50,130,,1.6,1.06,1,Bard Drone Databook 2019,https://dronecenter.bard.edu/files/2019/10/CSD-Drone-Databook-Web.pdf,Published research baseline; status may be outdated,Low,2026-08-02,Databook systems specification page 312.
UAV-0561,,ASU-1 Valkyrie,Ukraine,Aviation Sys- tems of Ukraine,Military / Government,Small / tactical; Fixed-wing,In use or under development as documented in 2019,Not collected,https://commons.wikimedia.org/w/index.php?search=ASU-1%20Valkyrie%20UAV&title=Special:MediaSearch&type=image,,,,,Fixed-wing,Group I,3.5,,2,35,60,,1.6,,1,Bard Drone Databook 2019,https://dronecenter.bard.edu/files/2019/10/CSD-Drone-Databook-Web.pdf,Published research baseline; status may be outdated,Low,2026-08-02,Databook systems specification page 312.
UAV-0562,,Horlytsya,Ukraine,Antonov,Military / Government,Medium tactical; Fixed-wing,In use or under development as documented in 2019,Not collected,https://commons.wikimedia.org/w/index.php?search=Horlytsya%20UAV&title=Special:MediaSearch&type=image,,,,,Fixed-wing,Group II,200,,7,1050,180,50,6.7,,1,Bard Drone Databook 2019,https://dronecenter.bard.edu/files/2019/10/CSD-Drone-Databook-Web.pdf,Published research baseline; status may be outdated,Low,2026-08-02,Databook systems specification page 312.
UAV-0563,,Observer-S,Ukraine,Def C,Military / Government,Small / tactical; Fixed-wing,In use or under development as documented in 2019,Not collected,https://commons.wikimedia.org/w/index.php?search=Observer-S%20UAV&title=Special:MediaSearch&type=image,,,,,Fixed-wing,Group I,6.5,,1.5-5,75-100,,1.5,3.4,1.65,1,Bard Drone Databook 2019,https://dronecenter.bard.edu/files/2019/10/CSD-Drone-Databook-Web.pdf,Published research baseline; status may be outdated,Low,2026-08-02,Databook systems specification page 312.
UAV-0564,,Raybird-3,Ukraine,AVK Skateon,Military / Government,Small / tactical; Fixed-wing,In use or under development as documented in 2019,Not collected,https://commons.wikimedia.org/w/index.php?search=Raybird-3%20UAV&title=Special:MediaSearch&type=image,,,,,Fixed-wing,Group I,21,,15,240,160,5,2.98,1.83,1,Bard Drone Databook 2019,https://dronecenter.bard.edu/files/2019/10/CSD-Drone-Databook-Web.pdf,Published research baseline; status may be outdated,Low,2026-08-02,Databook systems specification page 312.
UAV-0565,,Sparrow,Ukraine,Spaitech,Military / Government,Small / tactical; Fixed-wing,In use or under development as documented in 2019,Not collected,https://commons.wikimedia.org/w/index.php?search=Sparrow%20UAV&title=Special:MediaSearch&type=image,,,,,Fixed-wing,Group I,3,,1.25,20,110,,0.98,,1,Bard Drone Databook 2019,https://dronecenter.bard.edu/files/2019/10/CSD-Drone-Databook-Web.pdf,Published research baseline; status may be outdated,Low,2026-08-02,Databook systems specification page 312.
UAV-0566,,Spectator-M,Ukraine,Politeco Aero,Military / Government,Small / tactical; Fixed-wing,In use or under development as documented in 2019,Not collected,https://commons.wikimedia.org/w/index.php?search=Spectator-M%20UAV&title=Special:MediaSearch&type=image,,,,,Fixed-wing,Group I,5.5,,2,50,120,2,3,1.29,1,Bard Drone Databook 2019,https://dronecenter.bard.edu/files/2019/10/CSD-Drone-Databook-Web.pdf,Published research baseline; status may be outdated,Low,2026-08-02,Databook systems specification page 312.
UAV-0567,,Yabhon Flash-20*,United Arab Emirates,ADCOM Sys- tems,Military / Government,Large / strategic; Fixed-wing,In use or under development as documented in 2019,Not collected,https://commons.wikimedia.org/w/index.php?search=Yabhon%20Flash-20%2A%20UAV&title=Special:MediaSearch&type=image,,,,,Fixed-wing,Group III,,,,,,,,,1,Bard Drone Databook 2019,https://dronecenter.bard.edu/files/2019/10/CSD-Drone-Databook-Web.pdf,Published research baseline; status may be outdated,Low,2026-08-02,Databook systems specification page 312.
UAV-0568,,Yabhon Unit- ed-40*,United Arab Emirates,ADCOM Sys- tems,Military / Government,Large / strategic; Fixed-wing,In use or under development as documented in 2019,Not collected,https://commons.wikimedia.org/w/index.php?search=Yabhon%20Unit-%20ed-40%2A%20UAV&title=Special:MediaSearch&type=image,,,,,Fixed-wing,Group III,1500,,,,,,,11.3,1,Bard Drone Databook 2019,https://dronecenter.bard.edu/files/2019/10/CSD-Drone-Databook-Web.pdf,Published research baseline; status may be outdated,Low,2026-08-02,Databook systems specification page 312.
UAV-0569,,Black Hornet (PRS),United States,FLIR,Military / Government,Small / tactical; Rotary-wing,In use or under development as documented in 2019,Not collected,https://commons.wikimedia.org/w/index.php?search=Black%20Hornet%20%28PRS%29%20UAV&title=Special:MediaSearch&type=image,,,,,Rotary-wing,Group I,0.033,,0.4,2,18,,0.12,0.168,1,Bard Drone Databook 2019,https://dronecenter.bard.edu/files/2019/10/CSD-Drone-Databook-Web.pdf,Published research baseline; status may be outdated,Low,2026-08-02,Databook systems specification page 312.
UAV-0570,,Desert Hawk (3),United States,Lockheed Martin,Military / Government,Small / tactical; Fixed-wing,In use or under development as documented in 2019,Not collected,https://commons.wikimedia.org/w/index.php?search=Desert%20Hawk%20%283%29%20UAV&title=Special:MediaSearch&type=image,,,,,Fixed-wing,Group I,3.7,,1.5,,92,0.9,1.5,,1,Bard Drone Databook 2019,https://dronecenter.bard.edu/files/2019/10/CSD-Drone-Databook-Web.pdf,Published research baseline; status may be outdated,Low,2026-08-02,Databook systems specification page 312.
UAV-0571,,InstantEye (Gen3),United States,Physical Sci- ences,Military / Government,Small / tactical; Rotary-wing,In use or under development as documented in 2019,Not collected,https://commons.wikimedia.org/w/index.php?search=InstantEye%20%28Gen3%29%20UAV&title=Special:MediaSearch&type=image,,,,,Rotary-wing,Group I,0.5,,0.5,2,,0.3,,,1,Bard Drone Databook 2019,https://dronecenter.bard.edu/files/2019/10/CSD-Drone-Databook-Web.pdf,Published research baseline; status may be outdated,Low,2026-08-02,Databook systems specification page 312.
UAV-0572,,K-MAX,United States,Kaman,Military / Government,Large / strategic; Rotary-wing,In use or under development as documented in 2019,Not collected,https://commons.wikimedia.org/w/index.php?search=K-MAX%20UAV&title=Special:MediaSearch&type=image,,,,,Rotary-wing,Group III,5443,,12,1852,185,,14.7,15.8,1,Bard Drone Databook 2019,https://dronecenter.bard.edu/files/2019/10/CSD-Drone-Databook-Web.pdf,Published research baseline; status may be outdated,Low,2026-08-02,Databook systems specification page 312.
UAV-0573,,MQ-1 Predator,United States,GA-ASI,Military / Government,Large / strategic; Fixed-wing,In use or under development as documented in 2019,Not collected,https://commons.wikimedia.org/w/index.php?search=MQ-1%20Predator%20UAV&title=Special:MediaSearch&type=image,,,,,Fixed-wing,Group III,1020,,,1250,215,204,16.8,8.22,1,Bard Drone Databook 2019,https://dronecenter.bard.edu/files/2019/10/CSD-Drone-Databook-Web.pdf,Published research baseline; status may be outdated,Low,2026-08-02,Databook systems specification page 312.
UAV-0574,,MQ-19 Aero- sonde,United States,AAI,Military / Government,Small / tactical; Fixed-wing,In use or under development as documented in 2019,Not collected,https://commons.wikimedia.org/w/index.php?search=MQ-19%20Aero-%20sonde%20UAV&title=Special:MediaSearch&type=image,,,,,Fixed-wing,Group I,36.4,,14,140,,,11,,1,Bard Drone Databook 2019,https://dronecenter.bard.edu/files/2019/10/CSD-Drone-Databook-Web.pdf,Published research baseline; status may be outdated,Low,2026-08-02,Databook systems specification page 312.
UAV-0575,,MQ-8 Fire Scout ( C ),United States,Northrop Grum- man,Military / Government,Large / strategic; Rotary-wing,In use or under development as documented in 2019,Not collected,https://commons.wikimedia.org/w/index.php?search=MQ-8%20Fire%20Scout%20%28%20C%20%29%20UAV&title=Special:MediaSearch&type=image,,,,,Rotary-wing,Group III,2721,,12,2272,250,227,10.7,12.6,1,Bard Drone Databook 2019,https://dronecenter.bard.edu/files/2019/10/CSD-Drone-Databook-Web.pdf,Published research baseline; status may be outdated,Low,2026-08-02,Databook systems specification page 313.
UAV-0576,,MQ-9 Reaper,United States,GA-ASI,Military / Government,Large / strategic; Fixed-wing,In use or under development as documented in 2019,Not collected,https://commons.wikimedia.org/w/index.php?search=MQ-9%20Reaper%20UAV&title=Special:MediaSearch&type=image,,,,,Fixed-wing,Group III,4763,,27,1851,445,386,20,11,1,Bard Drone Databook 2019,https://dronecenter.bard.edu/files/2019/10/CSD-Drone-Databook-Web.pdf,Published research baseline; status may be outdated,Low,2026-08-02,Databook systems specification page 313.
UAV-0577,,Phoenix 30,United States,UAV Solutions,Military / Government,Small / tactical; Rotary-wing,In use or under development as documented in 2019,Not collected,https://commons.wikimedia.org/w/index.php?search=Phoenix%2030%20UAV&title=Special:MediaSearch&type=image,,,,,Rotary-wing,Group I,4.5,,0.5,,,0.9,0.5,0.5,1,Bard Drone Databook 2019,https://dronecenter.bard.edu/files/2019/10/CSD-Drone-Databook-Web.pdf,Published research baseline; status may be outdated,Low,2026-08-02,Databook systems specification page 313.
UAV-0578,,RQ-11,United States,AeroVironment,Military / Government,Small / tactical; Fixed-wing,In use or under development as documented in 2019,Not collected,https://commons.wikimedia.org/w/index.php?search=RQ-11%20UAV&title=Special:MediaSearch&type=image,,,,,Fixed-wing,Group I,1.9,,1.5,10,81,,1.4,1,1,Bard Drone Databook 2019,https://dronecenter.bard.edu/files/2019/10/CSD-Drone-Databook-Web.pdf,Published research baseline; status may be outdated,Low,2026-08-02,Databook systems specification page 313.
UAV-0579,,RQ-12 Wasp,United States,AeroVironment,Military / Government,Small / tactical; Fixed-wing,In use or under development as documented in 2019,Not collected,https://commons.wikimedia.org/w/index.php?search=RQ-12%20Wasp%20UAV&title=Special:MediaSearch&type=image,,,,,Fixed-wing,Group I,1.3,,0.8,5,83,,1,0.8,1,Bard Drone Databook 2019,https://dronecenter.bard.edu/files/2019/10/CSD-Drone-Databook-Web.pdf,Published research baseline; status may be outdated,Low,2026-08-02,Databook systems specification page 313.
UAV-0580,,RQ-180,United States,Northrop Grum- man,Military / Government,Large / strategic; Fixed-wing,In use or under development as documented in 2019,Not collected,https://commons.wikimedia.org/w/index.php?search=RQ-180%20UAV&title=Special:MediaSearch&type=image,,,,,Fixed-wing,Group III,,,,,,,,,1,Bard Drone Databook 2019,https://dronecenter.bard.edu/files/2019/10/CSD-Drone-Databook-Web.pdf,Published research baseline; status may be outdated,Low,2026-08-02,Databook systems specification page 313.
UAV-0581,,RQ-20 Puma (AE),United States,AeroVironment,Military / Government,Small / tactical; Fixed-wing,In use or under development as documented in 2019,Not collected,https://commons.wikimedia.org/w/index.php?search=RQ-20%20Puma%20%28AE%29%20UAV&title=Special:MediaSearch&type=image,,,,,Fixed-wing,Group I,6.3,,3,20,83,,2.8,1.4,1,Bard Drone Databook 2019,https://dronecenter.bard.edu/files/2019/10/CSD-Drone-Databook-Web.pdf,Published research baseline; status may be outdated,Low,2026-08-02,Databook systems specification page 313.
UAV-0582,,RQ-21 Black- jack,United States,Insitu,Military / Government,Small / tactical; Fixed-wing,In use or under development as documented in 2019,Not collected,https://commons.wikimedia.org/w/index.php?search=RQ-21%20Black-%20jack%20UAV&title=Special:MediaSearch&type=image,,,,,Fixed-wing,Group I,61,,16,,167,17.7,4.9,2.5,1,Bard Drone Databook 2019,https://dronecenter.bard.edu/files/2019/10/CSD-Drone-Databook-Web.pdf,Published research baseline; status may be outdated,Low,2026-08-02,Databook systems specification page 313.
UAV-0583,,RQ-23 Tiger- shark,United States,Navmar Applied Sciences Corpo- ration,Military / Government,Medium tactical; Fixed-wing,In use or under development as documented in 2019,Not collected,https://commons.wikimedia.org/w/index.php?search=RQ-23%20Tiger-%20shark%20UAV&title=Special:MediaSearch&type=image,,,,,Fixed-wing,Group II,226,,12,,148,45,6.7,4.5,1,Bard Drone Databook 2019,https://dronecenter.bard.edu/files/2019/10/CSD-Drone-Databook-Web.pdf,Published research baseline; status may be outdated,Low,2026-08-02,Databook systems specification page 313.
UAV-0584,,RQ-7 Shadow,United States,AAI,Military / Government,Medium tactical; Fixed-wing,In use or under development as documented in 2019,Not collected,https://commons.wikimedia.org/w/index.php?search=RQ-7%20Shadow%20UAV&title=Special:MediaSearch&type=image,,,,,Fixed-wing,Group II,212,,9,125,200,43,6,3.6,1,Bard Drone Databook 2019,https://dronecenter.bard.edu/files/2019/10/CSD-Drone-Databook-Web.pdf,Published research baseline; status may be outdated,Low,2026-08-02,Databook systems specification page 313.
UAV-0585,,Silver Fox,United States,"BAE,Raytheon",Military / Government,Small / tactical; Fixed-wing,In use or under development as documented in 2019,Not collected,https://commons.wikimedia.org/w/index.php?search=Silver%20Fox%20UAV&title=Special:MediaSearch&type=image,,,,,Fixed-wing,Group I,13,,10,37,93,,2.4,,1,Bard Drone Databook 2019,https://dronecenter.bard.edu/files/2019/10/CSD-Drone-Databook-Web.pdf,Published research baseline; status may be outdated,Low,2026-08-02,Databook systems specification page 313.
UAV-0586,,Stalker,United States,Lockheed Martin,Military / Government,Small / tactical; Fixed-wing,In use or under development as documented in 2019,Not collected,https://commons.wikimedia.org/w/index.php?search=Stalker%20UAV&title=Special:MediaSearch&type=image,,,,,Fixed-wing,Group I,10,,8,,72,2.5,3.7,,1,Bard Drone Databook 2019,https://dronecenter.bard.edu/files/2019/10/CSD-Drone-Databook-Web.pdf,Published research baseline; status may be outdated,Low,2026-08-02,Databook systems specification page 313.
UAV-0587,,Switchblade,United States,AeroVironment,Military / Government,Small / tactical; Fixed-wing,In use or under development as documented in 2019,Not collected,https://commons.wikimedia.org/w/index.php?search=Switchblade%20UAV&title=Special:MediaSearch&type=image,,,,,Fixed-wing,Group I,2.5,,0.2,10,157,,,,1,Bard Drone Databook 2019,https://dronecenter.bard.edu/files/2019/10/CSD-Drone-Databook-Web.pdf,Published research baseline; status may be outdated,Low,2026-08-02,Databook systems specification page 313.
UAV-0588,,T-20 JUMP,United States,Arcturus,Military / Government,Small / tactical; Fixed-wing,In use or under development as documented in 2019,Not collected,https://commons.wikimedia.org/w/index.php?search=T-20%20JUMP%20UAV&title=Special:MediaSearch&type=image,,,,,Fixed-wing,Group I,83,,20,,139,34,5.3,2.7,1,Bard Drone Databook 2019,https://dronecenter.bard.edu/files/2019/10/CSD-Drone-Databook-Web.pdf,Published research baseline; status may be outdated,Low,2026-08-02,Databook systems specification page 313.
UAV-0589,,T-Hawk,United States,Honeywell,Military / Government,Small / tactical; Rotary-wing,In use or under development as documented in 2019,Not collected,https://commons.wikimedia.org/w/index.php?search=T-Hawk%20UAV&title=Special:MediaSearch&type=image,,,,,Rotary-wing,Group I,,,0.8,10,,,,,1,Bard Drone Databook 2019,https://dronecenter.bard.edu/files/2019/10/CSD-Drone-Databook-Web.pdf,Published research baseline; status may be outdated,Low,2026-08-02,Databook systems specification page 313.
UAV-0590,,ANT,Uruguay,CIACA,Military / Government,Small / tactical; Fixed-wing,In use or under development as documented in 2019,Not collected,https://commons.wikimedia.org/w/index.php?search=ANT%20UAV&title=Special:MediaSearch&type=image,,,,,Fixed-wing,Group I,,,,,,,,,1,Bard Drone Databook 2019,https://dronecenter.bard.edu/files/2019/10/CSD-Drone-Databook-Web.pdf,Published research baseline; status may be outdated,Low,2026-08-02,Databook systems specification page 312.
UAV-0591,,Shikra,Vietnam,Viettel,Military / Government,Small / tactical; Fixed-wing,In use or under development as documented in 2019,Not collected,https://commons.wikimedia.org/w/index.php?search=Shikra%20UAV&title=Special:MediaSearch&type=image,,,,,Fixed-wing,Group I,,,,,,,,,1,Bard Drone Databook 2019,https://dronecenter.bard.edu/files/2019/10/CSD-Drone-Databook-Web.pdf,Published research baseline; status may be outdated,Low,2026-08-02,Databook systems specification page 314.
