source_record_id,platform_name,country_of_origin,manufacturer,domain,category,status,photo_url,photo_page_url,photo_license,photo_status,source_dataset,source_url,source_date,verification_level,aliases,model_code,design_organisation,class_mark,airframe_type,mtow_kg,endurance_min,endurance_h,range_km,max_speed_kmh,payload_kg,wingspan_m,length_m,notes
SRC-0001,MQ-9A Reaper,United States,,Military,MALE fixed-wing,Not specified,,,,Not collected,Curated UAV Seed 2026,Internal curated seed,2026-08-02,Curated; source review required,,,,,,,,,,,,,,ISR / strike
SRC-0002,MQ-9B SkyGuardian/SeaGuardian,United States,,Military,MALE fixed-wing,Not specified,,,,Not collected,Curated UAV Seed 2026,Internal curated seed,2026-08-02,Curated; source review required,,,,,,,,,,,,,,ISR / maritime / strike
SRC-0003,MQ-1C Gray Eagle,United States,,Military,MALE fixed-wing,Not specified,,,,Not collected,Curated UAV Seed 2026,Internal curated seed,2026-08-02,Curated; source review required,,,,,,,,,,,,,,ISR / strike
SRC-0004,RQ-4 Global Hawk,United States,,Military,HALE fixed-wing,Not specified,,,,Not collected,Curated UAV Seed 2026,Internal curated seed,2026-08-02,Curated; source review required,,,,,,,,,,,,,,Strategic ISR
SRC-0005,MQ-4C Triton,United States,,Military,HALE fixed-wing,Not specified,,,,Not collected,Curated UAV Seed 2026,Internal curated seed,2026-08-02,Curated; source review required,,,,,,,,,,,,,,Maritime ISR
SRC-0006,RQ-170 Sentinel,United States,,Military,Low-observable flying wing,Not specified,,,,Not collected,Curated UAV Seed 2026,Internal curated seed,2026-08-02,Curated; source review required,,,,,,,,,,,,,,Strategic ISR
SRC-0007,XQ-58A Valkyrie,United States,,Military,Collaborative combat aircraft,Not specified,,,,Not collected,Curated UAV Seed 2026,Internal curated seed,2026-08-02,Curated; source review required,,,,,,,,,,,,,,Attritable combat support
SRC-0008,MQ-25 Stingray,United States,,Military,Carrier fixed-wing,Not specified,,,,Not collected,Curated UAV Seed 2026,Internal curated seed,2026-08-02,Curated; source review required,,,,,,,,,,,,,,Aerial refuelling / ISR
SRC-0009,RQ-7B Shadow,United States,,Military,Tactical fixed-wing,Not specified,,,,Not collected,Curated UAV Seed 2026,Internal curated seed,2026-08-02,Curated; source review required,,,,,,,,,,,,,,Brigade ISR
SRC-0010,RQ-21A Blackjack,United States,,Military,Tactical fixed-wing,Not specified,,,,Not collected,Curated UAV Seed 2026,Internal curated seed,2026-08-02,Curated; source review required,,,,,,,,,,,,,,Maritime / land ISR
SRC-0011,Raven RQ-11,United States,,Military,Mini hand-launched fixed-wing,Not specified,,,,Not collected,Curated UAV Seed 2026,Internal curated seed,2026-08-02,Curated; source review required,,,,,,,,,,,,,,Tactical ISR
SRC-0012,Switchblade 300,United States,,Military,Loitering munition,Not specified,,,,Not collected,Curated UAV Seed 2026,Internal curated seed,2026-08-02,Curated; source review required,,,,,,,,,,,,,,Anti-personnel / light target
SRC-0013,Switchblade 600,United States,,Military,Loitering munition,Not specified,,,,Not collected,Curated UAV Seed 2026,Internal curated seed,2026-08-02,Curated; source review required,,,,,,,,,,,,,,Anti-armour
SRC-0014,Phoenix Ghost family,United States,,Military,Loitering munition,Not specified,,,,Not collected,Curated UAV Seed 2026,Internal curated seed,2026-08-02,Curated; source review required,,,,,,,,,,,,,,Tactical strike
SRC-0015,Anduril Ghost / Ghost-X,United States,,Military,VTOL tactical UAS,Not specified,,,,Not collected,Curated UAV Seed 2026,Internal curated seed,2026-08-02,Curated; source review required,,,,,,,,,,,,,,ISR / autonomy
SRC-0016,Bayraktar TB2,Türkiye,,Military,MALE fixed-wing,Not specified,,,,Not collected,Curated UAV Seed 2026,Internal curated seed,2026-08-02,Curated; source review required,,,,,,,,,,,,,,ISR / precision strike
SRC-0017,Bayraktar TB3,Türkiye,,Military,Ship-capable MALE,Not specified,,,,Not collected,Curated UAV Seed 2026,Internal curated seed,2026-08-02,Curated; source review required,,,,,,,,,,,,,,Naval ISR / strike
SRC-0018,Bayraktar Akinci,Türkiye,,Military,Heavy HALE/MALE UCAV,Not specified,,,,Not collected,Curated UAV Seed 2026,Internal curated seed,2026-08-02,Curated; source review required,,,,,,,,,,,,,,ISR / heavy strike
SRC-0019,Bayraktar Kizilelma,Türkiye,,Military,Jet UCAV,Not specified,,,,Not collected,Curated UAV Seed 2026,Internal curated seed,2026-08-02,Curated; source review required,,,,,,,,,,,,,,Collaborative / strike
SRC-0020,TAI Anka,Türkiye,,Military,MALE fixed-wing,Not specified,,,,Not collected,Curated UAV Seed 2026,Internal curated seed,2026-08-02,Curated; source review required,,,,,,,,,,,,,,ISR / strike
SRC-0021,TAI Aksungur,Türkiye,,Military,Twin-engine MALE,Not specified,,,,Not collected,Curated UAV Seed 2026,Internal curated seed,2026-08-02,Curated; source review required,,,,,,,,,,,,,,ISR / strike / maritime
SRC-0022,TAI Anka-3,Türkiye,,Military,Flying-wing UCAV,Not specified,,,,Not collected,Curated UAV Seed 2026,Internal curated seed,2026-08-02,Curated; source review required,,,,,,,,,,,,,,Low-observable strike
SRC-0023,STM Kargu,Türkiye,,Military,Rotary-wing loitering munition,Not specified,,,,Not collected,Curated UAV Seed 2026,Internal curated seed,2026-08-02,Curated; source review required,,,,,,,,,,,,,,Tactical strike
SRC-0024,STM Alpagu,Türkiye,,Military,Fixed-wing loitering munition,Not specified,,,,Not collected,Curated UAV Seed 2026,Internal curated seed,2026-08-02,Curated; source review required,,,,,,,,,,,,,,Tactical strike
SRC-0025,Heron 1,Israel,,Military,MALE fixed-wing,Not specified,,,,Not collected,Curated UAV Seed 2026,Internal curated seed,2026-08-02,Curated; source review required,,,,,,,,,,,,,,ISR
SRC-0026,Heron TP / Eitan,Israel,,Military,HALE/MALE fixed-wing,Not specified,,,,Not collected,Curated UAV Seed 2026,Internal curated seed,2026-08-02,Curated; source review required,,,,,,,,,,,,,,Strategic ISR / strike capable
SRC-0027,Hermes 450,Israel,,Military,Tactical/MALE fixed-wing,Not specified,,,,Not collected,Curated UAV Seed 2026,Internal curated seed,2026-08-02,Curated; source review required,,,,,,,,,,,,,,ISR
SRC-0028,Hermes 900,Israel,,Military,MALE fixed-wing,Not specified,,,,Not collected,Curated UAV Seed 2026,Internal curated seed,2026-08-02,Curated; source review required,,,,,,,,,,,,,,ISR / maritime
SRC-0029,Searcher Mk II,Israel,,Military,Tactical fixed-wing,Not specified,,,,Not collected,Curated UAV Seed 2026,Internal curated seed,2026-08-02,Curated; source review required,,,,,,,,,,,,,,ISR
SRC-0030,Harop,Israel,,Military,Loitering munition,Not specified,,,,Not collected,Curated UAV Seed 2026,Internal curated seed,2026-08-02,Curated; source review required,,,,,,,,,,,,,,SEAD / precision strike
SRC-0031,Harpy,Israel,,Military,Loitering munition,Not specified,,,,Not collected,Curated UAV Seed 2026,Internal curated seed,2026-08-02,Curated; source review required,,,,,,,,,,,,,,Anti-radiation
SRC-0032,SkyStriker,Israel,,Military,Loitering munition,Not specified,,,,Not collected,Curated UAV Seed 2026,Internal curated seed,2026-08-02,Curated; source review required,,,,,,,,,,,,,,Precision strike
SRC-0033,Wing Loong I,China,,Military,MALE fixed-wing,Not specified,,,,Not collected,Curated UAV Seed 2026,Internal curated seed,2026-08-02,Curated; source review required,,,,,,,,,,,,,,ISR / strike
SRC-0034,Wing Loong II,China,,Military,MALE fixed-wing,Not specified,,,,Not collected,Curated UAV Seed 2026,Internal curated seed,2026-08-02,Curated; source review required,,,,,,,,,,,,,,ISR / strike
SRC-0035,CH-4,China,,Military,MALE fixed-wing,Not specified,,,,Not collected,Curated UAV Seed 2026,Internal curated seed,2026-08-02,Curated; source review required,,,,,,,,,,,,,,ISR / strike
SRC-0036,CH-5,China,,Military,Heavy MALE,Not specified,,,,Not collected,Curated UAV Seed 2026,Internal curated seed,2026-08-02,Curated; source review required,,,,,,,,,,,,,,Long-endurance ISR / strike
SRC-0037,WZ-7 Soaring Dragon,China,,Military,HALE fixed-wing,Not specified,,,,Not collected,Curated UAV Seed 2026,Internal curated seed,2026-08-02,Curated; source review required,,,,,,,,,,,,,,Strategic ISR
SRC-0038,WZ-8,China,,Military,High-speed reconnaissance UAV,Not specified,,,,Not collected,Curated UAV Seed 2026,Internal curated seed,2026-08-02,Curated; source review required,,,,,,,,,,,,,,Strategic ISR
SRC-0039,GJ-11 Sharp Sword,China,,Military,Flying-wing UCAV,Not specified,,,,Not collected,Curated UAV Seed 2026,Internal curated seed,2026-08-02,Curated; source review required,,,,,,,,,,,,,,Low-observable strike
SRC-0040,TB-001 Twin-Tailed Scorpion,China,,Military,Twin-engine MALE,Not specified,,,,Not collected,Curated UAV Seed 2026,Internal curated seed,2026-08-02,Curated; source review required,,,,,,,,,,,,,,ISR / strike
SRC-0041,ASN-209 / Silver Eagle,China,,Military,Tactical fixed-wing,Not specified,,,,Not collected,Curated UAV Seed 2026,Internal curated seed,2026-08-02,Curated; source review required,,,,,,,,,,,,,,ISR
SRC-0042,Orion / Inokhodets,Russia,,Military,MALE fixed-wing,Not specified,,,,Not collected,Curated UAV Seed 2026,Internal curated seed,2026-08-02,Curated; source review required,,,,,,,,,,,,,,ISR / strike
SRC-0043,Forpost-R,Russia,,Military,Tactical/MALE fixed-wing,Not specified,,,,Not collected,Curated UAV Seed 2026,Internal curated seed,2026-08-02,Curated; source review required,,,,,,,,,,,,,,ISR / strike
SRC-0044,Orlan-10,Russia,,Military,Small fixed-wing,Not specified,,,,Not collected,Curated UAV Seed 2026,Internal curated seed,2026-08-02,Curated; source review required,,,,,,,,,,,,,,Artillery spotting / ISR
SRC-0045,Orlan-30,Russia,,Military,Small fixed-wing,Not specified,,,,Not collected,Curated UAV Seed 2026,Internal curated seed,2026-08-02,Curated; source review required,,,,,,,,,,,,,,ISR / laser designation
SRC-0046,ZALA Lancet,Russia,,Military,Loitering munition,Not specified,,,,Not collected,Curated UAV Seed 2026,Internal curated seed,2026-08-02,Curated; source review required,,,,,,,,,,,,,,Precision strike
SRC-0047,Kub-BLA,Russia,,Military,Loitering munition,Not specified,,,,Not collected,Curated UAV Seed 2026,Internal curated seed,2026-08-02,Curated; source review required,,,,,,,,,,,,,,Tactical strike
SRC-0048,S-70 Okhotnik-B,Russia,,Military,Heavy flying-wing UCAV,Not specified,,,,Not collected,Curated UAV Seed 2026,Internal curated seed,2026-08-02,Curated; source review required,,,,,,,,,,,,,,Collaborative / strike
SRC-0049,Geran-2 / Shahed-136 derivative,Iran / Russia,,Military,One-way attack UAV,Not specified,,,,Not collected,Curated UAV Seed 2026,Internal curated seed,2026-08-02,Curated; source review required,,,,,,,,,,,,,,Long-range strike
SRC-0050,Shahed-129,Iran,,Military,MALE fixed-wing,Not specified,,,,Not collected,Curated UAV Seed 2026,Internal curated seed,2026-08-02,Curated; source review required,,,,,,,,,,,,,,ISR / strike
SRC-0051,Mohajer-6,Iran,,Military,Tactical/MALE fixed-wing,Not specified,,,,Not collected,Curated UAV Seed 2026,Internal curated seed,2026-08-02,Curated; source review required,,,,,,,,,,,,,,ISR / strike
SRC-0052,Shahed-136,Iran,,Military,One-way attack UAV,Not specified,,,,Not collected,Curated UAV Seed 2026,Internal curated seed,2026-08-02,Curated; source review required,,,,,,,,,,,,,,Long-range strike
SRC-0053,Shahed-131,Iran,,Military,One-way attack UAV,Not specified,,,,Not collected,Curated UAV Seed 2026,Internal curated seed,2026-08-02,Curated; source review required,,,,,,,,,,,,,,Long-range strike
SRC-0054,Shahed-238,Iran,,Military,Jet-powered one-way attack UAV,Not specified,,,,Not collected,Curated UAV Seed 2026,Internal curated seed,2026-08-02,Curated; source review required,,,,,,,,,,,,,,High-speed strike
SRC-0055,Ababil family,Iran,,Military,Tactical fixed-wing,Not specified,,,,Not collected,Curated UAV Seed 2026,Internal curated seed,2026-08-02,Curated; source review required,,,,,,,,,,,,,,ISR / strike variants
SRC-0056,Karrar,Iran,,Military,Jet target/strike UAV,Not specified,,,,Not collected,Curated UAV Seed 2026,Internal curated seed,2026-08-02,Curated; source review required,,,,,,,,,,,,,,Strike / target drone
SRC-0057,Ghatak / SWiFT demonstrator,India,,Military,Flying-wing UCAV demonstrator,Not specified,,,,Not collected,Curated UAV Seed 2026,Internal curated seed,2026-08-02,Curated; source review required,,,,,,,,,,,,,,Technology development
SRC-0058,Rustom-II / TAPAS BH-201,India,,Military,MALE fixed-wing,Not specified,,,,Not collected,Curated UAV Seed 2026,Internal curated seed,2026-08-02,Curated; source review required,,,,,,,,,,,,,,ISR development
SRC-0059,Archer-NG,India,,Military,MALE fixed-wing,Not specified,,,,Not collected,Curated UAV Seed 2026,Internal curated seed,2026-08-02,Curated; source review required,,,,,,,,,,,,,,ISR / strike development
SRC-0060,Nishant,India,,Military,Tactical fixed-wing,Not specified,,,,Not collected,Curated UAV Seed 2026,Internal curated seed,2026-08-02,Curated; source review required,,,,,,,,,,,,,,ISR
SRC-0061,NewSpace BEL VUAV concepts,India,,Military,Swarm / tactical UAS,Not specified,,,,Not collected,Curated UAV Seed 2026,Internal curated seed,2026-08-02,Curated; source review required,,,,,,,,,,,,,,Collaborative missions
SRC-0062,RQ-101 Songgolmae,South Korea,,Military,Tactical fixed-wing,Not specified,,,,Not collected,Curated UAV Seed 2026,Internal curated seed,2026-08-02,Curated; source review required,,,,,,,,,,,,,,ISR
SRC-0063,KUS-FS,South Korea,,Military,MALE fixed-wing,Not specified,,,,Not collected,Curated UAV Seed 2026,Internal curated seed,2026-08-02,Curated; source review required,,,,,,,,,,,,,,ISR development
SRC-0064,KUS-VH,South Korea,,Military,Unmanned helicopter,Not specified,,,,Not collected,Curated UAV Seed 2026,Internal curated seed,2026-08-02,Curated; source review required,,,,,,,,,,,,,,Maritime / tactical ISR
SRC-0065,KUS-FC,South Korea,,Military,Low-observable UCAV concept,Not specified,,,,Not collected,Curated UAV Seed 2026,Internal curated seed,2026-08-02,Curated; source review required,,,,,,,,,,,,,,Collaborative combat
SRC-0066,Watchkeeper WK450,United Kingdom,,Military,Tactical fixed-wing,Not specified,,,,Not collected,Curated UAV Seed 2026,Internal curated seed,2026-08-02,Curated; source review required,,,,,,,,,,,,,,ISR
SRC-0067,Protector RG Mk1,United Kingdom,,Military,MQ-9B MALE,Not specified,,,,Not collected,Curated UAV Seed 2026,Internal curated seed,2026-08-02,Curated; source review required,,,,,,,,,,,,,,ISR / strike
SRC-0068,Taranis demonstrator,United Kingdom,,Military,Flying-wing UCAV demonstrator,Not specified,,,,Not collected,Curated UAV Seed 2026,Internal curated seed,2026-08-02,Curated; source review required,,,,,,,,,,,,,,Autonomy / low observability
SRC-0069,Eurodrone,European consortium,,Military,Twin-engine MALE,Not specified,,,,Not collected,Curated UAV Seed 2026,Internal curated seed,2026-08-02,Curated; source review required,,,,,,,,,,,,,,ISR / strike development
SRC-0070,nEUROn,European consortium,,Military,Flying-wing UCAV demonstrator,Not specified,,,,Not collected,Curated UAV Seed 2026,Internal curated seed,2026-08-02,Curated; source review required,,,,,,,,,,,,,,Low-observable technology
SRC-0071,SIRTAP,Spain / Colombia,,Military,Tactical MALE,Not specified,,,,Not collected,Curated UAV Seed 2026,Internal curated seed,2026-08-02,Curated; source review required,,,,,,,,,,,,,,ISR development
SRC-0072,Luna NG,Germany,,Military,Tactical fixed-wing,Not specified,,,,Not collected,Curated UAV Seed 2026,Internal curated seed,2026-08-02,Curated; source review required,,,,,,,,,,,,,,ISR
SRC-0073,Patroller,France,,Military,MALE fixed-wing,Not specified,,,,Not collected,Curated UAV Seed 2026,Internal curated seed,2026-08-02,Curated; source review required,,,,,,,,,,,,,,ISR
SRC-0074,Aarok,France,,Military,Heavy MALE,Not specified,,,,Not collected,Curated UAV Seed 2026,Internal curated seed,2026-08-02,Curated; source review required,,,,,,,,,,,,,,ISR / strike development
SRC-0075,Aliaca,France,,Military,Mini fixed-wing,Not specified,,,,Not collected,Curated UAV Seed 2026,Internal curated seed,2026-08-02,Curated; source review required,,,,,,,,,,,,,,Naval ISR
SRC-0076,Falco EVO,Italy,,Military,MALE fixed-wing,Not specified,,,,Not collected,Curated UAV Seed 2026,Internal curated seed,2026-08-02,Curated; source review required,,,,,,,,,,,,,,ISR
SRC-0077,Falco Xplorer,Italy,,Military,MALE fixed-wing,Not specified,,,,Not collected,Curated UAV Seed 2026,Internal curated seed,2026-08-02,Curated; source review required,,,,,,,,,,,,,,Persistent ISR
SRC-0078,Warmate,Poland,,Military,Loitering munition,Not specified,,,,Not collected,Curated UAV Seed 2026,Internal curated seed,2026-08-02,Curated; source review required,,,,,,,,,,,,,,Tactical strike
SRC-0079,FlyEye,Poland,,Military,Mini fixed-wing,Not specified,,,,Not collected,Curated UAV Seed 2026,Internal curated seed,2026-08-02,Curated; source review required,,,,,,,,,,,,,,ISR
SRC-0080,Gladius system,Poland,,Military,Loitering munition system,Not specified,,,,Not collected,Curated UAV Seed 2026,Internal curated seed,2026-08-02,Curated; source review required,,,,,,,,,,,,,,Recon-strike
SRC-0081,PD-2,Ukraine,,Military,VTOL fixed-wing,Not specified,,,,Not collected,Curated UAV Seed 2026,Internal curated seed,2026-08-02,Curated; source review required,,,,,,,,,,,,,,ISR / targeting
SRC-0082,Leleka-100,Ukraine,,Military,Small fixed-wing,Not specified,,,,Not collected,Curated UAV Seed 2026,Internal curated seed,2026-08-02,Curated; source review required,,,,,,,,,,,,,,ISR / artillery spotting
SRC-0083,Shark,Ukraine,,Military,Small fixed-wing,Not specified,,,,Not collected,Curated UAV Seed 2026,Internal curated seed,2026-08-02,Curated; source review required,,,,,,,,,,,,,,ISR / targeting
SRC-0084,UJ-22 Airborne,Ukraine,,Military,Long-range fixed-wing,Not specified,,,,Not collected,Curated UAV Seed 2026,Internal curated seed,2026-08-02,Curated; source review required,,,,,,,,,,,,,,Strike / ISR
SRC-0085,Bober,Ukraine,,Military,One-way attack UAV,Not specified,,,,Not collected,Curated UAV Seed 2026,Internal curated seed,2026-08-02,Curated; source review required,,,,,,,,,,,,,,Long-range strike
SRC-0086,AQ-400 Scythe,Ukraine,,Military,One-way attack UAV,Not specified,,,,Not collected,Curated UAV Seed 2026,Internal curated seed,2026-08-02,Curated; source review required,,,,,,,,,,,,,,Long-range strike
SRC-0087,Magura V5,Ukraine,,Military,Uncrewed surface vessel,Not specified,,,,Not collected,Curated UAV Seed 2026,Internal curated seed,2026-08-02,Curated; source review required,,,,,,,,,,,,,,Maritime strike (included as adjacent unmanned system)
SRC-0088,Seeker 400,South Africa,,Military,Tactical/MALE fixed-wing,Not specified,,,,Not collected,Curated UAV Seed 2026,Internal curated seed,2026-08-02,Curated; source review required,,,,,,,,,,,,,,ISR
SRC-0089,Milkor 380,South Africa,,Military,MALE fixed-wing,Not specified,,,,Not collected,Curated UAV Seed 2026,Internal curated seed,2026-08-02,Curated; source review required,,,,,,,,,,,,,,ISR / strike
SRC-0090,Yabhon United 40,United Arab Emirates,,Military,MALE fixed-wing,Not specified,,,,Not collected,Curated UAV Seed 2026,Internal curated seed,2026-08-02,Curated; source review required,,,,,,,,,,,,,,ISR / strike
SRC-0091,QX-4 / QX-5 families,United Arab Emirates,,Military,Loitering / tactical UAS,Not specified,,,,Not collected,Curated UAV Seed 2026,Internal curated seed,2026-08-02,Curated; source review required,,,,,,,,,,,,,,Strike / ISR
SRC-0092,Karayel,Turkiye / Saudi Arabia,,Military,Tactical MALE,Not specified,,,,Not collected,Curated UAV Seed 2026,Internal curated seed,2026-08-02,Curated; source review required,,,,,,,,,,,,,,ISR / strike
SRC-0093,Saqr-1,Saudi Arabia,,Military,MALE fixed-wing,Not specified,,,,Not collected,Curated UAV Seed 2026,Internal curated seed,2026-08-02,Curated; source review required,,,,,,,,,,,,,,ISR / strike
SRC-0094,Manta Ray,United States,,Military,Large autonomous UUV,Not specified,,,,Not collected,Curated UAV Seed 2026,Internal curated seed,2026-08-02,Curated; source review required,,,,,,,,,,,,,,Undersea mission (adjacent unmanned system)
SRC-0095,ScanEagle,United States,,Dual-use,Small fixed-wing,Not specified,,,,Not collected,Curated UAV Seed 2026,Internal curated seed,2026-08-02,Curated; source review required,,,,,,,,,,,,,,ISR / maritime surveillance
SRC-0096,Puma AE,United States,,Dual-use,Small hand-launched fixed-wing,Not specified,,,,Not collected,Curated UAV Seed 2026,Internal curated seed,2026-08-02,Curated; source review required,,,,,,,,,,,,,,ISR / mapping
SRC-0097,Orbiter family,Israel,,Dual-use,Small fixed-wing,Not specified,,,,Not collected,Curated UAV Seed 2026,Internal curated seed,2026-08-02,Curated; source review required,,,,,,,,,,,,,,ISR / mapping
SRC-0098,DJI Mavic 3 Enterprise,China,,Dual-use,Small multirotor,Not specified,,,,Not collected,Curated UAV Seed 2026,Internal curated seed,2026-08-02,Curated; source review required,,,,,,,,,,,,,,Survey / inspection / public safety
SRC-0099,DJI Matrice 350 RTK,China,,Dual-use,Enterprise multirotor,Not specified,,,,Not collected,Curated UAV Seed 2026,Internal curated seed,2026-08-02,Curated; source review required,,,,,,,,,,,,,,Inspection / mapping / emergency response
SRC-0100,DJI Matrice 400,China,,Dual-use,Enterprise multirotor,Not specified,,,,Not collected,Curated UAV Seed 2026,Internal curated seed,2026-08-02,Curated; source review required,,,,,,,,,,,,,,Heavy sensor operations
SRC-0101,Autel EVO Max 4T,China,,Dual-use,Enterprise multirotor,Not specified,,,,Not collected,Curated UAV Seed 2026,Internal curated seed,2026-08-02,Curated; source review required,,,,,,,,,,,,,,Inspection / public safety
SRC-0102,Netra V-series,India,,Dual-use,Small multirotor,Not specified,,,,Not collected,Curated UAV Seed 2026,Internal curated seed,2026-08-02,Curated; source review required,,,,,,,,,,,,,,ISR / public safety
SRC-0103,ideaForge SWITCH UAV,India,,Dual-use,VTOL fixed-wing,Not specified,,,,Not collected,Curated UAV Seed 2026,Internal curated seed,2026-08-02,Curated; source review required,,,,,,,,,,,,,,Mapping / surveillance
SRC-0104,ideaForge NETRA V4+,India,,Dual-use,Quadrotor,Not specified,,,,Not collected,Curated UAV Seed 2026,Internal curated seed,2026-08-02,Curated; source review required,,,,,,,,,,,,,,ISR / inspection
SRC-0105,Malloy T150/T400,United Kingdom,,Dual-use,Cargo multirotor,Not specified,,,,Not collected,Curated UAV Seed 2026,Internal curated seed,2026-08-02,Curated; source review required,,,,,,,,,,,,,,Resupply / logistics
SRC-0106,Alpha 900,Spain,,Dual-use,Unmanned helicopter,Not specified,,,,Not collected,Curated UAV Seed 2026,Internal curated seed,2026-08-02,Curated; source review required,,,,,,,,,,,,,,Maritime / inspection
SRC-0107,Quantum Systems Vector,Germany,,Dual-use,VTOL fixed-wing,Not specified,,,,Not collected,Curated UAV Seed 2026,Internal curated seed,2026-08-02,Curated; source review required,,,,,,,,,,,,,,ISR / mapping
SRC-0108,AWHero,Italy,,Dual-use,Unmanned helicopter,Not specified,,,,Not collected,Curated UAV Seed 2026,Internal curated seed,2026-08-02,Curated; source review required,,,,,,,,,,,,,,Maritime ISR / civil missions
SRC-0109,Parrot Anafi AI,France,,Dual-use,Enterprise quadrotor,Not specified,,,,Not collected,Curated UAV Seed 2026,Internal curated seed,2026-08-02,Curated; source review required,,,,,,,,,,,,,,Mapping / inspection
SRC-0110,Parrot Anafi USA,France / United States,,Dual-use,Enterprise quadrotor,Not specified,,,,Not collected,Curated UAV Seed 2026,Internal curated seed,2026-08-02,Curated; source review required,,,,,,,,,,,,,,Public safety / inspection
SRC-0111,Skydio X10,United States,,Dual-use,Autonomous quadrotor,Not specified,,,,Not collected,Curated UAV Seed 2026,Internal curated seed,2026-08-02,Curated; source review required,,,,,,,,,,,,,,Inspection / public safety
SRC-0112,Skydio X2D,United States,,Dual-use,Autonomous quadrotor,Not specified,,,,Not collected,Curated UAV Seed 2026,Internal curated seed,2026-08-02,Curated; source review required,,,,,,,,,,,,,,Defense / public safety
SRC-0113,Inspired Flight IF1200A,United States,,Dual-use,Heavy-lift multirotor,Not specified,,,,Not collected,Curated UAV Seed 2026,Internal curated seed,2026-08-02,Curated; source review required,,,,,,,,,,,,,,Mapping / public safety
SRC-0114,Elroy Air Chaparral,United States,,Dual-use,Autonomous cargo VTOL,Not specified,,,,Not collected,Curated UAV Seed 2026,Internal curated seed,2026-08-02,Curated; source review required,,,,,,,,,,,,,,Middle-mile logistics
SRC-0115,Beta ALIA,United States,,Dual-use,eVTOL/CTOL aircraft,Not specified,,,,Not collected,Curated UAV Seed 2026,Internal curated seed,2026-08-02,Curated; source review required,,,,,,,,,,,,,,Cargo / passenger
SRC-0116,JOUAV CW-25E,China,,Dual-use,VTOL fixed-wing,Not specified,,,,Not collected,Curated UAV Seed 2026,Internal curated seed,2026-08-02,Curated; source review required,,,,,,,,,,,,,,Survey / surveillance
SRC-0117,AeroVironment Quantix Recon,United States,,Dual-use,VTOL fixed-wing,Not specified,,,,Not collected,Curated UAV Seed 2026,Internal curated seed,2026-08-02,Curated; source review required,,,,,,,,,,,,,,Mapping / reconnaissance
SRC-0118,AgEagle eBee VISION,United States / Switzerland,,Dual-use,Fixed-wing ISR UAV,Not specified,,,,Not collected,Curated UAV Seed 2026,Internal curated seed,2026-08-02,Curated; source review required,,,,,,,,,,,,,,Reconnaissance / mapping
SRC-0119,ACSL SOTEN,Japan,,Dual-use,Secure quadrotor,Not specified,,,,Not collected,Curated UAV Seed 2026,Internal curated seed,2026-08-02,Curated; source review required,,,,,,,,,,,,,,Inspection / public safety
SRC-0120,Draganfly Commander 3 XL,Canada,,Dual-use,Multirotor,Not specified,,,,Not collected,Curated UAV Seed 2026,Internal curated seed,2026-08-02,Curated; source review required,,,,,,,,,,,,,,Public safety / delivery
SRC-0121,Aeryon SkyRanger R70,Canada,,Dual-use,Quadrotor,Not specified,,,,Not collected,Curated UAV Seed 2026,Internal curated seed,2026-08-02,Curated; source review required,,,,,,,,,,,,,,ISR / public safety
SRC-0122,FIXAR 025,Latvia,,Dual-use,VTOL fixed-wing,Not specified,,,,Not collected,Curated UAV Seed 2026,Internal curated seed,2026-08-02,Curated; source review required,,,,,,,,,,,,,,Mapping / delivery
SRC-0123,DJI Agras T50,China,,Civil,Agricultural multirotor,Not specified,,,,Not collected,Curated UAV Seed 2026,Internal curated seed,2026-08-02,Curated; source review required,,,,,,,,,,,,,,Spraying / spreading
SRC-0124,DJI FlyCart 30,China,,Civil,Cargo multirotor,Not specified,,,,Not collected,Curated UAV Seed 2026,Internal curated seed,2026-08-02,Curated; source review required,,,,,,,,,,,,,,Logistics / delivery
SRC-0125,EHang EH216-S,China,,Civil,Passenger eVTOL multicopter,Not specified,,,,Not collected,Curated UAV Seed 2026,Internal curated seed,2026-08-02,Curated; source review required,,,,,,,,,,,,,,Urban air mobility
SRC-0126,Delair UX11,France,,Civil,Fixed-wing survey UAV,Not specified,,,,Not collected,Curated UAV Seed 2026,Internal curated seed,2026-08-02,Curated; source review required,,,,,,,,,,,,,,Mapping / photogrammetry
SRC-0127,WingtraOne GEN II,Switzerland,,Civil,VTOL fixed-wing,Not specified,,,,Not collected,Curated UAV Seed 2026,Internal curated seed,2026-08-02,Curated; source review required,,,,,,,,,,,,,,Survey / mapping
SRC-0128,senseFly eBee X,Switzerland,,Civil,Fixed-wing survey UAV,Not specified,,,,Not collected,Curated UAV Seed 2026,Internal curated seed,2026-08-02,Curated; source review required,,,,,,,,,,,,,,Mapping / agriculture
SRC-0129,Flyability Elios 3,Switzerland,,Civil,Caged indoor multirotor,Not specified,,,,Not collected,Curated UAV Seed 2026,Internal curated seed,2026-08-02,Curated; source review required,,,,,,,,,,,,,,Confined-space inspection
SRC-0130,Fotokite Sigma,Switzerland,,Civil,Tethered multirotor,Not specified,,,,Not collected,Curated UAV Seed 2026,Internal curated seed,2026-08-02,Curated; source review required,,,,,,,,,,,,,,Public safety situational awareness
SRC-0131,Freefly Alta X,United States,,Civil,Heavy-lift multirotor,Not specified,,,,Not collected,Curated UAV Seed 2026,Internal curated seed,2026-08-02,Curated; source review required,,,,,,,,,,,,,,Cinema / sensors / cargo
SRC-0132,Wing delivery drone,United States,,Civil,Hybrid VTOL delivery UAV,Not specified,,,,Not collected,Curated UAV Seed 2026,Internal curated seed,2026-08-02,Curated; source review required,,,,,,,,,,,,,,Parcel delivery
SRC-0133,Zipline Platform 1,United States,,Civil,Fixed-wing delivery UAV,Not specified,,,,Not collected,Curated UAV Seed 2026,Internal curated seed,2026-08-02,Curated; source review required,,,,,,,,,,,,,,Medical logistics
SRC-0134,Zipline Platform 2,United States,,Civil,VTOL delivery system,Not specified,,,,Not collected,Curated UAV Seed 2026,Internal curated seed,2026-08-02,Curated; source review required,,,,,,,,,,,,,,Precision delivery
SRC-0135,Amazon MK30,United States,,Civil,Delivery UAV,Not specified,,,,Not collected,Curated UAV Seed 2026,Internal curated seed,2026-08-02,Curated; source review required,,,,,,,,,,,,,,Parcel delivery
SRC-0136,Matternet M2,United States / Switzerland,,Civil,Delivery multirotor,Not specified,,,,Not collected,Curated UAV Seed 2026,Internal curated seed,2026-08-02,Curated; source review required,,,,,,,,,,,,,,Medical logistics
SRC-0137,Dronamics Black Swan,Bulgaria,,Civil,Cargo fixed-wing UAV,Not specified,,,,Not collected,Curated UAV Seed 2026,Internal curated seed,2026-08-02,Curated; source review required,,,,,,,,,,,,,,Long-range freight
SRC-0138,Volocopter VoloDrone,Germany,,Civil,Heavy-lift multicopter,Not specified,,,,Not collected,Curated UAV Seed 2026,Internal curated seed,2026-08-02,Curated; source review required,,,,,,,,,,,,,,Cargo logistics
SRC-0139,Joby S4,United States,,Civil,Piloted/autonomous-capable eVTOL,Not specified,,,,Not collected,Curated UAV Seed 2026,Internal curated seed,2026-08-02,Curated; source review required,,,,,,,,,,,,,,Urban air mobility
SRC-0140,Archer Midnight,United States,,Civil,eVTOL aircraft,Not specified,,,,Not collected,Curated UAV Seed 2026,Internal curated seed,2026-08-02,Curated; source review required,,,,,,,,,,,,,,Urban air mobility
SRC-0141,Vertical VX4,United Kingdom,,Civil,eVTOL aircraft,Not specified,,,,Not collected,Curated UAV Seed 2026,Internal curated seed,2026-08-02,Curated; source review required,,,,,,,,,,,,,,Urban air mobility
SRC-0142,Lilium Jet,Germany,,Civil,Ducted-fan eVTOL,Not specified,,,,Not collected,Curated UAV Seed 2026,Internal curated seed,2026-08-02,Curated; source review required,,,,,,,,,,,,,,Regional air mobility
SRC-0143,Wisk Generation 6,United States,,Civil,Autonomous eVTOL,Not specified,,,,Not collected,Curated UAV Seed 2026,Internal curated seed,2026-08-02,Curated; source review required,,,,,,,,,,,,,,Urban air mobility
SRC-0144,AutoFlight Prosperity I,China,,Civil,eVTOL aircraft,Not specified,,,,Not collected,Curated UAV Seed 2026,Internal curated seed,2026-08-02,Curated; source review required,,,,,,,,,,,,,,Urban air mobility
SRC-0145,XPeng AeroHT flying-car concepts,China,,Civil,eVTOL / modular aircraft,Not specified,,,,Not collected,Curated UAV Seed 2026,Internal curated seed,2026-08-02,Curated; source review required,,,,,,,,,,,,,,Personal air mobility
SRC-0146,Yamaha FAZER R G2,Japan,,Civil,Unmanned helicopter,Not specified,,,,Not collected,Curated UAV Seed 2026,Internal curated seed,2026-08-02,Curated; source review required,,,,,,,,,,,,,,Agriculture / cargo
SRC-0147,Terra Drone survey platforms,Japan,,Civil,Multi-platform services,Not specified,,,,Not collected,Curated UAV Seed 2026,Internal curated seed,2026-08-02,Curated; source review required,,,,,,,,,,,,,,Survey / inspection
SRC-0148,Microdrones md4-3000,Germany,,Civil,Heavy multirotor,Not specified,,,,Not collected,Curated UAV Seed 2026,Internal curated seed,2026-08-02,Curated; source review required,,,,,,,,,,,,,,Mapping / LiDAR
SRC-0149,Trinity Pro,Germany,,Civil,VTOL fixed-wing,Not specified,,,,Not collected,Curated UAV Seed 2026,Internal curated seed,2026-08-02,Curated; source review required,,,,,,,,,,,,,,Survey / mapping
SRC-0150,Aero,United States,3D Robotics,Civilian / Commercial,Commercial multirotor/fixed-wing,Listed in OpenDroneList,,,,Not collected,OpenDroneList,https://github.com/dronetag/opendronelist,2026-08-02,Community dataset; verify against manufacturer,,,3D Robotics,none,,3000,40,,,,,,,
SRC-0151,Aero M,United States,3D Robotics,Civilian / Commercial,Commercial multirotor/fixed-wing,Listed in OpenDroneList,,,,Not collected,OpenDroneList,https://github.com/dronetag/opendronelist,2026-08-02,Community dataset; verify against manufacturer,,,3D Robotics,none,,3000,40,,,,,,,
SRC-0152,IRIS+,United States,3D Robotics,Civilian / Commercial,Commercial multirotor/fixed-wing,Listed in OpenDroneList,,,,Not collected,OpenDroneList,https://github.com/dronetag/opendronelist,2026-08-02,Community dataset; verify against manufacturer,,,3D Robotics,none,,1282,20,,,,,,,
SRC-0153,Solo,United States,3D Robotics,Civilian / Commercial,Commercial multirotor/fixed-wing,Listed in OpenDroneList,,,,Not collected,OpenDroneList,https://github.com/dronetag/opendronelist,2026-08-02,Community dataset; verify against manufacturer,,,3D Robotics,none,,1510,25,,,,,,,
SRC-0154,X8-M,United States,3D Robotics,Civilian / Commercial,Commercial multirotor/fixed-wing,Listed in OpenDroneList,,,,Not collected,OpenDroneList,https://github.com/dronetag/opendronelist,2026-08-02,Community dataset; verify against manufacturer,,,3D Robotics,none,,2600,14,,,,,,,
SRC-0155,X8+,United States,3D Robotics,Civilian / Commercial,Commercial multirotor/fixed-wing,Listed in OpenDroneList,,,,Not collected,OpenDroneList,https://github.com/dronetag/opendronelist,2026-08-02,Community dataset; verify against manufacturer,,,3D Robotics,none,,2600,15,,,,,,,
SRC-0156,SENSEFLY eBee,Switzerland / United States,AgEagle,Civilian / Commercial,Commercial multirotor/fixed-wing,Listed in OpenDroneList,,,,Not collected,OpenDroneList,https://github.com/dronetag/opendronelist,2026-08-02,Community dataset; verify against manufacturer,,,AgEagle,C2,,1600,55,,,,,,,
SRC-0157,CUBEE,Unknown,AirWood,Civilian / Commercial,Commercial multirotor/fixed-wing,Listed in OpenDroneList,,,,Not collected,OpenDroneList,https://github.com/dronetag/opendronelist,2026-08-02,Community dataset; verify against manufacturer,,,AirWood,none,,80,8,,,,,,,
SRC-0158,ARIES,Italy,ANT-X,Civilian / Commercial,Commercial multirotor/fixed-wing,Listed in OpenDroneList,,,,Not collected,OpenDroneList,https://github.com/dronetag/opendronelist,2026-08-02,Community dataset; verify against manufacturer,,,ANT-X,none,,11000,33,,,,,,,
SRC-0159,Dragonfish,China,Autel,Civilian / Commercial,Commercial multirotor/fixed-wing,Listed in OpenDroneList,,,,Not collected,OpenDroneList,https://github.com/dronetag/opendronelist,2026-08-02,Community dataset; verify against manufacturer,,,Autel,none,,8500,120,,,,,,,
SRC-0160,Evo,China,Autel,Civilian / Commercial,Commercial multirotor/fixed-wing,Listed in OpenDroneList,,,,Not collected,OpenDroneList,https://github.com/dronetag/opendronelist,2026-08-02,Community dataset; verify against manufacturer,,,Autel,none,,1000,30,,,,,,,
SRC-0161,Evo 2 Dual,China,Autel,Civilian / Commercial,Commercial multirotor/fixed-wing,Listed in OpenDroneList,,,,Not collected,OpenDroneList,https://github.com/dronetag/opendronelist,2026-08-02,Community dataset; verify against manufacturer,,,Autel,none,,2000,40,,,,,,,
SRC-0162,Evo 2 Dual 640T,China,Autel,Civilian / Commercial,Commercial multirotor/fixed-wing,Listed in OpenDroneList,,,,Not collected,OpenDroneList,https://github.com/dronetag/opendronelist,2026-08-02,Community dataset; verify against manufacturer,,,Autel,none,,2000,40,,,,,,,
SRC-0163,Evo 2 Pro,China,Autel,Civilian / Commercial,Commercial multirotor/fixed-wing,Listed in OpenDroneList,,,,Not collected,OpenDroneList,https://github.com/dronetag/opendronelist,2026-08-02,Community dataset; verify against manufacturer,,,Autel,none,,1999,40,,,,,,,
SRC-0164,Evo II,China,Autel,Civilian / Commercial,Commercial multirotor/fixed-wing,Listed in OpenDroneList,,,,Not collected,OpenDroneList,https://github.com/dronetag/opendronelist,2026-08-02,Community dataset; verify against manufacturer,,,Autel,none,,1999,40,,,,,,,
SRC-0165,Evo Lite,China,Autel,Civilian / Commercial,Commercial multirotor/fixed-wing,Listed in OpenDroneList,,,,Not collected,OpenDroneList,https://github.com/dronetag/opendronelist,2026-08-02,Community dataset; verify against manufacturer,,,Autel,none,,835,40,,,,,,,
SRC-0166,Evo Lite+,China,Autel,Civilian / Commercial,Commercial multirotor/fixed-wing,Listed in OpenDroneList,,,,Not collected,OpenDroneList,https://github.com/dronetag/opendronelist,2026-08-02,Community dataset; verify against manufacturer,,,Autel,none,,835,40,,,,,,,
SRC-0167,EVO MAX 4T,China,Autel,Civilian / Commercial,Commercial multirotor/fixed-wing,Listed in OpenDroneList,,,,Not collected,OpenDroneList,https://github.com/dronetag/opendronelist,2026-08-02,Community dataset; verify against manufacturer,,,Autel,none,,3500,42,,,,,,,
SRC-0168,EVO Nano,China,Autel,Civilian / Commercial,Commercial multirotor/fixed-wing,Listed in OpenDroneList,,,,Not collected,OpenDroneList,https://github.com/dronetag/opendronelist,2026-08-02,Community dataset; verify against manufacturer,,,Autel,none,,249,28,,,,,,,
SRC-0169,Kestrel,China,Autel,Civilian / Commercial,Commercial multirotor/fixed-wing,Listed in OpenDroneList,,,,Not collected,OpenDroneList,https://github.com/dronetag/opendronelist,2026-08-02,Community dataset; verify against manufacturer,,,Autel,none,,14000,120,,,,,,,
SRC-0170,X-Star,China,Autel,Civilian / Commercial,Commercial multirotor/fixed-wing,Listed in OpenDroneList,,,,Not collected,OpenDroneList,https://github.com/dronetag/opendronelist,2026-08-02,Community dataset; verify against manufacturer,,,Autel,none,,1420,25,,,,,,,
SRC-0171,X-Star Premium,China,Autel,Civilian / Commercial,Commercial multirotor/fixed-wing,Listed in OpenDroneList,,,,Not collected,OpenDroneList,https://github.com/dronetag/opendronelist,2026-08-02,Community dataset; verify against manufacturer,,,Autel,none,,1420,25,,,,,,,
SRC-0172,Aquila 2,Unknown,Codev Dynamics,Civilian / Commercial,Commercial multirotor/fixed-wing,Listed in OpenDroneList,,,,Not collected,OpenDroneList,https://github.com/dronetag/opendronelist,2026-08-02,Community dataset; verify against manufacturer,,,Codev Dynamics,none,,4000,68,,,,,,,
SRC-0173,Aquila 3,Unknown,Codev Dynamics,Civilian / Commercial,Commercial multirotor/fixed-wing,Listed in OpenDroneList,,,,Not collected,OpenDroneList,https://github.com/dronetag/opendronelist,2026-08-02,Community dataset; verify against manufacturer,,,Codev Dynamics,none,,5850,80,,,,,,,
SRC-0174,UX11 UAV,France,Delair,Civilian / Commercial,Commercial multirotor/fixed-wing,Listed in OpenDroneList,,,,Not collected,OpenDroneList,https://github.com/dronetag/opendronelist,2026-08-02,Community dataset; verify against manufacturer,,,Delair,C6,,1600,80,,,,,,,
SRC-0175,Agras MG-1,China,DJI,Civilian / Commercial,Commercial multirotor/fixed-wing,Listed in OpenDroneList,,,,Not collected,OpenDroneList,https://github.com/dronetag/opendronelist,2026-08-02,Community dataset; verify against manufacturer,,,DJI,none,,24500,22,,,,,,,
SRC-0176,Agras MG-1P,China,DJI,Civilian / Commercial,Commercial multirotor/fixed-wing,Listed in OpenDroneList,,,,Not collected,OpenDroneList,https://github.com/dronetag/opendronelist,2026-08-02,Community dataset; verify against manufacturer,,,DJI,none,,24800,20,,,,,,,
SRC-0177,Agras MG-1P RTK,China,DJI,Civilian / Commercial,Commercial multirotor/fixed-wing,Listed in OpenDroneList,,,,Not collected,OpenDroneList,https://github.com/dronetag/opendronelist,2026-08-02,Community dataset; verify against manufacturer,,,DJI,none,,24800,20,,,,,,,
SRC-0178,Agras MG-1S,China,DJI,Civilian / Commercial,Commercial multirotor/fixed-wing,Listed in OpenDroneList,,,,Not collected,OpenDroneList,https://github.com/dronetag/opendronelist,2026-08-02,Community dataset; verify against manufacturer,,,DJI,none,,24800,22,,,,,,,
SRC-0179,Agras MG-1S RTK,China,DJI,Civilian / Commercial,Commercial multirotor/fixed-wing,Listed in OpenDroneList,,,,Not collected,OpenDroneList,https://github.com/dronetag/opendronelist,2026-08-02,Community dataset; verify against manufacturer,,,DJI,none,,24800,22,,,,,,,
SRC-0180,Agras T10,China,DJI,Civilian / Commercial,Commercial multirotor/fixed-wing,Listed in OpenDroneList,,,,Not collected,OpenDroneList,https://github.com/dronetag/opendronelist,2026-08-02,Community dataset; verify against manufacturer,,,DJI,none,,24800,17,,,,,,,
SRC-0181,Agras T16,China,DJI,Civilian / Commercial,Commercial multirotor/fixed-wing,Listed in OpenDroneList,,,,Not collected,OpenDroneList,https://github.com/dronetag/opendronelist,2026-08-02,Community dataset; verify against manufacturer,,,DJI,none,,42000,18,,,,,,,
SRC-0182,Agras T20,China,DJI,Civilian / Commercial,Commercial multirotor/fixed-wing,Listed in OpenDroneList,,,,Not collected,OpenDroneList,https://github.com/dronetag/opendronelist,2026-08-02,Community dataset; verify against manufacturer,,,DJI,none,,47500,9,,,,,,,
SRC-0183,Agras T20P,China,DJI,Civilian / Commercial,Commercial multirotor/fixed-wing,Listed in OpenDroneList,,,,Not collected,OpenDroneList,https://github.com/dronetag/opendronelist,2026-08-02,Community dataset; verify against manufacturer,,,DJI,none,,58000,7,,,,,,,
SRC-0184,Agras T25,China,DJI,Civilian / Commercial,Commercial multirotor/fixed-wing,Listed in OpenDroneList,,,,Not collected,OpenDroneList,https://github.com/dronetag/opendronelist,2026-08-02,Community dataset; verify against manufacturer,,,DJI,none,,58000,15,,,,,,,
SRC-0185,Agras T25P,China,DJI,Civilian / Commercial,Commercial multirotor/fixed-wing,Listed in OpenDroneList,,,,Not collected,OpenDroneList,https://github.com/dronetag/opendronelist,2026-08-02,Community dataset; verify against manufacturer,,,DJI,none,,60000,15,,,,,,,
SRC-0186,Agras T30,China,DJI,Civilian / Commercial,Commercial multirotor/fixed-wing,Listed in OpenDroneList,,,,Not collected,OpenDroneList,https://github.com/dronetag/opendronelist,2026-08-02,Community dataset; verify against manufacturer,,,DJI,none,,78000,20.5,,,,,,,
SRC-0187,Agras T40,China,DJI,Civilian / Commercial,Commercial multirotor/fixed-wing,Listed in OpenDroneList,,,,Not collected,OpenDroneList,https://github.com/dronetag/opendronelist,2026-08-02,Community dataset; verify against manufacturer,,,DJI,none,,101000,18,,,,,,,
SRC-0188,Agras T70P,China,DJI,Civilian / Commercial,Commercial multirotor/fixed-wing,Listed in OpenDroneList,,,,Not collected,OpenDroneList,https://github.com/dronetag/opendronelist,2026-08-02,Community dataset; verify against manufacturer,,,DJI,none,,126000,11,,,,,,,
SRC-0189,Agras T100,China,DJI,Civilian / Commercial,Commercial multirotor/fixed-wing,Listed in OpenDroneList,,,,Not collected,OpenDroneList,https://github.com/dronetag/opendronelist,2026-08-02,Community dataset; verify against manufacturer,,,DJI,none,,175000,10,,,,,,,
SRC-0190,Air 2S,China,DJI,Civilian / Commercial,Commercial multirotor/fixed-wing,Listed in OpenDroneList,,,,Not collected,OpenDroneList,https://github.com/dronetag/opendronelist,2026-08-02,Community dataset; verify against manufacturer,,,DJI,none,,595,31,,,,,,,
SRC-0191,Air 3,China,DJI,Civilian / Commercial,Commercial multirotor/fixed-wing,Listed in OpenDroneList,,,,Not collected,OpenDroneList,https://github.com/dronetag/opendronelist,2026-08-02,Community dataset; verify against manufacturer,,,DJI,C1,,720,46,,,,,,,
SRC-0192,Air 3S,China,DJI,Civilian / Commercial,Commercial multirotor/fixed-wing,Listed in OpenDroneList,,,,Not collected,OpenDroneList,https://github.com/dronetag/opendronelist,2026-08-02,Community dataset; verify against manufacturer,,,DJI,C1,,724,45,,,,,,,
SRC-0193,Avata,China,DJI,Civilian / Commercial,Commercial multirotor/fixed-wing,Listed in OpenDroneList,,,,Not collected,OpenDroneList,https://github.com/dronetag/opendronelist,2026-08-02,Community dataset; verify against manufacturer,,,DJI,none,,410,18,,,,,,,
SRC-0194,Avata 2,China,DJI,Civilian / Commercial,Commercial multirotor/fixed-wing,Listed in OpenDroneList,,,,Not collected,OpenDroneList,https://github.com/dronetag/opendronelist,2026-08-02,Community dataset; verify against manufacturer,,,DJI,C1,,377,23,,,,,,,
SRC-0195,Flame Wheel F330,China,DJI,Civilian / Commercial,Commercial multirotor/fixed-wing,Listed in OpenDroneList,,,,Not collected,OpenDroneList,https://github.com/dronetag/opendronelist,2026-08-02,Community dataset; verify against manufacturer,,,DJI,none,,1200,15,,,,,,,
SRC-0196,Flame Wheel F450,China,DJI,Civilian / Commercial,Commercial multirotor/fixed-wing,Listed in OpenDroneList,,,,Not collected,OpenDroneList,https://github.com/dronetag/opendronelist,2026-08-02,Community dataset; verify against manufacturer,,,DJI,none,,1600,15,,,,,,,
SRC-0197,Flame Wheel F550,China,DJI,Civilian / Commercial,Commercial multirotor/fixed-wing,Listed in OpenDroneList,,,,Not collected,OpenDroneList,https://github.com/dronetag/opendronelist,2026-08-02,Community dataset; verify against manufacturer,,,DJI,none,,2400,15,,,,,,,
SRC-0198,FlyCart 30,China,DJI,Civilian / Commercial,Commercial multirotor/fixed-wing,Listed in OpenDroneList,,,,Not collected,OpenDroneList,https://github.com/dronetag/opendronelist,2026-08-02,Community dataset; verify against manufacturer,,,DJI,none,,95000,18,,,,,,,
SRC-0199,FlyCart 100 Ultimate,China,DJI,Civilian / Commercial,Commercial multirotor/fixed-wing,Listed in OpenDroneList,,,,Not collected,OpenDroneList,https://github.com/dronetag/opendronelist,2026-08-02,Community dataset; verify against manufacturer,,,DJI,none,,149900,14,,,,,,,
SRC-0200,FPV,China,DJI,Civilian / Commercial,Commercial multirotor/fixed-wing,Listed in OpenDroneList,,,,Not collected,OpenDroneList,https://github.com/dronetag/opendronelist,2026-08-02,Community dataset; verify against manufacturer,,,DJI,none,,795,20,,,,,,,
SRC-0201,Inspire 1,China,DJI,Civilian / Commercial,Commercial multirotor/fixed-wing,Listed in OpenDroneList,,,,Not collected,OpenDroneList,https://github.com/dronetag/opendronelist,2026-08-02,Community dataset; verify against manufacturer,,,DJI,none,,2845,18,,,,,,,
SRC-0202,Inspire 1 Pro,China,DJI,Civilian / Commercial,Commercial multirotor/fixed-wing,Listed in OpenDroneList,,,,Not collected,OpenDroneList,https://github.com/dronetag/opendronelist,2026-08-02,Community dataset; verify against manufacturer,,,DJI,none,,2870,15,,,,,,,
SRC-0203,Inspire 1 Raw,China,DJI,Civilian / Commercial,Commercial multirotor/fixed-wing,Listed in OpenDroneList,,,,Not collected,OpenDroneList,https://github.com/dronetag/opendronelist,2026-08-02,Community dataset; verify against manufacturer,,,DJI,none,,2870,15,,,,,,,
SRC-0204,Inspire 2,China,DJI,Civilian / Commercial,Commercial multirotor/fixed-wing,Listed in OpenDroneList,,,,Not collected,OpenDroneList,https://github.com/dronetag/opendronelist,2026-08-02,Community dataset; verify against manufacturer,,,DJI,none,,3400,27,,,,,,,
SRC-0205,Inspire 3,China,DJI,Civilian / Commercial,Commercial multirotor/fixed-wing,Listed in OpenDroneList,,,,Not collected,OpenDroneList,https://github.com/dronetag/opendronelist,2026-08-02,Community dataset; verify against manufacturer,,,DJI,C3,,4310,26,,,,,,,
SRC-0206,Matrice 100,China,DJI,Civilian / Commercial,Commercial multirotor/fixed-wing,Listed in OpenDroneList,,,,Not collected,OpenDroneList,https://github.com/dronetag/opendronelist,2026-08-02,Community dataset; verify against manufacturer,,,DJI,none,,3600,40,,,,,,,
SRC-0207,Matrice 200,China,DJI,Civilian / Commercial,Commercial multirotor/fixed-wing,Listed in OpenDroneList,,,,Not collected,OpenDroneList,https://github.com/dronetag/opendronelist,2026-08-02,Community dataset; verify against manufacturer,,,DJI,none,,6140,38,,,,,,,
SRC-0208,Matrice 200 V2,China,DJI,Civilian / Commercial,Commercial multirotor/fixed-wing,Listed in OpenDroneList,,,,Not collected,OpenDroneList,https://github.com/dronetag/opendronelist,2026-08-02,Community dataset; verify against manufacturer,,,DJI,none,,6140,38,,,,,,,
SRC-0209,Matrice 210,China,DJI,Civilian / Commercial,Commercial multirotor/fixed-wing,Listed in OpenDroneList,,,,Not collected,OpenDroneList,https://github.com/dronetag/opendronelist,2026-08-02,Community dataset; verify against manufacturer,,,DJI,none,,6140,34,,,,,,,
SRC-0210,Matrice 210 RTK,China,DJI,Civilian / Commercial,Commercial multirotor/fixed-wing,Listed in OpenDroneList,,,,Not collected,OpenDroneList,https://github.com/dronetag/opendronelist,2026-08-02,Community dataset; verify against manufacturer,,,DJI,none,,6140,33,,,,,,,
SRC-0211,Matrice 210 RTK V2,China,DJI,Civilian / Commercial,Commercial multirotor/fixed-wing,Listed in OpenDroneList,,,,Not collected,OpenDroneList,https://github.com/dronetag/opendronelist,2026-08-02,Community dataset; verify against manufacturer,,,DJI,none,,6140,33,,,,,,,
SRC-0212,Matrice 210 V2,China,DJI,Civilian / Commercial,Commercial multirotor/fixed-wing,Listed in OpenDroneList,,,,Not collected,OpenDroneList,https://github.com/dronetag/opendronelist,2026-08-02,Community dataset; verify against manufacturer,,,DJI,none,,6140,34,,,,,,,
SRC-0213,Matrice 30,China,DJI,Civilian / Commercial,Commercial multirotor/fixed-wing,Listed in OpenDroneList,,,,Not collected,OpenDroneList,https://github.com/dronetag/opendronelist,2026-08-02,Community dataset; verify against manufacturer,,,DJI,C2,,3998,41,,,,,,,
SRC-0214,Matrice 30T,China,DJI,Civilian / Commercial,Commercial multirotor/fixed-wing,Listed in OpenDroneList,,,,Not collected,OpenDroneList,https://github.com/dronetag/opendronelist,2026-08-02,Community dataset; verify against manufacturer,,,DJI,C2,,3998,41,,,,,,,
SRC-0215,Matrice 300 RTK,China,DJI,Civilian / Commercial,Commercial multirotor/fixed-wing,Listed in OpenDroneList,,,,Not collected,OpenDroneList,https://github.com/dronetag/opendronelist,2026-08-02,Community dataset; verify against manufacturer,,,DJI,none,,9000,55,,,,,,,
SRC-0216,Matrice 350 RTK,China,DJI,Civilian / Commercial,Commercial multirotor/fixed-wing,Listed in OpenDroneList,,,,Not collected,OpenDroneList,https://github.com/dronetag/opendronelist,2026-08-02,Community dataset; verify against manufacturer,,,DJI,C3,,9200,55,,,,,,,
SRC-0217,Matrice 400,China,DJI,Civilian / Commercial,Commercial multirotor/fixed-wing,Listed in OpenDroneList,,,,Not collected,OpenDroneList,https://github.com/dronetag/opendronelist,2026-08-02,Community dataset; verify against manufacturer,,,DJI,none,,15800,59,,,,,,,
SRC-0218,Matrice 4E,China,DJI,Civilian / Commercial,Commercial multirotor/fixed-wing,Listed in OpenDroneList,,,,Not collected,OpenDroneList,https://github.com/dronetag/opendronelist,2026-08-02,Community dataset; verify against manufacturer,,,DJI,C2,,1420,49,,,,,,,
SRC-0219,Matrice 4T,China,DJI,Civilian / Commercial,Commercial multirotor/fixed-wing,Listed in OpenDroneList,,,,Not collected,OpenDroneList,https://github.com/dronetag/opendronelist,2026-08-02,Community dataset; verify against manufacturer,,,DJI,C2,,1420,49,,,,,,,
SRC-0220,Matrice 600,China,DJI,Civilian / Commercial,Commercial multirotor/fixed-wing,Listed in OpenDroneList,,,,Not collected,OpenDroneList,https://github.com/dronetag/opendronelist,2026-08-02,Community dataset; verify against manufacturer,,,DJI,none,,15100,38,,,,,,,
SRC-0221,Matrice 600 Pro,China,DJI,Civilian / Commercial,Commercial multirotor/fixed-wing,Listed in OpenDroneList,,,,Not collected,OpenDroneList,https://github.com/dronetag/opendronelist,2026-08-02,Community dataset; verify against manufacturer,,,DJI,none,,15500,38,,,,,,,
SRC-0222,Mavic 2 Enterprise,China,DJI,Civilian / Commercial,Commercial multirotor/fixed-wing,Listed in OpenDroneList,,,,Not collected,OpenDroneList,https://github.com/dronetag/opendronelist,2026-08-02,Community dataset; verify against manufacturer,,,DJI,none,,905,31,,,,,,,
SRC-0223,Mavic 2 Enterprise Advanced,China,DJI,Civilian / Commercial,Commercial multirotor/fixed-wing,Listed in OpenDroneList,,,,Not collected,OpenDroneList,https://github.com/dronetag/opendronelist,2026-08-02,Community dataset; verify against manufacturer,,,DJI,none,,909,31,,,,,,,
SRC-0224,Mavic 2 Enterprise Dual,China,DJI,Civilian / Commercial,Commercial multirotor/fixed-wing,Listed in OpenDroneList,,,,Not collected,OpenDroneList,https://github.com/dronetag/opendronelist,2026-08-02,Community dataset; verify against manufacturer,,,DJI,none,,899,31,,,,,,,
SRC-0225,Mavic 2 Pro,China,DJI,Civilian / Commercial,Commercial multirotor/fixed-wing,Listed in OpenDroneList,,,,Not collected,OpenDroneList,https://github.com/dronetag/opendronelist,2026-08-02,Community dataset; verify against manufacturer,,,DJI,none,,907,31,,,,,,,
SRC-0226,Mavic 2 Zoom,China,DJI,Civilian / Commercial,Commercial multirotor/fixed-wing,Listed in OpenDroneList,,,,Not collected,OpenDroneList,https://github.com/dronetag/opendronelist,2026-08-02,Community dataset; verify against manufacturer,,,DJI,none,,905,31,,,,,,,
SRC-0227,Mavic 3 3E,China,DJI,Civilian / Commercial,Commercial multirotor/fixed-wing,Listed in OpenDroneList,,,,Not collected,OpenDroneList,https://github.com/dronetag/opendronelist,2026-08-02,Community dataset; verify against manufacturer,,,DJI,none,,1050,45,,,,,,,
SRC-0228,Mavic 3 3M,China,DJI,Civilian / Commercial,Commercial multirotor/fixed-wing,Listed in OpenDroneList,,,,Not collected,OpenDroneList,https://github.com/dronetag/opendronelist,2026-08-02,Community dataset; verify against manufacturer,,,DJI,none,,1050,43,,,,,,,
SRC-0229,Mavic 3 3T,China,DJI,Civilian / Commercial,Commercial multirotor/fixed-wing,Listed in OpenDroneList,,,,Not collected,OpenDroneList,https://github.com/dronetag/opendronelist,2026-08-02,Community dataset; verify against manufacturer,,,DJI,none,,1050,45,,,,,,,
SRC-0230,Mavic 3,China,DJI,Civilian / Commercial,Commercial multirotor/fixed-wing,Listed in OpenDroneList,,,,Not collected,OpenDroneList,https://github.com/dronetag/opendronelist,2026-08-02,Community dataset; verify against manufacturer,,,DJI,C1,,895,46,,,,,,,
SRC-0231,Mavic 3 Cine,China,DJI,Civilian / Commercial,Commercial multirotor/fixed-wing,Listed in OpenDroneList,,,,Not collected,OpenDroneList,https://github.com/dronetag/opendronelist,2026-08-02,Community dataset; verify against manufacturer,,,DJI,C1,,899,46,,,,,,,
SRC-0232,Mavic 3 Classic,China,DJI,Civilian / Commercial,Commercial multirotor/fixed-wing,Listed in OpenDroneList,,,,Not collected,OpenDroneList,https://github.com/dronetag/opendronelist,2026-08-02,Community dataset; verify against manufacturer,,,DJI,C1,,895,46,,,,,,,
SRC-0233,Mavic 3 Pro,China,DJI,Civilian / Commercial,Commercial multirotor/fixed-wing,Listed in OpenDroneList,,,,Not collected,OpenDroneList,https://github.com/dronetag/opendronelist,2026-08-02,Community dataset; verify against manufacturer,,,DJI,C2,,958,43,,,,,,,
SRC-0234,Mavic 3 Pro Cine,China,DJI,Civilian / Commercial,Commercial multirotor/fixed-wing,Listed in OpenDroneList,,,,Not collected,OpenDroneList,https://github.com/dronetag/opendronelist,2026-08-02,Community dataset; verify against manufacturer,,,DJI,C2,,963,43,,,,,,,
SRC-0235,Mavic 4 Pro,China,DJI,Civilian / Commercial,Commercial multirotor/fixed-wing,Listed in OpenDroneList,,,,Not collected,OpenDroneList,https://github.com/dronetag/opendronelist,2026-08-02,Community dataset; verify against manufacturer,,,DJI,C2,,1063,51,,,,,,,
SRC-0236,Mavic Air,China,DJI,Civilian / Commercial,Commercial multirotor/fixed-wing,Listed in OpenDroneList,,,,Not collected,OpenDroneList,https://github.com/dronetag/opendronelist,2026-08-02,Community dataset; verify against manufacturer,,,DJI,none,,430,21,,,,,,,
SRC-0237,Mavic Air 2,China,DJI,Civilian / Commercial,Commercial multirotor/fixed-wing,Listed in OpenDroneList,,,,Not collected,OpenDroneList,https://github.com/dronetag/opendronelist,2026-08-02,Community dataset; verify against manufacturer,,,DJI,none,,570,34,,,,,,,
SRC-0238,Mavic Mini,China,DJI,Civilian / Commercial,Commercial multirotor/fixed-wing,Listed in OpenDroneList,,,,Not collected,OpenDroneList,https://github.com/dronetag/opendronelist,2026-08-02,Community dataset; verify against manufacturer,,,DJI,none,,249,30,,,,,,,
SRC-0239,Mavic Pro,China,DJI,Civilian / Commercial,Commercial multirotor/fixed-wing,Listed in OpenDroneList,,,,Not collected,OpenDroneList,https://github.com/dronetag/opendronelist,2026-08-02,Community dataset; verify against manufacturer,,,DJI,none,,734,27,,,,,,,
SRC-0240,Mavic Pro Platinum,China,DJI,Civilian / Commercial,Commercial multirotor/fixed-wing,Listed in OpenDroneList,,,,Not collected,OpenDroneList,https://github.com/dronetag/opendronelist,2026-08-02,Community dataset; verify against manufacturer,,,DJI,none,,734,30,,,,,,,
SRC-0241,Mini 2,China,DJI,Civilian / Commercial,Commercial multirotor/fixed-wing,Listed in OpenDroneList,,,,Not collected,OpenDroneList,https://github.com/dronetag/opendronelist,2026-08-02,Community dataset; verify against manufacturer,,,DJI,none,,242,31,,,,,,,
SRC-0242,Mini 2 SE,China,DJI,Civilian / Commercial,Commercial multirotor/fixed-wing,Listed in OpenDroneList,,,,Not collected,OpenDroneList,https://github.com/dronetag/opendronelist,2026-08-02,Community dataset; verify against manufacturer,,,DJI,C0,,246,31,,,,,,,
SRC-0243,Mini 3,China,DJI,Civilian / Commercial,Commercial multirotor/fixed-wing,Listed in OpenDroneList,,,,Not collected,OpenDroneList,https://github.com/dronetag/opendronelist,2026-08-02,Community dataset; verify against manufacturer,,,DJI,C0,,248,51,,,,,,,
SRC-0244,Mini 3 Pro,China,DJI,Civilian / Commercial,Commercial multirotor/fixed-wing,Listed in OpenDroneList,,,,Not collected,OpenDroneList,https://github.com/dronetag/opendronelist,2026-08-02,Community dataset; verify against manufacturer,,,DJI,C0,,249,34,,,,,,,
SRC-0245,Mini 4 Pro,China,DJI,Civilian / Commercial,Commercial multirotor/fixed-wing,Listed in OpenDroneList,,,,Not collected,OpenDroneList,https://github.com/dronetag/opendronelist,2026-08-02,Community dataset; verify against manufacturer,,,DJI,C0,,249,34,,,,,,,
SRC-0246,Mini 5 Pro,China,DJI,Civilian / Commercial,Commercial multirotor/fixed-wing,Listed in OpenDroneList,,,,Not collected,OpenDroneList,https://github.com/dronetag/opendronelist,2026-08-02,Community dataset; verify against manufacturer,,,DJI,C0,,249,36,,,,,,,
SRC-0247,Neo,China,DJI,Civilian / Commercial,Commercial multirotor/fixed-wing,Listed in OpenDroneList,,,,Not collected,OpenDroneList,https://github.com/dronetag/opendronelist,2026-08-02,Community dataset; verify against manufacturer,,,DJI,C0,,135,18,,,,,,,
SRC-0248,Phantom 1,China,DJI,Civilian / Commercial,Commercial multirotor/fixed-wing,Listed in OpenDroneList,,,,Not collected,OpenDroneList,https://github.com/dronetag/opendronelist,2026-08-02,Community dataset; verify against manufacturer,,,DJI,none,,800,10,,,,,,,
SRC-0249,Phantom 2,China,DJI,Civilian / Commercial,Commercial multirotor/fixed-wing,Listed in OpenDroneList,,,,Not collected,OpenDroneList,https://github.com/dronetag/opendronelist,2026-08-02,Community dataset; verify against manufacturer,,,DJI,none,,1000,25,,,,,,,
SRC-0250,Phantom 2 Vision,China,DJI,Civilian / Commercial,Commercial multirotor/fixed-wing,Listed in OpenDroneList,,,,Not collected,OpenDroneList,https://github.com/dronetag/opendronelist,2026-08-02,Community dataset; verify against manufacturer,,,DJI,none,,1160,25,,,,,,,
SRC-0251,Phantom 2 Vision+,China,DJI,Civilian / Commercial,Commercial multirotor/fixed-wing,Listed in OpenDroneList,,,,Not collected,OpenDroneList,https://github.com/dronetag/opendronelist,2026-08-02,Community dataset; verify against manufacturer,,,DJI,none,,1242,25,,,,,,,
SRC-0252,Phantom 3 4k,China,DJI,Civilian / Commercial,Commercial multirotor/fixed-wing,Listed in OpenDroneList,,,,Not collected,OpenDroneList,https://github.com/dronetag/opendronelist,2026-08-02,Community dataset; verify against manufacturer,,,DJI,none,,1280,25,,,,,,,
SRC-0253,Phantom 3 Advanced,China,DJI,Civilian / Commercial,Commercial multirotor/fixed-wing,Listed in OpenDroneList,,,,Not collected,OpenDroneList,https://github.com/dronetag/opendronelist,2026-08-02,Community dataset; verify against manufacturer,,,DJI,none,,1280,23,,,,,,,
SRC-0254,Phantom 3 Professional,China,DJI,Civilian / Commercial,Commercial multirotor/fixed-wing,Listed in OpenDroneList,,,,Not collected,OpenDroneList,https://github.com/dronetag/opendronelist,2026-08-02,Community dataset; verify against manufacturer,,,DJI,none,,1280,23,,,,,,,
SRC-0255,Phantom 3 SE,China,DJI,Civilian / Commercial,Commercial multirotor/fixed-wing,Listed in OpenDroneList,,,,Not collected,OpenDroneList,https://github.com/dronetag/opendronelist,2026-08-02,Community dataset; verify against manufacturer,,,DJI,none,,1236,25,,,,,,,
SRC-0256,Phantom 3 Standard,China,DJI,Civilian / Commercial,Commercial multirotor/fixed-wing,Listed in OpenDroneList,,,,Not collected,OpenDroneList,https://github.com/dronetag/opendronelist,2026-08-02,Community dataset; verify against manufacturer,,,DJI,none,,1216,25,,,,,,,
SRC-0257,Phantom 4,China,DJI,Civilian / Commercial,Commercial multirotor/fixed-wing,Listed in OpenDroneList,,,,Not collected,OpenDroneList,https://github.com/dronetag/opendronelist,2026-08-02,Community dataset; verify against manufacturer,,,DJI,none,,1380,28,,,,,,,
SRC-0258,Phantom 4 Advanced,China,DJI,Civilian / Commercial,Commercial multirotor/fixed-wing,Listed in OpenDroneList,,,,Not collected,OpenDroneList,https://github.com/dronetag/opendronelist,2026-08-02,Community dataset; verify against manufacturer,,,DJI,none,,1368,30,,,,,,,
SRC-0259,Phantom 4 Multispectral,China,DJI,Civilian / Commercial,Commercial multirotor/fixed-wing,Listed in OpenDroneList,,,,Not collected,OpenDroneList,https://github.com/dronetag/opendronelist,2026-08-02,Community dataset; verify against manufacturer,,,DJI,none,,1487,27,,,,,,,
SRC-0260,Phantom 4 Pro,China,DJI,Civilian / Commercial,Commercial multirotor/fixed-wing,Listed in OpenDroneList,,,,Not collected,OpenDroneList,https://github.com/dronetag/opendronelist,2026-08-02,Community dataset; verify against manufacturer,,,DJI,none,,1388,30,,,,,,,
SRC-0261,Phantom 4 Pro V2.0,China,DJI,Civilian / Commercial,Commercial multirotor/fixed-wing,Listed in OpenDroneList,,,,Not collected,OpenDroneList,https://github.com/dronetag/opendronelist,2026-08-02,Community dataset; verify against manufacturer,,,DJI,none,,1375,30,,,,,,,
SRC-0262,Phantom 4 Pro+,China,DJI,Civilian / Commercial,Commercial multirotor/fixed-wing,Listed in OpenDroneList,,,,Not collected,OpenDroneList,https://github.com/dronetag/opendronelist,2026-08-02,Community dataset; verify against manufacturer,,,DJI,none,,1388,30,,,,,,,
SRC-0263,Phantom 4 RTK,China,DJI,Civilian / Commercial,Commercial multirotor/fixed-wing,Listed in OpenDroneList,,,,Not collected,OpenDroneList,https://github.com/dronetag/opendronelist,2026-08-02,Community dataset; verify against manufacturer,,,DJI,none,,1391,30,,,,,,,
SRC-0264,Phantom FC40,China,DJI,Civilian / Commercial,Commercial multirotor/fixed-wing,Listed in OpenDroneList,,,,Not collected,OpenDroneList,https://github.com/dronetag/opendronelist,2026-08-02,Community dataset; verify against manufacturer,,,DJI,none,,800,25,,,,,,,
SRC-0265,Spark,China,DJI,Civilian / Commercial,Commercial multirotor/fixed-wing,Listed in OpenDroneList,,,,Not collected,OpenDroneList,https://github.com/dronetag/opendronelist,2026-08-02,Community dataset; verify against manufacturer,,,DJI,none,,300,16,,,,,,,
SRC-0266,Spreading Wings S1000+,China,DJI,Civilian / Commercial,Commercial multirotor/fixed-wing,Listed in OpenDroneList,,,,Not collected,OpenDroneList,https://github.com/dronetag/opendronelist,2026-08-02,Community dataset; verify against manufacturer,,,DJI,none,,11000,15,,,,,,,
SRC-0267,Spreading Wings S800,China,DJI,Civilian / Commercial,Commercial multirotor/fixed-wing,Listed in OpenDroneList,,,,Not collected,OpenDroneList,https://github.com/dronetag/opendronelist,2026-08-02,Community dataset; verify against manufacturer,,,DJI,none,,7000,22,,,,,,,
SRC-0268,Spreading Wings S800 EVO,China,DJI,Civilian / Commercial,Commercial multirotor/fixed-wing,Listed in OpenDroneList,,,,Not collected,OpenDroneList,https://github.com/dronetag/opendronelist,2026-08-02,Community dataset; verify against manufacturer,,,DJI,none,,8000,22,,,,,,,
SRC-0269,Spreading Wings S900,China,DJI,Civilian / Commercial,Commercial multirotor/fixed-wing,Listed in OpenDroneList,,,,Not collected,OpenDroneList,https://github.com/dronetag/opendronelist,2026-08-02,Community dataset; verify against manufacturer,,,DJI,none,,8200,18,,,,,,,
SRC-0270,Tello,China,DJI,Civilian / Commercial,Commercial multirotor/fixed-wing,Listed in OpenDroneList,,,,Not collected,OpenDroneList,https://github.com/dronetag/opendronelist,2026-08-02,Community dataset; verify against manufacturer,,,DJI,none,,80,13,,,,,,,
SRC-0271,Tello EDU,China,DJI,Civilian / Commercial,Commercial multirotor/fixed-wing,Listed in OpenDroneList,,,,Not collected,OpenDroneList,https://github.com/dronetag/opendronelist,2026-08-02,Community dataset; verify against manufacturer,,,DJI,none,,80,13,,,,,,,
SRC-0272,Tello Iron Man,China,DJI,Civilian / Commercial,Commercial multirotor/fixed-wing,Listed in OpenDroneList,,,,Not collected,OpenDroneList,https://github.com/dronetag/opendronelist,2026-08-02,Community dataset; verify against manufacturer,,,DJI,none,,80,13,,,,,,,
SRC-0273,Alta X,United States,Freefly,Civilian / Commercial,Commercial multirotor/fixed-wing,Listed in OpenDroneList,,,,Not collected,OpenDroneList,https://github.com/dronetag/opendronelist,2026-08-02,Community dataset; verify against manufacturer,,,Freefly,none,,34860,50,,,,,,,
SRC-0274,Astro,United States,Freefly,Civilian / Commercial,Commercial multirotor/fixed-wing,Listed in OpenDroneList,,,,Not collected,OpenDroneList,https://github.com/dronetag/opendronelist,2026-08-02,Community dataset; verify against manufacturer,,,Freefly,none,,6665,38,,,,,,,
SRC-0275,Karma,United States,GoPro,Civilian / Commercial,Commercial multirotor/fixed-wing,Listed in OpenDroneList,,,,Not collected,OpenDroneList,https://github.com/dronetag/opendronelist,2026-08-02,Community dataset; verify against manufacturer,,,GoPro,none,,1006,20,,,,,,,
SRC-0276,Zino,China,Hubsan,Civilian / Commercial,Commercial multirotor/fixed-wing,Listed in OpenDroneList,,,,Not collected,OpenDroneList,https://github.com/dronetag/opendronelist,2026-08-02,Community dataset; verify against manufacturer,,,Hubsan,none,,700,45,,,,,,,
SRC-0277,Zino Pro,China,Hubsan,Civilian / Commercial,Commercial multirotor/fixed-wing,Listed in OpenDroneList,,,,Not collected,OpenDroneList,https://github.com/dronetag/opendronelist,2026-08-02,Community dataset; verify against manufacturer,,,Hubsan,none,,700,43,,,,,,,
SRC-0278,H109S X4 Pro,China,Hubsan,Civilian / Commercial,Commercial multirotor/fixed-wing,Listed in OpenDroneList,,,,Not collected,OpenDroneList,https://github.com/dronetag/opendronelist,2026-08-02,Community dataset; verify against manufacturer,,,Hubsan,none,,1400,40,,,,,,,
SRC-0279,Alias,United States,LaTrax,Civilian / Commercial,Commercial multirotor/fixed-wing,Listed in OpenDroneList,,,,Not collected,OpenDroneList,https://github.com/dronetag/opendronelist,2026-08-02,Community dataset; verify against manufacturer,,,LaTrax,none,,100,12,,,,,,,
SRC-0280,Anafi,France,Parrot,Civilian / Commercial,Commercial multirotor/fixed-wing,Listed in OpenDroneList,,,,Not collected,OpenDroneList,https://github.com/dronetag/opendronelist,2026-08-02,Community dataset; verify against manufacturer,,,Parrot,none,,320,25,,,,,,,
SRC-0281,AR Drone,France,Parrot,Civilian / Commercial,Commercial multirotor/fixed-wing,Listed in OpenDroneList,,,,Not collected,OpenDroneList,https://github.com/dronetag/opendronelist,2026-08-02,Community dataset; verify against manufacturer,,,Parrot,none,,420,12,,,,,,,
SRC-0282,AR Drone 2.0,France,Parrot,Civilian / Commercial,Commercial multirotor/fixed-wing,Listed in OpenDroneList,,,,Not collected,OpenDroneList,https://github.com/dronetag/opendronelist,2026-08-02,Community dataset; verify against manufacturer,,,Parrot,none,,420,12,,,,,,,
SRC-0283,Bebop,France,Parrot,Civilian / Commercial,Commercial multirotor/fixed-wing,Listed in OpenDroneList,,,,Not collected,OpenDroneList,https://github.com/dronetag/opendronelist,2026-08-02,Community dataset; verify against manufacturer,,,Parrot,none,,400,60,,,,,,,
SRC-0284,Bebop 2,France,Parrot,Civilian / Commercial,Commercial multirotor/fixed-wing,Listed in OpenDroneList,,,,Not collected,OpenDroneList,https://github.com/dronetag/opendronelist,2026-08-02,Community dataset; verify against manufacturer,,,Parrot,none,,500,60,,,,,,,
SRC-0285,Disco,France,Parrot,Civilian / Commercial,Commercial multirotor/fixed-wing,Listed in OpenDroneList,,,,Not collected,OpenDroneList,https://github.com/dronetag/opendronelist,2026-08-02,Community dataset; verify against manufacturer,,,Parrot,none,,750,45,,,,,,,
SRC-0286,Trinity F90+,Germany,Quantum-Systems,Civilian / Commercial,Commercial multirotor/fixed-wing,Listed in OpenDroneList,,,,Not collected,OpenDroneList,https://github.com/dronetag/opendronelist,2026-08-02,Community dataset; verify against manufacturer,,,Quantum-Systems,C3,,5500,90,,,,,,,
SRC-0287,ARS-S1,Japan,Sony,Civilian / Commercial,Commercial multirotor/fixed-wing,Listed in OpenDroneList,,,,Not collected,OpenDroneList,https://github.com/dronetag/opendronelist,2026-08-02,Community dataset; verify against manufacturer,,,Sony,none,,7450,30,,,,,,,
SRC-0288,X5C,China,Syma,Civilian / Commercial,Commercial multirotor/fixed-wing,Listed in OpenDroneList,,,,Not collected,OpenDroneList,https://github.com/dronetag/opendronelist,2026-08-02,Community dataset; verify against manufacturer,,,Syma,none,,200,10,,,,,,,
SRC-0289,X25 Pro,China,Syma,Civilian / Commercial,Commercial multirotor/fixed-wing,Listed in OpenDroneList,,,,Not collected,OpenDroneList,https://github.com/dronetag/opendronelist,2026-08-02,Community dataset; verify against manufacturer,,,Syma,none,,200,7,,,,,,,
SRC-0290,X8 Pro,China,Syma,Civilian / Commercial,Commercial multirotor/fixed-wing,Listed in OpenDroneList,,,,Not collected,OpenDroneList,https://github.com/dronetag/opendronelist,2026-08-02,Community dataset; verify against manufacturer,,,Syma,none,,620,15,,,,,,,
SRC-0291,GEMINI,China,TBS,Civilian / Commercial,Commercial multirotor/fixed-wing,Listed in OpenDroneList,,,,Not collected,OpenDroneList,https://github.com/dronetag/opendronelist,2026-08-02,Community dataset; verify against manufacturer,,,TBS,none,,370,10,,,,,,,
SRC-0292,Vitus 320,China,Walkera,Civilian / Commercial,Commercial multirotor/fixed-wing,Listed in OpenDroneList,,,,Not collected,OpenDroneList,https://github.com/dronetag/opendronelist,2026-08-02,Community dataset; verify against manufacturer,,,Walkera,none,,890,25,,,,,,,
SRC-0293,WingtraOne,Switzerland,Wingtra,Civilian / Commercial,Commercial multirotor/fixed-wing,Listed in OpenDroneList,,,,Not collected,OpenDroneList,https://github.com/dronetag/opendronelist,2026-08-02,Community dataset; verify against manufacturer,,,Wingtra,C3,,4800,59,,,,,,,
SRC-0294,FIMI X8,China,Xiaomi,Civilian / Commercial,Commercial multirotor/fixed-wing,Listed in OpenDroneList,,,,Not collected,OpenDroneList,https://github.com/dronetag/opendronelist,2026-08-02,Community dataset; verify against manufacturer,,,Xiaomi,none,,790,35,,,,,,,
SRC-0295,Mi Drone 4K,China,Xiaomi,Civilian / Commercial,Commercial multirotor/fixed-wing,Listed in OpenDroneList,,,,Not collected,OpenDroneList,https://github.com/dronetag/opendronelist,2026-08-02,Community dataset; verify against manufacturer,,,Xiaomi,none,,1390,27,,,,,,,
SRC-0296,Mi Drone Mini,China,Xiaomi,Civilian / Commercial,Commercial multirotor/fixed-wing,Listed in OpenDroneList,,,,Not collected,OpenDroneList,https://github.com/dronetag/opendronelist,2026-08-02,Community dataset; verify against manufacturer,,,Xiaomi,none,,88,10,,,,,,,
SRC-0297,Breeze,China,Yuneec,Civilian / Commercial,Commercial multirotor/fixed-wing,Listed in OpenDroneList,,,,Not collected,OpenDroneList,https://github.com/dronetag/opendronelist,2026-08-02,Community dataset; verify against manufacturer,,,Yuneec,none,,385,12,,,,,,,
SRC-0298,H520,China,Yuneec,Civilian / Commercial,Commercial multirotor/fixed-wing,Listed in OpenDroneList,,,,Not collected,OpenDroneList,https://github.com/dronetag/opendronelist,2026-08-02,Community dataset; verify against manufacturer,,,Yuneec,none,,2500,25,,,,,,,
SRC-0299,H520E,China,Yuneec,Civilian / Commercial,Commercial multirotor/fixed-wing,Listed in OpenDroneList,,,,Not collected,OpenDroneList,https://github.com/dronetag/opendronelist,2026-08-02,Community dataset; verify against manufacturer,,,Yuneec,C2,,2500,25,,,,,,,
SRC-0300,H520E-RTK,China,Yuneec,Civilian / Commercial,Commercial multirotor/fixed-wing,Listed in OpenDroneList,,,,Not collected,OpenDroneList,https://github.com/dronetag/opendronelist,2026-08-02,Community dataset; verify against manufacturer,,,Yuneec,C2,,2500,25,,,,,,,
SRC-0301,H850-RTK,China,Yuneec,Civilian / Commercial,Commercial multirotor/fixed-wing,Listed in OpenDroneList,,,,Not collected,OpenDroneList,https://github.com/dronetag/opendronelist,2026-08-02,Community dataset; verify against manufacturer,,,Yuneec,none,,9300,65,,,,,,,
SRC-0302,Mantis G,China,Yuneec,Civilian / Commercial,Commercial multirotor/fixed-wing,Listed in OpenDroneList,,,,Not collected,OpenDroneList,https://github.com/dronetag/opendronelist,2026-08-02,Community dataset; verify against manufacturer,,,Yuneec,none,,490,33,,,,,,,
SRC-0303,Mantis Q,China,Yuneec,Civilian / Commercial,Commercial multirotor/fixed-wing,Listed in OpenDroneList,,,,Not collected,OpenDroneList,https://github.com/dronetag/opendronelist,2026-08-02,Community dataset; verify against manufacturer,,,Yuneec,none,,480,33,,,,,,,
SRC-0304,Typhoon 4K,China,Yuneec,Civilian / Commercial,Commercial multirotor/fixed-wing,Listed in OpenDroneList,,,,Not collected,OpenDroneList,https://github.com/dronetag/opendronelist,2026-08-02,Community dataset; verify against manufacturer,,,Yuneec,none,,1700,25,,,,,,,
SRC-0305,Typhoon H,China,Yuneec,Civilian / Commercial,Commercial multirotor/fixed-wing,Listed in OpenDroneList,,,,Not collected,OpenDroneList,https://github.com/dronetag/opendronelist,2026-08-02,Community dataset; verify against manufacturer,,,Yuneec,none,,1950,28,,,,,,,
SRC-0306,Typhoon H Plus,China,Yuneec,Civilian / Commercial,Commercial multirotor/fixed-wing,Listed in OpenDroneList,,,,Not collected,OpenDroneList,https://github.com/dronetag/opendronelist,2026-08-02,Community dataset; verify against manufacturer,,,Yuneec,none,,2086,28,,,,,,,
SRC-0307,Typhoon H3,China,Yuneec,Civilian / Commercial,Commercial multirotor/fixed-wing,Listed in OpenDroneList,,,,Not collected,OpenDroneList,https://github.com/dronetag/opendronelist,2026-08-02,Community dataset; verify against manufacturer,,,Yuneec,none,,1985,25,,,,,,,
SRC-0308,Typhoon Q500,China,Yuneec,Civilian / Commercial,Commercial multirotor/fixed-wing,Listed in OpenDroneList,,,,Not collected,OpenDroneList,https://github.com/dronetag/opendronelist,2026-08-02,Community dataset; verify against manufacturer,,,Yuneec,none,,1700,25,,,,,,,
SRC-0309,DJI Mini 5 Pro,China,,Civilian / Commercial,Multirotor,EASA-listed for EU operations,,,,Not collected,EASA Drones for EU Operations,https://www.easa.europa.eu/en/domains/drones-air-mobility/drones-evtol-designs/drones-eu-operations/pr-425-mt5mfnd,2026-08-02,Official regulatory list; manufacturer-supplied data,,MT5MFND | MT5MFNDB | MT5MFNDC,DJI GmbH,C0 | C1,Multirotor,,,,,,,,,Operations: Open / Standard
SRC-0310,DJI Matrice 4D,China,,Civilian / Commercial,Multirotor,EASA-listed for EU operations,,,,Not collected,EASA Drones for EU Operations,https://www.easa.europa.eu/en/domains/drones-air-mobility/drones-evtol-designs/drones-eu-operations/pr-682-m4d,2026-08-02,Official regulatory list; manufacturer-supplied data,,M4D,DJI GmbH,"C2 with low speed mode,C6 (STS 02)",Multirotor,,,,,,,,,Operations: Open / Standard
SRC-0311,DJI Matrice 4TD,China,,Civilian / Commercial,Multirotor,EASA-listed for EU operations,,,,Not collected,EASA Drones for EU Operations,https://www.easa.europa.eu/en/domains/drones-air-mobility/drones-evtol-designs/drones-eu-operations/pr-683-m4td,2026-08-02,Official regulatory list; manufacturer-supplied data,,M4TD,DJI GmbH,"C2 with low speed mode,C6 (STS 02)",Multirotor,,,,,,,,,Operations: Open / Standard
SRC-0312,DJI Matrice 400,China,,Civilian / Commercial,Multirotor,EASA-listed for EU operations,,,,Not collected,EASA Drones for EU Operations,https://www.easa.europa.eu/en/domains/drones-air-mobility/drones-evtol-designs/drones-eu-operations/pr-376-matrice-400,2026-08-02,Official regulatory list; manufacturer-supplied data,,Matrice 400,DJI GmbH,C3 | C6 (STS 02),Multirotor,,,,,,,,,Operations: Open / Standard
SRC-0313,C5 Eurosafe Matrice 400,China,,Civilian / Commercial,Multirotor,EASA-listed for EU operations,,,,Not collected,EASA Drones for EU Operations,https://www.easa.europa.eu/en/domains/drones-air-mobility/drones-evtol-designs/drones-eu-operations/pr-2627-c5-eurosafe-matrice-400,2026-08-02,Official regulatory list; manufacturer-supplied data,,,"EUROSAFE SYSTEMS, S.L.",C5 (STS 01),Multirotor,,,,,,,,,Operations: Open / Standard
SRC-0314,AQUILA,South Korea,,Civilian / Commercial,Multirotor,EASA-listed for EU operations,,,,Not collected,EASA Drones for EU Operations,https://www.easa.europa.eu/en/domains/drones-air-mobility/drones-evtol-designs/drones-eu-operations/pr-318-al-200f,2026-08-02,Official regulatory list; manufacturer-supplied data,,AL-200F,"ARGOSDYNE Co., Ltd.",C2 with low speed mode,Multirotor,,,,,,,,,Operations: Open / Standard
SRC-0315,HIGHDRA,Germany,,Civilian / Commercial,Multirotor,EASA-listed for EU operations,,,,Not collected,EASA Drones for EU Operations,https://www.easa.europa.eu/en/domains/drones-air-mobility/drones-evtol-designs/drones-eu-operations/pr-371-highdra,2026-08-02,Official regulatory list; manufacturer-supplied data,,,Starcopter GmbH,C3,Multirotor,,,,,,,,,Operations: Open / Standard
SRC-0316,AQUILA3,South Korea,,Civilian / Commercial,Multirotor,EASA-listed for EU operations,,,,Not collected,EASA Drones for EU Operations,https://www.easa.europa.eu/en/domains/drones-air-mobility/drones-evtol-designs/drones-eu-operations/pr-396-al-300fm,2026-08-02,Official regulatory list; manufacturer-supplied data,,AL-300FM,"ARGOSDYNE Co., Ltd.",c3,Multirotor,,,,,,,,,Operations: Open / Standard
SRC-0317,Swift,Denmark,,Civilian / Commercial,Multirotor,EASA-listed for EU operations,,,,Not collected,EASA Drones for EU Operations,https://www.easa.europa.eu/en/domains/drones-air-mobility/drones-evtol-designs/drones-eu-operations/pr-680-021-000-01,2026-08-02,Official regulatory list; manufacturer-supplied data,,021-000-01,Upteko Aps,C2 with low speed mode,Multirotor,,,,,,,,,Operations: Open / Standard
SRC-0318,NDN electric drone XLR,Finland,,Civilian / Commercial,Multirotor,EASA-listed for EU operations,,,,Not collected,EASA Drones for EU Operations,https://www.easa.europa.eu/en/domains/drones-air-mobility/drones-evtol-designs/drones-eu-operations/pr-695-ndn-electric-drone-xlr,2026-08-02,Official regulatory list; manufacturer-supplied data,,,NOKIA SOLUTIONS AND NETWORKS OY,"C5 (STS 01),C6 (STS 02)",Multirotor,,,,,,,,,Operations: Open / Standard
SRC-0319,SX1.2,France,,Civilian / Commercial,Fixed wing,EASA-listed for EU operations,,,,Not collected,EASA Drones for EU Operations,https://www.easa.europa.eu/en/domains/drones-air-mobility/drones-evtol-designs/drones-eu-operations/pr-8-sx12,2026-08-02,Official regulatory list; manufacturer-supplied data,,,XSUN,,Fixed wing,,,,,,,,,Operations: Specific
SRC-0320,C5 Eurosafe Matrice 4D,China,,Civilian / Commercial,Multirotor,EASA-listed for EU operations,,,,Not collected,EASA Drones for EU Operations,https://www.easa.europa.eu/en/domains/drones-air-mobility/drones-evtol-designs/drones-eu-operations/pr-677-c5-eurosafe-matrice-4d,2026-08-02,Official regulatory list; manufacturer-supplied data,,,"EUROSAFE SYSTEMS, S.L.",C5 (STS 01),Multirotor,,,,,,,,,Operations: Open / Standard
SRC-0321,C5 Eurosafe Matrice 4TD,China,,Civilian / Commercial,Multirotor,EASA-listed for EU operations,,,,Not collected,EASA Drones for EU Operations,https://www.easa.europa.eu/en/domains/drones-air-mobility/drones-evtol-designs/drones-eu-operations/pr-678-c5-eurosafe-matrice-4td,2026-08-02,Official regulatory list; manufacturer-supplied data,,,"EUROSAFE SYSTEMS, S.L.",C5 (STS 01),Multirotor,,,,,,,,,Operations: Open / Standard
SRC-0322,DJI Avata 360,China,,Civilian / Commercial,Multirotor,EASA-listed for EU operations,,,,Not collected,EASA Drones for EU Operations,https://www.easa.europa.eu/en/domains/drones-air-mobility/drones-evtol-designs/drones-eu-operations/pr-652-dvn3nt,2026-08-02,Official regulatory list; manufacturer-supplied data,,DVN3NT | DVN3XT,DJI GmbH,C1,Multirotor,,,,,,,,,Operations: Open / Standard
SRC-0323,DJI Lito X1,China,,Civilian / Commercial,Multirotor,EASA-listed for EU operations,,,,Not collected,EASA Drones for EU Operations,https://www.easa.europa.eu/en/domains/drones-air-mobility/drones-evtol-designs/drones-eu-operations/pr-654-dgp14c,2026-08-02,Official regulatory list; manufacturer-supplied data,,DGP14C | DGP14D,DJI GmbH,C0 | C1,Multirotor,,,,,,,,,Operations: Open / Standard
SRC-0324,DJI Lito 1,China,,Civilian / Commercial,Multirotor,EASA-listed for EU operations,,,,Not collected,EASA Drones for EU Operations,https://www.easa.europa.eu/en/domains/drones-air-mobility/drones-evtol-designs/drones-eu-operations/pr-656-dgn12c,2026-08-02,Official regulatory list; manufacturer-supplied data,,DGN12C | DGN12D,DJI GmbH,C0 | C1,Multirotor,,,,,,,,,Operations: Open / Standard
SRC-0325,ATOM 2,China,,Civilian / Commercial,Multirotor,EASA-listed for EU operations,,,,Not collected,EASA Drones for EU Operations,https://www.easa.europa.eu/en/domains/drones-air-mobility/drones-evtol-designs/drones-eu-operations/pr-252-dsdr23a,2026-08-02,Official regulatory list; manufacturer-supplied data,,DSDR23A,"Shenzhen Potensic Intelligent Co., Ltd",C0,Multirotor,,,,,,,,,Operations: Open / Standard
SRC-0326,ATOM 3,China,,Civilian / Commercial,Multirotor,EASA-listed for EU operations,,,,Not collected,EASA Drones for EU Operations,https://www.easa.europa.eu/en/domains/drones-air-mobility/drones-evtol-designs/drones-eu-operations/pr-670-dsdr24a,2026-08-02,Official regulatory list; manufacturer-supplied data,,DSDR24A,"Shenzhen Potensic Intelligent Co., Ltd",C0,Multirotor,,,,,,,,,Operations: Open / Standard
SRC-0327,Skydart5 C6,France,,Civilian / Commercial,Fixed wing,EASA-listed for EU operations,,,,Not collected,EASA Drones for EU Operations,https://www.easa.europa.eu/en/domains/drones-air-mobility/drones-evtol-designs/drones-eu-operations/pr-671-skydart5-c6,2026-08-02,Official regulatory list; manufacturer-supplied data,,,CAVOK UAS,C6 (STS 02),Fixed wing,,,,,,,,,Operations: Open / Standard
SRC-0328,ATOM,China,,Civilian / Commercial,Multirotor,EASA-listed for EU operations,,,,Not collected,EASA Drones for EU Operations,https://www.easa.europa.eu/en/domains/drones-air-mobility/drones-evtol-designs/drones-eu-operations/pr-71-dsdr04c,2026-08-02,Official regulatory list; manufacturer-supplied data,,DSDR04C,"Shenzhen Potensic Intelligent Co., Ltd",C0,Multirotor,,,,,,,,,Operations: Open / Standard
SRC-0329,ATOM SE,China,,Civilian / Commercial,Multirotor,EASA-listed for EU operations,,,,Not collected,EASA Drones for EU Operations,https://www.easa.europa.eu/en/domains/drones-air-mobility/drones-evtol-designs/drones-eu-operations/pr-72-dsdr04b,2026-08-02,Official regulatory list; manufacturer-supplied data,,DSDR04B,"Shenzhen Potensic Intelligent Co., Ltd",C0,Multirotor,,,,,,,,,Operations: Open / Standard
SRC-0330,ATOM LT,China,,Civilian / Commercial,Multirotor,EASA-listed for EU operations,,,,Not collected,EASA Drones for EU Operations,https://www.easa.europa.eu/en/domains/drones-air-mobility/drones-evtol-designs/drones-eu-operations/pr-78-dsdr04d,2026-08-02,Official regulatory list; manufacturer-supplied data,,DSDR04D,"Shenzhen Potensic Intelligent Co., Ltd",C0,Multirotor,,,,,,,,,Operations: Open / Standard
SRC-0331,CK23VE SW C6,France,,Civilian / Commercial,Fixed wing,EASA-listed for EU operations,,,,Not collected,EASA Drones for EU Operations,https://www.easa.europa.eu/en/domains/drones-air-mobility/drones-evtol-designs/drones-eu-operations/pr-264-ck23ve-sw-c6,2026-08-02,Official regulatory list; manufacturer-supplied data,,,CAVOK UAS,C6 (STS 02),Fixed wing,,,,,,,,,Operations: Open / Standard
SRC-0332,CK25 C5/C6,France,,Civilian / Commercial,Multirotor,EASA-listed for EU operations,,,,Not collected,EASA Drones for EU Operations,https://www.easa.europa.eu/en/domains/drones-air-mobility/drones-evtol-designs/drones-eu-operations/pr-337-ck25-c5c6,2026-08-02,Official regulatory list; manufacturer-supplied data,,,CAVOK UAS,"C5 (STS 01),C6 (STS 02)",Multirotor,,,,,,,,,Operations: Open / Standard
SRC-0333,CK7-2 C6,France,,Civilian / Commercial,Fixed wing,EASA-listed for EU operations,,,,Not collected,EASA Drones for EU Operations,https://www.easa.europa.eu/en/domains/drones-air-mobility/drones-evtol-designs/drones-eu-operations/pr-586-ck7-c6,2026-08-02,Official regulatory list; manufacturer-supplied data,,CK7 C6,CAVOK UAS,C6 (STS 02),Fixed wing,,,,,,,,,Operations: Open / Standard
SRC-0334,AIR4 LIGHT,Germany,,Civilian / Commercial,Multirotor,EASA-listed for EU operations,,,,Not collected,EASA Drones for EU Operations,https://www.easa.europa.eu/en/domains/drones-air-mobility/drones-evtol-designs/drones-eu-operations/pr-638-air4-light,2026-08-02,Official regulatory list; manufacturer-supplied data,,,AIR6 SYSTEMS GmBH,"C5 (STS 01),C6 (STS 02)",Multirotor,,,,,,,,,Operations: Open / Standard
SRC-0335,AIR4 MICRO,Germany,,Civilian / Commercial,Multirotor,EASA-listed for EU operations,,,,Not collected,EASA Drones for EU Operations,https://www.easa.europa.eu/en/domains/drones-air-mobility/drones-evtol-designs/drones-eu-operations/pr-639-air4-micro,2026-08-02,Official regulatory list; manufacturer-supplied data,,,AIR6 SYSTEMS GmBH,"C5 (STS 01),C6 (STS 02)",Multirotor,,,,,,,,,Operations: Open / Standard
SRC-0336,AIR4 NANO,Germany,,Civilian / Commercial,Multirotor,EASA-listed for EU operations,,,,Not collected,EASA Drones for EU Operations,https://www.easa.europa.eu/en/domains/drones-air-mobility/drones-evtol-designs/drones-eu-operations/pr-640-air4-nano,2026-08-02,Official regulatory list; manufacturer-supplied data,,,AIR6 SYSTEMS GmBH,"C5 (STS 01),C6 (STS 02)",Multirotor,,,,,,,,,Operations: Open / Standard
SRC-0337,AIR4 NANO E,Germany,,Civilian / Commercial,Multirotor,EASA-listed for EU operations,,,,Not collected,EASA Drones for EU Operations,https://www.easa.europa.eu/en/domains/drones-air-mobility/drones-evtol-designs/drones-eu-operations/pr-643-air4-nano-e,2026-08-02,Official regulatory list; manufacturer-supplied data,,,AIR6 SYSTEMS GmBH,"C5 (STS 01),C6 (STS 02)",Multirotor,,,,,,,,,Operations: Open / Standard
SRC-0338,AIR8 COMPACT,Germany,,Civilian / Commercial,Multirotor,EASA-listed for EU operations,,,,Not collected,EASA Drones for EU Operations,https://www.easa.europa.eu/en/domains/drones-air-mobility/drones-evtol-designs/drones-eu-operations/pr-584-air8-compact,2026-08-02,Official regulatory list; manufacturer-supplied data,,,AIR6 SYSTEMS GmBH,"C5 (STS 01),C6 (STS 02)",Multirotor,,,,,,,,,Operations: Open / Standard
SRC-0339,AD405PRO Tethered,France,,Civilian / Commercial,Multirotor,EASA-listed for EU operations,,,,Not collected,EASA Drones for EU Operations,https://www.easa.europa.eu/en/domains/drones-air-mobility/drones-evtol-designs/drones-eu-operations/pr-641-ad405pro-tethered,2026-08-02,Official regulatory list; manufacturer-supplied data,,,Artech'Drone,C5 (STS 01),Multirotor,,,,,,,,,Operations: Open / Standard
SRC-0340,Matrice 350 RTK C5,China,,Civilian / Commercial,Multirotor,EASA-listed for EU operations,,,,Not collected,EASA Drones for EU Operations,https://www.easa.europa.eu/en/domains/drones-air-mobility/drones-evtol-designs/drones-eu-operations/pr-236-matrice-350-c5,2026-08-02,Official regulatory list; manufacturer-supplied data,,Matrice 350 C5,DRONAVIA,C5 (STS 01),Multirotor,,,,,,,,,Operations: Open / Standard
SRC-0341,Inspire 3 C5,China,,Civilian / Commercial,Multirotor,EASA-listed for EU operations,,,,Not collected,EASA Drones for EU Operations,https://www.easa.europa.eu/en/domains/drones-air-mobility/drones-evtol-designs/drones-eu-operations/pr-238-inspire-3-c5,2026-08-02,Official regulatory list; manufacturer-supplied data,,,DRONAVIA,C5 (STS 01),Multirotor,,,,,,,,,Operations: Open / Standard
SRC-0342,Kronos AD Matrice 30,China,,Civilian / Commercial,Multirotor,EASA-listed for EU operations,,,,Not collected,EASA Drones for EU Operations,https://www.easa.europa.eu/en/domains/drones-air-mobility/drones-evtol-designs/drones-eu-operations/pr-353-kronos-ad-matrice-30,2026-08-02,Official regulatory list; manufacturer-supplied data,,,DRONAVIA,C5 (STS 01),Multirotor,,,,,,,,,Operations: Open / Standard
SRC-0343,Kronos AD Matrice 30T,China,,Civilian / Commercial,Multirotor,EASA-listed for EU operations,,,,Not collected,EASA Drones for EU Operations,https://www.easa.europa.eu/en/domains/drones-air-mobility/drones-evtol-designs/drones-eu-operations/pr-354-kronos-ad-matrice-30t,2026-08-02,Official regulatory list; manufacturer-supplied data,,,DRONAVIA,C5 (STS 01),Multirotor,,,,,,,,,Operations: Open / Standard
SRC-0344,Kronos AD Matrice 4E,China,,Civilian / Commercial,Multirotor,EASA-listed for EU operations,,,,Not collected,EASA Drones for EU Operations,https://www.easa.europa.eu/en/domains/drones-air-mobility/drones-evtol-designs/drones-eu-operations/pr-373-kronos-ad-matrice-4e,2026-08-02,Official regulatory list; manufacturer-supplied data,,,DRONAVIA,C5 (STS 01),Multirotor,,,,,,,,,Operations: Open / Standard
SRC-0345,Kronos AD Matrice 4T,China,,Civilian / Commercial,Multirotor,EASA-listed for EU operations,,,,Not collected,EASA Drones for EU Operations,https://www.easa.europa.eu/en/domains/drones-air-mobility/drones-evtol-designs/drones-eu-operations/pr-374-kronos-ad-matrice-4t,2026-08-02,Official regulatory list; manufacturer-supplied data,,,DRONAVIA,C5 (STS 01),Multirotor,,,,,,,,,Operations: Open / Standard
SRC-0346,CK9 C5/C6,France,,Civilian / Commercial,Multirotor,EASA-listed for EU operations,,,,Not collected,EASA Drones for EU Operations,https://www.easa.europa.eu/en/domains/drones-air-mobility/drones-evtol-designs/drones-eu-operations/pr-560-ck9-c5c6,2026-08-02,Official regulatory list; manufacturer-supplied data,,,CAVOK UAS,"C5 (STS 01),C6 (STS 02)",Multirotor,,,,,,,,,Operations: Open / Standard
SRC-0347,Kronos AD Mavic 4 Pro,China,,Civilian / Commercial,Multirotor,EASA-listed for EU operations,,,,Not collected,EASA Drones for EU Operations,https://www.easa.europa.eu/en/domains/drones-air-mobility/drones-evtol-designs/drones-eu-operations/pr-621-kronos-ad-mavic-4-pro,2026-08-02,Official regulatory list; manufacturer-supplied data,,,DRONAVIA,C5 (STS 01),Multirotor,,,,,,,,,Operations: Open / Standard
SRC-0348,Kronos AD Matrice 4D,China,,Civilian / Commercial,Multirotor,EASA-listed for EU operations,,,,Not collected,EASA Drones for EU Operations,https://www.easa.europa.eu/en/domains/drones-air-mobility/drones-evtol-designs/drones-eu-operations/pr-622-kronos-ad-matrice-4d,2026-08-02,Official regulatory list; manufacturer-supplied data,,,DRONAVIA,C5 (STS 01),Multirotor,,,,,,,,,Operations: Open / Standard
SRC-0349,Kronos AD Matrice 4TD,China,,Civilian / Commercial,Multirotor,EASA-listed for EU operations,,,,Not collected,EASA Drones for EU Operations,https://www.easa.europa.eu/en/domains/drones-air-mobility/drones-evtol-designs/drones-eu-operations/pr-623-kronos-ad-matrice-4td,2026-08-02,Official regulatory list; manufacturer-supplied data,,,DRONAVIA,C5 (STS 01),Multirotor,,,,,,,,,Operations: Open / Standard
SRC-0350,Kronos AD Mavic 3E,China,,Civilian / Commercial,Multirotor,EASA-listed for EU operations,,,,Not collected,EASA Drones for EU Operations,https://www.easa.europa.eu/en/domains/drones-air-mobility/drones-evtol-designs/drones-eu-operations/pr-80-kronos-ad-mavic-3e,2026-08-02,Official regulatory list; manufacturer-supplied data,,,DRONAVIA,C5 (STS 01),Multirotor,,,,,,,,,Operations: Open / Standard
SRC-0351,Kronos AD Mavic 3T,China,,Civilian / Commercial,Multirotor,EASA-listed for EU operations,,,,Not collected,EASA Drones for EU Operations,https://www.easa.europa.eu/en/domains/drones-air-mobility/drones-evtol-designs/drones-eu-operations/pr-81-kronos-ad-mavic-3t,2026-08-02,Official regulatory list; manufacturer-supplied data,,,DRONAVIA,C5 (STS 01),Multirotor,,,,,,,,,Operations: Open / Standard
SRC-0352,Kronos AD Mavic 3M,China,,Civilian / Commercial,Multirotor,EASA-listed for EU operations,,,,Not collected,EASA Drones for EU Operations,https://www.easa.europa.eu/en/domains/drones-air-mobility/drones-evtol-designs/drones-eu-operations/pr-82-kronos-ad-mavic-3m,2026-08-02,Official regulatory list; manufacturer-supplied data,,,DRONAVIA,C5 (STS 01),Multirotor,,,,,,,,,Operations: Open / Standard
SRC-0353,Kronos AD Mavic 3 Pro,China,,Civilian / Commercial,Multirotor,EASA-listed for EU operations,,,,Not collected,EASA Drones for EU Operations,https://www.easa.europa.eu/en/domains/drones-air-mobility/drones-evtol-designs/drones-eu-operations/pr-83-kronos-ad-mavic-3-pro,2026-08-02,Official regulatory list; manufacturer-supplied data,,,DRONAVIA,C5 (STS 01),Multirotor,,,,,,,,,Operations: Open / Standard
SRC-0354,Kronos AD Mavic 3 Pro Cine,China,,Civilian / Commercial,Multirotor,EASA-listed for EU operations,,,,Not collected,EASA Drones for EU Operations,https://www.easa.europa.eu/en/domains/drones-air-mobility/drones-evtol-designs/drones-eu-operations/pr-85-kronos-ad-mavic-3-pro,2026-08-02,Official regulatory list; manufacturer-supplied data,,,DRONAVIA,C5 (STS 01),Multirotor,,,,,,,,,Operations: Open / Standard
SRC-0355,MANTA,France,,Civilian / Commercial,Multirotor,EASA-listed for EU operations,,,,Not collected,EASA Drones for EU Operations,https://www.easa.europa.eu/en/domains/drones-air-mobility/drones-evtol-designs/drones-eu-operations/pr-375-manta,2026-08-02,Official regulatory list; manufacturer-supplied data,,,OBJECTIF DRONE PRODUCTION,"C5 (STS 01),C6 (STS 02)",Multirotor,,,,,,,,,Operations: Open / Standard
SRC-0356,ARES,France,,Civilian / Commercial,Multirotor,EASA-listed for EU operations,,,,Not collected,EASA Drones for EU Operations,https://www.easa.europa.eu/en/domains/drones-air-mobility/drones-evtol-designs/drones-eu-operations/pr-88-ares,2026-08-02,Official regulatory list; manufacturer-supplied data,,,OBJECTIF DRONE PRODUCTION,"C5 (STS 01),C6 (STS 02)",Multirotor,,,,,,,,,Operations: Open / Standard
SRC-0357,ATLAS,France,,Civilian / Commercial,Multirotor,EASA-listed for EU operations,,,,Not collected,EASA Drones for EU Operations,https://www.easa.europa.eu/en/domains/drones-air-mobility/drones-evtol-designs/drones-eu-operations/pr-93-atlas,2026-08-02,Official regulatory list; manufacturer-supplied data,,,OBJECTIF DRONE PRODUCTION,"C5 (STS 01),C6 (STS 02)",Multirotor,,,,,,,,,Operations: Open / Standard
SRC-0358,CHRONOS,France,,Civilian / Commercial,Multirotor,EASA-listed for EU operations,,,,Not collected,EASA Drones for EU Operations,https://www.easa.europa.eu/en/domains/drones-air-mobility/drones-evtol-designs/drones-eu-operations/pr-94-chronos,2026-08-02,Official regulatory list; manufacturer-supplied data,,,OBJECTIF DRONE PRODUCTION,"C5 (STS 01),C6 (STS 02)",Multirotor,,,,,,,,,Operations: Open / Standard
SRC-0359,CHRONOS MINI,France,,Civilian / Commercial,Multirotor,EASA-listed for EU operations,,,,Not collected,EASA Drones for EU Operations,https://www.easa.europa.eu/en/domains/drones-air-mobility/drones-evtol-designs/drones-eu-operations/pr-95-chronos-mini,2026-08-02,Official regulatory list; manufacturer-supplied data,,CHRONOS MINI +,OBJECTIF DRONE PRODUCTION,C5 (STS 01),Multirotor,,,,,,,,,Operations: Open / Standard
SRC-0360,CK4 C5/C6,France,,Civilian / Commercial,Multirotor,EASA-listed for EU operations,,,,Not collected,EASA Drones for EU Operations,https://www.easa.europa.eu/en/domains/drones-air-mobility/drones-evtol-designs/drones-eu-operations/pr-561-ck4-c5c6,2026-08-02,Official regulatory list; manufacturer-supplied data,,,CAVOK UAS,"C5 (STS 01),C6 (STS 02)",Multirotor,,,,,,,,,Operations: Open / Standard
SRC-0361,INNOVADRONE 410 SPECIAL,France,,Civilian / Commercial,Multirotor,EASA-listed for EU operations,,,,Not collected,EASA Drones for EU Operations,https://www.easa.europa.eu/en/domains/drones-air-mobility/drones-evtol-designs/drones-eu-operations/pr-587-innovadrone-410,2026-08-02,Official regulatory list; manufacturer-supplied data,,,INNOVADRONE LLC,"C5 (STS 01),C6 (STS 02)",Multirotor,,,,,,,,,Operations: Open / Standard
SRC-0362,SURVEYOR,France,,Civilian / Commercial,Multirotor,EASA-listed for EU operations,,,,Not collected,EASA Drones for EU Operations,https://www.easa.europa.eu/en/domains/drones-air-mobility/drones-evtol-designs/drones-eu-operations/pr-588-surveyor,2026-08-02,Official regulatory list; manufacturer-supplied data,,,INNOVADRONE LLC,"C5 (STS 01),C6 (STS 02)",Multirotor,,,,,,,,,Operations: Open / Standard
SRC-0363,Kobra,France,,Civilian / Commercial,Multirotor,EASA-listed for EU operations,,,,Not collected,EASA Drones for EU Operations,https://www.easa.europa.eu/en/domains/drones-air-mobility/drones-evtol-designs/drones-eu-operations/pr-574-kobra,2026-08-02,Official regulatory list; manufacturer-supplied data,,,DRONE VOLT,C3,Multirotor,,,,,,,,,Operations: Open / Standard
SRC-0364,SURVEYOR TETHERED,France,,Civilian / Commercial,Multirotor,EASA-listed for EU operations,,,,Not collected,EASA Drones for EU Operations,https://www.easa.europa.eu/en/domains/drones-air-mobility/drones-evtol-designs/drones-eu-operations/pr-581-surveyor-tethered,2026-08-02,Official regulatory list; manufacturer-supplied data,,,INNOVADRONE LLC,C5 (STS 01),Multirotor,,,,,,,,,Operations: Open / Standard
SRC-0365,SURVEYOR XL TETHERED,France,,Civilian / Commercial,Multirotor,EASA-listed for EU operations,,,,Not collected,EASA Drones for EU Operations,https://www.easa.europa.eu/en/domains/drones-air-mobility/drones-evtol-designs/drones-eu-operations/pr-583-surveyor-xl-tethered,2026-08-02,Official regulatory list; manufacturer-supplied data,,,INNOVADRONE LLC,C5 (STS 01),Multirotor,,,,,,,,,Operations: Open / Standard
SRC-0366,Delair UX 11 Caméra AG,France,,Civilian / Commercial,Fixed wing,EASA-listed for EU operations,,,,Not collected,EASA Drones for EU Operations,https://www.easa.europa.eu/en/domains/drones-air-mobility/drones-evtol-designs/drones-eu-operations/pr-86-ux11-ag-c6,2026-08-02,Official regulatory list; manufacturer-supplied data,,UX11-AG-C6,DELAIR,C6 (STS 02),Fixed wing,,,,,,,,,Operations: Open / Standard
SRC-0367,Delair UX11 Caméra IR,France,,Civilian / Commercial,Fixed wing,EASA-listed for EU operations,,,,Not collected,EASA Drones for EU Operations,https://www.easa.europa.eu/en/domains/drones-air-mobility/drones-evtol-designs/drones-eu-operations/pr-99-ux11-ir-c6,2026-08-02,Official regulatory list; manufacturer-supplied data,,UX11-IR-C6,DELAIR,C6 (STS 02),Fixed wing,,,,,,,,,Operations: Open / Standard
SRC-0368,Delair UX11 Caméra RGB,France,,Civilian / Commercial,Fixed wing,EASA-listed for EU operations,,,,Not collected,EASA Drones for EU Operations,https://www.easa.europa.eu/en/domains/drones-air-mobility/drones-evtol-designs/drones-eu-operations/pr-100-ux11-rgb-c6,2026-08-02,Official regulatory list; manufacturer-supplied data,,UX11-RGB- C6,DELAIR,C6 (STS 02),Fixed wing,,,,,,,,,Operations: Open / Standard
SRC-0369,Delair UX11 Longue Elongation Caméra AG,France,,Civilian / Commercial,Fixed wing,EASA-listed for EU operations,,,,Not collected,EASA Drones for EU Operations,https://www.easa.europa.eu/en/domains/drones-air-mobility/drones-evtol-designs/drones-eu-operations/pr-101-ux11-ag-le,2026-08-02,Official regulatory list; manufacturer-supplied data,,UX11-AG-LE,DELAIR,C6 (STS 02),Fixed wing,,,,,,,,,Operations: Open / Standard
SRC-0370,Delair UX11 Longue Elongation Caméra IR,France,,Civilian / Commercial,Fixed wing,EASA-listed for EU operations,,,,Not collected,EASA Drones for EU Operations,https://www.easa.europa.eu/en/domains/drones-air-mobility/drones-evtol-designs/drones-eu-operations/pr-102-ux11-ir-le,2026-08-02,Official regulatory list; manufacturer-supplied data,,UX11-IR-LE,DELAIR,C6 (STS 02),Fixed wing,,,,,,,,,Operations: Open / Standard
SRC-0371,Delair UX11 Longue Elongation Caméra RGB,France,,Civilian / Commercial,Fixed wing,EASA-listed for EU operations,,,,Not collected,EASA Drones for EU Operations,https://www.easa.europa.eu/en/domains/drones-air-mobility/drones-evtol-designs/drones-eu-operations/pr-103-ux11-rgb-le,2026-08-02,Official regulatory list; manufacturer-supplied data,,UX11-RGB-LE,DELAIR,C6 (STS 02),Fixed wing,,,,,,,,,Operations: Open / Standard
SRC-0372,Delair UX11-Longue Élongation Caméra IR Radiométrique,France,,Civilian / Commercial,Fixed wing,EASA-listed for EU operations,,,,Not collected,EASA Drones for EU Operations,https://www.easa.europa.eu/en/domains/drones-air-mobility/drones-evtol-designs/drones-eu-operations/pr-104-ux11-ir-radiometric,2026-08-02,Official regulatory list; manufacturer-supplied data,,UX11 IR Radiometric,DELAIR,C6 (STS 02),Fixed wing,,,,,,,,,Operations: Open / Standard
SRC-0373,Aerobotic Spray-L,France,,Civilian / Commercial,EU-listed drone,EASA-listed for EU operations,,,,Not collected,EASA Drones for EU Operations,https://www.easa.europa.eu/en/domains/drones-air-mobility/drones-evtol-designs/drones-eu-operations/pr-178-aerobotic-spray-l,2026-08-02,Official regulatory list; manufacturer-supplied data,,,Aeotic,"C5,C6",,,,,,,,,,Operations: Open / Standard
SRC-0374,Skyinnov AQ3F,France,,Civilian / Commercial,Multirotor,EASA-listed for EU operations,,,,Not collected,EASA Drones for EU Operations,https://www.easa.europa.eu/en/domains/drones-air-mobility/drones-evtol-designs/drones-eu-operations/pr-254-aq3f,2026-08-02,Official regulatory list; manufacturer-supplied data,,AQ3F,Aeromapping Solutions t/a SKYINNOV,C5 (STS 01),Multirotor,,,,,,,,,Operations: Open / Standard
SRC-0375,Guardian,Italy,,Civilian / Commercial,Fixed wing,EASA-listed for EU operations,,,,Not collected,EASA Drones for EU Operations,https://www.easa.europa.eu/en/domains/drones-air-mobility/drones-evtol-designs/drones-eu-operations/pr-261-vrgu25a,2026-08-02,Official regulatory list; manufacturer-supplied data,,VRGU25A,Vector Robotics Srl,C6 (STS 02),Fixed wing,,,,,,,,,Operations: Open / Standard
SRC-0376,FireHound | FH-0,Italy,,Civilian / Commercial,Fixed wing,EASA-listed for EU operations,,,,Not collected,EASA Drones for EU Operations,https://www.easa.europa.eu/en/domains/drones-air-mobility/drones-evtol-designs/drones-eu-operations/pr-262-vrfh25a,2026-08-02,Official regulatory list; manufacturer-supplied data,,VRFH25A,Vector Robotics Srl,C6 (STS 02),Fixed wing,,,,,,,,,Operations: Open / Standard
SRC-0377,S-R,France,,Civilian / Commercial,Multirotor,EASA-listed for EU operations,,,,Not collected,EASA Drones for EU Operations,https://www.easa.europa.eu/en/domains/drones-air-mobility/drones-evtol-designs/drones-eu-operations/pr-306-s-r,2026-08-02,Official regulatory list; manufacturer-supplied data,,,Aeotic,"C5 (STS 01),C6 (STS 02)",Multirotor,,,,,,,,,Operations: Open / Standard
SRC-0378,Guardian 4K,Italy,,Civilian / Commercial,Fixed wing,EASA-listed for EU operations,,,,Not collected,EASA Drones for EU Operations,https://www.easa.europa.eu/en/domains/drones-air-mobility/drones-evtol-designs/drones-eu-operations/pr-324-vrgu25b,2026-08-02,Official regulatory list; manufacturer-supplied data,,VRGU25B,Vector Robotics Srl,C6 (STS 02),Fixed wing,,,,,,,,,Operations: Open / Standard
SRC-0379,Servidrone1000 C5,France,,Civilian / Commercial,Multirotor,EASA-listed for EU operations,,,,Not collected,EASA Drones for EU Operations,https://www.easa.europa.eu/en/domains/drones-air-mobility/drones-evtol-designs/drones-eu-operations/pr-343-servidrone1000-c5,2026-08-02,Official regulatory list; manufacturer-supplied data,,,"Houssard, Francois",C5 (STS 01),Multirotor,,,,,,,,,Operations: Open / Standard
SRC-0380,Servidrone900 C5,France,,Civilian / Commercial,Multirotor,EASA-listed for EU operations,,,,Not collected,EASA Drones for EU Operations,https://www.easa.europa.eu/en/domains/drones-air-mobility/drones-evtol-designs/drones-eu-operations/pr-344-servidrone900-c5,2026-08-02,Official regulatory list; manufacturer-supplied data,,,"Houssard, Francois",C5 (STS 01),Multirotor,,,,,,,,,Operations: Open / Standard
SRC-0381,SERVIDRONE900C5 captif,France,,Civilian / Commercial,Multirotor,EASA-listed for EU operations,,,,Not collected,EASA Drones for EU Operations,https://www.easa.europa.eu/en/domains/drones-air-mobility/drones-evtol-designs/drones-eu-operations/pr-423-servidrone900c5-captif,2026-08-02,Official regulatory list; manufacturer-supplied data,,,"Houssard, Francois",C5 STS01,Multirotor,,,,,,,,,Operations: Open / Standard
SRC-0382,SERVIDRONE1000 C5 CAPTIF,France,,Civilian / Commercial,Multirotor,EASA-listed for EU operations,,,,Not collected,EASA Drones for EU Operations,https://www.easa.europa.eu/en/domains/drones-air-mobility/drones-evtol-designs/drones-eu-operations/pr-424-servidrone1000-c5,2026-08-02,Official regulatory list; manufacturer-supplied data,,,"Houssard, Francois",C5 STS01,Multirotor,,,,,,,,,Operations: Open / Standard
SRC-0383,C5 Eurosafe Mavic 3,China,,Civilian / Commercial,Multirotor,EASA-listed for EU operations,,,,Not collected,EASA Drones for EU Operations,https://www.easa.europa.eu/en/domains/drones-air-mobility/drones-evtol-designs/drones-eu-operations/pr-568-c5-eurosafe-mavic-3,2026-08-02,Official regulatory list; manufacturer-supplied data,,,"EUROSAFE SYSTEMS, S.L.",C5 (STS 01),Multirotor,,,,,,,,,Operations: Open / Standard
SRC-0384,C5 Eurosafe Mavic 3 Pro Cine,China,,Civilian / Commercial,Multirotor,EASA-listed for EU operations,,,,Not collected,EASA Drones for EU Operations,https://www.easa.europa.eu/en/domains/drones-air-mobility/drones-evtol-designs/drones-eu-operations/pr-569-c5-eurosafe-mavic-3,2026-08-02,Official regulatory list; manufacturer-supplied data,,,"EUROSAFE SYSTEMS, S.L.",C5 (STS 01),Multirotor,,,,,,,,,Operations: Open / Standard
SRC-0385,Matrice 350 RTK,China,,Civilian / Commercial,Multirotor,EASA-listed for EU operations,,,,Not collected,EASA Drones for EU Operations,https://www.easa.europa.eu/en/domains/drones-air-mobility/drones-evtol-designs/drones-eu-operations/pr-42-matrice-350,2026-08-02,Official regulatory list; manufacturer-supplied data,,Matrice 350,DJI GmbH,C3,Multirotor,,,,,,,,,Operations: Open / Standard
SRC-0386,DJI MAVIC 3E EU,China,,Civilian / Commercial,EU-listed drone,EASA-listed for EU operations,,,,Not collected,EASA Drones for EU Operations,https://www.easa.europa.eu/en/domains/drones-air-mobility/drones-evtol-designs/drones-eu-operations/pr-43-m3e-eu,2026-08-02,Official regulatory list; manufacturer-supplied data,,M3E-EU,DJI GmbH,C2 with low speed mode,,,,,,,,,,Operations: Open / Standard
SRC-0387,DEN-S Spray,France,,Civilian / Commercial,Multirotor,EASA-listed for EU operations,,,,Not collected,EASA Drones for EU Operations,https://www.easa.europa.eu/en/domains/drones-air-mobility/drones-evtol-designs/drones-eu-operations/pr-433-den-s-spray,2026-08-02,Official regulatory list; manufacturer-supplied data,,,Artech'Drone,C5 (STS 01),Multirotor,,,,,,,,,Operations: Open / Standard
SRC-0388,DEN-S,France,,Civilian / Commercial,Multirotor,EASA-listed for EU operations,,,,Not collected,EASA Drones for EU Operations,https://www.easa.europa.eu/en/domains/drones-air-mobility/drones-evtol-designs/drones-eu-operations/pr-435-den-s,2026-08-02,Official regulatory list; manufacturer-supplied data,,,Artech'Drone,C5 (STS 01) | C6 (STS 02),Multirotor,,,,,,,,,Operations: Open / Standard
SRC-0389,DJI MAVIC 3T EU,China,,Civilian / Commercial,Multirotor,EASA-listed for EU operations,,,,Not collected,EASA Drones for EU Operations,https://www.easa.europa.eu/en/domains/drones-air-mobility/drones-evtol-designs/drones-eu-operations/pr-44-m3t-eu,2026-08-02,Official regulatory list; manufacturer-supplied data,,M3T-EU,DJI GmbH,C2 with low speed mode,Multirotor,,,,,,,,,Operations: Open / Standard
SRC-0390,DJI MAVIC 3M EU,China,,Civilian / Commercial,Multirotor,EASA-listed for EU operations,,,,Not collected,EASA Drones for EU Operations,https://www.easa.europa.eu/en/domains/drones-air-mobility/drones-evtol-designs/drones-eu-operations/pr-45-m3m-eu,2026-08-02,Official regulatory list; manufacturer-supplied data,,M3M-EU,DJI GmbH,C2 with low speed mode,Multirotor,,,,,,,,,Operations: Open / Standard
SRC-0391,AD420 Tethered,France,,Civilian / Commercial,Multirotor,EASA-listed for EU operations,,,,Not collected,EASA Drones for EU Operations,https://www.easa.europa.eu/en/domains/drones-air-mobility/drones-evtol-designs/drones-eu-operations/pr-342-ad420-tethered,2026-08-02,Official regulatory list; manufacturer-supplied data,,,Artech'Drone,C5 (STS 01),Multirotor,,,,,,,,,Operations: Open / Standard
SRC-0392,DJI Matrice 4E,China,,Civilian / Commercial,Multirotor,EASA-listed for EU operations,,,,Not collected,EASA Drones for EU Operations,https://www.easa.europa.eu/en/domains/drones-air-mobility/drones-evtol-designs/drones-eu-operations/pr-356-m4e,2026-08-02,Official regulatory list; manufacturer-supplied data,,M4E,DJI GmbH,C2 with low speed mode,Multirotor,,,,,,,,,Operations: Open / Standard
SRC-0393,DJI Matrice 4T,China,,Civilian / Commercial,Multirotor,EASA-listed for EU operations,,,,Not collected,EASA Drones for EU Operations,https://www.easa.europa.eu/en/domains/drones-air-mobility/drones-evtol-designs/drones-eu-operations/pr-357-m4t,2026-08-02,Official regulatory list; manufacturer-supplied data,,M4T,DJI GmbH,C2 with low speed mode,Multirotor,,,,,,,,,Operations: Open / Standard
SRC-0394,AD405,France,,Civilian / Commercial,Multirotor,EASA-listed for EU operations,,,,Not collected,EASA Drones for EU Operations,https://www.easa.europa.eu/en/domains/drones-air-mobility/drones-evtol-designs/drones-eu-operations/pr-367-ad405,2026-08-02,Official regulatory list; manufacturer-supplied data,,,Artech'Drone,"C5 (STS 01),C6 (STS 02)",Multirotor,,,,,,,,,Operations: Open / Standard
SRC-0395,AD410 Spray,France,,Civilian / Commercial,Multirotor,EASA-listed for EU operations,,,,Not collected,EASA Drones for EU Operations,https://www.easa.europa.eu/en/domains/drones-air-mobility/drones-evtol-designs/drones-eu-operations/pr-368-ad410-spray,2026-08-02,Official regulatory list; manufacturer-supplied data,,,Artech'Drone,C5 (STS 01),Multirotor,,,,,,,,,Operations: Open / Standard
SRC-0396,AD410,France,,Civilian / Commercial,Multirotor,EASA-listed for EU operations,,,,Not collected,EASA Drones for EU Operations,https://www.easa.europa.eu/en/domains/drones-air-mobility/drones-evtol-designs/drones-eu-operations/pr-369-ad410,2026-08-02,Official regulatory list; manufacturer-supplied data,,,Artech'Drone,"C5 (STS 01),C6 (STS 02)",Multirotor,,,,,,,,,Operations: Open / Standard
SRC-0397,M30 EU,Germany,,Civilian / Commercial,Multirotor,EASA-listed for EU operations,,,,Not collected,EASA Drones for EU Operations,https://www.easa.europa.eu/en/domains/drones-air-mobility/drones-evtol-designs/drones-eu-operations/pr-40-m30-rtk-eu,2026-08-02,Official regulatory list; manufacturer-supplied data,,M30 RTK EU,DJI GmbH,C2 with low speed mode,Multirotor,,,,,,,,,Operations: Open / Standard
SRC-0398,M30T EU,Germany,,Civilian / Commercial,Multirotor,EASA-listed for EU operations,,,,Not collected,EASA Drones for EU Operations,https://www.easa.europa.eu/en/domains/drones-air-mobility/drones-evtol-designs/drones-eu-operations/pr-41-m30t-rtk-eu,2026-08-02,Official regulatory list; manufacturer-supplied data,,M30T RTK EU,DJI GmbH,C2 with low speed mode,Multirotor,,,,,,,,,Operations: Open / Standard
SRC-0399,ABZ Innovation C10,Hungary,,Civilian / Commercial,Multirotor,EASA-listed for EU operations,,,,Not collected,EASA Drones for EU Operations,https://www.easa.europa.eu/en/domains/drones-air-mobility/drones-evtol-designs/drones-eu-operations/pr-512-abz-innovation-c10,2026-08-02,Official regulatory list; manufacturer-supplied data,,,ABZ Innovation Kft.,C5 (STS 01),Multirotor,,,,,,,,,Operations: Open / Standard
SRC-0400,TUNDRA 2.1 C5 C6,France,,Civilian / Commercial,Multirotor,EASA-listed for EU operations,,,,Not collected,EASA Drones for EU Operations,https://www.easa.europa.eu/en/domains/drones-air-mobility/drones-evtol-designs/drones-eu-operations/pr-526-tundra-21-c5-c6,2026-08-02,Official regulatory list; manufacturer-supplied data,,,HEXADRONE,"C5 (STS 01),C6 (STS 02)",Multirotor,,,,,,,,,Operations: Open / Standard
SRC-0401,TUNDRA 2.1 C6,France,,Civilian / Commercial,Multirotor,EASA-listed for EU operations,,,,Not collected,EASA Drones for EU Operations,https://www.easa.europa.eu/en/domains/drones-air-mobility/drones-evtol-designs/drones-eu-operations/pr-527-tundra-21-c6,2026-08-02,Official regulatory list; manufacturer-supplied data,,,HEXADRONE,C6 (STS 02),Multirotor,,,,,,,,,Operations: Open / Standard
SRC-0402,C5 Eurosafe Mavic 3 Pro,China,,Civilian / Commercial,Multirotor,EASA-listed for EU operations,,,,Not collected,EASA Drones for EU Operations,https://www.easa.europa.eu/en/domains/drones-air-mobility/drones-evtol-designs/drones-eu-operations/pr-530-c5-eurosafe-mavic-3,2026-08-02,Official regulatory list; manufacturer-supplied data,,,"EUROSAFE SYSTEMS, S.L.",C5 (STS 01),Multirotor,,,,,,,,,Operations: Open / Standard
SRC-0403,C5 Eurosafe Mavic 3 Classic,China,,Civilian / Commercial,Multirotor,EASA-listed for EU operations,,,,Not collected,EASA Drones for EU Operations,https://www.easa.europa.eu/en/domains/drones-air-mobility/drones-evtol-designs/drones-eu-operations/pr-531-c5-eurosafe-mavic-3,2026-08-02,Official regulatory list; manufacturer-supplied data,,,"EUROSAFE SYSTEMS, S.L.",C5 (STS 01),Multirotor,,,,,,,,,Operations: Open / Standard
SRC-0404,C5 Eurosafe Mavic 3 Cine,China,,Civilian / Commercial,Multirotor,EASA-listed for EU operations,,,,Not collected,EASA Drones for EU Operations,https://www.easa.europa.eu/en/domains/drones-air-mobility/drones-evtol-designs/drones-eu-operations/pr-532-c5-eurosafe-mavic-3,2026-08-02,Official regulatory list; manufacturer-supplied data,,,"EUROSAFE SYSTEMS, S.L.",C5 (STS 01),Multirotor,,,,,,,,,Operations: Open / Standard
SRC-0405,Antigravity A1 Infinity Bundle,Singapore,,Civilian / Commercial,Multirotor,EASA-listed for EU operations,,,,Not collected,EASA Drones for EU Operations,https://www.easa.europa.eu/en/domains/drones-air-mobility/drones-evtol-designs/drones-eu-operations/pr-538-de001,2026-08-02,Official regulatory list; manufacturer-supplied data,,DE001,Yingling Innovations Pte. Ltd.,C1,Multirotor,,,,,,,,,Operations: Open / Standard
SRC-0406,AIR4 RUGGED,Germany,,Civilian / Commercial,Multirotor,EASA-listed for EU operations,,,,Not collected,EASA Drones for EU Operations,https://www.easa.europa.eu/en/domains/drones-air-mobility/drones-evtol-designs/drones-eu-operations/pr-541-air4-rugged,2026-08-02,Official regulatory list; manufacturer-supplied data,,,AIR6 SYSTEMS GmBH,"C5 (STS 01),C6 (STS 02)",Multirotor,,,,,,,,,Operations: Open / Standard
SRC-0407,Antigravity A1 Standard Bundle/Antigravity A1 Explorer Bundle,Singapore,,Civilian / Commercial,Multirotor,EASA-listed for EU operations,,,,Not collected,EASA Drones for EU Operations,https://www.easa.europa.eu/en/domains/drones-air-mobility/drones-evtol-designs/drones-eu-operations/pr-546-de001,2026-08-02,Official regulatory list; manufacturer-supplied data,,DE001,Yingling Innovations Pte. Ltd.,C0,Multirotor,,,,,,,,,Operations: Open / Standard
SRC-0408,C5 Eurosafe Matrice 4E,China,,Civilian / Commercial,Multirotor,EASA-listed for EU operations,,,,Not collected,EASA Drones for EU Operations,https://www.easa.europa.eu/en/domains/drones-air-mobility/drones-evtol-designs/drones-eu-operations/pr-547-c5-eurosafe-matrice-4e,2026-08-02,Official regulatory list; manufacturer-supplied data,,,"EUROSAFE SYSTEMS, S.L.",C5 (STS 01),Multirotor,,,,,,,,,Operations: Open / Standard
SRC-0409,Matrice 4D Flysafe C5,China,,Civilian / Commercial,Multirotor,EASA-listed for EU operations,,,,Not collected,EASA Drones for EU Operations,https://www.easa.europa.eu/en/domains/drones-air-mobility/drones-evtol-designs/drones-eu-operations/pr-548-matrice-4d-flysafe-c5,2026-08-02,Official regulatory list; manufacturer-supplied data,,,Flying Eye,C5 (STS 01),Multirotor,,,,,,,,,Operations: Open / Standard
SRC-0410,C5 Eurosafe Matrice 4T,China,,Civilian / Commercial,Multirotor,EASA-listed for EU operations,,,,Not collected,EASA Drones for EU Operations,https://www.easa.europa.eu/en/domains/drones-air-mobility/drones-evtol-designs/drones-eu-operations/pr-549-c5-eurosafe-matrice-4t,2026-08-02,Official regulatory list; manufacturer-supplied data,,,"EUROSAFE SYSTEMS, S.L.",C5 (STS 01),Multirotor,,,,,,,,,Operations: Open / Standard
SRC-0411,Hercules 20,France,,Civilian / Commercial,Multirotor,EASA-listed for EU operations,,,,Not collected,EASA Drones for EU Operations,https://www.easa.europa.eu/en/domains/drones-air-mobility/drones-evtol-designs/drones-eu-operations/pr-559-hercules-20,2026-08-02,Official regulatory list; manufacturer-supplied data,,,DRONE VOLT,C5 (STS 01),Multirotor,,,,,,,,,Operations: Open / Standard
SRC-0412,DJI Mini 3,China,,Civilian / Commercial,Multirotor,EASA-listed for EU operations,,,,Not collected,EASA Drones for EU Operations,https://www.easa.europa.eu/en/domains/drones-air-mobility/drones-evtol-designs/drones-eu-operations/pr-418-mt3pd,2026-08-02,Official regulatory list; manufacturer-supplied data,,MT3PD | MT3PDCE,DJI GmbH,C0,Multirotor,,,,,,,,,Operations: Open / Standard
SRC-0413,SERVICE2DRONE,France,,Civilian / Commercial,Multirotor,EASA-listed for EU operations,,,,Not collected,EASA Drones for EU Operations,https://www.easa.europa.eu/en/domains/drones-air-mobility/drones-evtol-designs/drones-eu-operations/pr-456-titan-x4-c5,2026-08-02,Official regulatory list; manufacturer-supplied data,,TITAN MINI C5 | TITAN X4 C5 | TITAN X8 C5,"Thibaut, Bessard",C5 (STS 01),Multirotor,,,,,,,,,Operations: Open / Standard
SRC-0414,MARVIN-5-Mk.3-EC,Spain,,Civilian / Commercial,Multirotor,EASA-listed for EU operations,,,,Not collected,EASA Drones for EU Operations,https://www.easa.europa.eu/en/domains/drones-air-mobility/drones-evtol-designs/drones-eu-operations/pr-457-marvin-5-mk3-ec,2026-08-02,Official regulatory list; manufacturer-supplied data,,,FUVEX CIVIL SL,,Multirotor,,,,,,,,,Operations: Specific
SRC-0415,X6 Mk.2,Spain,,Civilian / Commercial,Multirotor,EASA-listed for EU operations,,,,Not collected,EASA Drones for EU Operations,https://www.easa.europa.eu/en/domains/drones-air-mobility/drones-evtol-designs/drones-eu-operations/pr-458-x6-mk2,2026-08-02,Official regulatory list; manufacturer-supplied data,,,FUVEX CIVIL SL,,Multirotor,,,,,,,,,Operations: Specific
SRC-0416,PRS-M4EX,Canada,,Civilian / Commercial,Multirotor,EASA-listed for EU operations,,,,Not collected,EASA Drones for EU Operations,https://www.easa.europa.eu/en/domains/drones-air-mobility/drones-evtol-designs/drones-eu-operations/pr-467-avss-prs-m4ex,2026-08-02,Official regulatory list; manufacturer-supplied data,,AVSS PRS-M4EX,AVSS - Aerial Vehicle Safety Solutions Inc.,C5 (STS 01),Multirotor,,,,,,,,,Operations: Open / Standard
SRC-0417,MéthoDrone Distribution,France,,Civilian / Commercial,Multirotor,EASA-listed for EU operations,,,,Not collected,EASA Drones for EU Operations,https://www.easa.europa.eu/en/domains/drones-air-mobility/drones-evtol-designs/drones-eu-operations/pr-477-helios,2026-08-02,Official regulatory list; manufacturer-supplied data,,Hélios,METHODRONE DISTRIBUTION,C5 (STS 01),Multirotor,,,,,,,,,Operations: Open / Standard
SRC-0418,AIR8 MEDIUM LIFTER,Germany,,Civilian / Commercial,Multirotor,EASA-listed for EU operations,,,,Not collected,EASA Drones for EU Operations,https://www.easa.europa.eu/en/domains/drones-air-mobility/drones-evtol-designs/drones-eu-operations/pr-478-air8-medium-lifter,2026-08-02,Official regulatory list; manufacturer-supplied data,,,AIR6 SYSTEMS GmBH,"C5 (STS 01),C6 (STS 02)",Multirotor,,,,,,,,,Operations: Open / Standard
SRC-0419,WingtraRAY,Switzerland,,Civilian / Commercial,Fixed wing,EASA-listed for EU operations,,,,Not collected,EASA Drones for EU Operations,https://www.easa.europa.eu/en/domains/drones-air-mobility/drones-evtol-designs/drones-eu-operations/pr-487-wingtraray,2026-08-02,Official regulatory list; manufacturer-supplied data,,,WINGTRA AG,"C3,C6 (STS 02)",Fixed wing,,,,,,,,,Operations: Open / Standard
SRC-0420,DJI Neo 2,China,,Civilian / Commercial,Multirotor,EASA-listed for EU operations,,,,Not collected,EASA Drones for EU Operations,https://www.easa.europa.eu/en/domains/drones-air-mobility/drones-evtol-designs/drones-eu-operations/pr-490-den225,2026-08-02,Official regulatory list; manufacturer-supplied data,,DEN225,DJI GmbH,C0,Multirotor,,,,,,,,,Operations: Open / Standard
SRC-0421,DJI Flip,China,,Civilian / Commercial,EU-listed drone,EASA-listed for EU operations,,,,Not collected,EASA Drones for EU Operations,https://www.easa.europa.eu/en/domains/drones-air-mobility/drones-evtol-designs/drones-eu-operations/pr-377-dji-flip,2026-08-02,Official regulatory list; manufacturer-supplied data,,,DJI GmbH,C0,,,,,,,,,,Operations: Open / Standard
SRC-0422,C5 Eurosafe Mavic 3E,China,,Civilian / Commercial,Multirotor,EASA-listed for EU operations,,,,Not collected,EASA Drones for EU Operations,https://www.easa.europa.eu/en/domains/drones-air-mobility/drones-evtol-designs/drones-eu-operations/pr-405-c5-eurosafe-mavic-3e,2026-08-02,Official regulatory list; manufacturer-supplied data,,,"EUROSAFE SYSTEMS, S.L.",C5 (STS 01),Multirotor,,,,,,,,,Operations: Open / Standard
SRC-0423,C5 Eurosafe Mavic 3T,China,,Civilian / Commercial,Multirotor,EASA-listed for EU operations,,,,Not collected,EASA Drones for EU Operations,https://www.easa.europa.eu/en/domains/drones-air-mobility/drones-evtol-designs/drones-eu-operations/pr-406-c5-eurosafe-mavic-3t,2026-08-02,Official regulatory list; manufacturer-supplied data,,,"EUROSAFE SYSTEMS, S.L.",C5 (STS 01),Multirotor,,,,,,,,,Operations: Open / Standard
SRC-0424,C5 Eurosafe Mavic 3M,China,,Civilian / Commercial,Multirotor,EASA-listed for EU operations,,,,Not collected,EASA Drones for EU Operations,https://www.easa.europa.eu/en/domains/drones-air-mobility/drones-evtol-designs/drones-eu-operations/pr-407-c5-eurosafe-mavic-3m,2026-08-02,Official regulatory list; manufacturer-supplied data,,,"EUROSAFE SYSTEMS, S.L.",C5 (STS 01),Multirotor,,,,,,,,,Operations: Open / Standard
SRC-0425,DJI Mavic 4 Pro,China,,Civilian / Commercial,Multirotor,EASA-listed for EU operations,,,,Not collected,EASA Drones for EU Operations,https://www.easa.europa.eu/en/domains/drones-air-mobility/drones-evtol-designs/drones-eu-operations/pr-345-l3a,2026-08-02,Official regulatory list; manufacturer-supplied data,,L3A | L3B,DJI GmbH,C2 with low speed mode,Multirotor,,,,,,,,,Operations: Open / Standard
SRC-0426,DJI Dock 3 and Matrice 4D Series,China,,Civilian / Commercial,Multirotor,EASA-listed for EU operations,,,,Not collected,EASA Drones for EU Operations,https://www.easa.europa.eu/en/domains/drones-air-mobility/drones-evtol-designs/drones-eu-operations/pr-349-m4d,2026-08-02,Official regulatory list; manufacturer-supplied data,,M4D | M4TD,DJI GmbH,C6 (STS 02),Multirotor,,,,,,,,,Operations: Open / Standard
SRC-0427,AD405 Spray,France,,Civilian / Commercial,Multirotor,EASA-listed for EU operations,,,,Not collected,EASA Drones for EU Operations,https://www.easa.europa.eu/en/domains/drones-air-mobility/drones-evtol-designs/drones-eu-operations/pr-366-ad405-spray,2026-08-02,Official regulatory list; manufacturer-supplied data,,,Artech'Drone,C5 (STS 01),Multirotor,,,,,,,,,Operations: Open / Standard
SRC-0428,Matrice 4T Flysafe C5,China,,Civilian / Commercial,Multirotor,EASA-listed for EU operations,,,,Not collected,EASA Drones for EU Operations,https://www.easa.europa.eu/en/domains/drones-air-mobility/drones-evtol-designs/drones-eu-operations/pr-327-matrice-4t-flysafe-c5,2026-08-02,Official regulatory list; manufacturer-supplied data,,,Flying Eye,C5 (STS 01),Multirotor,,,,,,,,,Operations: Open / Standard
SRC-0429,Matrice 4 Flysafe C5,China,,Civilian / Commercial,Multirotor,EASA-listed for EU operations,,,,Not collected,EASA Drones for EU Operations,https://www.easa.europa.eu/en/domains/drones-air-mobility/drones-evtol-designs/drones-eu-operations/pr-326-matrice-4-flysafe-c5,2026-08-02,Official regulatory list; manufacturer-supplied data,,,Flying Eye,C5 (STS 01),Multirotor,,,,,,,,,Operations: Open / Standard
SRC-0430,Inspire 3 Flysafe C5,China,,Civilian / Commercial,Multirotor,EASA-listed for EU operations,,,,Not collected,EASA Drones for EU Operations,https://www.easa.europa.eu/en/domains/drones-air-mobility/drones-evtol-designs/drones-eu-operations/pr-314-inspire-3-flysafe-c5,2026-08-02,Official regulatory list; manufacturer-supplied data,,,Flying Eye,C5 (STS 01),Multirotor,,,,,,,,,Operations: Open / Standard
SRC-0431,DJI AIR 3S,China,,Civilian / Commercial,Multirotor,EASA-listed for EU operations,,,,Not collected,EASA Drones for EU Operations,https://www.easa.europa.eu/en/domains/drones-air-mobility/drones-evtol-designs/drones-eu-operations/pr-232-cz3scl,2026-08-02,Official regulatory list; manufacturer-supplied data,,CZ3SCL,DJI GmbH,C1,Multirotor,,,,,,,,,Operations: Open / Standard
SRC-0432,DJI Mavic 3 Pro,China,,Civilian / Commercial,Multirotor,EASA-listed for EU operations,,,,Not collected,EASA Drones for EU Operations,https://www.easa.europa.eu/en/domains/drones-air-mobility/drones-evtol-designs/drones-eu-operations/pr-90-l2s,2026-08-02,Official regulatory list; manufacturer-supplied data,,L2S,DJI GmbH,C2 with low speed mode,Multirotor,,,,,,,,,Operations: Open / Standard
SRC-0433,DJI Mavic 3 Pro Cine,China,,Civilian / Commercial,Multirotor,EASA-listed for EU operations,,,,Not collected,EASA Drones for EU Operations,https://www.easa.europa.eu/en/domains/drones-air-mobility/drones-evtol-designs/drones-eu-operations/pr-91-l2e,2026-08-02,Official regulatory list; manufacturer-supplied data,,L2E,DJI GmbH,C2 with low speed mode,Multirotor,,,,,,,,,Operations: Open / Standard
SRC-0434,NDN Electric Drone,Finland,,Civilian / Commercial,Multirotor,EASA-listed for EU operations,,,,Not collected,EASA Drones for EU Operations,https://www.easa.europa.eu/en/domains/drones-air-mobility/drones-evtol-designs/drones-eu-operations/pr-202-ndn-electric-drone,2026-08-02,Official regulatory list; manufacturer-supplied data,,,NOKIA SOLUTIONS AND NETWORKS OY,"C5 (STS 01),C6 (STS 02)",Multirotor,,,,,,,,,Operations: Open / Standard
SRC-0435,AVSS PRS-M3DTEX,Canada,,Civilian / Commercial,Multirotor,EASA-listed for EU operations,,,,Not collected,EASA Drones for EU Operations,https://www.easa.europa.eu/en/domains/drones-air-mobility/drones-evtol-designs/drones-eu-operations/pr-189-avss-prs-m3dtex,2026-08-02,Official regulatory list; manufacturer-supplied data,,,AVSS - Aerial Vehicle Safety Solutions Inc.,C5 (STS 01),Multirotor,,,,,,,,,Operations: Open / Standard
SRC-0436,AVSS PRS-M350EX,Canada,,Civilian / Commercial,Multirotor,EASA-listed for EU operations,,,,Not collected,EASA Drones for EU Operations,https://www.easa.europa.eu/en/domains/drones-air-mobility/drones-evtol-designs/drones-eu-operations/pr-190-avss-prs-m350ex,2026-08-02,Official regulatory list; manufacturer-supplied data,,,AVSS - Aerial Vehicle Safety Solutions Inc.,C5 (STS 01),Multirotor,,,,,,,,,Operations: Open / Standard
SRC-0437,DJI Neo,China,,Civilian / Commercial,Multirotor,EASA-listed for EU operations,,,,Not collected,EASA Drones for EU Operations,https://www.easa.europa.eu/en/domains/drones-air-mobility/drones-evtol-designs/drones-eu-operations/pr-134-dn1a0626,2026-08-02,Official regulatory list; manufacturer-supplied data,,DN1A0626,DJI GmbH,C0,Multirotor,,,,,,,,,Operations: Open / Standard
SRC-0438,Matrice 30 Flysafe C5,China,,Civilian / Commercial,Multirotor,EASA-listed for EU operations,,,,Not collected,EASA Drones for EU Operations,https://www.easa.europa.eu/en/domains/drones-air-mobility/drones-evtol-designs/drones-eu-operations/pr-140-matrice-30-flysafe-c5,2026-08-02,Official regulatory list; manufacturer-supplied data,,,Flying Eye,C5 (STS 01),Multirotor,,,,,,,,,Operations: Open / Standard
SRC-0439,Matrice 30T Flysafe c5,China,,Civilian / Commercial,Multirotor,EASA-listed for EU operations,,,,Not collected,EASA Drones for EU Operations,https://www.easa.europa.eu/en/domains/drones-air-mobility/drones-evtol-designs/drones-eu-operations/pr-141-matrice-30t-flysafe-c5,2026-08-02,Official regulatory list; manufacturer-supplied data,,Matrice 30T Flysafe C5,Flying Eye,C5 (STS 01),Multirotor,,,,,,,,,Operations: Open / Standard
SRC-0440,Mavic 3 Pro Flysafe C5,China,,Civilian / Commercial,Multirotor,EASA-listed for EU operations,,,,Not collected,EASA Drones for EU Operations,https://www.easa.europa.eu/en/domains/drones-air-mobility/drones-evtol-designs/drones-eu-operations/pr-151-mavic-3-pro-flysafe-c5,2026-08-02,Official regulatory list; manufacturer-supplied data,,,Flying Eye,C5 (STS 01),Multirotor,,,,,,,,,Operations: Open / Standard
SRC-0441,Mavic 3 Pro Cine Flysafe C5,China,,Civilian / Commercial,Multirotor,EASA-listed for EU operations,,,,Not collected,EASA Drones for EU Operations,https://www.easa.europa.eu/en/domains/drones-air-mobility/drones-evtol-designs/drones-eu-operations/pr-173-mavic-3-pro-cine,2026-08-02,Official regulatory list; manufacturer-supplied data,,,Flying Eye,C5 (STS 01),Multirotor,,,,,,,,,Operations: Open / Standard
SRC-0442,Matrice 350 RTK Flysafe,China,,Civilian / Commercial,Multirotor,EASA-listed for EU operations,,,,Not collected,EASA Drones for EU Operations,https://www.easa.europa.eu/en/domains/drones-air-mobility/drones-evtol-designs/drones-eu-operations/pr-120-matrice-350-rtk,2026-08-02,Official regulatory list; manufacturer-supplied data,,,Flying Eye,C5 (STS 01),Multirotor,,,,,,,,,Operations: Open / Standard
SRC-0443,Mavic 3E Flysafe,China,,Civilian / Commercial,Multirotor,EASA-listed for EU operations,,,,Not collected,EASA Drones for EU Operations,https://www.easa.europa.eu/en/domains/drones-air-mobility/drones-evtol-designs/drones-eu-operations/pr-116-mavic-3e-flysafe,2026-08-02,Official regulatory list; manufacturer-supplied data,,,Flying Eye,C5 (STS 01),Multirotor,,,,,,,,,Operations: Open / Standard
SRC-0444,Mavic 3T Flysafe,China,,Civilian / Commercial,Multirotor,EASA-listed for EU operations,,,,Not collected,EASA Drones for EU Operations,https://www.easa.europa.eu/en/domains/drones-air-mobility/drones-evtol-designs/drones-eu-operations/pr-118-mavic-3t-flysafe,2026-08-02,Official regulatory list; manufacturer-supplied data,,,Flying Eye,C5 (STS 01),Multirotor,,,,,,,,,Operations: Open / Standard
SRC-0445,Mavic 3M Flysafe,China,,Civilian / Commercial,Multirotor,EASA-listed for EU operations,,,,Not collected,EASA Drones for EU Operations,https://www.easa.europa.eu/en/domains/drones-air-mobility/drones-evtol-designs/drones-eu-operations/pr-119-mavic-3m-flysafe,2026-08-02,Official regulatory list; manufacturer-supplied data,,,Flying Eye,C5 (STS 01),Multirotor,,,,,,,,,Operations: Open / Standard
SRC-0446,DJI Inspire 3,China,,Civilian / Commercial,Multirotor,EASA-listed for EU operations,,,,Not collected,EASA Drones for EU Operations,https://www.easa.europa.eu/en/domains/drones-air-mobility/drones-evtol-designs/drones-eu-operations/pr-92-t740,2026-08-02,Official regulatory list; manufacturer-supplied data,,T740,DJI GmbH,C3,Multirotor,,,,,,,,,Operations: Open / Standard
SRC-0447,DJI Air 2S,China,,Civilian / Commercial,Multirotor,EASA-listed for EU operations,,,,Not collected,EASA Drones for EU Operations,https://www.easa.europa.eu/en/domains/drones-air-mobility/drones-evtol-designs/drones-eu-operations/pr-49-da2sue1a,2026-08-02,Official regulatory list; manufacturer-supplied data,,DA2SUE1A,DJI GmbH,C1,Multirotor,,,,,,,,,Operations: Open / Standard
SRC-0448,DJI Avata 2,China,,Civilian / Commercial,Multirotor,EASA-listed for EU operations,,,,Not collected,EASA Drones for EU Operations,https://www.easa.europa.eu/en/domains/drones-air-mobility/drones-evtol-designs/drones-eu-operations/pr-48-qf3w4k,2026-08-02,Official regulatory list; manufacturer-supplied data,,QF3W4K,DJI GmbH,C1,Multirotor,,,,,,,,,Operations: Open / Standard
SRC-0449,DJI Mini 4 Pro Fly More Combo,China,,Civilian / Commercial,Multirotor,EASA-listed for EU operations,,,,Not collected,EASA Drones for EU Operations,https://www.easa.europa.eu/en/domains/drones-air-mobility/drones-evtol-designs/drones-eu-operations/pr-35-mt4mfvd,2026-08-02,Official regulatory list; manufacturer-supplied data,,MT4MFVD | MT4MFVDB,DJI GmbH,C0 | C1,Multirotor,,,,,,,,,Operations: Open / Standard
SRC-0450,DJI MAVIC 3 Classic,China,,Civilian / Commercial,Multirotor,EASA-listed for EU operations,,,,Not collected,EASA Drones for EU Operations,https://www.easa.europa.eu/en/domains/drones-air-mobility/drones-evtol-designs/drones-eu-operations/pr-46-l2c,2026-08-02,Official regulatory list; manufacturer-supplied data,,L2C,DJI GmbH,C1,Multirotor,,,,,,,,,Operations: Open / Standard
SRC-0451,DJI MAVIC 3 Cine V2.0,China,,Civilian / Commercial,Multirotor,EASA-listed for EU operations,,,,Not collected,EASA Drones for EU Operations,https://www.easa.europa.eu/en/domains/drones-air-mobility/drones-evtol-designs/drones-eu-operations/pr-38-l2pa,2026-08-02,Official regulatory list; manufacturer-supplied data,,L2PA,DJI GmbH,C1,Multirotor,,,,,,,,,Operations: Open / Standard
SRC-0452,DJI MAVIC 3 V2.0,China,,Civilian / Commercial,Multirotor,EASA-listed for EU operations,,,,Not collected,EASA Drones for EU Operations,https://www.easa.europa.eu/en/domains/drones-air-mobility/drones-evtol-designs/drones-eu-operations/pr-37-l2aa,2026-08-02,Official regulatory list; manufacturer-supplied data,,L2AA,DJI GmbH,C1,Multirotor,,,,,,,,,Operations: Open / Standard
SRC-0453,DJI Air 3,China,,Civilian / Commercial,Multirotor,EASA-listed for EU operations,,,,Not collected,EASA Drones for EU Operations,https://www.easa.europa.eu/en/domains/drones-air-mobility/drones-evtol-designs/drones-eu-operations/pr-36-eb3wbc,2026-08-02,Official regulatory list; manufacturer-supplied data,,EB3WBC,DJI GmbH,C1,Multirotor,,,,,,,,,Operations: Open / Standard
SRC-0454,DJI Mini 2 SE,China,,Civilian / Commercial,Multirotor,EASA-listed for EU operations,,,,Not collected,EASA Drones for EU Operations,https://www.easa.europa.eu/en/domains/drones-air-mobility/drones-evtol-designs/drones-eu-operations/pr-31-mt2sd,2026-08-02,Official regulatory list; manufacturer-supplied data,,MT2SD | MT2SDCE,DJI GmbH,C0,Multirotor,,,,,,,,,Operations: Open / Standard
SRC-0455,Aukán,Argentina,DGIyD,Military / Government,Medium tactical; Fixed-wing,In use or under development as documented in 2019,,,,Not collected,Bard Drone Databook 2019,https://dronecenter.bard.edu/files/2019/10/CSD-Drone-Databook-Web.pdf,2019-09-01,Published research baseline; status may be outdated,,,DGIyD,Group II,Fixed-wing,,,,,,,,,Databook systems specification page 303.
SRC-0456,Vigía 2B,Argentina,DGIyD,Military / Government,Large / strategic; Fixed-wing,In use or under development as documented in 2019,,,,Not collected,Bard Drone Databook 2019,https://dronecenter.bard.edu/files/2019/10/CSD-Drone-Databook-Web.pdf,2019-09-01,Published research baseline; status may be outdated,,,DGIyD,Group III,Fixed-wing,1020,,14,,,,12,8.3,Databook systems specification page 303.
SRC-0457,Baze,Armenia,Military Avia- tion Institute,Military / Government,Small / tactical; Fixed-wing,In use or under development as documented in 2019,,,,Not collected,Bard Drone Databook 2019,https://dronecenter.bard.edu/files/2019/10/CSD-Drone-Databook-Web.pdf,2019-09-01,Published research baseline; status may be outdated,,,Military Avia- tion Institute,Group I,Fixed-wing,,,,,,,,,Databook systems specification page 303.
SRC-0458,Krunk,Armenia,,Military / Government,Small / tactical; Fixed-wing,In use or under development as documented in 2019,,,,Not collected,Bard Drone Databook 2019,https://dronecenter.bard.edu/files/2019/10/CSD-Drone-Databook-Web.pdf,2019-09-01,Published research baseline; status may be outdated,,,,Group I,Fixed-wing,,,,,,,,,Databook systems specification page 303.
SRC-0459,CamCopter S-100,Austria,Schiebel,Military / Government,Medium tactical; Rotary-wing,In use or under development as documented in 2019,,,,Not collected,Bard Drone Databook 2019,https://dronecenter.bard.edu/files/2019/10/CSD-Drone-Databook-Web.pdf,2019-09-01,Published research baseline; status may be outdated,,,Schiebel,Group II,Rotary-wing,200,,10,200,240,50,3.4,3.1,Databook systems specification page 303.
SRC-0460,Berkut-2,Belarus,JSC Agat Con- trol Systems,Military / Government,Small / tactical; Fixed-wing,In use or under development as documented in 2019,,,,Not collected,Bard Drone Databook 2019,https://dronecenter.bard.edu/files/2019/10/CSD-Drone-Databook-Web.pdf,2019-09-01,Published research baseline; status may be outdated,,,JSC Agat Con- trol Systems,Group I,Fixed-wing,10,,2,35,100,,,,Databook systems specification page 303.
SRC-0461,Mosquito,Belarus,558 Aviation Repair Plant,Military / Government,Small / tactical; Fixed-wing,In use or under development as documented in 2019,,,,Not collected,Bard Drone Databook 2019,https://dronecenter.bard.edu/files/2019/10/CSD-Drone-Databook-Web.pdf,2019-09-01,Published research baseline; status may be outdated,,,558 Aviation Repair Plant,Group I,Fixed-wing,2.8,,0.75,12,,0.35,1,0.58,Databook systems specification page 303.
SRC-0462,Burevestnik-MB,Belarus,NPT MBK*,Military / Government,Medium tactical; Fixed-wing,In use or under development as documented in 2019,,,,Not collected,Bard Drone Databook 2019,https://dronecenter.bard.edu/files/2019/10/CSD-Drone-Databook-Web.pdf,2019-09-01,Published research baseline; status may be outdated,,,NPT MBK*,Group II,Fixed-wing,400,,10,290,220,60,,,Databook systems specification page 304.
SRC-0463,Busel (M50),Belarus,NPT MBK*,Military / Government,Medium tactical; Fixed-wing,In use or under development as documented in 2019,,,,Not collected,Bard Drone Databook 2019,https://dronecenter.bard.edu/files/2019/10/CSD-Drone-Databook-Web.pdf,2019-09-01,Published research baseline; status may be outdated,,,NPT MBK*,Group II,Fixed-wing,14,,2.5,70,100,,3.47,,Databook systems specification page 304.
SRC-0464,FT-100 Horus,Brazil,FT Sistemas,Military / Government,Small / tactical; Fixed-wing,In use or under development as documented in 2019,,,,Not collected,Bard Drone Databook 2019,https://dronecenter.bard.edu/files/2019/10/CSD-Drone-Databook-Web.pdf,2019-09-01,Published research baseline; status may be outdated,,,FT Sistemas,Group I,Fixed-wing,7,,2,20,,3,2.7,1.9,Databook systems specification page 304.
SRC-0465,NightHawk IV,Canada,ARA Robotics,Military / Government,Small / tactical; Fixed-wing,In use or under development as documented in 2019,,,,Not collected,Bard Drone Databook 2019,https://dronecenter.bard.edu/files/2019/10/CSD-Drone-Databook-Web.pdf,2019-09-01,Published research baseline; status may be outdated,,,ARA Robotics,Group I,Fixed-wing,,,,,,,,,Databook systems specification page 304.
SRC-0466,ASN-104,China,Xi’an ASN Technology Group,Military / Government,Small / tactical; Fixed-wing,In use or under development as documented in 2019,,,,Not collected,Bard Drone Databook 2019,https://dronecenter.bard.edu/files/2019/10/CSD-Drone-Databook-Web.pdf,2019-09-01,Published research baseline; status may be outdated,,,Xi’an ASN Technology Group,Group I,Fixed-wing,,,,,,,,,Databook systems specification page 304.
SRC-0467,ASN-206,China,Xi’an ASN Technology Group,Military / Government,Medium tactical; Fixed-wing,In use or under development as documented in 2019,,,,Not collected,Bard Drone Databook 2019,https://dronecenter.bard.edu/files/2019/10/CSD-Drone-Databook-Web.pdf,2019-09-01,Published research baseline; status may be outdated,,,Xi’an ASN Technology Group,Group II,Fixed-wing,222,,8,150,210,50,6,3.8,Databook systems specification page 304.
SRC-0468,ASN-207,China,Xi’an ASN Technology Group,Military / Government,Medium tactical; Fixed-wing,In use or under development as documented in 2019,,,,Not collected,Bard Drone Databook 2019,https://dronecenter.bard.edu/files/2019/10/CSD-Drone-Databook-Web.pdf,2019-09-01,Published research baseline; status may be outdated,,,Xi’an ASN Technology Group,Group II,Fixed-wing,222,,6,,210,,6,3.8,Databook systems specification page 304.
SRC-0469,ASN-209,China,Xi’an ASN Technology Group,Military / Government,Medium tactical; Fixed-wing,In use or under development as documented in 2019,,,,Not collected,Bard Drone Databook 2019,https://dronecenter.bard.edu/files/2019/10/CSD-Drone-Databook-Web.pdf,2019-09-01,Published research baseline; status may be outdated,,,Xi’an ASN Technology Group,Group II,Fixed-wing,320,,10,200,180,50,7.5,4.3,Databook systems specification page 304.
SRC-0470,AV500W,China,AVIC,Military / Government,Medium tactical; Rotary-wing,In use or under development as documented in 2019,,,,Not collected,Bard Drone Databook 2019,https://dronecenter.bard.edu/files/2019/10/CSD-Drone-Databook-Web.pdf,2019-09-01,Published research baseline; status may be outdated,,,AVIC,Group II,Rotary-wing,470,,8,200,170,160,,7.2,Databook systems specification page 304.
SRC-0471,Blowfish 1,China,Ziyan,Military / Government,Small / tactical; Rotary-wing,In use or under development as documented in 2019,,,,Not collected,Bard Drone Databook 2019,https://dronecenter.bard.edu/files/2019/10/CSD-Drone-Databook-Web.pdf,2019-09-01,Published research baseline; status may be outdated,,,Ziyan,Group I,Rotary-wing,24.7,,0.8,,150,15,1.87,,Databook systems specification page 304.
SRC-0472,BZK-005,China,Beihang,Military / Government,Large / strategic; Fixed-wing,In use or under development as documented in 2019,,,,Not collected,Bard Drone Databook 2019,https://dronecenter.bard.edu/files/2019/10/CSD-Drone-Databook-Web.pdf,2019-09-01,Published research baseline; status may be outdated,,,Beihang,Group III,Fixed-wing,1250,,40,,180,150,18,10.5,Databook systems specification page 304.
SRC-0473,BZK-007,China,GAIC,Military / Government,Large / strategic; Fixed-wing,In use or under development as documented in 2019,,,,Not collected,Bard Drone Databook 2019,https://dronecenter.bard.edu/files/2019/10/CSD-Drone-Databook-Web.pdf,2019-09-01,Published research baseline; status may be outdated,,,GAIC,Group III,Fixed-wing,700,,16,,230,100,14.6,7.7,Databook systems specification page 304.
SRC-0474,BZK-206,China,Beihang,Military / Government,Small / tactical; Fixed-wing,In use or under development as documented in 2019,,,,Not collected,Bard Drone Databook 2019,https://dronecenter.bard.edu/files/2019/10/CSD-Drone-Databook-Web.pdf,2019-09-01,Published research baseline; status may be outdated,,,Beihang,Group I,Fixed-wing,,,,,,,,,Databook systems specification page 304.
SRC-0475,CH-7,China,CASC,Military / Government,Large / strategic; Fixed-wing,In use or under development as documented in 2019,,,,Not collected,Bard Drone Databook 2019,https://dronecenter.bard.edu/files/2019/10/CSD-Drone-Databook-Web.pdf,2019-09-01,Published research baseline; status may be outdated,,,CASC,Group III,Fixed-wing,13000,,,,926,10,22,,Databook systems specification page 304.
SRC-0476,CH-3,China,CASC,Military / Government,Medium tactical; Fixed-wing,In use or under development as documented in 2019,,,,Not collected,Bard Drone Databook 2019,https://dronecenter.bard.edu/files/2019/10/CSD-Drone-Databook-Web.pdf,2019-09-01,Published research baseline; status may be outdated,,,CASC,Group II,Fixed-wing,,,6,200,250,180,8,,Databook systems specification page 304.
SRC-0477,CH-4,China,CASC,Military / Government,Large / strategic; Fixed-wing,In use or under development as documented in 2019,,,,Not collected,Bard Drone Databook 2019,https://dronecenter.bard.edu/files/2019/10/CSD-Drone-Databook-Web.pdf,2019-09-01,Published research baseline; status may be outdated,,,CASC,Group III,Fixed-wing,1330,,40,3500,180,345,18,8.5,Databook systems specification page 304.
SRC-0478,CH-5,China,CASC,Military / Government,Large / strategic; Fixed-wing,In use or under development as documented in 2019,,,,Not collected,Bard Drone Databook 2019,https://dronecenter.bard.edu/files/2019/10/CSD-Drone-Databook-Web.pdf,2019-09-01,Published research baseline; status may be outdated,,,CASC,Group III,Fixed-wing,,,48,250-2000,,,21,11,Databook systems specification page 304.
SRC-0479,CH-802,China,CASC,Military / Government,Small / tactical; Fixed-wing,In use or under development as documented in 2019,,,,Not collected,Bard Drone Databook 2019,https://dronecenter.bard.edu/files/2019/10/CSD-Drone-Databook-Web.pdf,2019-09-01,Published research baseline; status may be outdated,,,CASC,Group I,Fixed-wing,10,,2.5,125,70,,,,Databook systems specification page 304.
SRC-0480,Cloud Shadow,China,AVIC,Military / Government,Large / strategic; Fixed-wing,In use or under development as documented in 2019,,,,Not collected,Bard Drone Databook 2019,https://dronecenter.bard.edu/files/2019/10/CSD-Drone-Databook-Web.pdf,2019-09-01,Published research baseline; status may be outdated,,,AVIC,Group III,Fixed-wing,3000,,,290,,400,17,9,Databook systems specification page 304.
SRC-0481,Fei Long 1,China,Guide Control Technology Company,Military / Government,Large / strategic; Fixed-wing,In use or under development as documented in 2019,,,,Not collected,Bard Drone Databook 2019,https://dronecenter.bard.edu/files/2019/10/CSD-Drone-Databook-Web.pdf,2019-09-01,Published research baseline; status may be outdated,,,Guide Control Technology Company,Group III,Fixed-wing,3200,,,,240,1400,20,10,Databook systems specification page 305.
SRC-0482,Divine Eagle,China,Shenyang Aircraft Cor- poration’s 601 Institute,Military / Government,Large / strategic; Fixed-wing,In use or under development as documented in 2019,,,,Not collected,Bard Drone Databook 2019,https://dronecenter.bard.edu/files/2019/10/CSD-Drone-Databook-Web.pdf,2019-09-01,Published research baseline; status may be outdated,,,Shenyang Aircraft Cor- poration’s 601 Institute,Group III,Fixed-wing,,,,,,,45,15,Databook systems specification page 305.
SRC-0483,Feihong-98,China,AVIC,Military / Government,Large / strategic; Fixed-wing,In use or under development as documented in 2019,,,,Not collected,Bard Drone Databook 2019,https://dronecenter.bard.edu/files/2019/10/CSD-Drone-Databook-Web.pdf,2019-09-01,Published research baseline; status may be outdated,,,AVIC,Group III,Fixed-wing,,,,,,1360,18.2,12.4,Databook systems specification page 305.
SRC-0484,HW-350,China,CASIC,Military / Government,Medium tactical; Fixed-wing,In use or under development as documented in 2019,,,,Not collected,Bard Drone Databook 2019,https://dronecenter.bard.edu/files/2019/10/CSD-Drone-Databook-Web.pdf,2019-09-01,Published research baseline; status may be outdated,,,CASIC,Group II,Fixed-wing,220,,26,,160,,7.9,5.25,Databook systems specification page 305.
SRC-0485,Inspire,China,DJI,Military / Government,Small / tactical; Rotary-wing,In use or under development as documented in 2019,,,,Not collected,Bard Drone Databook 2019,https://dronecenter.bard.edu/files/2019/10/CSD-Drone-Databook-Web.pdf,2019-09-01,Published research baseline; status may be outdated,,,DJI,Group I,Rotary-wing,3.5,,0.3,,65,,0.4,0.4,Databook systems specification page 305.
SRC-0486,Matrice 210,China,DJI,Military / Government,Small / tactical; Rotary-wing,In use or under development as documented in 2019,,,,Not collected,Bard Drone Databook 2019,https://dronecenter.bard.edu/files/2019/10/CSD-Drone-Databook-Web.pdf,2019-09-01,Published research baseline; status may be outdated,,,DJI,Group I,Rotary-wing,6.14,,0.5,,,2.3,0.79,0.4,Databook systems specification page 305.
SRC-0487,Mavic,China,DJI,Military / Government,Small / tactical; Rotary-wing,In use or under development as documented in 2019,,,,Not collected,Bard Drone Databook 2019,https://dronecenter.bard.edu/files/2019/10/CSD-Drone-Databook-Web.pdf,2019-09-01,Published research baseline; status may be outdated,,,DJI,Group I,Rotary-wing,,,,,,,,,Databook systems specification page 305.
SRC-0488,Phantom,China,DJI,Military / Government,Small / tactical; Rotary-wing,In use or under development as documented in 2019,,,,Not collected,Bard Drone Databook 2019,https://dronecenter.bard.edu/files/2019/10/CSD-Drone-Databook-Web.pdf,2019-09-01,Published research baseline; status may be outdated,,,DJI,Group I,Rotary-wing,1.2,,0.4,,58,,,,Databook systems specification page 305.
SRC-0489,Qi Mingxing,China,AVIC,Military / Government,Large / strategic; Rotary-wing,In use or under development as documented in 2019,,,,Not collected,Bard Drone Databook 2019,https://dronecenter.bard.edu/files/2019/10/CSD-Drone-Databook-Web.pdf,2019-09-01,Published research baseline; status may be outdated,,,AVIC,Group III,Rotary-wing,,,,,,,50,21,Databook systems specification page 305.
SRC-0490,SD-40 (Sea Cavalry),China,Han's Eagle,Military / Government,Small / tactical; Hybrid VTOL,In use or under development as documented in 2019,,,,Not collected,Bard Drone Databook 2019,https://dronecenter.bard.edu/files/2019/10/CSD-Drone-Databook-Web.pdf,2019-09-01,Published research baseline; status may be outdated,,,Han's Eagle,Group I,Hybrid VTOL,40,,6,,180,6,3.7,2,Databook systems specification page 305.
SRC-0491,Sky-09P,China,Taiyuan,Military / Government,Small / tactical; Fixed-wing,In use or under development as documented in 2019,,,,Not collected,Bard Drone Databook 2019,https://dronecenter.bard.edu/files/2019/10/CSD-Drone-Databook-Web.pdf,2019-09-01,Published research baseline; status may be outdated,,,Taiyuan,Group I,Fixed-wing,,,,,100,3,1.92,,Databook systems specification page 305.
SRC-0492,TB-001,China,Tengoen Tech- nology,Military / Government,Large / strategic; Fixed-wing,In use or under development as documented in 2019,,,,Not collected,Bard Drone Databook 2019,https://dronecenter.bard.edu/files/2019/10/CSD-Drone-Databook-Web.pdf,2019-09-01,Published research baseline; status may be outdated,,,Tengoen Tech- nology,Group III,Fixed-wing,,,35,,,1000,20,10,Databook systems specification page 305.
SRC-0493,TB-002,China,Tengoen Tech- nology,Military / Government,Medium tactical; Fixed-wing,In use or under development as documented in 2019,,,,Not collected,Bard Drone Databook 2019,https://dronecenter.bard.edu/files/2019/10/CSD-Drone-Databook-Web.pdf,2019-09-01,Published research baseline; status may be outdated,,,Tengoen Tech- nology,Group II,Fixed-wing,,,,,,,,,Databook systems specification page 305.
SRC-0494,Tian Ying,China,CASIC,Military / Government,Large / strategic; Fixed-wing,In use or under development as documented in 2019,,,,Not collected,Bard Drone Databook 2019,https://dronecenter.bard.edu/files/2019/10/CSD-Drone-Databook-Web.pdf,2019-09-01,Published research baseline; status may be outdated,,,CASIC,Group III,Fixed-wing,,,,,,,,,Databook systems specification page 305.
SRC-0495,Typhoon H,China,Yuneec,Military / Government,Small / tactical; Rotary-wing,In use or under development as documented in 2019,,,,Not collected,Bard Drone Databook 2019,https://dronecenter.bard.edu/files/2019/10/CSD-Drone-Databook-Web.pdf,2019-09-01,Published research baseline; status may be outdated,,,Yuneec,Group I,Rotary-wing,,,,,,,,,Databook systems specification page 305.
SRC-0496,UV-10CAM,China,Microfly,Military / Government,Small / tactical; Fixed-wing,In use or under development as documented in 2019,,,,Not collected,Bard Drone Databook 2019,https://dronecenter.bard.edu/files/2019/10/CSD-Drone-Databook-Web.pdf,2019-09-01,Published research baseline; status may be outdated,,,Microfly,Group I,Fixed-wing,,,,,,,,,Databook systems specification page 305.
SRC-0497,Wing Loong I,China,AVIC,Military / Government,Large / strategic; Fixed-wing,In use or under development as documented in 2019,,,,Not collected,Bard Drone Databook 2019,https://dronecenter.bard.edu/files/2019/10/CSD-Drone-Databook-Web.pdf,2019-09-01,Published research baseline; status may be outdated,,,AVIC,Group III,Fixed-wing,1150,,20,200,280,200,14,9,Databook systems specification page 305.
SRC-0498,Wing Loong II,China,AVIC,Military / Government,Large / strategic; Fixed-wing,In use or under development as documented in 2019,,,,Not collected,Bard Drone Databook 2019,https://dronecenter.bard.edu/files/2019/10/CSD-Drone-Databook-Web.pdf,2019-09-01,Published research baseline; status may be outdated,,,AVIC,Group III,Fixed-wing,4200,,20,,370,480,20.5,11,Databook systems specification page 305.
SRC-0499,Wing Loon 1D,China,AVIC,Military / Government,Large / strategic; Fixed-wing,In use or under development as documented in 2019,,,,Not collected,Bard Drone Databook 2019,https://dronecenter.bard.edu/files/2019/10/CSD-Drone-Databook-Web.pdf,2019-09-01,Published research baseline; status may be outdated,,,AVIC,Group III,Fixed-wing,,,,,,,,,Databook systems specification page 305.
SRC-0500,Xianglong,China,GAIG,Military / Government,Large / strategic; Fixed-wing,In use or under development as documented in 2019,,,,Not collected,Bard Drone Databook 2019,https://dronecenter.bard.edu/files/2019/10/CSD-Drone-Databook-Web.pdf,2019-09-01,Published research baseline; status may be outdated,,,GAIG,Group III,Fixed-wing,,,,,,,,,Databook systems specification page 305.
SRC-0501,Yaoying 2,China,AVIC,Military / Government,Large / strategic; Fixed-wing,In use or under development as documented in 2019,,,,Not collected,Bard Drone Databook 2019,https://dronecenter.bard.edu/files/2019/10/CSD-Drone-Databook-Web.pdf,2019-09-01,Published research baseline; status may be outdated,,,AVIC,Group III,Fixed-wing,1280,,16,,230,,,,Databook systems specification page 305.
SRC-0502,Huginn X1,Denmark,Sky-Watch,Military / Government,Small / tactical; Rotary-wing,In use or under development as documented in 2019,,,,Not collected,Bard Drone Databook 2019,https://dronecenter.bard.edu/files/2019/10/CSD-Drone-Databook-Web.pdf,2019-09-01,Published research baseline; status may be outdated,,,Sky-Watch,Group I,Rotary-wing,,,,,,,,,Databook systems specification page 306.
SRC-0503,3S,France,Drone Protect Systems,Military / Government,Small / tactical; Rotary-wing,In use or under development as documented in 2019,,,,Not collected,Bard Drone Databook 2019,https://dronecenter.bard.edu/files/2019/10/CSD-Drone-Databook-Web.pdf,2019-09-01,Published research baseline; status may be outdated,,,Drone Protect Systems,Group I,Rotary-wing,,,,,,,,,Databook systems specification page 306.
SRC-0504,AR-Drone,France,Parrot,Military / Government,Small / tactical; Rotary-wing,In use or under development as documented in 2019,,,,Not collected,Bard Drone Databook 2019,https://dronecenter.bard.edu/files/2019/10/CSD-Drone-Databook-Web.pdf,2019-09-01,Published research baseline; status may be outdated,,,Parrot,Group I,Rotary-wing,0.4,,0.2,,40,,0.5,0.5,Databook systems specification page 306.
SRC-0505,IT180-3EL-1,France,"ECA Group,In- fotron",Military / Government,Small / tactical; Rotary-wing,In use or under development as documented in 2019,,,,Not collected,Bard Drone Databook 2019,https://dronecenter.bard.edu/files/2019/10/CSD-Drone-Databook-Web.pdf,2019-09-01,Published research baseline; status may be outdated,,,"ECA Group,In- fotron",Group I,Rotary-wing,21,,0.8,10,80,3,1.8,,Databook systems specification page 306.
SRC-0506,Patroller,France,Sagem,Military / Government,Large / strategic; Fixed-wing,In use or under development as documented in 2019,,,,Not collected,Bard Drone Databook 2019,https://dronecenter.bard.edu/files/2019/10/CSD-Drone-Databook-Web.pdf,2019-09-01,Published research baseline; status may be outdated,,,Sagem,Group III,Fixed-wing,660,,20,180,200,250,18,8.5,Databook systems specification page 306.
SRC-0507,Sperwer,France,Sagem,Military / Government,Medium tactical; Fixed-wing,In use or under development as documented in 2019,,,,Not collected,Bard Drone Databook 2019,https://dronecenter.bard.edu/files/2019/10/CSD-Drone-Databook-Web.pdf,2019-09-01,Published research baseline; status may be outdated,,,Sagem,Group II,Fixed-wing,,,6,200,166,50,4.2,3.5,Databook systems specification page 306.
SRC-0508,Spy’Ranger,France,Thales,Military / Government,Small / tactical; Fixed-wing,In use or under development as documented in 2019,,,,Not collected,Bard Drone Databook 2019,https://dronecenter.bard.edu/files/2019/10/CSD-Drone-Databook-Web.pdf,2019-09-01,Published research baseline; status may be outdated,,,Thales,Group I,Fixed-wing,14.5,,3,30,90,1.2,3.8,,Databook systems specification page 306.
SRC-0509,Tracker,France,EADS Cassidian,Military / Government,Small / tactical; Fixed-wing,In use or under development as documented in 2019,,,,Not collected,Bard Drone Databook 2019,https://dronecenter.bard.edu/files/2019/10/CSD-Drone-Databook-Web.pdf,2019-09-01,Published research baseline; status may be outdated,,,EADS Cassidian,Group I,Fixed-wing,8.5,,,,100,1,3.6,1.4,Databook systems specification page 306.
SRC-0510,NX70,France,Novadem,Military / Government,Small / tactical; Rotary-wing,In use or under development as documented in 2019,,,,Not collected,Bard Drone Databook 2019,https://dronecenter.bard.edu/files/2019/10/CSD-Drone-Databook-Web.pdf,2019-09-01,Published research baseline; status may be outdated,,,Novadem,Group I,Rotary-wing,1,,0.75,3,,,,,Databook systems specification page 306.
SRC-0511,ALADIN,Germany,EMT,Military / Government,Small / tactical; Fixed-wing,In use or under development as documented in 2019,,,,Not collected,Bard Drone Databook 2019,https://dronecenter.bard.edu/files/2019/10/CSD-Drone-Databook-Web.pdf,2019-09-01,Published research baseline; status may be outdated,,,EMT,Group I,Fixed-wing,3.2,,1,15,90,0,1.46,1.53,Databook systems specification page 306.
SRC-0512,KZO,Germany,Rheinmetall,Military / Government,Medium tactical; Fixed-wing,In use or under development as documented in 2019,,,,Not collected,Bard Drone Databook 2019,https://dronecenter.bard.edu/files/2019/10/CSD-Drone-Databook-Web.pdf,2019-09-01,Published research baseline; status may be outdated,,,Rheinmetall,Group II,Fixed-wing,161,,5.5,,220,35,3.2,2.25,Databook systems specification page 306.
SRC-0513,LUNA,Germany,EMT,Military / Government,Small / tactical; Fixed-wing,In use or under development as documented in 2019,,,,Not collected,Bard Drone Databook 2019,https://dronecenter.bard.edu/files/2019/10/CSD-Drone-Databook-Web.pdf,2019-09-01,Published research baseline; status may be outdated,,,EMT,Group I,Fixed-wing,40,,8,100,70,,4.2,2.4,Databook systems specification page 306.
SRC-0514,LUNA NG,Germany,EMT,Military / Government,Small / tactical; Fixed-wing,In use or under development as documented in 2019,,,,Not collected,Bard Drone Databook 2019,https://dronecenter.bard.edu/files/2019/10/CSD-Drone-Databook-Web.pdf,2019-09-01,Published research baseline; status may be outdated,,,EMT,Group I,Fixed-wing,110,,12,100,90,,5.3,3,Databook systems specification page 306.
SRC-0515,MIKADO,Germany,AirRobot,Military / Government,Small / tactical; Rotary-wing,In use or under development as documented in 2019,,,,Not collected,Bard Drone Databook 2019,https://dronecenter.bard.edu/files/2019/10/CSD-Drone-Databook-Web.pdf,2019-09-01,Published research baseline; status may be outdated,,,AirRobot,Group I,Rotary-wing,,,0.5,,,0.2,1,1,Databook systems specification page 306.
SRC-0516,Pegasus II Block I,Greece,Hellenic Aero- space Industry,Military / Government,Medium tactical; Fixed-wing,In use or under development as documented in 2019,,,,Not collected,Bard Drone Databook 2019,https://dronecenter.bard.edu/files/2019/10/CSD-Drone-Databook-Web.pdf,2019-09-01,Published research baseline; status may be outdated,,,Hellenic Aero- space Industry,Group II,Fixed-wing,250,,,,160,,6.2,4.3,Databook systems specification page 306.
SRC-0517,PUNA Wulung,Indonesia,"BPPT,PTDI",Military / Government,Small / tactical; Fixed-wing,In use or under development as documented in 2019,,,,Not collected,Bard Drone Databook 2019,https://dronecenter.bard.edu/files/2019/10/CSD-Drone-Databook-Web.pdf,2019-09-01,Published research baseline; status may be outdated,,,"BPPT,PTDI",Group I,Fixed-wing,120,,6,150,128,,6,4.3,Databook systems specification page 306.
SRC-0518,Ababil-3,Iran,Qods Aviation,Military / Government,Medium tactical; Fixed-wing,In use or under development as documented in 2019,,,,Not collected,Bard Drone Databook 2019,https://dronecenter.bard.edu/files/2019/10/CSD-Drone-Databook-Web.pdf,2019-09-01,Published research baseline; status may be outdated,,,Qods Aviation,Group II,Fixed-wing,,,4,100,200,,5,3.5,Databook systems specification page 306.
SRC-0519,Mohajer-2,Iran,Qods Aviation,Military / Government,Small / tactical; Fixed-wing,In use or under development as documented in 2019,,,,Not collected,Bard Drone Databook 2019,https://dronecenter.bard.edu/files/2019/10/CSD-Drone-Databook-Web.pdf,2019-09-01,Published research baseline; status may be outdated,,,Qods Aviation,Group I,Fixed-wing,85,,1.5,50,200,15,3.8,2.91,Databook systems specification page 306.
SRC-0520,Mohajer-4,Iran,Qods Aviation,Military / Government,Medium tactical; Fixed-wing,In use or under development as documented in 2019,,,,Not collected,Bard Drone Databook 2019,https://dronecenter.bard.edu/files/2019/10/CSD-Drone-Databook-Web.pdf,2019-09-01,Published research baseline; status may be outdated,,,Qods Aviation,Group II,Fixed-wing,175,,5,150,180,,5.3,3.6,Databook systems specification page 306.
SRC-0521,Mohajer-6,Iran,Qods Aviation,Military / Government,Medium tactical; Fixed-wing,In use or under development as documented in 2019,,,,Not collected,Bard Drone Databook 2019,https://dronecenter.bard.edu/files/2019/10/CSD-Drone-Databook-Web.pdf,2019-09-01,Published research baseline; status may be outdated,,,Qods Aviation,Group II,Fixed-wing,600,,12,200,200,,10,5.7,Databook systems specification page 307.
SRC-0522,Oghab-1,Iran,Farnas Aero- space,Military / Government,Small / tactical; Fixed-wing,In use or under development as documented in 2019,,,,Not collected,Bard Drone Databook 2019,https://dronecenter.bard.edu/files/2019/10/CSD-Drone-Databook-Web.pdf,2019-09-01,Published research baseline; status may be outdated,,,Farnas Aero- space,Group I,Fixed-wing,4.2,,0.75,25,,,2,1.65,Databook systems specification page 307.
SRC-0523,Saegheh,Iran,Shahed Aviation Industries,Military / Government,Large / strategic; Fixed-wing,In use or under development as documented in 2019,,,,Not collected,Bard Drone Databook 2019,https://dronecenter.bard.edu/files/2019/10/CSD-Drone-Databook-Web.pdf,2019-09-01,Published research baseline; status may be outdated,,,Shahed Aviation Industries,Group III,Fixed-wing,,,,,,,,,Databook systems specification page 307.
SRC-0524,Shahed-123,Iran,HESA,Military / Government,Medium tactical; Fixed-wing,In use or under development as documented in 2019,,,,Not collected,Bard Drone Databook 2019,https://dronecenter.bard.edu/files/2019/10/CSD-Drone-Databook-Web.pdf,2019-09-01,Published research baseline; status may be outdated,,,HESA,Group II,Fixed-wing,,,,,,,,,Databook systems specification page 307.
SRC-0525,Shahed-129,Iran,HESA,Military / Government,Large / strategic; Fixed-wing,In use or under development as documented in 2019,,,,Not collected,Bard Drone Databook 2019,https://dronecenter.bard.edu/files/2019/10/CSD-Drone-Databook-Web.pdf,2019-09-01,Published research baseline; status may be outdated,,,HESA,Group III,Fixed-wing,,,24,1700,,,15,7,Databook systems specification page 307.
SRC-0526,UAV (Mohajem 92),Iran / Iraq,State Company for Military In- dustries (Iraq),Military / Government,Medium tactical; Fixed-wing,In use or under development as documented in 2019,,,,Not collected,Bard Drone Databook 2019,https://dronecenter.bard.edu/files/2019/10/CSD-Drone-Databook-Web.pdf,2019-09-01,Published research baseline; status may be outdated,,,State Company for Military In- dustries (Iraq),Group II,Fixed-wing,,,8,80,175,30,4,3,Databook systems specification page 307.
SRC-0527,Bird Eye 400,Israel,IAI,Military / Government,Small / tactical; Fixed-wing,In use or under development as documented in 2019,,,,Not collected,Bard Drone Databook 2019,https://dronecenter.bard.edu/files/2019/10/CSD-Drone-Databook-Web.pdf,2019-09-01,Published research baseline; status may be outdated,,,IAI,Group I,Fixed-wing,5.6,,2,10,83,,2.2,0.8,Databook systems specification page 307.
SRC-0528,Blue Horizon II,Israel,EMIT Aviation,Military / Government,Medium tactical; Fixed-wing,In use or under development as documented in 2019,,,,Not collected,Bard Drone Databook 2019,https://dronecenter.bard.edu/files/2019/10/CSD-Drone-Databook-Web.pdf,2019-09-01,Published research baseline; status may be outdated,,,EMIT Aviation,Group II,Fixed-wing,180,,16,,,37,6.5,3.2,Databook systems specification page 307.
SRC-0529,Dominator,Israel,Aeronautics,Military / Government,Large / strategic; Fixed-wing,In use or under development as documented in 2019,,,,Not collected,Bard Drone Databook 2019,https://dronecenter.bard.edu/files/2019/10/CSD-Drone-Databook-Web.pdf,2019-09-01,Published research baseline; status may be outdated,,,Aeronautics,Group III,Fixed-wing,1910,,20,300,277,373,13.5,8.6,Databook systems specification page 307.
SRC-0530,Harop,Israel,IAI,Military / Government,Small / tactical; Fixed-wing,In use or under development as documented in 2019,,,,Not collected,Bard Drone Databook 2019,https://dronecenter.bard.edu/files/2019/10/CSD-Drone-Databook-Web.pdf,2019-09-01,Published research baseline; status may be outdated,,,IAI,Group I,Fixed-wing,,,9,200,416,16,,,Databook systems specification page 307.
SRC-0531,Harpy,Israel,IAI,Military / Government,Small / tactical; Fixed-wing,In use or under development as documented in 2019,,,,Not collected,Bard Drone Databook 2019,https://dronecenter.bard.edu/files/2019/10/CSD-Drone-Databook-Web.pdf,2019-09-01,Published research baseline; status may be outdated,,,IAI,Group I,Fixed-wing,135,,,500,185,32,3,2.5,Databook systems specification page 307.
SRC-0532,Hermes 450,Israel,Elbit Systems,Military / Government,Medium tactical; Fixed-wing,In use or under development as documented in 2019,,,,Not collected,Bard Drone Databook 2019,https://dronecenter.bard.edu/files/2019/10/CSD-Drone-Databook-Web.pdf,2019-09-01,Published research baseline; status may be outdated,,,Elbit Systems,Group II,Fixed-wing,550,,17,,,180,10.5,6.1,Databook systems specification page 307.
SRC-0533,Hermes 900,Israel,Elbit Systems,Military / Government,Large / strategic; Fixed-wing,In use or under development as documented in 2019,,,,Not collected,Bard Drone Databook 2019,https://dronecenter.bard.edu/files/2019/10/CSD-Drone-Databook-Web.pdf,2019-09-01,Published research baseline; status may be outdated,,,Elbit Systems,Group III,Fixed-wing,1180,,36,,222,350,15,9.1,Databook systems specification page 307.
SRC-0534,Heron,Israel,IAI,Military / Government,Large / strategic; Fixed-wing,In use or under development as documented in 2019,,,,Not collected,Bard Drone Databook 2019,https://dronecenter.bard.edu/files/2019/10/CSD-Drone-Databook-Web.pdf,2019-09-01,Published research baseline; status may be outdated,,,IAI,Group III,Fixed-wing,1270,,45,1000,278,470,16.6,8.5,Databook systems specification page 307.
SRC-0535,Hovermast 150,Israel,Sky Sapience,Military / Government,Small / tactical; Rotary-wing,In use or under development as documented in 2019,,,,Not collected,Bard Drone Databook 2019,https://dronecenter.bard.edu/files/2019/10/CSD-Drone-Databook-Web.pdf,2019-09-01,Published research baseline; status may be outdated,,,Sky Sapience,Group I,Rotary-wing,,,,,,8,,,Databook systems specification page 307.
SRC-0536,MicroFalcon,Israel,Innocon,Military / Government,Small / tactical; Fixed-wing,In use or under development as documented in 2019,,,,Not collected,Bard Drone Databook 2019,https://dronecenter.bard.edu/files/2019/10/CSD-Drone-Databook-Web.pdf,2019-09-01,Published research baseline; status may be outdated,,,Innocon,Group I,Fixed-wing,10,,4,40,120,2,2,,Databook systems specification page 307.
SRC-0537,Orbiter (Orbiter 3),Israel,Aeronautics,Military / Government,Small / tactical; Fixed-wing,In use or under development as documented in 2019,,,,Not collected,Bard Drone Databook 2019,https://dronecenter.bard.edu/files/2019/10/CSD-Drone-Databook-Web.pdf,2019-09-01,Published research baseline; status may be outdated,,,Aeronautics,Group I,Fixed-wing,30,,7,150,130,5.5,4.4,,Databook systems specification page 307.
SRC-0538,Orbiter-1K,Israel,Aeronautics,Military / Government,Small / tactical; Fixed-wing,In use or under development as documented in 2019,,,,Not collected,Bard Drone Databook 2019,https://dronecenter.bard.edu/files/2019/10/CSD-Drone-Databook-Web.pdf,2019-09-01,Published research baseline; status may be outdated,,,Aeronautics,Group I,Fixed-wing,11,,2.5,100,,2.6,2.2,,Databook systems specification page 307.
SRC-0539,Hunter,Israel,"IAI,Northrop Grumman",Military / Government,Large / strategic; Fixed-wing,In use or under development as documented in 2019,,,,Not collected,Bard Drone Databook 2019,https://dronecenter.bard.edu/files/2019/10/CSD-Drone-Databook-Web.pdf,2019-09-01,Published research baseline; status may be outdated,,,"IAI,Northrop Grumman",Group III,Fixed-wing,884,,21,,,226,10.44,7.01,Databook systems specification page 307.
SRC-0540,Searcher (Mk 3),Israel,IAI,Military / Government,Medium tactical; Fixed-wing,In use or under development as documented in 2019,,,,Not collected,Bard Drone Databook 2019,https://dronecenter.bard.edu/files/2019/10/CSD-Drone-Databook-Web.pdf,2019-09-01,Published research baseline; status may be outdated,,,IAI,Group II,Fixed-wing,450,,18,250,204,120,8.6,,Databook systems specification page 307.
SRC-0541,Sky Striker,Israel,Elbit Systems,Military / Government,Small / tactical; Fixed-wing,In use or under development as documented in 2019,,,,Not collected,Bard Drone Databook 2019,https://dronecenter.bard.edu/files/2019/10/CSD-Drone-Databook-Web.pdf,2019-09-01,Published research baseline; status may be outdated,,,Elbit Systems,Group I,Fixed-wing,,,2,20,,10,,,Databook systems specification page 307.
SRC-0542,Skylark (Skylark 3),Israel,Elbit,Military / Government,Small / tactical; Fixed-wing,In use or under development as documented in 2019,,,,Not collected,Bard Drone Databook 2019,https://dronecenter.bard.edu/files/2019/10/CSD-Drone-Databook-Web.pdf,2019-09-01,Published research baseline; status may be outdated,,,Elbit,Group I,Fixed-wing,45,,6,100,,10,4.7,2.2,Databook systems specification page 308.
SRC-0543,Skylark I-LE (Skylark I-LEX),Israel,Elbit,Military / Government,Small / tactical; Fixed-wing,In use or under development as documented in 2019,,,,Not collected,Bard Drone Databook 2019,https://dronecenter.bard.edu/files/2019/10/CSD-Drone-Databook-Web.pdf,2019-09-01,Published research baseline; status may be outdated,,,Elbit,Group I,Fixed-wing,7.5,,3,40,,1.2,3,,Databook systems specification page 308.
SRC-0544,SpyLite,Israel,Bluebird Aero,Military / Government,Small / tactical; Fixed-wing,In use or under development as documented in 2019,,,,Not collected,Bard Drone Databook 2019,https://dronecenter.bard.edu/files/2019/10/CSD-Drone-Databook-Web.pdf,2019-09-01,Published research baseline; status may be outdated,,,Bluebird Aero,Group I,Fixed-wing,9,,4,80,120,,2.7,1.4,Databook systems specification page 308.
SRC-0545,Ranger,Israel / Switzerland,"IAI,RUAG",Military / Government,Medium tactical; Fixed-wing,In use or under development as documented in 2019,,,,Not collected,Bard Drone Databook 2019,https://dronecenter.bard.edu/files/2019/10/CSD-Drone-Databook-Web.pdf,2019-09-01,Published research baseline; status may be outdated,,,"IAI,RUAG",Group II,Fixed-wing,280,,9,,240,,5.71,4.61,Databook systems specification page 308.
SRC-0546,Watchkeeper,Israel / United Kingdom,"Thales UK,Elbit Systems",Military / Government,Medium tactical; Fixed-wing,In use or under development as documented in 2019,,,,Not collected,Bard Drone Databook 2019,https://dronecenter.bard.edu/files/2019/10/CSD-Drone-Databook-Web.pdf,2019-09-01,Published research baseline; status may be outdated,,,"Thales UK,Elbit Systems",Group II,Fixed-wing,,,,,,,,,Databook systems specification page 308.
SRC-0547,Hunter,Israel / United States,"IAI,Northrop Grumman",Military / Government,Large / strategic; Fixed-wing,In use or under development as documented in 2019,,,,Not collected,Bard Drone Databook 2019,https://dronecenter.bard.edu/files/2019/10/CSD-Drone-Databook-Web.pdf,2019-09-01,Published research baseline; status may be outdated,,,"IAI,Northrop Grumman",Group III,Fixed-wing,884,,21,,,226,10.44,7.01,Databook systems specification page 308.
SRC-0548,Falco Explorer,Italy,Leonardo,Military / Government,Large / strategic; Fixed-wing,In use or under development as documented in 2019,,,,Not collected,Bard Drone Databook 2019,https://dronecenter.bard.edu/files/2019/10/CSD-Drone-Databook-Web.pdf,2019-09-01,Published research baseline; status may be outdated,,,Leonardo,Group III,Fixed-wing,1300,,24,,,350,,,Databook systems specification page 308.
SRC-0549,Falco,Italy,Leonardo,Military / Government,Medium tactical; Fixed-wing,In use or under development as documented in 2019,,,,Not collected,Bard Drone Databook 2019,https://dronecenter.bard.edu/files/2019/10/CSD-Drone-Databook-Web.pdf,2019-09-01,Published research baseline; status may be outdated,,,Leonardo,Group II,Fixed-wing,490,,14,200,216,70,7.2,5.25,Databook systems specification page 308.
SRC-0550,P.1HH Hammer- Head,Italy,Piaggio Aero- space,Military / Government,Large / strategic; Fixed-wing,In use or under development as documented in 2019,,,,Not collected,Bard Drone Databook 2019,https://dronecenter.bard.edu/files/2019/10/CSD-Drone-Databook-Web.pdf,2019-09-01,Published research baseline; status may be outdated,,,Piaggio Aero- space,Group III,Fixed-wing,"6,146",,10.5,8148.8,,226.796,15.6,14.4,Databook systems specification page 308.
SRC-0551,RQ-24A Sixton,Italy,Alpi Aviation,Military / Government,Small / tactical; Rotary-wing,In use or under development as documented in 2019,,,,Not collected,Bard Drone Databook 2019,https://dronecenter.bard.edu/files/2019/10/CSD-Drone-Databook-Web.pdf,2019-09-01,Published research baseline; status may be outdated,,,Alpi Aviation,Group I,Rotary-wing,,,0.5,5,,,,,Databook systems specification page 308.
SRC-0552,Strix-C,Italy,Alpi Aviation,Military / Government,Small / tactical; Fixed-wing,In use or under development as documented in 2019,,,,Not collected,Bard Drone Databook 2019,https://dronecenter.bard.edu/files/2019/10/CSD-Drone-Databook-Web.pdf,2019-09-01,Published research baseline; status may be outdated,,,Alpi Aviation,Group I,Fixed-wing,8.65,,,,86,1.5,3,,Databook systems specification page 308.
SRC-0553,Strix-D,Italy,Alpi Aviation,Military / Government,Small / tactical; Fixed-wing,In use or under development as documented in 2019,,,,Not collected,Bard Drone Databook 2019,https://dronecenter.bard.edu/files/2019/10/CSD-Drone-Databook-Web.pdf,2019-09-01,Published research baseline; status may be outdated,,,Alpi Aviation,Group I,Fixed-wing,,,,,,,,,Databook systems specification page 308.
SRC-0554,JUXS-S1,Japan,Hitachi,Military / Government,Small / tactical; Fixed-wing,In use or under development as documented in 2019,,,,Not collected,Bard Drone Databook 2019,https://dronecenter.bard.edu/files/2019/10/CSD-Drone-Databook-Web.pdf,2019-09-01,Published research baseline; status may be outdated,,,Hitachi,Group I,Fixed-wing,,,,,,,,,Databook systems specification page 308.
SRC-0555,FFOS/FFRS,Japan,Fuji Heavy Industries,Military / Government,Medium tactical; Rotary-wing,In use or under development as documented in 2019,,,,Not collected,Bard Drone Databook 2019,https://dronecenter.bard.edu/files/2019/10/CSD-Drone-Databook-Web.pdf,2019-09-01,Published research baseline; status may be outdated,,,Fuji Heavy Industries,Group II,Rotary-wing,,,,,,,,,Databook systems specification page 308.
SRC-0556,Penguin C,Latvia,UAV Factory,Military / Government,Small / tactical; Fixed-wing,In use or under development as documented in 2019,,,,Not collected,Bard Drone Databook 2019,https://dronecenter.bard.edu/files/2019/10/CSD-Drone-Databook-Web.pdf,2019-09-01,Published research baseline; status may be outdated,,,UAV Factory,Group I,Fixed-wing,23,,20,100,115,,3.3,2.3,Databook systems specification page 308.
SRC-0557,Aludra (Mk1),Malaysia,CTRM,Military / Government,Medium tactical; Fixed-wing,In use or under development as documented in 2019,,,,Not collected,Bard Drone Databook 2019,https://dronecenter.bard.edu/files/2019/10/CSD-Drone-Databook-Web.pdf,2019-09-01,Published research baseline; status may be outdated,,,CTRM,Group II,Fixed-wing,200,,3,100,220,25,6,4.5,Databook systems specification page 308.
SRC-0558,G1 Guerrero,Mexico,Hydra Technol- ogies,Military / Government,Small / tactical; Fixed-wing,In use or under development as documented in 2019,,,,Not collected,Bard Drone Databook 2019,https://dronecenter.bard.edu/files/2019/10/CSD-Drone-Databook-Web.pdf,2019-09-01,Published research baseline; status may be outdated,,,Hydra Technol- ogies,Group I,Fixed-wing,30,,6,40,,,2.8,,Databook systems specification page 309.
SRC-0559,S4 Ehécatl,Mexico,Hydra Technol- ogies,Military / Government,Small / tactical; Fixed-wing,In use or under development as documented in 2019,,,,Not collected,Bard Drone Databook 2019,https://dronecenter.bard.edu/files/2019/10/CSD-Drone-Databook-Web.pdf,2019-09-01,Published research baseline; status may be outdated,,,Hydra Technol- ogies,Group I,Fixed-wing,55,,8,,167,9,3.7,,Databook systems specification page 309.
SRC-0560,S45 Balaam,Mexico,Hydra Technol- ogies,Military / Government,Medium tactical; Fixed-wing,In use or under development as documented in 2019,,,,Not collected,Bard Drone Databook 2019,https://dronecenter.bard.edu/files/2019/10/CSD-Drone-Databook-Web.pdf,2019-09-01,Published research baseline; status may be outdated,,,Hydra Technol- ogies,Group II,Fixed-wing,,,12,,,5,,,Databook systems specification page 309.
SRC-0561,Tsaigumi,Mexico,"431 Engineering Group, UAVi- sion",Military / Government,Small / tactical; Fixed-wing,In use or under development as documented in 2019,,,,Not collected,Bard Drone Databook 2019,https://dronecenter.bard.edu/files/2019/10/CSD-Drone-Databook-Web.pdf,2019-09-01,Published research baseline; status may be outdated,,,"431 Engineering Group, UAVi- sion",Group I,Fixed-wing,95,,,,,,,,Databook systems specification page 309.
SRC-0562,Shahpar,Pakistan,GIDS,Military / Government,Medium tactical; Fixed-wing,In use or under development as documented in 2019,,,,Not collected,Bard Drone Databook 2019,https://dronecenter.bard.edu/files/2019/10/CSD-Drone-Databook-Web.pdf,2019-09-01,Published research baseline; status may be outdated,,,GIDS,Group II,Fixed-wing,480,,7,250,150,50,6.6,4.2,Databook systems specification page 309.
SRC-0563,Uqab,Pakistan,GIDS,Military / Government,Medium tactical; Fixed-wing,In use or under development as documented in 2019,,,,Not collected,Bard Drone Databook 2019,https://dronecenter.bard.edu/files/2019/10/CSD-Drone-Databook-Web.pdf,2019-09-01,Published research baseline; status may be outdated,,,GIDS,Group II,Fixed-wing,200,,6,150,,,5.5,4,Databook systems specification page 309.
SRC-0564,Ricuk,Peru,CIDEP,Military / Government,Small / tactical; Fixed-wing,In use or under development as documented in 2019,,,,Not collected,Bard Drone Databook 2019,https://dronecenter.bard.edu/files/2019/10/CSD-Drone-Databook-Web.pdf,2019-09-01,Published research baseline; status may be outdated,,,CIDEP,Group I,Fixed-wing,,,,,,,,,Databook systems specification page 309.
SRC-0565,FlyEye,Peru,WB Electronics,Military / Government,Small / tactical; Fixed-wing,In use or under development as documented in 2019,,,,Not collected,Bard Drone Databook 2019,https://dronecenter.bard.edu/files/2019/10/CSD-Drone-Databook-Web.pdf,2019-09-01,Published research baseline; status may be outdated,,,WB Electronics,Group I,Fixed-wing,11,,2.5,30,120,4,3.6,1.9,Databook systems specification page 309.
SRC-0566,PGZ-19R,Peru,WZL-2,Military / Government,Small / tactical; Fixed-wing,In use or under development as documented in 2019,,,,Not collected,Bard Drone Databook 2019,https://dronecenter.bard.edu/files/2019/10/CSD-Drone-Databook-Web.pdf,2019-09-01,Published research baseline; status may be outdated,,,WZL-2,Group I,Fixed-wing,90,,12,150,180,20,5.4,2.8,Databook systems specification page 309.
SRC-0567,Warmate,Peru,WB Electronics,Military / Government,Small / tactical; Fixed-wing,In use or under development as documented in 2019,,,,Not collected,Bard Drone Databook 2019,https://dronecenter.bard.edu/files/2019/10/CSD-Drone-Databook-Web.pdf,2019-09-01,Published research baseline; status may be outdated,,,WB Electronics,Group I,Fixed-wing,4,,0.8,10,,,1.4,1.1,Databook systems specification page 309.
SRC-0568,SACT Boreal 5,Romania,Military Equipment and Technolo- gies Research Agency,Military / Government,Small / tactical; Fixed-wing,In use or under development as documented in 2019,,,,Not collected,Bard Drone Databook 2019,https://dronecenter.bard.edu/files/2019/10/CSD-Drone-Databook-Web.pdf,2019-09-01,Published research baseline; status may be outdated,,,Military Equipment and Technolo- gies Research Agency,Group I,Fixed-wing,5,,,6,75,,1.6,1.4,Databook systems specification page 309.
SRC-0569,Corsair,Russia,OKB Luch,Military / Government,Medium tactical; Fixed-wing,In use or under development as documented in 2019,,,,Not collected,Bard Drone Databook 2019,https://dronecenter.bard.edu/files/2019/10/CSD-Drone-Databook-Web.pdf,2019-09-01,Published research baseline; status may be outdated,,,OKB Luch,Group II,Fixed-wing,,,,100,,,,,Databook systems specification page 309.
SRC-0570,Eleron-3SV,Russia,Eniks,Military / Government,Small / tactical; Fixed-wing,In use or under development as documented in 2019,,,,Not collected,Bard Drone Databook 2019,https://dronecenter.bard.edu/files/2019/10/CSD-Drone-Databook-Web.pdf,2019-09-01,Published research baseline; status may be outdated,,,Eniks,Group I,Fixed-wing,5.5,,1.5,,130,1,1.47,0.6,Databook systems specification page 309.
SRC-0571,Granat-1,Russia,Kalashnikov,Military / Government,Small / tactical; Fixed-wing,In use or under development as documented in 2019,,,,Not collected,Bard Drone Databook 2019,https://dronecenter.bard.edu/files/2019/10/CSD-Drone-Databook-Web.pdf,2019-09-01,Published research baseline; status may be outdated,,,Kalashnikov,Group I,Fixed-wing,2.5,,1.3,,120,0.4,,,Databook systems specification page 309.
SRC-0572,Granat-4,Russia,Kalashnikov,Military / Government,Small / tactical; Fixed-wing,In use or under development as documented in 2019,,,,Not collected,Bard Drone Databook 2019,https://dronecenter.bard.edu/files/2019/10/CSD-Drone-Databook-Web.pdf,2019-09-01,Published research baseline; status may be outdated,,,Kalashnikov,Group I,Fixed-wing,30,,,70,145,3,3.2,2.4,Databook systems specification page 309.
SRC-0573,Orion,Russia,Kronshtadt Group,Military / Government,Large / strategic; Fixed-wing,In use or under development as documented in 2019,,,,Not collected,Bard Drone Databook 2019,https://dronecenter.bard.edu/files/2019/10/CSD-Drone-Databook-Web.pdf,2019-09-01,Published research baseline; status may be outdated,,,Kronshtadt Group,Group III,Fixed-wing,1000,,24,300,,60-200,16,8,Databook systems specification page 310.
SRC-0574,Orlan-10,Russia,Special Technol- ogy Center,Military / Government,Small / tactical; Fixed-wing,In use or under development as documented in 2019,,,,Not collected,Bard Drone Databook 2019,https://dronecenter.bard.edu/files/2019/10/CSD-Drone-Databook-Web.pdf,2019-09-01,Published research baseline; status may be outdated,,,Special Technol- ogy Center,Group I,Fixed-wing,16.5,,18,120-600,150,,3.1,2,Databook systems specification page 310.
SRC-0575,Ptero-5E,Russia,AFM Servers,Military / Government,Small / tactical; Fixed-wing,In use or under development as documented in 2019,,,,Not collected,Bard Drone Databook 2019,https://dronecenter.bard.edu/files/2019/10/CSD-Drone-Databook-Web.pdf,2019-09-01,Published research baseline; status may be outdated,,,AFM Servers,Group I,Fixed-wing,30,,8,15-75,,5,,,Databook systems specification page 310.
SRC-0576,Takhion,Russia,Izhmash-UAV,Military / Government,Small / tactical; Fixed-wing,In use or under development as documented in 2019,,,,Not collected,Bard Drone Databook 2019,https://dronecenter.bard.edu/files/2019/10/CSD-Drone-Databook-Web.pdf,2019-09-01,Published research baseline; status may be outdated,,,Izhmash-UAV,Group I,Fixed-wing,25,,6,40,,,,,Databook systems specification page 310.
SRC-0577,Skyblade III,Singapore,Singapore Tech- nologies,Military / Government,Small / tactical; Fixed-wing,In use or under development as documented in 2019,,,,Not collected,Bard Drone Databook 2019,https://dronecenter.bard.edu/files/2019/10/CSD-Drone-Databook-Web.pdf,2019-09-01,Published research baseline; status may be outdated,,,Singapore Tech- nologies,Group I,Fixed-wing,5,,1,8,,,2.6,1.4,Databook systems specification page 310.
SRC-0578,Saqr-1,Saudi Arabia,KACST,Military / Government,Large / strategic; Fixed-wing,In use or under development as documented in 2019,,,,Not collected,Bard Drone Databook 2019,https://dronecenter.bard.edu/files/2019/10/CSD-Drone-Databook-Web.pdf,2019-09-01,Published research baseline; status may be outdated,,,KACST,Group III,Fixed-wing,1400,,24,2500,,250,18,9.2,Databook systems specification page 310.
SRC-0579,Bramor,Slovenia,C-Astral,Military / Government,Small / tactical; Fixed-wing,In use or under development as documented in 2019,,,,Not collected,Bard Drone Databook 2019,https://dronecenter.bard.edu/files/2019/10/CSD-Drone-Databook-Web.pdf,2019-09-01,Published research baseline; status may be outdated,,,C-Astral,Group I,Fixed-wing,4.5,,3,30,108,,2.3,1,Databook systems specification page 310.
SRC-0580,Indiza,South Africa,CSIR,Military / Government,Small / tactical; Fixed-wing,In use or under development as documented in 2019,,,,Not collected,Bard Drone Databook 2019,https://dronecenter.bard.edu/files/2019/10/CSD-Drone-Databook-Web.pdf,2019-09-01,Published research baseline; status may be outdated,,,CSIR,Group I,Fixed-wing,,,1,10,,0.5,2,,Databook systems specification page 310.
SRC-0581,Seeker 200,South Africa,Denel Dynamics,Military / Government,Medium tactical; Fixed-wing,In use or under development as documented in 2019,,,,Not collected,Bard Drone Databook 2019,https://dronecenter.bard.edu/files/2019/10/CSD-Drone-Databook-Web.pdf,2019-09-01,Published research baseline; status may be outdated,,,Denel Dynamics,Group II,Fixed-wing,,,10,250,,40,,,Databook systems specification page 310.
SRC-0582,Seeker 400,South Africa,Denel Dynamics,Military / Government,Medium tactical; Fixed-wing,In use or under development as documented in 2019,,,,Not collected,Bard Drone Databook 2019,https://dronecenter.bard.edu/files/2019/10/CSD-Drone-Databook-Web.pdf,2019-09-01,Published research baseline; status may be outdated,,,Denel Dynamics,Group II,Fixed-wing,450,,16,250,222,100,10,5.8,Databook systems specification page 310.
SRC-0583,RemoEye-002B,South Korea,UconSystem,Military / Government,Small / tactical; Fixed-wing,In use or under development as documented in 2019,,,,Not collected,Bard Drone Databook 2019,https://dronecenter.bard.edu/files/2019/10/CSD-Drone-Databook-Web.pdf,2019-09-01,Published research baseline; status may be outdated,,,UconSystem,Group I,Fixed-wing,3.4,,1,10,80,,1.8,1.44,Databook systems specification page 310.
SRC-0584,Remoeye-006,South Korea,Ucon System,Military / Government,Small / tactical; Fixed-wing,In use or under development as documented in 2019,,,,Not collected,Bard Drone Databook 2019,https://dronecenter.bard.edu/files/2019/10/CSD-Drone-Databook-Web.pdf,2019-09-01,Published research baseline; status may be outdated,,,Ucon System,Group I,Fixed-wing,,,2,15,75,,2.72,1.72,Databook systems specification page 310.
SRC-0585,RQ-101 Falcon,South Korea,KAI,Military / Government,Medium tactical; Fixed-wing,In use or under development as documented in 2019,,,,Not collected,Bard Drone Databook 2019,https://dronecenter.bard.edu/files/2019/10/CSD-Drone-Databook-Web.pdf,2019-09-01,Published research baseline; status may be outdated,,,KAI,Group II,Fixed-wing,,,6,80,185,,6.4,4.7,Databook systems specification page 310.
SRC-0586,RQ-102,South Korea,KAI,Military / Government,Medium tactical; Fixed-wing,In use or under development as documented in 2019,,,,Not collected,Bard Drone Databook 2019,https://dronecenter.bard.edu/files/2019/10/CSD-Drone-Databook-Web.pdf,2019-09-01,Published research baseline; status may be outdated,,,KAI,Group II,Fixed-wing,,,,,,,,,Databook systems specification page 310.
SRC-0587,XeFI,South Korea,NESTEC,Military / Government,Small / tactical; Rotary-wing,In use or under development as documented in 2019,,,,Not collected,Bard Drone Databook 2019,https://dronecenter.bard.edu/files/2019/10/CSD-Drone-Databook-Web.pdf,2019-09-01,Published research baseline; status may be outdated,,,NESTEC,Group I,Rotary-wing,3,,0.5,3,36,0.5,,,Databook systems specification page 310.
SRC-0588,Alpha 800,Spain,Alpha Un- manned Systems,Military / Government,Small / tactical; Rotary-wing,In use or under development as documented in 2019,,,,Not collected,Bard Drone Databook 2019,https://dronecenter.bard.edu/files/2019/10/CSD-Drone-Databook-Web.pdf,2019-09-01,Published research baseline; status may be outdated,,,Alpha Un- manned Systems,Group I,Rotary-wing,,,2.5,30,,,1.8,1.7,Databook systems specification page 310.
SRC-0589,Atlantic,Spain,SCR,Military / Government,Small / tactical; Fixed-wing,In use or under development as documented in 2019,,,,Not collected,Bard Drone Databook 2019,https://dronecenter.bard.edu/files/2019/10/CSD-Drone-Databook-Web.pdf,2019-09-01,Published research baseline; status may be outdated,,,SCR,Group I,Fixed-wing,,,5,100,,,,,Databook systems specification page 310.
SRC-0590,Condor,Spain,Drone Tools,Military / Government,Small / tactical; Fixed-wing,In use or under development as documented in 2019,,,,Not collected,Bard Drone Databook 2019,https://dronecenter.bard.edu/files/2019/10/CSD-Drone-Databook-Web.pdf,2019-09-01,Published research baseline; status may be outdated,,,Drone Tools,Group I,Fixed-wing,,,,,,,,,Databook systems specification page 310.
SRC-0591,Fulmar X,Spain,Thales España,Military / Government,Small / tactical; Fixed-wing,In use or under development as documented in 2019,,,,Not collected,Bard Drone Databook 2019,https://dronecenter.bard.edu/files/2019/10/CSD-Drone-Databook-Web.pdf,2019-09-01,Published research baseline; status may be outdated,,,Thales España,Group I,Fixed-wing,20,,8,80,,4,3,1.2,Databook systems specification page 311.
SRC-0592,Sistema integra- do de vigilancia aérea (SIVA),Spain,National Insti- tute of Aero- space Technol- ogy,Military / Government,Small / tactical; Fixed-wing,In use or under development as documented in 2019,,,,Not collected,Bard Drone Databook 2019,https://dronecenter.bard.edu/files/2019/10/CSD-Drone-Databook-Web.pdf,2019-09-01,Published research baseline; status may be outdated,,,National Insti- tute of Aero- space Technol- ogy,Group I,Fixed-wing,300,,,,190,,5.8,4,Databook systems specification page 311.
SRC-0593,Atlante Tucan,Spain,Airbus SCR,Military / Government,Small / tactical; Fixed-wing,In use or under development as documented in 2019,,,,Not collected,Bard Drone Databook 2019,https://dronecenter.bard.edu/files/2019/10/CSD-Drone-Databook-Web.pdf,2019-09-01,Published research baseline; status may be outdated,,,Airbus SCR,Group I,Fixed-wing,5,,0.8,,,,2.73,,Databook systems specification page 311.
SRC-0594,F-330,Sweden,UMS Skeldar,Military / Government,Small / tactical; Fixed-wing,In use or under development as documented in 2019,,,,Not collected,Bard Drone Databook 2019,https://dronecenter.bard.edu/files/2019/10/CSD-Drone-Databook-Web.pdf,2019-09-01,Published research baseline; status may be outdated,,,UMS Skeldar,Group I,Fixed-wing,23.7,,8,,120,10,3.3,2.27,Databook systems specification page 311.
SRC-0595,V-200,Sweden,UMS Skeldar,Military / Government,Medium tactical; Rotary-wing,In use or under development as documented in 2019,,,,Not collected,Bard Drone Databook 2019,https://dronecenter.bard.edu/files/2019/10/CSD-Drone-Databook-Web.pdf,2019-09-01,Published research baseline; status may be outdated,,,UMS Skeldar,Group II,Rotary-wing,235,,5,100-200,150,,4.6,4,Databook systems specification page 311.
SRC-0596,Teng Yun,Taiwan,National Chung- Shan Institute of Science and Technology,Military / Government,Large / strategic; Fixed-wing,In use or under development as documented in 2019,,,,Not collected,Bard Drone Databook 2019,https://dronecenter.bard.edu/files/2019/10/CSD-Drone-Databook-Web.pdf,2019-09-01,Published research baseline; status may be outdated,,,National Chung- Shan Institute of Science and Technology,Group III,Fixed-wing,,,24,,,,18,8,Databook systems specification page 311.
SRC-0597,Cardinal II,Taiwan,NCSIST,Military / Government,Small / tactical; Fixed-wing,In use or under development as documented in 2019,,,,Not collected,Bard Drone Databook 2019,https://dronecenter.bard.edu/files/2019/10/CSD-Drone-Databook-Web.pdf,2019-09-01,Published research baseline; status may be outdated,,,NCSIST,Group I,Fixed-wing,5.5,,1,,55,,1.9,1.3,Databook systems specification page 311.
SRC-0598,Chung Shyang II,Taiwan,CSIST,Military / Government,Medium tactical; Fixed-wing,In use or under development as documented in 2019,,,,Not collected,Bard Drone Databook 2019,https://dronecenter.bard.edu/files/2019/10/CSD-Drone-Databook-Web.pdf,2019-09-01,Published research baseline; status may be outdated,,,CSIST,Group II,Fixed-wing,450,,,,180,,8.7,5.3,Databook systems specification page 311.
SRC-0599,Tiger Shark II,Thailand,DTI,Military / Government,Small / tactical; Fixed-wing,In use or under development as documented in 2019,,,,Not collected,Bard Drone Databook 2019,https://dronecenter.bard.edu/files/2019/10/CSD-Drone-Databook-Web.pdf,2019-09-01,Published research baseline; status may be outdated,,,DTI,Group I,Fixed-wing,,,12,,185.2,,6,4.2,Databook systems specification page 311.
SRC-0600,U-1 Sky Scout,Thailand,RV Connex,Military / Government,Small / tactical; Fixed-wing,In use or under development as documented in 2019,,,,Not collected,Bard Drone Databook 2019,https://dronecenter.bard.edu/files/2019/10/CSD-Drone-Databook-Web.pdf,2019-09-01,Published research baseline; status may be outdated,,,RV Connex,Group I,Fixed-wing,,,,,,,,,Databook systems specification page 311.
SRC-0601,Narai 3.0,Thailand,Naval Research and Develop- ment Office (NRDO),Military / Government,Small / tactical; Rotary-wing,In use or under development as documented in 2019,,,,Not collected,Bard Drone Databook 2019,https://dronecenter.bard.edu/files/2019/10/CSD-Drone-Databook-Web.pdf,2019-09-01,Published research baseline; status may be outdated,,,Naval Research and Develop- ment Office (NRDO),Group I,Rotary-wing,,,,,,,,,Databook systems specification page 311.
SRC-0602,Anka,Türkiye,TAI,Military / Government,Large / strategic; Fixed-wing,In use or under development as documented in 2019,,,,Not collected,Bard Drone Databook 2019,https://dronecenter.bard.edu/files/2019/10/CSD-Drone-Databook-Web.pdf,2019-09-01,Published research baseline; status may be outdated,,,TAI,Group III,Fixed-wing,1600,,24,,217,200,17,8,Databook systems specification page 311.
SRC-0603,Bayraktar Mini,Türkiye,Kale-Baykar,Military / Government,Small / tactical; Fixed-wing,In use or under development as documented in 2019,,,,Not collected,Bard Drone Databook 2019,https://dronecenter.bard.edu/files/2019/10/CSD-Drone-Databook-Web.pdf,2019-09-01,Published research baseline; status may be outdated,,,Kale-Baykar,Group I,Fixed-wing,,,1.2,55,60,,2,1.2,Databook systems specification page 311.
SRC-0604,Bayraktar-TB2,Türkiye,Baykar Makina,Military / Government,Large / strategic; Fixed-wing,In use or under development as documented in 2019,,,,Not collected,Bard Drone Databook 2019,https://dronecenter.bard.edu/files/2019/10/CSD-Drone-Databook-Web.pdf,2019-09-01,Published research baseline; status may be outdated,,,Baykar Makina,Group III,Fixed-wing,630,,20,150,130,55,12,6.5,Databook systems specification page 311.
SRC-0605,Karayel,Türkiye,Vestel Defence,Military / Government,Medium tactical; Fixed-wing,In use or under development as documented in 2019,,,,Not collected,Bard Drone Databook 2019,https://dronecenter.bard.edu/files/2019/10/CSD-Drone-Databook-Web.pdf,2019-09-01,Published research baseline; status may be outdated,,,Vestel Defence,Group II,Fixed-wing,550,,20,200,,190,10.5,6.5,Databook systems specification page 311.
SRC-0606,Kargu,Türkiye,STM,Military / Government,Small / tactical; Rotary-wing,In use or under development as documented in 2019,,,,Not collected,Bard Drone Databook 2019,https://dronecenter.bard.edu/files/2019/10/CSD-Drone-Databook-Web.pdf,2019-09-01,Published research baseline; status may be outdated,,,STM,Group I,Rotary-wing,,,,,,,,,Databook systems specification page 311.
SRC-0607,Serçe-1,Türkiye,Aselsan,Military / Government,Small / tactical; Rotary-wing,In use or under development as documented in 2019,,,,Not collected,Bard Drone Databook 2019,https://dronecenter.bard.edu/files/2019/10/CSD-Drone-Databook-Web.pdf,2019-09-01,Published research baseline; status may be outdated,,,Aselsan,Group I,Rotary-wing,6.5,,0.5,3,,1,,,Databook systems specification page 311.
SRC-0608,A1-S/M Fury,Ukraine,Athlone Air,Military / Government,Small / tactical; Fixed-wing,In use or under development as documented in 2019,,,,Not collected,Bard Drone Databook 2019,https://dronecenter.bard.edu/files/2019/10/CSD-Drone-Databook-Web.pdf,2019-09-01,Published research baseline; status may be outdated,,,Athlone Air,Group I,Fixed-wing,2.5,,,50,130,,1.6,1.06,Databook systems specification page 312.
SRC-0609,ASU-1 Valkyrie,Ukraine,Aviation Sys- tems of Ukraine,Military / Government,Small / tactical; Fixed-wing,In use or under development as documented in 2019,,,,Not collected,Bard Drone Databook 2019,https://dronecenter.bard.edu/files/2019/10/CSD-Drone-Databook-Web.pdf,2019-09-01,Published research baseline; status may be outdated,,,Aviation Sys- tems of Ukraine,Group I,Fixed-wing,3.5,,2,35,60,,1.6,,Databook systems specification page 312.
SRC-0610,Horlytsya,Ukraine,Antonov,Military / Government,Medium tactical; Fixed-wing,In use or under development as documented in 2019,,,,Not collected,Bard Drone Databook 2019,https://dronecenter.bard.edu/files/2019/10/CSD-Drone-Databook-Web.pdf,2019-09-01,Published research baseline; status may be outdated,,,Antonov,Group II,Fixed-wing,200,,7,1050,180,50,6.7,,Databook systems specification page 312.
SRC-0611,Leleka-100,Ukraine,DeViro,Military / Government,Small / tactical; Fixed-wing,In use or under development as documented in 2019,,,,Not collected,Bard Drone Databook 2019,https://dronecenter.bard.edu/files/2019/10/CSD-Drone-Databook-Web.pdf,2019-09-01,Published research baseline; status may be outdated,,,DeViro,Group I,Fixed-wing,5.5,,2.25,50,120,,1.98,1.1,Databook systems specification page 312.
SRC-0612,Observer-S,Ukraine,Def C,Military / Government,Small / tactical; Fixed-wing,In use or under development as documented in 2019,,,,Not collected,Bard Drone Databook 2019,https://dronecenter.bard.edu/files/2019/10/CSD-Drone-Databook-Web.pdf,2019-09-01,Published research baseline; status may be outdated,,,Def C,Group I,Fixed-wing,6.5,,1.5-5,75-100,,1.5,3.4,1.65,Databook systems specification page 312.
SRC-0613,Raybird-3,Ukraine,AVK Skateon,Military / Government,Small / tactical; Fixed-wing,In use or under development as documented in 2019,,,,Not collected,Bard Drone Databook 2019,https://dronecenter.bard.edu/files/2019/10/CSD-Drone-Databook-Web.pdf,2019-09-01,Published research baseline; status may be outdated,,,AVK Skateon,Group I,Fixed-wing,21,,15,240,160,5,2.98,1.83,Databook systems specification page 312.
SRC-0614,Sparrow,Ukraine,Spaitech,Military / Government,Small / tactical; Fixed-wing,In use or under development as documented in 2019,,,,Not collected,Bard Drone Databook 2019,https://dronecenter.bard.edu/files/2019/10/CSD-Drone-Databook-Web.pdf,2019-09-01,Published research baseline; status may be outdated,,,Spaitech,Group I,Fixed-wing,3,,1.25,20,110,,0.98,,Databook systems specification page 312.
SRC-0615,Spectator-M,Ukraine,Politeco Aero,Military / Government,Small / tactical; Fixed-wing,In use or under development as documented in 2019,,,,Not collected,Bard Drone Databook 2019,https://dronecenter.bard.edu/files/2019/10/CSD-Drone-Databook-Web.pdf,2019-09-01,Published research baseline; status may be outdated,,,Politeco Aero,Group I,Fixed-wing,5.5,,2,50,120,2,3,1.29,Databook systems specification page 312.
SRC-0616,ANT,Uruguay,CIACA,Military / Government,Small / tactical; Fixed-wing,In use or under development as documented in 2019,,,,Not collected,Bard Drone Databook 2019,https://dronecenter.bard.edu/files/2019/10/CSD-Drone-Databook-Web.pdf,2019-09-01,Published research baseline; status may be outdated,,,CIACA,Group I,Fixed-wing,,,,,,,,,Databook systems specification page 312.
SRC-0617,Yabhon Flash-20*,United Arab Emirates,ADCOM Sys- tems,Military / Government,Large / strategic; Fixed-wing,In use or under development as documented in 2019,,,,Not collected,Bard Drone Databook 2019,https://dronecenter.bard.edu/files/2019/10/CSD-Drone-Databook-Web.pdf,2019-09-01,Published research baseline; status may be outdated,,,ADCOM Sys- tems,Group III,Fixed-wing,,,,,,,,,Databook systems specification page 312.
SRC-0618,Yabhon Unit- ed-40*,United Arab Emirates,ADCOM Sys- tems,Military / Government,Large / strategic; Fixed-wing,In use or under development as documented in 2019,,,,Not collected,Bard Drone Databook 2019,https://dronecenter.bard.edu/files/2019/10/CSD-Drone-Databook-Web.pdf,2019-09-01,Published research baseline; status may be outdated,,,ADCOM Sys- tems,Group III,Fixed-wing,1500,,,,,,,11.3,Databook systems specification page 312.
SRC-0619,Black Hornet (PRS),United States,FLIR,Military / Government,Small / tactical; Rotary-wing,In use or under development as documented in 2019,,,,Not collected,Bard Drone Databook 2019,https://dronecenter.bard.edu/files/2019/10/CSD-Drone-Databook-Web.pdf,2019-09-01,Published research baseline; status may be outdated,,,FLIR,Group I,Rotary-wing,0.033,,0.4,2,18,,0.12,0.168,Databook systems specification page 312.
SRC-0620,Desert Hawk (3),United States,Lockheed Martin,Military / Government,Small / tactical; Fixed-wing,In use or under development as documented in 2019,,,,Not collected,Bard Drone Databook 2019,https://dronecenter.bard.edu/files/2019/10/CSD-Drone-Databook-Web.pdf,2019-09-01,Published research baseline; status may be outdated,,,Lockheed Martin,Group I,Fixed-wing,3.7,,1.5,,92,0.9,1.5,,Databook systems specification page 312.
SRC-0621,InstantEye (Gen3),United States,Physical Sci- ences,Military / Government,Small / tactical; Rotary-wing,In use or under development as documented in 2019,,,,Not collected,Bard Drone Databook 2019,https://dronecenter.bard.edu/files/2019/10/CSD-Drone-Databook-Web.pdf,2019-09-01,Published research baseline; status may be outdated,,,Physical Sci- ences,Group I,Rotary-wing,0.5,,0.5,2,,0.3,,,Databook systems specification page 312.
SRC-0622,Karma,United States,GoPro,Military / Government,Small / tactical; Rotary-wing,In use or under development as documented in 2019,,,,Not collected,Bard Drone Databook 2019,https://dronecenter.bard.edu/files/2019/10/CSD-Drone-Databook-Web.pdf,2019-09-01,Published research baseline; status may be outdated,,,GoPro,Group I,Rotary-wing,,,,,,,,,Databook systems specification page 312.
SRC-0623,K-MAX,United States,Kaman,Military / Government,Large / strategic; Rotary-wing,In use or under development as documented in 2019,,,,Not collected,Bard Drone Databook 2019,https://dronecenter.bard.edu/files/2019/10/CSD-Drone-Databook-Web.pdf,2019-09-01,Published research baseline; status may be outdated,,,Kaman,Group III,Rotary-wing,5443,,12,1852,185,,14.7,15.8,Databook systems specification page 312.
SRC-0624,MQ-1 Predator,United States,GA-ASI,Military / Government,Large / strategic; Fixed-wing,In use or under development as documented in 2019,,,,Not collected,Bard Drone Databook 2019,https://dronecenter.bard.edu/files/2019/10/CSD-Drone-Databook-Web.pdf,2019-09-01,Published research baseline; status may be outdated,,,GA-ASI,Group III,Fixed-wing,1020,,,1250,215,204,16.8,8.22,Databook systems specification page 312.
SRC-0625,MQ-19 Aero- sonde,United States,AAI,Military / Government,Small / tactical; Fixed-wing,In use or under development as documented in 2019,,,,Not collected,Bard Drone Databook 2019,https://dronecenter.bard.edu/files/2019/10/CSD-Drone-Databook-Web.pdf,2019-09-01,Published research baseline; status may be outdated,,,AAI,Group I,Fixed-wing,36.4,,14,140,,,11,,Databook systems specification page 312.
SRC-0626,MQ-1C Gray Eagle,United States,GA-ASI,Military / Government,Large / strategic; Fixed-wing,In use or under development as documented in 2019,,,,Not collected,Bard Drone Databook 2019,https://dronecenter.bard.edu/files/2019/10/CSD-Drone-Databook-Web.pdf,2019-09-01,Published research baseline; status may be outdated,,,GA-ASI,Group III,Fixed-wing,1633,,25,,305,261,17,9,Databook systems specification page 313.
SRC-0627,MQ-25 Stingray,United States,Boeing,Military / Government,Large / strategic; Fixed-wing,In use or under development as documented in 2019,,,,Not collected,Bard Drone Databook 2019,https://dronecenter.bard.edu/files/2019/10/CSD-Drone-Databook-Web.pdf,2019-09-01,Published research baseline; status may be outdated,,,Boeing,Group III,Fixed-wing,,,,,,,,,Databook systems specification page 313.
SRC-0628,MQ-4C Triton,United States,Northrop Grum- man,Military / Government,Large / strategic; Fixed-wing,In use or under development as documented in 2019,,,,Not collected,Bard Drone Databook 2019,https://dronecenter.bard.edu/files/2019/10/CSD-Drone-Databook-Web.pdf,2019-09-01,Published research baseline; status may be outdated,,,Northrop Grum- man,Group III,Fixed-wing,14628,,24,15184,613,1452,40,14.5,Databook systems specification page 313.
SRC-0629,MQ-8 Fire Scout ( C ),United States,Northrop Grum- man,Military / Government,Large / strategic; Rotary-wing,In use or under development as documented in 2019,,,,Not collected,Bard Drone Databook 2019,https://dronecenter.bard.edu/files/2019/10/CSD-Drone-Databook-Web.pdf,2019-09-01,Published research baseline; status may be outdated,,,Northrop Grum- man,Group III,Rotary-wing,2721,,12,2272,250,227,10.7,12.6,Databook systems specification page 313.
SRC-0630,MQ-9 Reaper,United States,GA-ASI,Military / Government,Large / strategic; Fixed-wing,In use or under development as documented in 2019,,,,Not collected,Bard Drone Databook 2019,https://dronecenter.bard.edu/files/2019/10/CSD-Drone-Databook-Web.pdf,2019-09-01,Published research baseline; status may be outdated,,,GA-ASI,Group III,Fixed-wing,4763,,27,1851,445,386,20,11,Databook systems specification page 313.
SRC-0631,Phoenix 30,United States,UAV Solutions,Military / Government,Small / tactical; Rotary-wing,In use or under development as documented in 2019,,,,Not collected,Bard Drone Databook 2019,https://dronecenter.bard.edu/files/2019/10/CSD-Drone-Databook-Web.pdf,2019-09-01,Published research baseline; status may be outdated,,,UAV Solutions,Group I,Rotary-wing,4.5,,0.5,,,0.9,0.5,0.5,Databook systems specification page 313.
SRC-0632,RQ-11,United States,AeroVironment,Military / Government,Small / tactical; Fixed-wing,In use or under development as documented in 2019,,,,Not collected,Bard Drone Databook 2019,https://dronecenter.bard.edu/files/2019/10/CSD-Drone-Databook-Web.pdf,2019-09-01,Published research baseline; status may be outdated,,,AeroVironment,Group I,Fixed-wing,1.9,,1.5,10,81,,1.4,1,Databook systems specification page 313.
SRC-0633,RQ-12 Wasp,United States,AeroVironment,Military / Government,Small / tactical; Fixed-wing,In use or under development as documented in 2019,,,,Not collected,Bard Drone Databook 2019,https://dronecenter.bard.edu/files/2019/10/CSD-Drone-Databook-Web.pdf,2019-09-01,Published research baseline; status may be outdated,,,AeroVironment,Group I,Fixed-wing,1.3,,0.8,5,83,,1,0.8,Databook systems specification page 313.
SRC-0634,RQ-170 Sentinel,United States,Lockheed Martin,Military / Government,Large / strategic; Fixed-wing,In use or under development as documented in 2019,,,,Not collected,Bard Drone Databook 2019,https://dronecenter.bard.edu/files/2019/10/CSD-Drone-Databook-Web.pdf,2019-09-01,Published research baseline; status may be outdated,,,Lockheed Martin,Group III,Fixed-wing,,,,,,,,,Databook systems specification page 313.
SRC-0635,RQ-180,United States,Northrop Grum- man,Military / Government,Large / strategic; Fixed-wing,In use or under development as documented in 2019,,,,Not collected,Bard Drone Databook 2019,https://dronecenter.bard.edu/files/2019/10/CSD-Drone-Databook-Web.pdf,2019-09-01,Published research baseline; status may be outdated,,,Northrop Grum- man,Group III,Fixed-wing,,,,,,,,,Databook systems specification page 313.
SRC-0636,RQ-20 Puma (AE),United States,AeroVironment,Military / Government,Small / tactical; Fixed-wing,In use or under development as documented in 2019,,,,Not collected,Bard Drone Databook 2019,https://dronecenter.bard.edu/files/2019/10/CSD-Drone-Databook-Web.pdf,2019-09-01,Published research baseline; status may be outdated,,,AeroVironment,Group I,Fixed-wing,6.3,,3,20,83,,2.8,1.4,Databook systems specification page 313.
SRC-0637,RQ-21 Black- jack,United States,Insitu,Military / Government,Small / tactical; Fixed-wing,In use or under development as documented in 2019,,,,Not collected,Bard Drone Databook 2019,https://dronecenter.bard.edu/files/2019/10/CSD-Drone-Databook-Web.pdf,2019-09-01,Published research baseline; status may be outdated,,,Insitu,Group I,Fixed-wing,61,,16,,167,17.7,4.9,2.5,Databook systems specification page 313.
SRC-0638,RQ-23 Tiger- shark,United States,Navmar Applied Sciences Corpo- ration,Military / Government,Medium tactical; Fixed-wing,In use or under development as documented in 2019,,,,Not collected,Bard Drone Databook 2019,https://dronecenter.bard.edu/files/2019/10/CSD-Drone-Databook-Web.pdf,2019-09-01,Published research baseline; status may be outdated,,,Navmar Applied Sciences Corpo- ration,Group II,Fixed-wing,226,,12,,148,45,6.7,4.5,Databook systems specification page 313.
SRC-0639,RQ-4 Global Hawk,United States,Northrop Grum- man,Military / Government,Large / strategic; Fixed-wing,In use or under development as documented in 2019,,,,Not collected,Bard Drone Databook 2019,https://dronecenter.bard.edu/files/2019/10/CSD-Drone-Databook-Web.pdf,2019-09-01,Published research baseline; status may be outdated,,,Northrop Grum- man,Group III,Fixed-wing,14628,,36,22780,,1360,39.9,14.5,Databook systems specification page 313.
SRC-0640,RQ-7 Shadow,United States,AAI,Military / Government,Medium tactical; Fixed-wing,In use or under development as documented in 2019,,,,Not collected,Bard Drone Databook 2019,https://dronecenter.bard.edu/files/2019/10/CSD-Drone-Databook-Web.pdf,2019-09-01,Published research baseline; status may be outdated,,,AAI,Group II,Fixed-wing,212,,9,125,200,43,6,3.6,Databook systems specification page 313.
SRC-0641,ScanEagle,United States,Insitu,Military / Government,Small / tactical; Fixed-wing,In use or under development as documented in 2019,,,,Not collected,Bard Drone Databook 2019,https://dronecenter.bard.edu/files/2019/10/CSD-Drone-Databook-Web.pdf,2019-09-01,Published research baseline; status may be outdated,,,Insitu,Group I,Fixed-wing,26.5,,18,,150,5,3.11,1.71,Databook systems specification page 313.
SRC-0642,Silver Fox,United States,"BAE,Raytheon",Military / Government,Small / tactical; Fixed-wing,In use or under development as documented in 2019,,,,Not collected,Bard Drone Databook 2019,https://dronecenter.bard.edu/files/2019/10/CSD-Drone-Databook-Web.pdf,2019-09-01,Published research baseline; status may be outdated,,,"BAE,Raytheon",Group I,Fixed-wing,13,,10,37,93,,2.4,,Databook systems specification page 313.
SRC-0643,Stalker,United States,Lockheed Martin,Military / Government,Small / tactical; Fixed-wing,In use or under development as documented in 2019,,,,Not collected,Bard Drone Databook 2019,https://dronecenter.bard.edu/files/2019/10/CSD-Drone-Databook-Web.pdf,2019-09-01,Published research baseline; status may be outdated,,,Lockheed Martin,Group I,Fixed-wing,10,,8,,72,2.5,3.7,,Databook systems specification page 313.
SRC-0644,Switchblade,United States,AeroVironment,Military / Government,Small / tactical; Fixed-wing,In use or under development as documented in 2019,,,,Not collected,Bard Drone Databook 2019,https://dronecenter.bard.edu/files/2019/10/CSD-Drone-Databook-Web.pdf,2019-09-01,Published research baseline; status may be outdated,,,AeroVironment,Group I,Fixed-wing,2.5,,0.2,10,157,,,,Databook systems specification page 313.
SRC-0645,T-20 JUMP,United States,Arcturus,Military / Government,Small / tactical; Fixed-wing,In use or under development as documented in 2019,,,,Not collected,Bard Drone Databook 2019,https://dronecenter.bard.edu/files/2019/10/CSD-Drone-Databook-Web.pdf,2019-09-01,Published research baseline; status may be outdated,,,Arcturus,Group I,Fixed-wing,83,,20,,139,34,5.3,2.7,Databook systems specification page 313.
SRC-0646,T-Hawk,United States,Honeywell,Military / Government,Small / tactical; Rotary-wing,In use or under development as documented in 2019,,,,Not collected,Bard Drone Databook 2019,https://dronecenter.bard.edu/files/2019/10/CSD-Drone-Databook-Web.pdf,2019-09-01,Published research baseline; status may be outdated,,,Honeywell,Group I,Rotary-wing,,,0.8,10,,,,,Databook systems specification page 313.
SRC-0647,Shikra,Vietnam,Viettel,Military / Government,Small / tactical; Fixed-wing,In use or under development as documented in 2019,,,,Not collected,Bard Drone Databook 2019,https://dronecenter.bard.edu/files/2019/10/CSD-Drone-Databook-Web.pdf,2019-09-01,Published research baseline; status may be outdated,,,Viettel,Group I,Fixed-wing,,,,,,,,,Databook systems specification page 314.
